symbol,datetime,NaOb_r,NbOa_r,NaOb_s,NbOa_s,bid1,ask1,odd_bid1,odd_ask1,bidQty1,askQty1,odd_bidQty1,odd_askQty1,simulate,triggerbyOdd
006208,2022-10-26 09:39:24.043264,-0.0008944543828264262,-0.0017889087656529634,-0.04999999999999716,-0.10000000000000142,55.8,55.9,55.85,55.9,237.0,30.0,317.0,566.0,True,True
006208,2022-10-26 09:39:24.148436,-0.0008944543828264262,-0.0017889087656529634,-0.04999999999999716,-0.10000000000000142,55.8,55.9,55.85,55.9,237.0,10.0,317.0,566.0,False,False
006208,2022-10-26 09:39:24.289372,-0.0008944543828264262,-0.0017889087656529634,-0.04999999999999716,-0.10000000000000142,55.8,55.9,55.85,55.9,237.0,10.0,317.0,566.0,False,False
006208,2022-10-26 09:39:27.419233,-0.0008944543828264262,-0.0017889087656529634,-0.04999999999999716,-0.10000000000000142,55.8,55.9,55.85,55.9,237.0,10.0,317.0,566.0,False,False
006208,2022-10-26 09:39:28.883171,-0.0008944543828264262,-0.0017889087656529634,-0.04999999999999716,-0.10000000000000142,55.8,55.9,55.85,55.9,237.0,9.0,317.0,566.0,False,False
006208,2022-10-26 09:39:29.372605,-0.0008944543828264262,-0.0017889087656529634,-0.04999999999999716,-0.10000000000000142,55.8,55.9,55.85,55.9,237.0,9.0,317.0,566.0,False,False
006208,2022-10-26 09:39:29.506976,-0.0008944543828264262,-0.0017889087656529634,-0.04999999999999716,-0.10000000000000142,55.8,55.9,55.85,55.9,237.0,29.0,317.0,566.0,False,False
006208,2022-10-26 09:39:29.549505,-0.0008944543828264262,-0.0017889087656529634,-0.04999999999999716,-0.10000000000000142,55.8,55.9,55.85,55.9,237.0,29.0,317.0,566.0,False,False
006208,2022-10-26 09:39:29.674765,-0.0008944543828264262,-0.0017889087656529634,-0.04999999999999716,-0.10000000000000142,55.8,55.9,55.85,55.9,237.0,29.0,317.0,566.0,False,False
006208,2022-10-26 09:39:29.683387,-0.0008944543828264262,-0.0017889087656529634,-0.04999999999999716,-0.10000000000000142,55.8,55.9,55.85,55.9,237.0,29.0,317.0,566.0,False,False
006208,2022-10-26 09:39:30.149819,-0.0008944543828264262,-0.0017889087656529634,-0.04999999999999716,-0.10000000000000142,55.8,55.9,55.85,55.9,237.0,29.0,317.0,566.0,False,False
006208,2022-10-26 09:39:30.158451,-0.0008944543828264262,-0.0017889087656529634,-0.04999999999999716,-0.10000000000000142,55.8,55.9,55.85,55.9,237.0,29.0,317.0,566.0,False,False
006208,2022-10-26 09:39:31.588631,-0.0008944543828264262,-0.0017889087656529634,-0.04999999999999716,-0.10000000000000142,55.8,55.9,55.85,55.9,238.0,29.0,317.0,566.0,False,False
006208,2022-10-26 09:39:32.153858,-0.0008944543828264262,-0.0017889087656529634,-0.04999999999999716,-0.10000000000000142,55.8,55.9,55.85,55.9,238.0,29.0,317.0,566.0,False,False
006208,2022-10-26 09:39:32.153874,-0.0008944543828264262,-0.0017889087656529634,-0.04999999999999716,-0.10000000000000142,55.8,55.9,55.85,55.9,238.0,29.0,317.0,566.0,False,False
006208,2022-10-26 09:39:32.797624,-0.0008944543828264262,-0.0017889087656529634,-0.04999999999999716,-0.10000000000000142,55.8,55.9,55.85,55.9,243.0,29.0,317.0,566.0,False,False
006208,2022-10-26 09:39:34.077602,-0.0017889087656529634,-0.0008952551477171555,-0.10000000000000142,-0.05000000000000426,55.8,55.9,55.8,55.85,243.0,29.0,1402.0,711.0,True,True
006208,2022-10-26 09:39:34.168906,-0.0017889087656529634,-0.0008952551477171555,-0.10000000000000142,-0.05000000000000426,55.8,55.9,55.8,55.85,244.0,29.0,1402.0,711.0,False,False
006208,2022-10-26 09:39:34.411922,-0.0017889087656529634,-0.0008952551477171555,-0.10000000000000142,-0.05000000000000426,55.8,55.9,55.8,55.85,245.0,29.0,1402.0,711.0,False,False
006208,2022-10-26 09:39:34.532334,-0.0017889087656529634,-0.0008952551477171555,-0.10000000000000142,-0.05000000000000426,55.8,55.9,55.8,55.85,245.0,9.0,1402.0,711.0,False,False
006208,2022-10-26 09:39:34.660490,-0.0017889087656529634,-0.0008952551477171555,-0.10000000000000142,-0.05000000000000426,55.8,55.9,55.8,55.85,245.0,9.0,1402.0,711.0,False,False
006208,2022-10-26 09:39:35.731091,-0.0017889087656529634,-0.0008952551477171555,-0.10000000000000142,-0.05000000000000426,55.8,55.9,55.8,55.85,245.0,9.0,1402.0,711.0,False,False
006208,2022-10-26 09:39:35.820692,-0.0017889087656529634,0.0,-0.10000000000000142,0.0,55.85,55.9,55.8,55.85,4.0,9.0,1402.0,711.0,False,False
006208,2022-10-26 09:39:35.913201,-0.0017889087656529634,0.0,-0.10000000000000142,0.0,55.85,55.9,55.8,55.85,4.0,9.0,1402.0,711.0,False,False
006208,2022-10-26 09:39:36.125160,-0.0017889087656529634,0.0,-0.10000000000000142,0.0,55.85,55.9,55.8,55.85,4.0,9.0,1402.0,711.0,False,False
006208,2022-10-26 09:39:36.715742,-0.0017889087656529634,0.0,-0.10000000000000142,0.0,55.85,55.9,55.8,55.85,4.0,9.0,1402.0,711.0,False,False
006208,2022-10-26 09:39:36.763299,-0.0017889087656529634,0.0,-0.10000000000000142,0.0,55.85,55.9,55.8,55.85,104.0,9.0,1402.0,711.0,False,False
006208,2022-10-26 09:39:36.888632,-0.0017889087656529634,0.0,-0.10000000000000142,0.0,55.85,55.9,55.8,55.85,104.0,9.0,1402.0,711.0,False,False
006208,2022-10-26 09:39:37.945813,-0.0017889087656529634,0.0,-0.10000000000000142,0.0,55.85,55.9,55.8,55.85,104.0,9.0,1402.0,711.0,False,False
006208,2022-10-26 09:39:38.025390,-0.0017889087656529634,0.0,-0.10000000000000142,0.0,55.85,55.9,55.8,55.85,104.0,9.0,1402.0,711.0,False,False
006208,2022-10-26 09:39:38.036186,-0.0017889087656529634,0.0,-0.10000000000000142,0.0,55.85,55.9,55.8,55.85,104.0,9.0,1402.0,711.0,False,False
006208,2022-10-26 09:39:38.628276,-0.0017889087656529634,0.0,-0.10000000000000142,0.0,55.85,55.9,55.8,55.85,104.0,9.0,1402.0,711.0,False,False
006208,2022-10-26 09:39:38.794035,-0.0017889087656529634,0.0,-0.10000000000000142,0.0,55.85,55.9,55.8,55.85,104.0,9.0,1402.0,711.0,False,False
006208,2022-10-26 09:39:38.961481,-0.0017889087656529634,0.0,-0.10000000000000142,0.0,55.85,55.9,55.8,55.85,104.0,9.0,1402.0,711.0,False,False
006208,2022-10-26 09:39:38.961626,-0.0017889087656529634,0.0,-0.10000000000000142,0.0,55.85,55.9,55.8,55.85,104.0,9.0,1402.0,711.0,False,False
006208,2022-10-26 09:39:39.488668,-0.0017889087656529634,0.0,-0.10000000000000142,0.0,55.85,55.9,55.8,55.85,104.0,9.0,1402.0,711.0,False,False
006208,2022-10-26 09:39:39.488900,-0.0017889087656529634,0.0,-0.10000000000000142,0.0,55.85,55.9,55.8,55.85,104.0,9.0,1402.0,711.0,False,False
006208,2022-10-26 09:39:39.707725,-0.0017889087656529634,0.0,-0.10000000000000142,0.0,55.85,55.9,55.8,55.85,104.0,9.0,1402.0,711.0,False,False
006208,2022-10-26 09:39:39.806177,-0.0017889087656529634,0.0,-0.10000000000000142,0.0,55.85,55.9,55.8,55.85,104.0,9.0,1402.0,711.0,False,False
006208,2022-10-26 09:39:40.317905,-0.0017889087656529634,0.0,-0.10000000000000142,0.0,55.85,55.9,55.8,55.85,104.0,8.0,1402.0,711.0,False,False
006208,2022-10-26 09:39:43.648267,-0.0017889087656529634,0.0,-0.10000000000000142,0.0,55.85,55.9,55.8,55.85,104.0,8.0,1402.0,711.0,False,False
006208,2022-10-26 09:39:43.678587,-0.0017889087656529634,0.0,-0.10000000000000142,0.0,55.85,55.9,55.8,55.85,4.0,8.0,1402.0,711.0,False,False
006208,2022-10-26 09:39:44.108746,-0.0017889087656529634,0.0,-0.10000000000000142,0.0,55.85,55.9,55.8,55.85,4.0,8.0,1402.0,711.0,True,True
006208,2022-10-26 09:39:44.380316,-0.0017889087656529634,0.0,-0.10000000000000142,0.0,55.85,55.9,55.8,55.85,4.0,8.0,1402.0,711.0,False,False
006208,2022-10-26 09:39:44.678911,-0.0017889087656529634,0.0,-0.10000000000000142,0.0,55.85,55.9,55.8,55.85,4.0,8.0,1402.0,711.0,False,False
006208,2022-10-26 09:39:46.117127,-0.0017889087656529634,0.0,-0.10000000000000142,0.0,55.85,55.9,55.8,55.85,4.0,8.0,1402.0,711.0,False,False
006208,2022-10-26 09:39:46.122383,-0.0017889087656529634,0.0,-0.10000000000000142,0.0,55.85,55.9,55.8,55.85,4.0,8.0,1402.0,711.0,False,False
006208,2022-10-26 09:39:46.253535,-0.0017889087656529634,0.0,-0.10000000000000142,0.0,55.85,55.9,55.8,55.85,4.0,8.0,1402.0,711.0,False,False
006208,2022-10-26 09:39:48.917666,-0.0017889087656529634,0.0,-0.10000000000000142,0.0,55.85,55.9,55.8,55.85,4.0,8.0,1402.0,711.0,False,False
006208,2022-10-26 09:39:48.917758,-0.0017889087656529634,0.0,-0.10000000000000142,0.0,55.85,55.9,55.8,55.85,4.0,8.0,1402.0,711.0,False,False
006208,2022-10-26 09:39:50.083594,-0.0017889087656529634,0.0,-0.10000000000000142,0.0,55.85,55.9,55.8,55.85,4.0,8.0,1402.0,711.0,False,False
006208,2022-10-26 09:39:50.211789,-0.0017889087656529634,0.0,-0.10000000000000142,0.0,55.85,55.9,55.8,55.85,4.0,28.0,1402.0,711.0,False,False
006208,2022-10-26 09:39:50.297258,-0.0017889087656529634,0.0,-0.10000000000000142,0.0,55.85,55.9,55.8,55.85,4.0,27.0,1402.0,711.0,False,False
006208,2022-10-26 09:39:53.697749,-0.0017889087656529634,0.0,-0.10000000000000142,0.0,55.85,55.9,55.8,55.85,4.0,27.0,1402.0,711.0,False,False
006208,2022-10-26 09:39:53.697862,-0.0017889087656529634,0.0,-0.10000000000000142,0.0,55.85,55.9,55.8,55.85,4.0,27.0,1402.0,711.0,False,False
006208,2022-10-26 09:39:53.831406,-0.0017889087656529634,0.0,-0.10000000000000142,0.0,55.85,55.9,55.8,55.85,4.0,27.0,1402.0,711.0,False,False
006208,2022-10-26 09:39:54.075202,-0.0017889087656529634,0.0,-0.10000000000000142,0.0,55.85,55.9,55.8,55.85,4.0,27.0,1402.0,711.0,False,False
006208,2022-10-26 09:39:54.164169,-0.0017889087656529634,0.0,-0.10000000000000142,0.0,55.85,55.9,55.8,55.85,4.0,27.0,1409.0,1667.0,True,True
006208,2022-10-26 09:39:54.609004,-0.0017889087656529634,0.0,-0.10000000000000142,0.0,55.85,55.9,55.8,55.85,4.0,26.0,1409.0,1667.0,False,False
006208,2022-10-26 09:39:54.643983,-0.0017889087656529634,0.0,-0.10000000000000142,0.0,55.85,55.9,55.8,55.85,4.0,26.0,1409.0,1667.0,False,False
006208,2022-10-26 09:39:55.296555,-0.0017889087656529634,0.0,-0.10000000000000142,0.0,55.85,55.9,55.8,55.85,4.0,26.0,1409.0,1667.0,False,False
006208,2022-10-26 09:39:56.031408,-0.0017889087656529634,0.0,-0.10000000000000142,0.0,55.85,55.9,55.8,55.85,4.0,26.0,1409.0,1667.0,False,False
006208,2022-10-26 09:39:56.163702,-0.0017889087656529634,0.0,-0.10000000000000142,0.0,55.85,55.9,55.8,55.85,4.0,26.0,1409.0,1667.0,False,False
006208,2022-10-26 09:39:56.276806,-0.0017889087656529634,0.0,-0.10000000000000142,0.0,55.85,55.9,55.8,55.85,4.0,26.0,1409.0,1667.0,False,False
006208,2022-10-26 09:39:56.279934,-0.0017889087656529634,0.0,-0.10000000000000142,0.0,55.85,55.9,55.8,55.85,4.0,26.0,1409.0,1667.0,False,False
006208,2022-10-26 09:39:56.410983,-0.0017889087656529634,0.0,-0.10000000000000142,0.0,55.85,55.9,55.8,55.85,4.0,26.0,1409.0,1667.0,False,False
006208,2022-10-26 09:39:56.787063,-0.0017889087656529634,0.0,-0.10000000000000142,0.0,55.85,55.9,55.8,55.85,4.0,26.0,1409.0,1667.0,False,False
006208,2022-10-26 09:40:00.283040,-0.0017889087656529634,0.0,-0.10000000000000142,0.0,55.85,55.9,55.8,55.85,4.0,26.0,1409.0,1667.0,False,False
006208,2022-10-26 09:40:00.378356,-0.0017889087656529634,0.0,-0.10000000000000142,0.0,55.85,55.9,55.8,55.85,4.0,25.0,1409.0,1667.0,False,False
006208,2022-10-26 09:40:00.474757,-0.0017889087656529634,0.0,-0.10000000000000142,0.0,55.85,55.9,55.8,55.85,4.0,25.0,1409.0,1667.0,False,False
006208,2022-10-26 09:40:00.507258,-0.0017889087656529634,0.0,-0.10000000000000142,0.0,55.85,55.9,55.8,55.85,4.0,5.0,1409.0,1667.0,False,False
006208,2022-10-26 09:40:00.638213,-0.0017889087656529634,0.0,-0.10000000000000142,0.0,55.85,55.9,55.8,55.85,4.0,5.0,1409.0,1667.0,False,False
006208,2022-10-26 09:40:01.829769,-0.0017889087656529634,0.0,-0.10000000000000142,0.0,55.85,55.9,55.8,55.85,4.0,5.0,1409.0,1667.0,False,False
006208,2022-10-26 09:40:01.829878,-0.0017889087656529634,0.0,-0.10000000000000142,0.0,55.85,55.9,55.8,55.85,4.0,5.0,1409.0,1667.0,False,False
006208,2022-10-26 09:40:02.685451,-0.0017889087656529634,0.0,-0.10000000000000142,0.0,55.85,55.9,55.8,55.85,4.0,5.0,1409.0,1667.0,False,False
006208,2022-10-26 09:40:02.934484,-0.0017889087656529634,0.0,-0.10000000000000142,0.0,55.85,55.9,55.8,55.85,4.0,5.0,1409.0,1667.0,False,False
006208,2022-10-26 09:40:02.973560,-0.0017889087656529634,0.0,-0.10000000000000142,0.0,55.85,55.9,55.8,55.85,4.0,4.0,1409.0,1667.0,False,False
006208,2022-10-26 09:40:03.114538,-0.0017889087656529634,0.0,-0.10000000000000142,0.0,55.85,55.9,55.8,55.85,4.0,4.0,1409.0,1667.0,False,False
006208,2022-10-26 09:40:03.665515,-0.0017889087656529634,0.0,-0.10000000000000142,0.0,55.85,55.9,55.8,55.85,4.0,4.0,1450.0,1667.0,False,True
006208,2022-10-26 09:40:04.120861,-0.0017889087656529634,0.0,-0.10000000000000142,0.0,55.85,55.9,55.8,55.85,4.0,4.0,1450.0,1667.0,False,False
006208,2022-10-26 09:40:04.270065,-0.0017889087656529634,0.0,-0.10000000000000142,0.0,55.85,55.9,55.8,55.85,4.0,4.0,1450.0,1667.0,False,False
006208,2022-10-26 09:40:05.656415,-0.0017889087656529634,0.0,-0.10000000000000142,0.0,55.85,55.9,55.8,55.85,4.0,4.0,1450.0,1667.0,False,False
006208,2022-10-26 09:40:05.786052,-0.0017889087656529634,0.0,-0.10000000000000142,0.0,55.85,55.9,55.8,55.85,4.0,24.0,1450.0,1667.0,False,False
006208,2022-10-26 09:40:06.464058,-0.0017889087656529634,0.0,-0.10000000000000142,0.0,55.85,55.9,55.8,55.85,4.0,24.0,1450.0,1667.0,False,False
006208,2022-10-26 09:40:06.467180,-0.0017889087656529634,0.0,-0.10000000000000142,0.0,55.85,55.9,55.8,55.85,4.0,24.0,1450.0,1667.0,False,False
006208,2022-10-26 09:40:06.591198,-0.0017889087656529634,0.0,-0.10000000000000142,0.0,55.85,55.9,55.8,55.85,4.0,24.0,1450.0,1667.0,False,False
006208,2022-10-26 09:40:07.769546,-0.0017889087656529634,0.0,-0.10000000000000142,0.0,55.85,55.9,55.8,55.85,4.0,24.0,1450.0,1667.0,False,False
006208,2022-10-26 09:40:08.529241,-0.0017889087656529634,0.0,-0.10000000000000142,0.0,55.85,55.9,55.8,55.85,4.0,24.0,1450.0,1667.0,False,False
006208,2022-10-26 09:40:10.169257,-0.0017889087656529634,0.0,-0.10000000000000142,0.0,55.85,55.9,55.8,55.85,4.0,24.0,1450.0,1667.0,False,False
006208,2022-10-26 09:40:10.393677,-0.0017889087656529634,0.0,-0.10000000000000142,0.0,55.85,55.9,55.8,55.85,4.0,23.0,1450.0,1667.0,False,False
006208,2022-10-26 09:40:13.738480,-0.0017889087656529634,0.0,-0.10000000000000142,0.0,55.85,55.9,55.8,55.85,4.0,23.0,1450.0,1649.0,True,True
006208,2022-10-26 09:40:15.187661,-0.0017889087656529634,0.0,-0.10000000000000142,0.0,55.85,55.9,55.8,55.85,4.0,23.0,1450.0,1649.0,False,False
006208,2022-10-26 09:40:16.311778,-0.0017889087656529634,0.0,-0.10000000000000142,0.0,55.85,55.9,55.8,55.85,4.0,23.0,1450.0,1649.0,False,False
006208,2022-10-26 09:40:16.311808,-0.0017889087656529634,0.0,-0.10000000000000142,0.0,55.85,55.9,55.8,55.85,4.0,23.0,1450.0,1649.0,False,False
006208,2022-10-26 09:40:16.614557,-0.0017889087656529634,0.0,-0.10000000000000142,0.0,55.85,55.9,55.8,55.85,4.0,23.0,1450.0,1649.0,False,False
006208,2022-10-26 09:40:16.619267,-0.0017889087656529634,0.0,-0.10000000000000142,0.0,55.85,55.9,55.8,55.85,4.0,23.0,1450.0,1649.0,False,False
006208,2022-10-26 09:40:16.752821,-0.0017889087656529634,0.0,-0.10000000000000142,0.0,55.85,55.9,55.8,55.85,4.0,23.0,1450.0,1649.0,False,False
006208,2022-10-26 09:40:16.954563,-0.0017889087656529634,0.0,-0.10000000000000142,0.0,55.85,55.9,55.8,55.85,5.0,23.0,1450.0,1649.0,False,False
006208,2022-10-26 09:40:17.031918,-0.0017889087656529634,0.0,-0.10000000000000142,0.0,55.85,55.9,55.8,55.85,5.0,23.0,1450.0,1649.0,False,False
006208,2022-10-26 09:40:17.479563,-0.0017889087656529634,0.0,-0.10000000000000142,0.0,55.85,55.9,55.8,55.85,5.0,23.0,1450.0,1649.0,False,False
006208,2022-10-26 09:40:17.490880,-0.0017889087656529634,0.0,-0.10000000000000142,0.0,55.85,55.9,55.8,55.85,5.0,23.0,1450.0,1649.0,False,False
006208,2022-10-26 09:40:20.435966,-0.0017889087656529634,0.0,-0.10000000000000142,0.0,55.85,55.9,55.8,55.85,5.0,22.0,1450.0,1649.0,False,False
006208,2022-10-26 09:40:23.074841,-0.0017889087656529634,0.0,-0.10000000000000142,0.0,55.85,55.9,55.8,55.85,5.0,22.0,1450.0,1649.0,False,False
006208,2022-10-26 09:40:23.082512,-0.0017889087656529634,0.0,-0.10000000000000142,0.0,55.85,55.9,55.8,55.85,5.0,22.0,1450.0,1649.0,False,False
006208,2022-10-26 09:40:23.091973,-0.0017889087656529634,0.0,-0.10000000000000142,0.0,55.85,55.9,55.8,55.85,5.0,22.0,1450.0,1649.0,False,False
006208,2022-10-26 09:40:23.232921,-0.0017889087656529634,0.0,-0.10000000000000142,0.0,55.85,55.9,55.8,55.85,5.0,22.0,1450.0,1649.0,False,False
006208,2022-10-26 09:40:23.800126,-0.0017889087656529634,0.0,-0.10000000000000142,0.0,55.85,55.9,55.8,55.85,5.0,22.0,1450.0,1399.0,True,True
006208,2022-10-26 09:40:25.610170,-0.0017889087656529634,0.0,-0.10000000000000142,0.0,55.85,55.9,55.8,55.85,5.0,22.0,1450.0,1399.0,False,False
006208,2022-10-26 09:40:25.614496,-0.0017889087656529634,0.0,-0.10000000000000142,0.0,55.85,55.9,55.8,55.85,5.0,22.0,1450.0,1399.0,False,False
006208,2022-10-26 09:40:26.758362,-0.0017889087656529634,0.0,-0.10000000000000142,0.0,55.85,55.9,55.8,55.85,5.0,22.0,1450.0,1399.0,False,False
006208,2022-10-26 09:40:26.761815,-0.0017889087656529634,0.0,-0.10000000000000142,0.0,55.85,55.9,55.8,55.85,5.0,22.0,1450.0,1399.0,False,False
006208,2022-10-26 09:40:26.891551,-0.0017889087656529634,0.0,-0.10000000000000142,0.0,55.85,55.9,55.8,55.85,5.0,22.0,1450.0,1399.0,False,False
006208,2022-10-26 09:40:27.904375,-0.0017889087656529634,0.0,-0.10000000000000142,0.0,55.85,55.9,55.8,55.85,22.0,22.0,1450.0,1399.0,False,False
006208,2022-10-26 09:40:28.091415,-0.0017889087656529634,0.0,-0.10000000000000142,0.0,55.85,55.9,55.8,55.85,22.0,22.0,1450.0,1399.0,False,False
006208,2022-10-26 09:40:28.242452,-0.0017889087656529634,0.0,-0.10000000000000142,0.0,55.85,55.9,55.8,55.85,22.0,22.0,1450.0,1399.0,False,False
006208,2022-10-26 09:40:28.251668,-0.0017889087656529634,0.0,-0.10000000000000142,0.0,55.85,55.9,55.8,55.85,22.0,22.0,1450.0,1399.0,False,False
006208,2022-10-26 09:40:28.790401,-0.0017889087656529634,0.0,-0.10000000000000142,0.0,55.85,55.9,55.8,55.85,22.0,22.0,1450.0,1399.0,False,False
006208,2022-10-26 09:40:29.817231,-0.0017889087656529634,0.0,-0.10000000000000142,0.0,55.85,55.9,55.8,55.85,22.0,22.0,1450.0,1399.0,False,False
006208,2022-10-26 09:40:29.820622,-0.0017889087656529634,0.0,-0.10000000000000142,0.0,55.85,55.9,55.8,55.85,22.0,22.0,1450.0,1399.0,False,False
006208,2022-10-26 09:40:30.498834,-0.0017889087656529634,0.0,-0.10000000000000142,0.0,55.85,55.9,55.8,55.85,22.0,21.0,1450.0,1399.0,False,False
006208,2022-10-26 09:40:31.241830,-0.0017889087656529634,0.0,-0.10000000000000142,0.0,55.85,55.9,55.8,55.85,22.0,21.0,1450.0,1399.0,False,False
006208,2022-10-26 09:40:31.255259,-0.0017889087656529634,0.0,-0.10000000000000142,0.0,55.85,55.9,55.8,55.85,22.0,21.0,1450.0,1399.0,False,False
006208,2022-10-26 09:40:32.351015,-0.0017889087656529634,0.0,-0.10000000000000142,0.0,55.85,55.9,55.8,55.85,22.0,21.0,1450.0,1399.0,False,False
006208,2022-10-26 09:40:32.368237,-0.0017889087656529634,0.0,-0.10000000000000142,0.0,55.85,55.9,55.8,55.85,22.0,21.0,1450.0,1399.0,False,False
006208,2022-10-26 09:40:33.851651,-0.0017889087656529634,0.0,-0.10000000000000142,0.0,55.85,55.9,55.8,55.85,22.0,21.0,1450.0,849.0,True,True
006208,2022-10-26 09:40:34.223934,-0.0017889087656529634,0.0,-0.10000000000000142,0.0,55.85,55.9,55.8,55.85,22.0,21.0,1450.0,849.0,False,False
006208,2022-10-26 09:40:36.040804,-0.0017889087656529634,0.0,-0.10000000000000142,0.0,55.85,55.9,55.8,55.85,22.0,20.0,1450.0,849.0,False,False
006208,2022-10-26 09:40:36.086733,-0.0017889087656529634,0.0,-0.10000000000000142,0.0,55.85,55.9,55.8,55.85,22.0,20.0,1450.0,849.0,False,False
006208,2022-10-26 09:40:36.086906,-0.0017889087656529634,0.0,-0.10000000000000142,0.0,55.85,55.9,55.8,55.85,22.0,20.0,1450.0,849.0,False,False
006208,2022-10-26 09:40:36.384515,-0.0017889087656529634,0.0,-0.10000000000000142,0.0,55.85,55.9,55.8,55.85,22.0,20.0,1450.0,849.0,False,False
006208,2022-10-26 09:40:36.394213,-0.0017889087656529634,0.0,-0.10000000000000142,0.0,55.85,55.9,55.8,55.85,22.0,20.0,1450.0,849.0,False,False
006208,2022-10-26 09:40:36.892236,-0.0017889087656529634,0.0,-0.10000000000000142,0.0,55.85,55.9,55.8,55.85,22.0,20.0,1450.0,849.0,False,False
006208,2022-10-26 09:40:36.894975,-0.0017889087656529634,0.0,-0.10000000000000142,0.0,55.85,55.9,55.8,55.85,22.0,20.0,1450.0,849.0,False,False
006208,2022-10-26 09:40:37.031068,-0.0017889087656529634,0.0,-0.10000000000000142,0.0,55.85,55.9,55.8,55.85,22.0,20.0,1450.0,849.0,False,False
006208,2022-10-26 09:40:37.226395,-0.0017889087656529634,0.0,-0.10000000000000142,0.0,55.85,55.9,55.8,55.85,22.0,20.0,1450.0,849.0,False,False
006208,2022-10-26 09:40:37.343950,-0.0017889087656529634,0.0,-0.10000000000000142,0.0,55.85,55.9,55.8,55.85,22.0,20.0,1450.0,849.0,False,False
006208,2022-10-26 09:40:37.858116,-0.0017889087656529634,0.0,-0.10000000000000142,0.0,55.85,55.9,55.8,55.85,22.0,20.0,1450.0,849.0,False,False
006208,2022-10-26 09:40:37.867068,-0.0017889087656529634,0.0,-0.10000000000000142,0.0,55.85,55.9,55.8,55.85,22.0,20.0,1450.0,849.0,False,False
006208,2022-10-26 09:40:43.895656,-0.0017889087656529634,0.0,-0.10000000000000142,0.0,55.85,55.9,55.8,55.85,22.0,20.0,1450.0,849.0,True,True
006208,2022-10-26 09:40:43.964509,-0.0017889087656529634,0.0,-0.10000000000000142,0.0,55.85,55.9,55.8,55.85,22.0,20.0,1450.0,849.0,False,False
006208,2022-10-26 09:40:43.964677,-0.0017889087656529634,0.0,-0.10000000000000142,0.0,55.85,55.9,55.8,55.85,22.0,20.0,1450.0,849.0,False,False
006208,2022-10-26 09:40:44.629837,-0.0017889087656529634,0.0,-0.10000000000000142,0.0,55.85,55.9,55.8,55.85,22.0,20.0,1450.0,849.0,False,False
006208,2022-10-26 09:40:44.629970,-0.0017889087656529634,0.0,-0.10000000000000142,0.0,55.85,55.9,55.8,55.85,22.0,95.0,1450.0,849.0,False,False
006208,2022-10-26 09:40:45.968775,-0.0017889087656529634,0.0,-0.10000000000000142,0.0,55.85,55.9,55.8,55.85,22.0,95.0,1450.0,849.0,False,False
006208,2022-10-26 09:40:45.971018,-0.0017889087656529634,0.0,-0.10000000000000142,0.0,55.85,55.9,55.8,55.85,22.0,95.0,1450.0,849.0,False,False
006208,2022-10-26 09:40:46.043426,-0.0017889087656529634,0.0,-0.10000000000000142,0.0,55.85,55.9,55.8,55.85,22.0,95.0,1450.0,849.0,False,False
006208,2022-10-26 09:40:46.400912,-0.0017889087656529634,0.0,-0.10000000000000142,0.0,55.85,55.9,55.8,55.85,22.0,95.0,1450.0,849.0,False,False
006208,2022-10-26 09:40:46.400963,-0.0017889087656529634,0.0,-0.10000000000000142,0.0,55.85,55.9,55.8,55.85,22.0,95.0,1450.0,849.0,False,False
006208,2022-10-26 09:40:46.969881,-0.0017889087656529634,0.0,-0.10000000000000142,0.0,55.85,55.9,55.8,55.85,22.0,195.0,1450.0,849.0,False,False
006208,2022-10-26 09:40:46.969917,-0.0017889087656529634,0.0,-0.10000000000000142,0.0,55.85,55.9,55.8,55.85,22.0,195.0,1450.0,849.0,False,False
006208,2022-10-26 09:40:47.029974,-0.0017889087656529634,0.0,-0.10000000000000142,0.0,55.85,55.9,55.8,55.85,22.0,195.0,1450.0,849.0,False,False
006208,2022-10-26 09:40:47.166135,-0.0017889087656529634,0.0,-0.10000000000000142,0.0,55.85,55.9,55.8,55.85,22.0,195.0,1450.0,849.0,False,False
006208,2022-10-26 09:40:49.564641,-0.0017889087656529634,0.0,-0.10000000000000142,0.0,55.85,55.9,55.8,55.85,22.0,195.0,1450.0,849.0,False,False
006208,2022-10-26 09:40:49.874586,-0.0017889087656529634,0.0,-0.10000000000000142,0.0,55.85,55.9,55.8,55.85,22.0,195.0,1450.0,849.0,False,False
006208,2022-10-26 09:40:50.299628,-0.0017889087656529634,0.0,-0.10000000000000142,0.0,55.85,55.9,55.8,55.85,22.0,195.0,1450.0,849.0,False,False
006208,2022-10-26 09:40:50.299719,-0.0017889087656529634,0.0,-0.10000000000000142,0.0,55.85,55.9,55.8,55.85,22.0,195.0,1450.0,849.0,False,False
006208,2022-10-26 09:40:50.502443,-0.0017889087656529634,0.0,-0.10000000000000142,0.0,55.85,55.9,55.8,55.85,22.0,194.0,1450.0,849.0,False,False
006208,2022-10-26 09:40:50.628468,-0.0017889087656529634,0.0,-0.10000000000000142,0.0,55.85,55.9,55.8,55.85,22.0,194.0,1450.0,849.0,False,False
006208,2022-10-26 09:40:50.684558,-0.0017889087656529634,0.0,-0.10000000000000142,0.0,55.85,55.9,55.8,55.85,22.0,194.0,1450.0,849.0,False,False
006208,2022-10-26 09:40:53.944845,-0.0017889087656529634,0.0,-0.10000000000000142,0.0,55.85,55.9,55.8,55.85,22.0,194.0,1724.0,814.0,True,True
006208,2022-10-26 09:40:54.105243,-0.0017889087656529634,0.0,-0.10000000000000142,0.0,55.85,55.9,55.8,55.85,22.0,194.0,1724.0,814.0,False,False
006208,2022-10-26 09:40:54.108702,-0.0017889087656529634,0.0,-0.10000000000000142,0.0,55.85,55.9,55.8,55.85,22.0,194.0,1724.0,814.0,False,False
006208,2022-10-26 09:40:54.955896,-0.0017889087656529634,0.0,-0.10000000000000142,0.0,55.85,55.9,55.8,55.85,22.0,194.0,1724.0,814.0,False,False
006208,2022-10-26 09:40:54.956027,-0.0017889087656529634,0.0,-0.10000000000000142,0.0,55.85,55.9,55.8,55.85,22.0,194.0,1724.0,814.0,False,False
006208,2022-10-26 09:40:55.964376,-0.0017889087656529634,0.0,-0.10000000000000142,0.0,55.85,55.9,55.8,55.85,22.0,194.0,1724.0,814.0,False,False
006208,2022-10-26 09:40:55.983152,-0.0017889087656529634,0.0,-0.10000000000000142,0.0,55.85,55.9,55.8,55.85,22.0,194.0,1724.0,814.0,False,False
006208,2022-10-26 09:40:57.156626,-0.0017889087656529634,0.0,-0.10000000000000142,0.0,55.85,55.9,55.8,55.85,22.0,194.0,1724.0,814.0,False,False
006208,2022-10-26 09:40:57.161320,-0.0017889087656529634,0.0,-0.10000000000000142,0.0,55.85,55.9,55.8,55.85,22.0,194.0,1724.0,814.0,False,False
006208,2022-10-26 09:40:57.307032,-0.0017889087656529634,0.0,-0.10000000000000142,0.0,55.85,55.9,55.8,55.85,22.0,194.0,1724.0,814.0,False,False
006208,2022-10-26 09:40:57.705084,-0.0017889087656529634,0.0,-0.10000000000000142,0.0,55.85,55.9,55.8,55.85,22.0,194.0,1724.0,814.0,False,False
006208,2022-10-26 09:41:00.462541,-0.0017889087656529634,0.0,-0.10000000000000142,0.0,55.85,55.9,55.8,55.85,22.0,193.0,1724.0,814.0,False,False
006208,2022-10-26 09:41:01.160913,-0.0017889087656529634,0.0,-0.10000000000000142,0.0,55.85,55.9,55.8,55.85,22.0,193.0,1724.0,814.0,False,False
006208,2022-10-26 09:41:01.171172,-0.0017889087656529634,0.0,-0.10000000000000142,0.0,55.85,55.9,55.8,55.85,22.0,193.0,1724.0,814.0,False,False
006208,2022-10-26 09:41:02.016475,-0.0017889087656529634,0.0,-0.10000000000000142,0.0,55.85,55.9,55.8,55.85,22.0,193.0,1724.0,814.0,False,False
006208,2022-10-26 09:41:02.023889,-0.0017889087656529634,0.0,-0.10000000000000142,0.0,55.85,55.9,55.8,55.85,22.0,193.0,1724.0,814.0,False,False
006208,2022-10-26 09:41:04.180322,-0.0017889087656529634,-0.0008952551477171555,-0.10000000000000142,-0.05000000000000426,55.8,55.9,55.8,55.85,83.0,193.0,1724.0,814.0,False,False
006208,2022-10-26 09:41:04.244546,-0.0017889087656529634,-0.0008952551477171555,-0.10000000000000142,-0.05000000000000426,55.8,55.9,55.8,55.85,83.0,193.0,1724.0,814.0,False,False
006208,2022-10-26 09:41:04.251553,-0.0017889087656529634,-0.0008952551477171555,-0.10000000000000142,-0.05000000000000426,55.8,55.9,55.8,55.85,83.0,193.0,1724.0,814.0,False,False
006208,2022-10-26 09:41:04.428666,-0.0017889087656529634,-0.0008952551477171555,-0.10000000000000142,-0.05000000000000426,55.8,55.9,55.8,55.85,43.0,193.0,1724.0,814.0,False,False
006208,2022-10-26 09:41:04.563650,-0.0017889087656529634,-0.0008952551477171555,-0.10000000000000142,-0.05000000000000426,55.8,55.9,55.8,55.85,43.0,193.0,1724.0,814.0,False,False
006208,2022-10-26 09:41:05.407203,-0.0017889087656529634,-0.0008952551477171555,-0.10000000000000142,-0.05000000000000426,55.8,55.9,55.8,55.85,43.0,193.0,1724.0,814.0,False,False
006208,2022-10-26 09:41:05.407396,-0.0017889087656529634,-0.0008952551477171555,-0.10000000000000142,-0.05000000000000426,55.8,55.9,55.8,55.85,43.0,193.0,1724.0,814.0,False,False
006208,2022-10-26 09:41:06.054436,-0.0017889087656529634,-0.0008952551477171555,-0.10000000000000142,-0.05000000000000426,55.8,55.9,55.8,55.85,43.0,193.0,1724.0,814.0,False,False
006208,2022-10-26 09:41:06.054530,-0.0017889087656529634,-0.0008952551477171555,-0.10000000000000142,-0.05000000000000426,55.8,55.9,55.8,55.85,43.0,193.0,1724.0,814.0,False,False
006208,2022-10-26 09:41:06.792507,-0.0017889087656529634,-0.0008952551477171555,-0.10000000000000142,-0.05000000000000426,55.8,55.9,55.8,55.85,43.0,193.0,1724.0,814.0,False,False
006208,2022-10-26 09:41:06.824653,-0.0017889087656529634,-0.0008952551477171555,-0.10000000000000142,-0.05000000000000426,55.8,55.9,55.8,55.85,9.0,193.0,1724.0,814.0,False,False
006208,2022-10-26 09:41:07.482435,-0.0017889087656529634,-0.0008952551477171555,-0.10000000000000142,-0.05000000000000426,55.8,55.9,55.8,55.85,9.0,193.0,1724.0,814.0,False,False
006208,2022-10-26 09:41:07.494172,-0.0017889087656529634,-0.0008952551477171555,-0.10000000000000142,-0.05000000000000426,55.8,55.9,55.8,55.85,9.0,193.0,1724.0,814.0,False,False
006208,2022-10-26 09:41:08.269708,-0.0017889087656529634,-0.0008952551477171555,-0.10000000000000142,-0.05000000000000426,55.8,55.9,55.8,55.85,9.0,193.0,1724.0,814.0,False,False
006208,2022-10-26 09:41:08.269883,-0.0017889087656529634,-0.0008952551477171555,-0.10000000000000142,-0.05000000000000426,55.8,55.9,55.8,55.85,9.0,193.0,1724.0,814.0,False,False
006208,2022-10-26 09:41:08.451374,-0.0017889087656529634,-0.0008952551477171555,-0.10000000000000142,-0.05000000000000426,55.8,55.9,55.8,55.85,9.0,193.0,1724.0,814.0,False,False
006208,2022-10-26 09:41:10.128223,-0.0017889087656529634,-0.0008952551477171555,-0.10000000000000142,-0.05000000000000426,55.8,55.9,55.8,55.85,9.0,192.0,1724.0,814.0,False,False
006208,2022-10-26 09:41:10.483854,-0.0017889087656529634,-0.0008952551477171555,-0.10000000000000142,-0.05000000000000426,55.8,55.9,55.8,55.85,9.0,191.0,1724.0,814.0,False,False
006208,2022-10-26 09:41:11.062135,-0.0017889087656529634,-0.0008952551477171555,-0.10000000000000142,-0.05000000000000426,55.8,55.9,55.8,55.85,9.0,191.0,1724.0,814.0,False,False
006208,2022-10-26 09:41:11.083936,-0.0017889087656529634,-0.0008952551477171555,-0.10000000000000142,-0.05000000000000426,55.8,55.9,55.8,55.85,9.0,191.0,1724.0,814.0,False,False
006208,2022-10-26 09:41:14.030836,-0.0017889087656529634,-0.0008952551477171555,-0.10000000000000142,-0.05000000000000426,55.8,55.9,55.8,55.85,9.0,191.0,1766.0,764.0,True,True
006208,2022-10-26 09:41:14.553560,-0.0017889087656529634,-0.0008952551477171555,-0.10000000000000142,-0.05000000000000426,55.8,55.9,55.8,55.85,9.0,191.0,1766.0,764.0,False,False
006208,2022-10-26 09:41:14.564980,-0.0017889087656529634,-0.0008952551477171555,-0.10000000000000142,-0.05000000000000426,55.8,55.9,55.8,55.85,9.0,191.0,1766.0,764.0,False,False
006208,2022-10-26 09:41:14.688351,-0.0017889087656529634,-0.0008952551477171555,-0.10000000000000142,-0.05000000000000426,55.8,55.9,55.8,55.85,9.0,191.0,1766.0,764.0,False,False
006208,2022-10-26 09:41:15.915313,-0.0017889087656529634,-0.0008952551477171555,-0.10000000000000142,-0.05000000000000426,55.8,55.9,55.8,55.85,9.0,191.0,1766.0,764.0,False,False
006208,2022-10-26 09:41:15.946722,-0.0017889087656529634,-0.0008952551477171555,-0.10000000000000142,-0.05000000000000426,55.8,55.9,55.8,55.85,9.0,191.0,1766.0,764.0,False,False
006208,2022-10-26 09:41:16.124150,-0.0017889087656529634,-0.0008952551477171555,-0.10000000000000142,-0.05000000000000426,55.8,55.9,55.8,55.85,9.0,231.0,1766.0,764.0,False,False
006208,2022-10-26 09:41:16.175422,-0.0017889087656529634,-0.0008952551477171555,-0.10000000000000142,-0.05000000000000426,55.8,55.9,55.8,55.85,9.0,191.0,1766.0,764.0,False,False
006208,2022-10-26 09:41:16.288271,-0.0017889087656529634,-0.0008952551477171555,-0.10000000000000142,-0.05000000000000426,55.8,55.9,55.8,55.85,9.0,191.0,1766.0,764.0,False,False
006208,2022-10-26 09:41:16.514798,-0.0017889087656529634,-0.0008952551477171555,-0.10000000000000142,-0.05000000000000426,55.8,55.9,55.8,55.85,9.0,231.0,1766.0,764.0,False,False
006208,2022-10-26 09:41:16.575349,-0.0017889087656529634,-0.0008952551477171555,-0.10000000000000142,-0.05000000000000426,55.8,55.9,55.8,55.85,9.0,231.0,1766.0,764.0,False,False
006208,2022-10-26 09:41:16.718519,-0.0017889087656529634,-0.0008952551477171555,-0.10000000000000142,-0.05000000000000426,55.8,55.9,55.8,55.85,9.0,231.0,1766.0,764.0,False,False
006208,2022-10-26 09:41:17.426282,-0.0008952551477171555,-0.0008952551477171555,-0.05000000000000426,-0.05000000000000426,55.8,55.85,55.8,55.85,9.0,100.0,1766.0,764.0,False,False
006208,2022-10-26 09:41:17.499744,-0.0008952551477171555,-0.0008952551477171555,-0.05000000000000426,-0.05000000000000426,55.8,55.85,55.8,55.85,9.0,100.0,1766.0,764.0,False,False
006208,2022-10-26 09:41:17.504931,-0.0008952551477171555,-0.0008952551477171555,-0.05000000000000426,-0.05000000000000426,55.8,55.85,55.8,55.85,9.0,100.0,1766.0,764.0,False,False
006208,2022-10-26 09:41:17.730508,-0.0008952551477171555,-0.0008952551477171555,-0.05000000000000426,-0.05000000000000426,55.8,55.85,55.8,55.85,9.0,100.0,1766.0,764.0,False,False
006208,2022-10-26 09:41:18.066025,-0.0008952551477171555,-0.0008952551477171555,-0.05000000000000426,-0.05000000000000426,55.8,55.85,55.8,55.85,9.0,100.0,1766.0,764.0,False,False
006208,2022-10-26 09:41:18.791657,-0.0008952551477171555,-0.0008952551477171555,-0.05000000000000426,-0.05000000000000426,55.8,55.85,55.8,55.85,9.0,100.0,1766.0,764.0,False,False
006208,2022-10-26 09:41:19.154384,-0.0008952551477171555,-0.0008952551477171555,-0.05000000000000426,-0.05000000000000426,55.8,55.85,55.8,55.85,9.0,100.0,1766.0,764.0,False,False
006208,2022-10-26 09:41:19.166414,-0.0008952551477171555,-0.0008952551477171555,-0.05000000000000426,-0.05000000000000426,55.8,55.85,55.8,55.85,9.0,100.0,1766.0,764.0,False,False
006208,2022-10-26 09:41:20.189095,-0.0008952551477171555,-0.0008952551477171555,-0.05000000000000426,-0.05000000000000426,55.8,55.85,55.8,55.85,9.0,100.0,1766.0,764.0,False,False
006208,2022-10-26 09:41:20.206386,-0.0008952551477171555,-0.0008952551477171555,-0.05000000000000426,-0.05000000000000426,55.8,55.85,55.8,55.85,9.0,100.0,1766.0,764.0,False,False
006208,2022-10-26 09:41:20.489315,-0.0008952551477171555,-0.0008952551477171555,-0.05000000000000426,-0.05000000000000426,55.8,55.85,55.8,55.85,9.0,99.0,1766.0,764.0,False,False
006208,2022-10-26 09:41:20.769352,-0.0008952551477171555,-0.0008952551477171555,-0.05000000000000426,-0.05000000000000426,55.8,55.85,55.8,55.85,9.0,96.0,1766.0,764.0,False,False
006208,2022-10-26 09:41:22.155901,-0.0008952551477171555,-0.0008952551477171555,-0.05000000000000426,-0.05000000000000426,55.8,55.85,55.8,55.85,9.0,96.0,1766.0,764.0,False,False
006208,2022-10-26 09:41:22.156083,-0.0008952551477171555,-0.0008952551477171555,-0.05000000000000426,-0.05000000000000426,55.8,55.85,55.8,55.85,9.0,96.0,1766.0,764.0,False,False
006208,2022-10-26 09:41:23.207109,-0.0008952551477171555,-0.0008952551477171555,-0.05000000000000426,-0.05000000000000426,55.8,55.85,55.8,55.85,9.0,96.0,1766.0,764.0,False,False
006208,2022-10-26 09:41:23.207125,-0.0008952551477171555,-0.0008952551477171555,-0.05000000000000426,-0.05000000000000426,55.8,55.85,55.8,55.85,9.0,96.0,1766.0,764.0,False,False
006208,2022-10-26 09:41:23.309204,-0.0008952551477171555,-0.0008952551477171555,-0.05000000000000426,-0.05000000000000426,55.8,55.85,55.8,55.85,9.0,96.0,1766.0,764.0,False,False
006208,2022-10-26 09:41:23.436866,-0.0008952551477171555,-0.0008952551477171555,-0.05000000000000426,-0.05000000000000426,55.8,55.85,55.8,55.85,9.0,116.0,1766.0,764.0,False,False
006208,2022-10-26 09:41:24.074412,-0.0008952551477171555,-0.0008952551477171555,-0.05000000000000426,-0.05000000000000426,55.8,55.85,55.8,55.85,9.0,116.0,1866.0,764.0,True,True
006208,2022-10-26 09:41:24.081784,-0.0008952551477171555,-0.0008952551477171555,-0.05000000000000426,-0.05000000000000426,55.8,55.85,55.8,55.85,9.0,116.0,1866.0,764.0,False,False
006208,2022-10-26 09:41:24.087378,-0.0008952551477171555,-0.0008952551477171555,-0.05000000000000426,-0.05000000000000426,55.8,55.85,55.8,55.85,9.0,116.0,1866.0,764.0,False,False
006208,2022-10-26 09:41:27.685680,-0.0008952551477171555,-0.0008952551477171555,-0.05000000000000426,-0.05000000000000426,55.8,55.85,55.8,55.85,9.0,116.0,1866.0,764.0,False,False
006208,2022-10-26 09:41:27.722318,-0.0008952551477171555,-0.0008952551477171555,-0.05000000000000426,-0.05000000000000426,55.8,55.85,55.8,55.85,9.0,20.0,1866.0,764.0,False,False
006208,2022-10-26 09:41:27.816373,-0.0008952551477171555,-0.0008952551477171555,-0.05000000000000426,-0.05000000000000426,55.8,55.85,55.8,55.85,9.0,20.0,1866.0,764.0,False,False
006208,2022-10-26 09:41:28.723683,-0.0008952551477171555,-0.0008952551477171555,-0.05000000000000426,-0.05000000000000426,55.8,55.85,55.8,55.85,9.0,120.0,1866.0,764.0,False,False
006208,2022-10-26 09:41:29.863245,-0.0008952551477171555,-0.0008952551477171555,-0.05000000000000426,-0.05000000000000426,55.8,55.85,55.8,55.85,9.0,120.0,1866.0,764.0,False,False
006208,2022-10-26 09:41:29.875889,-0.0008952551477171555,-0.0008952551477171555,-0.05000000000000426,-0.05000000000000426,55.8,55.85,55.8,55.85,9.0,120.0,1866.0,764.0,False,False
006208,2022-10-26 09:41:30.097707,-0.0008952551477171555,-0.0008952551477171555,-0.05000000000000426,-0.05000000000000426,55.8,55.85,55.8,55.85,9.0,120.0,1866.0,764.0,False,False
006208,2022-10-26 09:41:30.102348,-0.0008952551477171555,-0.0008952551477171555,-0.05000000000000426,-0.05000000000000426,55.8,55.85,55.8,55.85,9.0,120.0,1866.0,764.0,False,False
006208,2022-10-26 09:41:30.384955,-0.0008952551477171555,-0.0008952551477171555,-0.05000000000000426,-0.05000000000000426,55.8,55.85,55.8,55.85,9.0,160.0,1866.0,764.0,False,False
006208,2022-10-26 09:41:30.494716,-0.0008952551477171555,-0.0008952551477171555,-0.05000000000000426,-0.05000000000000426,55.8,55.85,55.8,55.85,9.0,159.0,1866.0,764.0,False,False
006208,2022-10-26 09:41:31.331459,-0.0008952551477171555,-0.0008952551477171555,-0.05000000000000426,-0.05000000000000426,55.8,55.85,55.8,55.85,9.0,160.0,1866.0,764.0,False,False
006208,2022-10-26 09:41:33.464643,-0.0008952551477171555,-0.0008952551477171555,-0.05000000000000426,-0.05000000000000426,55.8,55.85,55.8,55.85,9.0,160.0,1866.0,764.0,False,False
006208,2022-10-26 09:41:33.464922,-0.0008952551477171555,-0.0008952551477171555,-0.05000000000000426,-0.05000000000000426,55.8,55.85,55.8,55.85,9.0,180.0,1866.0,764.0,False,False
006208,2022-10-26 09:41:33.897157,-0.0008952551477171555,-0.0008952551477171555,-0.05000000000000426,-0.05000000000000426,55.8,55.85,55.8,55.85,9.0,160.0,1866.0,764.0,False,False
006208,2022-10-26 09:41:33.897339,-0.0008952551477171555,-0.0008952551477171555,-0.05000000000000426,-0.05000000000000426,55.8,55.85,55.8,55.85,9.0,160.0,1866.0,764.0,False,False
006208,2022-10-26 09:41:34.113979,-0.0008952551477171555,-0.0008952551477171555,-0.05000000000000426,-0.05000000000000426,55.8,55.85,55.8,55.85,9.0,160.0,2066.0,764.0,True,True
006208,2022-10-26 09:41:34.584925,-0.0008952551477171555,-0.0008952551477171555,-0.05000000000000426,-0.05000000000000426,55.8,55.85,55.8,55.85,9.0,200.0,2066.0,764.0,False,False
006208,2022-10-26 09:41:35.770307,-0.0008952551477171555,-0.0008952551477171555,-0.05000000000000426,-0.05000000000000426,55.8,55.85,55.8,55.85,9.0,200.0,2066.0,764.0,False,False
006208,2022-10-26 09:41:35.900418,-0.0008952551477171555,-0.0008952551477171555,-0.05000000000000426,-0.05000000000000426,55.8,55.85,55.8,55.85,9.0,220.0,2066.0,764.0,False,False
006208,2022-10-26 09:41:37.809898,-0.0008952551477171555,-0.0008952551477171555,-0.05000000000000426,-0.05000000000000426,55.8,55.85,55.8,55.85,9.0,220.0,2066.0,764.0,False,False
006208,2022-10-26 09:41:37.813110,-0.0008952551477171555,-0.0008952551477171555,-0.05000000000000426,-0.05000000000000426,55.8,55.85,55.8,55.85,9.0,220.0,2066.0,764.0,False,False
006208,2022-10-26 09:41:37.947770,-0.0008952551477171555,-0.0008952551477171555,-0.05000000000000426,-0.05000000000000426,55.8,55.85,55.8,55.85,9.0,220.0,2066.0,764.0,False,False
006208,2022-10-26 09:41:38.070602,-0.0008952551477171555,-0.0008952551477171555,-0.05000000000000426,-0.05000000000000426,55.8,55.85,55.8,55.85,9.0,220.0,2066.0,764.0,False,False
006208,2022-10-26 09:41:38.157894,-0.0008952551477171555,-0.0008952551477171555,-0.05000000000000426,-0.05000000000000426,55.8,55.85,55.8,55.85,9.0,220.0,2066.0,764.0,False,False
006208,2022-10-26 09:41:38.430227,-0.0008952551477171555,-0.0008952551477171555,-0.05000000000000426,-0.05000000000000426,55.8,55.85,55.8,55.85,9.0,295.0,2066.0,764.0,False,False
006208,2022-10-26 09:41:38.457819,-0.0008952551477171555,-0.0017905102954342,-0.05000000000000426,-0.10000000000000142,55.75,55.85,55.8,55.85,85.0,295.0,2066.0,764.0,False,False
006208,2022-10-26 09:41:38.493066,-0.0008952551477171555,-0.0017905102954342,-0.05000000000000426,-0.10000000000000142,55.75,55.85,55.8,55.85,85.0,295.0,2066.0,764.0,False,False
006208,2022-10-26 09:41:38.603174,-0.0008952551477171555,-0.0017905102954342,-0.05000000000000426,-0.10000000000000142,55.75,55.85,55.8,55.85,45.0,295.0,2066.0,764.0,False,False
006208,2022-10-26 09:41:38.720076,-0.0008952551477171555,-0.0017905102954342,-0.05000000000000426,-0.10000000000000142,55.75,55.85,55.8,55.85,45.0,295.0,2066.0,764.0,False,False
006208,2022-10-26 09:41:39.622695,-0.0008952551477171555,-0.0017905102954342,-0.05000000000000426,-0.10000000000000142,55.75,55.85,55.8,55.85,45.0,295.0,2066.0,764.0,False,False
006208,2022-10-26 09:41:39.633598,-0.0008952551477171555,-0.0017905102954342,-0.05000000000000426,-0.10000000000000142,55.75,55.85,55.8,55.85,45.0,295.0,2066.0,764.0,False,False
006208,2022-10-26 09:41:40.025385,-0.0008952551477171555,-0.0017905102954342,-0.05000000000000426,-0.10000000000000142,55.75,55.85,55.8,55.85,45.0,295.0,2066.0,764.0,False,False
006208,2022-10-26 09:41:40.137497,-0.0008952551477171555,-0.0017905102954342,-0.05000000000000426,-0.10000000000000142,55.75,55.85,55.8,55.85,11.0,295.0,2066.0,764.0,False,False
006208,2022-10-26 09:41:43.095173,-0.0008952551477171555,-0.0017905102954342,-0.05000000000000426,-0.10000000000000142,55.75,55.85,55.8,55.85,11.0,294.0,2066.0,764.0,False,False
006208,2022-10-26 09:41:43.507079,-0.0008952551477171555,-0.0017905102954342,-0.05000000000000426,-0.10000000000000142,55.75,55.85,55.8,55.85,11.0,294.0,2066.0,764.0,False,False
006208,2022-10-26 09:41:43.515597,-0.0008952551477171555,-0.0017905102954342,-0.05000000000000426,-0.10000000000000142,55.75,55.85,55.8,55.85,11.0,294.0,2066.0,764.0,False,False
006208,2022-10-26 09:41:43.542842,-0.0008952551477171555,-0.0017905102954342,-0.05000000000000426,-0.10000000000000142,55.75,55.85,55.8,55.85,11.0,294.0,2066.0,764.0,False,False
006208,2022-10-26 09:41:44.163659,-0.0008952551477171555,-0.0017905102954342,-0.05000000000000426,-0.10000000000000142,55.75,55.85,55.8,55.85,11.0,294.0,2116.0,764.0,True,True
006208,2022-10-26 09:41:44.624180,-0.0008952551477171555,-0.0017905102954342,-0.05000000000000426,-0.10000000000000142,55.75,55.85,55.8,55.85,11.0,294.0,2116.0,764.0,False,False
006208,2022-10-26 09:41:44.627243,-0.0008952551477171555,-0.0017905102954342,-0.05000000000000426,-0.10000000000000142,55.75,55.85,55.8,55.85,11.0,294.0,2116.0,764.0,False,False
006208,2022-10-26 09:41:45.749148,-0.0008952551477171555,-0.0017905102954342,-0.05000000000000426,-0.10000000000000142,55.75,55.85,55.8,55.85,11.0,274.0,2116.0,764.0,False,False
006208,2022-10-26 09:41:45.749416,-0.0008952551477171555,-0.0017905102954342,-0.05000000000000426,-0.10000000000000142,55.75,55.85,55.8,55.85,11.0,274.0,2116.0,764.0,False,False
006208,2022-10-26 09:41:48.464600,-0.0008952551477171555,-0.0017905102954342,-0.05000000000000426,-0.10000000000000142,55.75,55.85,55.8,55.85,11.0,274.0,2116.0,764.0,False,False
006208,2022-10-26 09:41:48.466082,-0.0008952551477171555,-0.0017905102954342,-0.05000000000000426,-0.10000000000000142,55.75,55.85,55.8,55.85,11.0,294.0,2116.0,764.0,False,False
006208,2022-10-26 09:41:48.719484,-0.0008952551477171555,-0.0017905102954342,-0.05000000000000426,-0.10000000000000142,55.75,55.85,55.8,55.85,11.0,294.0,2116.0,764.0,False,False
006208,2022-10-26 09:41:48.769034,0.0,-0.0017905102954342,0.0,-0.10000000000000142,55.75,55.8,55.8,55.85,11.0,1.0,2116.0,764.0,False,False
006208,2022-10-26 09:41:48.870139,0.0,-0.0017905102954342,0.0,-0.10000000000000142,55.75,55.8,55.8,55.85,11.0,1.0,2116.0,764.0,False,False
006208,2022-10-26 09:41:48.998587,0.0,-0.0017905102954342,0.0,-0.10000000000000142,55.75,55.8,55.8,55.85,11.0,1.0,2116.0,764.0,False,False
006208,2022-10-26 09:41:49.189848,0.0,-0.0017905102954342,0.0,-0.10000000000000142,55.75,55.8,55.8,55.85,11.0,1.0,2116.0,764.0,False,False
006208,2022-10-26 09:41:49.189876,0.0,-0.0017905102954342,0.0,-0.10000000000000142,55.75,55.8,55.8,55.85,11.0,1.0,2116.0,764.0,False,False
006208,2022-10-26 09:41:49.452665,0.0,-0.0017905102954342,0.0,-0.10000000000000142,55.75,55.8,55.8,55.85,11.0,1.0,2116.0,764.0,False,False
006208,2022-10-26 09:41:49.452848,0.0,-0.0017905102954342,0.0,-0.10000000000000142,55.75,55.8,55.8,55.85,11.0,1.0,2116.0,764.0,False,False
006208,2022-10-26 09:41:50.489368,-0.0008952551477171555,-0.0017905102954342,-0.05000000000000426,-0.10000000000000142,55.75,55.85,55.8,55.85,11.0,314.0,2116.0,764.0,False,False
006208,2022-10-26 09:41:50.531965,-0.0008952551477171555,-0.0017905102954342,-0.05000000000000426,-0.10000000000000142,55.75,55.85,55.8,55.85,11.0,314.0,2116.0,764.0,False,False
006208,2022-10-26 09:41:50.594714,-0.0008952551477171555,-0.0017905102954342,-0.05000000000000426,-0.10000000000000142,55.75,55.85,55.8,55.85,11.0,274.0,2116.0,764.0,False,False
006208,2022-10-26 09:41:50.723490,-0.0008952551477171555,-0.0017905102954342,-0.05000000000000426,-0.10000000000000142,55.75,55.85,55.8,55.85,11.0,274.0,2116.0,764.0,False,False
006208,2022-10-26 09:41:53.191883,-0.0008952551477171555,-0.0017905102954342,-0.05000000000000426,-0.10000000000000142,55.75,55.85,55.8,55.85,11.0,274.0,2116.0,764.0,False,False
006208,2022-10-26 09:41:53.203933,-0.0008952551477171555,-0.0017905102954342,-0.05000000000000426,-0.10000000000000142,55.75,55.85,55.8,55.85,11.0,274.0,2116.0,764.0,False,False
006208,2022-10-26 09:41:54.210313,-0.0008952551477171555,-0.0017905102954342,-0.05000000000000426,-0.10000000000000142,55.75,55.85,55.8,55.85,11.0,274.0,2116.0,764.0,False,False
006208,2022-10-26 09:41:54.203615,-0.0008952551477171555,-0.0017905102954342,-0.05000000000000426,-0.10000000000000142,55.75,55.85,55.8,55.85,11.0,274.0,2126.0,764.0,True,True
006208,2022-10-26 09:41:54.221085,-0.0008952551477171555,-0.0017905102954342,-0.05000000000000426,-0.10000000000000142,55.75,55.85,55.8,55.85,11.0,274.0,2126.0,764.0,False,False
006208,2022-10-26 09:42:00.541387,-0.0008952551477171555,-0.0017905102954342,-0.05000000000000426,-0.10000000000000142,55.75,55.85,55.8,55.85,11.0,273.0,2126.0,764.0,False,False
006208,2022-10-26 09:42:00.723894,-0.0008952551477171555,-0.0017905102954342,-0.05000000000000426,-0.10000000000000142,55.75,55.85,55.8,55.85,11.0,273.0,2126.0,764.0,False,False
006208,2022-10-26 09:42:00.733621,-0.0008952551477171555,-0.0017905102954342,-0.05000000000000426,-0.10000000000000142,55.75,55.85,55.8,55.85,11.0,273.0,2126.0,764.0,False,False
006208,2022-10-26 09:42:00.860221,-0.0008952551477171555,-0.0017905102954342,-0.05000000000000426,-0.10000000000000142,55.75,55.85,55.8,55.85,11.0,273.0,2126.0,764.0,False,False
006208,2022-10-26 09:42:01.216603,-0.0008952551477171555,-0.0017905102954342,-0.05000000000000426,-0.10000000000000142,55.75,55.85,55.8,55.85,11.0,273.0,2126.0,764.0,False,False
006208,2022-10-26 09:42:01.247152,-0.0008952551477171555,-0.0017905102954342,-0.05000000000000426,-0.10000000000000142,55.75,55.85,55.8,55.85,11.0,273.0,2126.0,764.0,False,False
006208,2022-10-26 09:42:03.227561,-0.0008952551477171555,-0.0017905102954342,-0.05000000000000426,-0.10000000000000142,55.75,55.85,55.8,55.85,11.0,273.0,2126.0,764.0,False,False
006208,2022-10-26 09:42:03.592553,-0.0008952551477171555,-0.0017905102954342,-0.05000000000000426,-0.10000000000000142,55.75,55.85,55.8,55.85,11.0,273.0,2126.0,764.0,False,False
006208,2022-10-26 09:42:03.597755,-0.0008952551477171555,-0.0017905102954342,-0.05000000000000426,-0.10000000000000142,55.75,55.85,55.8,55.85,86.0,198.0,2126.0,764.0,False,False
006208,2022-10-26 09:42:03.690143,-0.0008952551477171555,-0.0017905102954342,-0.05000000000000426,-0.10000000000000142,55.75,55.85,55.8,55.85,86.0,198.0,2126.0,764.0,False,False
006208,2022-10-26 09:42:07.816597,0.0,-0.0017905102954342,0.0,-0.10000000000000142,55.75,55.8,55.8,55.85,86.0,1.0,2126.0,764.0,False,False
006208,2022-10-26 09:42:07.882585,0.0,-0.0017905102954342,0.0,-0.10000000000000142,55.75,55.8,55.8,55.85,86.0,1.0,2126.0,764.0,False,False
006208,2022-10-26 09:42:08.108064,0.0,-0.0017905102954342,0.0,-0.10000000000000142,55.75,55.8,55.8,55.85,86.0,1.0,2126.0,764.0,False,False
006208,2022-10-26 09:42:08.367955,0.0,-0.0017905102954342,0.0,-0.10000000000000142,55.75,55.8,55.8,55.85,86.0,1.0,2126.0,764.0,False,False
006208,2022-10-26 09:42:08.368348,0.0,-0.0017905102954342,0.0,-0.10000000000000142,55.75,55.8,55.8,55.85,86.0,1.0,2126.0,764.0,False,False
006208,2022-10-26 09:42:10.499820,-0.0008952551477171555,-0.0017905102954342,-0.05000000000000426,-0.10000000000000142,55.75,55.85,55.8,55.85,86.0,238.0,2126.0,764.0,False,False
006208,2022-10-26 09:42:10.544025,-0.0008952551477171555,-0.0017905102954342,-0.05000000000000426,-0.10000000000000142,55.75,55.85,55.8,55.85,86.0,238.0,2126.0,764.0,False,False
006208,2022-10-26 09:42:10.613807,-0.0008952551477171555,-0.0017905102954342,-0.05000000000000426,-0.10000000000000142,55.75,55.85,55.8,55.85,86.0,238.0,2126.0,764.0,False,False
006208,2022-10-26 09:42:10.771026,-0.0008952551477171555,-0.0017905102954342,-0.05000000000000426,-0.10000000000000142,55.75,55.85,55.8,55.85,86.0,198.0,2126.0,764.0,False,False
006208,2022-10-26 09:42:10.886591,-0.0008952551477171555,-0.0017905102954342,-0.05000000000000426,-0.10000000000000142,55.75,55.85,55.8,55.85,86.0,98.0,2126.0,764.0,False,False
006208,2022-10-26 09:42:11.005887,-0.0008952551477171555,-0.0017905102954342,-0.05000000000000426,-0.10000000000000142,55.75,55.85,55.8,55.85,86.0,58.0,2126.0,764.0,False,False
006208,2022-10-26 09:42:11.802599,-0.0008952551477171555,-0.0017905102954342,-0.05000000000000426,-0.10000000000000142,55.75,55.85,55.8,55.85,186.0,58.0,2126.0,764.0,False,False
006208,2022-10-26 09:42:11.807088,-0.0008952551477171555,-0.0017905102954342,-0.05000000000000426,-0.10000000000000142,55.75,55.85,55.8,55.85,186.0,98.0,2126.0,764.0,False,False
006208,2022-10-26 09:42:12.000437,-0.0008952551477171555,-0.0017905102954342,-0.05000000000000426,-0.10000000000000142,55.75,55.85,55.8,55.85,186.0,58.0,2126.0,764.0,False,False
006208,2022-10-26 09:42:12.811138,-0.0008952551477171555,-0.0017905102954342,-0.05000000000000426,-0.10000000000000142,55.75,55.85,55.8,55.85,186.0,98.0,2126.0,764.0,False,False
006208,2022-10-26 09:42:13.587667,-0.0008952551477171555,-0.0017905102954342,-0.05000000000000426,-0.10000000000000142,55.75,55.85,55.8,55.85,186.0,58.0,2126.0,764.0,False,False
006208,2022-10-26 09:42:14.295234,-0.0008952551477171555,-0.0017905102954342,-0.05000000000000426,-0.10000000000000142,55.75,55.85,55.8,55.85,186.0,58.0,2126.0,739.0,True,True
006208,2022-10-26 09:42:14.715491,-0.0008952551477171555,-0.0017905102954342,-0.05000000000000426,-0.10000000000000142,55.75,55.85,55.8,55.85,186.0,58.0,2126.0,739.0,False,False
006208,2022-10-26 09:42:14.721761,-0.0008952551477171555,-0.0017905102954342,-0.05000000000000426,-0.10000000000000142,55.75,55.85,55.8,55.85,186.0,58.0,2126.0,739.0,False,False
006208,2022-10-26 09:42:15.155596,-0.0008952551477171555,-0.0017905102954342,-0.05000000000000426,-0.10000000000000142,55.75,55.85,55.8,55.85,186.0,58.0,2126.0,739.0,False,False
006208,2022-10-26 09:42:15.156003,-0.0008952551477171555,-0.0017905102954342,-0.05000000000000426,-0.10000000000000142,55.75,55.85,55.8,55.85,186.0,78.0,2126.0,739.0,False,False
006208,2022-10-26 09:42:15.737749,-0.0008952551477171555,-0.0017905102954342,-0.05000000000000426,-0.10000000000000142,55.75,55.85,55.8,55.85,186.0,78.0,2126.0,739.0,False,False
006208,2022-10-26 09:42:15.746282,-0.0008952551477171555,-0.0017905102954342,-0.05000000000000426,-0.10000000000000142,55.75,55.85,55.8,55.85,186.0,78.0,2126.0,739.0,False,False
006208,2022-10-26 09:42:16.404618,-0.0008952551477171555,-0.0017905102954342,-0.05000000000000426,-0.10000000000000142,55.75,55.85,55.8,55.85,186.0,78.0,2126.0,739.0,False,False
006208,2022-10-26 09:42:16.408532,-0.0008952551477171555,-0.0017905102954342,-0.05000000000000426,-0.10000000000000142,55.75,55.85,55.8,55.85,186.0,78.0,2126.0,739.0,False,False
006208,2022-10-26 09:42:16.961614,0.0,-0.0017905102954342,0.0,-0.10000000000000142,55.75,55.8,55.8,55.85,186.0,1.0,2126.0,739.0,False,False
006208,2022-10-26 09:42:17.046249,0.0,-0.0017905102954342,0.0,-0.10000000000000142,55.75,55.8,55.8,55.85,186.0,1.0,2126.0,739.0,False,False
006208,2022-10-26 09:42:17.115916,-0.0008952551477171555,-0.0017905102954342,-0.05000000000000426,-0.10000000000000142,55.75,55.85,55.8,55.85,186.0,78.0,2126.0,739.0,False,False
006208,2022-10-26 09:42:17.142054,-0.0008952551477171555,-0.0017905102954342,-0.05000000000000426,-0.10000000000000142,55.75,55.85,55.8,55.85,186.0,78.0,2126.0,739.0,False,False
006208,2022-10-26 09:42:17.176933,-0.0008952551477171555,-0.0017905102954342,-0.05000000000000426,-0.10000000000000142,55.75,55.85,55.8,55.85,186.0,78.0,2126.0,739.0,False,False
006208,2022-10-26 09:42:17.207402,-0.0008952551477171555,-0.0017905102954342,-0.05000000000000426,-0.10000000000000142,55.75,55.85,55.8,55.85,186.0,78.0,2126.0,739.0,False,False
006208,2022-10-26 09:42:20.520282,-0.0008952551477171555,-0.0017905102954342,-0.05000000000000426,-0.10000000000000142,55.75,55.85,55.8,55.85,186.0,77.0,2126.0,739.0,False,False
006208,2022-10-26 09:42:20.886027,-0.0008952551477171555,-0.0017905102954342,-0.05000000000000426,-0.10000000000000142,55.75,55.85,55.8,55.85,186.0,77.0,2126.0,739.0,False,False
006208,2022-10-26 09:42:20.889966,-0.0008952551477171555,-0.0017905102954342,-0.05000000000000426,-0.10000000000000142,55.75,55.85,55.8,55.85,186.0,77.0,2126.0,739.0,False,False
006208,2022-10-26 09:42:21.024315,-0.0008952551477171555,-0.0017905102954342,-0.05000000000000426,-0.10000000000000142,55.75,55.85,55.8,55.85,186.0,77.0,2126.0,739.0,False,False
006208,2022-10-26 09:42:23.969584,-0.0008952551477171555,-0.0017905102954342,-0.05000000000000426,-0.10000000000000142,55.75,55.85,55.8,55.85,186.0,117.0,2126.0,739.0,False,False
006208,2022-10-26 09:42:23.993904,-0.0008952551477171555,-0.0017905102954342,-0.05000000000000426,-0.10000000000000142,55.75,55.85,55.8,55.85,86.0,117.0,2126.0,739.0,False,False
006208,2022-10-26 09:42:24.296180,-0.0008952551477171555,-0.0017905102954342,-0.05000000000000426,-0.10000000000000142,55.75,55.85,55.8,55.85,86.0,117.0,2126.0,739.0,False,False
006208,2022-10-26 09:42:24.344595,-0.0008952551477171555,-0.0017905102954342,-0.05000000000000426,-0.10000000000000142,55.75,55.85,55.8,55.85,86.0,117.0,2126.0,839.0,True,True
006208,2022-10-26 09:42:24.389547,-0.0008952551477171555,-0.0017905102954342,-0.05000000000000426,-0.10000000000000142,55.75,55.85,55.8,55.85,11.0,192.0,2126.0,839.0,False,False
006208,2022-10-26 09:42:24.994522,-0.0008952551477171555,-0.0017905102954342,-0.05000000000000426,-0.10000000000000142,55.75,55.85,55.8,55.85,11.0,292.0,2126.0,839.0,False,False
006208,2022-10-26 09:42:25.069527,-0.0008952551477171555,-0.0017905102954342,-0.05000000000000426,-0.10000000000000142,55.75,55.85,55.8,55.85,11.0,292.0,2126.0,839.0,False,False
006208,2022-10-26 09:42:25.132419,-0.0008952551477171555,-0.0017905102954342,-0.05000000000000426,-0.10000000000000142,55.75,55.85,55.8,55.85,11.0,292.0,2126.0,839.0,False,False
006208,2022-10-26 09:42:25.226120,-0.0008952551477171555,-0.0017905102954342,-0.05000000000000426,-0.10000000000000142,55.75,55.85,55.8,55.85,11.0,292.0,2126.0,839.0,False,False
006208,2022-10-26 09:42:25.288534,-0.0008952551477171555,-0.0017905102954342,-0.05000000000000426,-0.10000000000000142,55.75,55.85,55.8,55.85,11.0,292.0,2126.0,839.0,False,False
006208,2022-10-26 09:42:25.334633,-0.0008952551477171555,-0.0017905102954342,-0.05000000000000426,-0.10000000000000142,55.75,55.85,55.8,55.85,11.0,272.0,2126.0,839.0,False,False
006208,2022-10-26 09:42:25.848738,-0.0008952551477171555,-0.0017905102954342,-0.05000000000000426,-0.10000000000000142,55.75,55.85,55.8,55.85,11.0,272.0,2126.0,839.0,False,False
006208,2022-10-26 09:42:25.848985,-0.0008952551477171555,-0.0017905102954342,-0.05000000000000426,-0.10000000000000142,55.75,55.85,55.8,55.85,11.0,292.0,2126.0,839.0,False,False
006208,2022-10-26 09:42:26.159655,-0.0008952551477171555,-0.0017905102954342,-0.05000000000000426,-0.10000000000000142,55.75,55.85,55.8,55.85,11.0,292.0,2126.0,839.0,False,False
006208,2022-10-26 09:42:26.306739,-0.0008952551477171555,-0.0017905102954342,-0.05000000000000426,-0.10000000000000142,55.75,55.85,55.8,55.85,11.0,292.0,2126.0,839.0,False,False
006208,2022-10-26 09:42:26.578745,-0.0008952551477171555,-0.0017905102954342,-0.05000000000000426,-0.10000000000000142,55.75,55.85,55.8,55.85,11.0,292.0,2126.0,839.0,False,False
006208,2022-10-26 09:42:26.977369,-0.0008952551477171555,-0.0017905102954342,-0.05000000000000426,-0.10000000000000142,55.75,55.85,55.8,55.85,11.0,292.0,2126.0,839.0,False,False
006208,2022-10-26 09:42:28.554899,0.0,-0.0017905102954342,0.0,-0.10000000000000142,55.75,55.8,55.8,55.85,11.0,1.0,2126.0,839.0,False,False
006208,2022-10-26 09:42:28.579401,0.0,-0.0017905102954342,0.0,-0.10000000000000142,55.75,55.8,55.8,55.85,11.0,1.0,2126.0,839.0,False,False
006208,2022-10-26 09:42:28.895848,0.0,-0.0017905102954342,0.0,-0.10000000000000142,55.75,55.8,55.8,55.85,11.0,1.0,2126.0,839.0,False,False
006208,2022-10-26 09:42:29.107344,0.0,-0.0017905102954342,0.0,-0.10000000000000142,55.75,55.8,55.8,55.85,11.0,1.0,2126.0,839.0,False,False
006208,2022-10-26 09:42:29.140060,0.0,-0.0017905102954342,0.0,-0.10000000000000142,55.75,55.8,55.8,55.85,11.0,1.0,2126.0,839.0,False,False
006208,2022-10-26 09:42:30.511263,-0.0008952551477171555,-0.0017905102954342,-0.05000000000000426,-0.10000000000000142,55.75,55.85,55.8,55.85,11.0,332.0,2126.0,839.0,False,False
006208,2022-10-26 09:42:30.554308,-0.0008952551477171555,-0.0017905102954342,-0.05000000000000426,-0.10000000000000142,55.75,55.85,55.8,55.85,11.0,332.0,2126.0,839.0,False,False
006208,2022-10-26 09:42:30.596574,-0.0008952551477171555,-0.0017905102954342,-0.05000000000000426,-0.10000000000000142,55.75,55.85,55.8,55.85,11.0,332.0,2126.0,839.0,False,False
006208,2022-10-26 09:42:30.699993,-0.0008952551477171555,-0.0017905102954342,-0.05000000000000426,-0.10000000000000142,55.75,55.85,55.8,55.85,11.0,292.0,2126.0,839.0,False,False
006208,2022-10-26 09:42:30.829930,-0.0008952551477171555,-0.0017905102954342,-0.05000000000000426,-0.10000000000000142,55.75,55.85,55.8,55.85,11.0,292.0,2126.0,839.0,False,False
006208,2022-10-26 09:42:31.960950,-0.0008952551477171555,-0.0017905102954342,-0.05000000000000426,-0.10000000000000142,55.75,55.85,55.8,55.85,11.0,292.0,2126.0,839.0,False,False
006208,2022-10-26 09:42:32.047563,-0.0008952551477171555,-0.0017905102954342,-0.05000000000000426,-0.10000000000000142,55.75,55.85,55.8,55.85,86.0,217.0,2126.0,839.0,False,False
006208,2022-10-26 09:42:32.332718,-0.0008952551477171555,-0.0017905102954342,-0.05000000000000426,-0.10000000000000142,55.75,55.85,55.8,55.85,86.0,217.0,2126.0,839.0,False,False
006208,2022-10-26 09:42:33.027032,-0.0008952551477171555,-0.0017905102954342,-0.05000000000000426,-0.10000000000000142,55.75,55.85,55.8,55.85,86.0,217.0,2126.0,839.0,False,False
006208,2022-10-26 09:42:33.030102,-0.0008952551477171555,-0.0017905102954342,-0.05000000000000426,-0.10000000000000142,55.75,55.85,55.8,55.85,86.0,217.0,2126.0,839.0,False,False
006208,2022-10-26 09:42:33.820599,-0.0008952551477171555,-0.0017905102954342,-0.05000000000000426,-0.10000000000000142,55.75,55.85,55.8,55.85,86.0,177.0,2126.0,839.0,False,False
006208,2022-10-26 09:42:33.924918,-0.0008952551477171555,-0.0017905102954342,-0.05000000000000426,-0.10000000000000142,55.75,55.85,55.8,55.85,86.0,77.0,2126.0,839.0,False,False
006208,2022-10-26 09:42:34.382795,-0.0008952551477171555,-0.0017905102954342,-0.05000000000000426,-0.10000000000000142,55.75,55.85,55.8,55.85,86.0,77.0,2126.0,789.0,True,True
006208,2022-10-26 09:42:34.849009,-0.0008952551477171555,-0.0017905102954342,-0.05000000000000426,-0.10000000000000142,55.75,55.85,55.8,55.85,186.0,77.0,2126.0,789.0,False,False
006208,2022-10-26 09:42:37.074091,-0.0008952551477171555,-0.0017905102954342,-0.05000000000000426,-0.10000000000000142,55.75,55.85,55.8,55.85,186.0,117.0,2126.0,789.0,False,False
006208,2022-10-26 09:42:37.103547,-0.0008952551477171555,-0.0017905102954342,-0.05000000000000426,-0.10000000000000142,55.75,55.85,55.8,55.85,86.0,117.0,2126.0,789.0,False,False
006208,2022-10-26 09:42:37.375897,-0.0008952551477171555,-0.0017905102954342,-0.05000000000000426,-0.10000000000000142,55.75,55.85,55.8,55.85,86.0,117.0,2126.0,789.0,False,False
006208,2022-10-26 09:42:37.385287,-0.0008952551477171555,-0.0017905102954342,-0.05000000000000426,-0.10000000000000142,55.75,55.85,55.8,55.85,86.0,117.0,2126.0,789.0,False,False
006208,2022-10-26 09:42:37.791230,-0.0008952551477171555,-0.0017905102954342,-0.05000000000000426,-0.10000000000000142,55.75,55.85,55.8,55.85,86.0,117.0,2126.0,789.0,False,False
006208,2022-10-26 09:42:38.104819,-0.0008952551477171555,-0.0017905102954342,-0.05000000000000426,-0.10000000000000142,55.75,55.85,55.8,55.85,86.0,217.0,2126.0,789.0,False,False
006208,2022-10-26 09:42:38.171207,-0.0008952551477171555,-0.0017905102954342,-0.05000000000000426,-0.10000000000000142,55.75,55.85,55.8,55.85,86.0,217.0,2126.0,789.0,False,False
006208,2022-10-26 09:42:38.178978,-0.0008952551477171555,-0.0017905102954342,-0.05000000000000426,-0.10000000000000142,55.75,55.85,55.8,55.85,86.0,217.0,2126.0,789.0,False,False
006208,2022-10-26 09:42:40.530208,-0.0008952551477171555,-0.0017905102954342,-0.05000000000000426,-0.10000000000000142,55.75,55.85,55.8,55.85,86.0,216.0,2126.0,789.0,False,False
006208,2022-10-26 09:42:40.828693,-0.0008952551477171555,-0.0017905102954342,-0.05000000000000426,-0.10000000000000142,55.75,55.85,55.8,55.85,86.0,216.0,2126.0,789.0,False,False
006208,2022-10-26 09:42:40.831197,-0.0008952551477171555,-0.0017905102954342,-0.05000000000000426,-0.10000000000000142,55.75,55.85,55.8,55.85,86.0,216.0,2126.0,789.0,False,False
006208,2022-10-26 09:42:41.054207,-0.0008952551477171555,-0.0017905102954342,-0.05000000000000426,-0.10000000000000142,55.75,55.85,55.8,55.85,86.0,156.0,2126.0,789.0,False,False
006208,2022-10-26 09:42:41.171973,-0.0008952551477171555,-0.0017905102954342,-0.05000000000000426,-0.10000000000000142,55.75,55.85,55.8,55.85,86.0,56.0,2126.0,789.0,False,False
006208,2022-10-26 09:42:41.232110,-0.0008952551477171555,-0.0017905102954342,-0.05000000000000426,-0.10000000000000142,55.75,55.85,55.8,55.85,86.0,56.0,2126.0,789.0,False,False
006208,2022-10-26 09:42:42.058050,-0.0008952551477171555,-0.0017905102954342,-0.05000000000000426,-0.10000000000000142,55.75,55.85,55.8,55.85,186.0,56.0,2126.0,789.0,False,False
006208,2022-10-26 09:42:42.707018,-0.0008952551477171555,-0.0017905102954342,-0.05000000000000426,-0.10000000000000142,55.75,55.85,55.8,55.85,186.0,56.0,2126.0,789.0,False,False
006208,2022-10-26 09:42:42.735484,-0.0008952551477171555,-0.0017905102954342,-0.05000000000000426,-0.10000000000000142,55.75,55.85,55.8,55.85,86.0,56.0,2126.0,789.0,False,False
006208,2022-10-26 09:42:42.913505,-0.0008952551477171555,-0.0017905102954342,-0.05000000000000426,-0.10000000000000142,55.75,55.85,55.8,55.85,86.0,116.0,2126.0,789.0,False,False
006208,2022-10-26 09:42:43.736379,-0.0008952551477171555,-0.0017905102954342,-0.05000000000000426,-0.10000000000000142,55.75,55.85,55.8,55.85,86.0,216.0,2126.0,789.0,False,False
006208,2022-10-26 09:42:43.798453,-0.0008952551477171555,-0.0017905102954342,-0.05000000000000426,-0.10000000000000142,55.75,55.85,55.8,55.85,86.0,216.0,2126.0,789.0,False,False
006208,2022-10-26 09:42:43.807267,-0.0008952551477171555,-0.0017905102954342,-0.05000000000000426,-0.10000000000000142,55.75,55.85,55.8,55.85,86.0,216.0,2126.0,789.0,False,False
006208,2022-10-26 09:42:44.422875,-0.0008952551477171555,-0.0017905102954342,-0.05000000000000426,-0.10000000000000142,55.75,55.85,55.8,55.85,86.0,216.0,2199.0,2004.0,True,True
006208,2022-10-26 09:42:44.820588,-0.0008952551477171555,-0.0017905102954342,-0.05000000000000426,-0.10000000000000142,55.75,55.85,55.8,55.85,86.0,216.0,2199.0,2004.0,False,False
006208,2022-10-26 09:42:47.396232,-0.0008952551477171555,-0.0017905102954342,-0.05000000000000426,-0.10000000000000142,55.75,55.85,55.8,55.85,86.0,216.0,2199.0,2004.0,False,False
006208,2022-10-26 09:42:47.396248,-0.0008952551477171555,-0.0017905102954342,-0.05000000000000426,-0.10000000000000142,55.75,55.85,55.8,55.85,86.0,196.0,2199.0,2004.0,False,False
006208,2022-10-26 09:42:47.461380,-0.0008952551477171555,-0.0017905102954342,-0.05000000000000426,-0.10000000000000142,55.75,55.85,55.8,55.85,86.0,196.0,2199.0,2004.0,False,False
006208,2022-10-26 09:42:47.930044,-0.0008952551477171555,-0.0017905102954342,-0.05000000000000426,-0.10000000000000142,55.75,55.85,55.8,55.85,86.0,196.0,2199.0,2004.0,False,False
006208,2022-10-26 09:42:47.930125,-0.0008952551477171555,-0.0017905102954342,-0.05000000000000426,-0.10000000000000142,55.75,55.85,55.8,55.85,86.0,196.0,2199.0,2004.0,False,False
006208,2022-10-26 09:42:48.025567,-0.0008952551477171555,-0.0017905102954342,-0.05000000000000426,-0.10000000000000142,55.75,55.85,55.8,55.85,86.0,216.0,2199.0,2004.0,False,False
006208,2022-10-26 09:42:48.171759,-0.0008952551477171555,-0.0017905102954342,-0.05000000000000426,-0.10000000000000142,55.75,55.85,55.8,55.85,86.0,291.0,2199.0,2004.0,False,False
006208,2022-10-26 09:42:48.290662,-0.0008952551477171555,-0.0017905102954342,-0.05000000000000426,-0.10000000000000142,55.75,55.85,55.8,55.85,86.0,292.0,2199.0,2004.0,False,False
006208,2022-10-26 09:42:49.566216,-0.0008952551477171555,-0.0008952551477171555,-0.05000000000000426,-0.05000000000000426,55.8,55.85,55.8,55.85,1.0,292.0,2199.0,2004.0,False,False
006208,2022-10-26 09:42:49.598146,-0.0008952551477171555,-0.0017905102954342,-0.05000000000000426,-0.10000000000000142,55.75,55.85,55.8,55.85,86.0,292.0,2199.0,2004.0,False,False
006208,2022-10-26 09:42:49.634361,-0.0008952551477171555,-0.0017905102954342,-0.05000000000000426,-0.10000000000000142,55.75,55.85,55.8,55.85,86.0,292.0,2199.0,2004.0,False,False
006208,2022-10-26 09:42:49.933044,0.0,-0.0017905102954342,0.0,-0.10000000000000142,55.75,55.8,55.8,55.85,86.0,2.0,2199.0,2004.0,False,False
006208,2022-10-26 09:42:50.013573,0.0,-0.0017905102954342,0.0,-0.10000000000000142,55.75,55.8,55.8,55.85,86.0,2.0,2199.0,2004.0,False,False
006208,2022-10-26 09:42:50.118891,0.0,-0.0017905102954342,0.0,-0.10000000000000142,55.75,55.8,55.8,55.85,86.0,1.0,2199.0,2004.0,False,False
006208,2022-10-26 09:42:50.069222,0.0,-0.0017905102954342,0.0,-0.10000000000000142,55.75,55.8,55.8,55.85,86.0,2.0,2199.0,2004.0,False,False
006208,2022-10-26 09:42:50.241830,0.0,-0.0017905102954342,0.0,-0.10000000000000142,55.75,55.8,55.8,55.85,86.0,1.0,2199.0,2004.0,False,False
006208,2022-10-26 09:42:51.835338,0.0,-0.0017905102954342,0.0,-0.10000000000000142,55.75,55.8,55.8,55.85,95.0,1.0,2199.0,2004.0,False,False
006208,2022-10-26 09:42:52.484585,0.0,-0.0017905102954342,0.0,-0.10000000000000142,55.75,55.8,55.8,55.85,95.0,1.0,2199.0,2004.0,False,False
006208,2022-10-26 09:42:52.592613,0.0,-0.0017905102954342,0.0,-0.10000000000000142,55.75,55.8,55.8,55.85,95.0,1.0,2199.0,2004.0,False,False
006208,2022-10-26 09:42:52.977152,0.0,-0.0017905102954342,0.0,-0.10000000000000142,55.75,55.8,55.8,55.85,95.0,1.0,2199.0,2004.0,False,False
006208,2022-10-26 09:42:53.515639,0.0,-0.0017905102954342,0.0,-0.10000000000000142,55.75,55.8,55.8,55.85,95.0,1.0,2199.0,2004.0,False,False
006208,2022-10-26 09:42:53.604096,0.0,-0.0017905102954342,0.0,-0.10000000000000142,55.75,55.8,55.8,55.85,95.0,1.0,2199.0,2004.0,False,False
006208,2022-10-26 09:42:53.826687,0.0,-0.0017905102954342,0.0,-0.10000000000000142,55.75,55.8,55.8,55.85,95.0,1.0,2199.0,2004.0,False,False
006208,2022-10-26 09:42:53.871097,0.0,-0.0017905102954342,0.0,-0.10000000000000142,55.75,55.8,55.8,55.85,96.0,1.0,2199.0,2004.0,False,False
006208,2022-10-26 09:42:54.466228,0.0,-0.0017905102954342,0.0,-0.10000000000000142,55.75,55.8,55.8,55.85,96.0,1.0,2199.0,2304.0,True,True
006208,2022-10-26 09:42:54.584275,0.0,-0.0017905102954342,0.0,-0.10000000000000142,55.75,55.8,55.8,55.85,96.0,1.0,2199.0,2304.0,False,False
006208,2022-10-26 09:42:54.605971,0.0,-0.0017905102954342,0.0,-0.10000000000000142,55.75,55.8,55.8,55.85,96.0,1.0,2199.0,2304.0,False,False
006208,2022-10-26 09:42:55.182490,-0.0008952551477171555,-0.0017905102954342,-0.05000000000000426,-0.10000000000000142,55.75,55.85,55.8,55.85,96.0,332.0,2199.0,2304.0,False,False
006208,2022-10-26 09:42:55.225833,-0.0008952551477171555,-0.0017905102954342,-0.05000000000000426,-0.10000000000000142,55.75,55.85,55.8,55.85,96.0,332.0,2199.0,2304.0,False,False
006208,2022-10-26 09:42:55.300776,-0.0008952551477171555,-0.0017905102954342,-0.05000000000000426,-0.10000000000000142,55.75,55.85,55.8,55.85,96.0,292.0,2199.0,2304.0,False,False
006208,2022-10-26 09:42:55.427930,-0.0008952551477171555,-0.0017905102954342,-0.05000000000000426,-0.10000000000000142,55.75,55.85,55.8,55.85,96.0,292.0,2199.0,2304.0,False,False
006208,2022-10-26 09:42:55.672426,-0.0008952551477171555,-0.0017905102954342,-0.05000000000000426,-0.10000000000000142,55.75,55.85,55.8,55.85,96.0,272.0,2199.0,2304.0,False,False
006208,2022-10-26 09:42:55.672735,-0.0008952551477171555,-0.0017905102954342,-0.05000000000000426,-0.10000000000000142,55.75,55.85,55.8,55.85,96.0,292.0,2199.0,2304.0,False,False
006208,2022-10-26 09:42:56.284932,-0.0008952551477171555,-0.0017905102954342,-0.05000000000000426,-0.10000000000000142,55.75,55.85,55.8,55.85,96.0,292.0,2199.0,2304.0,False,False
006208,2022-10-26 09:42:56.285103,-0.0008952551477171555,-0.0017905102954342,-0.05000000000000426,-0.10000000000000142,55.75,55.85,55.8,55.85,96.0,292.0,2199.0,2304.0,False,False
006208,2022-10-26 09:42:56.483794,-0.0008952551477171555,-0.0017905102954342,-0.05000000000000426,-0.10000000000000142,55.75,55.85,55.8,55.85,96.0,217.0,2199.0,2304.0,False,False
006208,2022-10-26 09:42:56.506147,-0.0008952551477171555,-0.0017905102954342,-0.05000000000000426,-0.10000000000000142,55.75,55.85,55.8,55.85,96.0,117.0,2199.0,2304.0,False,False
006208,2022-10-26 09:42:56.661179,-0.0008952551477171555,-0.0017905102954342,-0.05000000000000426,-0.10000000000000142,55.75,55.85,55.8,55.85,96.0,77.0,2199.0,2304.0,False,False
006208,2022-10-26 09:42:56.811909,-0.0008952551477171555,-0.0017905102954342,-0.05000000000000426,-0.10000000000000142,55.75,55.85,55.8,55.85,96.0,77.0,2199.0,2304.0,False,False
006208,2022-10-26 09:42:56.843320,-0.0008952551477171555,-0.0017905102954342,-0.05000000000000426,-0.10000000000000142,55.75,55.85,55.8,55.85,96.0,77.0,2199.0,2304.0,False,False
006208,2022-10-26 09:42:57.017083,-0.0008952551477171555,-0.0017905102954342,-0.05000000000000426,-0.10000000000000142,55.75,55.85,55.8,55.85,96.0,77.0,2199.0,2304.0,False,False
006208,2022-10-26 09:42:57.507233,-0.0008952551477171555,-0.0017905102954342,-0.05000000000000426,-0.10000000000000142,55.75,55.85,55.8,55.85,196.0,77.0,2199.0,2304.0,False,False
006208,2022-10-26 09:42:58.845748,-0.0008952551477171555,-0.0017905102954342,-0.05000000000000426,-0.10000000000000142,55.75,55.85,55.8,55.85,196.0,77.0,2199.0,2304.0,False,False
006208,2022-10-26 09:42:58.854528,-0.0008952551477171555,-0.0017905102954342,-0.05000000000000426,-0.10000000000000142,55.75,55.85,55.8,55.85,196.0,77.0,2199.0,2304.0,False,False
006208,2022-10-26 09:42:59.150774,0.0,-0.0017905102954342,0.0,-0.10000000000000142,55.75,55.8,55.8,55.85,196.0,1.0,2199.0,2304.0,False,False
006208,2022-10-26 09:42:59.185548,0.0,-0.0017905102954342,0.0,-0.10000000000000142,55.75,55.8,55.8,55.85,196.0,1.0,2199.0,2304.0,False,False
006208,2022-10-26 09:42:59.307159,0.0,-0.0017905102954342,0.0,-0.10000000000000142,55.75,55.8,55.8,55.85,196.0,1.0,2199.0,2304.0,False,False
006208,2022-10-26 09:42:59.401894,0.0,-0.0017905102954342,0.0,-0.10000000000000142,55.75,55.8,55.8,55.85,196.0,1.0,2199.0,2304.0,False,False
006208,2022-10-26 09:42:59.724743,0.0,-0.0017905102954342,0.0,-0.10000000000000142,55.75,55.8,55.8,55.85,196.0,1.0,2199.0,2304.0,False,False
006208,2022-10-26 09:42:59.753758,0.0,-0.0017905102954342,0.0,-0.10000000000000142,55.75,55.8,55.8,55.85,196.0,1.0,2199.0,2304.0,False,False
006208,2022-10-26 09:42:59.870739,0.0,-0.0017905102954342,0.0,-0.10000000000000142,55.75,55.8,55.8,55.85,196.0,1.0,2199.0,2304.0,False,False
006208,2022-10-26 09:42:59.990031,0.0,-0.0017905102954342,0.0,-0.10000000000000142,55.75,55.8,55.8,55.85,196.0,1.0,2199.0,2304.0,False,False
006208,2022-10-26 09:43:00.161369,0.0,-0.0017905102954342,0.0,-0.10000000000000142,55.75,55.8,55.8,55.85,196.0,1.0,2199.0,2304.0,False,False
006208,2022-10-26 09:43:00.433816,0.0,-0.0017905102954342,0.0,-0.10000000000000142,55.75,55.8,55.8,55.85,196.0,1.0,2199.0,2304.0,False,False
006208,2022-10-26 09:43:00.516006,0.0,-0.0017905102954342,0.0,-0.10000000000000142,55.75,55.8,55.8,55.85,196.0,1.0,2199.0,2304.0,False,False
006208,2022-10-26 09:43:00.540302,-0.0008952551477171555,-0.0017905102954342,-0.05000000000000426,-0.10000000000000142,55.75,55.85,55.8,55.85,196.0,97.0,2199.0,2304.0,False,False
006208,2022-10-26 09:43:00.545109,-0.0008952551477171555,-0.0017905102954342,-0.05000000000000426,-0.10000000000000142,55.75,55.85,55.8,55.85,196.0,97.0,2199.0,2304.0,False,False
006208,2022-10-26 09:43:00.675186,-0.0008952551477171555,-0.0017905102954342,-0.05000000000000426,-0.10000000000000142,55.75,55.85,55.8,55.85,196.0,17.0,2199.0,2304.0,False,False
006208,2022-10-26 09:43:00.787492,-0.0008952551477171555,-0.0017905102954342,-0.05000000000000426,-0.10000000000000142,55.75,55.85,55.8,55.85,196.0,17.0,2199.0,2304.0,False,False
006208,2022-10-26 09:43:01.232251,-0.0008952551477171555,-0.0017905102954342,-0.05000000000000426,-0.10000000000000142,55.75,55.85,55.8,55.85,196.0,17.0,2199.0,2304.0,False,False
006208,2022-10-26 09:43:01.232655,-0.0008952551477171555,-0.0017905102954342,-0.05000000000000426,-0.10000000000000142,55.75,55.85,55.8,55.85,196.0,17.0,2199.0,2304.0,False,False
006208,2022-10-26 09:43:02.498343,-0.0008952551477171555,-0.0017905102954342,-0.05000000000000426,-0.10000000000000142,55.75,55.85,55.8,55.85,196.0,17.0,2199.0,2304.0,False,False
006208,2022-10-26 09:43:02.498346,-0.0008952551477171555,-0.0017905102954342,-0.05000000000000426,-0.10000000000000142,55.75,55.85,55.8,55.85,196.0,17.0,2199.0,2304.0,False,False
006208,2022-10-26 09:43:02.878049,-0.0008952551477171555,-0.0017905102954342,-0.05000000000000426,-0.10000000000000142,55.75,55.85,55.8,55.85,196.0,17.0,2199.0,2304.0,False,False
006208,2022-10-26 09:43:02.914744,-0.0008952551477171555,-0.0017905102954342,-0.05000000000000426,-0.10000000000000142,55.75,55.85,55.8,55.85,196.0,17.0,2199.0,2304.0,False,False
006208,2022-10-26 09:43:03.726946,-0.0008952551477171555,-0.0017905102954342,-0.05000000000000426,-0.10000000000000142,55.75,55.85,55.8,55.85,196.0,17.0,2199.0,2304.0,False,True
006208,2022-10-26 09:43:03.868735,-0.0008952551477171555,-0.0017905102954342,-0.05000000000000426,-0.10000000000000142,55.75,55.85,55.8,55.85,196.0,17.0,2199.0,2304.0,False,False
006208,2022-10-26 09:43:03.880091,-0.0008952551477171555,-0.0017905102954342,-0.05000000000000426,-0.10000000000000142,55.75,55.85,55.8,55.85,236.0,17.0,2199.0,2304.0,False,False
006208,2022-10-26 09:43:04.025986,-0.0008952551477171555,-0.0017905102954342,-0.05000000000000426,-0.10000000000000142,55.75,55.85,55.8,55.85,236.0,17.0,2199.0,2304.0,False,False
006208,2022-10-26 09:43:04.177059,-0.0008952551477171555,-0.0017905102954342,-0.05000000000000426,-0.10000000000000142,55.75,55.85,55.8,55.85,236.0,17.0,2199.0,2304.0,False,False
006208,2022-10-26 09:43:04.221993,-0.0008952551477171555,-0.0017905102954342,-0.05000000000000426,-0.10000000000000142,55.75,55.85,55.8,55.85,236.0,17.0,2199.0,2304.0,False,False
006208,2022-10-26 09:43:04.495097,-0.0008952551477171555,-0.0017905102954342,-0.05000000000000426,-0.10000000000000142,55.75,55.85,55.8,55.85,236.0,17.0,2199.0,2304.0,False,False
006208,2022-10-26 09:43:04.505529,-0.0008952551477171555,-0.0017905102954342,-0.05000000000000426,-0.10000000000000142,55.75,55.85,55.8,55.85,296.0,17.0,2199.0,2304.0,False,False
006208,2022-10-26 09:43:04.869900,-0.0008952551477171555,-0.0017905102954342,-0.05000000000000426,-0.10000000000000142,55.75,55.85,55.8,55.85,296.0,17.0,2199.0,2304.0,False,False
006208,2022-10-26 09:43:05.021308,-0.0008952551477171555,-0.0017905102954342,-0.05000000000000426,-0.10000000000000142,55.75,55.85,55.8,55.85,296.0,17.0,2199.0,2304.0,False,False
006208,2022-10-26 09:43:05.244071,-0.0008952551477171555,-0.0017905102954342,-0.05000000000000426,-0.10000000000000142,55.75,55.85,55.8,55.85,296.0,17.0,2199.0,2304.0,False,False
006208,2022-10-26 09:43:05.380927,-0.0008952551477171555,-0.0017905102954342,-0.05000000000000426,-0.10000000000000142,55.75,55.85,55.8,55.85,296.0,17.0,2199.0,2304.0,False,False
006208,2022-10-26 09:43:05.423156,-0.0008952551477171555,-0.0017905102954342,-0.05000000000000426,-0.10000000000000142,55.75,55.85,55.8,55.85,296.0,17.0,2199.0,2304.0,False,False
006208,2022-10-26 09:43:05.504923,-0.0008952551477171555,-0.0017905102954342,-0.05000000000000426,-0.10000000000000142,55.75,55.85,55.8,55.85,296.0,17.0,2199.0,2304.0,False,False
006208,2022-10-26 09:43:05.836957,-0.0008952551477171555,-0.0017905102954342,-0.05000000000000426,-0.10000000000000142,55.75,55.85,55.8,55.85,296.0,17.0,2199.0,2304.0,False,False
006208,2022-10-26 09:43:05.837002,-0.0008952551477171555,-0.0017905102954342,-0.05000000000000426,-0.10000000000000142,55.75,55.85,55.8,55.85,296.0,17.0,2199.0,2304.0,False,False
006208,2022-10-26 09:43:06.682534,-0.0008952551477171555,-0.0017905102954342,-0.05000000000000426,-0.10000000000000142,55.75,55.85,55.8,55.85,296.0,2.0,2199.0,2304.0,False,False
006208,2022-10-26 09:43:06.810313,-0.0008952551477171555,-0.0017905102954342,-0.05000000000000426,-0.10000000000000142,55.75,55.85,55.8,55.85,296.0,2.0,2199.0,2304.0,False,False
006208,2022-10-26 09:43:10.545400,-0.0008952551477171555,-0.0017905102954342,-0.05000000000000426,-0.10000000000000142,55.75,55.85,55.8,55.85,296.0,1.0,2199.0,2304.0,False,False
006208,2022-10-26 09:43:10.790608,-0.0008952551477171555,-0.0017905102954342,-0.05000000000000426,-0.10000000000000142,55.75,55.85,55.8,55.85,296.0,1.0,2199.0,2304.0,False,False
006208,2022-10-26 09:43:10.792896,-0.0008952551477171555,-0.0017905102954342,-0.05000000000000426,-0.10000000000000142,55.75,55.85,55.8,55.85,296.0,1.0,2199.0,2304.0,False,False
006208,2022-10-26 09:43:10.928838,-0.0008952551477171555,-0.0017905102954342,-0.05000000000000426,-0.10000000000000142,55.75,55.85,55.8,55.85,296.0,1.0,2199.0,2304.0,False,False
006208,2022-10-26 09:43:13.765885,-0.0008952551477171555,-0.0017905102954342,-0.05000000000000426,-0.10000000000000142,55.75,55.85,55.8,55.85,296.0,1.0,2149.0,2354.0,True,True
006208,2022-10-26 09:43:13.873960,-0.0008952551477171555,-0.0017905102954342,-0.05000000000000426,-0.10000000000000142,55.75,55.85,55.8,55.85,296.0,1.0,2149.0,2354.0,False,False
006208,2022-10-26 09:43:15.438625,0.0,-0.0017905102954342,0.0,-0.10000000000000142,55.75,55.8,55.8,55.85,296.0,1.0,2149.0,2354.0,False,False
006208,2022-10-26 09:43:15.469527,0.0,-0.0017905102954342,0.0,-0.10000000000000142,55.75,55.8,55.8,55.85,296.0,1.0,2149.0,2354.0,False,False
006208,2022-10-26 09:43:15.566909,0.0,-0.0017905102954342,0.0,-0.10000000000000142,55.75,55.8,55.8,55.85,296.0,1.0,2149.0,2354.0,False,False
006208,2022-10-26 09:43:19.153774,0.0,-0.0017905102954342,0.0,-0.10000000000000142,55.75,55.8,55.8,55.85,296.0,1.0,2149.0,2354.0,False,False
006208,2022-10-26 09:43:19.761435,0.0,-0.0017905102954342,0.0,-0.10000000000000142,55.75,55.8,55.8,55.85,296.0,1.0,2149.0,2354.0,False,False
006208,2022-10-26 09:43:19.771139,0.0,-0.0017905102954342,0.0,-0.10000000000000142,55.75,55.8,55.8,55.85,296.0,1.0,2149.0,2354.0,False,False
006208,2022-10-26 09:43:20.535440,-0.0008952551477171555,-0.0017905102954342,-0.05000000000000426,-0.10000000000000142,55.75,55.85,55.8,55.85,296.0,1.0,2149.0,2354.0,False,False
006208,2022-10-26 09:43:20.578812,-0.0008952551477171555,-0.0017905102954342,-0.05000000000000426,-0.10000000000000142,55.75,55.85,55.8,55.85,296.0,1.0,2149.0,2354.0,False,False
006208,2022-10-26 09:43:20.680022,-0.0008952551477171555,-0.0017905102954342,-0.05000000000000426,-0.10000000000000142,55.75,55.85,55.8,55.85,296.0,1.0,2149.0,2354.0,False,False
006208,2022-10-26 09:43:20.750142,-0.0008952551477171555,-0.0017905102954342,-0.05000000000000426,-0.10000000000000142,55.75,55.85,55.8,55.85,296.0,1.0,2149.0,2354.0,False,False
006208,2022-10-26 09:43:22.029992,-0.0008952551477171555,-0.0017905102954342,-0.05000000000000426,-0.10000000000000142,55.75,55.85,55.8,55.85,296.0,1.0,2149.0,2354.0,False,False
006208,2022-10-26 09:43:22.052372,-0.0008952551477171555,-0.0017905102954342,-0.05000000000000426,-0.10000000000000142,55.75,55.85,55.8,55.85,296.0,1.0,2149.0,2354.0,False,False
006208,2022-10-26 09:43:22.273135,-0.0008952551477171555,-0.0017905102954342,-0.05000000000000426,-0.10000000000000142,55.75,55.85,55.8,55.85,296.0,1.0,2149.0,2354.0,False,False
006208,2022-10-26 09:43:22.304823,-0.0008952551477171555,-0.0017905102954342,-0.05000000000000426,-0.10000000000000142,55.75,55.85,55.8,55.85,296.0,1.0,2149.0,2354.0,False,False
006208,2022-10-26 09:43:22.521602,-0.0008952551477171555,-0.0017905102954342,-0.05000000000000426,-0.10000000000000142,55.75,55.85,55.8,55.85,296.0,1.0,2149.0,2354.0,False,False
006208,2022-10-26 09:43:22.538212,-0.0008952551477171555,-0.0017905102954342,-0.05000000000000426,-0.10000000000000142,55.75,55.85,55.8,55.85,296.0,1.0,2149.0,2354.0,False,False
006208,2022-10-26 09:43:22.919735,-0.0008952551477171555,-0.0017905102954342,-0.05000000000000426,-0.10000000000000142,55.75,55.85,55.8,55.85,296.0,1.0,2149.0,2354.0,False,False
006208,2022-10-26 09:43:22.924683,-0.0008952551477171555,-0.0017905102954342,-0.05000000000000426,-0.10000000000000142,55.75,55.85,55.8,55.85,296.0,1.0,2149.0,2354.0,False,False
006208,2022-10-26 09:43:23.657753,-0.0008952551477171555,-0.0017905102954342,-0.05000000000000426,-0.10000000000000142,55.75,55.85,55.8,55.85,296.0,1.0,2149.0,2354.0,False,False
006208,2022-10-26 09:43:23.657892,-0.0008952551477171555,-0.0017905102954342,-0.05000000000000426,-0.10000000000000142,55.75,55.85,55.8,55.85,296.0,21.0,2149.0,2354.0,False,False
006208,2022-10-26 09:43:23.803932,-0.0008952551477171555,-0.0017905102954342,-0.05000000000000426,-0.10000000000000142,55.75,55.85,55.8,55.85,296.0,21.0,2249.0,2354.0,True,True
006208,2022-10-26 09:43:24.144592,-0.0008952551477171555,-0.0017905102954342,-0.05000000000000426,-0.10000000000000142,55.75,55.85,55.8,55.85,296.0,20.0,2249.0,2354.0,False,False
006208,2022-10-26 09:43:24.496091,-0.0008952551477171555,-0.0017905102954342,-0.05000000000000426,-0.10000000000000142,55.75,55.85,55.8,55.85,296.0,20.0,2249.0,2354.0,False,False
006208,2022-10-26 09:43:24.535707,-0.0017889087656529634,-0.0017905102954342,-0.10000000000000142,-0.10000000000000142,55.75,55.9,55.8,55.85,296.0,369.0,2249.0,2354.0,False,False
006208,2022-10-26 09:43:24.611028,-0.0017889087656529634,-0.0017905102954342,-0.10000000000000142,-0.10000000000000142,55.75,55.9,55.8,55.85,296.0,329.0,2249.0,2354.0,False,False
006208,2022-10-26 09:43:24.718147,-0.0017889087656529634,-0.0017905102954342,-0.10000000000000142,-0.10000000000000142,55.75,55.9,55.8,55.85,296.0,329.0,2249.0,2354.0,False,False
006208,2022-10-26 09:43:25.012415,-0.0017889087656529634,-0.0017905102954342,-0.10000000000000142,-0.10000000000000142,55.75,55.9,55.8,55.85,296.0,329.0,2249.0,2354.0,False,False
006208,2022-10-26 09:43:25.023452,-0.0017889087656529634,-0.0017905102954342,-0.10000000000000142,-0.10000000000000142,55.75,55.9,55.8,55.85,296.0,329.0,2249.0,2354.0,False,False
006208,2022-10-26 09:43:25.203345,-0.0017889087656529634,-0.0017905102954342,-0.10000000000000142,-0.10000000000000142,55.75,55.9,55.8,55.85,296.0,329.0,2249.0,2354.0,False,False
006208,2022-10-26 09:43:25.373301,-0.0017889087656529634,-0.0017905102954342,-0.10000000000000142,-0.10000000000000142,55.75,55.9,55.8,55.85,296.0,329.0,2249.0,2354.0,False,False
006208,2022-10-26 09:43:25.538042,-0.0017889087656529634,-0.0017905102954342,-0.10000000000000142,-0.10000000000000142,55.75,55.9,55.8,55.85,296.0,329.0,2249.0,2354.0,False,False
006208,2022-10-26 09:43:25.549614,-0.0017889087656529634,-0.0017905102954342,-0.10000000000000142,-0.10000000000000142,55.75,55.9,55.8,55.85,296.0,295.0,2249.0,2354.0,False,False
006208,2022-10-26 09:43:26.654582,-0.0017889087656529634,-0.0008952551477171555,-0.10000000000000142,-0.05000000000000426,55.8,55.9,55.8,55.85,1.0,295.0,2249.0,2354.0,False,False
006208,2022-10-26 09:43:26.702560,-0.0017889087656529634,-0.0008952551477171555,-0.10000000000000142,-0.05000000000000426,55.8,55.9,55.8,55.85,1.0,295.0,2249.0,2354.0,False,False
006208,2022-10-26 09:43:26.713375,-0.0017889087656529634,-0.0008952551477171555,-0.10000000000000142,-0.05000000000000426,55.8,55.9,55.8,55.85,1.0,295.0,2249.0,2354.0,False,False
006208,2022-10-26 09:43:26.861679,-0.0017889087656529634,-0.0008952551477171555,-0.10000000000000142,-0.05000000000000426,55.8,55.9,55.8,55.85,1.0,295.0,2249.0,2354.0,False,False
006208,2022-10-26 09:43:27.374917,-0.0017889087656529634,-0.0008952551477171555,-0.10000000000000142,-0.05000000000000426,55.8,55.9,55.8,55.85,1.0,295.0,2249.0,2354.0,False,False
006208,2022-10-26 09:43:27.403003,-0.0017889087656529634,-0.0008952551477171555,-0.10000000000000142,-0.05000000000000426,55.8,55.9,55.8,55.85,1.0,295.0,2249.0,2354.0,False,False
006208,2022-10-26 09:43:27.938868,-0.0017889087656529634,-0.0008952551477171555,-0.10000000000000142,-0.05000000000000426,55.8,55.9,55.8,55.85,1.0,295.0,2249.0,2354.0,False,False
006208,2022-10-26 09:43:28.238724,-0.0017889087656529634,-0.0008952551477171555,-0.10000000000000142,-0.05000000000000426,55.8,55.9,55.8,55.85,1.0,295.0,2249.0,2354.0,False,False
006208,2022-10-26 09:43:28.250507,-0.0017889087656529634,-0.0008952551477171555,-0.10000000000000142,-0.05000000000000426,55.8,55.9,55.8,55.85,1.0,295.0,2249.0,2354.0,False,False
006208,2022-10-26 09:43:29.831565,-0.0017889087656529634,-0.0008952551477171555,-0.10000000000000142,-0.05000000000000426,55.8,55.9,55.8,55.85,1.0,295.0,2249.0,2354.0,False,False
006208,2022-10-26 09:43:29.915398,-0.0017889087656529634,-0.0008952551477171555,-0.10000000000000142,-0.05000000000000426,55.8,55.9,55.8,55.85,1.0,295.0,2249.0,2354.0,False,False
006208,2022-10-26 09:43:30.398124,-0.0017889087656529634,-0.0008952551477171555,-0.10000000000000142,-0.05000000000000426,55.8,55.9,55.8,55.85,1.0,295.0,2249.0,2354.0,False,False
006208,2022-10-26 09:43:30.555614,-0.0017889087656529634,-0.0008952551477171555,-0.10000000000000142,-0.05000000000000426,55.8,55.9,55.8,55.85,1.0,294.0,2249.0,2354.0,False,False
006208,2022-10-26 09:43:32.322425,-0.0017889087656529634,-0.0008952551477171555,-0.10000000000000142,-0.05000000000000426,55.8,55.9,55.8,55.85,1.0,294.0,2249.0,2354.0,False,False
006208,2022-10-26 09:43:32.517667,-0.0017889087656529634,-0.0008952551477171555,-0.10000000000000142,-0.05000000000000426,55.8,55.9,55.8,55.85,1.0,274.0,2249.0,2354.0,False,False
006208,2022-10-26 09:43:32.646107,-0.0008952551477171555,-0.0008952551477171555,-0.05000000000000426,-0.05000000000000426,55.8,55.85,55.8,55.85,1.0,20.0,2249.0,2354.0,False,False
006208,2022-10-26 09:43:32.680696,-0.0008952551477171555,-0.0008952551477171555,-0.05000000000000426,-0.05000000000000426,55.8,55.85,55.8,55.85,1.0,20.0,2249.0,2354.0,False,False
006208,2022-10-26 09:43:32.711725,-0.0008952551477171555,-0.0008952551477171555,-0.05000000000000426,-0.05000000000000426,55.8,55.85,55.8,55.85,1.0,20.0,2249.0,2354.0,False,False
006208,2022-10-26 09:43:32.871152,-0.0008952551477171555,-0.0008952551477171555,-0.05000000000000426,-0.05000000000000426,55.8,55.85,55.8,55.85,1.0,20.0,2249.0,2354.0,False,False
006208,2022-10-26 09:43:33.139005,-0.0008952551477171555,-0.0008952551477171555,-0.05000000000000426,-0.05000000000000426,55.8,55.85,55.8,55.85,1.0,20.0,2249.0,2354.0,False,False
006208,2022-10-26 09:43:33.148455,-0.0008952551477171555,-0.0008952551477171555,-0.05000000000000426,-0.05000000000000426,55.8,55.85,55.8,55.85,1.0,20.0,2249.0,2354.0,False,False
006208,2022-10-26 09:43:33.844556,-0.0008952551477171555,-0.0008952551477171555,-0.05000000000000426,-0.05000000000000426,55.8,55.85,55.8,55.85,1.0,20.0,2375.0,1904.0,True,True
006208,2022-10-26 09:43:33.856470,-0.0008952551477171555,-0.0008952551477171555,-0.05000000000000426,-0.05000000000000426,55.8,55.85,55.8,55.85,1.0,20.0,2375.0,1904.0,False,False
006208,2022-10-26 09:43:33.958057,-0.0008952551477171555,-0.0008952551477171555,-0.05000000000000426,-0.05000000000000426,55.8,55.85,55.8,55.85,1.0,20.0,2375.0,1904.0,False,False
006208,2022-10-26 09:43:33.967142,-0.0008952551477171555,-0.0008952551477171555,-0.05000000000000426,-0.05000000000000426,55.8,55.85,55.8,55.85,1.0,20.0,2375.0,1904.0,False,False
006208,2022-10-26 09:43:35.275248,-0.0008952551477171555,-0.0008952551477171555,-0.05000000000000426,-0.05000000000000426,55.8,55.85,55.8,55.85,1.0,20.0,2375.0,1904.0,False,False
006208,2022-10-26 09:43:35.543515,-0.0008952551477171555,-0.0008952551477171555,-0.05000000000000426,-0.05000000000000426,55.8,55.85,55.8,55.85,21.0,20.0,2375.0,1904.0,False,False
006208,2022-10-26 09:43:35.714686,-0.0008952551477171555,-0.0008952551477171555,-0.05000000000000426,-0.05000000000000426,55.8,55.85,55.8,55.85,21.0,20.0,2375.0,1904.0,False,False
006208,2022-10-26 09:43:35.823746,-0.0008952551477171555,-0.0008952551477171555,-0.05000000000000426,-0.05000000000000426,55.8,55.85,55.8,55.85,21.0,40.0,2375.0,1904.0,False,False
006208,2022-10-26 09:43:36.123798,-0.0008952551477171555,-0.0008952551477171555,-0.05000000000000426,-0.05000000000000426,55.8,55.85,55.8,55.85,21.0,40.0,2375.0,1904.0,False,False
006208,2022-10-26 09:43:37.077537,-0.0008952551477171555,-0.0008952551477171555,-0.05000000000000426,-0.05000000000000426,55.8,55.85,55.8,55.85,21.0,40.0,2375.0,1904.0,False,False
006208,2022-10-26 09:43:37.077644,-0.0008952551477171555,-0.0008952551477171555,-0.05000000000000426,-0.05000000000000426,55.8,55.85,55.8,55.85,21.0,40.0,2375.0,1904.0,False,False
006208,2022-10-26 09:43:38.009647,-0.0008952551477171555,-0.0008952551477171555,-0.05000000000000426,-0.05000000000000426,55.8,55.85,55.8,55.85,21.0,40.0,2375.0,1904.0,False,False
006208,2022-10-26 09:43:40.164409,-0.0008952551477171555,-0.0008952551477171555,-0.05000000000000426,-0.05000000000000426,55.8,55.85,55.8,55.85,21.0,40.0,2375.0,1904.0,False,False
006208,2022-10-26 09:43:40.523119,-0.0008952551477171555,-0.0008952551477171555,-0.05000000000000426,-0.05000000000000426,55.8,55.85,55.8,55.85,21.0,40.0,2375.0,1904.0,False,False
006208,2022-10-26 09:43:40.560721,-0.0008952551477171555,-0.0008952551477171555,-0.05000000000000426,-0.05000000000000426,55.8,55.85,55.8,55.85,21.0,39.0,2375.0,1904.0,False,False
006208,2022-10-26 09:43:40.523244,-0.0008952551477171555,-0.0008952551477171555,-0.05000000000000426,-0.05000000000000426,55.8,55.85,55.8,55.85,21.0,40.0,2375.0,1904.0,False,False
006208,2022-10-26 09:43:41.049333,-0.0008952551477171555,-0.0008952551477171555,-0.05000000000000426,-0.05000000000000426,55.8,55.85,55.8,55.85,21.0,40.0,2375.0,1904.0,False,False
006208,2022-10-26 09:43:41.348412,-0.0008952551477171555,-0.0008952551477171555,-0.05000000000000426,-0.05000000000000426,55.8,55.85,55.8,55.85,21.0,40.0,2375.0,1904.0,False,False
006208,2022-10-26 09:43:41.561697,-0.0008952551477171555,-0.0008952551477171555,-0.05000000000000426,-0.05000000000000426,55.8,55.85,55.8,55.85,21.0,40.0,2375.0,1904.0,False,False
006208,2022-10-26 09:43:41.935458,-0.0008952551477171555,-0.0008952551477171555,-0.05000000000000426,-0.05000000000000426,55.8,55.85,55.8,55.85,21.0,40.0,2375.0,1904.0,False,False
006208,2022-10-26 09:43:42.569758,-0.0008952551477171555,-0.0008952551477171555,-0.05000000000000426,-0.05000000000000426,55.8,55.85,55.8,55.85,21.0,40.0,2375.0,1904.0,False,False
006208,2022-10-26 09:43:42.593497,-0.0008952551477171555,-0.0008952551477171555,-0.05000000000000426,-0.05000000000000426,55.8,55.85,55.8,55.85,21.0,40.0,2375.0,1904.0,False,False
006208,2022-10-26 09:43:42.860374,-0.0008952551477171555,-0.0008952551477171555,-0.05000000000000426,-0.05000000000000426,55.8,55.85,55.8,55.85,21.0,40.0,2375.0,1904.0,False,False
006208,2022-10-26 09:43:42.866179,-0.0008952551477171555,-0.0008952551477171555,-0.05000000000000426,-0.05000000000000426,55.8,55.85,55.8,55.85,21.0,40.0,2375.0,1904.0,False,False
006208,2022-10-26 09:43:42.997550,-0.0008952551477171555,-0.0008952551477171555,-0.05000000000000426,-0.05000000000000426,55.8,55.85,55.8,55.85,21.0,40.0,2375.0,1904.0,False,False
006208,2022-10-26 09:43:43.279028,-0.0008952551477171555,-0.0008952551477171555,-0.05000000000000426,-0.05000000000000426,55.8,55.85,55.8,55.85,21.0,40.0,2375.0,1904.0,False,False
006208,2022-10-26 09:43:43.883150,-0.0008952551477171555,-0.0008952551477171555,-0.05000000000000426,-0.05000000000000426,55.8,55.85,55.8,55.85,21.0,40.0,2415.0,1880.0,True,True
006208,2022-10-26 09:43:44.048250,-0.0008952551477171555,-0.0008952551477171555,-0.05000000000000426,-0.05000000000000426,55.8,55.85,55.8,55.85,17.0,40.0,2415.0,1880.0,False,False
006208,2022-10-26 09:43:48.346394,-0.0008952551477171555,-0.0008952551477171555,-0.05000000000000426,-0.05000000000000426,55.8,55.85,55.8,55.85,17.0,40.0,2415.0,1880.0,False,False
006208,2022-10-26 09:43:52.280023,-0.0008952551477171555,-0.0008952551477171555,-0.05000000000000426,-0.05000000000000426,55.8,55.85,55.8,55.85,17.0,40.0,2415.0,1880.0,False,False
006208,2022-10-26 09:43:52.313234,-0.0008952551477171555,-0.0008952551477171555,-0.05000000000000426,-0.05000000000000426,55.8,55.85,55.8,55.85,17.0,40.0,2415.0,1880.0,False,False
006208,2022-10-26 09:43:52.386884,-0.0008952551477171555,-0.0008952551477171555,-0.05000000000000426,-0.05000000000000426,55.8,55.85,55.8,55.85,17.0,115.0,2415.0,1880.0,False,False
006208,2022-10-26 09:43:52.990764,-0.0008952551477171555,-0.0008952551477171555,-0.05000000000000426,-0.05000000000000426,55.8,55.85,55.8,55.85,17.0,115.0,2415.0,1880.0,False,False
006208,2022-10-26 09:43:52.994347,-0.0008952551477171555,-0.0008952551477171555,-0.05000000000000426,-0.05000000000000426,55.8,55.85,55.8,55.85,17.0,115.0,2415.0,1880.0,False,False
006208,2022-10-26 09:43:53.137814,-0.0008952551477171555,-0.0008952551477171555,-0.05000000000000426,-0.05000000000000426,55.8,55.85,55.8,55.85,17.0,115.0,2415.0,1880.0,False,False
006208,2022-10-26 09:43:53.314525,-0.0008952551477171555,-0.0008952551477171555,-0.05000000000000426,-0.05000000000000426,55.8,55.85,55.8,55.85,17.0,215.0,2415.0,1880.0,False,False
006208,2022-10-26 09:43:53.521472,-0.0008952551477171555,-0.0008952551477171555,-0.05000000000000426,-0.05000000000000426,55.8,55.85,55.8,55.85,17.0,215.0,2415.0,1880.0,False,False
006208,2022-10-26 09:43:53.521590,-0.0008952551477171555,-0.0008952551477171555,-0.05000000000000426,-0.05000000000000426,55.8,55.85,55.8,55.85,17.0,215.0,2415.0,1880.0,False,False
006208,2022-10-26 09:43:53.928435,-0.0008952551477171555,-0.0008952551477171555,-0.05000000000000426,-0.05000000000000426,55.8,55.85,55.8,55.85,17.0,215.0,2615.0,1900.0,True,True
006208,2022-10-26 09:43:53.985172,-0.0008952551477171555,-0.0008952551477171555,-0.05000000000000426,-0.05000000000000426,55.8,55.85,55.8,55.85,17.0,215.0,2615.0,1900.0,False,False
006208,2022-10-26 09:43:53.985368,-0.0008952551477171555,-0.0008952551477171555,-0.05000000000000426,-0.05000000000000426,55.8,55.85,55.8,55.85,17.0,215.0,2615.0,1900.0,False,False
006208,2022-10-26 09:43:56.765632,-0.0008952551477171555,-0.0008952551477171555,-0.05000000000000426,-0.05000000000000426,55.8,55.85,55.8,55.85,17.0,215.0,2615.0,1900.0,False,False
006208,2022-10-26 09:43:59.424511,-0.0008952551477171555,-0.0008952551477171555,-0.05000000000000426,-0.05000000000000426,55.8,55.85,55.8,55.85,17.0,215.0,2615.0,1900.0,False,False
006208,2022-10-26 09:43:59.513900,-0.0008952551477171555,-0.0008952551477171555,-0.05000000000000426,-0.05000000000000426,55.8,55.85,55.8,55.85,17.0,215.0,2615.0,1900.0,False,False
006208,2022-10-26 09:44:00.279302,-0.0008952551477171555,-0.0008952551477171555,-0.05000000000000426,-0.05000000000000426,55.8,55.85,55.8,55.85,17.0,215.0,2615.0,1900.0,False,False
006208,2022-10-26 09:44:00.388025,-0.0008952551477171555,-0.0008952551477171555,-0.05000000000000426,-0.05000000000000426,55.8,55.85,55.8,55.85,17.0,115.0,2615.0,1900.0,False,False
006208,2022-10-26 09:44:00.469787,-0.0008952551477171555,-0.0008952551477171555,-0.05000000000000426,-0.05000000000000426,55.8,55.85,55.8,55.85,17.0,40.0,2615.0,1900.0,False,False
006208,2022-10-26 09:44:00.555195,-0.0008952551477171555,-0.0008952551477171555,-0.05000000000000426,-0.05000000000000426,55.8,55.85,55.8,55.85,17.0,39.0,2615.0,1900.0,False,False
006208,2022-10-26 09:44:00.477992,-0.0008952551477171555,-0.0008952551477171555,-0.05000000000000426,-0.05000000000000426,55.8,55.85,55.8,55.85,17.0,40.0,2615.0,1900.0,False,False
006208,2022-10-26 09:44:01.205612,-0.0008952551477171555,-0.0008952551477171555,-0.05000000000000426,-0.05000000000000426,55.8,55.85,55.8,55.85,17.0,39.0,2615.0,1900.0,False,False
006208,2022-10-26 09:44:01.276302,-0.0008952551477171555,-0.0008952551477171555,-0.05000000000000426,-0.05000000000000426,55.8,55.85,55.8,55.85,17.0,39.0,2615.0,1900.0,False,False
006208,2022-10-26 09:44:01.335426,-0.0008952551477171555,-0.0008952551477171555,-0.05000000000000426,-0.05000000000000426,55.8,55.85,55.8,55.85,17.0,19.0,2615.0,1900.0,False,False
006208,2022-10-26 09:44:01.388544,-0.0008952551477171555,-0.0008952551477171555,-0.05000000000000426,-0.05000000000000426,55.8,55.85,55.8,55.85,17.0,19.0,2615.0,1900.0,False,False
006208,2022-10-26 09:44:03.125092,-0.0008952551477171555,-0.0008952551477171555,-0.05000000000000426,-0.05000000000000426,55.8,55.85,55.8,55.85,17.0,19.0,2615.0,1900.0,False,False
006208,2022-10-26 09:44:03.127782,-0.0008952551477171555,-0.0008952551477171555,-0.05000000000000426,-0.05000000000000426,55.8,55.85,55.8,55.85,17.0,19.0,2615.0,1900.0,False,False
006208,2022-10-26 09:44:03.256805,-0.0008952551477171555,-0.0008952551477171555,-0.05000000000000426,-0.05000000000000426,55.8,55.85,55.8,55.85,17.0,19.0,2615.0,1900.0,False,False
006208,2022-10-26 09:44:03.972673,-0.0008952551477171555,-0.0008952551477171555,-0.05000000000000426,-0.05000000000000426,55.8,55.85,55.8,55.85,17.0,19.0,2627.0,1900.0,True,True
006208,2022-10-26 09:44:04.941401,-0.0008952551477171555,-0.0008952551477171555,-0.05000000000000426,-0.05000000000000426,55.8,55.85,55.8,55.85,17.0,19.0,2627.0,1900.0,False,False
006208,2022-10-26 09:44:04.948638,-0.0008952551477171555,-0.0008952551477171555,-0.05000000000000426,-0.05000000000000426,55.8,55.85,55.8,55.85,17.0,19.0,2627.0,1900.0,False,False
006208,2022-10-26 09:44:04.981580,-0.0008952551477171555,-0.0008952551477171555,-0.05000000000000426,-0.05000000000000426,55.8,55.85,55.8,55.85,17.0,19.0,2627.0,1900.0,False,False
006208,2022-10-26 09:44:05.159621,-0.0008952551477171555,-0.0008952551477171555,-0.05000000000000426,-0.05000000000000426,55.8,55.85,55.8,55.85,17.0,18.0,2627.0,1900.0,False,False
006208,2022-10-26 09:44:05.901174,-0.0008952551477171555,-0.0008952551477171555,-0.05000000000000426,-0.05000000000000426,55.8,55.85,55.8,55.85,17.0,18.0,2627.0,1900.0,False,False
006208,2022-10-26 09:44:06.235790,-0.0008952551477171555,-0.0008952551477171555,-0.05000000000000426,-0.05000000000000426,55.8,55.85,55.8,55.85,17.0,18.0,2627.0,1900.0,False,False
006208,2022-10-26 09:44:06.245484,-0.0008952551477171555,-0.0008952551477171555,-0.05000000000000426,-0.05000000000000426,55.8,55.85,55.8,55.85,17.0,18.0,2627.0,1900.0,False,False
006208,2022-10-26 09:44:06.974163,-0.0008952551477171555,-0.0008952551477171555,-0.05000000000000426,-0.05000000000000426,55.8,55.85,55.8,55.85,17.0,18.0,2627.0,1900.0,False,False
006208,2022-10-26 09:44:07.214223,-0.0008952551477171555,-0.0008952551477171555,-0.05000000000000426,-0.05000000000000426,55.8,55.85,55.8,55.85,17.0,18.0,2627.0,1900.0,False,False
006208,2022-10-26 09:44:07.224678,-0.0008952551477171555,-0.0008952551477171555,-0.05000000000000426,-0.05000000000000426,55.8,55.85,55.8,55.85,17.0,18.0,2627.0,1900.0,False,False
006208,2022-10-26 09:44:07.813667,-0.0008952551477171555,-0.0008952551477171555,-0.05000000000000426,-0.05000000000000426,55.8,55.85,55.8,55.85,17.0,18.0,2627.0,1900.0,False,False
006208,2022-10-26 09:44:07.977240,-0.0008952551477171555,-0.0008952551477171555,-0.05000000000000426,-0.05000000000000426,55.8,55.85,55.8,55.85,17.0,18.0,2627.0,1900.0,False,False
006208,2022-10-26 09:44:09.280338,-0.0008952551477171555,-0.0008952551477171555,-0.05000000000000426,-0.05000000000000426,55.8,55.85,55.8,55.85,17.0,18.0,2627.0,1900.0,False,False
006208,2022-10-26 09:44:09.289391,-0.0008952551477171555,-0.0008952551477171555,-0.05000000000000426,-0.05000000000000426,55.8,55.85,55.8,55.85,17.0,18.0,2627.0,1900.0,False,False
006208,2022-10-26 09:44:10.591485,-0.0008952551477171555,-0.0008952551477171555,-0.05000000000000426,-0.05000000000000426,55.8,55.85,55.8,55.85,17.0,17.0,2627.0,1900.0,False,False
006208,2022-10-26 09:44:10.770383,-0.0008952551477171555,-0.0008952551477171555,-0.05000000000000426,-0.05000000000000426,55.8,55.85,55.8,55.85,17.0,17.0,2627.0,1900.0,False,False
006208,2022-10-26 09:44:10.803052,-0.0008952551477171555,-0.0008952551477171555,-0.05000000000000426,-0.05000000000000426,55.8,55.85,55.8,55.85,17.0,92.0,2627.0,1900.0,False,False
006208,2022-10-26 09:44:10.911653,-0.0008952551477171555,-0.0008952551477171555,-0.05000000000000426,-0.05000000000000426,55.8,55.85,55.8,55.85,17.0,92.0,2627.0,1900.0,False,False
006208,2022-10-26 09:44:11.804357,-0.0008952551477171555,-0.0008952551477171555,-0.05000000000000426,-0.05000000000000426,55.8,55.85,55.8,55.85,17.0,192.0,2627.0,1900.0,False,False
006208,2022-10-26 09:44:12.001686,-0.0008952551477171555,-0.0008952551477171555,-0.05000000000000426,-0.05000000000000426,55.8,55.85,55.8,55.85,17.0,192.0,2627.0,1900.0,False,False
006208,2022-10-26 09:44:12.092370,-0.0008952551477171555,-0.0008952551477171555,-0.05000000000000426,-0.05000000000000426,55.8,55.85,55.8,55.85,17.0,212.0,2627.0,1900.0,False,False
006208,2022-10-26 09:44:12.190939,-0.0008952551477171555,-0.0008952551477171555,-0.05000000000000426,-0.05000000000000426,55.8,55.85,55.8,55.85,17.0,212.0,2627.0,1900.0,False,False
006208,2022-10-26 09:44:13.242824,-0.0008952551477171555,-0.0008952551477171555,-0.05000000000000426,-0.05000000000000426,55.8,55.85,55.8,55.85,17.0,212.0,2627.0,1900.0,False,False
006208,2022-10-26 09:44:13.252764,-0.0008952551477171555,-0.0008952551477171555,-0.05000000000000426,-0.05000000000000426,55.8,55.85,55.8,55.85,17.0,212.0,2627.0,1900.0,False,False
006208,2022-10-26 09:44:13.383164,-0.0008952551477171555,-0.0008952551477171555,-0.05000000000000426,-0.05000000000000426,55.8,55.85,55.8,55.85,17.0,212.0,2627.0,1900.0,False,False
006208,2022-10-26 09:44:14.011857,-0.0008952551477171555,-0.0008952551477171555,-0.05000000000000426,-0.05000000000000426,55.8,55.85,55.8,55.85,17.0,212.0,2627.0,1500.0,True,True
006208,2022-10-26 09:44:15.626081,-0.0008952551477171555,-0.0008952551477171555,-0.05000000000000426,-0.05000000000000426,55.8,55.85,55.8,55.85,17.0,212.0,2627.0,1500.0,False,False
006208,2022-10-26 09:44:15.881995,-0.0008952551477171555,-0.0008952551477171555,-0.05000000000000426,-0.05000000000000426,55.8,55.85,55.8,55.85,17.0,212.0,2627.0,1500.0,False,False
006208,2022-10-26 09:44:15.968063,-0.0008952551477171555,-0.0008952551477171555,-0.05000000000000426,-0.05000000000000426,55.8,55.85,55.8,55.85,17.0,112.0,2627.0,1500.0,False,False
006208,2022-10-26 09:44:16.022891,-0.0008952551477171555,-0.0008952551477171555,-0.05000000000000426,-0.05000000000000426,55.8,55.85,55.8,55.85,17.0,112.0,2627.0,1500.0,False,False
006208,2022-10-26 09:44:16.909297,-0.0008952551477171555,-0.0008952551477171555,-0.05000000000000426,-0.05000000000000426,55.8,55.85,55.8,55.85,17.0,212.0,2627.0,1500.0,False,False
006208,2022-10-26 09:44:16.968166,-0.0008952551477171555,-0.0008952551477171555,-0.05000000000000426,-0.05000000000000426,55.8,55.85,55.8,55.85,17.0,212.0,2627.0,1500.0,False,False
006208,2022-10-26 09:44:17.015045,-0.0008952551477171555,-0.0008952551477171555,-0.05000000000000426,-0.05000000000000426,55.8,55.85,55.8,55.85,17.0,212.0,2627.0,1500.0,False,False
006208,2022-10-26 09:44:17.742904,-0.0008952551477171555,-0.0008952551477171555,-0.05000000000000426,-0.05000000000000426,55.8,55.85,55.8,55.85,17.0,212.0,2627.0,1500.0,False,False
006208,2022-10-26 09:44:17.835071,-0.0008952551477171555,-0.0008952551477171555,-0.05000000000000426,-0.05000000000000426,55.8,55.85,55.8,55.85,17.0,112.0,2627.0,1500.0,False,False
006208,2022-10-26 09:44:18.393183,-0.0008952551477171555,-0.0008952551477171555,-0.05000000000000426,-0.05000000000000426,55.8,55.85,55.8,55.85,17.0,37.0,2627.0,1500.0,False,False
006208,2022-10-26 09:44:18.393458,-0.0008952551477171555,-0.0008952551477171555,-0.05000000000000426,-0.05000000000000426,55.8,55.85,55.8,55.85,17.0,37.0,2627.0,1500.0,False,False
006208,2022-10-26 09:44:18.776054,-0.0008952551477171555,-0.0008952551477171555,-0.05000000000000426,-0.05000000000000426,55.8,55.85,55.8,55.85,17.0,37.0,2627.0,1500.0,False,False
006208,2022-10-26 09:44:18.833020,-0.0008952551477171555,-0.0008952551477171555,-0.05000000000000426,-0.05000000000000426,55.8,55.85,55.8,55.85,17.0,37.0,2627.0,1500.0,False,False
006208,2022-10-26 09:44:19.351491,-0.0008952551477171555,-0.0008952551477171555,-0.05000000000000426,-0.05000000000000426,55.8,55.85,55.8,55.85,17.0,37.0,2627.0,1500.0,False,False
006208,2022-10-26 09:44:19.779810,-0.0008952551477171555,-0.0008952551477171555,-0.05000000000000426,-0.05000000000000426,55.8,55.85,55.8,55.85,17.0,17.0,2627.0,1500.0,False,False
006208,2022-10-26 09:44:19.779952,-0.0008952551477171555,-0.0008952551477171555,-0.05000000000000426,-0.05000000000000426,55.8,55.85,55.8,55.85,17.0,17.0,2627.0,1500.0,False,False
006208,2022-10-26 09:44:20.293432,-0.0008952551477171555,-0.0008952551477171555,-0.05000000000000426,-0.05000000000000426,55.8,55.85,55.8,55.85,17.0,17.0,2627.0,1500.0,False,False
006208,2022-10-26 09:44:20.293592,-0.0008952551477171555,-0.0008952551477171555,-0.05000000000000426,-0.05000000000000426,55.8,55.85,55.8,55.85,17.0,37.0,2627.0,1500.0,False,False
006208,2022-10-26 09:44:20.596435,-0.0008952551477171555,-0.0008952551477171555,-0.05000000000000426,-0.05000000000000426,55.8,55.85,55.8,55.85,17.0,36.0,2627.0,1500.0,False,False
006208,2022-10-26 09:44:21.003249,-0.0008952551477171555,-0.0008952551477171555,-0.05000000000000426,-0.05000000000000426,55.8,55.85,55.8,55.85,17.0,36.0,2627.0,1500.0,False,False
006208,2022-10-26 09:44:21.011943,-0.0008952551477171555,-0.0008952551477171555,-0.05000000000000426,-0.05000000000000426,55.8,55.85,55.8,55.85,17.0,36.0,2627.0,1500.0,False,False
006208,2022-10-26 09:44:23.370053,-0.0008952551477171555,-0.0008952551477171555,-0.05000000000000426,-0.05000000000000426,55.8,55.85,55.8,55.85,17.0,36.0,2627.0,1500.0,False,False
006208,2022-10-26 09:44:23.378937,-0.0008952551477171555,-0.0008952551477171555,-0.05000000000000426,-0.05000000000000426,55.8,55.85,55.8,55.85,17.0,36.0,2627.0,1500.0,False,False
006208,2022-10-26 09:44:23.516530,-0.0008952551477171555,-0.0008952551477171555,-0.05000000000000426,-0.05000000000000426,55.8,55.85,55.8,55.85,17.0,36.0,2627.0,1500.0,False,False
006208,2022-10-26 09:44:24.055539,-0.0008952551477171555,-0.0008952551477171555,-0.05000000000000426,-0.05000000000000426,55.8,55.85,55.8,55.85,17.0,36.0,2627.0,1500.0,False,False
006208,2022-10-26 09:44:24.054013,-0.0008952551477171555,-0.0008952551477171555,-0.05000000000000426,-0.05000000000000426,55.8,55.85,55.8,55.85,17.0,36.0,2627.0,1500.0,True,True
006208,2022-10-26 09:44:24.095808,-0.0008952551477171555,-0.0008952551477171555,-0.05000000000000426,-0.05000000000000426,55.8,55.85,55.8,55.85,17.0,36.0,2627.0,1500.0,False,False
006208,2022-10-26 09:44:25.031908,-0.0008952551477171555,-0.0008952551477171555,-0.05000000000000426,-0.05000000000000426,55.8,55.85,55.8,55.85,17.0,36.0,2627.0,1500.0,False,False
006208,2022-10-26 09:44:25.548858,-0.0008952551477171555,-0.0008952551477171555,-0.05000000000000426,-0.05000000000000426,55.8,55.85,55.8,55.85,17.0,36.0,2627.0,1500.0,False,False
006208,2022-10-26 09:44:25.572055,-0.0008952551477171555,-0.0008952551477171555,-0.05000000000000426,-0.05000000000000426,55.8,55.85,55.8,55.85,17.0,36.0,2627.0,1500.0,False,False
006208,2022-10-26 09:44:26.409725,-0.0008952551477171555,-0.0008952551477171555,-0.05000000000000426,-0.05000000000000426,55.8,55.85,55.8,55.85,17.0,36.0,2627.0,1500.0,False,False
006208,2022-10-26 09:44:26.464683,-0.0008952551477171555,-0.0008952551477171555,-0.05000000000000426,-0.05000000000000426,55.8,55.85,55.8,55.85,17.0,111.0,2627.0,1500.0,False,False
006208,2022-10-26 09:44:26.552294,-0.0008952551477171555,-0.0008952551477171555,-0.05000000000000426,-0.05000000000000426,55.8,55.85,55.8,55.85,17.0,111.0,2627.0,1500.0,False,False
006208,2022-10-26 09:44:26.738181,-0.0008952551477171555,-0.0008952551477171555,-0.05000000000000426,-0.05000000000000426,55.8,55.85,55.8,55.85,17.0,121.0,2627.0,1500.0,False,False
006208,2022-10-26 09:44:27.124141,-0.0008952551477171555,-0.0008952551477171555,-0.05000000000000426,-0.05000000000000426,55.8,55.85,55.8,55.85,17.0,121.0,2627.0,1500.0,False,False
006208,2022-10-26 09:44:27.154949,-0.0008952551477171555,-0.0008952551477171555,-0.05000000000000426,-0.05000000000000426,55.8,55.85,55.8,55.85,17.0,121.0,2627.0,1500.0,False,False
006208,2022-10-26 09:44:27.432345,-0.0008952551477171555,-0.0008952551477171555,-0.05000000000000426,-0.05000000000000426,55.8,55.85,55.8,55.85,17.0,221.0,2627.0,1500.0,False,False
006208,2022-10-26 09:44:27.501942,-0.0008952551477171555,-0.0008952551477171555,-0.05000000000000426,-0.05000000000000426,55.8,55.85,55.8,55.85,17.0,221.0,2627.0,1500.0,False,False
006208,2022-10-26 09:44:27.544634,-0.0008952551477171555,-0.0008952551477171555,-0.05000000000000426,-0.05000000000000426,55.8,55.85,55.8,55.85,17.0,221.0,2627.0,1500.0,False,False
006208,2022-10-26 09:44:30.601572,-0.0008952551477171555,-0.0008952551477171555,-0.05000000000000426,-0.05000000000000426,55.8,55.85,55.8,55.85,17.0,220.0,2627.0,1500.0,False,False
006208,2022-10-26 09:44:33.023110,-0.0008952551477171555,-0.0008952551477171555,-0.05000000000000426,-0.05000000000000426,55.8,55.85,55.8,55.85,17.0,220.0,2627.0,1500.0,False,False
006208,2022-10-26 09:44:33.503360,-0.0008952551477171555,-0.0008952551477171555,-0.05000000000000426,-0.05000000000000426,55.8,55.85,55.8,55.85,17.0,220.0,2627.0,1500.0,False,False
006208,2022-10-26 09:44:33.510277,-0.0008952551477171555,-0.0008952551477171555,-0.05000000000000426,-0.05000000000000426,55.8,55.85,55.8,55.85,17.0,220.0,2627.0,1500.0,False,False
006208,2022-10-26 09:44:33.639415,-0.0008952551477171555,-0.0008952551477171555,-0.05000000000000426,-0.05000000000000426,55.8,55.85,55.8,55.85,17.0,220.0,2627.0,1500.0,False,False
006208,2022-10-26 09:44:33.764403,-0.0008952551477171555,-0.0008952551477171555,-0.05000000000000426,-0.05000000000000426,55.8,55.85,55.8,55.85,17.0,220.0,2627.0,1500.0,False,False
006208,2022-10-26 09:44:34.098320,-0.0008952551477171555,-0.0008952551477171555,-0.05000000000000426,-0.05000000000000426,55.8,55.85,55.8,55.85,17.0,220.0,3127.0,1500.0,True,True
006208,2022-10-26 09:44:36.172216,-0.0008952551477171555,-0.0008952551477171555,-0.05000000000000426,-0.05000000000000426,55.8,55.85,55.8,55.85,17.0,220.0,3127.0,1500.0,False,False
006208,2022-10-26 09:44:36.296293,-0.0008952551477171555,-0.0008952551477171555,-0.05000000000000426,-0.05000000000000426,55.8,55.85,55.8,55.85,17.0,220.0,3127.0,1500.0,False,False
006208,2022-10-26 09:44:36.296412,-0.0008952551477171555,-0.0008952551477171555,-0.05000000000000426,-0.05000000000000426,55.8,55.85,55.8,55.85,17.0,220.0,3127.0,1500.0,False,False
006208,2022-10-26 09:44:38.080618,-0.0008952551477171555,-0.0008952551477171555,-0.05000000000000426,-0.05000000000000426,55.8,55.85,55.8,55.85,17.0,222.0,3127.0,1500.0,False,False
006208,2022-10-26 09:44:39.182641,-0.0008952551477171555,-0.0008952551477171555,-0.05000000000000426,-0.05000000000000426,55.8,55.85,55.8,55.85,17.0,221.0,3127.0,1500.0,False,False
006208,2022-10-26 09:44:40.461129,-0.0008952551477171555,-0.0008952551477171555,-0.05000000000000426,-0.05000000000000426,55.8,55.85,55.8,55.85,17.0,221.0,3127.0,1500.0,False,False
006208,2022-10-26 09:44:40.575433,-0.0008952551477171555,-0.0008952551477171555,-0.05000000000000426,-0.05000000000000426,55.8,55.85,55.8,55.85,17.0,220.0,3127.0,1500.0,False,False
006208,2022-10-26 09:44:42.516914,-0.0008952551477171555,-0.0008952551477171555,-0.05000000000000426,-0.05000000000000426,55.8,55.85,55.8,55.85,17.0,220.0,3127.0,1500.0,False,False
006208,2022-10-26 09:44:42.745522,-0.0008952551477171555,-0.0008952551477171555,-0.05000000000000426,-0.05000000000000426,55.8,55.85,55.8,55.85,17.0,220.0,3127.0,1500.0,False,False
006208,2022-10-26 09:44:43.632290,-0.0008952551477171555,-0.0008952551477171555,-0.05000000000000426,-0.05000000000000426,55.8,55.85,55.8,55.85,17.0,220.0,3127.0,1500.0,False,False
006208,2022-10-26 09:44:43.636544,-0.0008952551477171555,-0.0008952551477171555,-0.05000000000000426,-0.05000000000000426,55.8,55.85,55.8,55.85,17.0,220.0,3127.0,1500.0,False,False
006208,2022-10-26 09:44:43.776655,-0.0008952551477171555,-0.0008952551477171555,-0.05000000000000426,-0.05000000000000426,55.8,55.85,55.8,55.85,17.0,220.0,3127.0,1500.0,False,False
006208,2022-10-26 09:44:44.138514,-0.0008952551477171555,-0.0008952551477171555,-0.05000000000000426,-0.05000000000000426,55.8,55.85,55.8,55.85,17.0,220.0,3427.0,1473.0,True,True
006208,2022-10-26 09:44:44.924531,-0.0008952551477171555,-0.0008952551477171555,-0.05000000000000426,-0.05000000000000426,55.8,55.85,55.8,55.85,17.0,220.0,3427.0,1473.0,False,False
006208,2022-10-26 09:44:45.477195,-0.0008952551477171555,-0.0008952551477171555,-0.05000000000000426,-0.05000000000000426,55.8,55.85,55.8,55.85,17.0,220.0,3427.0,1473.0,False,False
006208,2022-10-26 09:44:45.477320,-0.0008952551477171555,-0.0008952551477171555,-0.05000000000000426,-0.05000000000000426,55.8,55.85,55.8,55.85,17.0,220.0,3427.0,1473.0,False,False
006208,2022-10-26 09:44:49.022647,-0.0008952551477171555,-0.0008952551477171555,-0.05000000000000426,-0.05000000000000426,55.8,55.85,55.8,55.85,17.0,200.0,3427.0,1473.0,False,False
006208,2022-10-26 09:44:49.104224,-0.0008952551477171555,-0.0008952551477171555,-0.05000000000000426,-0.05000000000000426,55.8,55.85,55.8,55.85,17.0,200.0,3427.0,1473.0,False,False
006208,2022-10-26 09:44:51.133381,-0.0008952551477171555,-0.0008952551477171555,-0.05000000000000426,-0.05000000000000426,55.8,55.85,55.8,55.85,18.0,200.0,3427.0,1473.0,False,False
006208,2022-10-26 09:44:51.441678,-0.0008952551477171555,-0.0008952551477171555,-0.05000000000000426,-0.05000000000000426,55.8,55.85,55.8,55.85,18.0,200.0,3427.0,1473.0,False,False
006208,2022-10-26 09:44:51.444681,-0.0008952551477171555,-0.0008952551477171555,-0.05000000000000426,-0.05000000000000426,55.8,55.85,55.8,55.85,18.0,200.0,3427.0,1473.0,False,False
006208,2022-10-26 09:44:51.953457,-0.0008952551477171555,-0.0008952551477171555,-0.05000000000000426,-0.05000000000000426,55.8,55.85,55.8,55.85,19.0,200.0,3427.0,1473.0,False,False
006208,2022-10-26 09:44:53.206314,-0.0008952551477171555,-0.0008952551477171555,-0.05000000000000426,-0.05000000000000426,55.8,55.85,55.8,55.85,19.0,200.0,3427.0,1473.0,False,False
006208,2022-10-26 09:44:53.216194,-0.0008952551477171555,-0.0008952551477171555,-0.05000000000000426,-0.05000000000000426,55.8,55.85,55.8,55.85,19.0,200.0,3427.0,1473.0,False,False
006208,2022-10-26 09:44:53.669031,-0.0008952551477171555,-0.0008952551477171555,-0.05000000000000426,-0.05000000000000426,55.8,55.85,55.8,55.85,19.0,200.0,3427.0,1473.0,False,False
006208,2022-10-26 09:44:53.669082,-0.0008952551477171555,-0.0008952551477171555,-0.05000000000000426,-0.05000000000000426,55.8,55.85,55.8,55.85,19.0,200.0,3427.0,1473.0,False,False
006208,2022-10-26 09:44:53.755228,-0.0008952551477171555,-0.0008952551477171555,-0.05000000000000426,-0.05000000000000426,55.8,55.85,55.8,55.85,19.0,200.0,3427.0,1473.0,False,False
006208,2022-10-26 09:44:53.892701,-0.0008952551477171555,-0.0008952551477171555,-0.05000000000000426,-0.05000000000000426,55.8,55.85,55.8,55.85,19.0,200.0,3427.0,1473.0,False,False
006208,2022-10-26 09:44:54.174896,-0.0008952551477171555,-0.0008952551477171555,-0.05000000000000426,-0.05000000000000426,55.8,55.85,55.8,55.85,19.0,200.0,3427.0,1473.0,True,True
006208,2022-10-26 09:44:54.544313,-0.0008952551477171555,-0.0008952551477171555,-0.05000000000000426,-0.05000000000000426,55.8,55.85,55.8,55.85,19.0,200.0,3427.0,1473.0,False,False
006208,2022-10-26 09:44:54.575168,-0.0008952551477171555,-0.0008952551477171555,-0.05000000000000426,-0.05000000000000426,55.8,55.85,55.8,55.85,19.0,100.0,3427.0,1473.0,False,False
006208,2022-10-26 09:44:54.808306,-0.0008952551477171555,-0.0008952551477171555,-0.05000000000000426,-0.05000000000000426,55.8,55.85,55.8,55.85,19.0,100.0,3427.0,1473.0,False,False
006208,2022-10-26 09:44:54.808444,-0.0008952551477171555,-0.0008952551477171555,-0.05000000000000426,-0.05000000000000426,55.8,55.85,55.8,55.85,19.0,120.0,3427.0,1473.0,False,False
006208,2022-10-26 09:44:55.355365,-0.0008952551477171555,-0.0008952551477171555,-0.05000000000000426,-0.05000000000000426,55.8,55.85,55.8,55.85,19.0,120.0,3427.0,1473.0,False,False
006208,2022-10-26 09:44:55.566736,-0.0008952551477171555,-0.0008952551477171555,-0.05000000000000426,-0.05000000000000426,55.8,55.85,55.8,55.85,19.0,220.0,3427.0,1473.0,False,False
006208,2022-10-26 09:44:55.633428,-0.0008952551477171555,-0.0008952551477171555,-0.05000000000000426,-0.05000000000000426,55.8,55.85,55.8,55.85,19.0,220.0,3427.0,1473.0,False,False
006208,2022-10-26 09:44:55.643160,-0.0008952551477171555,-0.0008952551477171555,-0.05000000000000426,-0.05000000000000426,55.8,55.85,55.8,55.85,19.0,220.0,3427.0,1473.0,False,False
006208,2022-10-26 09:44:57.759232,-0.0008952551477171555,-0.0008952551477171555,-0.05000000000000426,-0.05000000000000426,55.8,55.85,55.8,55.85,19.0,220.0,3427.0,1473.0,False,False
006208,2022-10-26 09:44:57.759473,-0.0008952551477171555,-0.0008952551477171555,-0.05000000000000426,-0.05000000000000426,55.8,55.85,55.8,55.85,19.0,220.0,3427.0,1473.0,False,False
006208,2022-10-26 09:45:00.518938,-0.0008952551477171555,-0.0008952551477171555,-0.05000000000000426,-0.05000000000000426,55.8,55.85,55.8,55.85,19.0,219.0,3427.0,1473.0,False,False
006208,2022-10-26 09:45:03.649662,-0.0008952551477171555,-0.0008952551477171555,-0.05000000000000426,-0.05000000000000426,55.8,55.85,55.8,55.85,19.0,219.0,3427.0,1473.0,False,False
006208,2022-10-26 09:45:03.649839,-0.0008952551477171555,-0.0008952551477171555,-0.05000000000000426,-0.05000000000000426,55.8,55.85,55.8,55.85,19.0,199.0,3427.0,1473.0,False,False
006208,2022-10-26 09:45:03.747523,-0.0008952551477171555,-0.0008952551477171555,-0.05000000000000426,-0.05000000000000426,55.8,55.85,55.8,55.85,19.0,199.0,3427.0,1473.0,False,False
006208,2022-10-26 09:45:03.804201,-0.0008952551477171555,-0.0008952551477171555,-0.05000000000000426,-0.05000000000000426,55.8,55.85,55.8,55.85,19.0,199.0,3427.0,1473.0,False,False
006208,2022-10-26 09:45:03.956289,-0.0008952551477171555,-0.0008952551477171555,-0.05000000000000426,-0.05000000000000426,55.8,55.85,55.8,55.85,19.0,199.0,3427.0,1473.0,False,False
006208,2022-10-26 09:45:04.176611,-0.0008952551477171555,-0.0008952551477171555,-0.05000000000000426,-0.05000000000000426,55.8,55.85,55.8,55.85,19.0,199.0,3427.0,1473.0,False,False
006208,2022-10-26 09:45:04.336739,-0.0008952551477171555,-0.0008952551477171555,-0.05000000000000426,-0.05000000000000426,55.8,55.85,55.8,55.85,19.0,199.0,3427.0,1373.0,True,True
006208,2022-10-26 09:45:04.393448,-0.0008952551477171555,-0.0008952551477171555,-0.05000000000000426,-0.05000000000000426,55.8,55.85,55.8,55.85,19.0,199.0,3427.0,1373.0,False,False
006208,2022-10-26 09:45:04.983333,-0.0008952551477171555,-0.0008952551477171555,-0.05000000000000426,-0.05000000000000426,55.8,55.85,55.8,55.85,19.0,199.0,3427.0,1373.0,False,False
006208,2022-10-26 09:45:06.509379,-0.0008952551477171555,-0.0008952551477171555,-0.05000000000000426,-0.05000000000000426,55.8,55.85,55.8,55.85,19.0,199.0,3427.0,1373.0,False,False
006208,2022-10-26 09:45:06.513783,-0.0008952551477171555,-0.0008952551477171555,-0.05000000000000426,-0.05000000000000426,55.8,55.85,55.8,55.85,19.0,219.0,3427.0,1373.0,False,False
006208,2022-10-26 09:45:06.645889,-0.0008952551477171555,-0.0008952551477171555,-0.05000000000000426,-0.05000000000000426,55.8,55.85,55.8,55.85,19.0,219.0,3427.0,1373.0,False,False
006208,2022-10-26 09:45:06.691065,-0.0008952551477171555,-0.0008952551477171555,-0.05000000000000426,-0.05000000000000426,55.8,55.85,55.8,55.85,19.0,219.0,3427.0,1373.0,False,False
006208,2022-10-26 09:45:06.939320,-0.0008952551477171555,-0.0008952551477171555,-0.05000000000000426,-0.05000000000000426,55.8,55.85,55.8,55.85,19.0,197.0,3427.0,1373.0,False,False
006208,2022-10-26 09:45:06.996526,-0.0008952551477171555,-0.0008952551477171555,-0.05000000000000426,-0.05000000000000426,55.8,55.85,55.8,55.85,19.0,197.0,3427.0,1373.0,False,False
006208,2022-10-26 09:45:06.997017,-0.0008952551477171555,-0.0008952551477171555,-0.05000000000000426,-0.05000000000000426,55.8,55.85,55.8,55.85,19.0,197.0,3427.0,1373.0,False,False
006208,2022-10-26 09:45:07.105761,-0.0008952551477171555,-0.0008952551477171555,-0.05000000000000426,-0.05000000000000426,55.8,55.85,55.8,55.85,19.0,197.0,3427.0,1373.0,False,False
006208,2022-10-26 09:45:07.176112,-0.0008952551477171555,-0.0008952551477171555,-0.05000000000000426,-0.05000000000000426,55.8,55.85,55.8,55.85,19.0,177.0,3427.0,1373.0,False,False
006208,2022-10-26 09:45:10.485133,-0.0008952551477171555,-0.0008952551477171555,-0.05000000000000426,-0.05000000000000426,55.8,55.85,55.8,55.85,19.0,176.0,3427.0,1373.0,False,False
006208,2022-10-26 09:45:10.771648,-0.0008952551477171555,-0.0008952551477171555,-0.05000000000000426,-0.05000000000000426,55.8,55.85,55.8,55.85,19.0,196.0,3427.0,1373.0,False,False
006208,2022-10-26 09:45:11.032382,-0.0008952551477171555,-0.0008952551477171555,-0.05000000000000426,-0.05000000000000426,55.8,55.85,55.8,55.85,19.0,196.0,3427.0,1373.0,False,False
006208,2022-10-26 09:45:11.036677,-0.0008952551477171555,-0.0008952551477171555,-0.05000000000000426,-0.05000000000000426,55.8,55.85,55.8,55.85,19.0,216.0,3427.0,1373.0,False,False
006208,2022-10-26 09:45:11.159484,-0.0008952551477171555,-0.0008952551477171555,-0.05000000000000426,-0.05000000000000426,55.8,55.85,55.8,55.85,19.0,216.0,3427.0,1373.0,False,False
006208,2022-10-26 09:45:12.072979,-0.0008952551477171555,-0.0008952551477171555,-0.05000000000000426,-0.05000000000000426,55.8,55.85,55.8,55.85,19.0,215.0,3427.0,1373.0,False,False
006208,2022-10-26 09:45:13.588912,-0.0008952551477171555,-0.0008952551477171555,-0.05000000000000426,-0.05000000000000426,55.8,55.85,55.8,55.85,9.0,215.0,3427.0,1373.0,False,False
006208,2022-10-26 09:45:13.617196,-0.0008952551477171555,-0.0017905102954342,-0.05000000000000426,-0.10000000000000142,55.75,55.85,55.8,55.85,174.0,215.0,3427.0,1373.0,False,False
006208,2022-10-26 09:45:13.649718,-0.0008952551477171555,-0.0017905102954342,-0.05000000000000426,-0.10000000000000142,55.75,55.85,55.8,55.85,174.0,215.0,3427.0,1373.0,False,False
006208,2022-10-26 09:45:13.683843,-0.0008952551477171555,-0.0017905102954342,-0.05000000000000426,-0.10000000000000142,55.75,55.85,55.8,55.85,134.0,215.0,3427.0,1373.0,False,False
006208,2022-10-26 09:45:13.808949,-0.0008952551477171555,-0.0017905102954342,-0.05000000000000426,-0.10000000000000142,55.75,55.85,55.8,55.85,134.0,215.0,3427.0,1373.0,False,False
006208,2022-10-26 09:45:14.534808,-0.0008952551477171555,-0.0017905102954342,-0.05000000000000426,-0.10000000000000142,55.75,55.85,55.8,55.85,134.0,215.0,3427.0,641.0,True,True
006208,2022-10-26 09:45:14.557603,-0.0008952551477171555,-0.0017905102954342,-0.05000000000000426,-0.10000000000000142,55.75,55.85,55.8,55.85,134.0,215.0,3427.0,641.0,False,False
006208,2022-10-26 09:45:14.569759,-0.0008952551477171555,-0.0017905102954342,-0.05000000000000426,-0.10000000000000142,55.75,55.85,55.8,55.85,134.0,215.0,3427.0,641.0,False,False
006208,2022-10-26 09:45:14.777479,-0.0008952551477171555,-0.0017905102954342,-0.05000000000000426,-0.10000000000000142,55.75,55.85,55.8,55.85,134.0,215.0,3427.0,641.0,False,False
006208,2022-10-26 09:45:14.871623,-0.0008952551477171555,-0.0017905102954342,-0.05000000000000426,-0.10000000000000142,55.75,55.85,55.8,55.85,134.0,225.0,3427.0,641.0,False,False
006208,2022-10-26 09:45:14.938291,-0.0008952551477171555,-0.0017905102954342,-0.05000000000000426,-0.10000000000000142,55.75,55.85,55.8,55.85,134.0,225.0,3427.0,641.0,False,False
006208,2022-10-26 09:45:15.125511,-0.0008952551477171555,-0.0017905102954342,-0.05000000000000426,-0.10000000000000142,55.75,55.85,55.8,55.85,134.0,162.0,3427.0,641.0,False,False
006208,2022-10-26 09:45:15.199606,-0.0008952551477171555,-0.0017905102954342,-0.05000000000000426,-0.10000000000000142,55.75,55.85,55.8,55.85,134.0,162.0,3427.0,641.0,False,False
006208,2022-10-26 09:45:15.701185,-0.0008952551477171555,-0.0017905102954342,-0.05000000000000426,-0.10000000000000142,55.75,55.85,55.8,55.85,100.0,162.0,3427.0,641.0,False,False
006208,2022-10-26 09:45:15.721040,-0.0008952551477171555,-0.0017905102954342,-0.05000000000000426,-0.10000000000000142,55.75,55.85,55.8,55.85,100.0,162.0,3427.0,641.0,False,False
006208,2022-10-26 09:45:19.559289,-0.0008952551477171555,-0.0017905102954342,-0.05000000000000426,-0.10000000000000142,55.75,55.85,55.8,55.85,100.0,162.0,3427.0,641.0,False,False
006208,2022-10-26 09:45:19.559319,-0.0008952551477171555,-0.0017905102954342,-0.05000000000000426,-0.10000000000000142,55.75,55.85,55.8,55.85,100.0,162.0,3427.0,641.0,False,False
006208,2022-10-26 09:45:20.135933,-0.0008952551477171555,-0.0017905102954342,-0.05000000000000426,-0.10000000000000142,55.75,55.85,55.8,55.85,100.0,162.0,3427.0,641.0,False,False
006208,2022-10-26 09:45:20.168710,-0.0008952551477171555,-0.0017905102954342,-0.05000000000000426,-0.10000000000000142,55.75,55.85,55.8,55.85,100.0,162.0,3427.0,641.0,False,False
006208,2022-10-26 09:45:20.457095,-0.0008952551477171555,-0.0017905102954342,-0.05000000000000426,-0.10000000000000142,55.75,55.85,55.8,55.85,100.0,161.0,3427.0,641.0,False,False
006208,2022-10-26 09:45:22.165980,-0.0008952551477171555,-0.0017905102954342,-0.05000000000000426,-0.10000000000000142,55.75,55.85,55.8,55.85,100.0,161.0,3427.0,641.0,False,False
006208,2022-10-26 09:45:22.166050,-0.0008952551477171555,-0.0017905102954342,-0.05000000000000426,-0.10000000000000142,55.75,55.85,55.8,55.85,100.0,161.0,3427.0,641.0,False,False
006208,2022-10-26 09:45:23.778465,-0.0008952551477171555,-0.0017905102954342,-0.05000000000000426,-0.10000000000000142,55.75,55.85,55.8,55.85,100.0,161.0,3427.0,641.0,False,False
006208,2022-10-26 09:45:23.783651,-0.0008952551477171555,-0.0017905102954342,-0.05000000000000426,-0.10000000000000142,55.75,55.85,55.8,55.85,100.0,161.0,3427.0,641.0,False,False
006208,2022-10-26 09:45:23.906591,-0.0008952551477171555,-0.0017905102954342,-0.05000000000000426,-0.10000000000000142,55.75,55.85,55.8,55.85,100.0,161.0,3427.0,641.0,False,False
006208,2022-10-26 09:45:23.913189,-0.0008952551477171555,-0.0017905102954342,-0.05000000000000426,-0.10000000000000142,55.75,55.85,55.8,55.85,100.0,161.0,3427.0,641.0,False,False
006208,2022-10-26 09:45:24.547692,-0.0008952551477171555,-0.0017905102954342,-0.05000000000000426,-0.10000000000000142,55.75,55.85,55.8,55.85,100.0,161.0,3606.0,641.0,True,True
006208,2022-10-26 09:45:26.774640,-0.0008952551477171555,-0.0017905102954342,-0.05000000000000426,-0.10000000000000142,55.75,55.85,55.8,55.85,100.0,161.0,3606.0,641.0,False,False
006208,2022-10-26 09:45:29.054248,-0.0008952551477171555,-0.0017905102954342,-0.05000000000000426,-0.10000000000000142,55.75,55.85,55.8,55.85,100.0,141.0,3606.0,641.0,False,False
006208,2022-10-26 09:45:29.054560,-0.0008952551477171555,-0.0017905102954342,-0.05000000000000426,-0.10000000000000142,55.75,55.85,55.8,55.85,100.0,141.0,3606.0,641.0,False,False
006208,2022-10-26 09:45:29.518110,-0.0008952551477171555,-0.0017905102954342,-0.05000000000000426,-0.10000000000000142,55.75,55.85,55.8,55.85,100.0,141.0,3606.0,641.0,False,False
006208,2022-10-26 09:45:29.518290,-0.0008952551477171555,-0.0017905102954342,-0.05000000000000426,-0.10000000000000142,55.75,55.85,55.8,55.85,100.0,216.0,3606.0,641.0,False,False
006208,2022-10-26 09:45:30.360923,-0.0008952551477171555,-0.0017905102954342,-0.05000000000000426,-0.10000000000000142,55.75,55.85,55.8,55.85,100.0,141.0,3606.0,641.0,False,False
006208,2022-10-26 09:45:30.455438,-0.0008952551477171555,-0.0017905102954342,-0.05000000000000426,-0.10000000000000142,55.75,55.85,55.8,55.85,100.0,140.0,3606.0,641.0,False,False
006208,2022-10-26 09:45:30.361077,-0.0008952551477171555,-0.0017905102954342,-0.05000000000000426,-0.10000000000000142,55.75,55.85,55.8,55.85,100.0,141.0,3606.0,641.0,False,False
006208,2022-10-26 09:45:30.571640,-0.0008952551477171555,-0.0017905102954342,-0.05000000000000426,-0.10000000000000142,55.75,55.85,55.8,55.85,100.0,140.0,3606.0,641.0,False,False
006208,2022-10-26 09:45:30.781414,-0.0008952551477171555,-0.0017905102954342,-0.05000000000000426,-0.10000000000000142,55.75,55.85,55.8,55.85,100.0,140.0,3606.0,641.0,False,False
006208,2022-10-26 09:45:31.277895,-0.0008952551477171555,-0.0017905102954342,-0.05000000000000426,-0.10000000000000142,55.75,55.85,55.8,55.85,100.0,140.0,3606.0,641.0,False,False
006208,2022-10-26 09:45:31.286726,-0.0008952551477171555,-0.0017905102954342,-0.05000000000000426,-0.10000000000000142,55.75,55.85,55.8,55.85,100.0,160.0,3606.0,641.0,False,False
006208,2022-10-26 09:45:33.886107,-0.0008952551477171555,-0.0017905102954342,-0.05000000000000426,-0.10000000000000142,55.75,55.85,55.8,55.85,100.0,160.0,3606.0,641.0,False,False
006208,2022-10-26 09:45:33.889892,-0.0008952551477171555,-0.0017905102954342,-0.05000000000000426,-0.10000000000000142,55.75,55.85,55.8,55.85,100.0,160.0,3606.0,641.0,False,False
006208,2022-10-26 09:45:34.032100,-0.0008952551477171555,-0.0017905102954342,-0.05000000000000426,-0.10000000000000142,55.75,55.85,55.8,55.85,100.0,160.0,3606.0,641.0,False,False
006208,2022-10-26 09:45:34.452460,-0.0008952551477171555,-0.0017905102954342,-0.05000000000000426,-0.10000000000000142,55.75,55.85,55.8,55.85,100.0,160.0,3606.0,641.0,False,False
006208,2022-10-26 09:45:34.452611,-0.0008952551477171555,-0.0017905102954342,-0.05000000000000426,-0.10000000000000142,55.75,55.85,55.8,55.85,100.0,235.0,3606.0,641.0,False,False
006208,2022-10-26 09:45:34.575969,-0.0008952551477171555,-0.0017905102954342,-0.05000000000000426,-0.10000000000000142,55.75,55.85,55.8,55.85,100.0,235.0,3606.0,641.0,True,True
006208,2022-10-26 09:45:40.444320,-0.0008952551477171555,-0.0017905102954342,-0.05000000000000426,-0.10000000000000142,55.75,55.85,55.8,55.85,100.0,234.0,3606.0,641.0,False,False
006208,2022-10-26 09:45:41.569152,-0.0008952551477171555,-0.0017905102954342,-0.05000000000000426,-0.10000000000000142,55.75,55.85,55.8,55.85,100.0,234.0,3606.0,641.0,False,False
006208,2022-10-26 09:45:41.760295,-0.0008952551477171555,-0.0017905102954342,-0.05000000000000426,-0.10000000000000142,55.75,55.85,55.8,55.85,100.0,234.0,3606.0,641.0,False,False
006208,2022-10-26 09:45:43.165109,-0.0008952551477171555,-0.0017905102954342,-0.05000000000000426,-0.10000000000000142,55.75,55.85,55.8,55.85,100.0,234.0,3606.0,641.0,False,False
006208,2022-10-26 09:45:43.930362,-0.0008952551477171555,-0.0017905102954342,-0.05000000000000426,-0.10000000000000142,55.75,55.85,55.8,55.85,25.0,234.0,3606.0,641.0,False,False
006208,2022-10-26 09:45:43.935830,-0.0008952551477171555,-0.0017905102954342,-0.05000000000000426,-0.10000000000000142,55.75,55.85,55.8,55.85,25.0,234.0,3606.0,641.0,False,False
006208,2022-10-26 09:45:44.012026,-0.0008952551477171555,-0.0017905102954342,-0.05000000000000426,-0.10000000000000142,55.75,55.85,55.8,55.85,25.0,234.0,3606.0,641.0,False,False
006208,2022-10-26 09:45:44.179356,-0.0008952551477171555,-0.0017905102954342,-0.05000000000000426,-0.10000000000000142,55.75,55.85,55.8,55.85,25.0,234.0,3606.0,641.0,False,False
006208,2022-10-26 09:45:44.362167,-0.0008952551477171555,-0.0017905102954342,-0.05000000000000426,-0.10000000000000142,55.75,55.85,55.8,55.85,25.0,274.0,3606.0,641.0,False,False
006208,2022-10-26 09:45:44.607934,-0.0008952551477171555,-0.0017905102954342,-0.05000000000000426,-0.10000000000000142,55.75,55.85,55.8,55.85,25.0,274.0,3606.0,1051.0,True,True
006208,2022-10-26 09:45:45.215517,-0.0008952551477171555,-0.0017905102954342,-0.05000000000000426,-0.10000000000000142,55.75,55.85,55.8,55.85,25.0,234.0,3606.0,1051.0,False,False
006208,2022-10-26 09:45:46.047417,-0.0008952551477171555,-0.0017905102954342,-0.05000000000000426,-0.10000000000000142,55.75,55.85,55.8,55.85,25.0,233.0,3606.0,1051.0,False,False
006208,2022-10-26 09:45:46.753547,-0.0008952551477171555,-0.0017905102954342,-0.05000000000000426,-0.10000000000000142,55.75,55.85,55.8,55.85,25.0,233.0,3606.0,1051.0,False,False
006208,2022-10-26 09:45:46.753731,-0.0008952551477171555,-0.0017905102954342,-0.05000000000000426,-0.10000000000000142,55.75,55.85,55.8,55.85,25.0,213.0,3606.0,1051.0,False,False
006208,2022-10-26 09:45:48.724342,-0.0008952551477171555,-0.0017905102954342,-0.05000000000000426,-0.10000000000000142,55.75,55.85,55.8,55.85,25.0,213.0,3606.0,1051.0,False,False
006208,2022-10-26 09:45:48.728672,-0.0008952551477171555,-0.0017905102954342,-0.05000000000000426,-0.10000000000000142,55.75,55.85,55.8,55.85,25.0,213.0,3606.0,1051.0,False,False
006208,2022-10-26 09:45:48.944693,-0.0008952551477171555,-0.0017905102954342,-0.05000000000000426,-0.10000000000000142,55.75,55.85,55.8,55.85,25.0,253.0,3606.0,1051.0,False,False
006208,2022-10-26 09:45:49.538105,-0.0008952551477171555,-0.0017905102954342,-0.05000000000000426,-0.10000000000000142,55.75,55.85,55.8,55.85,25.0,213.0,3606.0,1051.0,False,False
006208,2022-10-26 09:45:49.962758,-0.0008952551477171555,-0.0017905102954342,-0.05000000000000426,-0.10000000000000142,55.75,55.85,55.8,55.85,25.0,253.0,3606.0,1051.0,False,False
006208,2022-10-26 09:45:50.404888,-0.0008952551477171555,-0.0017905102954342,-0.05000000000000426,-0.10000000000000142,55.75,55.85,55.8,55.85,25.0,252.0,3606.0,1051.0,False,False
006208,2022-10-26 09:45:50.567459,-0.0008952551477171555,-0.0017905102954342,-0.05000000000000426,-0.10000000000000142,55.75,55.85,55.8,55.85,25.0,232.0,3606.0,1051.0,False,False
006208,2022-10-26 09:45:50.699988,-0.0008952551477171555,-0.0017905102954342,-0.05000000000000426,-0.10000000000000142,55.75,55.85,55.8,55.85,25.0,262.0,3606.0,1051.0,False,False
006208,2022-10-26 09:45:53.206081,-0.0008952551477171555,-0.0017905102954342,-0.05000000000000426,-0.10000000000000142,55.75,55.85,55.8,55.85,25.0,222.0,3606.0,1051.0,False,False
006208,2022-10-26 09:45:54.074626,-0.0008952551477171555,-0.0017905102954342,-0.05000000000000426,-0.10000000000000142,55.75,55.85,55.8,55.85,25.0,222.0,3606.0,1051.0,False,False
006208,2022-10-26 09:45:54.119030,-0.0008952551477171555,-0.0017905102954342,-0.05000000000000426,-0.10000000000000142,55.75,55.85,55.8,55.85,100.0,222.0,3606.0,1051.0,False,False
006208,2022-10-26 09:45:54.249427,-0.0008952551477171555,-0.0017905102954342,-0.05000000000000426,-0.10000000000000142,55.75,55.85,55.8,55.85,100.0,222.0,3606.0,1051.0,False,False
006208,2022-10-26 09:45:54.637202,-0.0008952551477171555,-0.0017905102954342,-0.05000000000000426,-0.10000000000000142,55.75,55.85,55.8,55.85,100.0,222.0,3606.0,1115.0,True,True
006208,2022-10-26 09:45:56.597018,-0.0008952551477171555,-0.0017905102954342,-0.05000000000000426,-0.10000000000000142,55.75,55.85,55.8,55.85,100.0,222.0,3606.0,1115.0,False,False
006208,2022-10-26 09:45:56.758017,-0.0008952551477171555,-0.0017905102954342,-0.05000000000000426,-0.10000000000000142,55.75,55.85,55.8,55.85,100.0,147.0,3606.0,1115.0,False,False
006208,2022-10-26 09:45:56.819717,-0.0008952551477171555,-0.0017905102954342,-0.05000000000000426,-0.10000000000000142,55.75,55.85,55.8,55.85,100.0,147.0,3606.0,1115.0,False,False
006208,2022-10-26 09:45:56.853991,-0.0008952551477171555,-0.0017905102954342,-0.05000000000000426,-0.10000000000000142,55.75,55.85,55.8,55.85,100.0,147.0,3606.0,1115.0,False,False
006208,2022-10-26 09:45:57.744231,-0.0008952551477171555,-0.0017905102954342,-0.05000000000000426,-0.10000000000000142,55.75,55.85,55.8,55.85,100.0,147.0,3606.0,1115.0,False,False
006208,2022-10-26 09:45:57.754753,-0.0008952551477171555,-0.0017905102954342,-0.05000000000000426,-0.10000000000000142,55.75,55.85,55.8,55.85,100.0,147.0,3606.0,1115.0,False,False
006208,2022-10-26 09:45:57.982230,-0.0008952551477171555,-0.0017905102954342,-0.05000000000000426,-0.10000000000000142,55.75,55.85,55.8,55.85,100.0,47.0,3606.0,1115.0,False,False
006208,2022-10-26 09:45:58.982405,-0.0008952551477171555,-0.0017905102954342,-0.05000000000000426,-0.10000000000000142,55.75,55.85,55.8,55.85,100.0,147.0,3606.0,1115.0,False,False
006208,2022-10-26 09:46:00.027773,-0.0008952551477171555,-0.0017905102954342,-0.05000000000000426,-0.10000000000000142,55.75,55.85,55.8,55.85,100.0,147.0,3606.0,1115.0,False,False
006208,2022-10-26 09:46:00.046073,-0.0008952551477171555,-0.0017905102954342,-0.05000000000000426,-0.10000000000000142,55.75,55.85,55.8,55.85,100.0,147.0,3606.0,1115.0,False,False
006208,2022-10-26 09:46:00.156351,-0.0008952551477171555,-0.0017905102954342,-0.05000000000000426,-0.10000000000000142,55.75,55.85,55.8,55.85,100.0,167.0,3606.0,1115.0,False,False
006208,2022-10-26 09:46:00.361057,-0.0008952551477171555,-0.0017905102954342,-0.05000000000000426,-0.10000000000000142,55.75,55.85,55.8,55.85,100.0,167.0,3606.0,1115.0,False,False
006208,2022-10-26 09:46:00.375522,-0.0008952551477171555,-0.0017905102954342,-0.05000000000000426,-0.10000000000000142,55.75,55.85,55.8,55.85,100.0,147.0,3606.0,1115.0,False,False
006208,2022-10-26 09:46:01.055705,-0.0008952551477171555,-0.0017905102954342,-0.05000000000000426,-0.10000000000000142,55.75,55.85,55.8,55.85,100.0,147.0,3606.0,1115.0,False,False
006208,2022-10-26 09:46:01.060728,-0.0008952551477171555,-0.0017905102954342,-0.05000000000000426,-0.10000000000000142,55.75,55.85,55.8,55.85,100.0,167.0,3606.0,1115.0,False,False
006208,2022-10-26 09:46:01.070561,-0.0008952551477171555,-0.0017905102954342,-0.05000000000000426,-0.10000000000000142,55.75,55.85,55.8,55.85,100.0,167.0,3606.0,1115.0,False,False
006208,2022-10-26 09:46:02.007934,-0.0008952551477171555,-0.0017905102954342,-0.05000000000000426,-0.10000000000000142,55.75,55.85,55.8,55.85,100.0,147.0,3606.0,1115.0,False,False
006208,2022-10-26 09:46:02.019265,-0.0008952551477171555,-0.0017905102954342,-0.05000000000000426,-0.10000000000000142,55.75,55.85,55.8,55.85,100.0,147.0,3606.0,1115.0,False,False
006208,2022-10-26 09:46:03.861652,-0.0008952551477171555,-0.0017905102954342,-0.05000000000000426,-0.10000000000000142,55.75,55.85,55.8,55.85,100.0,147.0,3655.0,1115.0,False,True
006208,2022-10-26 09:46:04.230688,-0.0008952551477171555,-0.0017905102954342,-0.05000000000000426,-0.10000000000000142,55.75,55.85,55.8,55.85,100.0,147.0,3655.0,1115.0,False,False
006208,2022-10-26 09:46:04.258336,-0.0008952551477171555,-0.0017905102954342,-0.05000000000000426,-0.10000000000000142,55.75,55.85,55.8,55.85,100.0,47.0,3655.0,1115.0,False,False
006208,2022-10-26 09:46:04.374899,-0.0008952551477171555,-0.0017905102954342,-0.05000000000000426,-0.10000000000000142,55.75,55.85,55.8,55.85,100.0,47.0,3655.0,1115.0,False,False
006208,2022-10-26 09:46:05.095232,-0.0008952551477171555,-0.0017905102954342,-0.05000000000000426,-0.10000000000000142,55.75,55.85,55.8,55.85,100.0,47.0,3655.0,1115.0,False,False
006208,2022-10-26 09:46:05.160050,-0.0008952551477171555,-0.0017905102954342,-0.05000000000000426,-0.10000000000000142,55.75,55.85,55.8,55.85,100.0,47.0,3655.0,1115.0,False,False
006208,2022-10-26 09:46:05.257899,-0.0008952551477171555,-0.0017905102954342,-0.05000000000000426,-0.10000000000000142,55.75,55.85,55.8,55.85,200.0,47.0,3655.0,1115.0,False,False
006208,2022-10-26 09:46:06.405709,-0.0008952551477171555,-0.0017905102954342,-0.05000000000000426,-0.10000000000000142,55.75,55.85,55.8,55.85,200.0,47.0,3655.0,1115.0,False,False
006208,2022-10-26 09:46:06.405857,-0.0008952551477171555,-0.0017905102954342,-0.05000000000000426,-0.10000000000000142,55.75,55.85,55.8,55.85,200.0,67.0,3655.0,1115.0,False,False
006208,2022-10-26 09:46:07.208092,-0.0008952551477171555,-0.0017905102954342,-0.05000000000000426,-0.10000000000000142,55.75,55.85,55.8,55.85,200.0,67.0,3655.0,1115.0,False,False
006208,2022-10-26 09:46:07.208277,-0.0008952551477171555,-0.0017905102954342,-0.05000000000000426,-0.10000000000000142,55.75,55.85,55.8,55.85,200.0,67.0,3655.0,1115.0,False,False
006208,2022-10-26 09:46:10.238313,-0.0008952551477171555,-0.0017905102954342,-0.05000000000000426,-0.10000000000000142,55.75,55.85,55.8,55.85,260.0,67.0,3655.0,1115.0,False,False
006208,2022-10-26 09:46:10.291469,-0.0008952551477171555,-0.0017905102954342,-0.05000000000000426,-0.10000000000000142,55.75,55.85,55.8,55.85,260.0,67.0,3655.0,1115.0,False,False
006208,2022-10-26 09:46:10.392030,-0.0008952551477171555,-0.0017905102954342,-0.05000000000000426,-0.10000000000000142,55.75,55.85,55.8,55.85,260.0,66.0,3655.0,1115.0,False,False
006208,2022-10-26 09:46:10.358811,-0.0008952551477171555,-0.0017905102954342,-0.05000000000000426,-0.10000000000000142,55.75,55.85,55.8,55.85,260.0,67.0,3655.0,1115.0,False,False
006208,2022-10-26 09:46:11.051650,-0.0008952551477171555,-0.0017905102954342,-0.05000000000000426,-0.10000000000000142,55.75,55.85,55.8,55.85,185.0,66.0,3655.0,1115.0,False,False
006208,2022-10-26 09:46:11.051820,-0.0008952551477171555,-0.0008952551477171555,-0.05000000000000426,-0.05000000000000426,55.8,55.85,55.8,55.85,75.0,66.0,3655.0,1115.0,False,False
006208,2022-10-26 09:46:11.165177,-0.0008952551477171555,-0.0008952551477171555,-0.05000000000000426,-0.05000000000000426,55.8,55.85,55.8,55.85,75.0,66.0,3655.0,1115.0,False,False
006208,2022-10-26 09:46:11.247960,-0.0008952551477171555,-0.0008952551477171555,-0.05000000000000426,-0.05000000000000426,55.8,55.85,55.8,55.85,75.0,66.0,3655.0,1115.0,False,False
006208,2022-10-26 09:46:11.832627,-0.0008952551477171555,-0.0008952551477171555,-0.05000000000000426,-0.05000000000000426,55.8,55.85,55.8,55.85,75.0,46.0,3655.0,1115.0,False,False
006208,2022-10-26 09:46:11.832726,-0.0008952551477171555,-0.0008952551477171555,-0.05000000000000426,-0.05000000000000426,55.8,55.85,55.8,55.85,75.0,46.0,3655.0,1115.0,False,False
006208,2022-10-26 09:46:12.650459,-0.0008952551477171555,-0.0008952551477171555,-0.05000000000000426,-0.05000000000000426,55.8,55.85,55.8,55.85,75.0,66.0,3655.0,1115.0,False,False
006208,2022-10-26 09:46:12.650462,-0.0008952551477171555,-0.0008952551477171555,-0.05000000000000426,-0.05000000000000426,55.8,55.85,55.8,55.85,75.0,66.0,3655.0,1115.0,False,False
006208,2022-10-26 09:46:13.666985,-0.0008952551477171555,-0.0008952551477171555,-0.05000000000000426,-0.05000000000000426,55.8,55.85,55.8,55.85,75.0,66.0,3655.0,1115.0,False,False
006208,2022-10-26 09:46:13.754796,-0.0008952551477171555,-0.0008952551477171555,-0.05000000000000426,-0.05000000000000426,55.8,55.85,55.8,55.85,75.0,66.0,3655.0,1115.0,False,False
006208,2022-10-26 09:46:13.766909,-0.0008952551477171555,-0.0008952551477171555,-0.05000000000000426,-0.05000000000000426,55.8,55.85,55.8,55.85,75.0,66.0,3655.0,1115.0,False,False
006208,2022-10-26 09:46:13.889112,-0.0008952551477171555,-0.0008952551477171555,-0.05000000000000426,-0.05000000000000426,55.8,55.85,55.8,55.85,75.0,66.0,3655.0,1115.0,True,True
006208,2022-10-26 09:46:13.913483,-0.0008952551477171555,-0.0008952551477171555,-0.05000000000000426,-0.05000000000000426,55.8,55.85,55.8,55.85,75.0,66.0,3655.0,1115.0,False,False
006208,2022-10-26 09:46:14.004275,-0.0008952551477171555,-0.0008952551477171555,-0.05000000000000426,-0.05000000000000426,55.8,55.85,55.8,55.85,75.0,66.0,3655.0,1115.0,False,False
006208,2022-10-26 09:46:14.147853,-0.0008952551477171555,-0.0008952551477171555,-0.05000000000000426,-0.05000000000000426,55.8,55.85,55.8,55.85,75.0,66.0,3655.0,1115.0,False,False
006208,2022-10-26 09:46:17.352329,-0.0008952551477171555,-0.0008952551477171555,-0.05000000000000426,-0.05000000000000426,55.8,55.85,55.8,55.85,75.0,66.0,3655.0,1115.0,False,False
006208,2022-10-26 09:46:17.352333,-0.0008952551477171555,-0.0008952551477171555,-0.05000000000000426,-0.05000000000000426,55.8,55.85,55.8,55.85,75.0,46.0,3655.0,1115.0,False,False
006208,2022-10-26 09:46:17.773801,-0.0008952551477171555,-0.0008952551477171555,-0.05000000000000426,-0.05000000000000426,55.8,55.85,55.8,55.85,75.0,46.0,3655.0,1115.0,False,False
006208,2022-10-26 09:46:17.774060,-0.0008952551477171555,-0.0008952551477171555,-0.05000000000000426,-0.05000000000000426,55.8,55.85,55.8,55.85,75.0,46.0,3655.0,1115.0,False,False
006208,2022-10-26 09:46:18.384131,-0.0008952551477171555,-0.0008952551477171555,-0.05000000000000426,-0.05000000000000426,55.8,55.85,55.8,55.85,75.0,46.0,3655.0,1115.0,False,False
006208,2022-10-26 09:46:18.978517,-0.0008952551477171555,-0.0008952551477171555,-0.05000000000000426,-0.05000000000000426,55.8,55.85,55.8,55.85,75.0,46.0,3655.0,1115.0,False,False
006208,2022-10-26 09:46:19.004075,-0.0008952551477171555,-0.0008952551477171555,-0.05000000000000426,-0.05000000000000426,55.8,55.85,55.8,55.85,75.0,45.0,3655.0,1115.0,False,False
006208,2022-10-26 09:46:20.402149,-0.0008952551477171555,-0.0008952551477171555,-0.05000000000000426,-0.05000000000000426,55.8,55.85,55.8,55.85,75.0,44.0,3655.0,1115.0,False,False
006208,2022-10-26 09:46:21.227567,-0.0008952551477171555,-0.0008952551477171555,-0.05000000000000426,-0.05000000000000426,55.8,55.85,55.8,55.85,75.0,44.0,3655.0,1115.0,False,False
006208,2022-10-26 09:46:21.232684,-0.0008952551477171555,-0.0008952551477171555,-0.05000000000000426,-0.05000000000000426,55.8,55.85,55.8,55.85,75.0,44.0,3655.0,1115.0,False,False
006208,2022-10-26 09:46:21.364664,-0.0008952551477171555,-0.0008952551477171555,-0.05000000000000426,-0.05000000000000426,55.8,55.85,55.8,55.85,75.0,44.0,3655.0,1115.0,False,False
006208,2022-10-26 09:46:23.517047,-0.0008952551477171555,-0.0008952551477171555,-0.05000000000000426,-0.05000000000000426,55.8,55.85,55.8,55.85,75.0,45.0,3655.0,1115.0,False,False
006208,2022-10-26 09:46:23.918822,-0.0008952551477171555,-0.0008952551477171555,-0.05000000000000426,-0.05000000000000426,55.8,55.85,55.8,55.85,75.0,45.0,3655.0,1015.0,True,True
006208,2022-10-26 09:46:24.951718,-0.0008952551477171555,-0.0008952551477171555,-0.05000000000000426,-0.05000000000000426,55.8,55.85,55.8,55.85,76.0,45.0,3655.0,1015.0,False,False
006208,2022-10-26 09:46:30.016502,-0.0008952551477171555,-0.0008952551477171555,-0.05000000000000426,-0.05000000000000426,55.8,55.85,55.8,55.85,76.0,45.0,3655.0,1015.0,False,False
006208,2022-10-26 09:46:30.016660,-0.0008952551477171555,-0.0008952551477171555,-0.05000000000000426,-0.05000000000000426,55.8,55.85,55.8,55.85,76.0,65.0,3655.0,1015.0,False,False
006208,2022-10-26 09:46:30.053563,-0.0008952551477171555,-0.0008952551477171555,-0.05000000000000426,-0.05000000000000426,55.8,55.85,55.8,55.85,76.0,65.0,3655.0,1015.0,False,False
006208,2022-10-26 09:46:30.053712,-0.0008952551477171555,-0.0008952551477171555,-0.05000000000000426,-0.05000000000000426,55.8,55.85,55.8,55.85,76.0,65.0,3655.0,1015.0,False,False
006208,2022-10-26 09:46:30.369703,-0.0008952551477171555,-0.0008952551477171555,-0.05000000000000426,-0.05000000000000426,55.8,55.85,55.8,55.85,76.0,45.0,3655.0,1015.0,False,False
006208,2022-10-26 09:46:30.397075,-0.0008952551477171555,-0.0008952551477171555,-0.05000000000000426,-0.05000000000000426,55.8,55.85,55.8,55.85,76.0,44.0,3655.0,1015.0,False,False
006208,2022-10-26 09:46:30.382217,-0.0008952551477171555,-0.0008952551477171555,-0.05000000000000426,-0.05000000000000426,55.8,55.85,55.8,55.85,76.0,45.0,3655.0,1015.0,False,False
006208,2022-10-26 09:46:31.111239,-0.0008952551477171555,-0.0008952551477171555,-0.05000000000000426,-0.05000000000000426,55.8,55.85,55.8,55.85,76.0,44.0,3655.0,1015.0,False,False
006208,2022-10-26 09:46:31.242381,-0.0008952551477171555,-0.0008952551477171555,-0.05000000000000426,-0.05000000000000426,55.8,55.85,55.8,55.85,76.0,44.0,3655.0,1015.0,False,False
006208,2022-10-26 09:46:31.246155,-0.0008952551477171555,-0.0008952551477171555,-0.05000000000000426,-0.05000000000000426,55.8,55.85,55.8,55.85,76.0,44.0,3655.0,1015.0,False,False
006208,2022-10-26 09:46:31.351845,-0.0008952551477171555,-0.0008952551477171555,-0.05000000000000426,-0.05000000000000426,55.8,55.85,55.8,55.85,76.0,44.0,3655.0,1015.0,False,False
006208,2022-10-26 09:46:31.521793,-0.0008952551477171555,-0.0008952551477171555,-0.05000000000000426,-0.05000000000000426,55.8,55.85,55.8,55.85,76.0,64.0,3655.0,1015.0,False,False
006208,2022-10-26 09:46:31.860775,-0.0008952551477171555,-0.0008952551477171555,-0.05000000000000426,-0.05000000000000426,55.8,55.85,55.8,55.85,1.0,64.0,3655.0,1015.0,False,False
006208,2022-10-26 09:46:31.860886,-0.0008952551477171555,-0.0008952551477171555,-0.05000000000000426,-0.05000000000000426,55.8,55.85,55.8,55.85,1.0,64.0,3655.0,1015.0,False,False
006208,2022-10-26 09:46:31.965295,-0.0008952551477171555,-0.0008952551477171555,-0.05000000000000426,-0.05000000000000426,55.8,55.85,55.8,55.85,1.0,64.0,3655.0,1015.0,False,False
006208,2022-10-26 09:46:32.098319,-0.0008952551477171555,-0.0008952551477171555,-0.05000000000000426,-0.05000000000000426,55.8,55.85,55.8,55.85,1.0,44.0,3655.0,1015.0,False,False
006208,2022-10-26 09:46:32.378880,-0.0008952551477171555,-0.0008952551477171555,-0.05000000000000426,-0.05000000000000426,55.8,55.85,55.8,55.85,1.0,44.0,3655.0,1015.0,False,False
006208,2022-10-26 09:46:32.409313,-0.0008952551477171555,-0.0008952551477171555,-0.05000000000000426,-0.05000000000000426,55.8,55.85,55.8,55.85,1.0,64.0,3655.0,1015.0,False,False
006208,2022-10-26 09:46:32.461775,-0.0008952551477171555,-0.0008952551477171555,-0.05000000000000426,-0.05000000000000426,55.8,55.85,55.8,55.85,1.0,64.0,3655.0,1015.0,False,False
006208,2022-10-26 09:46:32.630277,-0.0008952551477171555,-0.0008952551477171555,-0.05000000000000426,-0.05000000000000426,55.8,55.85,55.8,55.85,1.0,64.0,3655.0,1015.0,False,False
006208,2022-10-26 09:46:33.409427,-0.0008952551477171555,-0.0008952551477171555,-0.05000000000000426,-0.05000000000000426,55.8,55.85,55.8,55.85,1.0,164.0,3655.0,1015.0,False,False
006208,2022-10-26 09:46:33.718190,-0.0008952551477171555,-0.0008952551477171555,-0.05000000000000426,-0.05000000000000426,55.8,55.85,55.8,55.85,1.0,164.0,3655.0,1015.0,False,False
006208,2022-10-26 09:46:33.730805,-0.0008952551477171555,-0.0008952551477171555,-0.05000000000000426,-0.05000000000000426,55.8,55.85,55.8,55.85,1.0,144.0,3655.0,1015.0,False,False
006208,2022-10-26 09:46:33.953404,-0.0008952551477171555,-0.0008952551477171555,-0.05000000000000426,-0.05000000000000426,55.8,55.85,55.8,55.85,1.0,144.0,3655.0,1015.0,True,True
006208,2022-10-26 09:46:38.199191,-0.0008952551477171555,-0.0008952551477171555,-0.05000000000000426,-0.05000000000000426,55.8,55.85,55.8,55.85,1.0,144.0,3655.0,1015.0,False,False
006208,2022-10-26 09:46:38.203511,-0.0008952551477171555,-0.0008952551477171555,-0.05000000000000426,-0.05000000000000426,55.8,55.85,55.8,55.85,1.0,144.0,3655.0,1015.0,False,False
006208,2022-10-26 09:46:38.498337,-0.0008952551477171555,-0.0008952551477171555,-0.05000000000000426,-0.05000000000000426,55.8,55.85,55.8,55.85,1.0,144.0,3655.0,1015.0,False,False
006208,2022-10-26 09:46:38.498485,-0.0008952551477171555,-0.0008952551477171555,-0.05000000000000426,-0.05000000000000426,55.8,55.85,55.8,55.85,1.0,164.0,3655.0,1015.0,False,False
006208,2022-10-26 09:46:38.603480,-0.0008952551477171555,-0.0008952551477171555,-0.05000000000000426,-0.05000000000000426,55.8,55.85,55.8,55.85,1.0,144.0,3655.0,1015.0,False,False
006208,2022-10-26 09:46:40.376502,-0.0008952551477171555,-0.0008952551477171555,-0.05000000000000426,-0.05000000000000426,55.8,55.85,55.8,55.85,1.0,143.0,3655.0,1015.0,False,False
006208,2022-10-26 09:46:41.465041,-0.0008952551477171555,-0.0008952551477171555,-0.05000000000000426,-0.05000000000000426,55.8,55.85,55.8,55.85,1.0,143.0,3655.0,1015.0,False,False
006208,2022-10-26 09:46:41.469222,-0.0008952551477171555,-0.0008952551477171555,-0.05000000000000426,-0.05000000000000426,55.8,55.85,55.8,55.85,1.0,143.0,3655.0,1015.0,False,False
006208,2022-10-26 09:46:41.601141,-0.0008952551477171555,-0.0008952551477171555,-0.05000000000000426,-0.05000000000000426,55.8,55.85,55.8,55.85,1.0,143.0,3655.0,1015.0,False,False
006208,2022-10-26 09:46:41.860172,-0.0008952551477171555,-0.0017905102954342,-0.05000000000000426,-0.10000000000000142,55.75,55.85,55.8,55.85,174.0,143.0,3655.0,1015.0,False,False
006208,2022-10-26 09:46:41.893522,-0.0008952551477171555,-0.0017905102954342,-0.05000000000000426,-0.10000000000000142,55.75,55.85,55.8,55.85,174.0,143.0,3655.0,1015.0,False,False
006208,2022-10-26 09:46:41.978761,-0.0008952551477171555,-0.0017905102954342,-0.05000000000000426,-0.10000000000000142,55.75,55.85,55.8,55.85,134.0,143.0,3655.0,1015.0,False,False
006208,2022-10-26 09:46:42.109019,-0.0008952551477171555,-0.0017905102954342,-0.05000000000000426,-0.10000000000000142,55.75,55.85,55.8,55.85,134.0,143.0,3655.0,1015.0,False,False
006208,2022-10-26 09:46:43.201258,-0.0008952551477171555,-0.0017905102954342,-0.05000000000000426,-0.10000000000000142,55.75,55.85,55.8,55.85,134.0,143.0,3655.0,1015.0,False,False
006208,2022-10-26 09:46:43.225853,-0.0008952551477171555,-0.0017905102954342,-0.05000000000000426,-0.10000000000000142,55.75,55.85,55.8,55.85,134.0,143.0,3655.0,1015.0,False,False
006208,2022-10-26 09:46:43.395105,-0.0008952551477171555,-0.0017905102954342,-0.05000000000000426,-0.10000000000000142,55.75,55.85,55.8,55.85,134.0,143.0,3655.0,1015.0,False,False
006208,2022-10-26 09:46:43.752662,-0.0008952551477171555,-0.0017905102954342,-0.05000000000000426,-0.10000000000000142,55.75,55.85,55.8,55.85,100.0,143.0,3655.0,1015.0,False,False
006208,2022-10-26 09:46:43.784744,-0.0008952551477171555,-0.0017905102954342,-0.05000000000000426,-0.10000000000000142,55.75,55.85,55.8,55.85,100.0,43.0,3655.0,1015.0,False,False
006208,2022-10-26 09:46:43.843284,-0.0008952551477171555,-0.0017905102954342,-0.05000000000000426,-0.10000000000000142,55.75,55.85,55.8,55.85,100.0,43.0,3655.0,1015.0,False,False
006208,2022-10-26 09:46:43.990393,-0.0008952551477171555,-0.0017905102954342,-0.05000000000000426,-0.10000000000000142,55.75,55.85,55.8,55.85,100.0,43.0,3655.0,765.0,True,True
006208,2022-10-26 09:46:44.718838,-0.0008952551477171555,-0.0017905102954342,-0.05000000000000426,-0.10000000000000142,55.75,55.85,55.8,55.85,25.0,43.0,3655.0,765.0,False,False
006208,2022-10-26 09:46:44.786678,-0.0008952551477171555,-0.0008952551477171555,-0.05000000000000426,-0.05000000000000426,55.8,55.85,55.8,55.85,75.0,43.0,3655.0,765.0,False,False
006208,2022-10-26 09:46:45.059547,-0.0008952551477171555,-0.0008952551477171555,-0.05000000000000426,-0.05000000000000426,55.8,55.85,55.8,55.85,75.0,43.0,3655.0,765.0,False,False
006208,2022-10-26 09:46:45.112199,-0.0008952551477171555,-0.0008952551477171555,-0.05000000000000426,-0.05000000000000426,55.8,55.85,55.8,55.85,75.0,43.0,3655.0,765.0,False,False
006208,2022-10-26 09:46:45.172309,-0.0008952551477171555,-0.0008952551477171555,-0.05000000000000426,-0.05000000000000426,55.8,55.85,55.8,55.85,75.0,43.0,3655.0,765.0,False,False
006208,2022-10-26 09:46:45.828048,-0.0008952551477171555,-0.0008952551477171555,-0.05000000000000426,-0.05000000000000426,55.8,55.85,55.8,55.85,75.0,58.0,3655.0,765.0,False,False
006208,2022-10-26 09:46:46.067341,-0.0008952551477171555,-0.0008952551477171555,-0.05000000000000426,-0.05000000000000426,55.8,55.85,55.8,55.85,75.0,58.0,3655.0,765.0,False,False
006208,2022-10-26 09:46:46.127128,-0.0008952551477171555,-0.0008952551477171555,-0.05000000000000426,-0.05000000000000426,55.8,55.85,55.8,55.85,75.0,58.0,3655.0,765.0,False,False
006208,2022-10-26 09:46:46.283202,-0.0008952551477171555,-0.0008952551477171555,-0.05000000000000426,-0.05000000000000426,55.8,55.85,55.8,55.85,75.0,58.0,3655.0,765.0,False,False
006208,2022-10-26 09:46:46.416048,-0.0008952551477171555,-0.0008952551477171555,-0.05000000000000426,-0.05000000000000426,55.8,55.85,55.8,55.85,75.0,58.0,3655.0,765.0,False,False
006208,2022-10-26 09:46:46.695752,-0.0008952551477171555,-0.0008952551477171555,-0.05000000000000426,-0.05000000000000426,55.8,55.85,55.8,55.85,75.0,58.0,3655.0,765.0,False,False
006208,2022-10-26 09:46:46.706912,-0.0008952551477171555,-0.0008952551477171555,-0.05000000000000426,-0.05000000000000426,55.8,55.85,55.8,55.85,75.0,58.0,3655.0,765.0,False,False
006208,2022-10-26 09:46:46.891916,-0.0008952551477171555,-0.0008952551477171555,-0.05000000000000426,-0.05000000000000426,55.8,55.85,55.8,55.85,75.0,58.0,3655.0,765.0,False,False
006208,2022-10-26 09:46:47.359685,-0.0008952551477171555,-0.0008952551477171555,-0.05000000000000426,-0.05000000000000426,55.8,55.85,55.8,55.85,75.0,58.0,3655.0,765.0,False,False
006208,2022-10-26 09:46:47.359867,-0.0008952551477171555,-0.0008952551477171555,-0.05000000000000426,-0.05000000000000426,55.8,55.85,55.8,55.85,75.0,78.0,3655.0,765.0,False,False
006208,2022-10-26 09:46:47.452073,-0.0008952551477171555,-0.0008952551477171555,-0.05000000000000426,-0.05000000000000426,55.8,55.85,55.8,55.85,75.0,78.0,3655.0,765.0,False,False
006208,2022-10-26 09:46:48.553424,-0.0008952551477171555,-0.0008952551477171555,-0.05000000000000426,-0.05000000000000426,55.8,55.85,55.8,55.85,75.0,58.0,3655.0,765.0,False,False
006208,2022-10-26 09:46:49.472463,-0.0008952551477171555,-0.0008952551477171555,-0.05000000000000426,-0.05000000000000426,55.8,55.85,55.8,55.85,75.0,58.0,3655.0,765.0,False,False
006208,2022-10-26 09:46:49.566850,-0.0008952551477171555,-0.0008952551477171555,-0.05000000000000426,-0.05000000000000426,55.8,55.85,55.8,55.85,76.0,58.0,3655.0,765.0,False,False
006208,2022-10-26 09:46:49.971346,-0.0008952551477171555,-0.0008952551477171555,-0.05000000000000426,-0.05000000000000426,55.8,55.85,55.8,55.85,76.0,58.0,3655.0,765.0,False,False
006208,2022-10-26 09:46:49.987844,-0.0008952551477171555,-0.0008952551477171555,-0.05000000000000426,-0.05000000000000426,55.8,55.85,55.8,55.85,76.0,58.0,3655.0,765.0,False,False
006208,2022-10-26 09:46:50.386837,-0.0008952551477171555,-0.0008952551477171555,-0.05000000000000426,-0.05000000000000426,55.8,55.85,55.8,55.85,76.0,57.0,3655.0,765.0,False,False
006208,2022-10-26 09:46:51.397156,-0.0008952551477171555,-0.0008952551477171555,-0.05000000000000426,-0.05000000000000426,55.8,55.85,55.8,55.85,76.0,57.0,3655.0,765.0,False,False
006208,2022-10-26 09:46:51.400719,-0.0008952551477171555,-0.0008952551477171555,-0.05000000000000426,-0.05000000000000426,55.8,55.85,55.8,55.85,76.0,57.0,3655.0,765.0,False,False
006208,2022-10-26 09:46:51.526849,-0.0008952551477171555,-0.0008952551477171555,-0.05000000000000426,-0.05000000000000426,55.8,55.85,55.8,55.85,76.0,57.0,3655.0,765.0,False,False
006208,2022-10-26 09:46:52.989932,-0.0008952551477171555,-0.0008952551477171555,-0.05000000000000426,-0.05000000000000426,55.8,55.85,55.8,55.85,76.0,56.0,3655.0,765.0,False,False
006208,2022-10-26 09:46:53.543240,-0.0008952551477171555,-0.0008952551477171555,-0.05000000000000426,-0.05000000000000426,55.8,55.85,55.8,55.85,76.0,56.0,3655.0,765.0,False,False
006208,2022-10-26 09:46:53.833528,-0.0008952551477171555,-0.0008952551477171555,-0.05000000000000426,-0.05000000000000426,55.8,55.85,55.8,55.85,76.0,56.0,3655.0,765.0,False,False
006208,2022-10-26 09:46:54.019360,-0.0008952551477171555,-0.0008952551477171555,-0.05000000000000426,-0.05000000000000426,55.8,55.85,55.8,55.85,76.0,56.0,3835.0,665.0,True,True
006208,2022-10-26 09:46:54.134839,-0.0008952551477171555,-0.0008952551477171555,-0.05000000000000426,-0.05000000000000426,55.8,55.85,55.8,55.85,76.0,56.0,3835.0,665.0,False,False
006208,2022-10-26 09:46:54.579354,-0.0008952551477171555,-0.0008952551477171555,-0.05000000000000426,-0.05000000000000426,55.8,55.85,55.8,55.85,76.0,56.0,3835.0,665.0,False,False
006208,2022-10-26 09:46:54.661747,-0.0008952551477171555,-0.0008952551477171555,-0.05000000000000426,-0.05000000000000426,55.8,55.85,55.8,55.85,76.0,56.0,3835.0,665.0,False,False
006208,2022-10-26 09:46:54.720378,-0.0008952551477171555,-0.0008952551477171555,-0.05000000000000426,-0.05000000000000426,55.8,55.85,55.8,55.85,76.0,56.0,3835.0,665.0,False,False
006208,2022-10-26 09:46:54.938910,-0.0008952551477171555,-0.0008952551477171555,-0.05000000000000426,-0.05000000000000426,55.8,55.85,55.8,55.85,76.0,56.0,3835.0,665.0,False,False
006208,2022-10-26 09:46:54.940488,-0.0008952551477171555,-0.0008952551477171555,-0.05000000000000426,-0.05000000000000426,55.8,55.85,55.8,55.85,76.0,56.0,3835.0,665.0,False,False
006208,2022-10-26 09:46:55.079421,-0.0008952551477171555,-0.0008952551477171555,-0.05000000000000426,-0.05000000000000426,55.8,55.85,55.8,55.85,77.0,56.0,3835.0,665.0,False,False
006208,2022-10-26 09:46:55.223874,-0.0008952551477171555,-0.0008952551477171555,-0.05000000000000426,-0.05000000000000426,55.8,55.85,55.8,55.85,77.0,56.0,3835.0,665.0,False,False
006208,2022-10-26 09:46:55.372243,-0.0008952551477171555,-0.0008952551477171555,-0.05000000000000426,-0.05000000000000426,55.8,55.85,55.8,55.85,77.0,56.0,3835.0,665.0,False,False
006208,2022-10-26 09:46:55.429225,-0.0008952551477171555,-0.0008952551477171555,-0.05000000000000426,-0.05000000000000426,55.8,55.85,55.8,55.85,77.0,56.0,3835.0,665.0,False,False
006208,2022-10-26 09:46:55.640856,-0.0008952551477171555,-0.0008952551477171555,-0.05000000000000426,-0.05000000000000426,55.8,55.85,55.8,55.85,177.0,56.0,3835.0,665.0,False,False
006208,2022-10-26 09:46:55.702060,-0.0008952551477171555,-0.0008952551477171555,-0.05000000000000426,-0.05000000000000426,55.8,55.85,55.8,55.85,177.0,56.0,3835.0,665.0,False,False
006208,2022-10-26 09:46:55.961131,-0.0008952551477171555,-0.0008952551477171555,-0.05000000000000426,-0.05000000000000426,55.8,55.85,55.8,55.85,177.0,56.0,3835.0,665.0,False,False
006208,2022-10-26 09:46:56.084178,-0.0008952551477171555,-0.0008952551477171555,-0.05000000000000426,-0.05000000000000426,55.8,55.85,55.8,55.85,177.0,56.0,3835.0,665.0,False,False
006208,2022-10-26 09:46:56.406262,-0.0008952551477171555,-0.0008952551477171555,-0.05000000000000426,-0.05000000000000426,55.8,55.85,55.8,55.85,177.0,56.0,3835.0,665.0,False,False
006208,2022-10-26 09:46:56.406456,-0.0008952551477171555,-0.0008952551477171555,-0.05000000000000426,-0.05000000000000426,55.8,55.85,55.8,55.85,177.0,56.0,3835.0,665.0,False,False
006208,2022-10-26 09:46:56.470345,-0.0008952551477171555,-0.0008952551477171555,-0.05000000000000426,-0.05000000000000426,55.8,55.85,55.8,55.85,177.0,56.0,3835.0,665.0,False,False
006208,2022-10-26 09:46:57.282642,-0.0008952551477171555,-0.0008952551477171555,-0.05000000000000426,-0.05000000000000426,55.8,55.85,55.8,55.85,177.0,56.0,3835.0,665.0,False,False
006208,2022-10-26 09:46:57.282775,-0.0008952551477171555,-0.0008952551477171555,-0.05000000000000426,-0.05000000000000426,55.8,55.85,55.8,55.85,177.0,56.0,3835.0,665.0,False,False
006208,2022-10-26 09:46:57.904797,-0.0008952551477171555,-0.0008952551477171555,-0.05000000000000426,-0.05000000000000426,55.8,55.85,55.8,55.85,177.0,26.0,3835.0,665.0,False,False
006208,2022-10-26 09:46:58.044741,-0.0008952551477171555,-0.0008952551477171555,-0.05000000000000426,-0.05000000000000426,55.8,55.85,55.8,55.85,177.0,26.0,3835.0,665.0,False,False
006208,2022-10-26 09:46:58.110812,-0.0008952551477171555,-0.0008952551477171555,-0.05000000000000426,-0.05000000000000426,55.8,55.85,55.8,55.85,177.0,26.0,3835.0,665.0,False,False
006208,2022-10-26 09:46:58.251802,-0.0008952551477171555,-0.0008952551477171555,-0.05000000000000426,-0.05000000000000426,55.8,55.85,55.8,55.85,77.0,26.0,3835.0,665.0,False,False
006208,2022-10-26 09:46:59.251897,-0.0008952551477171555,-0.0008952551477171555,-0.05000000000000426,-0.05000000000000426,55.8,55.85,55.8,55.85,77.0,26.0,3835.0,665.0,False,False
006208,2022-10-26 09:47:03.706868,-0.0008952551477171555,-0.0008952551477171555,-0.05000000000000426,-0.05000000000000426,55.8,55.85,55.8,55.85,77.0,26.0,3835.0,665.0,False,False
006208,2022-10-26 09:47:03.709247,-0.0017889087656529634,0.0,-0.10000000000000142,0.0,55.85,55.9,55.8,55.85,49.0,70.0,3835.0,665.0,False,False
006208,2022-10-26 09:47:03.737365,-0.0017889087656529634,0.0,-0.10000000000000142,0.0,55.85,55.9,55.8,55.85,49.0,70.0,3835.0,665.0,False,False
006208,2022-10-26 09:47:03.915143,-0.0017889087656529634,0.0,-0.10000000000000142,0.0,55.85,55.9,55.8,55.85,49.0,70.0,3835.0,665.0,False,False
006208,2022-10-26 09:47:03.918632,-0.0017889087656529634,0.0,-0.10000000000000142,0.0,55.85,55.9,55.8,55.85,49.0,30.0,3835.0,665.0,False,False
006208,2022-10-26 09:47:04.048922,-0.0017889087656529634,0.0,-0.10000000000000142,0.0,55.85,55.9,55.8,55.85,49.0,30.0,3665.0,665.0,True,True
006208,2022-10-26 09:47:04.049107,-0.0017889087656529634,0.0,-0.10000000000000142,0.0,55.85,55.9,55.8,55.85,49.0,30.0,3665.0,665.0,False,False
006208,2022-10-26 09:47:04.133578,-0.0017889087656529634,0.0,-0.10000000000000142,0.0,55.85,55.9,55.8,55.85,49.0,30.0,3665.0,665.0,False,False
006208,2022-10-26 09:47:04.156606,-0.0017889087656529634,0.0,-0.10000000000000142,0.0,55.85,55.9,55.8,55.85,49.0,30.0,3665.0,665.0,False,False
006208,2022-10-26 09:47:04.417315,-0.0017889087656529634,0.0,-0.10000000000000142,0.0,55.85,55.9,55.8,55.85,49.0,30.0,3665.0,665.0,False,False
006208,2022-10-26 09:47:04.707295,-0.0017889087656529634,0.0,-0.10000000000000142,0.0,55.85,55.9,55.8,55.85,49.0,30.0,3665.0,665.0,False,False
006208,2022-10-26 09:47:04.936396,-0.0017889087656529634,0.0,-0.10000000000000142,0.0,55.85,55.9,55.8,55.85,49.0,30.0,3665.0,665.0,False,False
006208,2022-10-26 09:47:04.966027,-0.0017889087656529634,0.0,-0.10000000000000142,0.0,55.85,55.9,55.8,55.85,49.0,30.0,3665.0,665.0,False,False
006208,2022-10-26 09:47:05.851668,-0.0017889087656529634,0.0,-0.10000000000000142,0.0,55.85,55.9,55.8,55.85,49.0,30.0,3665.0,665.0,False,False
006208,2022-10-26 09:47:05.872966,-0.0017889087656529634,0.0,-0.10000000000000142,0.0,55.85,55.9,55.8,55.85,49.0,30.0,3665.0,665.0,False,False
006208,2022-10-26 09:47:06.010539,-0.0017889087656529634,0.0,-0.10000000000000142,0.0,55.85,55.9,55.8,55.85,49.0,30.0,3665.0,665.0,False,False
006208,2022-10-26 09:47:06.298294,-0.0017889087656529634,0.0,-0.10000000000000142,0.0,55.85,55.9,55.8,55.85,49.0,30.0,3665.0,665.0,False,False
006208,2022-10-26 09:47:06.400924,-0.0017889087656529634,0.0,-0.10000000000000142,0.0,55.85,55.9,55.8,55.85,49.0,30.0,3665.0,665.0,False,False
006208,2022-10-26 09:47:06.521905,-0.0017889087656529634,0.0,-0.10000000000000142,0.0,55.85,55.9,55.8,55.85,49.0,30.0,3665.0,665.0,False,False
006208,2022-10-26 09:47:09.469380,-0.0017889087656529634,0.0,-0.10000000000000142,0.0,55.85,55.9,55.8,55.85,49.0,30.0,3665.0,665.0,False,False
006208,2022-10-26 09:47:09.480830,-0.0017889087656529634,0.0,-0.10000000000000142,0.0,55.85,55.9,55.8,55.85,49.0,30.0,3665.0,665.0,False,False
006208,2022-10-26 09:47:10.043301,-0.0017889087656529634,0.0,-0.10000000000000142,0.0,55.85,55.9,55.8,55.85,49.0,30.0,3665.0,665.0,False,False
006208,2022-10-26 09:47:10.096349,-0.0017889087656529634,0.0,-0.10000000000000142,0.0,55.85,55.9,55.8,55.85,49.0,30.0,3665.0,665.0,False,False
006208,2022-10-26 09:47:10.392507,-0.0017889087656529634,0.0,-0.10000000000000142,0.0,55.85,55.9,55.8,55.85,49.0,29.0,3665.0,665.0,False,False
006208,2022-10-26 09:47:10.652489,-0.0017889087656529634,0.0,-0.10000000000000142,0.0,55.85,55.9,55.8,55.85,49.0,29.0,3665.0,665.0,False,False
006208,2022-10-26 09:47:10.661652,-0.0017889087656529634,0.0,-0.10000000000000142,0.0,55.85,55.9,55.8,55.85,49.0,29.0,3665.0,665.0,False,False
006208,2022-10-26 09:47:11.724727,-0.0017889087656529634,0.0,-0.10000000000000142,0.0,55.85,55.9,55.8,55.85,49.0,29.0,3665.0,665.0,False,False
006208,2022-10-26 09:47:11.796497,-0.0017889087656529634,0.0,-0.10000000000000142,0.0,55.85,55.9,55.8,55.85,49.0,29.0,3665.0,665.0,False,False
006208,2022-10-26 09:47:11.871549,-0.0017889087656529634,-0.0008952551477171555,-0.10000000000000142,-0.05000000000000426,55.8,55.9,55.8,55.85,251.0,29.0,3665.0,665.0,False,False
006208,2022-10-26 09:47:11.919362,-0.0017889087656529634,-0.0008952551477171555,-0.10000000000000142,-0.05000000000000426,55.8,55.9,55.8,55.85,251.0,29.0,3665.0,665.0,False,False
006208,2022-10-26 09:47:12.066870,-0.0017889087656529634,-0.0008952551477171555,-0.10000000000000142,-0.05000000000000426,55.8,55.9,55.8,55.85,211.0,29.0,3665.0,665.0,False,False
006208,2022-10-26 09:47:12.196878,-0.0017889087656529634,-0.0008952551477171555,-0.10000000000000142,-0.05000000000000426,55.8,55.9,55.8,55.85,211.0,29.0,3665.0,665.0,False,False
006208,2022-10-26 09:47:12.534322,-0.0017889087656529634,-0.0008952551477171555,-0.10000000000000142,-0.05000000000000426,55.8,55.9,55.8,55.85,211.0,29.0,3665.0,665.0,False,False
006208,2022-10-26 09:47:12.547308,-0.0017889087656529634,-0.0008952551477171555,-0.10000000000000142,-0.05000000000000426,55.8,55.9,55.8,55.85,211.0,29.0,3665.0,665.0,False,False
006208,2022-10-26 09:47:12.550489,-0.0017889087656529634,-0.0008952551477171555,-0.10000000000000142,-0.05000000000000426,55.8,55.9,55.8,55.85,211.0,29.0,3665.0,665.0,False,False
006208,2022-10-26 09:47:13.037969,-0.0017889087656529634,-0.0008952551477171555,-0.10000000000000142,-0.05000000000000426,55.8,55.9,55.8,55.85,211.0,29.0,3665.0,665.0,False,False
006208,2022-10-26 09:47:13.044539,-0.0017889087656529634,-0.0008952551477171555,-0.10000000000000142,-0.05000000000000426,55.8,55.9,55.8,55.85,211.0,29.0,3665.0,665.0,False,False
006208,2022-10-26 09:47:13.767239,-0.0017889087656529634,-0.0008952551477171555,-0.10000000000000142,-0.05000000000000426,55.8,55.9,55.8,55.85,211.0,29.0,3665.0,665.0,False,False
006208,2022-10-26 09:47:13.767293,-0.0017889087656529634,-0.0008952551477171555,-0.10000000000000142,-0.05000000000000426,55.8,55.9,55.8,55.85,211.0,29.0,3665.0,665.0,False,False
006208,2022-10-26 09:47:14.075969,-0.0017889087656529634,-0.0008952551477171555,-0.10000000000000142,-0.05000000000000426,55.8,55.9,55.8,55.85,211.0,29.0,3665.0,665.0,False,False
006208,2022-10-26 09:47:14.080252,-0.0008944543828264262,-0.0017889087656529634,-0.04999999999999716,-0.10000000000000142,55.8,55.9,55.85,55.9,211.0,29.0,112.0,697.0,True,True
006208,2022-10-26 09:47:14.083525,-0.0008944543828264262,-0.0017889087656529634,-0.04999999999999716,-0.10000000000000142,55.8,55.9,55.85,55.9,211.0,29.0,112.0,697.0,False,False
006208,2022-10-26 09:47:15.934234,-0.0008944543828264262,-0.0017889087656529634,-0.04999999999999716,-0.10000000000000142,55.8,55.9,55.85,55.9,211.0,29.0,112.0,697.0,False,False
006208,2022-10-26 09:47:15.934344,-0.0008944543828264262,-0.0017889087656529634,-0.04999999999999716,-0.10000000000000142,55.8,55.9,55.85,55.9,211.0,49.0,112.0,697.0,False,False
006208,2022-10-26 09:47:16.514495,-0.0008944543828264262,-0.0017889087656529634,-0.04999999999999716,-0.10000000000000142,55.8,55.9,55.85,55.9,211.0,49.0,112.0,697.0,False,False
006208,2022-10-26 09:47:16.514888,-0.0008944543828264262,-0.0017889087656529634,-0.04999999999999716,-0.10000000000000142,55.8,55.9,55.85,55.9,211.0,49.0,112.0,697.0,False,False
006208,2022-10-26 09:47:16.581574,-0.0008944543828264262,-0.0017889087656529634,-0.04999999999999716,-0.10000000000000142,55.8,55.9,55.85,55.9,211.0,49.0,112.0,697.0,False,False
006208,2022-10-26 09:47:16.819630,-0.0008944543828264262,-0.0017889087656529634,-0.04999999999999716,-0.10000000000000142,55.8,55.9,55.85,55.9,211.0,49.0,112.0,697.0,False,False
006208,2022-10-26 09:47:16.880732,-0.0008944543828264262,-0.0017889087656529634,-0.04999999999999716,-0.10000000000000142,55.8,55.9,55.85,55.9,177.0,49.0,112.0,697.0,False,False
006208,2022-10-26 09:47:16.998711,-0.0008944543828264262,-0.0017889087656529634,-0.04999999999999716,-0.10000000000000142,55.8,55.9,55.85,55.9,177.0,49.0,112.0,697.0,False,False
006208,2022-10-26 09:47:17.838655,0.0,-0.0017889087656529634,0.0,-0.10000000000000142,55.8,55.85,55.85,55.9,177.0,5.0,112.0,697.0,False,False
006208,2022-10-26 09:47:17.872580,0.0,-0.0017889087656529634,0.0,-0.10000000000000142,55.8,55.85,55.85,55.9,177.0,5.0,112.0,697.0,False,False
006208,2022-10-26 09:47:18.210800,0.0,-0.0017889087656529634,0.0,-0.10000000000000142,55.8,55.85,55.85,55.9,177.0,5.0,112.0,697.0,False,False
006208,2022-10-26 09:47:18.324318,0.0,-0.0017889087656529634,0.0,-0.10000000000000142,55.8,55.85,55.85,55.9,177.0,5.0,112.0,697.0,False,False
006208,2022-10-26 09:47:18.324537,0.0,-0.0017889087656529634,0.0,-0.10000000000000142,55.8,55.85,55.85,55.9,177.0,5.0,112.0,697.0,False,False
006208,2022-10-26 09:47:18.807390,0.0,-0.0017889087656529634,0.0,-0.10000000000000142,55.8,55.85,55.85,55.9,177.0,5.0,112.0,697.0,False,False
006208,2022-10-26 09:47:18.817980,0.0,-0.0017889087656529634,0.0,-0.10000000000000142,55.8,55.85,55.85,55.9,177.0,5.0,112.0,697.0,False,False
006208,2022-10-26 09:47:19.650904,0.0,-0.0017889087656529634,0.0,-0.10000000000000142,55.8,55.85,55.85,55.9,177.0,5.0,112.0,697.0,False,False
006208,2022-10-26 09:47:19.650970,0.0,-0.0017889087656529634,0.0,-0.10000000000000142,55.8,55.85,55.85,55.9,177.0,5.0,112.0,697.0,False,False
006208,2022-10-26 09:47:20.356631,0.0,-0.0017889087656529634,0.0,-0.10000000000000142,55.8,55.85,55.85,55.9,177.0,4.0,112.0,697.0,False,False
006208,2022-10-26 09:47:21.083799,0.0,-0.0017889087656529634,0.0,-0.10000000000000142,55.8,55.85,55.85,55.9,177.0,4.0,112.0,697.0,False,False
006208,2022-10-26 09:47:21.112482,0.0,-0.0017889087656529634,0.0,-0.10000000000000142,55.8,55.85,55.85,55.9,177.0,4.0,112.0,697.0,False,False
006208,2022-10-26 09:47:21.494107,0.0,-0.0017889087656529634,0.0,-0.10000000000000142,55.8,55.85,55.85,55.9,177.0,4.0,112.0,697.0,False,False
006208,2022-10-26 09:47:21.636490,0.0,-0.0017889087656529634,0.0,-0.10000000000000142,55.8,55.85,55.85,55.9,177.0,4.0,112.0,697.0,False,False
006208,2022-10-26 09:47:21.644074,0.0,-0.0017889087656529634,0.0,-0.10000000000000142,55.8,55.85,55.85,55.9,177.0,4.0,112.0,697.0,False,False
006208,2022-10-26 09:47:23.798356,0.0,-0.0017889087656529634,0.0,-0.10000000000000142,55.8,55.85,55.85,55.9,177.0,3.0,112.0,697.0,False,False
006208,2022-10-26 09:47:23.799834,0.0,-0.0017889087656529634,0.0,-0.10000000000000142,55.8,55.85,55.85,55.9,177.0,3.0,112.0,697.0,False,False
006208,2022-10-26 09:47:24.107554,0.0,-0.0017889087656529634,0.0,-0.10000000000000142,55.8,55.85,55.85,55.9,177.0,3.0,112.0,697.0,False,False
006208,2022-10-26 09:47:24.110344,0.0,-0.0017889087656529634,0.0,-0.10000000000000142,55.8,55.85,55.85,55.9,177.0,3.0,362.0,697.0,True,True
006208,2022-10-26 09:47:24.107570,0.0,-0.0017889087656529634,0.0,-0.10000000000000142,55.8,55.85,55.85,55.9,177.0,3.0,362.0,697.0,False,False
006208,2022-10-26 09:47:25.565566,0.0,-0.0017889087656529634,0.0,-0.10000000000000142,55.8,55.85,55.85,55.9,177.0,3.0,362.0,697.0,False,False
006208,2022-10-26 09:47:25.574653,0.0,-0.0017889087656529634,0.0,-0.10000000000000142,55.8,55.85,55.85,55.9,177.0,3.0,362.0,697.0,False,False
006208,2022-10-26 09:47:25.997127,0.0,-0.0017889087656529634,0.0,-0.10000000000000142,55.8,55.85,55.85,55.9,177.0,2.0,362.0,697.0,False,False
006208,2022-10-26 09:47:26.052743,0.0,-0.0017889087656529634,0.0,-0.10000000000000142,55.8,55.85,55.85,55.9,178.0,2.0,362.0,697.0,False,False
006208,2022-10-26 09:47:26.522112,0.0,-0.0017889087656529634,0.0,-0.10000000000000142,55.8,55.85,55.85,55.9,178.0,2.0,362.0,697.0,False,False
006208,2022-10-26 09:47:26.526396,0.0,-0.0017889087656529634,0.0,-0.10000000000000142,55.8,55.85,55.85,55.9,178.0,2.0,362.0,697.0,False,False
006208,2022-10-26 09:47:26.635730,0.0,-0.0017889087656529634,0.0,-0.10000000000000142,55.8,55.85,55.85,55.9,178.0,2.0,362.0,697.0,False,False
006208,2022-10-26 09:47:26.663687,0.0,-0.0017889087656529634,0.0,-0.10000000000000142,55.8,55.85,55.85,55.9,178.0,2.0,362.0,697.0,False,False
006208,2022-10-26 09:47:27.053029,0.0,-0.0017889087656529634,0.0,-0.10000000000000142,55.8,55.85,55.85,55.9,178.0,2.0,362.0,697.0,False,False
006208,2022-10-26 09:47:27.053484,0.0,-0.0017889087656529634,0.0,-0.10000000000000142,55.8,55.85,55.85,55.9,178.0,2.0,362.0,697.0,False,False
006208,2022-10-26 09:47:27.745905,0.0,-0.0017889087656529634,0.0,-0.10000000000000142,55.8,55.85,55.85,55.9,103.0,2.0,362.0,697.0,False,False
006208,2022-10-26 09:47:27.746047,-0.0008944543828264262,-0.0008944543828264262,-0.04999999999999716,-0.04999999999999716,55.85,55.9,55.85,55.9,73.0,69.0,362.0,697.0,False,False
006208,2022-10-26 09:47:27.849497,-0.0008944543828264262,-0.0008944543828264262,-0.04999999999999716,-0.04999999999999716,55.85,55.9,55.85,55.9,73.0,69.0,362.0,697.0,False,False
006208,2022-10-26 09:47:27.952530,-0.0008944543828264262,-0.0008944543828264262,-0.04999999999999716,-0.04999999999999716,55.85,55.9,55.85,55.9,73.0,69.0,362.0,697.0,False,False
006208,2022-10-26 09:47:27.958099,-0.0008944543828264262,-0.0008944543828264262,-0.04999999999999716,-0.04999999999999716,55.85,55.9,55.85,55.9,73.0,29.0,362.0,697.0,False,False
006208,2022-10-26 09:47:28.146158,-0.0008944543828264262,-0.0008944543828264262,-0.04999999999999716,-0.04999999999999716,55.85,55.9,55.85,55.9,73.0,29.0,362.0,697.0,False,False
006208,2022-10-26 09:47:28.207446,-0.0008944543828264262,-0.0008944543828264262,-0.04999999999999716,-0.04999999999999716,55.85,55.9,55.85,55.9,73.0,29.0,362.0,697.0,False,False
006208,2022-10-26 09:47:28.797647,-0.0008944543828264262,-0.0008944543828264262,-0.04999999999999716,-0.04999999999999716,55.85,55.9,55.85,55.9,73.0,29.0,362.0,697.0,False,False
006208,2022-10-26 09:47:28.838459,-0.0008944543828264262,-0.0008944543828264262,-0.04999999999999716,-0.04999999999999716,55.85,55.9,55.85,55.9,73.0,29.0,362.0,697.0,False,False
006208,2022-10-26 09:47:29.188018,-0.0008944543828264262,-0.0008944543828264262,-0.04999999999999716,-0.04999999999999716,55.85,55.9,55.85,55.9,73.0,29.0,362.0,697.0,False,False
006208,2022-10-26 09:47:29.264763,-0.0008944543828264262,-0.0008944543828264262,-0.04999999999999716,-0.04999999999999716,55.85,55.9,55.85,55.9,73.0,29.0,362.0,697.0,False,False
006208,2022-10-26 09:47:29.269406,-0.0008944543828264262,-0.0008944543828264262,-0.04999999999999716,-0.04999999999999716,55.85,55.9,55.85,55.9,73.0,29.0,362.0,697.0,False,False
006208,2022-10-26 09:47:29.886353,-0.0008944543828264262,-0.0008944543828264262,-0.04999999999999716,-0.04999999999999716,55.85,55.9,55.85,55.9,73.0,29.0,362.0,697.0,False,False
006208,2022-10-26 09:47:29.886774,-0.0008944543828264262,-0.0008944543828264262,-0.04999999999999716,-0.04999999999999716,55.85,55.9,55.85,55.9,73.0,29.0,362.0,697.0,False,False
006208,2022-10-26 09:47:30.367102,-0.0008944543828264262,-0.0008944543828264262,-0.04999999999999716,-0.04999999999999716,55.85,55.9,55.85,55.9,73.0,28.0,362.0,697.0,False,False
006208,2022-10-26 09:47:30.425570,-0.0008944543828264262,-0.0008944543828264262,-0.04999999999999716,-0.04999999999999716,55.85,55.9,55.85,55.9,73.0,28.0,362.0,697.0,False,False
006208,2022-10-26 09:47:30.425920,-0.0008944543828264262,-0.0008944543828264262,-0.04999999999999716,-0.04999999999999716,55.85,55.9,55.85,55.9,73.0,28.0,362.0,697.0,False,False
006208,2022-10-26 09:47:30.714249,-0.0008944543828264262,-0.0008944543828264262,-0.04999999999999716,-0.04999999999999716,55.85,55.9,55.85,55.9,73.0,28.0,362.0,697.0,False,False
006208,2022-10-26 09:47:30.903654,-0.0008944543828264262,-0.0008944543828264262,-0.04999999999999716,-0.04999999999999716,55.85,55.9,55.85,55.9,73.0,28.0,362.0,697.0,False,False
006208,2022-10-26 09:47:30.986860,-0.0008944543828264262,-0.0008944543828264262,-0.04999999999999716,-0.04999999999999716,55.85,55.9,55.85,55.9,73.0,28.0,362.0,697.0,False,False
006208,2022-10-26 09:47:31.285487,-0.0008944543828264262,-0.0008944543828264262,-0.04999999999999716,-0.04999999999999716,55.85,55.9,55.85,55.9,73.0,28.0,362.0,697.0,False,False
006208,2022-10-26 09:47:31.352456,-0.0008944543828264262,-0.0008944543828264262,-0.04999999999999716,-0.04999999999999716,55.85,55.9,55.85,55.9,73.0,28.0,362.0,697.0,False,False
006208,2022-10-26 09:47:31.836321,-0.0008944543828264262,-0.0008944543828264262,-0.04999999999999716,-0.04999999999999716,55.85,55.9,55.85,55.9,73.0,28.0,362.0,697.0,False,False
006208,2022-10-26 09:47:32.072778,-0.0008944543828264262,-0.0008944543828264262,-0.04999999999999716,-0.04999999999999716,55.85,55.9,55.85,55.9,73.0,28.0,362.0,697.0,False,False
006208,2022-10-26 09:47:32.210839,-0.0008944543828264262,-0.0008944543828264262,-0.04999999999999716,-0.04999999999999716,55.85,55.9,55.85,55.9,73.0,28.0,362.0,697.0,False,False
006208,2022-10-26 09:47:32.631560,-0.0008944543828264262,-0.0008944543828264262,-0.04999999999999716,-0.04999999999999716,55.85,55.9,55.85,55.9,73.0,28.0,362.0,697.0,False,False
006208,2022-10-26 09:47:32.644579,-0.0008944543828264262,-0.0008944543828264262,-0.04999999999999716,-0.04999999999999716,55.85,55.9,55.85,55.9,73.0,28.0,362.0,697.0,False,False
006208,2022-10-26 09:47:32.668581,-0.0008944543828264262,-0.0008944543828264262,-0.04999999999999716,-0.04999999999999716,55.85,55.9,55.85,55.9,73.0,28.0,362.0,697.0,False,False
006208,2022-10-26 09:47:33.907472,-0.0008944543828264262,-0.0008944543828264262,-0.04999999999999716,-0.04999999999999716,55.85,55.9,55.85,55.9,73.0,28.0,362.0,697.0,False,False
006208,2022-10-26 09:47:33.907643,-0.0008944543828264262,-0.0008944543828264262,-0.04999999999999716,-0.04999999999999716,55.85,55.9,55.85,55.9,73.0,28.0,362.0,697.0,False,False
006208,2022-10-26 09:47:34.150717,-0.0008944543828264262,-0.0008944543828264262,-0.04999999999999716,-0.04999999999999716,55.85,55.9,55.85,55.9,73.0,28.0,825.0,435.0,True,True
006208,2022-10-26 09:47:36.962171,-0.0008944543828264262,-0.0017889087656529634,-0.04999999999999716,-0.10000000000000142,55.8,55.9,55.85,55.9,237.0,28.0,825.0,435.0,False,False
006208,2022-10-26 09:47:37.014203,-0.0008944543828264262,-0.0017889087656529634,-0.04999999999999716,-0.10000000000000142,55.8,55.9,55.85,55.9,312.0,28.0,825.0,435.0,False,False
006208,2022-10-26 09:47:37.021287,-0.0008944543828264262,-0.0017889087656529634,-0.04999999999999716,-0.10000000000000142,55.8,55.9,55.85,55.9,312.0,28.0,825.0,435.0,False,False
006208,2022-10-26 09:47:37.228470,-0.0008944543828264262,-0.0017889087656529634,-0.04999999999999716,-0.10000000000000142,55.8,55.9,55.85,55.9,272.0,28.0,825.0,435.0,False,False
006208,2022-10-26 09:47:37.319660,-0.0008944543828264262,-0.0017889087656529634,-0.04999999999999716,-0.10000000000000142,55.8,55.9,55.85,55.9,272.0,28.0,825.0,435.0,False,False
006208,2022-10-26 09:47:37.420657,-0.0008944543828264262,-0.0017889087656529634,-0.04999999999999716,-0.10000000000000142,55.8,55.9,55.85,55.9,272.0,28.0,825.0,435.0,False,False
006208,2022-10-26 09:47:40.080261,-0.0008944543828264262,-0.0017889087656529634,-0.04999999999999716,-0.10000000000000142,55.8,55.9,55.85,55.9,272.0,28.0,825.0,435.0,False,False
006208,2022-10-26 09:47:40.090020,-0.0008944543828264262,-0.0017889087656529634,-0.04999999999999716,-0.10000000000000142,55.8,55.9,55.85,55.9,272.0,28.0,825.0,435.0,False,False
006208,2022-10-26 09:47:40.179517,-0.0008944543828264262,-0.0017889087656529634,-0.04999999999999716,-0.10000000000000142,55.8,55.9,55.85,55.9,272.0,28.0,825.0,435.0,False,False
006208,2022-10-26 09:47:40.200044,-0.0008944543828264262,-0.0017889087656529634,-0.04999999999999716,-0.10000000000000142,55.8,55.9,55.85,55.9,272.0,28.0,825.0,435.0,False,False
006208,2022-10-26 09:47:40.362095,-0.0008944543828264262,-0.0017889087656529634,-0.04999999999999716,-0.10000000000000142,55.8,55.9,55.85,55.9,238.0,27.0,825.0,435.0,False,False
006208,2022-10-26 09:47:40.357390,-0.0008944543828264262,-0.0017889087656529634,-0.04999999999999716,-0.10000000000000142,55.8,55.9,55.85,55.9,238.0,28.0,825.0,435.0,False,False
006208,2022-10-26 09:47:43.376437,-0.0008944543828264262,-0.0017889087656529634,-0.04999999999999716,-0.10000000000000142,55.8,55.9,55.85,55.9,238.0,27.0,825.0,435.0,False,False
006208,2022-10-26 09:47:43.386375,-0.0008944543828264262,-0.0017889087656529634,-0.04999999999999716,-0.10000000000000142,55.8,55.9,55.85,55.9,238.0,27.0,825.0,435.0,False,False
006208,2022-10-26 09:47:43.404527,-0.0008944543828264262,-0.0017889087656529634,-0.04999999999999716,-0.10000000000000142,55.8,55.9,55.85,55.9,238.0,27.0,825.0,435.0,False,False
006208,2022-10-26 09:47:46.881078,-0.0008944543828264262,-0.0017889087656529634,-0.04999999999999716,-0.10000000000000142,55.8,55.9,55.85,55.9,238.0,27.0,825.0,435.0,False,False
006208,2022-10-26 09:47:46.889601,-0.0008944543828264262,-0.0017889087656529634,-0.04999999999999716,-0.10000000000000142,55.8,55.9,55.85,55.9,238.0,27.0,825.0,435.0,False,False
006208,2022-10-26 09:47:46.902415,-0.0008944543828264262,-0.0017889087656529634,-0.04999999999999716,-0.10000000000000142,55.8,55.9,55.85,55.9,238.0,27.0,825.0,435.0,False,False
006208,2022-10-26 09:47:47.308014,-0.0008944543828264262,-0.0017889087656529634,-0.04999999999999716,-0.10000000000000142,55.8,55.9,55.85,55.9,238.0,27.0,825.0,435.0,False,False
006208,2022-10-26 09:47:47.311579,-0.0008944543828264262,-0.0017889087656529634,-0.04999999999999716,-0.10000000000000142,55.8,55.9,55.85,55.9,238.0,27.0,825.0,435.0,False,False
006208,2022-10-26 09:47:47.442932,-0.0008944543828264262,-0.0017889087656529634,-0.04999999999999716,-0.10000000000000142,55.8,55.9,55.85,55.9,238.0,27.0,825.0,435.0,False,False
006208,2022-10-26 09:47:48.286016,-0.0008944543828264262,-0.0008944543828264262,-0.04999999999999716,-0.04999999999999716,55.85,55.9,55.85,55.9,75.0,27.0,825.0,435.0,False,False
006208,2022-10-26 09:47:48.361438,-0.0008944543828264262,-0.0008944543828264262,-0.04999999999999716,-0.04999999999999716,55.85,55.9,55.85,55.9,75.0,27.0,825.0,435.0,False,False
006208,2022-10-26 09:47:48.607961,-0.0008944543828264262,-0.0008944543828264262,-0.04999999999999716,-0.04999999999999716,55.85,55.9,55.85,55.9,75.0,27.0,825.0,435.0,False,False
006208,2022-10-26 09:47:48.677730,-0.0008944543828264262,-0.0008944543828264262,-0.04999999999999716,-0.04999999999999716,55.85,55.9,55.85,55.9,75.0,27.0,825.0,435.0,False,False
006208,2022-10-26 09:47:48.710664,-0.0008944543828264262,-0.0008944543828264262,-0.04999999999999716,-0.04999999999999716,55.85,55.9,55.85,55.9,75.0,27.0,825.0,435.0,False,False
006208,2022-10-26 09:47:48.864346,-0.0008944543828264262,-0.0008944543828264262,-0.04999999999999716,-0.04999999999999716,55.85,55.9,55.85,55.9,75.0,27.0,825.0,435.0,False,False
006208,2022-10-26 09:47:48.990456,-0.0008944543828264262,-0.0008944543828264262,-0.04999999999999716,-0.04999999999999716,55.85,55.9,55.85,55.9,75.0,27.0,825.0,435.0,False,False
006208,2022-10-26 09:47:49.092428,-0.0008944543828264262,-0.0008944543828264262,-0.04999999999999716,-0.04999999999999716,55.85,55.9,55.85,55.9,75.0,27.0,825.0,435.0,False,False
006208,2022-10-26 09:47:49.463463,-0.0008944543828264262,-0.0008944543828264262,-0.04999999999999716,-0.04999999999999716,55.85,55.9,55.85,55.9,75.0,27.0,825.0,435.0,False,False
006208,2022-10-26 09:47:49.475835,-0.0008944543828264262,-0.0008944543828264262,-0.04999999999999716,-0.04999999999999716,55.85,55.9,55.85,55.9,75.0,27.0,825.0,435.0,False,False
006208,2022-10-26 09:47:49.864376,-0.0008944543828264262,-0.0008944543828264262,-0.04999999999999716,-0.04999999999999716,55.85,55.9,55.85,55.9,75.0,27.0,825.0,435.0,False,False
006208,2022-10-26 09:47:49.864399,-0.0008944543828264262,-0.0008944543828264262,-0.04999999999999716,-0.04999999999999716,55.85,55.9,55.85,55.9,175.0,27.0,825.0,435.0,False,False
006208,2022-10-26 09:47:50.154710,-0.0008944543828264262,-0.0008944543828264262,-0.04999999999999716,-0.04999999999999716,55.85,55.9,55.85,55.9,100.0,27.0,825.0,435.0,False,False
006208,2022-10-26 09:47:50.231966,-0.0008944543828264262,-0.0017889087656529634,-0.04999999999999716,-0.10000000000000142,55.8,55.9,55.85,55.9,318.0,28.0,825.0,435.0,False,False
006208,2022-10-26 09:47:50.357144,-0.0008944543828264262,-0.0017889087656529634,-0.04999999999999716,-0.10000000000000142,55.8,55.9,55.85,55.9,318.0,27.0,825.0,435.0,False,False
006208,2022-10-26 09:47:50.276291,-0.0008944543828264262,-0.0017889087656529634,-0.04999999999999716,-0.10000000000000142,55.8,55.9,55.85,55.9,318.0,28.0,825.0,435.0,False,False
006208,2022-10-26 09:47:50.415566,-0.0008944543828264262,-0.0017889087656529634,-0.04999999999999716,-0.10000000000000142,55.8,55.9,55.85,55.9,278.0,27.0,825.0,435.0,False,False
006208,2022-10-26 09:47:50.548240,-0.0008944543828264262,-0.0017889087656529634,-0.04999999999999716,-0.10000000000000142,55.8,55.9,55.85,55.9,278.0,27.0,825.0,435.0,False,False
006208,2022-10-26 09:47:51.059176,-0.0008944543828264262,-0.0017889087656529634,-0.04999999999999716,-0.10000000000000142,55.8,55.9,55.85,55.9,278.0,1.0,825.0,435.0,False,False
006208,2022-10-26 09:47:51.194545,-0.0008944543828264262,-0.0017889087656529634,-0.04999999999999716,-0.10000000000000142,55.8,55.9,55.85,55.9,278.0,1.0,825.0,435.0,False,False
006208,2022-10-26 09:47:51.269601,-0.0008944543828264262,-0.0017889087656529634,-0.04999999999999716,-0.10000000000000142,55.8,55.9,55.85,55.9,278.0,1.0,825.0,435.0,False,False
006208,2022-10-26 09:47:51.291246,-0.0008944543828264262,-0.0017889087656529634,-0.04999999999999716,-0.10000000000000142,55.8,55.9,55.85,55.9,278.0,1.0,825.0,435.0,False,False
006208,2022-10-26 09:47:51.684082,-0.0008944543828264262,-0.0017889087656529634,-0.04999999999999716,-0.10000000000000142,55.8,55.9,55.85,55.9,278.0,1.0,825.0,435.0,False,False
006208,2022-10-26 09:47:52.050691,-0.0008944543828264262,-0.0017889087656529634,-0.04999999999999716,-0.10000000000000142,55.8,55.9,55.85,55.9,278.0,1.0,825.0,435.0,False,False
006208,2022-10-26 09:47:52.065417,-0.0008944543828264262,-0.0017889087656529634,-0.04999999999999716,-0.10000000000000142,55.8,55.9,55.85,55.9,278.0,1.0,825.0,435.0,False,False
006208,2022-10-26 09:47:52.513435,-0.0008944543828264262,-0.0017889087656529634,-0.04999999999999716,-0.10000000000000142,55.8,55.9,55.85,55.9,278.0,1.0,825.0,435.0,False,False
006208,2022-10-26 09:47:52.520058,-0.0008944543828264262,-0.0017889087656529634,-0.04999999999999716,-0.10000000000000142,55.8,55.9,55.85,55.9,278.0,1.0,825.0,435.0,False,False
006208,2022-10-26 09:47:52.993383,-0.0008944543828264262,-0.0017889087656529634,-0.04999999999999716,-0.10000000000000142,55.8,55.9,55.85,55.9,279.0,1.0,825.0,435.0,False,False
006208,2022-10-26 09:47:54.208053,-0.0008944543828264262,-0.0017889087656529634,-0.04999999999999716,-0.10000000000000142,55.8,55.9,55.85,55.9,279.0,1.0,825.0,409.0,True,True
006208,2022-10-26 09:47:59.029732,-0.0008944543828264262,-0.0017889087656529634,-0.04999999999999716,-0.10000000000000142,55.8,55.9,55.85,55.9,279.0,1.0,825.0,409.0,False,False
006208,2022-10-26 09:47:59.030239,-0.0008944543828264262,-0.0017889087656529634,-0.04999999999999716,-0.10000000000000142,55.8,55.9,55.85,55.9,279.0,1.0,825.0,409.0,False,False
006208,2022-10-26 09:47:59.942925,-0.0017873100983021306,-0.0017889087656529634,-0.10000000000000142,-0.10000000000000142,55.8,55.95,55.85,55.9,279.0,238.0,825.0,409.0,False,False
006208,2022-10-26 09:47:59.978127,-0.0017873100983021306,-0.0017889087656529634,-0.10000000000000142,-0.10000000000000142,55.8,55.95,55.85,55.9,279.0,238.0,825.0,409.0,False,False
006208,2022-10-26 09:47:59.979574,-0.0017873100983021306,-0.0017889087656529634,-0.10000000000000142,-0.10000000000000142,55.8,55.95,55.85,55.9,279.0,238.0,825.0,409.0,False,False
006208,2022-10-26 09:48:00.012824,-0.0017873100983021306,-0.0017889087656529634,-0.10000000000000142,-0.10000000000000142,55.8,55.95,55.85,55.9,279.0,238.0,825.0,409.0,False,False
006208,2022-10-26 09:48:00.069532,-0.0017873100983021306,-0.0017889087656529634,-0.10000000000000142,-0.10000000000000142,55.8,55.95,55.85,55.9,279.0,198.0,825.0,409.0,False,False
006208,2022-10-26 09:48:00.194790,-0.0017873100983021306,-0.0017889087656529634,-0.10000000000000142,-0.10000000000000142,55.8,55.95,55.85,55.9,279.0,198.0,825.0,409.0,False,False
006208,2022-10-26 09:48:00.336701,-0.0017873100983021306,-0.0017889087656529634,-0.10000000000000142,-0.10000000000000142,55.8,55.95,55.85,55.9,279.0,197.0,825.0,409.0,False,False
006208,2022-10-26 09:48:00.272185,-0.0017873100983021306,-0.0017889087656529634,-0.10000000000000142,-0.10000000000000142,55.8,55.95,55.85,55.9,279.0,198.0,825.0,409.0,False,False
006208,2022-10-26 09:48:01.050812,-0.0017873100983021306,-0.0017889087656529634,-0.10000000000000142,-0.10000000000000142,55.8,55.95,55.85,55.9,279.0,197.0,825.0,409.0,False,False
006208,2022-10-26 09:48:01.175335,-0.0017873100983021306,-0.0017889087656529634,-0.10000000000000142,-0.10000000000000142,55.8,55.95,55.85,55.9,279.0,197.0,825.0,409.0,False,False
006208,2022-10-26 09:48:01.184967,-0.0017873100983021306,-0.0017889087656529634,-0.10000000000000142,-0.10000000000000142,55.8,55.95,55.85,55.9,279.0,197.0,825.0,409.0,False,False
006208,2022-10-26 09:48:03.134200,-0.0017873100983021306,-0.0017889087656529634,-0.10000000000000142,-0.10000000000000142,55.8,55.95,55.85,55.9,219.0,197.0,825.0,409.0,False,False
006208,2022-10-26 09:48:04.238051,-0.0017873100983021306,-0.0017889087656529634,-0.10000000000000142,-0.10000000000000142,55.8,55.95,55.85,55.9,219.0,197.0,775.0,405.0,True,True
006208,2022-10-26 09:48:05.956790,-0.0017873100983021306,-0.0017889087656529634,-0.10000000000000142,-0.10000000000000142,55.8,55.95,55.85,55.9,219.0,197.0,775.0,405.0,False,False
006208,2022-10-26 09:48:05.957467,-0.0017873100983021306,-0.0017889087656529634,-0.10000000000000142,-0.10000000000000142,55.8,55.95,55.85,55.9,219.0,177.0,775.0,405.0,False,False
006208,2022-10-26 09:48:07.710329,-0.0017873100983021306,-0.0017889087656529634,-0.10000000000000142,-0.10000000000000142,55.8,55.95,55.85,55.9,219.0,177.0,775.0,405.0,False,False
006208,2022-10-26 09:48:07.717375,-0.0017873100983021306,-0.0017889087656529634,-0.10000000000000142,-0.10000000000000142,55.8,55.95,55.85,55.9,219.0,177.0,775.0,405.0,False,False
006208,2022-10-26 09:48:07.775089,-0.0017873100983021306,-0.0017889087656529634,-0.10000000000000142,-0.10000000000000142,55.8,55.95,55.85,55.9,219.0,197.0,775.0,405.0,False,False
006208,2022-10-26 09:48:08.152531,-0.0017873100983021306,-0.0017889087656529634,-0.10000000000000142,-0.10000000000000142,55.8,55.95,55.85,55.9,219.0,197.0,775.0,405.0,False,False
006208,2022-10-26 09:48:08.152701,-0.0017873100983021306,-0.0017889087656529634,-0.10000000000000142,-0.10000000000000142,55.8,55.95,55.85,55.9,219.0,197.0,775.0,405.0,False,False
006208,2022-10-26 09:48:08.716803,-0.0017873100983021306,-0.0017889087656529634,-0.10000000000000142,-0.10000000000000142,55.8,55.95,55.85,55.9,219.0,197.0,775.0,405.0,False,False
006208,2022-10-26 09:48:10.155393,-0.0017873100983021306,-0.0017889087656529634,-0.10000000000000142,-0.10000000000000142,55.8,55.95,55.85,55.9,219.0,197.0,775.0,405.0,False,False
006208,2022-10-26 09:48:10.209006,-0.0017873100983021306,-0.0017889087656529634,-0.10000000000000142,-0.10000000000000142,55.8,55.95,55.85,55.9,219.0,227.0,775.0,405.0,False,False
006208,2022-10-26 09:48:10.367547,-0.0017873100983021306,-0.0017889087656529634,-0.10000000000000142,-0.10000000000000142,55.8,55.95,55.85,55.9,219.0,227.0,775.0,405.0,False,False
006208,2022-10-26 09:48:10.457827,-0.0017873100983021306,-0.0017889087656529634,-0.10000000000000142,-0.10000000000000142,55.8,55.95,55.85,55.9,219.0,267.0,775.0,405.0,False,False
006208,2022-10-26 09:48:11.030326,-0.0017873100983021306,-0.0017889087656529634,-0.10000000000000142,-0.10000000000000142,55.8,55.95,55.85,55.9,219.0,227.0,775.0,405.0,False,False
006208,2022-10-26 09:48:12.547166,-0.0008944543828264262,-0.0017889087656529634,-0.04999999999999716,-0.10000000000000142,55.8,55.9,55.85,55.9,219.0,1.0,775.0,405.0,False,False
006208,2022-10-26 09:48:12.586911,-0.0008944543828264262,-0.0017889087656529634,-0.04999999999999716,-0.10000000000000142,55.8,55.9,55.85,55.9,219.0,1.0,775.0,405.0,False,False
006208,2022-10-26 09:48:12.730824,-0.0008944543828264262,-0.0017889087656529634,-0.04999999999999716,-0.10000000000000142,55.8,55.9,55.85,55.9,219.0,1.0,775.0,405.0,False,False
006208,2022-10-26 09:48:14.270132,-0.0008944543828264262,-0.0017889087656529634,-0.04999999999999716,-0.10000000000000142,55.8,55.9,55.85,55.9,219.0,1.0,875.0,385.0,True,True
006208,2022-10-26 09:48:15.036156,-0.0008944543828264262,-0.0017889087656529634,-0.04999999999999716,-0.10000000000000142,55.8,55.9,55.85,55.9,219.0,1.0,875.0,385.0,False,False
006208,2022-10-26 09:48:15.816919,-0.0008944543828264262,-0.0017889087656529634,-0.04999999999999716,-0.10000000000000142,55.8,55.9,55.85,55.9,219.0,1.0,875.0,385.0,False,False
006208,2022-10-26 09:48:15.835596,-0.0008944543828264262,-0.0017889087656529634,-0.04999999999999716,-0.10000000000000142,55.8,55.9,55.85,55.9,219.0,1.0,875.0,385.0,False,False
006208,2022-10-26 09:48:16.177952,-0.0008944543828264262,-0.0017889087656529634,-0.04999999999999716,-0.10000000000000142,55.8,55.9,55.85,55.9,219.0,1.0,875.0,385.0,False,False
006208,2022-10-26 09:48:16.184193,-0.0008944543828264262,-0.0017889087656529634,-0.04999999999999716,-0.10000000000000142,55.8,55.9,55.85,55.9,219.0,1.0,875.0,385.0,False,False
006208,2022-10-26 09:48:17.639085,-0.0008944543828264262,-0.0017889087656529634,-0.04999999999999716,-0.10000000000000142,55.8,55.9,55.85,55.9,219.0,1.0,875.0,385.0,False,False
006208,2022-10-26 09:48:18.237481,-0.0008944543828264262,-0.0017889087656529634,-0.04999999999999716,-0.10000000000000142,55.8,55.9,55.85,55.9,220.0,1.0,875.0,385.0,False,False
006208,2022-10-26 09:48:19.447599,-0.0008944543828264262,-0.0017889087656529634,-0.04999999999999716,-0.10000000000000142,55.8,55.9,55.85,55.9,220.0,1.0,875.0,385.0,False,False
006208,2022-10-26 09:48:20.326869,-0.0017873100983021306,-0.0017889087656529634,-0.10000000000000142,-0.10000000000000142,55.8,55.95,55.85,55.9,220.0,307.0,875.0,385.0,False,False
006208,2022-10-26 09:48:20.356936,-0.0017873100983021306,-0.0017889087656529634,-0.10000000000000142,-0.10000000000000142,55.8,55.95,55.85,55.9,220.0,307.0,875.0,385.0,False,False
006208,2022-10-26 09:48:20.358427,-0.0017873100983021306,-0.0017889087656529634,-0.10000000000000142,-0.10000000000000142,55.8,55.95,55.85,55.9,220.0,307.0,875.0,385.0,False,False
006208,2022-10-26 09:48:20.457769,-0.0017873100983021306,-0.0017889087656529634,-0.10000000000000142,-0.10000000000000142,55.8,55.95,55.85,55.9,220.0,267.0,875.0,385.0,False,False
006208,2022-10-26 09:48:20.594518,-0.0017873100983021306,-0.0017889087656529634,-0.10000000000000142,-0.10000000000000142,55.8,55.95,55.85,55.9,220.0,267.0,875.0,385.0,False,False
006208,2022-10-26 09:48:21.336753,-0.0017873100983021306,-0.0017889087656529634,-0.10000000000000142,-0.10000000000000142,55.8,55.95,55.85,55.9,220.0,267.0,875.0,385.0,False,False
006208,2022-10-26 09:48:21.359410,-0.0017873100983021306,-0.0017889087656529634,-0.10000000000000142,-0.10000000000000142,55.8,55.95,55.85,55.9,250.0,247.0,875.0,385.0,False,False
006208,2022-10-26 09:48:21.453021,-0.0017873100983021306,-0.0017889087656529634,-0.10000000000000142,-0.10000000000000142,55.8,55.95,55.85,55.9,249.0,247.0,875.0,385.0,False,False
006208,2022-10-26 09:48:21.738566,-0.0017873100983021306,-0.0017889087656529634,-0.10000000000000142,-0.10000000000000142,55.8,55.95,55.85,55.9,249.0,247.0,875.0,385.0,False,False
006208,2022-10-26 09:48:21.750731,-0.0017873100983021306,-0.0017889087656529634,-0.10000000000000142,-0.10000000000000142,55.8,55.95,55.85,55.9,249.0,247.0,875.0,385.0,False,False
006208,2022-10-26 09:48:21.754081,-0.0017873100983021306,-0.0017889087656529634,-0.10000000000000142,-0.10000000000000142,55.8,55.95,55.85,55.9,249.0,247.0,875.0,385.0,False,False
006208,2022-10-26 09:48:22.034906,-0.0017873100983021306,-0.0017889087656529634,-0.10000000000000142,-0.10000000000000142,55.8,55.95,55.85,55.9,249.0,247.0,875.0,385.0,False,False
006208,2022-10-26 09:48:22.044577,-0.0017873100983021306,-0.0017889087656529634,-0.10000000000000142,-0.10000000000000142,55.8,55.95,55.85,55.9,249.0,247.0,875.0,385.0,False,False
006208,2022-10-26 09:48:22.499205,-0.0017873100983021306,-0.0017889087656529634,-0.10000000000000142,-0.10000000000000142,55.8,55.95,55.85,55.9,249.0,247.0,875.0,385.0,False,False
006208,2022-10-26 09:48:22.515517,-0.0017873100983021306,-0.0017889087656529634,-0.10000000000000142,-0.10000000000000142,55.8,55.95,55.85,55.9,219.0,267.0,875.0,385.0,False,False
006208,2022-10-26 09:48:24.309508,-0.0017873100983021306,-0.0017889087656529634,-0.10000000000000142,-0.10000000000000142,55.8,55.95,55.85,55.9,219.0,267.0,474.0,697.0,True,True
006208,2022-10-26 09:48:26.468317,-0.0017873100983021306,-0.0017889087656529634,-0.10000000000000142,-0.10000000000000142,55.8,55.95,55.85,55.9,219.0,192.0,474.0,697.0,False,False
006208,2022-10-26 09:48:26.468436,-0.0008944543828264262,-0.0017889087656529634,-0.04999999999999716,-0.10000000000000142,55.8,55.9,55.85,55.9,219.0,75.0,474.0,697.0,False,False
006208,2022-10-26 09:48:26.518002,-0.0008944543828264262,-0.0017889087656529634,-0.04999999999999716,-0.10000000000000142,55.8,55.9,55.85,55.9,219.0,75.0,474.0,697.0,False,False
006208,2022-10-26 09:48:26.638793,-0.0008944543828264262,-0.0017889087656529634,-0.04999999999999716,-0.10000000000000142,55.8,55.9,55.85,55.9,219.0,75.0,474.0,697.0,False,False
006208,2022-10-26 09:48:26.785914,-0.0008944543828264262,-0.0017889087656529634,-0.04999999999999716,-0.10000000000000142,55.8,55.9,55.85,55.9,219.0,75.0,474.0,697.0,False,False
006208,2022-10-26 09:48:27.636105,-0.0008944543828264262,-0.0017889087656529634,-0.04999999999999716,-0.10000000000000142,55.8,55.9,55.85,55.9,219.0,75.0,474.0,697.0,False,False
006208,2022-10-26 09:48:27.814719,-0.0008944543828264262,-0.0017889087656529634,-0.04999999999999716,-0.10000000000000142,55.8,55.9,55.85,55.9,219.0,75.0,474.0,697.0,False,False
006208,2022-10-26 09:48:27.821119,-0.0008944543828264262,-0.0017889087656529634,-0.04999999999999716,-0.10000000000000142,55.8,55.9,55.85,55.9,219.0,75.0,474.0,697.0,False,False
006208,2022-10-26 09:48:30.337444,-0.0008944543828264262,-0.0017889087656529634,-0.04999999999999716,-0.10000000000000142,55.8,55.9,55.85,55.9,219.0,74.0,474.0,697.0,False,False
006208,2022-10-26 09:48:31.784102,-0.0008944543828264262,-0.0017889087656529634,-0.04999999999999716,-0.10000000000000142,55.8,55.9,55.85,55.9,219.0,74.0,474.0,697.0,False,False
006208,2022-10-26 09:48:31.862610,-0.0008944543828264262,-0.0017889087656529634,-0.04999999999999716,-0.10000000000000142,55.8,55.9,55.85,55.9,219.0,74.0,474.0,697.0,False,False
006208,2022-10-26 09:48:34.348837,-0.0008944543828264262,-0.0017889087656529634,-0.04999999999999716,-0.10000000000000142,55.8,55.9,55.85,55.9,219.0,74.0,502.0,697.0,True,True
006208,2022-10-26 09:48:36.770066,-0.0008944543828264262,-0.0017889087656529634,-0.04999999999999716,-0.10000000000000142,55.8,55.9,55.85,55.9,219.0,74.0,502.0,697.0,False,False
006208,2022-10-26 09:48:36.808888,-0.0008944543828264262,-0.0017889087656529634,-0.04999999999999716,-0.10000000000000142,55.8,55.9,55.85,55.9,119.0,74.0,502.0,697.0,False,False
006208,2022-10-26 09:48:36.960726,-0.0008944543828264262,-0.0017889087656529634,-0.04999999999999716,-0.10000000000000142,55.8,55.9,55.85,55.9,119.0,74.0,502.0,697.0,False,False
006208,2022-10-26 09:48:37.809144,-0.0008944543828264262,-0.0017889087656529634,-0.04999999999999716,-0.10000000000000142,55.8,55.9,55.85,55.9,119.0,174.0,502.0,697.0,False,False
006208,2022-10-26 09:48:37.809172,-0.0008944543828264262,-0.0017889087656529634,-0.04999999999999716,-0.10000000000000142,55.8,55.9,55.85,55.9,119.0,174.0,502.0,697.0,False,False
006208,2022-10-26 09:48:37.951386,-0.0008944543828264262,-0.0017889087656529634,-0.04999999999999716,-0.10000000000000142,55.8,55.9,55.85,55.9,119.0,174.0,502.0,697.0,False,False
006208,2022-10-26 09:48:38.024323,-0.0008944543828264262,-0.0017889087656529634,-0.04999999999999716,-0.10000000000000142,55.8,55.9,55.85,55.9,119.0,174.0,502.0,697.0,False,False
006208,2022-10-26 09:48:40.332453,-0.0008944543828264262,-0.0017889087656529634,-0.04999999999999716,-0.10000000000000142,55.8,55.9,55.85,55.9,119.0,173.0,502.0,697.0,False,False
006208,2022-10-26 09:48:41.932669,-0.0008944543828264262,-0.0017889087656529634,-0.04999999999999716,-0.10000000000000142,55.8,55.9,55.85,55.9,119.0,172.0,502.0,697.0,False,False
006208,2022-10-26 09:48:44.389161,-0.0017889087656529634,-0.0008952551477171555,-0.10000000000000142,-0.05000000000000426,55.8,55.9,55.8,55.85,119.0,172.0,3979.0,265.0,True,True
006208,2022-10-26 09:48:46.891594,-0.0017889087656529634,-0.0008952551477171555,-0.10000000000000142,-0.05000000000000426,55.8,55.9,55.8,55.85,119.0,172.0,3979.0,265.0,False,False
006208,2022-10-26 09:48:46.932406,-0.0017889087656529634,-0.0008952551477171555,-0.10000000000000142,-0.05000000000000426,55.8,55.9,55.8,55.85,119.0,72.0,3979.0,265.0,False,False
006208,2022-10-26 09:48:47.028314,-0.0017889087656529634,-0.0008952551477171555,-0.10000000000000142,-0.05000000000000426,55.8,55.9,55.8,55.85,119.0,72.0,3979.0,265.0,False,False
006208,2022-10-26 09:48:47.285780,-0.0017889087656529634,-0.0008952551477171555,-0.10000000000000142,-0.05000000000000426,55.8,55.9,55.8,55.85,119.0,72.0,3979.0,265.0,False,False
006208,2022-10-26 09:48:47.932779,-0.0017889087656529634,-0.0008952551477171555,-0.10000000000000142,-0.05000000000000426,55.8,55.9,55.8,55.85,119.0,172.0,3979.0,265.0,False,False
006208,2022-10-26 09:48:48.737526,-0.0017889087656529634,-0.0008952551477171555,-0.10000000000000142,-0.05000000000000426,55.8,55.9,55.8,55.85,120.0,172.0,3979.0,265.0,False,False
006208,2022-10-26 09:48:50.327358,-0.0017889087656529634,-0.0008952551477171555,-0.10000000000000142,-0.05000000000000426,55.8,55.9,55.8,55.85,120.0,171.0,3979.0,265.0,False,False
006208,2022-10-26 09:48:50.465650,-0.0017889087656529634,-0.0008952551477171555,-0.10000000000000142,-0.05000000000000426,55.8,55.9,55.8,55.85,45.0,171.0,3979.0,265.0,False,False
006208,2022-10-26 09:48:50.465826,-0.0017889087656529634,-0.0008952551477171555,-0.10000000000000142,-0.05000000000000426,55.8,55.9,55.8,55.85,45.0,171.0,3979.0,265.0,False,False
006208,2022-10-26 09:48:50.658159,-0.0017889087656529634,-0.0008952551477171555,-0.10000000000000142,-0.05000000000000426,55.8,55.9,55.8,55.85,45.0,171.0,3979.0,265.0,False,False
006208,2022-10-26 09:48:51.152704,-0.0017889087656529634,-0.0008952551477171555,-0.10000000000000142,-0.05000000000000426,55.8,55.9,55.8,55.85,45.0,171.0,3979.0,265.0,False,False
006208,2022-10-26 09:48:53.250216,-0.0017889087656529634,-0.0008952551477171555,-0.10000000000000142,-0.05000000000000426,55.8,55.9,55.8,55.85,45.0,171.0,3979.0,265.0,False,False
006208,2022-10-26 09:48:53.431682,-0.0017889087656529634,-0.0008952551477171555,-0.10000000000000142,-0.05000000000000426,55.8,55.9,55.8,55.85,45.0,171.0,3979.0,265.0,False,False
006208,2022-10-26 09:48:54.434622,-0.0008944543828264262,-0.0017889087656529634,-0.04999999999999716,-0.10000000000000142,55.8,55.9,55.85,55.9,45.0,171.0,65.0,697.0,True,True
006208,2022-10-26 09:48:57.012984,-0.0008944543828264262,-0.0017889087656529634,-0.04999999999999716,-0.10000000000000142,55.8,55.9,55.85,55.9,45.0,171.0,65.0,697.0,False,False
006208,2022-10-26 09:48:57.016966,-0.0008944543828264262,-0.0017889087656529634,-0.04999999999999716,-0.10000000000000142,55.8,55.9,55.85,55.9,45.0,171.0,65.0,697.0,False,False
006208,2022-10-26 09:48:57.150037,-0.0008944543828264262,-0.0017889087656529634,-0.04999999999999716,-0.10000000000000142,55.8,55.9,55.85,55.9,45.0,171.0,65.0,697.0,False,False
006208,2022-10-26 09:49:00.322654,-0.0008944543828264262,-0.0017889087656529634,-0.04999999999999716,-0.10000000000000142,55.8,55.9,55.85,55.9,45.0,170.0,65.0,697.0,False,False
006208,2022-10-26 09:49:03.864305,-0.0008944543828264262,-0.0017889087656529634,-0.04999999999999716,-0.10000000000000142,55.8,55.9,55.85,55.9,45.0,170.0,65.0,697.0,False,True
006208,2022-10-26 09:49:06.161601,-0.0008944543828264262,-0.0017889087656529634,-0.04999999999999716,-0.10000000000000142,55.8,55.9,55.85,55.9,45.0,170.0,65.0,697.0,False,False
006208,2022-10-26 09:49:06.173125,-0.0008944543828264262,-0.0017889087656529634,-0.04999999999999716,-0.10000000000000142,55.8,55.9,55.85,55.9,45.0,170.0,65.0,697.0,False,False
006208,2022-10-26 09:49:07.126824,-0.0008944543828264262,-0.0017889087656529634,-0.04999999999999716,-0.10000000000000142,55.8,55.9,55.85,55.9,45.0,170.0,65.0,697.0,False,False
006208,2022-10-26 09:49:07.151723,-0.0008944543828264262,-0.0017889087656529634,-0.04999999999999716,-0.10000000000000142,55.8,55.9,55.85,55.9,45.0,70.0,65.0,697.0,False,False
006208,2022-10-26 09:49:07.268125,-0.0008944543828264262,-0.0017889087656529634,-0.04999999999999716,-0.10000000000000142,55.8,55.9,55.85,55.9,45.0,70.0,65.0,697.0,False,False
006208,2022-10-26 09:49:08.151652,-0.0008944543828264262,-0.0017889087656529634,-0.04999999999999716,-0.10000000000000142,55.8,55.9,55.85,55.9,45.0,170.0,65.0,697.0,False,False
006208,2022-10-26 09:49:08.650264,-0.0008944543828264262,-0.0017889087656529634,-0.04999999999999716,-0.10000000000000142,55.8,55.9,55.85,55.9,45.0,170.0,65.0,697.0,False,False
006208,2022-10-26 09:49:08.701700,-0.0017873100983021306,-0.0017889087656529634,-0.10000000000000142,-0.10000000000000142,55.8,55.95,55.85,55.9,120.0,307.0,65.0,697.0,False,False
006208,2022-10-26 09:49:08.832994,-0.0017873100983021306,-0.0017889087656529634,-0.10000000000000142,-0.10000000000000142,55.8,55.95,55.85,55.9,120.0,307.0,65.0,697.0,False,False
006208,2022-10-26 09:49:08.876630,-0.0017873100983021306,-0.0017889087656529634,-0.10000000000000142,-0.10000000000000142,55.8,55.95,55.85,55.9,120.0,267.0,65.0,697.0,False,False
006208,2022-10-26 09:49:09.008039,-0.0017873100983021306,-0.0017889087656529634,-0.10000000000000142,-0.10000000000000142,55.8,55.95,55.85,55.9,120.0,267.0,65.0,697.0,False,False
006208,2022-10-26 09:49:09.371003,-0.0017873100983021306,-0.0017889087656529634,-0.10000000000000142,-0.10000000000000142,55.8,55.95,55.85,55.9,120.0,267.0,65.0,697.0,False,False
006208,2022-10-26 09:49:09.382904,-0.0017873100983021306,-0.0017889087656529634,-0.10000000000000142,-0.10000000000000142,55.8,55.95,55.85,55.9,120.0,267.0,65.0,697.0,False,False
006208,2022-10-26 09:49:09.677085,-0.0017873100983021306,-0.0017889087656529634,-0.10000000000000142,-0.10000000000000142,55.8,55.95,55.85,55.9,220.0,267.0,65.0,697.0,False,False
006208,2022-10-26 09:49:09.770441,-0.0008944543828264262,-0.0017889087656529634,-0.04999999999999716,-0.10000000000000142,55.8,55.9,55.85,55.9,220.0,10.0,65.0,697.0,False,False
006208,2022-10-26 09:49:09.840177,-0.0008944543828264262,-0.0017889087656529634,-0.04999999999999716,-0.10000000000000142,55.8,55.9,55.85,55.9,220.0,10.0,65.0,697.0,False,False
006208,2022-10-26 09:49:09.926374,-0.0008944543828264262,-0.0017889087656529634,-0.04999999999999716,-0.10000000000000142,55.8,55.9,55.85,55.9,220.0,10.0,65.0,697.0,False,False
006208,2022-10-26 09:49:10.131021,-0.0008944543828264262,-0.0017889087656529634,-0.04999999999999716,-0.10000000000000142,55.8,55.9,55.85,55.9,220.0,10.0,65.0,697.0,False,False
006208,2022-10-26 09:49:13.900858,-0.0008944543828264262,-0.0017889087656529634,-0.04999999999999716,-0.10000000000000142,55.8,55.9,55.85,55.9,220.0,10.0,465.0,597.0,True,True
006208,2022-10-26 09:49:14.929490,-0.0008944543828264262,-0.0017889087656529634,-0.04999999999999716,-0.10000000000000142,55.8,55.9,55.85,55.9,220.0,9.0,465.0,597.0,False,False
006208,2022-10-26 09:49:14.963412,-0.0008944543828264262,-0.0017889087656529634,-0.04999999999999716,-0.10000000000000142,55.8,55.9,55.85,55.9,120.0,9.0,465.0,597.0,False,False
006208,2022-10-26 09:49:15.001349,-0.0008944543828264262,-0.0017889087656529634,-0.04999999999999716,-0.10000000000000142,55.8,55.9,55.85,55.9,120.0,9.0,465.0,597.0,False,False
006208,2022-10-26 09:49:15.031019,-0.0008944543828264262,-0.0017889087656529634,-0.04999999999999716,-0.10000000000000142,55.8,55.9,55.85,55.9,120.0,9.0,465.0,597.0,False,False
006208,2022-10-26 09:49:15.358982,-0.0008944543828264262,-0.0017889087656529634,-0.04999999999999716,-0.10000000000000142,55.8,55.9,55.85,55.9,120.0,9.0,465.0,597.0,False,False
006208,2022-10-26 09:49:15.359187,-0.0008944543828264262,-0.0017889087656529634,-0.04999999999999716,-0.10000000000000142,55.8,55.9,55.85,55.9,120.0,84.0,465.0,597.0,False,False
006208,2022-10-26 09:49:15.963164,-0.0008944543828264262,-0.0017889087656529634,-0.04999999999999716,-0.10000000000000142,55.8,55.9,55.85,55.9,120.0,184.0,465.0,597.0,False,False
006208,2022-10-26 09:49:16.654439,-0.0008944543828264262,-0.0017889087656529634,-0.04999999999999716,-0.10000000000000142,55.8,55.9,55.85,55.9,45.0,184.0,465.0,597.0,False,False
006208,2022-10-26 09:49:16.655126,-0.0008944543828264262,-0.0017889087656529634,-0.04999999999999716,-0.10000000000000142,55.8,55.9,55.85,55.9,45.0,184.0,465.0,597.0,False,False
006208,2022-10-26 09:49:20.109466,-0.0008944543828264262,-0.0017889087656529634,-0.04999999999999716,-0.10000000000000142,55.8,55.9,55.85,55.9,45.0,184.0,465.0,597.0,False,False
006208,2022-10-26 09:49:20.121904,-0.0008944543828264262,-0.0017889087656529634,-0.04999999999999716,-0.10000000000000142,55.8,55.9,55.85,55.9,45.0,184.0,465.0,597.0,False,False
006208,2022-10-26 09:49:20.312590,-0.0008944543828264262,-0.0017889087656529634,-0.04999999999999716,-0.10000000000000142,55.8,55.9,55.85,55.9,45.0,183.0,465.0,597.0,False,False
006208,2022-10-26 09:49:20.252384,-0.0008944543828264262,-0.0017889087656529634,-0.04999999999999716,-0.10000000000000142,55.8,55.9,55.85,55.9,45.0,184.0,465.0,597.0,False,False
006208,2022-10-26 09:49:20.716414,-0.0008944543828264262,-0.0017889087656529634,-0.04999999999999716,-0.10000000000000142,55.8,55.9,55.85,55.9,45.0,183.0,465.0,597.0,False,False
006208,2022-10-26 09:49:20.769237,-0.0008944543828264262,-0.0017889087656529634,-0.04999999999999716,-0.10000000000000142,55.8,55.9,55.85,55.9,45.0,183.0,465.0,597.0,False,False
006208,2022-10-26 09:49:20.821278,-0.0008944543828264262,-0.0017889087656529634,-0.04999999999999716,-0.10000000000000142,55.8,55.9,55.85,55.9,45.0,183.0,465.0,597.0,False,False
006208,2022-10-26 09:49:21.918736,-0.0008944543828264262,-0.0017889087656529634,-0.04999999999999716,-0.10000000000000142,55.8,55.9,55.85,55.9,45.0,183.0,465.0,597.0,False,False
006208,2022-10-26 09:49:21.931684,-0.0008944543828264262,-0.0017889087656529634,-0.04999999999999716,-0.10000000000000142,55.8,55.9,55.85,55.9,45.0,183.0,465.0,597.0,False,False
006208,2022-10-26 09:49:22.656891,-0.0008944543828264262,-0.0017889087656529634,-0.04999999999999716,-0.10000000000000142,55.8,55.9,55.85,55.9,45.0,183.0,465.0,597.0,False,False
006208,2022-10-26 09:49:22.705089,-0.0008944543828264262,-0.0017889087656529634,-0.04999999999999716,-0.10000000000000142,55.8,55.9,55.85,55.9,5.0,183.0,465.0,597.0,False,False
006208,2022-10-26 09:49:22.788448,-0.0008944543828264262,-0.0017889087656529634,-0.04999999999999716,-0.10000000000000142,55.8,55.9,55.85,55.9,5.0,183.0,465.0,597.0,False,False
006208,2022-10-26 09:49:23.062010,-0.0008944543828264262,-0.0017889087656529634,-0.04999999999999716,-0.10000000000000142,55.8,55.9,55.85,55.9,5.0,183.0,465.0,597.0,False,False
006208,2022-10-26 09:49:23.062108,-0.0008944543828264262,-0.0017889087656529634,-0.04999999999999716,-0.10000000000000142,55.8,55.9,55.85,55.9,5.0,183.0,465.0,597.0,False,False
006208,2022-10-26 09:49:23.218724,-0.0008944543828264262,-0.0017889087656529634,-0.04999999999999716,-0.10000000000000142,55.8,55.9,55.85,55.9,5.0,183.0,465.0,597.0,False,False
006208,2022-10-26 09:49:23.305280,-0.0008944543828264262,-0.0017889087656529634,-0.04999999999999716,-0.10000000000000142,55.8,55.9,55.85,55.9,5.0,203.0,465.0,597.0,False,False
006208,2022-10-26 09:49:23.532863,-0.0008944543828264262,-0.0017889087656529634,-0.04999999999999716,-0.10000000000000142,55.8,55.9,55.85,55.9,5.0,203.0,465.0,597.0,False,False
006208,2022-10-26 09:49:23.541567,-0.0008944543828264262,-0.0017889087656529634,-0.04999999999999716,-0.10000000000000142,55.8,55.9,55.85,55.9,5.0,183.0,465.0,597.0,False,False
006208,2022-10-26 09:49:23.642860,-0.0008944543828264262,-0.0017889087656529634,-0.04999999999999716,-0.10000000000000142,55.8,55.9,55.85,55.9,5.0,183.0,465.0,597.0,False,False
006208,2022-10-26 09:49:23.937509,-0.0008944543828264262,-0.0017889087656529634,-0.04999999999999716,-0.10000000000000142,55.8,55.9,55.85,55.9,5.0,183.0,465.0,597.0,True,True
006208,2022-10-26 09:49:25.439733,-0.0008944543828264262,-0.0017889087656529634,-0.04999999999999716,-0.10000000000000142,55.8,55.9,55.85,55.9,5.0,183.0,465.0,597.0,False,False
006208,2022-10-26 09:49:25.452464,-0.0008944543828264262,-0.0017889087656529634,-0.04999999999999716,-0.10000000000000142,55.8,55.9,55.85,55.9,5.0,183.0,465.0,597.0,False,False
006208,2022-10-26 09:49:25.982610,-0.0008944543828264262,-0.0017889087656529634,-0.04999999999999716,-0.10000000000000142,55.8,55.9,55.85,55.9,5.0,183.0,465.0,597.0,False,False
006208,2022-10-26 09:49:26.001642,-0.0008944543828264262,-0.0017889087656529634,-0.04999999999999716,-0.10000000000000142,55.8,55.9,55.85,55.9,5.0,183.0,465.0,597.0,False,False
006208,2022-10-26 09:49:27.228514,-0.0008944543828264262,-0.0017889087656529634,-0.04999999999999716,-0.10000000000000142,55.8,55.9,55.85,55.9,5.0,183.0,465.0,597.0,False,False
006208,2022-10-26 09:49:27.319868,-0.0008944543828264262,-0.0017889087656529634,-0.04999999999999716,-0.10000000000000142,55.8,55.9,55.85,55.9,5.0,223.0,465.0,597.0,False,False
006208,2022-10-26 09:49:27.356282,-0.0008944543828264262,-0.0017889087656529634,-0.04999999999999716,-0.10000000000000142,55.8,55.9,55.85,55.9,5.0,253.0,465.0,597.0,False,False
006208,2022-10-26 09:49:27.740698,-0.0008944543828264262,-0.0017889087656529634,-0.04999999999999716,-0.10000000000000142,55.8,55.9,55.85,55.9,5.0,254.0,465.0,597.0,False,False
006208,2022-10-26 09:49:28.487811,-0.0008944543828264262,-0.0017889087656529634,-0.04999999999999716,-0.10000000000000142,55.8,55.9,55.85,55.9,5.0,214.0,465.0,597.0,False,False
006208,2022-10-26 09:49:30.232719,-0.0008944543828264262,-0.0017889087656529634,-0.04999999999999716,-0.10000000000000142,55.8,55.9,55.85,55.9,5.0,214.0,465.0,597.0,False,False
006208,2022-10-26 09:49:30.293297,-0.0008944543828264262,-0.0017889087656529634,-0.04999999999999716,-0.10000000000000142,55.8,55.9,55.85,55.9,5.0,213.0,465.0,597.0,False,False
006208,2022-10-26 09:49:30.239340,-0.0008944543828264262,-0.0017889087656529634,-0.04999999999999716,-0.10000000000000142,55.8,55.9,55.85,55.9,5.0,214.0,465.0,597.0,False,False
006208,2022-10-26 09:49:30.370816,-0.0008944543828264262,-0.0017889087656529634,-0.04999999999999716,-0.10000000000000142,55.8,55.9,55.85,55.9,5.0,213.0,465.0,597.0,False,False
006208,2022-10-26 09:49:32.892820,-0.0008944543828264262,-0.0017889087656529634,-0.04999999999999716,-0.10000000000000142,55.8,55.9,55.85,55.9,5.0,213.0,465.0,597.0,False,False
006208,2022-10-26 09:49:32.907795,-0.0008944543828264262,-0.0017889087656529634,-0.04999999999999716,-0.10000000000000142,55.8,55.9,55.85,55.9,5.0,233.0,465.0,597.0,False,False
006208,2022-10-26 09:49:33.977956,-0.0008944543828264262,-0.0017889087656529634,-0.04999999999999716,-0.10000000000000142,55.8,55.9,55.85,55.9,5.0,233.0,465.0,597.0,True,True
006208,2022-10-26 09:49:34.595625,-0.0008944543828264262,-0.0017889087656529634,-0.04999999999999716,-0.10000000000000142,55.8,55.9,55.85,55.9,5.0,233.0,465.0,597.0,False,False
006208,2022-10-26 09:49:34.610271,-0.0008944543828264262,-0.0017889087656529634,-0.04999999999999716,-0.10000000000000142,55.8,55.9,55.85,55.9,5.0,213.0,465.0,597.0,False,False
006208,2022-10-26 09:49:35.216708,-0.0008944543828264262,-0.0017889087656529634,-0.04999999999999716,-0.10000000000000142,55.8,55.9,55.85,55.9,5.0,213.0,465.0,597.0,False,False
006208,2022-10-26 09:49:35.227256,-0.0008944543828264262,-0.0017889087656529634,-0.04999999999999716,-0.10000000000000142,55.8,55.9,55.85,55.9,5.0,233.0,465.0,597.0,False,False
006208,2022-10-26 09:49:40.302638,-0.0008944543828264262,-0.0017889087656529634,-0.04999999999999716,-0.10000000000000142,55.8,55.9,55.85,55.9,5.0,232.0,465.0,597.0,False,False
006208,2022-10-26 09:49:40.354932,-0.0008944543828264262,-0.0017889087656529634,-0.04999999999999716,-0.10000000000000142,55.8,55.9,55.85,55.9,5.0,232.0,465.0,597.0,False,False
006208,2022-10-26 09:49:40.359193,-0.0008944543828264262,-0.0017889087656529634,-0.04999999999999716,-0.10000000000000142,55.8,55.9,55.85,55.9,5.0,232.0,465.0,597.0,False,False
006208,2022-10-26 09:49:40.493191,-0.0008944543828264262,-0.0017889087656529634,-0.04999999999999716,-0.10000000000000142,55.8,55.9,55.85,55.9,5.0,232.0,465.0,597.0,False,False
006208,2022-10-26 09:49:41.946699,-0.0008944543828264262,-0.0017889087656529634,-0.04999999999999716,-0.10000000000000142,55.8,55.9,55.85,55.9,5.0,272.0,465.0,597.0,False,False
006208,2022-10-26 09:49:44.008203,0.0,-0.002680965147453196,0.0,-0.15000000000000568,55.8,55.9,55.9,55.95,5.0,272.0,69.0,1062.0,True,True
006208,2022-10-26 09:49:47.889089,0.0,-0.002680965147453196,0.0,-0.15000000000000568,55.8,55.9,55.9,55.95,5.0,271.0,69.0,1062.0,False,False
006208,2022-10-26 09:49:48.516669,0.0,-0.002680965147453196,0.0,-0.15000000000000568,55.8,55.9,55.9,55.95,5.0,231.0,69.0,1062.0,False,False
006208,2022-10-26 09:49:49.558368,0.0,-0.002680965147453196,0.0,-0.15000000000000568,55.8,55.9,55.9,55.95,5.0,231.0,69.0,1062.0,False,False
006208,2022-10-26 09:49:49.558594,0.0,-0.002680965147453196,0.0,-0.15000000000000568,55.8,55.9,55.9,55.95,5.0,211.0,69.0,1062.0,False,False
006208,2022-10-26 09:49:50.282771,0.0,-0.002680965147453196,0.0,-0.15000000000000568,55.8,55.9,55.9,55.95,5.0,210.0,69.0,1062.0,False,False
006208,2022-10-26 09:49:50.489690,0.0,-0.002680965147453196,0.0,-0.15000000000000568,55.8,55.9,55.9,55.95,5.0,210.0,69.0,1062.0,False,False
006208,2022-10-26 09:49:50.495851,0.0,-0.002680965147453196,0.0,-0.15000000000000568,55.8,55.9,55.9,55.95,5.0,210.0,69.0,1062.0,False,False
006208,2022-10-26 09:49:50.624655,0.0,-0.002680965147453196,0.0,-0.15000000000000568,55.8,55.9,55.9,55.95,5.0,210.0,69.0,1062.0,False,False
006208,2022-10-26 09:49:51.110196,0.0,-0.002680965147453196,0.0,-0.15000000000000568,55.8,55.9,55.9,55.95,5.0,210.0,69.0,1062.0,False,False
006208,2022-10-26 09:49:51.110317,0.0,-0.002680965147453196,0.0,-0.15000000000000568,55.8,55.9,55.9,55.95,5.0,230.0,69.0,1062.0,False,False
006208,2022-10-26 09:49:51.550202,0.0,-0.002680965147453196,0.0,-0.15000000000000568,55.8,55.9,55.9,55.95,5.0,230.0,69.0,1062.0,False,False
006208,2022-10-26 09:49:51.550471,0.0,-0.002680965147453196,0.0,-0.15000000000000568,55.8,55.9,55.9,55.95,5.0,210.0,69.0,1062.0,False,False
006208,2022-10-26 09:49:51.699679,0.0,-0.002680965147453196,0.0,-0.15000000000000568,55.8,55.9,55.9,55.95,5.0,210.0,69.0,1062.0,False,False
006208,2022-10-26 09:49:51.704669,0.0,-0.002680965147453196,0.0,-0.15000000000000568,55.8,55.9,55.9,55.95,5.0,210.0,69.0,1062.0,False,False
006208,2022-10-26 09:49:51.938402,0.0,-0.002680965147453196,0.0,-0.15000000000000568,55.8,55.9,55.9,55.95,5.0,210.0,69.0,1062.0,False,False
006208,2022-10-26 09:49:54.057569,0.0,-0.002680965147453196,0.0,-0.15000000000000568,55.8,55.9,55.9,55.95,5.0,210.0,69.0,1062.0,True,True
006208,2022-10-26 09:49:56.316232,0.0,-0.002680965147453196,0.0,-0.15000000000000568,55.8,55.9,55.9,55.95,5.0,210.0,69.0,1062.0,False,False
006208,2022-10-26 09:49:56.330345,0.0,-0.002680965147453196,0.0,-0.15000000000000568,55.8,55.9,55.9,55.95,5.0,230.0,69.0,1062.0,False,False
006208,2022-10-26 09:49:56.542302,0.0,-0.002680965147453196,0.0,-0.15000000000000568,55.8,55.9,55.9,55.95,5.0,230.0,69.0,1062.0,False,False
006208,2022-10-26 09:49:56.542502,0.0,-0.002680965147453196,0.0,-0.15000000000000568,55.8,55.9,55.9,55.95,80.0,230.0,69.0,1062.0,False,False
006208,2022-10-26 09:49:56.996856,0.0,-0.002680965147453196,0.0,-0.15000000000000568,55.8,55.9,55.9,55.95,80.0,230.0,69.0,1062.0,False,False
006208,2022-10-26 09:49:57.002191,0.0,-0.002680965147453196,0.0,-0.15000000000000568,55.8,55.9,55.9,55.95,80.0,230.0,69.0,1062.0,False,False
006208,2022-10-26 09:49:57.067764,0.0,-0.002680965147453196,0.0,-0.15000000000000568,55.8,55.9,55.9,55.95,80.0,230.0,69.0,1062.0,False,False
006208,2022-10-26 09:49:57.425173,0.0,-0.002680965147453196,0.0,-0.15000000000000568,55.8,55.9,55.9,55.95,80.0,230.0,69.0,1062.0,False,False
006208,2022-10-26 09:49:59.065385,0.0,-0.002680965147453196,0.0,-0.15000000000000568,55.8,55.9,55.9,55.95,80.0,230.0,69.0,1062.0,False,False
006208,2022-10-26 09:49:59.076329,0.0,-0.002680965147453196,0.0,-0.15000000000000568,55.8,55.9,55.9,55.95,80.0,230.0,69.0,1062.0,False,False
006208,2022-10-26 09:49:59.687181,0.0,-0.002680965147453196,0.0,-0.15000000000000568,55.8,55.9,55.9,55.95,80.0,230.0,69.0,1062.0,False,False
006208,2022-10-26 09:49:59.692306,0.0,-0.002680965147453196,0.0,-0.15000000000000568,55.8,55.9,55.9,55.95,80.0,230.0,69.0,1062.0,False,False
006208,2022-10-26 09:49:59.909435,0.0,-0.002680965147453196,0.0,-0.15000000000000568,55.8,55.9,55.9,55.95,80.0,155.0,69.0,1062.0,False,False
006208,2022-10-26 09:49:59.980631,0.0,-0.002680965147453196,0.0,-0.15000000000000568,55.8,55.9,55.9,55.95,80.0,155.0,69.0,1062.0,False,False
006208,2022-10-26 09:50:00.296320,0.0,-0.002680965147453196,0.0,-0.15000000000000568,55.8,55.9,55.9,55.95,80.0,155.0,69.0,1062.0,False,False
006208,2022-10-26 09:50:00.301353,0.0,-0.002680965147453196,0.0,-0.15000000000000568,55.8,55.9,55.9,55.95,80.0,155.0,69.0,1062.0,False,False
006208,2022-10-26 09:50:00.410201,0.0,-0.002680965147453196,0.0,-0.15000000000000568,55.8,55.9,55.9,55.95,80.0,154.0,69.0,1062.0,False,False
006208,2022-10-26 09:50:00.640405,0.0,-0.002680965147453196,0.0,-0.15000000000000568,55.8,55.9,55.9,55.95,80.0,154.0,69.0,1062.0,False,False
006208,2022-10-26 09:50:00.685991,0.0,-0.002680965147453196,0.0,-0.15000000000000568,55.8,55.9,55.9,55.95,80.0,154.0,69.0,1062.0,False,False
006208,2022-10-26 09:50:00.819539,0.0,-0.002680965147453196,0.0,-0.15000000000000568,55.8,55.9,55.9,55.95,80.0,154.0,69.0,1062.0,False,False
006208,2022-10-26 09:50:02.211613,0.0,-0.002680965147453196,0.0,-0.15000000000000568,55.8,55.9,55.9,55.95,80.0,154.0,69.0,1062.0,False,False
006208,2022-10-26 09:50:02.212286,0.0,-0.002680965147453196,0.0,-0.15000000000000568,55.8,55.9,55.9,55.95,80.0,229.0,69.0,1062.0,False,False
006208,2022-10-26 09:50:02.392047,0.0,-0.002680965147453196,0.0,-0.15000000000000568,55.8,55.9,55.9,55.95,80.0,229.0,69.0,1062.0,False,False
006208,2022-10-26 09:50:03.196762,0.0,-0.002680965147453196,0.0,-0.15000000000000568,55.8,55.9,55.9,55.95,80.0,229.0,69.0,1062.0,False,False
006208,2022-10-26 09:50:03.205470,0.0,-0.002680965147453196,0.0,-0.15000000000000568,55.8,55.9,55.9,55.95,80.0,229.0,69.0,1062.0,False,False
006208,2022-10-26 09:50:04.071234,0.0,-0.002680965147453196,0.0,-0.15000000000000568,55.8,55.9,55.9,55.95,80.0,230.0,69.0,1062.0,False,False
006208,2022-10-26 09:50:04.182828,0.0,-0.002680965147453196,0.0,-0.15000000000000568,55.8,55.9,55.9,55.95,80.0,230.0,69.0,1062.0,True,True
006208,2022-10-26 09:50:05.552908,0.0,-0.002680965147453196,0.0,-0.15000000000000568,55.8,55.9,55.9,55.95,80.0,230.0,69.0,1062.0,False,False
006208,2022-10-26 09:50:06.431350,0.0,-0.002680965147453196,0.0,-0.15000000000000568,55.8,55.9,55.9,55.95,80.0,230.0,69.0,1062.0,False,False
006208,2022-10-26 09:50:06.431507,0.0,-0.002680965147453196,0.0,-0.15000000000000568,55.8,55.9,55.9,55.95,80.0,230.0,69.0,1062.0,False,False
006208,2022-10-26 09:50:07.416447,0.0,-0.002680965147453196,0.0,-0.15000000000000568,55.8,55.9,55.9,55.95,80.0,230.0,69.0,1062.0,False,False
006208,2022-10-26 09:50:07.875929,0.0,-0.002680965147453196,0.0,-0.15000000000000568,55.8,55.9,55.9,55.95,80.0,230.0,69.0,1062.0,False,False
006208,2022-10-26 09:50:08.572516,0.0,-0.002680965147453196,0.0,-0.15000000000000568,55.8,55.9,55.9,55.95,80.0,230.0,69.0,1062.0,False,False
006208,2022-10-26 09:50:08.572533,0.0,-0.002680965147453196,0.0,-0.15000000000000568,55.8,55.9,55.9,55.95,80.0,230.0,69.0,1062.0,False,False
006208,2022-10-26 09:50:09.033170,0.0,-0.002680965147453196,0.0,-0.15000000000000568,55.8,55.9,55.9,55.95,80.0,230.0,69.0,1062.0,False,False
006208,2022-10-26 09:50:09.911011,0.0,-0.002680965147453196,0.0,-0.15000000000000568,55.8,55.9,55.9,55.95,80.0,230.0,69.0,1062.0,False,False
006208,2022-10-26 09:50:10.141016,0.0,-0.002680965147453196,0.0,-0.15000000000000568,55.8,55.9,55.9,55.95,5.0,230.0,69.0,1062.0,False,False
006208,2022-10-26 09:50:10.141034,0.0,-0.002680965147453196,0.0,-0.15000000000000568,55.8,55.9,55.9,55.95,5.0,230.0,69.0,1062.0,False,False
006208,2022-10-26 09:50:10.409589,0.0,-0.002680965147453196,0.0,-0.15000000000000568,55.8,55.9,55.9,55.95,5.0,229.0,69.0,1062.0,False,False
006208,2022-10-26 09:50:10.846076,0.0,-0.002680965147453196,0.0,-0.15000000000000568,55.8,55.9,55.9,55.95,5.0,229.0,69.0,1062.0,False,False
006208,2022-10-26 09:50:10.849752,0.0,-0.002680965147453196,0.0,-0.15000000000000568,55.8,55.9,55.9,55.95,5.0,229.0,69.0,1062.0,False,False
006208,2022-10-26 09:50:10.984174,0.0,-0.002680965147453196,0.0,-0.15000000000000568,55.8,55.9,55.9,55.95,5.0,229.0,69.0,1062.0,False,False
006208,2022-10-26 09:50:12.282740,0.0,-0.002680965147453196,0.0,-0.15000000000000568,55.8,55.9,55.9,55.95,5.0,269.0,69.0,1062.0,False,False
006208,2022-10-26 09:50:12.444536,0.0,-0.002680965147453196,0.0,-0.15000000000000568,55.8,55.9,55.9,55.95,5.0,229.0,69.0,1062.0,False,False
006208,2022-10-26 09:50:13.977358,0.0,-0.002680965147453196,0.0,-0.15000000000000568,55.8,55.9,55.9,55.95,5.0,229.0,69.0,1062.0,False,False
006208,2022-10-26 09:50:14.095231,0.0,-0.002680965147453196,0.0,-0.15000000000000568,55.8,55.9,55.9,55.95,5.0,229.0,69.0,1062.0,False,False
006208,2022-10-26 09:50:14.255682,0.0,-0.002680965147453196,0.0,-0.15000000000000568,55.8,55.9,55.9,55.95,5.0,229.0,69.0,1062.0,True,True
006208,2022-10-26 09:50:16.995861,0.0,-0.002680965147453196,0.0,-0.15000000000000568,55.8,55.9,55.9,55.95,5.0,229.0,69.0,1062.0,False,False
006208,2022-10-26 09:50:17.241775,0.0,-0.002680965147453196,0.0,-0.15000000000000568,55.8,55.9,55.9,55.95,5.0,229.0,69.0,1062.0,False,False
006208,2022-10-26 09:50:17.244966,0.0,-0.002680965147453196,0.0,-0.15000000000000568,55.8,55.9,55.9,55.95,5.0,229.0,69.0,1062.0,False,False
006208,2022-10-26 09:50:18.547684,0.0,-0.002680965147453196,0.0,-0.15000000000000568,55.8,55.9,55.9,55.95,6.0,229.0,69.0,1062.0,False,False
006208,2022-10-26 09:50:19.386208,0.0,-0.002680965147453196,0.0,-0.15000000000000568,55.8,55.9,55.9,55.95,6.0,229.0,69.0,1062.0,False,False
006208,2022-10-26 09:50:19.402587,0.0,-0.002680965147453196,0.0,-0.15000000000000568,55.8,55.9,55.9,55.95,6.0,229.0,69.0,1062.0,False,False
006208,2022-10-26 09:50:20.079856,0.0,-0.002680965147453196,0.0,-0.15000000000000568,55.8,55.9,55.9,55.95,6.0,229.0,69.0,1062.0,False,False
006208,2022-10-26 09:50:20.996397,0.0,-0.002680965147453196,0.0,-0.15000000000000568,55.8,55.9,55.9,55.95,6.0,229.0,69.0,1062.0,False,False
006208,2022-10-26 09:50:20.998890,0.0,-0.002680965147453196,0.0,-0.15000000000000568,55.8,55.9,55.9,55.95,6.0,229.0,69.0,1062.0,False,False
006208,2022-10-26 09:50:21.138311,0.0,-0.002680965147453196,0.0,-0.15000000000000568,55.8,55.9,55.9,55.95,6.0,229.0,69.0,1062.0,False,False
006208,2022-10-26 09:50:21.584824,0.0,-0.002680965147453196,0.0,-0.15000000000000568,55.8,55.9,55.9,55.95,6.0,229.0,69.0,1062.0,False,False
006208,2022-10-26 09:50:21.683603,0.0,-0.002680965147453196,0.0,-0.15000000000000568,55.8,55.9,55.9,55.95,6.0,229.0,69.0,1062.0,False,False
006208,2022-10-26 09:50:22.040210,0.0,-0.002680965147453196,0.0,-0.15000000000000568,55.8,55.9,55.9,55.95,6.0,228.0,69.0,1062.0,False,False
006208,2022-10-26 09:50:22.092592,0.0,-0.002680965147453196,0.0,-0.15000000000000568,55.8,55.9,55.9,55.95,6.0,228.0,69.0,1062.0,False,False
006208,2022-10-26 09:50:22.139186,0.0,-0.002680965147453196,0.0,-0.15000000000000568,55.8,55.9,55.9,55.95,6.0,228.0,69.0,1062.0,False,False
006208,2022-10-26 09:50:23.224667,0.0,-0.002680965147453196,0.0,-0.15000000000000568,55.8,55.9,55.9,55.95,6.0,228.0,69.0,1062.0,False,False
006208,2022-10-26 09:50:23.224739,0.0,-0.002680965147453196,0.0,-0.15000000000000568,55.8,55.9,55.9,55.95,6.0,228.0,69.0,1062.0,False,False
006208,2022-10-26 09:50:24.314849,0.0,-0.002680965147453196,0.0,-0.15000000000000568,55.8,55.9,55.9,55.95,6.0,228.0,100.0,793.0,True,True
006208,2022-10-26 09:50:28.065856,0.0,-0.002680965147453196,0.0,-0.15000000000000568,55.8,55.9,55.9,55.95,6.0,228.0,100.0,793.0,False,False
006208,2022-10-26 09:50:28.442088,0.0,-0.002680965147453196,0.0,-0.15000000000000568,55.8,55.9,55.9,55.95,6.0,228.0,100.0,793.0,False,False
006208,2022-10-26 09:50:28.442410,0.0,-0.002680965147453196,0.0,-0.15000000000000568,55.8,55.9,55.9,55.95,81.0,153.0,100.0,793.0,False,False
006208,2022-10-26 09:50:29.056987,0.0,-0.002680965147453196,0.0,-0.15000000000000568,55.8,55.9,55.9,55.95,81.0,153.0,100.0,793.0,False,False
006208,2022-10-26 09:50:29.083447,0.0,-0.002680965147453196,0.0,-0.15000000000000568,55.8,55.9,55.9,55.95,81.0,53.0,100.0,793.0,False,False
006208,2022-10-26 09:50:29.363516,0.0,-0.002680965147453196,0.0,-0.15000000000000568,55.8,55.9,55.9,55.95,81.0,53.0,100.0,793.0,False,False
006208,2022-10-26 09:50:29.363646,0.0,-0.002680965147453196,0.0,-0.15000000000000568,55.8,55.9,55.9,55.95,81.0,53.0,100.0,793.0,False,False
006208,2022-10-26 09:50:29.667557,0.0,-0.002680965147453196,0.0,-0.15000000000000568,55.8,55.9,55.9,55.95,81.0,53.0,100.0,793.0,False,False
006208,2022-10-26 09:50:29.667599,0.0,-0.002680965147453196,0.0,-0.15000000000000568,55.8,55.9,55.9,55.95,81.0,53.0,100.0,793.0,False,False
006208,2022-10-26 09:50:30.085196,0.0,-0.002680965147453196,0.0,-0.15000000000000568,55.8,55.9,55.9,55.95,181.0,53.0,100.0,793.0,False,False
006208,2022-10-26 09:50:30.468203,0.0,-0.002680965147453196,0.0,-0.15000000000000568,55.8,55.9,55.9,55.95,181.0,52.0,100.0,793.0,False,False
006208,2022-10-26 09:50:31.130718,0.0,-0.002680965147453196,0.0,-0.15000000000000568,55.8,55.9,55.9,55.95,181.0,52.0,100.0,793.0,False,False
006208,2022-10-26 09:50:31.138930,0.0,-0.002680965147453196,0.0,-0.15000000000000568,55.8,55.9,55.9,55.95,181.0,52.0,100.0,793.0,False,False
006208,2022-10-26 09:50:31.275498,0.0,-0.002680965147453196,0.0,-0.15000000000000568,55.8,55.9,55.9,55.95,181.0,52.0,100.0,793.0,False,False
006208,2022-10-26 09:50:33.673085,0.0,-0.002680965147453196,0.0,-0.15000000000000568,55.8,55.9,55.9,55.95,181.0,52.0,100.0,793.0,False,False
006208,2022-10-26 09:50:33.679040,0.0,-0.002680965147453196,0.0,-0.15000000000000568,55.8,55.9,55.9,55.95,181.0,52.0,100.0,793.0,False,False
006208,2022-10-26 09:50:34.364935,0.0,-0.002680965147453196,0.0,-0.15000000000000568,55.8,55.9,55.9,55.95,181.0,52.0,424.0,793.0,True,True
006208,2022-10-26 09:50:35.493938,0.0,-0.002680965147453196,0.0,-0.15000000000000568,55.8,55.9,55.9,55.95,181.0,52.0,424.0,793.0,False,False
006208,2022-10-26 09:50:35.503742,0.0,-0.002680965147453196,0.0,-0.15000000000000568,55.8,55.9,55.9,55.95,181.0,52.0,424.0,793.0,False,False
006208,2022-10-26 09:50:38.005487,0.0,-0.002680965147453196,0.0,-0.15000000000000568,55.8,55.9,55.9,55.95,181.0,51.0,424.0,793.0,False,False
006208,2022-10-26 09:50:39.156172,0.0,-0.002680965147453196,0.0,-0.15000000000000568,55.8,55.9,55.9,55.95,81.0,51.0,424.0,793.0,False,False
006208,2022-10-26 09:50:39.261159,0.0,-0.002680965147453196,0.0,-0.15000000000000568,55.8,55.9,55.9,55.95,81.0,126.0,424.0,793.0,False,False
006208,2022-10-26 09:50:40.158131,0.0,-0.002680965147453196,0.0,-0.15000000000000568,55.8,55.9,55.9,55.95,81.0,226.0,424.0,793.0,False,False
006208,2022-10-26 09:50:40.223021,0.0,-0.002680965147453196,0.0,-0.15000000000000568,55.8,55.9,55.9,55.95,81.0,226.0,424.0,793.0,False,False
006208,2022-10-26 09:50:40.261341,0.0,-0.002680965147453196,0.0,-0.15000000000000568,55.8,55.9,55.9,55.95,81.0,226.0,424.0,793.0,False,False
006208,2022-10-26 09:50:40.448276,0.0,-0.002680965147453196,0.0,-0.15000000000000568,55.8,55.9,55.9,55.95,81.0,225.0,424.0,793.0,False,False
006208,2022-10-26 09:50:41.272693,0.0,-0.002680965147453196,0.0,-0.15000000000000568,55.8,55.9,55.9,55.95,81.0,225.0,424.0,793.0,False,False
006208,2022-10-26 09:50:41.276056,0.0,-0.002680965147453196,0.0,-0.15000000000000568,55.8,55.9,55.9,55.95,81.0,225.0,424.0,793.0,False,False
006208,2022-10-26 09:50:41.399776,0.0,-0.002680965147453196,0.0,-0.15000000000000568,55.8,55.9,55.9,55.95,81.0,225.0,424.0,793.0,False,False
006208,2022-10-26 09:50:41.403424,0.0,-0.002680965147453196,0.0,-0.15000000000000568,55.8,55.9,55.9,55.95,81.0,225.0,424.0,793.0,False,False
006208,2022-10-26 09:50:44.416955,0.0,-0.002680965147453196,0.0,-0.15000000000000568,55.8,55.9,55.9,55.95,81.0,225.0,424.0,793.0,True,True
006208,2022-10-26 09:50:46.155913,0.0,-0.002680965147453196,0.0,-0.15000000000000568,55.8,55.9,55.9,55.95,81.0,225.0,424.0,793.0,False,False
006208,2022-10-26 09:50:46.244296,0.0,-0.002680965147453196,0.0,-0.15000000000000568,55.8,55.9,55.9,55.95,81.0,225.0,424.0,793.0,False,False
006208,2022-10-26 09:50:48.393052,0.0,-0.002680965147453196,0.0,-0.15000000000000568,55.8,55.9,55.9,55.95,81.0,225.0,424.0,793.0,False,False
006208,2022-10-26 09:50:48.480626,0.0,-0.002680965147453196,0.0,-0.15000000000000568,55.8,55.9,55.9,55.95,81.0,105.0,424.0,793.0,False,False
006208,2022-10-26 09:50:48.600059,0.0,-0.002680965147453196,0.0,-0.15000000000000568,55.8,55.9,55.9,55.95,81.0,145.0,424.0,793.0,False,False
006208,2022-10-26 09:50:49.415035,0.0,-0.002680965147453196,0.0,-0.15000000000000568,55.8,55.9,55.9,55.95,181.0,145.0,424.0,793.0,False,False
006208,2022-10-26 09:50:49.852275,0.0,-0.002680965147453196,0.0,-0.15000000000000568,55.8,55.9,55.9,55.95,181.0,70.0,424.0,793.0,False,False
006208,2022-10-26 09:50:49.852396,0.0,-0.002680965147453196,0.0,-0.15000000000000568,55.8,55.9,55.9,55.95,181.0,70.0,424.0,793.0,False,False
006208,2022-10-26 09:50:50.471808,0.0,-0.002680965147453196,0.0,-0.15000000000000568,55.8,55.9,55.9,55.95,181.0,69.0,424.0,793.0,False,False
006208,2022-10-26 09:50:51.397081,0.0,-0.002680965147453196,0.0,-0.15000000000000568,55.8,55.9,55.9,55.95,181.0,69.0,424.0,793.0,False,False
006208,2022-10-26 09:50:51.404471,0.0,-0.002680965147453196,0.0,-0.15000000000000568,55.8,55.9,55.9,55.95,181.0,69.0,424.0,793.0,False,False
006208,2022-10-26 09:50:51.542065,0.0,-0.002680965147453196,0.0,-0.15000000000000568,55.8,55.9,55.9,55.95,181.0,69.0,424.0,793.0,False,False
006208,2022-10-26 09:50:53.578753,0.0,-0.002680965147453196,0.0,-0.15000000000000568,55.8,55.9,55.9,55.95,181.0,69.0,424.0,793.0,False,False
006208,2022-10-26 09:50:53.603102,0.0,-0.002680965147453196,0.0,-0.15000000000000568,55.8,55.9,55.9,55.95,81.0,144.0,424.0,793.0,False,False
006208,2022-10-26 09:50:54.465794,0.0,-0.002680965147453196,0.0,-0.15000000000000568,55.8,55.9,55.9,55.95,81.0,144.0,424.0,793.0,True,True
006208,2022-10-26 09:50:54.604695,0.0,-0.002680965147453196,0.0,-0.15000000000000568,55.8,55.9,55.9,55.95,81.0,244.0,424.0,793.0,False,False
006208,2022-10-26 09:50:54.663589,0.0,-0.002680965147453196,0.0,-0.15000000000000568,55.8,55.9,55.9,55.95,81.0,244.0,424.0,793.0,False,False
006208,2022-10-26 09:50:54.718829,0.0,-0.002680965147453196,0.0,-0.15000000000000568,55.8,55.9,55.9,55.95,81.0,244.0,424.0,793.0,False,False
006208,2022-10-26 09:50:55.078580,0.0,-0.002680965147453196,0.0,-0.15000000000000568,55.8,55.9,55.9,55.95,81.0,243.0,424.0,793.0,False,False
006208,2022-10-26 09:50:57.661389,0.0,-0.002680965147453196,0.0,-0.15000000000000568,55.8,55.9,55.9,55.95,81.0,243.0,424.0,793.0,False,False
006208,2022-10-26 09:50:58.310284,0.0,-0.002680965147453196,0.0,-0.15000000000000568,55.8,55.9,55.9,55.95,81.0,243.0,424.0,793.0,False,False
006208,2022-10-26 09:50:58.959803,0.0,-0.002680965147453196,0.0,-0.15000000000000568,55.8,55.9,55.9,55.95,81.0,243.0,424.0,793.0,False,False
006208,2022-10-26 09:51:00.463116,0.0,-0.002680965147453196,0.0,-0.15000000000000568,55.8,55.9,55.9,55.95,81.0,242.0,424.0,793.0,False,False
006208,2022-10-26 09:51:01.542721,0.0,-0.002680965147453196,0.0,-0.15000000000000568,55.8,55.9,55.9,55.95,81.0,242.0,424.0,793.0,False,False
006208,2022-10-26 09:51:01.544679,0.0,-0.002680965147453196,0.0,-0.15000000000000568,55.8,55.9,55.9,55.95,81.0,242.0,424.0,793.0,False,False
006208,2022-10-26 09:51:01.680954,0.0,-0.002680965147453196,0.0,-0.15000000000000568,55.8,55.9,55.9,55.95,81.0,242.0,424.0,793.0,False,False
006208,2022-10-26 09:51:02.577551,0.0,-0.002680965147453196,0.0,-0.15000000000000568,55.8,55.9,55.9,55.95,81.0,242.0,424.0,793.0,False,False
006208,2022-10-26 09:51:02.590340,0.0,-0.002680965147453196,0.0,-0.15000000000000568,55.8,55.9,55.9,55.95,81.0,262.0,424.0,793.0,False,False
006208,2022-10-26 09:51:03.372777,0.0,-0.002680965147453196,0.0,-0.15000000000000568,55.8,55.9,55.9,55.95,81.0,262.0,424.0,793.0,False,False
006208,2022-10-26 09:51:04.703636,0.0,-0.002680965147453196,0.0,-0.15000000000000568,55.8,55.9,55.9,55.95,81.0,262.0,424.0,793.0,False,False
006208,2022-10-26 09:51:06.004248,0.0,-0.002680965147453196,0.0,-0.15000000000000568,55.8,55.9,55.9,55.95,81.0,187.0,424.0,793.0,False,False
006208,2022-10-26 09:51:06.004317,0.0,-0.002680965147453196,0.0,-0.15000000000000568,55.8,55.9,55.9,55.95,81.0,187.0,424.0,793.0,False,False
006208,2022-10-26 09:51:06.121900,0.0,-0.002680965147453196,0.0,-0.15000000000000568,55.8,55.9,55.9,55.95,81.0,87.0,424.0,793.0,False,False
006208,2022-10-26 09:51:06.199085,0.0,-0.002680965147453196,0.0,-0.15000000000000568,55.8,55.9,55.9,55.95,81.0,87.0,424.0,793.0,False,False
006208,2022-10-26 09:51:06.386949,0.0,-0.002680965147453196,0.0,-0.15000000000000568,55.8,55.9,55.9,55.95,81.0,87.0,424.0,793.0,False,False
006208,2022-10-26 09:51:06.870763,0.0,-0.002680965147453196,0.0,-0.15000000000000568,55.8,55.9,55.9,55.95,81.0,87.0,424.0,793.0,False,False
006208,2022-10-26 09:51:06.883084,0.0,-0.002680965147453196,0.0,-0.15000000000000568,55.8,55.9,55.9,55.95,81.0,67.0,424.0,793.0,False,False
006208,2022-10-26 09:51:07.028514,0.0,-0.002680965147453196,0.0,-0.15000000000000568,55.8,55.9,55.9,55.95,181.0,67.0,424.0,793.0,False,False
006208,2022-10-26 09:51:07.444787,0.0,-0.002680965147453196,0.0,-0.15000000000000568,55.8,55.9,55.9,55.95,181.0,67.0,424.0,793.0,False,False
006208,2022-10-26 09:51:07.453659,0.0,-0.002680965147453196,0.0,-0.15000000000000568,55.8,55.9,55.9,55.95,181.0,67.0,424.0,793.0,False,False
006208,2022-10-26 09:51:07.760577,0.0,-0.002680965147453196,0.0,-0.15000000000000568,55.8,55.9,55.9,55.95,181.0,67.0,424.0,793.0,False,False
006208,2022-10-26 09:51:07.760719,0.0,-0.002680965147453196,0.0,-0.15000000000000568,55.8,55.9,55.9,55.95,181.0,87.0,424.0,793.0,False,False
006208,2022-10-26 09:51:10.500031,0.0,-0.002680965147453196,0.0,-0.15000000000000568,55.8,55.9,55.9,55.95,181.0,86.0,424.0,793.0,False,False
006208,2022-10-26 09:51:11.679863,0.0,-0.002680965147453196,0.0,-0.15000000000000568,55.8,55.9,55.9,55.95,181.0,86.0,424.0,793.0,False,False
006208,2022-10-26 09:51:11.683387,0.0,-0.002680965147453196,0.0,-0.15000000000000568,55.8,55.9,55.9,55.95,181.0,86.0,424.0,793.0,False,False
006208,2022-10-26 09:51:11.813657,0.0,-0.002680965147453196,0.0,-0.15000000000000568,55.8,55.9,55.9,55.95,181.0,86.0,424.0,793.0,False,False
006208,2022-10-26 09:51:15.441267,0.0,-0.002680965147453196,0.0,-0.15000000000000568,55.8,55.9,55.9,55.95,181.0,86.0,424.0,793.0,False,False
006208,2022-10-26 09:51:15.766433,0.0,-0.002680965147453196,0.0,-0.15000000000000568,55.8,55.9,55.9,55.95,181.0,86.0,424.0,793.0,False,False
006208,2022-10-26 09:51:15.766474,0.0,-0.002680965147453196,0.0,-0.15000000000000568,55.8,55.9,55.9,55.95,181.0,86.0,424.0,793.0,False,False
006208,2022-10-26 09:51:17.821438,0.0,-0.002680965147453196,0.0,-0.15000000000000568,55.8,55.9,55.9,55.95,181.0,86.0,424.0,793.0,False,False
006208,2022-10-26 09:51:17.821500,0.0,-0.002680965147453196,0.0,-0.15000000000000568,55.8,55.9,55.9,55.95,181.0,86.0,424.0,793.0,False,False
006208,2022-10-26 09:51:20.398943,0.0,-0.002680965147453196,0.0,-0.15000000000000568,55.8,55.9,55.9,55.95,181.0,86.0,424.0,793.0,False,False
006208,2022-10-26 09:51:20.399078,0.0,-0.002680965147453196,0.0,-0.15000000000000568,55.8,55.9,55.9,55.95,181.0,66.0,424.0,793.0,False,False
006208,2022-10-26 09:51:20.642020,0.0,-0.002680965147453196,0.0,-0.15000000000000568,55.8,55.9,55.9,55.95,181.0,66.0,424.0,793.0,False,False
006208,2022-10-26 09:51:20.647237,0.0,-0.002680965147453196,0.0,-0.15000000000000568,55.8,55.9,55.9,55.95,181.0,66.0,424.0,793.0,False,False
006208,2022-10-26 09:51:20.801161,0.0,-0.002680965147453196,0.0,-0.15000000000000568,55.8,55.9,55.9,55.95,181.0,61.0,424.0,793.0,False,False
006208,2022-10-26 09:51:21.803739,0.0,-0.002680965147453196,0.0,-0.15000000000000568,55.8,55.9,55.9,55.95,181.0,61.0,424.0,793.0,False,False
006208,2022-10-26 09:51:21.806987,0.0,-0.002680965147453196,0.0,-0.15000000000000568,55.8,55.9,55.9,55.95,181.0,61.0,424.0,793.0,False,False
006208,2022-10-26 09:51:21.942710,0.0,-0.002680965147453196,0.0,-0.15000000000000568,55.8,55.9,55.9,55.95,181.0,61.0,424.0,793.0,False,False
006208,2022-10-26 09:51:22.269469,0.0,-0.002680965147453196,0.0,-0.15000000000000568,55.8,55.9,55.9,55.95,181.0,61.0,424.0,793.0,False,False
006208,2022-10-26 09:51:22.292030,0.0,-0.002680965147453196,0.0,-0.15000000000000568,55.8,55.9,55.9,55.95,181.0,61.0,424.0,793.0,False,False
006208,2022-10-26 09:51:23.533790,0.0,-0.002680965147453196,0.0,-0.15000000000000568,55.8,55.9,55.9,55.95,186.0,61.0,424.0,793.0,False,False
006208,2022-10-26 09:51:24.598907,0.0,-0.002680965147453196,0.0,-0.15000000000000568,55.8,55.9,55.9,55.95,186.0,61.0,524.0,803.0,True,True
006208,2022-10-26 09:51:25.542017,0.0,-0.002680965147453196,0.0,-0.15000000000000568,55.8,55.9,55.9,55.95,186.0,61.0,524.0,803.0,False,False
006208,2022-10-26 09:51:26.752429,0.0,-0.002680965147453196,0.0,-0.15000000000000568,55.8,55.9,55.9,55.95,186.0,61.0,524.0,803.0,False,False
006208,2022-10-26 09:51:26.766491,0.0,-0.002680965147453196,0.0,-0.15000000000000568,55.8,55.9,55.9,55.95,186.0,61.0,524.0,803.0,False,False
006208,2022-10-26 09:51:28.189576,0.0,-0.002680965147453196,0.0,-0.15000000000000568,55.8,55.9,55.9,55.95,186.0,61.0,524.0,803.0,False,False
006208,2022-10-26 09:51:28.189680,0.0,-0.002680965147453196,0.0,-0.15000000000000568,55.8,55.9,55.9,55.95,186.0,81.0,524.0,803.0,False,False
006208,2022-10-26 09:51:29.079460,0.0,-0.002680965147453196,0.0,-0.15000000000000568,55.8,55.9,55.9,55.95,186.0,80.0,524.0,803.0,False,False
006208,2022-10-26 09:51:29.456473,0.0,-0.002680965147453196,0.0,-0.15000000000000568,55.8,55.9,55.9,55.95,186.0,80.0,524.0,803.0,False,False
006208,2022-10-26 09:51:29.456489,0.0,-0.002680965147453196,0.0,-0.15000000000000568,55.8,55.9,55.9,55.95,186.0,80.0,524.0,803.0,False,False
006208,2022-10-26 09:51:30.479723,0.0,-0.002680965147453196,0.0,-0.15000000000000568,55.8,55.9,55.9,55.95,186.0,79.0,524.0,803.0,False,False
006208,2022-10-26 09:51:31.462509,0.0,-0.002680965147453196,0.0,-0.15000000000000568,55.8,55.9,55.9,55.95,186.0,79.0,524.0,803.0,False,False
006208,2022-10-26 09:51:31.761821,0.0,-0.002680965147453196,0.0,-0.15000000000000568,55.8,55.9,55.9,55.95,186.0,59.0,524.0,803.0,False,False
006208,2022-10-26 09:51:31.761898,0.0,-0.002680965147453196,0.0,-0.15000000000000568,55.8,55.9,55.9,55.95,186.0,59.0,524.0,803.0,False,False
006208,2022-10-26 09:51:31.826512,0.0,-0.002680965147453196,0.0,-0.15000000000000568,55.8,55.9,55.9,55.95,186.0,59.0,524.0,803.0,False,False
006208,2022-10-26 09:51:31.935946,0.0,-0.002680965147453196,0.0,-0.15000000000000568,55.8,55.9,55.9,55.95,186.0,59.0,524.0,803.0,False,False
006208,2022-10-26 09:51:32.075054,0.0,-0.002680965147453196,0.0,-0.15000000000000568,55.8,55.9,55.9,55.95,186.0,59.0,524.0,803.0,False,False
006208,2022-10-26 09:51:33.086228,0.0,-0.0017873100983021306,0.0,-0.10000000000000142,55.85,55.9,55.9,55.95,1.0,59.0,524.0,803.0,False,False
006208,2022-10-26 09:51:33.129873,0.0,-0.0017873100983021306,0.0,-0.10000000000000142,55.85,55.9,55.9,55.95,1.0,59.0,524.0,803.0,False,False
006208,2022-10-26 09:51:33.438540,0.0,-0.0017873100983021306,0.0,-0.10000000000000142,55.85,55.9,55.9,55.95,1.0,59.0,524.0,803.0,False,False
006208,2022-10-26 09:51:34.243676,0.0,-0.0017873100983021306,0.0,-0.10000000000000142,55.85,55.9,55.9,55.95,1.0,59.0,524.0,803.0,False,False
006208,2022-10-26 09:51:34.343511,0.0,-0.0017873100983021306,0.0,-0.10000000000000142,55.85,55.9,55.9,55.95,1.0,59.0,524.0,803.0,False,False
006208,2022-10-26 09:51:34.349833,0.0,-0.0017873100983021306,0.0,-0.10000000000000142,55.85,55.9,55.9,55.95,1.0,59.0,524.0,803.0,False,False
006208,2022-10-26 09:51:34.414679,0.0,-0.0017873100983021306,0.0,-0.10000000000000142,55.85,55.9,55.9,55.95,1.0,59.0,524.0,803.0,False,False
006208,2022-10-26 09:51:34.739359,0.0,-0.0017873100983021306,0.0,-0.10000000000000142,55.85,55.9,55.9,55.95,1.0,59.0,524.0,803.0,False,False
006208,2022-10-26 09:51:35.113603,0.0,-0.0017873100983021306,0.0,-0.10000000000000142,55.85,55.9,55.9,55.95,1.0,59.0,524.0,803.0,False,False
006208,2022-10-26 09:51:35.113855,0.0,-0.0017873100983021306,0.0,-0.10000000000000142,55.85,55.9,55.9,55.95,1.0,79.0,524.0,803.0,False,False
006208,2022-10-26 09:51:35.213413,0.0,-0.0017873100983021306,0.0,-0.10000000000000142,55.85,55.9,55.9,55.95,1.0,79.0,524.0,803.0,False,False
006208,2022-10-26 09:51:38.223687,0.0,-0.0017873100983021306,0.0,-0.10000000000000142,55.85,55.9,55.9,55.95,1.0,79.0,524.0,803.0,False,False
006208,2022-10-26 09:51:38.242858,0.0,-0.0017873100983021306,0.0,-0.10000000000000142,55.85,55.9,55.9,55.95,1.0,79.0,524.0,803.0,False,False
006208,2022-10-26 09:51:40.036375,0.0,-0.0017873100983021306,0.0,-0.10000000000000142,55.85,55.9,55.9,55.95,1.0,79.0,524.0,803.0,False,False
006208,2022-10-26 09:51:40.121475,0.0,-0.0017873100983021306,0.0,-0.10000000000000142,55.85,55.9,55.9,55.95,1.0,79.0,524.0,803.0,False,False
006208,2022-10-26 09:51:40.332359,0.0,-0.0017873100983021306,0.0,-0.10000000000000142,55.85,55.9,55.9,55.95,1.0,79.0,524.0,803.0,False,False
006208,2022-10-26 09:51:40.500506,0.0,-0.0017873100983021306,0.0,-0.10000000000000142,55.85,55.9,55.9,55.95,1.0,78.0,524.0,803.0,False,False
006208,2022-10-26 09:51:43.435156,0.0,-0.0017873100983021306,0.0,-0.10000000000000142,55.85,55.9,55.9,55.95,1.0,78.0,524.0,803.0,False,False
006208,2022-10-26 09:51:43.442074,0.0,-0.0017873100983021306,0.0,-0.10000000000000142,55.85,55.9,55.9,55.95,1.0,78.0,524.0,803.0,False,False
006208,2022-10-26 09:51:43.570499,0.0,-0.0017873100983021306,0.0,-0.10000000000000142,55.85,55.9,55.9,55.95,1.0,78.0,524.0,803.0,False,False
006208,2022-10-26 09:51:44.690211,0.0,-0.0017873100983021306,0.0,-0.10000000000000142,55.85,55.9,55.9,55.95,1.0,78.0,117.0,1062.0,True,True
006208,2022-10-26 09:51:45.010148,0.0,-0.0017873100983021306,0.0,-0.10000000000000142,55.85,55.9,55.9,55.95,1.0,78.0,117.0,1062.0,False,False
006208,2022-10-26 09:51:45.010329,0.0,-0.0017873100983021306,0.0,-0.10000000000000142,55.85,55.9,55.9,55.95,1.0,78.0,117.0,1062.0,False,False
006208,2022-10-26 09:51:45.482001,0.0,-0.0017873100983021306,0.0,-0.10000000000000142,55.85,55.9,55.9,55.95,1.0,78.0,117.0,1062.0,False,False
006208,2022-10-26 09:51:45.486434,0.0,-0.0017873100983021306,0.0,-0.10000000000000142,55.85,55.9,55.9,55.95,1.0,78.0,117.0,1062.0,False,False
006208,2022-10-26 09:51:46.206869,0.0,-0.0017873100983021306,0.0,-0.10000000000000142,55.85,55.9,55.9,55.95,1.0,58.0,117.0,1062.0,False,False
006208,2022-10-26 09:51:46.207003,0.0,-0.0017873100983021306,0.0,-0.10000000000000142,55.85,55.9,55.9,55.95,1.0,58.0,117.0,1062.0,False,False
006208,2022-10-26 09:51:50.430067,0.0,-0.0017873100983021306,0.0,-0.10000000000000142,55.85,55.9,55.9,55.95,1.0,58.0,117.0,1062.0,False,False
006208,2022-10-26 09:51:50.490315,0.0,-0.0017873100983021306,0.0,-0.10000000000000142,55.85,55.9,55.9,55.95,1.0,57.0,117.0,1062.0,False,False
006208,2022-10-26 09:51:50.440060,0.0,-0.0017873100983021306,0.0,-0.10000000000000142,55.85,55.9,55.9,55.95,1.0,58.0,117.0,1062.0,False,False
006208,2022-10-26 09:51:50.915626,0.0,-0.0017873100983021306,0.0,-0.10000000000000142,55.85,55.9,55.9,55.95,1.0,57.0,117.0,1062.0,False,False
006208,2022-10-26 09:51:50.920563,0.0,-0.0017873100983021306,0.0,-0.10000000000000142,55.85,55.9,55.9,55.95,1.0,57.0,117.0,1062.0,False,False
006208,2022-10-26 09:51:51.857755,0.0,-0.0017873100983021306,0.0,-0.10000000000000142,55.85,55.9,55.9,55.95,1.0,57.0,117.0,1062.0,False,False
006208,2022-10-26 09:51:51.857921,0.0,-0.0017873100983021306,0.0,-0.10000000000000142,55.85,55.9,55.9,55.95,1.0,57.0,117.0,1062.0,False,False
006208,2022-10-26 09:51:53.563717,0.0,-0.0017873100983021306,0.0,-0.10000000000000142,55.85,55.9,55.9,55.95,1.0,57.0,117.0,1062.0,False,False
006208,2022-10-26 09:51:53.566861,0.0,-0.0017873100983021306,0.0,-0.10000000000000142,55.85,55.9,55.9,55.95,1.0,57.0,117.0,1062.0,False,False
006208,2022-10-26 09:51:53.699424,0.0,-0.0017873100983021306,0.0,-0.10000000000000142,55.85,55.9,55.9,55.95,1.0,57.0,117.0,1062.0,False,False
006208,2022-10-26 09:51:54.738125,-0.0008944543828264262,-0.0008944543828264262,-0.04999999999999716,-0.04999999999999716,55.85,55.9,55.85,55.9,1.0,57.0,878.0,183.0,True,True
006208,2022-10-26 09:51:57.915352,-0.0008944543828264262,-0.0008944543828264262,-0.04999999999999716,-0.04999999999999716,55.85,55.9,55.85,55.9,1.0,57.0,878.0,183.0,False,False
006208,2022-10-26 09:51:57.915685,-0.0008944543828264262,-0.0008944543828264262,-0.04999999999999716,-0.04999999999999716,55.85,55.9,55.85,55.9,1.0,132.0,878.0,183.0,False,False
006208,2022-10-26 09:51:59.462144,-0.0008944543828264262,-0.0008944543828264262,-0.04999999999999716,-0.04999999999999716,55.85,55.9,55.85,55.9,1.0,132.0,878.0,183.0,False,False
006208,2022-10-26 09:52:00.510807,-0.0008944543828264262,-0.0008944543828264262,-0.04999999999999716,-0.04999999999999716,55.85,55.9,55.85,55.9,1.0,131.0,878.0,183.0,False,False
006208,2022-10-26 09:52:00.610658,-0.0008944543828264262,-0.0008944543828264262,-0.04999999999999716,-0.04999999999999716,55.85,55.9,55.85,55.9,1.0,131.0,878.0,183.0,False,False
006208,2022-10-26 09:52:00.610802,-0.0008944543828264262,-0.0008944543828264262,-0.04999999999999716,-0.04999999999999716,55.85,55.9,55.85,55.9,1.0,131.0,878.0,183.0,False,False
006208,2022-10-26 09:52:01.519922,-0.0008944543828264262,-0.0008944543828264262,-0.04999999999999716,-0.04999999999999716,55.85,55.9,55.85,55.9,1.0,131.0,878.0,183.0,False,False
006208,2022-10-26 09:52:01.892123,-0.0008944543828264262,-0.0008944543828264262,-0.04999999999999716,-0.04999999999999716,55.85,55.9,55.85,55.9,1.0,131.0,878.0,183.0,False,False
006208,2022-10-26 09:52:02.084878,-0.0008944543828264262,-0.0008944543828264262,-0.04999999999999716,-0.04999999999999716,55.85,55.9,55.85,55.9,1.0,130.0,878.0,183.0,False,False
006208,2022-10-26 09:52:03.137661,-0.0008944543828264262,-0.0008944543828264262,-0.04999999999999716,-0.04999999999999716,55.85,55.9,55.85,55.9,1.0,130.0,878.0,183.0,False,False
006208,2022-10-26 09:52:03.137788,-0.0008944543828264262,-0.0008944543828264262,-0.04999999999999716,-0.04999999999999716,55.85,55.9,55.85,55.9,1.0,150.0,878.0,183.0,False,False
006208,2022-10-26 09:52:03.692035,-0.0008944543828264262,-0.0008944543828264262,-0.04999999999999716,-0.04999999999999716,55.85,55.9,55.85,55.9,1.0,150.0,878.0,183.0,False,False
006208,2022-10-26 09:52:03.695145,-0.0008944543828264262,-0.0008944543828264262,-0.04999999999999716,-0.04999999999999716,55.85,55.9,55.85,55.9,1.0,150.0,878.0,183.0,False,False
006208,2022-10-26 09:52:03.828108,-0.0008944543828264262,-0.0008944543828264262,-0.04999999999999716,-0.04999999999999716,55.85,55.9,55.85,55.9,1.0,150.0,878.0,183.0,False,False
006208,2022-10-26 09:52:03.990987,-0.0008944543828264262,-0.0008944543828264262,-0.04999999999999716,-0.04999999999999716,55.85,55.9,55.85,55.9,1.0,150.0,878.0,183.0,False,True
006208,2022-10-26 09:52:05.999772,-0.0008944543828264262,-0.0008944543828264262,-0.04999999999999716,-0.04999999999999716,55.85,55.9,55.85,55.9,1.0,148.0,878.0,183.0,False,False
006208,2022-10-26 09:52:08.343802,-0.0008944543828264262,-0.0008944543828264262,-0.04999999999999716,-0.04999999999999716,55.85,55.9,55.85,55.9,1.0,148.0,878.0,183.0,False,False
006208,2022-10-26 09:52:08.375823,-0.0008944543828264262,-0.0008944543828264262,-0.04999999999999716,-0.04999999999999716,55.85,55.9,55.85,55.9,1.0,148.0,878.0,183.0,False,False
006208,2022-10-26 09:52:09.376472,-0.0008944543828264262,-0.0008944543828264262,-0.04999999999999716,-0.04999999999999716,55.85,55.9,55.85,55.9,1.0,248.0,878.0,183.0,False,False
006208,2022-10-26 09:52:09.431455,-0.0008944543828264262,-0.0008944543828264262,-0.04999999999999716,-0.04999999999999716,55.85,55.9,55.85,55.9,1.0,248.0,878.0,183.0,False,False
006208,2022-10-26 09:52:09.501196,-0.0008944543828264262,-0.0008944543828264262,-0.04999999999999716,-0.04999999999999716,55.85,55.9,55.85,55.9,1.0,248.0,878.0,183.0,False,False
006208,2022-10-26 09:52:09.665993,-0.0008944543828264262,-0.0008944543828264262,-0.04999999999999716,-0.04999999999999716,55.85,55.9,55.85,55.9,1.0,248.0,878.0,183.0,False,False
006208,2022-10-26 09:52:09.674937,-0.0008944543828264262,-0.0008944543828264262,-0.04999999999999716,-0.04999999999999716,55.85,55.9,55.85,55.9,1.0,248.0,878.0,183.0,False,False
006208,2022-10-26 09:52:09.880940,-0.0008944543828264262,-0.0008944543828264262,-0.04999999999999716,-0.04999999999999716,55.85,55.9,55.85,55.9,1.0,248.0,878.0,183.0,False,False
006208,2022-10-26 09:52:09.923342,-0.0008944543828264262,-0.0017889087656529634,-0.04999999999999716,-0.10000000000000142,55.8,55.9,55.85,55.9,86.0,248.0,878.0,183.0,False,False
006208,2022-10-26 09:52:09.961806,-0.0008944543828264262,-0.0017889087656529634,-0.04999999999999716,-0.10000000000000142,55.8,55.9,55.85,55.9,86.0,248.0,878.0,183.0,False,False
006208,2022-10-26 09:52:10.117855,-0.0008944543828264262,-0.0017889087656529634,-0.04999999999999716,-0.10000000000000142,55.8,55.9,55.85,55.9,46.0,248.0,878.0,183.0,False,False
006208,2022-10-26 09:52:10.248015,-0.0008944543828264262,-0.0017889087656529634,-0.04999999999999716,-0.10000000000000142,55.8,55.9,55.85,55.9,46.0,248.0,878.0,183.0,False,False
006208,2022-10-26 09:52:10.381857,-0.0008944543828264262,-0.0017889087656529634,-0.04999999999999716,-0.10000000000000142,55.8,55.9,55.85,55.9,46.0,247.0,878.0,183.0,False,False
006208,2022-10-26 09:52:10.306127,-0.0008944543828264262,-0.0017889087656529634,-0.04999999999999716,-0.10000000000000142,55.8,55.9,55.85,55.9,46.0,248.0,878.0,183.0,False,False
006208,2022-10-26 09:52:10.515735,-0.0008944543828264262,-0.0017889087656529634,-0.04999999999999716,-0.10000000000000142,55.8,55.9,55.85,55.9,46.0,246.0,878.0,183.0,False,False
006208,2022-10-26 09:52:11.491403,-0.0008944543828264262,-0.0017889087656529634,-0.04999999999999716,-0.10000000000000142,55.8,55.9,55.85,55.9,46.0,226.0,878.0,183.0,False,False
006208,2022-10-26 09:52:11.491460,-0.0008944543828264262,-0.0017889087656529634,-0.04999999999999716,-0.10000000000000142,55.8,55.9,55.85,55.9,46.0,226.0,878.0,183.0,False,False
006208,2022-10-26 09:52:11.627723,-0.0008944543828264262,-0.0017889087656529634,-0.04999999999999716,-0.10000000000000142,55.8,55.9,55.85,55.9,12.0,226.0,878.0,183.0,False,False
006208,2022-10-26 09:52:12.271106,-0.0008944543828264262,-0.0017889087656529634,-0.04999999999999716,-0.10000000000000142,55.8,55.9,55.85,55.9,12.0,226.0,878.0,183.0,False,False
006208,2022-10-26 09:52:12.289019,-0.0008944543828264262,-0.0017889087656529634,-0.04999999999999716,-0.10000000000000142,55.8,55.9,55.85,55.9,12.0,226.0,878.0,183.0,False,False
006208,2022-10-26 09:52:12.299406,-0.0008944543828264262,-0.0017889087656529634,-0.04999999999999716,-0.10000000000000142,55.8,55.9,55.85,55.9,12.0,226.0,878.0,183.0,False,False
006208,2022-10-26 09:52:12.747624,-0.0008944543828264262,-0.0017889087656529634,-0.04999999999999716,-0.10000000000000142,55.8,55.9,55.85,55.9,12.0,226.0,878.0,183.0,False,False
006208,2022-10-26 09:52:12.762096,-0.0008944543828264262,-0.0017889087656529634,-0.04999999999999716,-0.10000000000000142,55.8,55.9,55.85,55.9,12.0,226.0,878.0,183.0,False,False
006208,2022-10-26 09:52:13.122765,-0.0008944543828264262,-0.0017889087656529634,-0.04999999999999716,-0.10000000000000142,55.8,55.9,55.85,55.9,12.0,226.0,878.0,183.0,False,False
006208,2022-10-26 09:52:13.161669,-0.0008944543828264262,-0.0017889087656529634,-0.04999999999999716,-0.10000000000000142,55.8,55.9,55.85,55.9,12.0,226.0,878.0,183.0,False,False
006208,2022-10-26 09:52:14.030888,-0.0008944543828264262,-0.0017889087656529634,-0.04999999999999716,-0.10000000000000142,55.8,55.9,55.85,55.9,12.0,226.0,878.0,129.0,True,True
006208,2022-10-26 09:52:17.098447,-0.0008944543828264262,-0.0017889087656529634,-0.04999999999999716,-0.10000000000000142,55.8,55.9,55.85,55.9,12.0,226.0,878.0,129.0,False,False
006208,2022-10-26 09:52:18.519982,-0.0008944543828264262,-0.0017889087656529634,-0.04999999999999716,-0.10000000000000142,55.8,55.9,55.85,55.9,12.0,226.0,878.0,129.0,False,False
006208,2022-10-26 09:52:20.243308,-0.0008944543828264262,-0.0017889087656529634,-0.04999999999999716,-0.10000000000000142,55.8,55.9,55.85,55.9,12.0,226.0,878.0,129.0,False,False
006208,2022-10-26 09:52:20.255390,-0.0008944543828264262,-0.0017889087656529634,-0.04999999999999716,-0.10000000000000142,55.8,55.9,55.85,55.9,12.0,226.0,878.0,129.0,False,False
006208,2022-10-26 09:52:20.385248,-0.0008944543828264262,-0.0017889087656529634,-0.04999999999999716,-0.10000000000000142,55.8,55.9,55.85,55.9,12.0,226.0,878.0,129.0,False,False
006208,2022-10-26 09:52:20.520858,-0.0008944543828264262,-0.0017889087656529634,-0.04999999999999716,-0.10000000000000142,55.8,55.9,55.85,55.9,12.0,225.0,878.0,129.0,False,False
006208,2022-10-26 09:52:20.630997,-0.0008944543828264262,-0.0017889087656529634,-0.04999999999999716,-0.10000000000000142,55.8,55.9,55.85,55.9,12.0,225.0,878.0,129.0,False,False
006208,2022-10-26 09:52:20.631146,-0.0008944543828264262,-0.0017889087656529634,-0.04999999999999716,-0.10000000000000142,55.8,55.9,55.85,55.9,12.0,245.0,878.0,129.0,False,False
006208,2022-10-26 09:52:24.068200,-0.0008944543828264262,-0.0017889087656529634,-0.04999999999999716,-0.10000000000000142,55.8,55.9,55.85,55.9,12.0,245.0,881.0,49.0,True,True
006208,2022-10-26 09:52:26.262212,-0.0008944543828264262,-0.0017889087656529634,-0.04999999999999716,-0.10000000000000142,55.8,55.9,55.85,55.9,12.0,245.0,881.0,49.0,False,False
006208,2022-10-26 09:52:26.262299,-0.0008944543828264262,-0.0017889087656529634,-0.04999999999999716,-0.10000000000000142,55.8,55.9,55.85,55.9,12.0,245.0,881.0,49.0,False,False
006208,2022-10-26 09:52:28.397056,-0.0008944543828264262,-0.0017889087656529634,-0.04999999999999716,-0.10000000000000142,55.8,55.9,55.85,55.9,12.0,245.0,881.0,49.0,False,False
006208,2022-10-26 09:52:28.543064,-0.0008944543828264262,-0.0017889087656529634,-0.04999999999999716,-0.10000000000000142,55.8,55.9,55.85,55.9,12.0,245.0,881.0,49.0,False,False
006208,2022-10-26 09:52:28.746167,-0.0008944543828264262,-0.0017889087656529634,-0.04999999999999716,-0.10000000000000142,55.8,55.9,55.85,55.9,12.0,285.0,881.0,49.0,False,False
006208,2022-10-26 09:52:28.837999,-0.0008944543828264262,-0.0017889087656529634,-0.04999999999999716,-0.10000000000000142,55.8,55.9,55.85,55.9,12.0,210.0,881.0,49.0,False,False
006208,2022-10-26 09:52:28.922331,0.0,-0.0017889087656529634,0.0,-0.10000000000000142,55.8,55.85,55.85,55.9,12.0,75.0,881.0,49.0,False,False
006208,2022-10-26 09:52:28.962657,0.0,-0.0017889087656529634,0.0,-0.10000000000000142,55.8,55.85,55.85,55.9,12.0,75.0,881.0,49.0,False,False
006208,2022-10-26 09:52:28.962820,0.0,-0.0017889087656529634,0.0,-0.10000000000000142,55.8,55.85,55.85,55.9,12.0,75.0,881.0,49.0,False,False
006208,2022-10-26 09:52:29.112821,0.0,-0.0017889087656529634,0.0,-0.10000000000000142,55.8,55.85,55.85,55.9,12.0,75.0,881.0,49.0,False,False
006208,2022-10-26 09:52:29.624058,0.0,-0.0017889087656529634,0.0,-0.10000000000000142,55.8,55.85,55.85,55.9,12.0,75.0,881.0,49.0,False,False
006208,2022-10-26 09:52:29.650678,-0.0008944543828264262,-0.0017889087656529634,-0.04999999999999716,-0.10000000000000142,55.8,55.9,55.85,55.9,12.0,325.0,881.0,49.0,False,False
006208,2022-10-26 09:52:29.719964,-0.0008944543828264262,-0.0017889087656529634,-0.04999999999999716,-0.10000000000000142,55.8,55.9,55.85,55.9,12.0,285.0,881.0,49.0,False,False
006208,2022-10-26 09:52:29.843178,-0.0008944543828264262,-0.0017889087656529634,-0.04999999999999716,-0.10000000000000142,55.8,55.9,55.85,55.9,12.0,285.0,881.0,49.0,False,False
006208,2022-10-26 09:52:30.099800,-0.0008944543828264262,-0.0017889087656529634,-0.04999999999999716,-0.10000000000000142,55.8,55.9,55.85,55.9,12.0,285.0,881.0,49.0,False,False
006208,2022-10-26 09:52:30.100170,-0.0008944543828264262,-0.0017889087656529634,-0.04999999999999716,-0.10000000000000142,55.8,55.9,55.85,55.9,12.0,285.0,881.0,49.0,False,False
006208,2022-10-26 09:52:34.106244,0.0,-0.002680965147453196,0.0,-0.15000000000000568,55.8,55.9,55.9,55.95,12.0,285.0,430.0,1061.0,True,True
006208,2022-10-26 09:52:34.931468,0.0,-0.002680965147453196,0.0,-0.15000000000000568,55.8,55.9,55.9,55.95,12.0,245.0,430.0,1061.0,False,False
006208,2022-10-26 09:52:36.119133,0.0,-0.002680965147453196,0.0,-0.15000000000000568,55.8,55.9,55.9,55.95,12.0,244.0,430.0,1061.0,False,False
006208,2022-10-26 09:52:37.503802,0.0,-0.002680965147453196,0.0,-0.15000000000000568,55.8,55.9,55.9,55.95,12.0,244.0,430.0,1061.0,False,False
006208,2022-10-26 09:52:37.556156,0.0,-0.002680965147453196,0.0,-0.15000000000000568,55.8,55.9,55.9,55.95,12.0,284.0,430.0,1061.0,False,False
006208,2022-10-26 09:52:37.916035,0.0,-0.002680965147453196,0.0,-0.15000000000000568,55.8,55.9,55.9,55.95,12.0,284.0,430.0,1061.0,False,False
006208,2022-10-26 09:52:37.926294,0.0,-0.002680965147453196,0.0,-0.15000000000000568,55.8,55.9,55.9,55.95,12.0,284.0,430.0,1061.0,False,False
006208,2022-10-26 09:52:39.208186,0.0,-0.002680965147453196,0.0,-0.15000000000000568,55.8,55.9,55.9,55.95,12.0,284.0,430.0,1061.0,False,False
006208,2022-10-26 09:52:39.218289,0.0,-0.002680965147453196,0.0,-0.15000000000000568,55.8,55.9,55.9,55.95,12.0,284.0,430.0,1061.0,False,False
006208,2022-10-26 09:52:39.846029,0.0,-0.002680965147453196,0.0,-0.15000000000000568,55.8,55.9,55.9,55.95,12.0,284.0,430.0,1061.0,False,False
006208,2022-10-26 09:52:39.850198,0.0,-0.002680965147453196,0.0,-0.15000000000000568,55.8,55.9,55.9,55.95,12.0,284.0,430.0,1061.0,False,False
006208,2022-10-26 09:52:39.987102,0.0,-0.002680965147453196,0.0,-0.15000000000000568,55.8,55.9,55.9,55.95,12.0,284.0,430.0,1061.0,False,False
006208,2022-10-26 09:52:40.530870,0.0,-0.002680965147453196,0.0,-0.15000000000000568,55.8,55.9,55.9,55.95,12.0,283.0,430.0,1061.0,False,False
006208,2022-10-26 09:52:41.037779,0.0,-0.002680965147453196,0.0,-0.15000000000000568,55.8,55.9,55.9,55.95,12.0,283.0,430.0,1061.0,False,False
006208,2022-10-26 09:52:44.141910,0.0,-0.002680965147453196,0.0,-0.15000000000000568,55.8,55.9,55.9,55.95,12.0,283.0,630.0,1061.0,True,True
006208,2022-10-26 09:52:44.546971,0.0,-0.002680965147453196,0.0,-0.15000000000000568,55.8,55.9,55.9,55.95,12.0,283.0,630.0,1061.0,False,False
006208,2022-10-26 09:52:44.983279,0.0,-0.002680965147453196,0.0,-0.15000000000000568,55.8,55.9,55.9,55.95,12.0,283.0,630.0,1061.0,False,False
006208,2022-10-26 09:52:47.033767,0.0,-0.002680965147453196,0.0,-0.15000000000000568,55.8,55.9,55.9,55.95,12.0,208.0,630.0,1061.0,False,False
006208,2022-10-26 09:52:47.063240,0.0008952551477170445,-0.002680965147453196,0.04999999999999716,-0.15000000000000568,55.8,55.85,55.9,55.95,12.0,75.0,630.0,1061.0,False,False
006208,2022-10-26 09:52:47.097681,0.0008952551477170445,-0.002680965147453196,0.04999999999999716,-0.15000000000000568,55.8,55.85,55.9,55.95,12.0,75.0,630.0,1061.0,False,False
006208,2022-10-26 09:52:47.195315,0.0008952551477170445,-0.002680965147453196,0.04999999999999716,-0.15000000000000568,55.8,55.85,55.9,55.95,12.0,75.0,630.0,1061.0,False,False
006208,2022-10-26 09:52:47.418870,0.0008952551477170445,-0.002680965147453196,0.04999999999999716,-0.15000000000000568,55.8,55.85,55.9,55.95,12.0,75.0,630.0,1061.0,False,False
006208,2022-10-26 09:52:48.337671,0.0008952551477170445,-0.002680965147453196,0.04999999999999716,-0.15000000000000568,55.8,55.85,55.9,55.95,12.0,75.0,630.0,1061.0,False,False
006208,2022-10-26 09:52:48.359871,0.0008952551477170445,-0.002680965147453196,0.04999999999999716,-0.15000000000000568,55.8,55.85,55.9,55.95,12.0,75.0,630.0,1061.0,False,False
006208,2022-10-26 09:52:48.492150,0.0008952551477170445,-0.002680965147453196,0.04999999999999716,-0.15000000000000568,55.8,55.85,55.9,55.95,12.0,75.0,630.0,1061.0,False,False
006208,2022-10-26 09:52:48.641875,0.0008952551477170445,-0.002680965147453196,0.04999999999999716,-0.15000000000000568,55.8,55.85,55.9,55.95,12.0,75.0,630.0,1061.0,False,False
006208,2022-10-26 09:52:50.536121,0.0008952551477170445,-0.002680965147453196,0.04999999999999716,-0.15000000000000568,55.8,55.85,55.9,55.95,12.0,74.0,630.0,1061.0,False,False
006208,2022-10-26 09:52:50.672427,0.0008952551477170445,-0.002680965147453196,0.04999999999999716,-0.15000000000000568,55.8,55.85,55.9,55.95,12.0,74.0,630.0,1061.0,False,False
006208,2022-10-26 09:52:50.685815,0.0008952551477170445,-0.002680965147453196,0.04999999999999716,-0.15000000000000568,55.8,55.85,55.9,55.95,12.0,74.0,630.0,1061.0,False,False
006208,2022-10-26 09:52:54.186658,0.0008952551477170445,-0.002680965147453196,0.04999999999999716,-0.15000000000000568,55.8,55.85,55.9,55.95,12.0,74.0,450.0,1061.0,True,True
006208,2022-10-26 09:52:57.429006,0.0008952551477170445,-0.002680965147453196,0.04999999999999716,-0.15000000000000568,55.8,55.85,55.9,55.95,12.0,74.0,450.0,1061.0,False,False
006208,2022-10-26 09:52:57.432142,0.0008952551477170445,-0.002680965147453196,0.04999999999999716,-0.15000000000000568,55.8,55.85,55.9,55.95,12.0,74.0,450.0,1061.0,False,False
006208,2022-10-26 09:52:57.561641,0.0008952551477170445,-0.002680965147453196,0.04999999999999716,-0.15000000000000568,55.8,55.85,55.9,55.95,12.0,74.0,450.0,1061.0,False,False
006208,2022-10-26 09:52:59.334830,0.0008952551477170445,-0.002680965147453196,0.04999999999999716,-0.15000000000000568,55.8,55.85,55.9,55.95,13.0,74.0,450.0,1061.0,False,False
006208,2022-10-26 09:53:00.540910,0.0008952551477170445,-0.002680965147453196,0.04999999999999716,-0.15000000000000568,55.8,55.85,55.9,55.95,13.0,73.0,450.0,1061.0,False,False
006208,2022-10-26 09:53:04.227332,0.0008952551477170445,-0.002680965147453196,0.04999999999999716,-0.15000000000000568,55.8,55.85,55.9,55.95,13.0,73.0,450.0,961.0,True,True
006208,2022-10-26 09:53:05.130102,0.0008952551477170445,-0.002680965147453196,0.04999999999999716,-0.15000000000000568,55.8,55.85,55.9,55.95,13.0,74.0,450.0,961.0,False,False
006208,2022-10-26 09:53:05.169667,0.0008952551477170445,-0.002680965147453196,0.04999999999999716,-0.15000000000000568,55.8,55.85,55.9,55.95,13.0,74.0,450.0,961.0,False,False
006208,2022-10-26 09:53:06.170460,0.0008952551477170445,-0.002680965147453196,0.04999999999999716,-0.15000000000000568,55.8,55.85,55.9,55.95,13.0,74.0,450.0,961.0,False,False
006208,2022-10-26 09:53:07.562348,0.0008952551477170445,-0.002680965147453196,0.04999999999999716,-0.15000000000000568,55.8,55.85,55.9,55.95,13.0,74.0,450.0,961.0,False,False
006208,2022-10-26 09:53:07.565368,0.0008952551477170445,-0.002680965147453196,0.04999999999999716,-0.15000000000000568,55.8,55.85,55.9,55.95,13.0,74.0,450.0,961.0,False,False
006208,2022-10-26 09:53:07.688741,0.0008952551477170445,-0.002680965147453196,0.04999999999999716,-0.15000000000000568,55.8,55.85,55.9,55.95,13.0,74.0,450.0,961.0,False,False
006208,2022-10-26 09:53:07.728646,0.0008952551477170445,-0.002680965147453196,0.04999999999999716,-0.15000000000000568,55.8,55.85,55.9,55.95,13.0,74.0,450.0,961.0,False,False
006208,2022-10-26 09:53:08.397648,0.0008952551477170445,-0.002680965147453196,0.04999999999999716,-0.15000000000000568,55.8,55.85,55.9,55.95,13.0,74.0,450.0,961.0,False,False
006208,2022-10-26 09:53:08.397772,0.0008952551477170445,-0.002680965147453196,0.04999999999999716,-0.15000000000000568,55.8,55.85,55.9,55.95,13.0,74.0,450.0,961.0,False,False
006208,2022-10-26 09:53:08.587351,0.0008952551477170445,-0.002680965147453196,0.04999999999999716,-0.15000000000000568,55.8,55.85,55.9,55.95,13.0,174.0,450.0,961.0,False,False
006208,2022-10-26 09:53:08.587376,0.0008952551477170445,-0.002680965147453196,0.04999999999999716,-0.15000000000000568,55.8,55.85,55.9,55.95,13.0,174.0,450.0,961.0,False,False
006208,2022-10-26 09:53:09.226433,0.0008952551477170445,-0.002680965147453196,0.04999999999999716,-0.15000000000000568,55.8,55.85,55.9,55.95,13.0,173.0,450.0,961.0,False,False
006208,2022-10-26 09:53:10.530507,0.0008952551477170445,-0.002680965147453196,0.04999999999999716,-0.15000000000000568,55.8,55.85,55.9,55.95,13.0,172.0,450.0,961.0,False,False
006208,2022-10-26 09:53:10.567983,0.0008952551477170445,-0.002680965147453196,0.04999999999999716,-0.15000000000000568,55.8,55.85,55.9,55.95,13.0,172.0,450.0,961.0,False,False
006208,2022-10-26 09:53:10.588683,0.0008952551477170445,-0.002680965147453196,0.04999999999999716,-0.15000000000000568,55.8,55.85,55.9,55.95,13.0,172.0,450.0,961.0,False,False
006208,2022-10-26 09:53:10.689898,0.0008952551477170445,-0.002680965147453196,0.04999999999999716,-0.15000000000000568,55.8,55.85,55.9,55.95,13.0,72.0,450.0,961.0,False,False
006208,2022-10-26 09:53:11.617884,0.0008952551477170445,-0.002680965147453196,0.04999999999999716,-0.15000000000000568,55.8,55.85,55.9,55.95,13.0,72.0,450.0,961.0,False,False
006208,2022-10-26 09:53:13.913992,0.0008952551477170445,-0.002680965147453196,0.04999999999999716,-0.15000000000000568,55.8,55.85,55.9,55.95,13.0,72.0,450.0,961.0,False,False
006208,2022-10-26 09:53:13.914144,0.0008952551477170445,-0.002680965147453196,0.04999999999999716,-0.15000000000000568,55.8,55.85,55.9,55.95,13.0,72.0,450.0,961.0,False,False
006208,2022-10-26 09:53:14.016762,0.0008952551477170445,-0.002680965147453196,0.04999999999999716,-0.15000000000000568,55.8,55.85,55.9,55.95,13.0,72.0,450.0,961.0,False,False
006208,2022-10-26 09:53:14.131278,0.0008952551477170445,-0.002680965147453196,0.04999999999999716,-0.15000000000000568,55.8,55.85,55.9,55.95,13.0,72.0,450.0,961.0,False,False
006208,2022-10-26 09:53:14.265611,0.0008952551477170445,-0.002680965147453196,0.04999999999999716,-0.15000000000000568,55.8,55.85,55.9,55.95,13.0,72.0,539.0,961.0,True,True
006208,2022-10-26 09:53:14.867970,0.0008952551477170445,-0.002680965147453196,0.04999999999999716,-0.15000000000000568,55.8,55.85,55.9,55.95,12.0,72.0,539.0,961.0,False,False
006208,2022-10-26 09:53:15.017821,0.0008952551477170445,-0.002680965147453196,0.04999999999999716,-0.15000000000000568,55.8,55.85,55.9,55.95,12.0,172.0,539.0,961.0,False,False
006208,2022-10-26 09:53:15.048820,0.0008952551477170445,-0.00357462019660415,0.04999999999999716,-0.20000000000000284,55.75,55.85,55.9,55.95,92.0,172.0,539.0,961.0,False,False
006208,2022-10-26 09:53:15.081715,0.0008952551477170445,-0.00357462019660415,0.04999999999999716,-0.20000000000000284,55.75,55.85,55.9,55.95,92.0,172.0,539.0,961.0,False,False
006208,2022-10-26 09:53:15.199740,0.0008952551477170445,-0.00357462019660415,0.04999999999999716,-0.20000000000000284,55.75,55.85,55.9,55.95,92.0,172.0,539.0,961.0,False,False
006208,2022-10-26 09:53:15.270135,0.0008952551477170445,-0.00357462019660415,0.04999999999999716,-0.20000000000000284,55.75,55.85,55.9,55.95,52.0,172.0,539.0,961.0,False,False
006208,2022-10-26 09:53:15.395918,0.0008952551477170445,-0.00357462019660415,0.04999999999999716,-0.20000000000000284,55.75,55.85,55.9,55.95,52.0,172.0,539.0,961.0,False,False
006208,2022-10-26 09:53:17.969038,0.0008952551477170445,-0.00357462019660415,0.04999999999999716,-0.20000000000000284,55.75,55.85,55.9,55.95,52.0,172.0,539.0,961.0,False,False
006208,2022-10-26 09:53:18.036869,0.0008952551477170445,-0.00357462019660415,0.04999999999999716,-0.20000000000000284,55.75,55.85,55.9,55.95,18.0,72.0,539.0,961.0,False,False
006208,2022-10-26 09:53:18.116992,0.0008952551477170445,-0.00357462019660415,0.04999999999999716,-0.20000000000000284,55.75,55.85,55.9,55.95,18.0,72.0,539.0,961.0,False,False
006208,2022-10-26 09:53:18.212730,0.0008952551477170445,-0.00357462019660415,0.04999999999999716,-0.20000000000000284,55.75,55.85,55.9,55.95,18.0,72.0,539.0,961.0,False,False
006208,2022-10-26 09:53:18.333039,0.0008952551477170445,-0.00357462019660415,0.04999999999999716,-0.20000000000000284,55.75,55.85,55.9,55.95,18.0,72.0,539.0,961.0,False,False
006208,2022-10-26 09:53:18.413949,0.0008952551477170445,-0.00357462019660415,0.04999999999999716,-0.20000000000000284,55.75,55.85,55.9,55.95,18.0,72.0,539.0,961.0,False,False
006208,2022-10-26 09:53:18.474662,0.0008952551477170445,-0.00357462019660415,0.04999999999999716,-0.20000000000000284,55.75,55.85,55.9,55.95,18.0,72.0,539.0,961.0,False,False
006208,2022-10-26 09:53:18.693910,0.0008952551477170445,-0.00357462019660415,0.04999999999999716,-0.20000000000000284,55.75,55.85,55.9,55.95,18.0,72.0,539.0,961.0,False,False
006208,2022-10-26 09:53:18.986154,0.0008952551477170445,-0.00357462019660415,0.04999999999999716,-0.20000000000000284,55.75,55.85,55.9,55.95,118.0,72.0,539.0,961.0,False,False
006208,2022-10-26 09:53:20.863826,0.0008952551477170445,-0.00357462019660415,0.04999999999999716,-0.20000000000000284,55.75,55.85,55.9,55.95,118.0,71.0,539.0,961.0,False,False
006208,2022-10-26 09:53:20.890159,0.0008952551477170445,-0.00357462019660415,0.04999999999999716,-0.20000000000000284,55.75,55.85,55.9,55.95,18.0,71.0,539.0,961.0,False,False
006208,2022-10-26 09:53:21.891379,0.0008952551477170445,-0.00357462019660415,0.04999999999999716,-0.20000000000000284,55.75,55.85,55.9,55.95,18.0,171.0,539.0,961.0,False,False
006208,2022-10-26 09:53:22.260094,0.0008952551477170445,-0.00357462019660415,0.04999999999999716,-0.20000000000000284,55.75,55.85,55.9,55.95,18.0,171.0,539.0,961.0,False,False
006208,2022-10-26 09:53:22.292260,0.0008952551477170445,-0.00357462019660415,0.04999999999999716,-0.20000000000000284,55.75,55.85,55.9,55.95,18.0,171.0,539.0,961.0,False,False
006208,2022-10-26 09:53:24.305600,0.0008952551477170445,-0.00357462019660415,0.04999999999999716,-0.20000000000000284,55.75,55.85,55.9,55.95,18.0,171.0,539.0,1960.0,True,True
006208,2022-10-26 09:53:25.103219,0.0008952551477170445,-0.00357462019660415,0.04999999999999716,-0.20000000000000284,55.75,55.85,55.9,55.95,18.0,171.0,539.0,1960.0,False,False
006208,2022-10-26 09:53:25.342733,0.0008952551477170445,-0.00357462019660415,0.04999999999999716,-0.20000000000000284,55.75,55.85,55.9,55.95,18.0,171.0,539.0,1960.0,False,False
006208,2022-10-26 09:53:25.394001,0.0008952551477170445,-0.00357462019660415,0.04999999999999716,-0.20000000000000284,55.75,55.85,55.9,55.95,18.0,191.0,539.0,1960.0,False,False
006208,2022-10-26 09:53:25.527263,0.0008952551477170445,-0.00357462019660415,0.04999999999999716,-0.20000000000000284,55.75,55.85,55.9,55.95,18.0,191.0,539.0,1960.0,False,False
006208,2022-10-26 09:53:26.376275,0.0008952551477170445,-0.00357462019660415,0.04999999999999716,-0.20000000000000284,55.75,55.85,55.9,55.95,19.0,191.0,539.0,1960.0,False,False
006208,2022-10-26 09:53:27.598695,0.0008952551477170445,-0.00357462019660415,0.04999999999999716,-0.20000000000000284,55.75,55.85,55.9,55.95,19.0,191.0,539.0,1960.0,False,False
006208,2022-10-26 09:53:27.677765,0.0008952551477170445,-0.00357462019660415,0.04999999999999716,-0.20000000000000284,55.75,55.85,55.9,55.95,19.0,191.0,539.0,1960.0,False,False
006208,2022-10-26 09:53:27.816779,0.0008952551477170445,-0.00357462019660415,0.04999999999999716,-0.20000000000000284,55.75,55.85,55.9,55.95,19.0,171.0,539.0,1960.0,False,False
006208,2022-10-26 09:53:31.262815,0.0008952551477170445,-0.00357462019660415,0.04999999999999716,-0.20000000000000284,55.75,55.85,55.9,55.95,19.0,211.0,539.0,1960.0,False,False
006208,2022-10-26 09:53:31.307677,0.0008952551477170445,-0.00357462019660415,0.04999999999999716,-0.20000000000000284,55.75,55.85,55.9,55.95,19.0,211.0,539.0,1960.0,False,False
006208,2022-10-26 09:53:31.356553,0.0008952551477170445,-0.00357462019660415,0.04999999999999716,-0.20000000000000284,55.75,55.85,55.9,55.95,19.0,211.0,539.0,1960.0,False,False
006208,2022-10-26 09:53:34.343726,0.0008952551477170445,-0.00357462019660415,0.04999999999999716,-0.20000000000000284,55.75,55.85,55.9,55.95,19.0,211.0,539.0,1960.0,True,True
006208,2022-10-26 09:53:35.515798,0.0008952551477170445,-0.00357462019660415,0.04999999999999716,-0.20000000000000284,55.75,55.85,55.9,55.95,19.0,211.0,539.0,1960.0,False,False
006208,2022-10-26 09:53:35.520318,0.0008952551477170445,-0.00357462019660415,0.04999999999999716,-0.20000000000000284,55.75,55.85,55.9,55.95,19.0,211.0,539.0,1960.0,False,False
006208,2022-10-26 09:53:35.664762,0.0017921146953405742,-0.00357462019660415,0.10000000000000142,-0.20000000000000284,55.75,55.8,55.9,55.95,19.0,1.0,539.0,1960.0,False,False
006208,2022-10-26 09:53:35.714914,0.0017921146953405742,-0.00357462019660415,0.10000000000000142,-0.20000000000000284,55.75,55.8,55.9,55.95,19.0,1.0,539.0,1960.0,False,False
006208,2022-10-26 09:53:35.818506,0.0017921146953405742,-0.00357462019660415,0.10000000000000142,-0.20000000000000284,55.75,55.8,55.9,55.95,19.0,1.0,539.0,1960.0,False,False
006208,2022-10-26 09:53:36.677870,0.0017921146953405742,-0.00357462019660415,0.10000000000000142,-0.20000000000000284,55.75,55.8,55.9,55.95,19.0,1.0,539.0,1960.0,False,False
006208,2022-10-26 09:53:36.678072,0.0017921146953405742,-0.00357462019660415,0.10000000000000142,-0.20000000000000284,55.75,55.8,55.9,55.95,19.0,1.0,539.0,1960.0,False,False
006208,2022-10-26 09:53:37.195722,0.0017921146953405742,-0.00357462019660415,0.10000000000000142,-0.20000000000000284,55.75,55.8,55.9,55.95,19.0,1.0,539.0,1960.0,False,False
006208,2022-10-26 09:53:38.010410,0.0017921146953405742,-0.00357462019660415,0.10000000000000142,-0.20000000000000284,55.75,55.8,55.9,55.95,19.0,1.0,539.0,1960.0,False,False
006208,2022-10-26 09:53:38.010835,0.0017921146953405742,-0.00357462019660415,0.10000000000000142,-0.20000000000000284,55.75,55.8,55.9,55.95,19.0,1.0,539.0,1960.0,False,False
006208,2022-10-26 09:53:38.778980,0.0017921146953405742,-0.00357462019660415,0.10000000000000142,-0.20000000000000284,55.75,55.8,55.9,55.95,19.0,1.0,539.0,1960.0,False,False
006208,2022-10-26 09:53:38.798039,0.0017921146953405742,-0.00357462019660415,0.10000000000000142,-0.20000000000000284,55.75,55.8,55.9,55.95,19.0,1.0,539.0,1960.0,False,False
006208,2022-10-26 09:53:38.969262,0.0017921146953405742,-0.00357462019660415,0.10000000000000142,-0.20000000000000284,55.75,55.8,55.9,55.95,19.0,1.0,539.0,1960.0,False,False
006208,2022-10-26 09:53:40.545692,0.0008952551477170445,-0.00357462019660415,0.04999999999999716,-0.20000000000000284,55.75,55.85,55.9,55.95,19.0,270.0,539.0,1960.0,False,False
006208,2022-10-26 09:53:40.570481,0.0008952551477170445,-0.00357462019660415,0.04999999999999716,-0.20000000000000284,55.75,55.85,55.9,55.95,19.0,270.0,539.0,1960.0,False,False
006208,2022-10-26 09:53:40.596516,0.0008952551477170445,-0.00357462019660415,0.04999999999999716,-0.20000000000000284,55.75,55.85,55.9,55.95,19.0,270.0,539.0,1960.0,False,False
006208,2022-10-26 09:53:40.676981,0.0008952551477170445,-0.00357462019660415,0.04999999999999716,-0.20000000000000284,55.75,55.85,55.9,55.95,19.0,230.0,539.0,1960.0,False,False
006208,2022-10-26 09:53:40.797684,0.0008952551477170445,-0.00357462019660415,0.04999999999999716,-0.20000000000000284,55.75,55.85,55.9,55.95,19.0,230.0,539.0,1960.0,False,False
006208,2022-10-26 09:53:41.222904,0.0008952551477170445,-0.00357462019660415,0.04999999999999716,-0.20000000000000284,55.75,55.85,55.9,55.95,19.0,230.0,539.0,1960.0,False,False
006208,2022-10-26 09:53:41.779066,0.0008952551477170445,-0.00357462019660415,0.04999999999999716,-0.20000000000000284,55.75,55.85,55.9,55.95,19.0,230.0,539.0,1960.0,False,False
006208,2022-10-26 09:53:41.789160,0.0008952551477170445,-0.00357462019660415,0.04999999999999716,-0.20000000000000284,55.75,55.85,55.9,55.95,19.0,230.0,539.0,1960.0,False,False
006208,2022-10-26 09:53:42.180958,0.0008952551477170445,-0.00357462019660415,0.04999999999999716,-0.20000000000000284,55.75,55.85,55.9,55.95,19.0,230.0,539.0,1960.0,False,False
006208,2022-10-26 09:53:42.181233,0.0008952551477170445,-0.00357462019660415,0.04999999999999716,-0.20000000000000284,55.75,55.85,55.9,55.95,19.0,210.0,539.0,1960.0,False,False
006208,2022-10-26 09:53:42.259663,0.0008952551477170445,-0.00357462019660415,0.04999999999999716,-0.20000000000000284,55.75,55.85,55.9,55.95,19.0,210.0,539.0,1960.0,False,False
006208,2022-10-26 09:53:42.469137,0.0008952551477170445,-0.00357462019660415,0.04999999999999716,-0.20000000000000284,55.75,55.85,55.9,55.95,19.0,210.0,539.0,1960.0,False,False
006208,2022-10-26 09:53:42.474772,0.0008952551477170445,-0.00357462019660415,0.04999999999999716,-0.20000000000000284,55.75,55.85,55.9,55.95,19.0,210.0,539.0,1960.0,False,False
006208,2022-10-26 09:53:44.383829,0.0008952551477170445,-0.00357462019660415,0.04999999999999716,-0.20000000000000284,55.75,55.85,55.9,55.95,19.0,210.0,539.0,1960.0,True,True
006208,2022-10-26 09:53:44.956235,0.0008952551477170445,-0.00357462019660415,0.04999999999999716,-0.20000000000000284,55.75,55.85,55.9,55.95,19.0,210.0,539.0,1960.0,False,False
006208,2022-10-26 09:53:44.961001,0.0008952551477170445,-0.00357462019660415,0.04999999999999716,-0.20000000000000284,55.75,55.85,55.9,55.95,19.0,210.0,539.0,1960.0,False,False
006208,2022-10-26 09:53:45.527964,0.0008952551477170445,-0.00357462019660415,0.04999999999999716,-0.20000000000000284,55.75,55.85,55.9,55.95,19.0,210.0,539.0,1960.0,False,False
006208,2022-10-26 09:53:45.528104,0.0008952551477170445,-0.00357462019660415,0.04999999999999716,-0.20000000000000284,55.75,55.85,55.9,55.95,19.0,230.0,539.0,1960.0,False,False
006208,2022-10-26 09:53:46.702699,0.0008952551477170445,-0.00357462019660415,0.04999999999999716,-0.20000000000000284,55.75,55.85,55.9,55.95,19.0,210.0,539.0,1960.0,False,False
006208,2022-10-26 09:53:46.702855,0.0008952551477170445,-0.00357462019660415,0.04999999999999716,-0.20000000000000284,55.75,55.85,55.9,55.95,19.0,210.0,539.0,1960.0,False,False
006208,2022-10-26 09:53:50.513855,0.0008952551477170445,-0.00357462019660415,0.04999999999999716,-0.20000000000000284,55.75,55.85,55.9,55.95,19.0,210.0,539.0,1960.0,False,False
006208,2022-10-26 09:53:50.582100,0.0008952551477170445,-0.00357462019660415,0.04999999999999716,-0.20000000000000284,55.75,55.85,55.9,55.95,19.0,109.0,539.0,1960.0,False,False
006208,2022-10-26 09:53:50.550116,0.0008952551477170445,-0.00357462019660415,0.04999999999999716,-0.20000000000000284,55.75,55.85,55.9,55.95,19.0,110.0,539.0,1960.0,False,False
006208,2022-10-26 09:53:50.665570,0.0008952551477170445,-0.00357462019660415,0.04999999999999716,-0.20000000000000284,55.75,55.85,55.9,55.95,19.0,109.0,539.0,1960.0,False,False
006208,2022-10-26 09:53:50.807449,0.0008952551477170445,-0.00357462019660415,0.04999999999999716,-0.20000000000000284,55.75,55.85,55.9,55.95,19.0,109.0,539.0,1960.0,False,False
006208,2022-10-26 09:53:50.941114,0.0008952551477170445,-0.00357462019660415,0.04999999999999716,-0.20000000000000284,55.75,55.85,55.9,55.95,19.0,109.0,539.0,1960.0,False,False
006208,2022-10-26 09:53:51.164379,0.0008952551477170445,-0.00357462019660415,0.04999999999999716,-0.20000000000000284,55.75,55.85,55.9,55.95,19.0,108.0,539.0,1960.0,False,False
006208,2022-10-26 09:53:51.551485,0.0008952551477170445,-0.00357462019660415,0.04999999999999716,-0.20000000000000284,55.75,55.85,55.9,55.95,119.0,108.0,539.0,1960.0,False,False
006208,2022-10-26 09:53:53.576044,0.0008952551477170445,-0.002680965147453196,0.04999999999999716,-0.15000000000000568,55.8,55.85,55.9,55.95,1.0,108.0,539.0,1960.0,False,False
006208,2022-10-26 09:53:53.602864,0.0008952551477170445,-0.002680965147453196,0.04999999999999716,-0.15000000000000568,55.8,55.85,55.9,55.95,1.0,108.0,539.0,1960.0,False,False
006208,2022-10-26 09:53:53.932505,0.0008952551477170445,-0.002680965147453196,0.04999999999999716,-0.15000000000000568,55.8,55.85,55.9,55.95,1.0,108.0,539.0,1960.0,False,False
006208,2022-10-26 09:53:53.934781,0.0008952551477170445,-0.002680965147453196,0.04999999999999716,-0.15000000000000568,55.8,55.85,55.9,55.95,1.0,108.0,539.0,1960.0,False,False
006208,2022-10-26 09:53:54.431188,0.0008952551477170445,-0.002680965147453196,0.04999999999999716,-0.15000000000000568,55.8,55.85,55.9,55.95,1.0,108.0,140.0,2061.0,True,True
006208,2022-10-26 09:53:56.287421,0.0008952551477170445,-0.002680965147453196,0.04999999999999716,-0.15000000000000568,55.8,55.85,55.9,55.95,1.0,108.0,140.0,2061.0,False,False
006208,2022-10-26 09:53:56.345559,0.0008952551477170445,-0.002680965147453196,0.04999999999999716,-0.15000000000000568,55.8,55.85,55.9,55.95,1.0,108.0,140.0,2061.0,False,False
006208,2022-10-26 09:53:56.460877,0.0008952551477170445,-0.002680965147453196,0.04999999999999716,-0.15000000000000568,55.8,55.85,55.9,55.95,1.0,108.0,140.0,2061.0,False,False
006208,2022-10-26 09:53:56.671606,0.0008952551477170445,-0.002680965147453196,0.04999999999999716,-0.15000000000000568,55.8,55.85,55.9,55.95,1.0,108.0,140.0,2061.0,False,False
006208,2022-10-26 09:53:56.969887,0.0008952551477170445,-0.002680965147453196,0.04999999999999716,-0.15000000000000568,55.8,55.85,55.9,55.95,1.0,108.0,140.0,2061.0,False,False
006208,2022-10-26 09:53:56.981561,0.0008952551477170445,-0.002680965147453196,0.04999999999999716,-0.15000000000000568,55.8,55.85,55.9,55.95,1.0,108.0,140.0,2061.0,False,False
006208,2022-10-26 09:53:57.038944,0.0008952551477170445,-0.002680965147453196,0.04999999999999716,-0.15000000000000568,55.8,55.85,55.9,55.95,1.0,108.0,140.0,2061.0,False,False
006208,2022-10-26 09:53:58.433788,0.0008952551477170445,-0.00357462019660415,0.04999999999999716,-0.20000000000000284,55.75,55.85,55.9,55.95,159.0,108.0,140.0,2061.0,False,False
006208,2022-10-26 09:53:58.460594,0.0008952551477170445,-0.00357462019660415,0.04999999999999716,-0.20000000000000284,55.75,55.85,55.9,55.95,159.0,108.0,140.0,2061.0,False,False
006208,2022-10-26 09:53:58.586197,0.0008952551477170445,-0.00357462019660415,0.04999999999999716,-0.20000000000000284,55.75,55.85,55.9,55.95,119.0,108.0,140.0,2061.0,False,False
006208,2022-10-26 09:53:58.715033,0.0008952551477170445,-0.00357462019660415,0.04999999999999716,-0.20000000000000284,55.75,55.85,55.9,55.95,119.0,108.0,140.0,2061.0,False,False
006208,2022-10-26 09:53:58.927300,0.0008952551477170445,-0.00357462019660415,0.04999999999999716,-0.20000000000000284,55.75,55.85,55.9,55.95,119.0,108.0,140.0,2061.0,False,False
006208,2022-10-26 09:53:58.927577,0.0008952551477170445,-0.00357462019660415,0.04999999999999716,-0.20000000000000284,55.75,55.85,55.9,55.95,119.0,108.0,140.0,2061.0,False,False
006208,2022-10-26 09:53:59.600605,0.0008952551477170445,-0.00357462019660415,0.04999999999999716,-0.20000000000000284,55.75,55.85,55.9,55.95,119.0,108.0,140.0,2061.0,False,False
006208,2022-10-26 09:53:59.613963,0.0008952551477170445,-0.00357462019660415,0.04999999999999716,-0.20000000000000284,55.75,55.85,55.9,55.95,119.0,108.0,140.0,2061.0,False,False
006208,2022-10-26 09:53:59.731938,0.0008952551477170445,-0.00357462019660415,0.04999999999999716,-0.20000000000000284,55.75,55.85,55.9,55.95,119.0,108.0,140.0,2061.0,False,False
006208,2022-10-26 09:53:59.969593,0.0008952551477170445,-0.00357462019660415,0.04999999999999716,-0.20000000000000284,55.75,55.85,55.9,55.95,153.0,108.0,140.0,2061.0,False,False
006208,2022-10-26 09:54:00.085446,0.0008952551477170445,-0.00357462019660415,0.04999999999999716,-0.20000000000000284,55.75,55.85,55.9,55.95,153.0,108.0,140.0,2061.0,False,False
006208,2022-10-26 09:54:00.221993,0.0008952551477170445,-0.00357462019660415,0.04999999999999716,-0.20000000000000284,55.75,55.85,55.9,55.95,153.0,108.0,140.0,2061.0,False,False
006208,2022-10-26 09:54:00.343214,0.0008952551477170445,-0.00357462019660415,0.04999999999999716,-0.20000000000000284,55.75,55.85,55.9,55.95,153.0,108.0,140.0,2061.0,False,False
006208,2022-10-26 09:54:00.409280,0.0008952551477170445,-0.00357462019660415,0.04999999999999716,-0.20000000000000284,55.75,55.85,55.9,55.95,153.0,128.0,140.0,2061.0,False,False
006208,2022-10-26 09:54:00.555911,0.0008952551477170445,-0.00357462019660415,0.04999999999999716,-0.20000000000000284,55.75,55.85,55.9,55.95,153.0,127.0,140.0,2061.0,False,False
006208,2022-10-26 09:54:01.204627,0.0008952551477170445,-0.00357462019660415,0.04999999999999716,-0.20000000000000284,55.75,55.85,55.9,55.95,153.0,127.0,140.0,2061.0,False,False
006208,2022-10-26 09:54:01.220602,0.0008952551477170445,-0.00357462019660415,0.04999999999999716,-0.20000000000000284,55.75,55.85,55.9,55.95,119.0,127.0,140.0,2061.0,False,False
006208,2022-10-26 09:54:04.467283,0.0008952551477170445,-0.00357462019660415,0.04999999999999716,-0.20000000000000284,55.75,55.85,55.9,55.95,119.0,127.0,539.0,2959.0,True,True
006208,2022-10-26 09:54:05.318798,0.0008952551477170445,-0.00357462019660415,0.04999999999999716,-0.20000000000000284,55.75,55.85,55.9,55.95,119.0,127.0,539.0,2959.0,False,False
006208,2022-10-26 09:54:05.338593,0.0008952551477170445,-0.00357462019660415,0.04999999999999716,-0.20000000000000284,55.75,55.85,55.9,55.95,119.0,127.0,539.0,2959.0,False,False
006208,2022-10-26 09:54:05.355462,0.0008952551477170445,-0.00357462019660415,0.04999999999999716,-0.20000000000000284,55.75,55.85,55.9,55.95,19.0,127.0,539.0,2959.0,False,False
006208,2022-10-26 09:54:06.027561,0.0008952551477170445,-0.002680965147453196,0.04999999999999716,-0.15000000000000568,55.8,55.85,55.9,55.95,1.0,127.0,539.0,2959.0,False,False
006208,2022-10-26 09:54:06.056743,0.0008952551477170445,-0.002680965147453196,0.04999999999999716,-0.15000000000000568,55.8,55.85,55.9,55.95,1.0,127.0,539.0,2959.0,False,False
006208,2022-10-26 09:54:06.356373,0.0008952551477170445,-0.002680965147453196,0.04999999999999716,-0.15000000000000568,55.8,55.85,55.9,55.95,1.0,227.0,539.0,2959.0,False,False
006208,2022-10-26 09:54:06.449259,0.0008952551477170445,-0.002680965147453196,0.04999999999999716,-0.15000000000000568,55.8,55.85,55.9,55.95,1.0,227.0,539.0,2959.0,False,False
006208,2022-10-26 09:54:08.464203,0.0008952551477170445,-0.002680965147453196,0.04999999999999716,-0.15000000000000568,55.8,55.85,55.9,55.95,1.0,227.0,539.0,2959.0,False,False
006208,2022-10-26 09:54:08.492151,0.0008952551477170445,-0.00357462019660415,0.04999999999999716,-0.20000000000000284,55.75,55.85,55.9,55.95,19.0,227.0,539.0,2959.0,False,False
006208,2022-10-26 09:54:08.528876,0.0008952551477170445,-0.00357462019660415,0.04999999999999716,-0.20000000000000284,55.75,55.85,55.9,55.95,19.0,227.0,539.0,2959.0,False,False
006208,2022-10-26 09:54:08.551983,0.0008952551477170445,-0.00357462019660415,0.04999999999999716,-0.20000000000000284,55.75,55.85,55.9,55.95,19.0,227.0,539.0,2959.0,False,False
006208,2022-10-26 09:54:08.707390,0.0008952551477170445,-0.00357462019660415,0.04999999999999716,-0.20000000000000284,55.75,55.85,55.9,55.95,19.0,227.0,539.0,2959.0,False,False
006208,2022-10-26 09:54:09.164365,0.0008952551477170445,-0.00357462019660415,0.04999999999999716,-0.20000000000000284,55.75,55.85,55.9,55.95,19.0,227.0,539.0,2959.0,False,False
006208,2022-10-26 09:54:09.164368,0.0008952551477170445,-0.00357462019660415,0.04999999999999716,-0.20000000000000284,55.75,55.85,55.9,55.95,19.0,227.0,539.0,2959.0,False,False
006208,2022-10-26 09:54:10.328123,0.0008952551477170445,-0.00357462019660415,0.04999999999999716,-0.20000000000000284,55.75,55.85,55.9,55.95,19.0,228.0,539.0,2959.0,False,False
006208,2022-10-26 09:54:10.474194,0.0008952551477170445,-0.00357462019660415,0.04999999999999716,-0.20000000000000284,55.75,55.85,55.9,55.95,19.0,228.0,539.0,2959.0,False,False
006208,2022-10-26 09:54:10.474314,0.0008952551477170445,-0.00357462019660415,0.04999999999999716,-0.20000000000000284,55.75,55.85,55.9,55.95,19.0,228.0,539.0,2959.0,False,False
006208,2022-10-26 09:54:10.576638,0.0008952551477170445,-0.00357462019660415,0.04999999999999716,-0.20000000000000284,55.75,55.85,55.9,55.95,19.0,227.0,539.0,2959.0,False,False
006208,2022-10-26 09:54:10.673110,0.0008952551477170445,-0.00357462019660415,0.04999999999999716,-0.20000000000000284,55.75,55.85,55.9,55.95,19.0,227.0,539.0,2959.0,False,False
006208,2022-10-26 09:54:10.881563,0.0008952551477170445,-0.00357462019660415,0.04999999999999716,-0.20000000000000284,55.75,55.85,55.9,55.95,19.0,227.0,539.0,2959.0,False,False
006208,2022-10-26 09:54:11.447817,0.0008952551477170445,-0.00357462019660415,0.04999999999999716,-0.20000000000000284,55.75,55.85,55.9,55.95,19.0,227.0,539.0,2959.0,False,False
006208,2022-10-26 09:54:11.460119,0.0008952551477170445,-0.00357462019660415,0.04999999999999716,-0.20000000000000284,55.75,55.85,55.9,55.95,19.0,227.0,539.0,2959.0,False,False
006208,2022-10-26 09:54:11.702018,0.0008952551477170445,-0.00357462019660415,0.04999999999999716,-0.20000000000000284,55.75,55.85,55.9,55.95,19.0,227.0,539.0,2959.0,False,False
006208,2022-10-26 09:54:11.711719,0.0008952551477170445,-0.00357462019660415,0.04999999999999716,-0.20000000000000284,55.75,55.85,55.9,55.95,19.0,227.0,539.0,2959.0,False,False
006208,2022-10-26 09:54:12.939410,0.0008952551477170445,-0.002680965147453196,0.04999999999999716,-0.15000000000000568,55.8,55.85,55.9,55.95,5.0,227.0,539.0,2959.0,False,False
006208,2022-10-26 09:54:12.975940,0.0008952551477170445,-0.002680965147453196,0.04999999999999716,-0.15000000000000568,55.8,55.85,55.9,55.95,5.0,227.0,539.0,2959.0,False,False
006208,2022-10-26 09:54:14.398339,0.0008952551477170445,-0.002680965147453196,0.04999999999999716,-0.15000000000000568,55.8,55.85,55.9,55.95,5.0,227.0,539.0,2959.0,False,False
006208,2022-10-26 09:54:14.469341,0.0008952551477170445,-0.00357462019660415,0.04999999999999716,-0.20000000000000284,55.75,55.85,55.9,55.95,19.0,227.0,539.0,2959.0,False,False
006208,2022-10-26 09:54:14.492582,0.0008952551477170445,-0.00357462019660415,0.04999999999999716,-0.20000000000000284,55.75,55.85,55.9,55.95,19.0,227.0,539.0,2959.0,False,False
006208,2022-10-26 09:54:14.527783,0.0008952551477170445,-0.00357462019660415,0.04999999999999716,-0.20000000000000284,55.75,55.85,55.9,55.95,19.0,227.0,539.0,2959.0,False,False
006208,2022-10-26 09:54:14.726202,0.0008952551477170445,-0.00357462019660415,0.04999999999999716,-0.20000000000000284,55.75,55.85,55.9,55.95,19.0,227.0,539.0,2959.0,False,False
006208,2022-10-26 09:54:14.814027,0.0008952551477170445,-0.00357462019660415,0.04999999999999716,-0.20000000000000284,55.75,55.85,55.9,55.95,19.0,227.0,539.0,2959.0,False,False
006208,2022-10-26 09:54:16.356380,0.0008952551477170445,-0.00357462019660415,0.04999999999999716,-0.20000000000000284,55.75,55.85,55.9,55.95,19.0,227.0,539.0,2959.0,False,False
006208,2022-10-26 09:54:16.356617,0.0008952551477170445,-0.00357462019660415,0.04999999999999716,-0.20000000000000284,55.75,55.85,55.9,55.95,19.0,207.0,539.0,2959.0,False,False
006208,2022-10-26 09:54:17.225522,0.0008952551477170445,-0.00357462019660415,0.04999999999999716,-0.20000000000000284,55.75,55.85,55.9,55.95,19.0,207.0,539.0,2959.0,False,False
006208,2022-10-26 09:54:17.225935,0.0008952551477170445,-0.00357462019660415,0.04999999999999716,-0.20000000000000284,55.75,55.85,55.9,55.95,19.0,227.0,539.0,2959.0,False,False
006208,2022-10-26 09:54:17.370007,0.0008952551477170445,-0.00357462019660415,0.04999999999999716,-0.20000000000000284,55.75,55.85,55.9,55.95,19.0,227.0,539.0,2959.0,False,False
006208,2022-10-26 09:54:17.430615,0.0008952551477170445,-0.00357462019660415,0.04999999999999716,-0.20000000000000284,55.75,55.85,55.9,55.95,19.0,227.0,539.0,2959.0,False,False
006208,2022-10-26 09:54:17.605297,0.0008952551477170445,-0.00357462019660415,0.04999999999999716,-0.20000000000000284,55.75,55.85,55.9,55.95,19.0,257.0,539.0,2959.0,False,False
006208,2022-10-26 09:54:17.716782,0.0008952551477170445,-0.00357462019660415,0.04999999999999716,-0.20000000000000284,55.75,55.85,55.9,55.95,19.0,257.0,539.0,2959.0,False,False
006208,2022-10-26 09:54:17.792424,0.0008952551477170445,-0.00357462019660415,0.04999999999999716,-0.20000000000000284,55.75,55.85,55.9,55.95,19.0,257.0,539.0,2959.0,False,False
006208,2022-10-26 09:54:20.581489,0.0008952551477170445,-0.00357462019660415,0.04999999999999716,-0.20000000000000284,55.75,55.85,55.9,55.95,19.0,256.0,539.0,2959.0,False,False
006208,2022-10-26 09:54:20.699256,0.0008952551477170445,-0.00357462019660415,0.04999999999999716,-0.20000000000000284,55.75,55.85,55.9,55.95,19.0,256.0,539.0,2959.0,False,False
006208,2022-10-26 09:54:20.721343,0.0008952551477170445,-0.00357462019660415,0.04999999999999716,-0.20000000000000284,55.75,55.85,55.9,55.95,19.0,256.0,539.0,2959.0,False,False
006208,2022-10-26 09:54:21.667995,0.0008952551477170445,-0.00357462019660415,0.04999999999999716,-0.20000000000000284,55.75,55.85,55.9,55.95,19.0,256.0,539.0,2959.0,False,False
006208,2022-10-26 09:54:22.790844,0.0008952551477170445,-0.00357462019660415,0.04999999999999716,-0.20000000000000284,55.75,55.85,55.9,55.95,19.0,256.0,539.0,2959.0,False,False
006208,2022-10-26 09:54:23.495115,0.0008952551477170445,-0.00357462019660415,0.04999999999999716,-0.20000000000000284,55.75,55.85,55.9,55.95,19.0,236.0,539.0,2959.0,False,False
006208,2022-10-26 09:54:23.495382,0.0008952551477170445,-0.00357462019660415,0.04999999999999716,-0.20000000000000284,55.75,55.85,55.9,55.95,19.0,236.0,539.0,2959.0,False,False
006208,2022-10-26 09:54:24.552648,0.0008952551477170445,-0.00357462019660415,0.04999999999999716,-0.20000000000000284,55.75,55.85,55.9,55.95,19.0,236.0,460.0,4059.0,True,True
006208,2022-10-26 09:54:24.813100,0.0008952551477170445,-0.00357462019660415,0.04999999999999716,-0.20000000000000284,55.75,55.85,55.9,55.95,19.0,236.0,460.0,4059.0,False,False
006208,2022-10-26 09:54:24.816525,0.0008952551477170445,-0.00357462019660415,0.04999999999999716,-0.20000000000000284,55.75,55.85,55.9,55.95,19.0,236.0,460.0,4059.0,False,False
006208,2022-10-26 09:54:24.946719,0.0008952551477170445,-0.00357462019660415,0.04999999999999716,-0.20000000000000284,55.75,55.85,55.9,55.95,19.0,236.0,460.0,4059.0,False,False
006208,2022-10-26 09:54:25.179012,0.0008952551477170445,-0.00357462019660415,0.04999999999999716,-0.20000000000000284,55.75,55.85,55.9,55.95,19.0,235.0,460.0,4059.0,False,False
006208,2022-10-26 09:54:25.922041,0.0008952551477170445,-0.00357462019660415,0.04999999999999716,-0.20000000000000284,55.75,55.85,55.9,55.95,19.0,235.0,460.0,4059.0,False,False
006208,2022-10-26 09:54:29.907639,0.0008952551477170445,-0.00357462019660415,0.04999999999999716,-0.20000000000000284,55.75,55.85,55.9,55.95,19.0,235.0,460.0,4059.0,False,False
006208,2022-10-26 09:54:30.436516,0.0008952551477170445,-0.00357462019660415,0.04999999999999716,-0.20000000000000284,55.75,55.85,55.9,55.95,19.0,236.0,460.0,4059.0,False,False
006208,2022-10-26 09:54:30.617809,0.0008952551477170445,-0.00357462019660415,0.04999999999999716,-0.20000000000000284,55.75,55.85,55.9,55.95,19.0,235.0,460.0,4059.0,False,False
006208,2022-10-26 09:54:34.938740,0.0008952551477170445,-0.00357462019660415,0.04999999999999716,-0.20000000000000284,55.75,55.85,55.9,55.95,19.0,235.0,460.0,4059.0,False,False
006208,2022-10-26 09:54:34.943934,0.0008952551477170445,-0.00357462019660415,0.04999999999999716,-0.20000000000000284,55.75,55.85,55.9,55.95,19.0,235.0,460.0,4059.0,False,False
006208,2022-10-26 09:54:35.083025,0.0008952551477170445,-0.00357462019660415,0.04999999999999716,-0.20000000000000284,55.75,55.85,55.9,55.95,19.0,235.0,460.0,4059.0,False,False
006208,2022-10-26 09:54:37.377504,0.0008952551477170445,-0.00357462019660415,0.04999999999999716,-0.20000000000000284,55.75,55.85,55.9,55.95,19.0,235.0,460.0,4059.0,False,False
006208,2022-10-26 09:54:39.609725,0.0008952551477170445,-0.00357462019660415,0.04999999999999716,-0.20000000000000284,55.75,55.85,55.9,55.95,19.0,235.0,460.0,4059.0,False,False
006208,2022-10-26 09:54:39.609962,0.0008952551477170445,-0.00357462019660415,0.04999999999999716,-0.20000000000000284,55.75,55.85,55.9,55.95,19.0,255.0,460.0,4059.0,False,False
006208,2022-10-26 09:54:39.896203,0.0008952551477170445,-0.00357462019660415,0.04999999999999716,-0.20000000000000284,55.75,55.85,55.9,55.95,19.0,255.0,460.0,4059.0,False,False
006208,2022-10-26 09:54:39.896206,0.0008952551477170445,-0.00357462019660415,0.04999999999999716,-0.20000000000000284,55.75,55.85,55.9,55.95,19.0,255.0,460.0,4059.0,False,False
006208,2022-10-26 09:54:42.482113,0.0008952551477170445,-0.00357462019660415,0.04999999999999716,-0.20000000000000284,55.75,55.85,55.9,55.95,19.0,255.0,460.0,4059.0,False,False
006208,2022-10-26 09:54:42.482195,0.0008952551477170445,-0.00357462019660415,0.04999999999999716,-0.20000000000000284,55.75,55.85,55.9,55.95,19.0,255.0,460.0,4059.0,False,False
006208,2022-10-26 09:54:42.579443,0.0008952551477170445,-0.00357462019660415,0.04999999999999716,-0.20000000000000284,55.75,55.85,55.9,55.95,19.0,155.0,460.0,4059.0,False,False
006208,2022-10-26 09:54:42.826174,0.0008952551477170445,-0.00357462019660415,0.04999999999999716,-0.20000000000000284,55.75,55.85,55.9,55.95,19.0,155.0,460.0,4059.0,False,False
006208,2022-10-26 09:54:42.832984,0.0008952551477170445,-0.00357462019660415,0.04999999999999716,-0.20000000000000284,55.75,55.85,55.9,55.95,19.0,155.0,460.0,4059.0,False,False
006208,2022-10-26 09:54:43.008590,0.0008952551477170445,-0.00357462019660415,0.04999999999999716,-0.20000000000000284,55.75,55.85,55.9,55.95,19.0,155.0,460.0,4059.0,False,False
006208,2022-10-26 09:54:43.008982,0.0008952551477170445,-0.00357462019660415,0.04999999999999716,-0.20000000000000284,55.75,55.85,55.9,55.95,19.0,155.0,460.0,4059.0,False,False
006208,2022-10-26 09:54:43.514225,0.0008952551477170445,-0.00357462019660415,0.04999999999999716,-0.20000000000000284,55.75,55.85,55.9,55.95,119.0,155.0,460.0,4059.0,False,False
006208,2022-10-26 09:54:44.391767,0.0008952551477170445,-0.00357462019660415,0.04999999999999716,-0.20000000000000284,55.75,55.85,55.9,55.95,119.0,155.0,460.0,4059.0,False,False
006208,2022-10-26 09:54:44.392080,0.0008952551477170445,-0.00357462019660415,0.04999999999999716,-0.20000000000000284,55.75,55.85,55.9,55.95,119.0,135.0,460.0,4059.0,False,False
006208,2022-10-26 09:54:44.654073,0.0008952551477170445,-0.00357462019660415,0.04999999999999716,-0.20000000000000284,55.75,55.85,55.9,55.95,119.0,135.0,610.0,4059.0,True,True
006208,2022-10-26 09:54:44.997723,0.0008952551477170445,-0.00357462019660415,0.04999999999999716,-0.20000000000000284,55.75,55.85,55.9,55.95,119.0,135.0,610.0,4059.0,False,False
006208,2022-10-26 09:54:45.076486,0.0008952551477170445,-0.00357462019660415,0.04999999999999716,-0.20000000000000284,55.75,55.85,55.9,55.95,194.0,135.0,610.0,4059.0,False,False
006208,2022-10-26 09:54:45.207469,0.0008952551477170445,-0.00357462019660415,0.04999999999999716,-0.20000000000000284,55.75,55.85,55.9,55.95,194.0,135.0,610.0,4059.0,False,False
006208,2022-10-26 09:54:45.757922,0.0008952551477170445,-0.00357462019660415,0.04999999999999716,-0.20000000000000284,55.75,55.85,55.9,55.95,194.0,134.0,610.0,4059.0,False,False
006208,2022-10-26 09:54:45.879815,0.0008952551477170445,-0.00357462019660415,0.04999999999999716,-0.20000000000000284,55.75,55.85,55.9,55.95,194.0,134.0,610.0,4059.0,False,False
006208,2022-10-26 09:54:45.879935,0.0008952551477170445,-0.00357462019660415,0.04999999999999716,-0.20000000000000284,55.75,55.85,55.9,55.95,194.0,134.0,610.0,4059.0,False,False
006208,2022-10-26 09:54:48.295610,0.0008952551477170445,-0.00357462019660415,0.04999999999999716,-0.20000000000000284,55.75,55.85,55.9,55.95,194.0,134.0,610.0,4059.0,False,False
006208,2022-10-26 09:54:48.304480,0.0008952551477170445,-0.00357462019660415,0.04999999999999716,-0.20000000000000284,55.75,55.85,55.9,55.95,194.0,134.0,610.0,4059.0,False,False
006208,2022-10-26 09:54:49.390303,0.0008952551477170445,-0.00357462019660415,0.04999999999999716,-0.20000000000000284,55.75,55.85,55.9,55.95,194.0,134.0,610.0,4059.0,False,False
006208,2022-10-26 09:54:50.581173,0.0008952551477170445,-0.00357462019660415,0.04999999999999716,-0.20000000000000284,55.75,55.85,55.9,55.95,194.0,133.0,610.0,4059.0,False,False
006208,2022-10-26 09:54:52.285358,0.0008952551477170445,-0.00357462019660415,0.04999999999999716,-0.20000000000000284,55.75,55.85,55.9,55.95,119.0,133.0,610.0,4059.0,False,False
006208,2022-10-26 09:54:52.285538,0.0008952551477170445,-0.00357462019660415,0.04999999999999716,-0.20000000000000284,55.75,55.85,55.9,55.95,119.0,133.0,610.0,4059.0,False,False
006208,2022-10-26 09:54:53.533134,0.0008952551477170445,-0.00357462019660415,0.04999999999999716,-0.20000000000000284,55.75,55.85,55.9,55.95,19.0,133.0,610.0,4059.0,False,False
006208,2022-10-26 09:54:54.524323,0.0008952551477170445,-0.00357462019660415,0.04999999999999716,-0.20000000000000284,55.75,55.85,55.9,55.95,19.0,233.0,610.0,4059.0,False,False
006208,2022-10-26 09:54:54.588103,0.0008952551477170445,-0.00357462019660415,0.04999999999999716,-0.20000000000000284,55.75,55.85,55.9,55.95,19.0,233.0,610.0,4059.0,False,False
006208,2022-10-26 09:54:54.676179,0.0008952551477170445,-0.00357462019660415,0.04999999999999716,-0.20000000000000284,55.75,55.85,55.9,55.95,19.0,233.0,689.0,3938.0,True,True
006208,2022-10-26 09:54:55.174781,0.0008952551477170445,-0.00357462019660415,0.04999999999999716,-0.20000000000000284,55.75,55.85,55.9,55.95,19.0,233.0,689.0,3938.0,False,False
006208,2022-10-26 09:54:55.195890,0.0008952551477170445,-0.00357462019660415,0.04999999999999716,-0.20000000000000284,55.75,55.85,55.9,55.95,19.0,233.0,689.0,3938.0,False,False
006208,2022-10-26 09:54:55.308500,0.0008952551477170445,-0.00357462019660415,0.04999999999999716,-0.20000000000000284,55.75,55.85,55.9,55.95,19.0,233.0,689.0,3938.0,False,False
006208,2022-10-26 09:54:58.193331,0.0008952551477170445,-0.00357462019660415,0.04999999999999716,-0.20000000000000284,55.75,55.85,55.9,55.95,19.0,232.0,689.0,3938.0,False,False
006208,2022-10-26 09:54:58.929045,0.0008952551477170445,-0.00357462019660415,0.04999999999999716,-0.20000000000000284,55.75,55.85,55.9,55.95,19.0,232.0,689.0,3938.0,False,False
006208,2022-10-26 09:54:59.164052,0.0008952551477170445,-0.00357462019660415,0.04999999999999716,-0.20000000000000284,55.75,55.85,55.9,55.95,19.0,232.0,689.0,3938.0,False,False
006208,2022-10-26 09:54:59.164536,0.0008952551477170445,-0.00357462019660415,0.04999999999999716,-0.20000000000000284,55.75,55.85,55.9,55.95,19.0,252.0,689.0,3938.0,False,False
006208,2022-10-26 09:54:59.220186,0.0008952551477170445,-0.00357462019660415,0.04999999999999716,-0.20000000000000284,55.75,55.85,55.9,55.95,19.0,252.0,689.0,3938.0,False,False
006208,2022-10-26 09:55:00.550153,0.0008952551477170445,-0.00357462019660415,0.04999999999999716,-0.20000000000000284,55.75,55.85,55.9,55.95,19.0,251.0,689.0,3938.0,False,False
006208,2022-10-26 09:55:02.468628,0.0008952551477170445,-0.00357462019660415,0.04999999999999716,-0.20000000000000284,55.75,55.85,55.9,55.95,18.0,250.0,689.0,3938.0,False,False
006208,2022-10-26 09:55:04.041442,0.0008952551477170445,-0.00357462019660415,0.04999999999999716,-0.20000000000000284,55.75,55.85,55.9,55.95,18.0,250.0,510.0,4059.0,False,True
006208,2022-10-26 09:55:04.687829,0.0008952551477170445,-0.00357462019660415,0.04999999999999716,-0.20000000000000284,55.75,55.85,55.9,55.95,18.0,250.0,510.0,4059.0,False,False
006208,2022-10-26 09:55:04.697403,0.0008952551477170445,-0.00357462019660415,0.04999999999999716,-0.20000000000000284,55.75,55.85,55.9,55.95,18.0,250.0,510.0,4059.0,False,False
006208,2022-10-26 09:55:05.229238,0.0008952551477170445,-0.00357462019660415,0.04999999999999716,-0.20000000000000284,55.75,55.85,55.9,55.95,18.0,250.0,510.0,4059.0,False,False
006208,2022-10-26 09:55:05.232505,0.0008952551477170445,-0.00357462019660415,0.04999999999999716,-0.20000000000000284,55.75,55.85,55.9,55.95,18.0,250.0,510.0,4059.0,False,False
006208,2022-10-26 09:55:05.364369,0.0008952551477170445,-0.00357462019660415,0.04999999999999716,-0.20000000000000284,55.75,55.85,55.9,55.95,18.0,250.0,510.0,4059.0,False,False
006208,2022-10-26 09:55:10.470155,0.0008952551477170445,-0.00357462019660415,0.04999999999999716,-0.20000000000000284,55.75,55.85,55.9,55.95,18.0,249.0,510.0,4059.0,False,False
006208,2022-10-26 09:55:10.943346,0.0008952551477170445,-0.00357462019660415,0.04999999999999716,-0.20000000000000284,55.75,55.85,55.9,55.95,17.0,249.0,510.0,4059.0,False,False
006208,2022-10-26 09:55:11.338582,0.0008952551477170445,-0.00357462019660415,0.04999999999999716,-0.20000000000000284,55.75,55.85,55.9,55.95,17.0,229.0,510.0,4059.0,False,False
006208,2022-10-26 09:55:11.356879,0.0008952551477170445,-0.00357462019660415,0.04999999999999716,-0.20000000000000284,55.75,55.85,55.9,55.95,17.0,229.0,510.0,4059.0,False,False
006208,2022-10-26 09:55:14.009450,0.0008952551477170445,-0.00357462019660415,0.04999999999999716,-0.20000000000000284,55.75,55.85,55.9,55.95,17.0,229.0,510.0,4059.0,False,False
006208,2022-10-26 09:55:14.046731,0.0008952551477170445,-0.00357462019660415,0.04999999999999716,-0.20000000000000284,55.75,55.85,55.9,55.95,17.0,229.0,327.0,4059.0,True,True
006208,2022-10-26 09:55:14.012489,0.0008952551477170445,-0.00357462019660415,0.04999999999999716,-0.20000000000000284,55.75,55.85,55.9,55.95,17.0,229.0,327.0,4059.0,False,False
006208,2022-10-26 09:55:15.027325,0.0008952551477170445,-0.00357462019660415,0.04999999999999716,-0.20000000000000284,55.75,55.85,55.9,55.95,17.0,229.0,327.0,4059.0,False,False
006208,2022-10-26 09:55:15.036828,0.0008952551477170445,-0.00357462019660415,0.04999999999999716,-0.20000000000000284,55.75,55.85,55.9,55.95,17.0,229.0,327.0,4059.0,False,False
006208,2022-10-26 09:55:15.315754,0.0008952551477170445,-0.00357462019660415,0.04999999999999716,-0.20000000000000284,55.75,55.85,55.9,55.95,17.0,229.0,327.0,4059.0,False,False
006208,2022-10-26 09:55:15.323554,0.0008952551477170445,-0.00357462019660415,0.04999999999999716,-0.20000000000000284,55.75,55.85,55.9,55.95,17.0,229.0,327.0,4059.0,False,False
006208,2022-10-26 09:55:15.459771,0.0008952551477170445,-0.00357462019660415,0.04999999999999716,-0.20000000000000284,55.75,55.85,55.9,55.95,17.0,229.0,327.0,4059.0,False,False
006208,2022-10-26 09:55:20.426129,0.0008952551477170445,-0.00357462019660415,0.04999999999999716,-0.20000000000000284,55.75,55.85,55.9,55.95,17.0,229.0,327.0,4059.0,False,False
006208,2022-10-26 09:55:20.473041,0.0008952551477170445,-0.00357462019660415,0.04999999999999716,-0.20000000000000284,55.75,55.85,55.9,55.95,17.0,128.0,327.0,4059.0,False,False
006208,2022-10-26 09:55:20.455177,0.0008952551477170445,-0.00357462019660415,0.04999999999999716,-0.20000000000000284,55.75,55.85,55.9,55.95,17.0,129.0,327.0,4059.0,False,False
006208,2022-10-26 09:55:20.531440,0.0008952551477170445,-0.00357462019660415,0.04999999999999716,-0.20000000000000284,55.75,55.85,55.9,55.95,17.0,128.0,327.0,4059.0,False,False
006208,2022-10-26 09:55:20.632328,0.0008952551477170445,-0.00357462019660415,0.04999999999999716,-0.20000000000000284,55.75,55.85,55.9,55.95,17.0,128.0,327.0,4059.0,False,False
006208,2022-10-26 09:55:21.454131,0.0008952551477170445,-0.00357462019660415,0.04999999999999716,-0.20000000000000284,55.75,55.85,55.9,55.95,117.0,128.0,327.0,4059.0,False,False
006208,2022-10-26 09:55:21.684196,0.0008952551477170445,-0.00357462019660415,0.04999999999999716,-0.20000000000000284,55.75,55.85,55.9,55.95,117.0,128.0,327.0,4059.0,False,False
006208,2022-10-26 09:55:21.686946,0.0008952551477170445,-0.00357462019660415,0.04999999999999716,-0.20000000000000284,55.75,55.85,55.9,55.95,117.0,128.0,327.0,4059.0,False,False
006208,2022-10-26 09:55:24.059202,0.0008952551477170445,-0.00357462019660415,0.04999999999999716,-0.20000000000000284,55.75,55.85,55.9,55.95,117.0,128.0,327.0,4059.0,True,True
006208,2022-10-26 09:55:25.419793,0.0008952551477170445,-0.00357462019660415,0.04999999999999716,-0.20000000000000284,55.75,55.85,55.9,55.95,117.0,128.0,327.0,4059.0,False,False
006208,2022-10-26 09:55:25.436849,0.0008952551477170445,-0.00357462019660415,0.04999999999999716,-0.20000000000000284,55.75,55.85,55.9,55.95,117.0,128.0,327.0,4059.0,False,False
006208,2022-10-26 09:55:25.556507,0.0008952551477170445,-0.00357462019660415,0.04999999999999716,-0.20000000000000284,55.75,55.85,55.9,55.95,117.0,128.0,327.0,4059.0,False,False
006208,2022-10-26 09:55:25.718260,0.0008952551477170445,-0.00357462019660415,0.04999999999999716,-0.20000000000000284,55.75,55.85,55.9,55.95,117.0,128.0,327.0,4059.0,False,False
006208,2022-10-26 09:55:25.769670,0.0008952551477170445,-0.00357462019660415,0.04999999999999716,-0.20000000000000284,55.75,55.85,55.9,55.95,117.0,128.0,327.0,4059.0,False,False
006208,2022-10-26 09:55:26.142483,0.0008952551477170445,-0.00357462019660415,0.04999999999999716,-0.20000000000000284,55.75,55.85,55.9,55.95,117.0,148.0,327.0,4059.0,False,False
006208,2022-10-26 09:55:29.227363,0.0008952551477170445,-0.002680965147453196,0.04999999999999716,-0.15000000000000568,55.8,55.85,55.9,55.95,1.0,148.0,327.0,4059.0,False,False
006208,2022-10-26 09:55:29.256182,0.0008952551477170445,-0.002680965147453196,0.04999999999999716,-0.15000000000000568,55.8,55.85,55.9,55.95,1.0,148.0,327.0,4059.0,False,False
006208,2022-10-26 09:55:29.509904,0.0008952551477170445,-0.002680965147453196,0.04999999999999716,-0.15000000000000568,55.8,55.85,55.9,55.95,1.0,148.0,327.0,4059.0,False,False
006208,2022-10-26 09:55:29.547460,0.0008952551477170445,-0.002680965147453196,0.04999999999999716,-0.15000000000000568,55.8,55.85,55.9,55.95,1.0,148.0,327.0,4059.0,False,False
006208,2022-10-26 09:55:29.688795,0.0008952551477170445,-0.002680965147453196,0.04999999999999716,-0.15000000000000568,55.8,55.85,55.9,55.95,1.0,148.0,327.0,4059.0,False,False
006208,2022-10-26 09:55:30.424887,0.0008952551477170445,-0.002680965147453196,0.04999999999999716,-0.15000000000000568,55.8,55.85,55.9,55.95,1.0,147.0,327.0,4059.0,False,False
006208,2022-10-26 09:55:30.546602,0.0008952551477170445,-0.002680965147453196,0.04999999999999716,-0.15000000000000568,55.8,55.85,55.9,55.95,1.0,247.0,327.0,4059.0,False,False
006208,2022-10-26 09:55:30.569504,0.0008952551477170445,-0.00357462019660415,0.04999999999999716,-0.20000000000000284,55.75,55.85,55.9,55.95,17.0,247.0,327.0,4059.0,False,False
006208,2022-10-26 09:55:30.594840,0.0008952551477170445,-0.00357462019660415,0.04999999999999716,-0.20000000000000284,55.75,55.85,55.9,55.95,17.0,247.0,327.0,4059.0,False,False
006208,2022-10-26 09:55:30.640058,0.0008952551477170445,-0.00357462019660415,0.04999999999999716,-0.20000000000000284,55.75,55.85,55.9,55.95,17.0,247.0,327.0,4059.0,False,False
006208,2022-10-26 09:55:30.939323,0.0008952551477170445,-0.00357462019660415,0.04999999999999716,-0.20000000000000284,55.75,55.85,55.9,55.95,17.0,247.0,327.0,4059.0,False,False
006208,2022-10-26 09:55:31.013870,0.0008952551477170445,-0.00357462019660415,0.04999999999999716,-0.20000000000000284,55.75,55.85,55.9,55.95,17.0,246.0,327.0,4059.0,False,False
006208,2022-10-26 09:55:31.035022,0.0008952551477170445,-0.00357462019660415,0.04999999999999716,-0.20000000000000284,55.75,55.85,55.9,55.95,17.0,246.0,327.0,4059.0,False,False
006208,2022-10-26 09:55:31.051310,0.0008952551477170445,-0.00357462019660415,0.04999999999999716,-0.20000000000000284,55.75,55.85,55.9,55.95,17.0,246.0,327.0,4059.0,False,False
006208,2022-10-26 09:55:31.092801,0.0008952551477170445,-0.00357462019660415,0.04999999999999716,-0.20000000000000284,55.75,55.85,55.9,55.95,17.0,246.0,327.0,4059.0,False,False
006208,2022-10-26 09:55:31.453630,0.0008952551477170445,-0.00357462019660415,0.04999999999999716,-0.20000000000000284,55.75,55.85,55.9,55.95,17.0,246.0,327.0,4059.0,False,False
006208,2022-10-26 09:55:31.453946,0.0008952551477170445,-0.00357462019660415,0.04999999999999716,-0.20000000000000284,55.75,55.85,55.9,55.95,92.0,246.0,327.0,4059.0,False,False
006208,2022-10-26 09:55:31.787350,0.0008952551477170445,-0.00357462019660415,0.04999999999999716,-0.20000000000000284,55.75,55.85,55.9,55.95,92.0,246.0,327.0,4059.0,False,False
006208,2022-10-26 09:55:31.787490,0.0008952551477170445,-0.00357462019660415,0.04999999999999716,-0.20000000000000284,55.75,55.85,55.9,55.95,92.0,246.0,327.0,4059.0,False,False
006208,2022-10-26 09:55:31.913333,0.0008952551477170445,-0.00357462019660415,0.04999999999999716,-0.20000000000000284,55.75,55.85,55.9,55.95,92.0,246.0,327.0,4059.0,False,False
006208,2022-10-26 09:55:32.522744,0.0008952551477170445,-0.00357462019660415,0.04999999999999716,-0.20000000000000284,55.75,55.85,55.9,55.95,92.0,246.0,327.0,4059.0,False,False
006208,2022-10-26 09:55:32.538184,0.0008952551477170445,-0.00357462019660415,0.04999999999999716,-0.20000000000000284,55.75,55.85,55.9,55.95,92.0,246.0,327.0,4059.0,False,False
006208,2022-10-26 09:55:34.090931,0.0,-0.0026833631484793896,0.0,-0.14999999999999858,55.75,55.85,55.85,55.9,92.0,246.0,1578.0,702.0,True,True
006208,2022-10-26 09:55:34.187400,0.0,-0.0026833631484793896,0.0,-0.14999999999999858,55.75,55.85,55.85,55.9,92.0,246.0,1578.0,702.0,False,False
006208,2022-10-26 09:55:34.207944,0.0,-0.0026833631484793896,0.0,-0.14999999999999858,55.75,55.85,55.85,55.9,92.0,246.0,1578.0,702.0,False,False
006208,2022-10-26 09:55:34.300380,0.0,-0.0026833631484793896,0.0,-0.14999999999999858,55.75,55.85,55.85,55.9,92.0,246.0,1578.0,702.0,False,False
006208,2022-10-26 09:55:34.418912,0.0,-0.0026833631484793896,0.0,-0.14999999999999858,55.75,55.85,55.85,55.9,92.0,246.0,1578.0,702.0,False,False
006208,2022-10-26 09:55:34.477549,0.0,-0.0026833631484793896,0.0,-0.14999999999999858,55.75,55.85,55.85,55.9,92.0,246.0,1578.0,702.0,False,False
006208,2022-10-26 09:55:35.937556,0.0,-0.0026833631484793896,0.0,-0.14999999999999858,55.75,55.85,55.85,55.9,92.0,226.0,1578.0,702.0,False,False
006208,2022-10-26 09:55:35.952609,0.0,-0.0026833631484793896,0.0,-0.14999999999999858,55.75,55.85,55.85,55.9,92.0,226.0,1578.0,702.0,False,False
006208,2022-10-26 09:55:36.044051,0.0,-0.0026833631484793896,0.0,-0.14999999999999858,55.75,55.85,55.85,55.9,92.0,71.0,1578.0,702.0,False,False
006208,2022-10-26 09:55:36.173769,0.0,-0.0026833631484793896,0.0,-0.14999999999999858,55.75,55.85,55.85,55.9,92.0,71.0,1578.0,702.0,False,False
006208,2022-10-26 09:55:36.521441,0.0,-0.0026833631484793896,0.0,-0.14999999999999858,55.75,55.85,55.85,55.9,92.0,71.0,1578.0,702.0,False,False
006208,2022-10-26 09:55:36.552277,0.0,-0.0026833631484793896,0.0,-0.14999999999999858,55.75,55.85,55.85,55.9,92.0,71.0,1578.0,702.0,False,False
006208,2022-10-26 09:55:36.965689,0.0,-0.0026833631484793896,0.0,-0.14999999999999858,55.75,55.85,55.85,55.9,192.0,71.0,1578.0,702.0,False,False
006208,2022-10-26 09:55:37.390290,0.0,-0.0026833631484793896,0.0,-0.14999999999999858,55.75,55.85,55.85,55.9,192.0,71.0,1578.0,702.0,False,False
006208,2022-10-26 09:55:37.403842,0.0,-0.0026833631484793896,0.0,-0.14999999999999858,55.75,55.85,55.85,55.9,192.0,71.0,1578.0,702.0,False,False
006208,2022-10-26 09:55:38.144179,0.0,-0.0026833631484793896,0.0,-0.14999999999999858,55.75,55.85,55.85,55.9,192.0,71.0,1578.0,702.0,False,False
006208,2022-10-26 09:55:38.144432,0.0,-0.0026833631484793896,0.0,-0.14999999999999858,55.75,55.85,55.85,55.9,192.0,91.0,1578.0,702.0,False,False
006208,2022-10-26 09:55:39.685432,0.0,-0.0026833631484793896,0.0,-0.14999999999999858,55.75,55.85,55.85,55.9,192.0,91.0,1578.0,702.0,False,False
006208,2022-10-26 09:55:40.925425,0.0,-0.0026833631484793896,0.0,-0.14999999999999858,55.75,55.85,55.85,55.9,192.0,91.0,1578.0,702.0,False,False
006208,2022-10-26 09:55:40.929947,0.0,-0.0026833631484793896,0.0,-0.14999999999999858,55.75,55.85,55.85,55.9,192.0,91.0,1578.0,702.0,False,False
006208,2022-10-26 09:55:41.072577,0.0,-0.0026833631484793896,0.0,-0.14999999999999858,55.75,55.85,55.85,55.9,192.0,91.0,1578.0,702.0,False,False
006208,2022-10-26 09:55:41.857108,0.0,-0.0026833631484793896,0.0,-0.14999999999999858,55.75,55.85,55.85,55.9,192.0,91.0,1578.0,702.0,False,False
006208,2022-10-26 09:55:41.867831,0.0,-0.0026833631484793896,0.0,-0.14999999999999858,55.75,55.85,55.85,55.9,192.0,91.0,1578.0,702.0,False,False
006208,2022-10-26 09:55:42.506311,0.0,-0.0026833631484793896,0.0,-0.14999999999999858,55.75,55.85,55.85,55.9,192.0,91.0,1578.0,702.0,False,False
006208,2022-10-26 09:55:42.634355,0.0,-0.0026833631484793896,0.0,-0.14999999999999858,55.75,55.85,55.85,55.9,192.0,91.0,1578.0,702.0,False,False
006208,2022-10-26 09:55:44.117167,0.0,-0.0026833631484793896,0.0,-0.14999999999999858,55.75,55.85,55.85,55.9,192.0,91.0,1578.0,705.0,True,True
006208,2022-10-26 09:55:46.187737,0.0008960573476703981,-0.0026833631484793896,0.05000000000000426,-0.14999999999999858,55.75,55.8,55.85,55.9,192.0,1.0,1578.0,705.0,False,False
006208,2022-10-26 09:55:46.220285,0.0008960573476703981,-0.0026833631484793896,0.05000000000000426,-0.14999999999999858,55.75,55.8,55.85,55.9,192.0,1.0,1578.0,705.0,False,False
006208,2022-10-26 09:55:46.264450,0.0008960573476703981,-0.0026833631484793896,0.05000000000000426,-0.14999999999999858,55.75,55.8,55.85,55.9,192.0,1.0,1578.0,705.0,False,False
006208,2022-10-26 09:55:46.471599,0.0008960573476703981,-0.0026833631484793896,0.05000000000000426,-0.14999999999999858,55.75,55.8,55.85,55.9,192.0,1.0,1578.0,705.0,False,False
006208,2022-10-26 09:55:47.934792,0.0008960573476703981,-0.0026833631484793896,0.05000000000000426,-0.14999999999999858,55.75,55.8,55.85,55.9,192.0,1.0,1578.0,705.0,False,False
006208,2022-10-26 09:55:47.936452,0.0008960573476703981,-0.0026833631484793896,0.05000000000000426,-0.14999999999999858,55.75,55.8,55.85,55.9,192.0,1.0,1578.0,705.0,False,False
006208,2022-10-26 09:55:48.033248,0.0008960573476703981,-0.0026833631484793896,0.05000000000000426,-0.14999999999999858,55.75,55.8,55.85,55.9,92.0,1.0,1578.0,705.0,False,False
006208,2022-10-26 09:55:48.958751,0.0008960573476703981,-0.0026833631484793896,0.05000000000000426,-0.14999999999999858,55.75,55.8,55.85,55.9,92.0,1.0,1578.0,705.0,False,False
006208,2022-10-26 09:55:48.978547,0.0008960573476703981,-0.0026833631484793896,0.05000000000000426,-0.14999999999999858,55.75,55.8,55.85,55.9,92.0,1.0,1578.0,705.0,False,False
006208,2022-10-26 09:55:49.160095,0.0008960573476703981,-0.0026833631484793896,0.05000000000000426,-0.14999999999999858,55.75,55.8,55.85,55.9,92.0,1.0,1578.0,705.0,False,False
006208,2022-10-26 09:55:50.405340,0.0,-0.0026833631484793896,0.0,-0.14999999999999858,55.75,55.85,55.85,55.9,92.0,306.0,1578.0,705.0,False,False
006208,2022-10-26 09:55:50.437320,0.0,-0.0026833631484793896,0.0,-0.14999999999999858,55.75,55.85,55.85,55.9,92.0,306.0,1578.0,705.0,False,False
006208,2022-10-26 09:55:50.468996,0.0,-0.0026833631484793896,0.0,-0.14999999999999858,55.75,55.85,55.85,55.9,92.0,306.0,1578.0,705.0,False,False
006208,2022-10-26 09:55:50.568288,0.0,-0.0026833631484793896,0.0,-0.14999999999999858,55.75,55.85,55.85,55.9,92.0,266.0,1578.0,705.0,False,False
006208,2022-10-26 09:55:50.640386,0.0,-0.0026833631484793896,0.0,-0.14999999999999858,55.75,55.85,55.85,55.9,92.0,266.0,1578.0,705.0,False,False
006208,2022-10-26 09:55:51.925973,0.0,-0.0026833631484793896,0.0,-0.14999999999999858,55.75,55.85,55.85,55.9,92.0,266.0,1578.0,705.0,False,False
006208,2022-10-26 09:55:51.947504,0.0,-0.0026833631484793896,0.0,-0.14999999999999858,55.75,55.85,55.85,55.9,92.0,266.0,1578.0,705.0,False,False
006208,2022-10-26 09:55:52.074061,0.0,-0.0026833631484793896,0.0,-0.14999999999999858,55.75,55.85,55.85,55.9,92.0,266.0,1578.0,705.0,False,False
006208,2022-10-26 09:55:52.086381,0.0,-0.0026833631484793896,0.0,-0.14999999999999858,55.75,55.85,55.85,55.9,92.0,266.0,1578.0,705.0,False,False
006208,2022-10-26 09:55:53.634112,0.0,-0.0026833631484793896,0.0,-0.14999999999999858,55.75,55.85,55.85,55.9,92.0,266.0,1578.0,705.0,False,False
006208,2022-10-26 09:55:54.150900,0.0,-0.0026833631484793896,0.0,-0.14999999999999858,55.75,55.85,55.85,55.9,92.0,266.0,1578.0,1604.0,True,True
006208,2022-10-26 09:55:54.703157,0.0,-0.0026833631484793896,0.0,-0.14999999999999858,55.75,55.85,55.85,55.9,92.0,266.0,1578.0,1604.0,False,False
006208,2022-10-26 09:55:57.926728,0.0,-0.0026833631484793896,0.0,-0.14999999999999858,55.75,55.85,55.85,55.9,92.0,266.0,1578.0,1604.0,False,False
006208,2022-10-26 09:55:58.026096,0.0,-0.0026833631484793896,0.0,-0.14999999999999858,55.75,55.85,55.85,55.9,92.0,266.0,1578.0,1604.0,False,False
006208,2022-10-26 09:56:00.296962,0.0,-0.0026833631484793896,0.0,-0.14999999999999858,55.75,55.85,55.85,55.9,92.0,266.0,1578.0,1604.0,False,False
006208,2022-10-26 09:56:00.297216,0.0,-0.0026833631484793896,0.0,-0.14999999999999858,55.75,55.85,55.85,55.9,92.0,246.0,1578.0,1604.0,False,False
006208,2022-10-26 09:56:00.414062,0.0,-0.0026833631484793896,0.0,-0.14999999999999858,55.75,55.85,55.85,55.9,92.0,245.0,1578.0,1604.0,False,False
006208,2022-10-26 09:56:00.587899,0.0,-0.0026833631484793896,0.0,-0.14999999999999858,55.75,55.85,55.85,55.9,92.0,245.0,1578.0,1604.0,False,False
006208,2022-10-26 09:56:00.637315,0.0,-0.0026833631484793896,0.0,-0.14999999999999858,55.75,55.85,55.85,55.9,92.0,265.0,1578.0,1604.0,False,False
006208,2022-10-26 09:56:00.769292,0.0,-0.0026833631484793896,0.0,-0.14999999999999858,55.75,55.85,55.85,55.9,92.0,265.0,1578.0,1604.0,False,False
006208,2022-10-26 09:56:04.185802,0.0,-0.0026833631484793896,0.0,-0.14999999999999858,55.75,55.85,55.85,55.9,92.0,265.0,1578.0,1554.0,True,True
006208,2022-10-26 09:56:05.007618,0.0,-0.0026833631484793896,0.0,-0.14999999999999858,55.75,55.85,55.85,55.9,92.0,264.0,1578.0,1554.0,False,False
006208,2022-10-26 09:56:05.248353,0.0,-0.0026833631484793896,0.0,-0.14999999999999858,55.75,55.85,55.85,55.9,92.0,264.0,1578.0,1554.0,False,False
006208,2022-10-26 09:56:05.248370,0.0,-0.0026833631484793896,0.0,-0.14999999999999858,55.75,55.85,55.85,55.9,92.0,264.0,1578.0,1554.0,False,False
006208,2022-10-26 09:56:06.625634,0.0,-0.0026833631484793896,0.0,-0.14999999999999858,55.75,55.85,55.85,55.9,92.0,264.0,1578.0,1554.0,False,False
006208,2022-10-26 09:56:06.625984,0.0,-0.0026833631484793896,0.0,-0.14999999999999858,55.75,55.85,55.85,55.9,92.0,244.0,1578.0,1554.0,False,False
006208,2022-10-26 09:56:07.715468,0.0,-0.0026833631484793896,0.0,-0.14999999999999858,55.75,55.85,55.85,55.9,92.0,244.0,1578.0,1554.0,False,False
006208,2022-10-26 09:56:07.715806,0.0,-0.0026833631484793896,0.0,-0.14999999999999858,55.75,55.85,55.85,55.9,92.0,264.0,1578.0,1554.0,False,False
006208,2022-10-26 09:56:10.392887,0.0,-0.0026833631484793896,0.0,-0.14999999999999858,55.75,55.85,55.85,55.9,92.0,263.0,1578.0,1554.0,False,False
006208,2022-10-26 09:56:10.542842,0.0,-0.0026833631484793896,0.0,-0.14999999999999858,55.75,55.85,55.85,55.9,92.0,263.0,1578.0,1554.0,False,False
006208,2022-10-26 09:56:10.543215,0.0,-0.0026833631484793896,0.0,-0.14999999999999858,55.75,55.85,55.85,55.9,92.0,243.0,1578.0,1554.0,False,False
006208,2022-10-26 09:56:10.741429,0.0,-0.0026833631484793896,0.0,-0.14999999999999858,55.75,55.85,55.85,55.9,92.0,243.0,1578.0,1554.0,False,False
006208,2022-10-26 09:56:10.747323,0.0,-0.0026833631484793896,0.0,-0.14999999999999858,55.75,55.85,55.85,55.9,92.0,243.0,1578.0,1554.0,False,False
006208,2022-10-26 09:56:10.879390,0.0,-0.0026833631484793896,0.0,-0.14999999999999858,55.75,55.85,55.85,55.9,92.0,243.0,1578.0,1554.0,False,False
006208,2022-10-26 09:56:11.453368,0.0,-0.0026833631484793896,0.0,-0.14999999999999858,55.75,55.85,55.85,55.9,92.0,243.0,1578.0,1554.0,False,False
006208,2022-10-26 09:56:11.453584,0.0,-0.0026833631484793896,0.0,-0.14999999999999858,55.75,55.85,55.85,55.9,92.0,263.0,1578.0,1554.0,False,False
006208,2022-10-26 09:56:14.219374,0.0,-0.0026833631484793896,0.0,-0.14999999999999858,55.75,55.85,55.85,55.9,92.0,263.0,1578.0,1554.0,True,True
006208,2022-10-26 09:56:20.388556,0.0,-0.0026833631484793896,0.0,-0.14999999999999858,55.75,55.85,55.85,55.9,92.0,262.0,1578.0,1554.0,False,False
006208,2022-10-26 09:56:20.862873,0.0,-0.0026833631484793896,0.0,-0.14999999999999858,55.75,55.85,55.85,55.9,92.0,262.0,1578.0,1554.0,False,False
006208,2022-10-26 09:56:20.865469,0.0,-0.0026833631484793896,0.0,-0.14999999999999858,55.75,55.85,55.85,55.9,92.0,262.0,1578.0,1554.0,False,False
006208,2022-10-26 09:56:20.996668,0.0,-0.0026833631484793896,0.0,-0.14999999999999858,55.75,55.85,55.85,55.9,92.0,262.0,1578.0,1554.0,False,False
006208,2022-10-26 09:56:24.258277,0.0,-0.0026833631484793896,0.0,-0.14999999999999858,55.75,55.85,55.85,55.9,92.0,262.0,1578.0,1554.0,True,True
006208,2022-10-26 09:56:24.347374,0.0,-0.0017889087656529634,0.0,-0.10000000000000142,55.8,55.85,55.85,55.9,1.0,262.0,1578.0,1554.0,False,False
006208,2022-10-26 09:56:24.384893,0.0,-0.0026833631484793896,0.0,-0.14999999999999858,55.75,55.85,55.85,55.9,92.0,262.0,1578.0,1554.0,False,False
006208,2022-10-26 09:56:24.421888,0.0,-0.0026833631484793896,0.0,-0.14999999999999858,55.75,55.85,55.85,55.9,92.0,262.0,1578.0,1554.0,False,False
006208,2022-10-26 09:56:24.548825,0.0,-0.0026833631484793896,0.0,-0.14999999999999858,55.75,55.85,55.85,55.9,132.0,262.0,1578.0,1554.0,False,False
006208,2022-10-26 09:56:24.732049,0.0,-0.0026833631484793896,0.0,-0.14999999999999858,55.75,55.85,55.85,55.9,92.0,262.0,1578.0,1554.0,False,False
006208,2022-10-26 09:56:24.862061,0.0,-0.0026833631484793896,0.0,-0.14999999999999858,55.75,55.85,55.85,55.9,92.0,262.0,1578.0,1554.0,False,False
006208,2022-10-26 09:56:30.413282,0.0,-0.0026833631484793896,0.0,-0.14999999999999858,55.75,55.85,55.85,55.9,92.0,261.0,1578.0,1554.0,False,False
006208,2022-10-26 09:56:34.287227,0.0,-0.0026833631484793896,0.0,-0.14999999999999858,55.75,55.85,55.85,55.9,92.0,261.0,1578.0,1551.0,True,True
006208,2022-10-26 09:56:34.672932,0.0,-0.0026833631484793896,0.0,-0.14999999999999858,55.75,55.85,55.85,55.9,17.0,261.0,1578.0,1551.0,False,False
006208,2022-10-26 09:56:34.673025,0.0,-0.0026833631484793896,0.0,-0.14999999999999858,55.75,55.85,55.85,55.9,17.0,261.0,1578.0,1551.0,False,False
006208,2022-10-26 09:56:34.855307,0.0,-0.0026833631484793896,0.0,-0.14999999999999858,55.75,55.85,55.85,55.9,17.0,261.0,1578.0,1551.0,False,False
006208,2022-10-26 09:56:35.013542,0.0,-0.0026833631484793896,0.0,-0.14999999999999858,55.75,55.85,55.85,55.9,17.0,261.0,1578.0,1551.0,False,False
006208,2022-10-26 09:56:37.973975,0.0,-0.0026833631484793896,0.0,-0.14999999999999858,55.75,55.85,55.85,55.9,17.0,260.0,1578.0,1551.0,False,False
006208,2022-10-26 09:56:38.242481,0.0,-0.0026833631484793896,0.0,-0.14999999999999858,55.75,55.85,55.85,55.9,18.0,260.0,1578.0,1551.0,False,False
006208,2022-10-26 09:56:44.328609,0.0,-0.0026833631484793896,0.0,-0.14999999999999858,55.75,55.85,55.85,55.9,18.0,260.0,1578.0,1521.0,True,True
006208,2022-10-26 09:56:44.967277,0.0,-0.0026833631484793896,0.0,-0.14999999999999858,55.75,55.85,55.85,55.9,18.0,260.0,1578.0,1521.0,False,False
006208,2022-10-26 09:56:45.009960,0.0,-0.0026833631484793896,0.0,-0.14999999999999858,55.75,55.85,55.85,55.9,18.0,260.0,1578.0,1521.0,False,False
006208,2022-10-26 09:56:45.109741,0.0,-0.0026833631484793896,0.0,-0.14999999999999858,55.75,55.85,55.85,55.9,18.0,260.0,1578.0,1521.0,False,False
006208,2022-10-26 09:56:46.173237,0.0,-0.0026833631484793896,0.0,-0.14999999999999858,55.75,55.85,55.85,55.9,18.0,260.0,1578.0,1521.0,False,False
006208,2022-10-26 09:56:46.195802,0.0,-0.0026833631484793896,0.0,-0.14999999999999858,55.75,55.85,55.85,55.9,18.0,260.0,1578.0,1521.0,False,False
006208,2022-10-26 09:56:46.316120,0.0,-0.0026833631484793896,0.0,-0.14999999999999858,55.75,55.85,55.85,55.9,18.0,294.0,1578.0,1521.0,False,False
006208,2022-10-26 09:56:46.322762,0.0,-0.0026833631484793896,0.0,-0.14999999999999858,55.75,55.85,55.85,55.9,18.0,294.0,1578.0,1521.0,False,False
006208,2022-10-26 09:56:46.608665,0.0,-0.0026833631484793896,0.0,-0.14999999999999858,55.75,55.85,55.85,55.9,18.0,294.0,1578.0,1521.0,False,False
006208,2022-10-26 09:56:46.609049,0.0,-0.0026833631484793896,0.0,-0.14999999999999858,55.75,55.85,55.85,55.9,18.0,274.0,1578.0,1521.0,False,False
006208,2022-10-26 09:56:48.605221,0.0,-0.0026833631484793896,0.0,-0.14999999999999858,55.75,55.85,55.85,55.9,18.0,274.0,1578.0,1521.0,False,False
006208,2022-10-26 09:56:48.605375,0.0,-0.0026833631484793896,0.0,-0.14999999999999858,55.75,55.85,55.85,55.9,18.0,294.0,1578.0,1521.0,False,False
006208,2022-10-26 09:56:49.585514,0.0,-0.0026833631484793896,0.0,-0.14999999999999858,55.75,55.85,55.85,55.9,18.0,295.0,1578.0,1521.0,False,False
006208,2022-10-26 09:56:50.150139,0.0,-0.0026833631484793896,0.0,-0.14999999999999858,55.75,55.85,55.85,55.9,18.0,295.0,1578.0,1521.0,False,False
006208,2022-10-26 09:56:50.403290,0.0,-0.0026833631484793896,0.0,-0.14999999999999858,55.75,55.85,55.85,55.9,18.0,294.0,1578.0,1521.0,False,False
006208,2022-10-26 09:56:52.423115,0.0,-0.0026833631484793896,0.0,-0.14999999999999858,55.75,55.85,55.85,55.9,18.0,294.0,1578.0,1521.0,False,False
006208,2022-10-26 09:56:52.537404,0.0008960573476703981,-0.0026833631484793896,0.05000000000000426,-0.14999999999999858,55.75,55.8,55.85,55.9,18.0,40.0,1578.0,1521.0,False,False
006208,2022-10-26 09:56:52.666148,0.0008960573476703981,-0.0026833631484793896,0.05000000000000426,-0.14999999999999858,55.75,55.8,55.85,55.9,18.0,40.0,1578.0,1521.0,False,False
006208,2022-10-26 09:56:52.770982,0.0,-0.0026833631484793896,0.0,-0.14999999999999858,55.75,55.85,55.85,55.9,18.0,334.0,1578.0,1521.0,False,False
006208,2022-10-26 09:56:52.902486,0.0,-0.0026833631484793896,0.0,-0.14999999999999858,55.75,55.85,55.85,55.9,18.0,334.0,1578.0,1521.0,False,False
006208,2022-10-26 09:56:53.033980,0.0,-0.0026833631484793896,0.0,-0.14999999999999858,55.75,55.85,55.85,55.9,18.0,334.0,1578.0,1521.0,False,False
006208,2022-10-26 09:56:53.053830,0.0,-0.0026833631484793896,0.0,-0.14999999999999858,55.75,55.85,55.85,55.9,18.0,294.0,1578.0,1521.0,False,False
006208,2022-10-26 09:56:53.337300,0.0,-0.0026833631484793896,0.0,-0.14999999999999858,55.75,55.85,55.85,55.9,18.0,294.0,1578.0,1521.0,False,False
006208,2022-10-26 09:56:53.396322,0.0008960573476703981,-0.0026833631484793896,0.05000000000000426,-0.14999999999999858,55.75,55.8,55.85,55.9,18.0,40.0,1578.0,1521.0,False,False
006208,2022-10-26 09:56:53.455225,0.0008960573476703981,-0.0026833631484793896,0.05000000000000426,-0.14999999999999858,55.75,55.8,55.85,55.9,18.0,40.0,1578.0,1521.0,False,False
006208,2022-10-26 09:56:53.558507,0.0008960573476703981,-0.0026833631484793896,0.05000000000000426,-0.14999999999999858,55.75,55.8,55.85,55.9,18.0,40.0,1578.0,1521.0,False,False
006208,2022-10-26 09:56:53.596796,0.0008960573476703981,-0.0026833631484793896,0.05000000000000426,-0.14999999999999858,55.75,55.8,55.85,55.9,18.0,40.0,1578.0,1521.0,False,False
006208,2022-10-26 09:56:53.773429,0.0,-0.0026833631484793896,0.0,-0.14999999999999858,55.75,55.85,55.85,55.9,18.0,334.0,1578.0,1521.0,False,False
006208,2022-10-26 09:56:53.952259,0.0,-0.0026833631484793896,0.0,-0.14999999999999858,55.75,55.85,55.85,55.9,18.0,334.0,1578.0,1521.0,False,False
006208,2022-10-26 09:56:53.977488,0.0,-0.0026833631484793896,0.0,-0.14999999999999858,55.75,55.85,55.85,55.9,18.0,294.0,1578.0,1521.0,False,False
006208,2022-10-26 09:56:54.172042,0.0,-0.0026833631484793896,0.0,-0.14999999999999858,55.75,55.85,55.85,55.9,18.0,294.0,1578.0,1521.0,False,False
006208,2022-10-26 09:56:54.276908,0.0,-0.0026833631484793896,0.0,-0.14999999999999858,55.75,55.85,55.85,55.9,18.0,294.0,1578.0,1521.0,False,False
006208,2022-10-26 09:56:54.368786,0.0,-0.0026833631484793896,0.0,-0.14999999999999858,55.75,55.85,55.85,55.9,18.0,294.0,1578.0,2431.0,True,True
006208,2022-10-26 09:56:54.325054,0.0,-0.0026833631484793896,0.0,-0.14999999999999858,55.75,55.85,55.85,55.9,18.0,294.0,1578.0,2431.0,False,False
006208,2022-10-26 09:56:55.337447,0.0,-0.0026833631484793896,0.0,-0.14999999999999858,55.75,55.85,55.85,55.9,18.0,294.0,1578.0,2431.0,False,False
006208,2022-10-26 09:56:55.400925,0.0008960573476703981,-0.0026833631484793896,0.05000000000000426,-0.14999999999999858,55.75,55.8,55.85,55.9,18.0,40.0,1578.0,2431.0,False,False
006208,2022-10-26 09:56:55.463355,0.0008960573476703981,-0.0026833631484793896,0.05000000000000426,-0.14999999999999858,55.75,55.8,55.85,55.9,18.0,40.0,1578.0,2431.0,False,False
006208,2022-10-26 09:56:55.657145,0.0,-0.0026833631484793896,0.0,-0.14999999999999858,55.75,55.85,55.85,55.9,18.0,314.0,1578.0,2431.0,False,False
006208,2022-10-26 09:56:55.687167,0.0,-0.0026833631484793896,0.0,-0.14999999999999858,55.75,55.85,55.85,55.9,18.0,314.0,1578.0,2431.0,False,False
006208,2022-10-26 09:56:55.819733,0.0,-0.0026833631484793896,0.0,-0.14999999999999858,55.75,55.85,55.85,55.9,18.0,274.0,1578.0,2431.0,False,False
006208,2022-10-26 09:56:55.950088,0.0,-0.0026833631484793896,0.0,-0.14999999999999858,55.75,55.85,55.85,55.9,18.0,274.0,1578.0,2431.0,False,False
006208,2022-10-26 09:56:56.899285,0.0,-0.0026833631484793896,0.0,-0.14999999999999858,55.75,55.85,55.85,55.9,18.0,274.0,1578.0,2431.0,False,False
006208,2022-10-26 09:56:56.910902,0.0,-0.0026833631484793896,0.0,-0.14999999999999858,55.75,55.85,55.85,55.9,18.0,274.0,1578.0,2431.0,False,False
006208,2022-10-26 09:56:56.977761,0.0,-0.0026833631484793896,0.0,-0.14999999999999858,55.75,55.85,55.85,55.9,18.0,274.0,1578.0,2431.0,False,False
006208,2022-10-26 09:56:57.050586,0.0,-0.0026833631484793896,0.0,-0.14999999999999858,55.75,55.85,55.85,55.9,18.0,274.0,1578.0,2431.0,False,False
006208,2022-10-26 09:56:59.106439,0.0,-0.0026833631484793896,0.0,-0.14999999999999858,55.75,55.85,55.85,55.9,18.0,274.0,1578.0,2431.0,False,False
006208,2022-10-26 09:56:59.106743,0.0,-0.0026833631484793896,0.0,-0.14999999999999858,55.75,55.85,55.85,55.9,18.0,294.0,1578.0,2431.0,False,False
006208,2022-10-26 09:56:59.836934,0.0,-0.0026833631484793896,0.0,-0.14999999999999858,55.75,55.85,55.85,55.9,18.0,294.0,1578.0,2431.0,False,False
006208,2022-10-26 09:56:59.868655,0.0,-0.0026833631484793896,0.0,-0.14999999999999858,55.75,55.85,55.85,55.9,18.0,260.0,1578.0,2431.0,False,False
006208,2022-10-26 09:57:00.382686,0.0,-0.0026833631484793896,0.0,-0.14999999999999858,55.75,55.85,55.85,55.9,18.0,259.0,1578.0,2431.0,False,False
006208,2022-10-26 09:57:01.210418,0.0,-0.0026833631484793896,0.0,-0.14999999999999858,55.75,55.85,55.85,55.9,18.0,259.0,1578.0,2431.0,False,False
006208,2022-10-26 09:57:01.254306,0.0008960573476703981,-0.0026833631484793896,0.05000000000000426,-0.14999999999999858,55.75,55.8,55.85,55.9,18.0,40.0,1578.0,2431.0,False,False
006208,2022-10-26 09:57:01.333863,0.0008960573476703981,-0.0026833631484793896,0.05000000000000426,-0.14999999999999858,55.75,55.8,55.85,55.9,18.0,40.0,1578.0,2431.0,False,False
006208,2022-10-26 09:57:01.421372,0.0008960573476703981,-0.0026833631484793896,0.05000000000000426,-0.14999999999999858,55.75,55.8,55.85,55.9,18.0,40.0,1578.0,2431.0,False,False
006208,2022-10-26 09:57:01.539083,0.0008960573476703981,-0.0026833631484793896,0.05000000000000426,-0.14999999999999858,55.75,55.8,55.85,55.9,18.0,40.0,1578.0,2431.0,False,False
006208,2022-10-26 09:57:01.836859,0.0,-0.0026833631484793896,0.0,-0.14999999999999858,55.75,55.85,55.85,55.9,18.0,299.0,1578.0,2431.0,False,False
006208,2022-10-26 09:57:01.877690,0.0,-0.0026833631484793896,0.0,-0.14999999999999858,55.75,55.85,55.85,55.9,18.0,299.0,1578.0,2431.0,False,False
006208,2022-10-26 09:57:02.030882,0.0,-0.0026833631484793896,0.0,-0.14999999999999858,55.75,55.85,55.85,55.9,18.0,259.0,1578.0,2431.0,False,False
006208,2022-10-26 09:57:02.058860,0.0,-0.0026833631484793896,0.0,-0.14999999999999858,55.75,55.85,55.85,55.9,18.0,259.0,1578.0,2431.0,False,False
006208,2022-10-26 09:57:02.288422,0.0,-0.0026833631484793896,0.0,-0.14999999999999858,55.75,55.85,55.85,55.9,18.0,259.0,1578.0,2431.0,False,False
006208,2022-10-26 09:57:02.348357,0.0,-0.0026833631484793896,0.0,-0.14999999999999858,55.75,55.85,55.85,55.9,18.0,259.0,1578.0,2431.0,False,False
006208,2022-10-26 09:57:02.563093,0.0,-0.0026833631484793896,0.0,-0.14999999999999858,55.75,55.85,55.85,55.9,18.0,259.0,1578.0,2431.0,False,False
006208,2022-10-26 09:57:02.563342,0.0,-0.0026833631484793896,0.0,-0.14999999999999858,55.75,55.85,55.85,55.9,18.0,259.0,1578.0,2431.0,False,False
006208,2022-10-26 09:57:04.396823,0.0,-0.0026833631484793896,0.0,-0.14999999999999858,55.75,55.85,55.85,55.9,18.0,259.0,1578.0,2131.0,True,True
006208,2022-10-26 09:57:04.553223,0.0,-0.0026833631484793896,0.0,-0.14999999999999858,55.75,55.85,55.85,55.9,18.0,259.0,1578.0,2131.0,False,False
006208,2022-10-26 09:57:04.655259,0.0,-0.0026833631484793896,0.0,-0.14999999999999858,55.75,55.85,55.85,55.9,18.0,259.0,1578.0,2131.0,False,False
006208,2022-10-26 09:57:05.683066,0.0,-0.0026833631484793896,0.0,-0.14999999999999858,55.75,55.85,55.85,55.9,18.0,259.0,1578.0,2131.0,False,False
006208,2022-10-26 09:57:07.254251,0.0,-0.0026833631484793896,0.0,-0.14999999999999858,55.75,55.85,55.85,55.9,18.0,259.0,1578.0,2131.0,False,False
006208,2022-10-26 09:57:07.588367,0.0008960573476703981,-0.0026833631484793896,0.05000000000000426,-0.14999999999999858,55.75,55.8,55.85,55.9,18.0,1.0,1578.0,2131.0,False,False
006208,2022-10-26 09:57:07.622920,0.0008960573476703981,-0.0026833631484793896,0.05000000000000426,-0.14999999999999858,55.75,55.8,55.85,55.9,18.0,1.0,1578.0,2131.0,False,False
006208,2022-10-26 09:57:07.776080,0.0008960573476703981,-0.0026833631484793896,0.05000000000000426,-0.14999999999999858,55.75,55.8,55.85,55.9,18.0,1.0,1578.0,2131.0,False,False
006208,2022-10-26 09:57:07.901839,0.0008960573476703981,-0.0026833631484793896,0.05000000000000426,-0.14999999999999858,55.75,55.8,55.85,55.9,18.0,1.0,1578.0,2131.0,False,False
006208,2022-10-26 09:57:08.749758,0.0008960573476703981,-0.0026833631484793896,0.05000000000000426,-0.14999999999999858,55.75,55.8,55.85,55.9,18.0,1.0,1578.0,2131.0,False,False
006208,2022-10-26 09:57:09.176084,0.0008960573476703981,-0.0026833631484793896,0.05000000000000426,-0.14999999999999858,55.75,55.8,55.85,55.9,18.0,1.0,1578.0,2131.0,False,False
006208,2022-10-26 09:57:09.186735,0.0008960573476703981,-0.0026833631484793896,0.05000000000000426,-0.14999999999999858,55.75,55.8,55.85,55.9,18.0,1.0,1578.0,2131.0,False,False
006208,2022-10-26 09:57:10.408539,0.0,-0.0026833631484793896,0.0,-0.14999999999999858,55.75,55.85,55.85,55.9,18.0,333.0,1578.0,2131.0,False,False
006208,2022-10-26 09:57:10.448372,0.0,-0.0026833631484793896,0.0,-0.14999999999999858,55.75,55.85,55.85,55.9,18.0,333.0,1578.0,2131.0,False,False
006208,2022-10-26 09:57:10.516946,0.0,-0.0026833631484793896,0.0,-0.14999999999999858,55.75,55.85,55.85,55.9,18.0,293.0,1578.0,2131.0,False,False
006208,2022-10-26 09:57:10.642182,0.0,-0.0026833631484793896,0.0,-0.14999999999999858,55.75,55.85,55.85,55.9,18.0,293.0,1578.0,2131.0,False,False
006208,2022-10-26 09:57:11.487446,0.0,-0.0026833631484793896,0.0,-0.14999999999999858,55.75,55.85,55.85,55.9,18.0,293.0,1578.0,2131.0,False,False
006208,2022-10-26 09:57:11.671150,0.0,-0.0026833631484793896,0.0,-0.14999999999999858,55.75,55.85,55.85,55.9,18.0,293.0,1578.0,2131.0,False,False
006208,2022-10-26 09:57:11.684681,0.0,-0.0026833631484793896,0.0,-0.14999999999999858,55.75,55.85,55.85,55.9,18.0,293.0,1578.0,2131.0,False,False
006208,2022-10-26 09:57:11.816937,0.0,-0.0026833631484793896,0.0,-0.14999999999999858,55.75,55.85,55.85,55.9,18.0,293.0,1578.0,2131.0,False,False
006208,2022-10-26 09:57:11.955288,0.0,-0.0026833631484793896,0.0,-0.14999999999999858,55.75,55.85,55.85,55.9,18.0,292.0,1578.0,2131.0,False,False
006208,2022-10-26 09:57:14.443299,0.0,-0.0026833631484793896,0.0,-0.14999999999999858,55.75,55.85,55.85,55.9,18.0,292.0,1678.0,2104.0,True,True
006208,2022-10-26 09:57:20.357228,0.0,-0.0026833631484793896,0.0,-0.14999999999999858,55.75,55.85,55.85,55.9,18.0,291.0,1678.0,2104.0,False,False
006208,2022-10-26 09:57:20.630277,0.0,-0.0026833631484793896,0.0,-0.14999999999999858,55.75,55.85,55.85,55.9,18.0,291.0,1678.0,2104.0,False,False
006208,2022-10-26 09:57:20.633441,0.0,-0.0026833631484793896,0.0,-0.14999999999999858,55.75,55.85,55.85,55.9,18.0,291.0,1678.0,2104.0,False,False
006208,2022-10-26 09:57:20.769932,0.0,-0.0026833631484793896,0.0,-0.14999999999999858,55.75,55.85,55.85,55.9,18.0,291.0,1678.0,2104.0,False,False
006208,2022-10-26 09:57:21.080734,0.0,-0.0026833631484793896,0.0,-0.14999999999999858,55.75,55.85,55.85,55.9,18.0,291.0,1678.0,2104.0,False,False
006208,2022-10-26 09:57:22.701934,0.0,-0.0026833631484793896,0.0,-0.14999999999999858,55.75,55.85,55.85,55.9,18.0,291.0,1678.0,2104.0,False,False
006208,2022-10-26 09:57:23.323887,0.0,-0.0026833631484793896,0.0,-0.14999999999999858,55.75,55.85,55.85,55.9,18.0,291.0,1678.0,2104.0,False,False
006208,2022-10-26 09:57:23.367622,0.0008960573476703981,-0.0026833631484793896,0.05000000000000426,-0.14999999999999858,55.75,55.8,55.85,55.9,18.0,40.0,1678.0,2104.0,False,False
006208,2022-10-26 09:57:23.497922,0.0,-0.0026833631484793896,0.0,-0.14999999999999858,55.75,55.85,55.85,55.9,18.0,291.0,1678.0,2104.0,False,False
006208,2022-10-26 09:57:23.543228,0.0,-0.0026833631484793896,0.0,-0.14999999999999858,55.75,55.85,55.85,55.9,18.0,331.0,1678.0,2104.0,False,False
006208,2022-10-26 09:57:23.722203,0.0,-0.0026833631484793896,0.0,-0.14999999999999858,55.75,55.85,55.85,55.9,18.0,291.0,1678.0,2104.0,False,False
006208,2022-10-26 09:57:23.873298,0.0008960573476703981,-0.0026833631484793896,0.05000000000000426,-0.14999999999999858,55.75,55.8,55.85,55.9,18.0,40.0,1678.0,2104.0,False,False
006208,2022-10-26 09:57:24.166247,0.0008960573476703981,-0.0026833631484793896,0.05000000000000426,-0.14999999999999858,55.75,55.8,55.85,55.9,18.0,40.0,1678.0,2104.0,False,False
006208,2022-10-26 09:57:24.473424,0.0008960573476703981,-0.0026833631484793896,0.05000000000000426,-0.14999999999999858,55.75,55.8,55.85,55.9,18.0,40.0,1678.0,2104.0,True,True
006208,2022-10-26 09:57:24.550485,0.0008960573476703981,-0.0026833631484793896,0.05000000000000426,-0.14999999999999858,55.75,55.8,55.85,55.9,18.0,40.0,1678.0,2104.0,False,False
006208,2022-10-26 09:57:24.619285,0.0008960573476703981,-0.0026833631484793896,0.05000000000000426,-0.14999999999999858,55.75,55.8,55.85,55.9,18.0,40.0,1678.0,2104.0,False,False
006208,2022-10-26 09:57:25.618366,0.0008960573476703981,-0.0026833631484793896,0.05000000000000426,-0.14999999999999858,55.75,55.8,55.85,55.9,18.0,40.0,1678.0,2104.0,False,False
006208,2022-10-26 09:57:26.432058,0.0008960573476703981,-0.0026833631484793896,0.05000000000000426,-0.14999999999999858,55.75,55.8,55.85,55.9,18.0,40.0,1678.0,2104.0,False,False
006208,2022-10-26 09:57:26.552623,0.0008960573476703981,-0.0026833631484793896,0.05000000000000426,-0.14999999999999858,55.75,55.8,55.85,55.9,18.0,40.0,1678.0,2104.0,False,False
006208,2022-10-26 09:57:26.562820,0.0008960573476703981,-0.0026833631484793896,0.05000000000000426,-0.14999999999999858,55.75,55.8,55.85,55.9,18.0,40.0,1678.0,2104.0,False,False
006208,2022-10-26 09:57:30.367695,0.0008960573476703981,-0.0026833631484793896,0.05000000000000426,-0.14999999999999858,55.75,55.8,55.85,55.9,18.0,39.0,1678.0,2104.0,False,False
006208,2022-10-26 09:57:31.441376,0.0008960573476703981,-0.0026833631484793896,0.05000000000000426,-0.14999999999999858,55.75,55.8,55.85,55.9,18.0,39.0,1678.0,2104.0,False,False
006208,2022-10-26 09:57:31.509096,0.0008960573476703981,-0.0026833631484793896,0.05000000000000426,-0.14999999999999858,55.75,55.8,55.85,55.9,18.0,39.0,1678.0,2104.0,False,False
006208,2022-10-26 09:57:31.570583,0.0008960573476703981,-0.0026833631484793896,0.05000000000000426,-0.14999999999999858,55.75,55.8,55.85,55.9,18.0,39.0,1678.0,2104.0,False,False
006208,2022-10-26 09:57:31.777647,0.0008960573476703981,-0.0026833631484793896,0.05000000000000426,-0.14999999999999858,55.75,55.8,55.85,55.9,18.0,39.0,1678.0,2104.0,False,False
006208,2022-10-26 09:57:32.475837,0.0008960573476703981,-0.0026833631484793896,0.05000000000000426,-0.14999999999999858,55.75,55.8,55.85,55.9,18.0,39.0,1678.0,2104.0,False,False
006208,2022-10-26 09:57:32.500113,0.0008960573476703981,-0.0026833631484793896,0.05000000000000426,-0.14999999999999858,55.75,55.8,55.85,55.9,18.0,39.0,1678.0,2104.0,False,False
006208,2022-10-26 09:57:34.153082,0.0008960573476703981,-0.0026833631484793896,0.05000000000000426,-0.14999999999999858,55.75,55.8,55.85,55.9,18.0,39.0,1678.0,2104.0,False,False
006208,2022-10-26 09:57:34.157143,0.0008960573476703981,-0.0026833631484793896,0.05000000000000426,-0.14999999999999858,55.75,55.8,55.85,55.9,18.0,39.0,1678.0,2104.0,False,False
006208,2022-10-26 09:57:34.279916,0.0008960573476703981,-0.0026833631484793896,0.05000000000000426,-0.14999999999999858,55.75,55.8,55.85,55.9,18.0,39.0,1678.0,2104.0,False,False
006208,2022-10-26 09:57:34.293298,0.0008960573476703981,-0.0026833631484793896,0.05000000000000426,-0.14999999999999858,55.75,55.8,55.85,55.9,18.0,39.0,1678.0,2104.0,False,False
006208,2022-10-26 09:57:34.505617,0.0008960573476703981,-0.0026833631484793896,0.05000000000000426,-0.14999999999999858,55.75,55.8,55.85,55.9,18.0,39.0,2178.0,2054.0,True,True
006208,2022-10-26 09:57:34.494174,0.0008960573476703981,-0.0026833631484793896,0.05000000000000426,-0.14999999999999858,55.75,55.8,55.85,55.9,18.0,39.0,2178.0,2054.0,False,False
006208,2022-10-26 09:57:36.968396,0.0008960573476703981,-0.0026833631484793896,0.05000000000000426,-0.14999999999999858,55.75,55.8,55.85,55.9,18.0,39.0,2178.0,2054.0,False,False
006208,2022-10-26 09:57:36.989356,0.0008960573476703981,-0.0026833631484793896,0.05000000000000426,-0.14999999999999858,55.75,55.8,55.85,55.9,18.0,39.0,2178.0,2054.0,False,False
006208,2022-10-26 09:57:37.095693,0.0008960573476703981,-0.0026833631484793896,0.05000000000000426,-0.14999999999999858,55.75,55.8,55.85,55.9,18.0,39.0,2178.0,2054.0,False,False
006208,2022-10-26 09:57:37.989121,0.0008960573476703981,-0.0026833631484793896,0.05000000000000426,-0.14999999999999858,55.75,55.8,55.85,55.9,18.0,139.0,2178.0,2054.0,False,False
006208,2022-10-26 09:57:37.989156,0.0008960573476703981,-0.0026833631484793896,0.05000000000000426,-0.14999999999999858,55.75,55.8,55.85,55.9,18.0,139.0,2178.0,2054.0,False,False
006208,2022-10-26 09:57:38.130758,0.0008960573476703981,-0.0026833631484793896,0.05000000000000426,-0.14999999999999858,55.75,55.8,55.85,55.9,18.0,139.0,2178.0,2054.0,False,False
006208,2022-10-26 09:57:38.201598,0.0008960573476703981,-0.0026833631484793896,0.05000000000000426,-0.14999999999999858,55.75,55.8,55.85,55.9,18.0,139.0,2178.0,2054.0,False,False
006208,2022-10-26 09:57:38.354407,0.0008960573476703981,-0.0026833631484793896,0.05000000000000426,-0.14999999999999858,55.75,55.8,55.85,55.9,18.0,159.0,2178.0,2054.0,False,False
006208,2022-10-26 09:57:38.415915,0.0008960573476703981,-0.0026833631484793896,0.05000000000000426,-0.14999999999999858,55.75,55.8,55.85,55.9,18.0,159.0,2178.0,2054.0,False,False
006208,2022-10-26 09:57:40.362901,0.0008960573476703981,-0.0026833631484793896,0.05000000000000426,-0.14999999999999858,55.75,55.8,55.85,55.9,18.0,158.0,2178.0,2054.0,False,False
006208,2022-10-26 09:57:41.084886,0.0008960573476703981,-0.0026833631484793896,0.05000000000000426,-0.14999999999999858,55.75,55.8,55.85,55.9,18.0,158.0,2178.0,2054.0,False,False
006208,2022-10-26 09:57:44.270328,0.0008960573476703981,-0.0026833631484793896,0.05000000000000426,-0.14999999999999858,55.75,55.8,55.85,55.9,18.0,158.0,2178.0,2054.0,False,False
006208,2022-10-26 09:57:44.354999,0.0008960573476703981,-0.0026833631484793896,0.05000000000000426,-0.14999999999999858,55.75,55.8,55.85,55.9,18.0,158.0,2178.0,2054.0,False,False
006208,2022-10-26 09:57:44.406525,0.0008960573476703981,-0.0026833631484793896,0.05000000000000426,-0.14999999999999858,55.75,55.8,55.85,55.9,18.0,158.0,2178.0,2054.0,False,False
006208,2022-10-26 09:57:44.540877,0.0008960573476703981,-0.0026833631484793896,0.05000000000000426,-0.14999999999999858,55.75,55.8,55.85,55.9,18.0,158.0,2178.0,2054.0,True,True
006208,2022-10-26 09:57:44.952839,0.0008960573476703981,-0.0026833631484793896,0.05000000000000426,-0.14999999999999858,55.75,55.8,55.85,55.9,18.0,157.0,2178.0,2054.0,False,False
006208,2022-10-26 09:57:44.980330,0.0008960573476703981,-0.0026833631484793896,0.05000000000000426,-0.14999999999999858,55.75,55.8,55.85,55.9,18.0,157.0,2178.0,2054.0,False,False
006208,2022-10-26 09:57:44.980558,0.0008960573476703981,-0.0026833631484793896,0.05000000000000426,-0.14999999999999858,55.75,55.8,55.85,55.9,18.0,157.0,2178.0,2054.0,False,False
006208,2022-10-26 09:57:45.393827,0.0008960573476703981,-0.0026833631484793896,0.05000000000000426,-0.14999999999999858,55.75,55.8,55.85,55.9,18.0,157.0,2178.0,2054.0,False,False
006208,2022-10-26 09:57:47.827919,0.0008960573476703981,-0.0026833631484793896,0.05000000000000426,-0.14999999999999858,55.75,55.8,55.85,55.9,18.0,137.0,2178.0,2054.0,False,False
006208,2022-10-26 09:57:47.842247,0.0008960573476703981,-0.0026833631484793896,0.05000000000000426,-0.14999999999999858,55.75,55.8,55.85,55.9,18.0,137.0,2178.0,2054.0,False,False
006208,2022-10-26 09:57:51.528947,0.0008960573476703981,-0.0026833631484793896,0.05000000000000426,-0.14999999999999858,55.75,55.8,55.85,55.9,18.0,137.0,2178.0,2054.0,False,False
006208,2022-10-26 09:57:51.558321,0.0008960573476703981,-0.0026833631484793896,0.05000000000000426,-0.14999999999999858,55.75,55.8,55.85,55.9,18.0,137.0,2178.0,2054.0,False,False
006208,2022-10-26 09:57:52.153597,0.0008960573476703981,-0.0026833631484793896,0.05000000000000426,-0.14999999999999858,55.75,55.8,55.85,55.9,18.0,137.0,2178.0,2054.0,False,False
006208,2022-10-26 09:57:52.264804,0.0008960573476703981,-0.0026833631484793896,0.05000000000000426,-0.14999999999999858,55.75,55.8,55.85,55.9,18.0,212.0,2178.0,2054.0,False,False
006208,2022-10-26 09:57:52.315604,0.0008960573476703981,-0.0026833631484793896,0.05000000000000426,-0.14999999999999858,55.75,55.8,55.85,55.9,18.0,212.0,2178.0,2054.0,False,False
006208,2022-10-26 09:57:52.433506,0.0008960573476703981,-0.0026833631484793896,0.05000000000000426,-0.14999999999999858,55.75,55.8,55.85,55.9,18.0,212.0,2178.0,2054.0,False,False
006208,2022-10-26 09:57:53.179855,0.0008960573476703981,-0.0026833631484793896,0.05000000000000426,-0.14999999999999858,55.75,55.8,55.85,55.9,8.0,212.0,2178.0,2054.0,False,False
006208,2022-10-26 09:57:53.211236,0.0008960573476703981,-0.003577817531305816,0.05000000000000426,-0.19999999999999574,55.7,55.8,55.85,55.9,92.0,212.0,2178.0,2054.0,False,False
006208,2022-10-26 09:57:53.241721,0.0008960573476703981,-0.003577817531305816,0.05000000000000426,-0.19999999999999574,55.7,55.8,55.85,55.9,92.0,212.0,2178.0,2054.0,False,False
006208,2022-10-26 09:57:53.244576,0.0008960573476703981,-0.003577817531305816,0.05000000000000426,-0.19999999999999574,55.7,55.8,55.85,55.9,92.0,212.0,2178.0,2054.0,False,False
006208,2022-10-26 09:57:53.374823,0.0008960573476703981,-0.003577817531305816,0.05000000000000426,-0.19999999999999574,55.7,55.8,55.85,55.9,52.0,212.0,2178.0,2054.0,False,False
006208,2022-10-26 09:57:53.503418,0.0008960573476703981,-0.003577817531305816,0.05000000000000426,-0.19999999999999574,55.7,55.8,55.85,55.9,52.0,212.0,2178.0,2054.0,False,False
006208,2022-10-26 09:57:53.623531,0.0008960573476703981,-0.003577817531305816,0.05000000000000426,-0.19999999999999574,55.7,55.8,55.85,55.9,52.0,232.0,2178.0,2054.0,False,False
006208,2022-10-26 09:57:53.662115,0.0008960573476703981,-0.003577817531305816,0.05000000000000426,-0.19999999999999574,55.7,55.8,55.85,55.9,52.0,232.0,2178.0,2054.0,False,False
006208,2022-10-26 09:57:53.890690,0.0008960573476703981,-0.003577817531305816,0.05000000000000426,-0.19999999999999574,55.7,55.8,55.85,55.9,52.0,242.0,2178.0,2054.0,False,False
006208,2022-10-26 09:57:54.300705,0.0008960573476703981,-0.003577817531305816,0.05000000000000426,-0.19999999999999574,55.7,55.8,55.85,55.9,52.0,242.0,2178.0,2054.0,False,False
006208,2022-10-26 09:57:54.373290,0.0008960573476703981,-0.003577817531305816,0.05000000000000426,-0.19999999999999574,55.7,55.8,55.85,55.9,52.0,242.0,2178.0,2054.0,False,False
006208,2022-10-26 09:57:54.504435,0.0008960573476703981,-0.003577817531305816,0.05000000000000426,-0.19999999999999574,55.7,55.8,55.85,55.9,52.0,272.0,2178.0,2054.0,False,False
006208,2022-10-26 09:57:54.583089,0.0008960573476703981,-0.003577817531305816,0.05000000000000426,-0.19999999999999574,55.7,55.8,55.85,55.9,52.0,272.0,2278.0,2054.0,True,True
006208,2022-10-26 09:57:54.598615,0.0008960573476703981,-0.003577817531305816,0.05000000000000426,-0.19999999999999574,55.7,55.8,55.85,55.9,52.0,272.0,2278.0,2054.0,False,False
006208,2022-10-26 09:57:54.866762,0.0008960573476703981,-0.003577817531305816,0.05000000000000426,-0.19999999999999574,55.7,55.8,55.85,55.9,52.0,272.0,2278.0,2054.0,False,False
006208,2022-10-26 09:57:55.325180,0.0008960573476703981,-0.003577817531305816,0.05000000000000426,-0.19999999999999574,55.7,55.8,55.85,55.9,18.0,272.0,2278.0,2054.0,False,False
006208,2022-10-26 09:57:55.346364,0.0008960573476703981,-0.003577817531305816,0.05000000000000426,-0.19999999999999574,55.7,55.8,55.85,55.9,18.0,272.0,2278.0,2054.0,False,False
006208,2022-10-26 09:57:55.881453,0.0008960573476703981,-0.003577817531305816,0.05000000000000426,-0.19999999999999574,55.7,55.8,55.85,55.9,18.0,272.0,2278.0,2054.0,False,False
006208,2022-10-26 09:57:55.902981,0.0008960573476703981,-0.003577817531305816,0.05000000000000426,-0.19999999999999574,55.7,55.8,55.85,55.9,18.0,272.0,2278.0,2054.0,False,False
006208,2022-10-26 09:57:55.983797,0.0008960573476703981,-0.003577817531305816,0.05000000000000426,-0.19999999999999574,55.7,55.8,55.85,55.9,18.0,272.0,2278.0,2054.0,False,False
006208,2022-10-26 09:57:56.663315,0.0008960573476703981,-0.003577817531305816,0.05000000000000426,-0.19999999999999574,55.7,55.8,55.85,55.9,18.0,272.0,2278.0,2054.0,False,False
006208,2022-10-26 09:57:56.673014,0.0008960573476703981,-0.003577817531305816,0.05000000000000426,-0.19999999999999574,55.7,55.8,55.85,55.9,18.0,272.0,2278.0,2054.0,False,False
006208,2022-10-26 09:57:58.862012,0.0008960573476703981,-0.003577817531305816,0.05000000000000426,-0.19999999999999574,55.7,55.8,55.85,55.9,18.0,197.0,2278.0,2054.0,False,False
006208,2022-10-26 09:57:58.862150,0.0008960573476703981,-0.003577817531305816,0.05000000000000426,-0.19999999999999574,55.7,55.8,55.85,55.9,93.0,197.0,2278.0,2054.0,False,False
006208,2022-10-26 09:57:58.916051,0.0008960573476703981,-0.003577817531305816,0.05000000000000426,-0.19999999999999574,55.7,55.8,55.85,55.9,93.0,197.0,2278.0,2054.0,False,False
006208,2022-10-26 09:58:00.043657,0.0008960573476703981,-0.003577817531305816,0.05000000000000426,-0.19999999999999574,55.7,55.8,55.85,55.9,93.0,197.0,2278.0,2054.0,False,False
006208,2022-10-26 09:58:00.368341,0.0008960573476703981,-0.003577817531305816,0.05000000000000426,-0.19999999999999574,55.7,55.8,55.85,55.9,93.0,196.0,2278.0,2054.0,False,False
006208,2022-10-26 09:58:03.249579,0.0008960573476703981,-0.003577817531305816,0.05000000000000426,-0.19999999999999574,55.7,55.8,55.85,55.9,93.0,196.0,2278.0,2054.0,False,False
006208,2022-10-26 09:58:03.491766,0.0008960573476703981,-0.003577817531305816,0.05000000000000426,-0.19999999999999574,55.7,55.8,55.85,55.9,93.0,196.0,2278.0,2054.0,False,False
006208,2022-10-26 09:58:03.494309,0.0008960573476703981,-0.003577817531305816,0.05000000000000426,-0.19999999999999574,55.7,55.8,55.85,55.9,93.0,196.0,2278.0,2054.0,False,False
006208,2022-10-26 09:58:03.627701,0.0008960573476703981,-0.003577817531305816,0.05000000000000426,-0.19999999999999574,55.7,55.8,55.85,55.9,93.0,196.0,2278.0,2054.0,False,False
006208,2022-10-26 09:58:03.633017,0.0008960573476703981,-0.003577817531305816,0.05000000000000426,-0.19999999999999574,55.7,55.8,55.85,55.9,93.0,196.0,2278.0,2054.0,False,False
006208,2022-10-26 09:58:04.238741,0.0008960573476703981,-0.003577817531305816,0.05000000000000426,-0.19999999999999574,55.7,55.8,55.85,55.9,93.0,196.0,2278.0,2044.0,False,True
006208,2022-10-26 09:58:10.332320,0.0008960573476703981,-0.003577817531305816,0.05000000000000426,-0.19999999999999574,55.7,55.8,55.85,55.9,93.0,195.0,2278.0,2044.0,False,False
006208,2022-10-26 09:58:12.196640,0.0008960573476703981,-0.003577817531305816,0.05000000000000426,-0.19999999999999574,55.7,55.8,55.85,55.9,18.0,195.0,2278.0,2044.0,False,False
006208,2022-10-26 09:58:12.197129,0.0008960573476703981,-0.003577817531305816,0.05000000000000426,-0.19999999999999574,55.7,55.8,55.85,55.9,18.0,270.0,2278.0,2044.0,False,False
006208,2022-10-26 09:58:12.470651,0.0008960573476703981,-0.003577817531305816,0.05000000000000426,-0.19999999999999574,55.7,55.8,55.85,55.9,18.0,270.0,2278.0,2044.0,False,False
006208,2022-10-26 09:58:12.471462,0.0008960573476703981,-0.003577817531305816,0.05000000000000426,-0.19999999999999574,55.7,55.8,55.85,55.9,93.0,195.0,2278.0,2044.0,False,False
006208,2022-10-26 09:58:13.609839,0.0008960573476703981,-0.003577817531305816,0.05000000000000426,-0.19999999999999574,55.7,55.8,55.85,55.9,93.0,195.0,2278.0,2044.0,False,False
006208,2022-10-26 09:58:13.618007,0.0008960573476703981,-0.003577817531305816,0.05000000000000426,-0.19999999999999574,55.7,55.8,55.85,55.9,93.0,195.0,2278.0,2044.0,False,False
006208,2022-10-26 09:58:13.743998,0.0008960573476703981,-0.003577817531305816,0.05000000000000426,-0.19999999999999574,55.7,55.8,55.85,55.9,93.0,195.0,2278.0,2044.0,False,False
006208,2022-10-26 09:58:14.270914,0.0008960573476703981,-0.003577817531305816,0.05000000000000426,-0.19999999999999574,55.7,55.8,55.85,55.9,93.0,195.0,2278.0,2044.0,True,True
006208,2022-10-26 09:58:14.327030,0.0008960573476703981,-0.003577817531305816,0.05000000000000426,-0.19999999999999574,55.7,55.8,55.85,55.9,93.0,195.0,2278.0,2044.0,False,False
006208,2022-10-26 09:58:14.333735,0.0008960573476703981,-0.003577817531305816,0.05000000000000426,-0.19999999999999574,55.7,55.8,55.85,55.9,93.0,195.0,2278.0,2044.0,False,False
006208,2022-10-26 09:58:15.900356,0.0008960573476703981,-0.003577817531305816,0.05000000000000426,-0.19999999999999574,55.7,55.8,55.85,55.9,93.0,195.0,2278.0,2044.0,False,False
006208,2022-10-26 09:58:15.913299,0.0008960573476703981,-0.003577817531305816,0.05000000000000426,-0.19999999999999574,55.7,55.8,55.85,55.9,93.0,175.0,2278.0,2044.0,False,False
006208,2022-10-26 09:58:18.207203,0.0008960573476703981,-0.003577817531305816,0.05000000000000426,-0.19999999999999574,55.7,55.8,55.85,55.9,93.0,175.0,2278.0,2044.0,False,False
006208,2022-10-26 09:58:18.222219,0.0008960573476703981,-0.003577817531305816,0.05000000000000426,-0.19999999999999574,55.7,55.8,55.85,55.9,93.0,175.0,2278.0,2044.0,False,False
006208,2022-10-26 09:58:18.968788,0.0008960573476703981,-0.003577817531305816,0.05000000000000426,-0.19999999999999574,55.7,55.8,55.85,55.9,93.0,195.0,2278.0,2044.0,False,False
006208,2022-10-26 09:58:18.968841,0.0008960573476703981,-0.003577817531305816,0.05000000000000426,-0.19999999999999574,55.7,55.8,55.85,55.9,93.0,195.0,2278.0,2044.0,False,False
006208,2022-10-26 09:58:20.123987,0.0008960573476703981,-0.003577817531305816,0.05000000000000426,-0.19999999999999574,55.7,55.8,55.85,55.9,93.0,195.0,2278.0,2044.0,False,False
006208,2022-10-26 09:58:20.358575,0.0008960573476703981,-0.003577817531305816,0.05000000000000426,-0.19999999999999574,55.7,55.8,55.85,55.9,93.0,194.0,2278.0,2044.0,False,False
006208,2022-10-26 09:58:22.945390,0.0008960573476703981,-0.003577817531305816,0.05000000000000426,-0.19999999999999574,55.7,55.8,55.85,55.9,93.0,194.0,2278.0,2044.0,False,False
006208,2022-10-26 09:58:22.945495,0.0008960573476703981,-0.003577817531305816,0.05000000000000426,-0.19999999999999574,55.7,55.8,55.85,55.9,93.0,194.0,2278.0,2044.0,False,False
006208,2022-10-26 09:58:23.734193,0.0008960573476703981,-0.003577817531305816,0.05000000000000426,-0.19999999999999574,55.7,55.8,55.85,55.9,93.0,194.0,2278.0,2044.0,False,False
006208,2022-10-26 09:58:23.737761,0.0008960573476703981,-0.003577817531305816,0.05000000000000426,-0.19999999999999574,55.7,55.8,55.85,55.9,93.0,194.0,2278.0,2044.0,False,False
006208,2022-10-26 09:58:23.863915,0.0008960573476703981,-0.003577817531305816,0.05000000000000426,-0.19999999999999574,55.7,55.8,55.85,55.9,93.0,194.0,2278.0,2044.0,False,False
006208,2022-10-26 09:58:24.322535,0.0008960573476703981,-0.003577817531305816,0.05000000000000426,-0.19999999999999574,55.7,55.8,55.85,55.9,93.0,194.0,2278.0,2993.0,True,True
006208,2022-10-26 09:58:26.945203,0.0008960573476703981,-0.003577817531305816,0.05000000000000426,-0.19999999999999574,55.7,55.8,55.85,55.9,93.0,193.0,2278.0,2993.0,False,False
006208,2022-10-26 09:58:29.213642,0.0008960573476703981,-0.003577817531305816,0.05000000000000426,-0.19999999999999574,55.7,55.8,55.85,55.9,93.0,193.0,2278.0,2993.0,False,False
006208,2022-10-26 09:58:29.227442,0.0008960573476703981,-0.003577817531305816,0.05000000000000426,-0.19999999999999574,55.7,55.8,55.85,55.9,93.0,193.0,2278.0,2993.0,False,False
006208,2022-10-26 09:58:29.243276,0.0008960573476703981,-0.003577817531305816,0.05000000000000426,-0.19999999999999574,55.7,55.8,55.85,55.9,93.0,93.0,2278.0,2993.0,False,False
006208,2022-10-26 09:58:30.243038,0.0008960573476703981,-0.003577817531305816,0.05000000000000426,-0.19999999999999574,55.7,55.8,55.85,55.9,193.0,93.0,2278.0,2993.0,False,False
006208,2022-10-26 09:58:30.337871,0.0008960573476703981,-0.003577817531305816,0.05000000000000426,-0.19999999999999574,55.7,55.8,55.85,55.9,193.0,92.0,2278.0,2993.0,False,False
006208,2022-10-26 09:58:33.488148,0.0008960573476703981,-0.003577817531305816,0.05000000000000426,-0.19999999999999574,55.7,55.8,55.85,55.9,193.0,92.0,2278.0,2993.0,False,False
006208,2022-10-26 09:58:33.530354,0.0008960573476703981,-0.003577817531305816,0.05000000000000426,-0.19999999999999574,55.7,55.8,55.85,55.9,193.0,92.0,2278.0,2993.0,False,False
006208,2022-10-26 09:58:33.845912,0.0008960573476703981,-0.003577817531305816,0.05000000000000426,-0.19999999999999574,55.7,55.8,55.85,55.9,193.0,92.0,2278.0,2993.0,False,False
006208,2022-10-26 09:58:33.850086,0.0008960573476703981,-0.003577817531305816,0.05000000000000426,-0.19999999999999574,55.7,55.8,55.85,55.9,193.0,92.0,2278.0,2993.0,False,False
006208,2022-10-26 09:58:33.977464,0.0008960573476703981,-0.003577817531305816,0.05000000000000426,-0.19999999999999574,55.7,55.8,55.85,55.9,190.0,92.0,2278.0,2993.0,False,False
006208,2022-10-26 09:58:33.983574,0.0008960573476703981,-0.003577817531305816,0.05000000000000426,-0.19999999999999574,55.7,55.8,55.85,55.9,190.0,92.0,2278.0,2993.0,False,False
006208,2022-10-26 09:58:34.352733,0.0008960573476703981,-0.003577817531305816,0.05000000000000426,-0.19999999999999574,55.7,55.8,55.85,55.9,190.0,92.0,2278.0,2993.0,True,True
006208,2022-10-26 09:58:35.311863,0.0008960573476703981,-0.003577817531305816,0.05000000000000426,-0.19999999999999574,55.7,55.8,55.85,55.9,189.0,92.0,2278.0,2993.0,False,False
006208,2022-10-26 09:58:37.006522,0.0008960573476703981,-0.003577817531305816,0.05000000000000426,-0.19999999999999574,55.7,55.8,55.85,55.9,189.0,92.0,2278.0,2993.0,False,False
006208,2022-10-26 09:58:37.022972,0.0008960573476703981,-0.003577817531305816,0.05000000000000426,-0.19999999999999574,55.7,55.8,55.85,55.9,189.0,72.0,2278.0,2993.0,False,False
006208,2022-10-26 09:58:37.571366,0.0008960573476703981,-0.003577817531305816,0.05000000000000426,-0.19999999999999574,55.7,55.8,55.85,55.9,189.0,72.0,2278.0,2993.0,False,False
006208,2022-10-26 09:58:37.580840,0.0008960573476703981,-0.003577817531305816,0.05000000000000426,-0.19999999999999574,55.7,55.8,55.85,55.9,189.0,92.0,2278.0,2993.0,False,False
006208,2022-10-26 09:58:38.246305,0.0008960573476703981,-0.003577817531305816,0.05000000000000426,-0.19999999999999574,55.7,55.8,55.85,55.9,189.0,72.0,2278.0,2993.0,False,False
006208,2022-10-26 09:58:38.246435,0.0008960573476703981,-0.003577817531305816,0.05000000000000426,-0.19999999999999574,55.7,55.8,55.85,55.9,189.0,72.0,2278.0,2993.0,False,False
006208,2022-10-26 09:58:38.506566,0.0008960573476703981,-0.003577817531305816,0.05000000000000426,-0.19999999999999574,55.7,55.8,55.85,55.9,189.0,73.0,2278.0,2993.0,False,False
006208,2022-10-26 09:58:38.837292,0.0008960573476703981,-0.003577817531305816,0.05000000000000426,-0.19999999999999574,55.7,55.8,55.85,55.9,189.0,73.0,2278.0,2993.0,False,False
006208,2022-10-26 09:58:38.844435,0.0008960573476703981,-0.003577817531305816,0.05000000000000426,-0.19999999999999574,55.7,55.8,55.85,55.9,189.0,73.0,2278.0,2993.0,False,False
006208,2022-10-26 09:58:39.629178,0.0008960573476703981,-0.003577817531305816,0.05000000000000426,-0.19999999999999574,55.7,55.8,55.85,55.9,189.0,73.0,2278.0,2993.0,False,False
006208,2022-10-26 09:58:39.688077,0.0008960573476703981,-0.003577817531305816,0.05000000000000426,-0.19999999999999574,55.7,55.8,55.85,55.9,190.0,73.0,2278.0,2993.0,False,False
006208,2022-10-26 09:58:40.338413,0.0008960573476703981,-0.003577817531305816,0.05000000000000426,-0.19999999999999574,55.7,55.8,55.85,55.9,190.0,73.0,2278.0,2993.0,False,False
006208,2022-10-26 09:58:40.348619,0.0008960573476703981,-0.003577817531305816,0.05000000000000426,-0.19999999999999574,55.7,55.8,55.85,55.9,190.0,92.0,2278.0,2993.0,False,False
006208,2022-10-26 09:58:40.338592,0.0008960573476703981,-0.003577817531305816,0.05000000000000426,-0.19999999999999574,55.7,55.8,55.85,55.9,190.0,93.0,2278.0,2993.0,False,False
006208,2022-10-26 09:58:41.009952,0.0008960573476703981,-0.003577817531305816,0.05000000000000426,-0.19999999999999574,55.7,55.8,55.85,55.9,190.0,92.0,2278.0,2993.0,False,False
006208,2022-10-26 09:58:41.023187,0.0008960573476703981,-0.003577817531305816,0.05000000000000426,-0.19999999999999574,55.7,55.8,55.85,55.9,190.0,92.0,2278.0,2993.0,False,False
006208,2022-10-26 09:58:43.965267,0.0008960573476703981,-0.003577817531305816,0.05000000000000426,-0.19999999999999574,55.7,55.8,55.85,55.9,190.0,92.0,2278.0,2993.0,False,False
006208,2022-10-26 09:58:43.967925,0.0008960573476703981,-0.003577817531305816,0.05000000000000426,-0.19999999999999574,55.7,55.8,55.85,55.9,190.0,92.0,2278.0,2993.0,False,False
006208,2022-10-26 09:58:44.102466,0.0008960573476703981,-0.003577817531305816,0.05000000000000426,-0.19999999999999574,55.7,55.8,55.85,55.9,190.0,92.0,2278.0,2993.0,False,False
006208,2022-10-26 09:58:44.226844,0.0008960573476703981,-0.003577817531305816,0.05000000000000426,-0.19999999999999574,55.7,55.8,55.85,55.9,190.0,92.0,2278.0,2993.0,False,False
006208,2022-10-26 09:58:44.321046,0.0008960573476703981,-0.003577817531305816,0.05000000000000426,-0.19999999999999574,55.7,55.8,55.85,55.9,190.0,92.0,2278.0,2993.0,False,False
006208,2022-10-26 09:58:44.395161,0.0008960573476703981,-0.003577817531305816,0.05000000000000426,-0.19999999999999574,55.7,55.8,55.85,55.9,190.0,92.0,2278.0,2953.0,True,True
006208,2022-10-26 09:58:45.027068,0.0008960573476703981,-0.003577817531305816,0.05000000000000426,-0.19999999999999574,55.7,55.8,55.85,55.9,190.0,92.0,2278.0,2953.0,False,False
006208,2022-10-26 09:58:45.027163,0.0008960573476703981,-0.003577817531305816,0.05000000000000426,-0.19999999999999574,55.7,55.8,55.85,55.9,190.0,92.0,2278.0,2953.0,False,False
006208,2022-10-26 09:58:46.194284,0.0008960573476703981,-0.003577817531305816,0.05000000000000426,-0.19999999999999574,55.7,55.8,55.85,55.9,190.0,92.0,2278.0,2953.0,False,False
006208,2022-10-26 09:58:46.231361,0.0008960573476703981,-0.003577817531305816,0.05000000000000426,-0.19999999999999574,55.7,55.8,55.85,55.9,90.0,92.0,2278.0,2953.0,False,False
006208,2022-10-26 09:58:47.231311,0.0008960573476703981,-0.003577817531305816,0.05000000000000426,-0.19999999999999574,55.7,55.8,55.85,55.9,90.0,192.0,2278.0,2953.0,False,False
006208,2022-10-26 09:58:49.521629,0.0008960573476703981,-0.003577817531305816,0.05000000000000426,-0.19999999999999574,55.7,55.8,55.85,55.9,90.0,192.0,2278.0,2953.0,False,False
006208,2022-10-26 09:58:49.545861,0.0008960573476703981,-0.003577817531305816,0.05000000000000426,-0.19999999999999574,55.7,55.8,55.85,55.9,90.0,192.0,2278.0,2953.0,False,False
006208,2022-10-26 09:58:49.631650,0.0008960573476703981,-0.003577817531305816,0.05000000000000426,-0.19999999999999574,55.7,55.8,55.85,55.9,90.0,192.0,2278.0,2953.0,False,False
006208,2022-10-26 09:58:54.086723,0.0008960573476703981,-0.003577817531305816,0.05000000000000426,-0.19999999999999574,55.7,55.8,55.85,55.9,90.0,192.0,2278.0,2953.0,False,False
006208,2022-10-26 09:58:54.090348,0.0008960573476703981,-0.003577817531305816,0.05000000000000426,-0.19999999999999574,55.7,55.8,55.85,55.9,90.0,192.0,2278.0,2953.0,False,False
006208,2022-10-26 09:58:54.215438,0.0008960573476703981,-0.003577817531305816,0.05000000000000426,-0.19999999999999574,55.7,55.8,55.85,55.9,90.0,92.0,2278.0,2953.0,False,False
006208,2022-10-26 09:58:54.425171,0.0008960573476703981,-0.003577817531305816,0.05000000000000426,-0.19999999999999574,55.7,55.8,55.85,55.9,90.0,92.0,2278.0,2953.0,True,True
006208,2022-10-26 09:58:54.740001,0.0008960573476703981,-0.003577817531305816,0.05000000000000426,-0.19999999999999574,55.7,55.8,55.85,55.9,90.0,72.0,2278.0,2953.0,False,False
006208,2022-10-26 09:58:54.844898,0.0008960573476703981,-0.0026833631484793896,0.05000000000000426,-0.14999999999999858,55.75,55.8,55.85,55.9,75.0,72.0,2278.0,2953.0,False,False
006208,2022-10-26 09:58:54.921761,0.0008960573476703981,-0.0026833631484793896,0.05000000000000426,-0.14999999999999858,55.75,55.8,55.85,55.9,75.0,72.0,2278.0,2953.0,False,False
006208,2022-10-26 09:58:54.980465,0.0008960573476703981,-0.0026833631484793896,0.05000000000000426,-0.14999999999999858,55.75,55.8,55.85,55.9,75.0,72.0,2278.0,2953.0,False,False
006208,2022-10-26 09:58:55.070129,0.0008960573476703981,-0.0026833631484793896,0.05000000000000426,-0.14999999999999858,55.75,55.8,55.85,55.9,75.0,72.0,2278.0,2953.0,False,False
006208,2022-10-26 09:58:55.163614,0.0008960573476703981,-0.0026833631484793896,0.05000000000000426,-0.14999999999999858,55.75,55.8,55.85,55.9,75.0,72.0,2278.0,2953.0,False,False
006208,2022-10-26 09:58:55.334456,0.0008960573476703981,-0.0026833631484793896,0.05000000000000426,-0.14999999999999858,55.75,55.8,55.85,55.9,75.0,72.0,2278.0,2953.0,False,False
006208,2022-10-26 09:58:57.629301,0.0008960573476703981,-0.0026833631484793896,0.05000000000000426,-0.14999999999999858,55.75,55.8,55.85,55.9,75.0,72.0,2278.0,2953.0,False,False
006208,2022-10-26 09:58:57.694922,0.0008960573476703981,-0.0026833631484793896,0.05000000000000426,-0.14999999999999858,55.75,55.8,55.85,55.9,75.0,92.0,2278.0,2953.0,False,False
006208,2022-10-26 09:58:58.016376,0.0008960573476703981,-0.0026833631484793896,0.05000000000000426,-0.14999999999999858,55.75,55.8,55.85,55.9,75.0,92.0,2278.0,2953.0,False,False
006208,2022-10-26 09:58:58.093671,0.0008960573476703981,-0.0026833631484793896,0.05000000000000426,-0.14999999999999858,55.75,55.8,55.85,55.9,75.0,72.0,2278.0,2953.0,False,False
006208,2022-10-26 09:58:58.466768,0.0008960573476703981,-0.0026833631484793896,0.05000000000000426,-0.14999999999999858,55.75,55.8,55.85,55.9,75.0,72.0,2278.0,2953.0,False,False
006208,2022-10-26 09:58:58.473150,0.0008960573476703981,-0.0026833631484793896,0.05000000000000426,-0.14999999999999858,55.75,55.8,55.85,55.9,75.0,72.0,2278.0,2953.0,False,False
006208,2022-10-26 09:59:00.243866,0.0008960573476703981,-0.0026833631484793896,0.05000000000000426,-0.14999999999999858,55.75,55.8,55.85,55.9,75.0,72.0,2278.0,2953.0,False,False
006208,2022-10-26 09:59:00.354495,0.0008960573476703981,-0.0026833631484793896,0.05000000000000426,-0.14999999999999858,55.75,55.8,55.85,55.9,75.0,91.0,2278.0,2953.0,False,False
006208,2022-10-26 09:59:00.321129,0.0008960573476703981,-0.0026833631484793896,0.05000000000000426,-0.14999999999999858,55.75,55.8,55.85,55.9,75.0,92.0,2278.0,2953.0,False,False
006208,2022-10-26 09:59:00.959134,0.0008960573476703981,-0.0026833631484793896,0.05000000000000426,-0.14999999999999858,55.75,55.8,55.85,55.9,75.0,90.0,2278.0,2953.0,False,False
006208,2022-10-26 09:59:01.183795,0.0008960573476703981,-0.0026833631484793896,0.05000000000000426,-0.14999999999999858,55.75,55.8,55.85,55.9,75.0,70.0,2278.0,2953.0,False,False
006208,2022-10-26 09:59:01.184024,0.0008960573476703981,-0.0026833631484793896,0.05000000000000426,-0.14999999999999858,55.75,55.8,55.85,55.9,75.0,70.0,2278.0,2953.0,False,False
006208,2022-10-26 09:59:04.453268,0.0008960573476703981,-0.0026833631484793896,0.05000000000000426,-0.14999999999999858,55.75,55.8,55.85,55.9,75.0,70.0,1868.0,4042.0,True,True
006208,2022-10-26 09:59:05.322787,0.0008960573476703981,-0.0026833631484793896,0.05000000000000426,-0.14999999999999858,55.75,55.8,55.85,55.9,75.0,70.0,1868.0,4042.0,False,False
006208,2022-10-26 09:59:05.328691,0.0008960573476703981,-0.0026833631484793896,0.05000000000000426,-0.14999999999999858,55.75,55.8,55.85,55.9,75.0,70.0,1868.0,4042.0,False,False
006208,2022-10-26 09:59:05.459918,0.0008960573476703981,-0.0026833631484793896,0.05000000000000426,-0.14999999999999858,55.75,55.8,55.85,55.9,75.0,70.0,1868.0,4042.0,False,False
006208,2022-10-26 09:59:09.367277,0.0008960573476703981,-0.0026833631484793896,0.05000000000000426,-0.14999999999999858,55.75,55.8,55.85,55.9,76.0,70.0,1868.0,4042.0,False,False
006208,2022-10-26 09:59:10.302690,0.0008960573476703981,-0.0026833631484793896,0.05000000000000426,-0.14999999999999858,55.75,55.8,55.85,55.9,76.0,69.0,1868.0,4042.0,False,False
006208,2022-10-26 09:59:11.217647,0.0008960573476703981,-0.0026833631484793896,0.05000000000000426,-0.14999999999999858,55.75,55.8,55.85,55.9,76.0,69.0,1868.0,4042.0,False,False
006208,2022-10-26 09:59:11.217851,0.0008960573476703981,-0.0026833631484793896,0.05000000000000426,-0.14999999999999858,55.75,55.8,55.85,55.9,76.0,89.0,1868.0,4042.0,False,False
006208,2022-10-26 09:59:11.252158,0.0008960573476703981,-0.0026833631484793896,0.05000000000000426,-0.14999999999999858,55.75,55.8,55.85,55.9,1.0,89.0,1868.0,4042.0,False,False
006208,2022-10-26 09:59:12.142973,0.0008960573476703981,-0.0026833631484793896,0.05000000000000426,-0.14999999999999858,55.75,55.8,55.85,55.9,1.0,89.0,1868.0,4042.0,False,False
006208,2022-10-26 09:59:13.025654,0.0008960573476703981,-0.0026833631484793896,0.05000000000000426,-0.14999999999999858,55.75,55.8,55.85,55.9,1.0,89.0,1868.0,4042.0,False,False
006208,2022-10-26 09:59:14.507949,0.0008960573476703981,-0.0026833631484793896,0.05000000000000426,-0.14999999999999858,55.75,55.8,55.85,55.9,1.0,89.0,1868.0,4168.0,True,True
006208,2022-10-26 09:59:14.706934,0.0008960573476703981,-0.0026833631484793896,0.05000000000000426,-0.14999999999999858,55.75,55.8,55.85,55.9,1.0,89.0,1868.0,4168.0,False,False
006208,2022-10-26 09:59:15.442636,0.0008960573476703981,-0.0026833631484793896,0.05000000000000426,-0.14999999999999858,55.75,55.8,55.85,55.9,1.0,89.0,1868.0,4168.0,False,False
006208,2022-10-26 09:59:15.445310,0.0008960573476703981,-0.0026833631484793896,0.05000000000000426,-0.14999999999999858,55.75,55.8,55.85,55.9,1.0,89.0,1868.0,4168.0,False,False
006208,2022-10-26 09:59:15.575238,0.0008960573476703981,-0.0026833631484793896,0.05000000000000426,-0.14999999999999858,55.75,55.8,55.85,55.9,1.0,89.0,1868.0,4168.0,False,False
006208,2022-10-26 09:59:18.901442,0.0008960573476703981,-0.0026833631484793896,0.05000000000000426,-0.14999999999999858,55.75,55.8,55.85,55.9,1.0,89.0,1868.0,4168.0,False,False
006208,2022-10-26 09:59:20.313292,0.0008960573476703981,-0.0026833631484793896,0.05000000000000426,-0.14999999999999858,55.75,55.8,55.85,55.9,1.0,88.0,1868.0,4168.0,False,False
006208,2022-10-26 09:59:20.339710,0.0008960573476703981,-0.0026833631484793896,0.05000000000000426,-0.14999999999999858,55.75,55.8,55.85,55.9,1.0,88.0,1868.0,4168.0,False,False
006208,2022-10-26 09:59:21.340089,0.0008960573476703981,-0.0026833631484793896,0.05000000000000426,-0.14999999999999858,55.75,55.8,55.85,55.9,1.0,188.0,1868.0,4168.0,False,False
006208,2022-10-26 09:59:21.812249,0.0008960573476703981,-0.0026833631484793896,0.05000000000000426,-0.14999999999999858,55.75,55.8,55.85,55.9,1.0,188.0,1868.0,4168.0,False,False
006208,2022-10-26 09:59:21.823972,0.0008960573476703981,-0.0026833631484793896,0.05000000000000426,-0.14999999999999858,55.75,55.8,55.85,55.9,1.0,188.0,1868.0,4168.0,False,False
006208,2022-10-26 09:59:21.923803,0.0008960573476703981,-0.0026833631484793896,0.05000000000000426,-0.14999999999999858,55.75,55.8,55.85,55.9,1.0,188.0,1868.0,4168.0,False,False
006208,2022-10-26 09:59:22.718772,0.0008960573476703981,-0.0026833631484793896,0.05000000000000426,-0.14999999999999858,55.75,55.8,55.85,55.9,1.0,188.0,1868.0,4168.0,False,False
006208,2022-10-26 09:59:23.360786,0.0008960573476703981,-0.0026833631484793896,0.05000000000000426,-0.14999999999999858,55.75,55.8,55.85,55.9,1.0,188.0,1868.0,4168.0,False,False
006208,2022-10-26 09:59:23.454856,0.0008960573476703981,-0.0026833631484793896,0.05000000000000426,-0.14999999999999858,55.75,55.8,55.85,55.9,1.0,188.0,1868.0,4168.0,False,False
006208,2022-10-26 09:59:24.539078,0.0008960573476703981,-0.0026833631484793896,0.05000000000000426,-0.14999999999999858,55.75,55.8,55.85,55.9,1.0,188.0,1868.0,4648.0,True,True
006208,2022-10-26 09:59:25.564644,0.0008960573476703981,-0.0026833631484793896,0.05000000000000426,-0.14999999999999858,55.75,55.8,55.85,55.9,1.0,188.0,1868.0,4648.0,False,False
006208,2022-10-26 09:59:25.567679,0.0008960573476703981,-0.0026833631484793896,0.05000000000000426,-0.14999999999999858,55.75,55.8,55.85,55.9,1.0,188.0,1868.0,4648.0,False,False
006208,2022-10-26 09:59:25.714052,0.0008960573476703981,-0.0026833631484793896,0.05000000000000426,-0.14999999999999858,55.75,55.8,55.85,55.9,1.0,188.0,1868.0,4648.0,False,False
006208,2022-10-26 09:59:30.308213,0.0008960573476703981,-0.0026833631484793896,0.05000000000000426,-0.14999999999999858,55.75,55.8,55.85,55.9,1.0,187.0,1868.0,4648.0,False,False
006208,2022-10-26 09:59:33.893660,0.0008960573476703981,-0.0026833631484793896,0.05000000000000426,-0.14999999999999858,55.75,55.8,55.85,55.9,1.0,186.0,1868.0,4648.0,False,False
006208,2022-10-26 09:59:34.587627,0.0008960573476703981,-0.0026833631484793896,0.05000000000000426,-0.14999999999999858,55.75,55.8,55.85,55.9,1.0,186.0,1868.0,6646.0,True,True
006208,2022-10-26 09:59:35.538280,0.0008960573476703981,-0.0026833631484793896,0.05000000000000426,-0.14999999999999858,55.75,55.8,55.85,55.9,1.0,186.0,1868.0,6646.0,False,False
006208,2022-10-26 09:59:35.677187,0.0008960573476703981,-0.0026833631484793896,0.05000000000000426,-0.14999999999999858,55.75,55.8,55.85,55.9,1.0,186.0,1868.0,6646.0,False,False
006208,2022-10-26 09:59:35.681259,0.0008960573476703981,-0.0026833631484793896,0.05000000000000426,-0.14999999999999858,55.75,55.8,55.85,55.9,1.0,186.0,1868.0,6646.0,False,False
006208,2022-10-26 09:59:35.812359,0.0008960573476703981,-0.0026833631484793896,0.05000000000000426,-0.14999999999999858,55.75,55.8,55.85,55.9,1.0,186.0,1868.0,6646.0,False,False
006208,2022-10-26 09:59:40.287863,0.0008960573476703981,-0.0026833631484793896,0.05000000000000426,-0.14999999999999858,55.75,55.8,55.85,55.9,1.0,185.0,1868.0,6646.0,False,False
006208,2022-10-26 09:59:44.615701,0.0008960573476703981,-0.0026833631484793896,0.05000000000000426,-0.14999999999999858,55.75,55.8,55.85,55.9,1.0,185.0,2068.0,7645.0,True,True
006208,2022-10-26 09:59:45.795604,0.0008960573476703981,-0.0026833631484793896,0.05000000000000426,-0.14999999999999858,55.75,55.8,55.85,55.9,1.0,185.0,2068.0,7645.0,False,False
006208,2022-10-26 09:59:45.799847,0.0008960573476703981,-0.0026833631484793896,0.05000000000000426,-0.14999999999999858,55.75,55.8,55.85,55.9,1.0,185.0,2068.0,7645.0,False,False
006208,2022-10-26 09:59:45.941939,0.0008960573476703981,-0.0026833631484793896,0.05000000000000426,-0.14999999999999858,55.75,55.8,55.85,55.9,1.0,185.0,2068.0,7645.0,False,False
006208,2022-10-26 09:59:47.952055,0.0008960573476703981,-0.0026833631484793896,0.05000000000000426,-0.14999999999999858,55.75,55.8,55.85,55.9,1.0,225.0,2068.0,7645.0,False,False
006208,2022-10-26 09:59:48.029787,0.0008960573476703981,-0.0026833631484793896,0.05000000000000426,-0.14999999999999858,55.75,55.8,55.85,55.9,1.0,225.0,2068.0,7645.0,False,False
006208,2022-10-26 09:59:48.287388,0.0008960573476703981,-0.0026833631484793896,0.05000000000000426,-0.14999999999999858,55.75,55.8,55.85,55.9,1.0,185.0,2068.0,7645.0,False,False
006208,2022-10-26 09:59:48.344293,0.0008960573476703981,-0.0026833631484793896,0.05000000000000426,-0.14999999999999858,55.75,55.8,55.85,55.9,1.0,185.0,2068.0,7645.0,False,False
006208,2022-10-26 09:59:48.384003,0.0008960573476703981,-0.0026833631484793896,0.05000000000000426,-0.14999999999999858,55.75,55.8,55.85,55.9,1.0,185.0,2068.0,7645.0,False,False
006208,2022-10-26 09:59:50.298327,0.0008960573476703981,-0.0026833631484793896,0.05000000000000426,-0.14999999999999858,55.75,55.8,55.85,55.9,1.0,184.0,2068.0,7645.0,False,False
006208,2022-10-26 09:59:54.673542,0.0008960573476703981,-0.0026833631484793896,0.05000000000000426,-0.14999999999999858,55.75,55.8,55.85,55.9,1.0,184.0,2104.0,7647.0,True,True
006208,2022-10-26 09:59:55.584730,0.0008960573476703981,-0.0026833631484793896,0.05000000000000426,-0.14999999999999858,55.75,55.8,55.85,55.9,1.0,224.0,2104.0,7647.0,False,False
006208,2022-10-26 09:59:55.907513,0.0008960573476703981,-0.0026833631484793896,0.05000000000000426,-0.14999999999999858,55.75,55.8,55.85,55.9,1.0,224.0,2104.0,7647.0,False,False
006208,2022-10-26 09:59:55.953680,0.0008960573476703981,-0.0026833631484793896,0.05000000000000426,-0.14999999999999858,55.75,55.8,55.85,55.9,1.0,224.0,2104.0,7647.0,False,False
006208,2022-10-26 09:59:55.988705,0.0008960573476703981,-0.003577817531305816,0.05000000000000426,-0.19999999999999574,55.7,55.8,55.85,55.9,125.0,224.0,2104.0,7647.0,False,False
006208,2022-10-26 09:59:56.087508,0.0008960573476703981,-0.003577817531305816,0.05000000000000426,-0.19999999999999574,55.7,55.8,55.85,55.9,165.0,224.0,2104.0,7647.0,False,False
006208,2022-10-26 09:59:56.202760,0.0008960573476703981,-0.003577817531305816,0.05000000000000426,-0.19999999999999574,55.7,55.8,55.85,55.9,125.0,224.0,2104.0,7647.0,False,False
006208,2022-10-26 09:59:56.256169,0.0008960573476703981,-0.003577817531305816,0.05000000000000426,-0.19999999999999574,55.7,55.8,55.85,55.9,125.0,224.0,2104.0,7647.0,False,False
006208,2022-10-26 09:59:56.598825,0.0008960573476703981,-0.003577817531305816,0.05000000000000426,-0.19999999999999574,55.7,55.8,55.85,55.9,125.0,184.0,2104.0,7647.0,False,False
006208,2022-10-26 09:59:56.662989,0.0008960573476703981,-0.003577817531305816,0.05000000000000426,-0.19999999999999574,55.7,55.8,55.85,55.9,125.0,184.0,2104.0,7647.0,False,False
006208,2022-10-26 09:59:56.663351,0.0008960573476703981,-0.003577817531305816,0.05000000000000426,-0.19999999999999574,55.7,55.8,55.85,55.9,125.0,184.0,2104.0,7647.0,False,False
006208,2022-10-26 09:59:56.750547,0.0008960573476703981,-0.003577817531305816,0.05000000000000426,-0.19999999999999574,55.7,55.8,55.85,55.9,125.0,184.0,2104.0,7647.0,False,False
006208,2022-10-26 09:59:57.201396,0.0008960573476703981,-0.003577817531305816,0.05000000000000426,-0.19999999999999574,55.7,55.8,55.85,55.9,125.0,184.0,2104.0,7647.0,False,False
006208,2022-10-26 09:59:57.216187,0.0008960573476703981,-0.003577817531305816,0.05000000000000426,-0.19999999999999574,55.7,55.8,55.85,55.9,125.0,184.0,2104.0,7647.0,False,False
006208,2022-10-26 09:59:57.344601,0.0008960573476703981,-0.003577817531305816,0.05000000000000426,-0.19999999999999574,55.7,55.8,55.85,55.9,125.0,184.0,2104.0,7647.0,False,False
006208,2022-10-26 09:59:57.926747,0.0008960573476703981,-0.003577817531305816,0.05000000000000426,-0.19999999999999574,55.7,55.8,55.85,55.9,91.0,184.0,2104.0,7647.0,False,False
006208,2022-10-26 09:59:57.959784,0.0008960573476703981,-0.003577817531305816,0.05000000000000426,-0.19999999999999574,55.7,55.8,55.85,55.9,91.0,184.0,2104.0,7647.0,False,False
006208,2022-10-26 09:59:58.084859,0.0008960573476703981,-0.003577817531305816,0.05000000000000426,-0.19999999999999574,55.7,55.8,55.85,55.9,91.0,224.0,2104.0,7647.0,False,False
006208,2022-10-26 09:59:58.261191,0.0008960573476703981,-0.003577817531305816,0.05000000000000426,-0.19999999999999574,55.7,55.8,55.85,55.9,91.0,224.0,2104.0,7647.0,False,False
006208,2022-10-26 09:59:58.261292,0.0008960573476703981,-0.003577817531305816,0.05000000000000426,-0.19999999999999574,55.7,55.8,55.85,55.9,91.0,224.0,2104.0,7647.0,False,False
006208,2022-10-26 09:59:58.742837,0.0008960573476703981,-0.003577817531305816,0.05000000000000426,-0.19999999999999574,55.7,55.8,55.85,55.9,91.0,223.0,2104.0,7647.0,False,False
006208,2022-10-26 09:59:59.418341,0.0008960573476703981,-0.003577817531305816,0.05000000000000426,-0.19999999999999574,55.7,55.8,55.85,55.9,91.0,223.0,2104.0,7647.0,False,False
006208,2022-10-26 09:59:59.457987,0.0008960573476703981,-0.003577817531305816,0.05000000000000426,-0.19999999999999574,55.7,55.8,55.85,55.9,91.0,223.0,2104.0,7647.0,False,False
006208,2022-10-26 10:00:04.785610,0.0008960573476703981,-0.003577817531305816,0.05000000000000426,-0.19999999999999574,55.7,55.8,55.85,55.9,91.0,223.0,2104.0,8646.0,True,True
006208,2022-10-26 10:00:06.162288,0.0008960573476703981,-0.003577817531305816,0.05000000000000426,-0.19999999999999574,55.7,55.8,55.85,55.9,91.0,223.0,2104.0,8646.0,False,False
006208,2022-10-26 10:00:06.163796,0.0008960573476703981,-0.003577817531305816,0.05000000000000426,-0.19999999999999574,55.7,55.8,55.85,55.9,91.0,298.0,2104.0,8646.0,False,False
006208,2022-10-26 10:00:06.306881,0.0008960573476703981,-0.003577817531305816,0.05000000000000426,-0.19999999999999574,55.7,55.8,55.85,55.9,91.0,298.0,2104.0,8646.0,False,False
006208,2022-10-26 10:00:06.310801,0.0008960573476703981,-0.003577817531305816,0.05000000000000426,-0.19999999999999574,55.7,55.8,55.85,55.9,91.0,298.0,2104.0,8646.0,False,False
006208,2022-10-26 10:00:06.446660,0.0008960573476703981,-0.003577817531305816,0.05000000000000426,-0.19999999999999574,55.7,55.8,55.85,55.9,91.0,298.0,2104.0,8646.0,False,False
006208,2022-10-26 10:00:07.151695,0.0008960573476703981,-0.003577817531305816,0.05000000000000426,-0.19999999999999574,55.7,55.8,55.85,55.9,91.0,298.0,2104.0,8646.0,False,False
006208,2022-10-26 10:00:08.023495,0.0008960573476703981,-0.003577817531305816,0.05000000000000426,-0.19999999999999574,55.7,55.8,55.85,55.9,91.0,297.0,2104.0,8646.0,False,False
006208,2022-10-26 10:00:09.585557,0.0008960573476703981,-0.003577817531305816,0.05000000000000426,-0.19999999999999574,55.7,55.8,55.85,55.9,91.0,222.0,2104.0,8646.0,False,False
006208,2022-10-26 10:00:09.585769,0.0008960573476703981,-0.003577817531305816,0.05000000000000426,-0.19999999999999574,55.7,55.8,55.85,55.9,91.0,222.0,2104.0,8646.0,False,False
006208,2022-10-26 10:00:10.235144,0.0008960573476703981,-0.003577817531305816,0.05000000000000426,-0.19999999999999574,55.7,55.8,55.85,55.9,91.0,222.0,2104.0,8646.0,False,False
006208,2022-10-26 10:00:10.309005,0.0017937219730941312,-0.003577817531305816,0.10000000000000142,-0.19999999999999574,55.7,55.75,55.85,55.9,91.0,40.0,2104.0,8646.0,False,False
006208,2022-10-26 10:00:10.441467,0.0017937219730941312,-0.003577817531305816,0.10000000000000142,-0.19999999999999574,55.7,55.75,55.85,55.9,91.0,39.0,2104.0,8646.0,False,False
006208,2022-10-26 10:00:10.382265,0.0017937219730941312,-0.003577817531305816,0.10000000000000142,-0.19999999999999574,55.7,55.75,55.85,55.9,91.0,40.0,2104.0,8646.0,False,False
006208,2022-10-26 10:00:10.468158,0.0017937219730941312,-0.003577817531305816,0.10000000000000142,-0.19999999999999574,55.7,55.75,55.85,55.9,91.0,39.0,2104.0,8646.0,False,False
006208,2022-10-26 10:00:12.139540,0.0017937219730941312,-0.003577817531305816,0.10000000000000142,-0.19999999999999574,55.7,55.75,55.85,55.9,91.0,39.0,2104.0,8646.0,False,False
006208,2022-10-26 10:00:12.143012,0.0017937219730941312,-0.003577817531305816,0.10000000000000142,-0.19999999999999574,55.7,55.75,55.85,55.9,91.0,39.0,2104.0,8646.0,False,False
006208,2022-10-26 10:00:12.270077,0.0017937219730941312,-0.003577817531305816,0.10000000000000142,-0.19999999999999574,55.7,55.75,55.85,55.9,91.0,39.0,2104.0,8646.0,False,False
006208,2022-10-26 10:00:12.900560,0.0017937219730941312,-0.003577817531305816,0.10000000000000142,-0.19999999999999574,55.7,55.75,55.85,55.9,91.0,39.0,2104.0,8646.0,False,False
006208,2022-10-26 10:00:13.679301,0.0017937219730941312,-0.003577817531305816,0.10000000000000142,-0.19999999999999574,55.7,55.75,55.85,55.9,91.0,39.0,2104.0,8646.0,False,False
006208,2022-10-26 10:00:13.707902,0.0008960573476703981,-0.003577817531305816,0.05000000000000426,-0.19999999999999574,55.7,55.8,55.85,55.9,91.0,122.0,2104.0,8646.0,False,False
006208,2022-10-26 10:00:13.739755,0.0008960573476703981,-0.003577817531305816,0.05000000000000426,-0.19999999999999574,55.7,55.8,55.85,55.9,91.0,122.0,2104.0,8646.0,False,False
006208,2022-10-26 10:00:13.916813,0.0008960573476703981,-0.003577817531305816,0.05000000000000426,-0.19999999999999574,55.7,55.8,55.85,55.9,91.0,82.0,2104.0,8646.0,False,False
006208,2022-10-26 10:00:14.043723,0.0008960573476703981,-0.003577817531305816,0.05000000000000426,-0.19999999999999574,55.7,55.8,55.85,55.9,91.0,82.0,2104.0,8646.0,False,False
006208,2022-10-26 10:00:14.258127,0.0008960573476703981,-0.003577817531305816,0.05000000000000426,-0.19999999999999574,55.7,55.8,55.85,55.9,91.0,82.0,2104.0,8646.0,False,False
006208,2022-10-26 10:00:14.663383,0.0008960573476703981,-0.003577817531305816,0.05000000000000426,-0.19999999999999574,55.7,55.8,55.85,55.9,91.0,82.0,2104.0,8646.0,False,False
006208,2022-10-26 10:00:14.682627,0.0008960573476703981,-0.003577817531305816,0.05000000000000426,-0.19999999999999574,55.7,55.8,55.85,55.9,191.0,82.0,2104.0,8646.0,False,False
006208,2022-10-26 10:00:14.859439,0.0008960573476703981,-0.003577817531305816,0.05000000000000426,-0.19999999999999574,55.7,55.8,55.85,55.9,191.0,82.0,1140.0,6648.0,True,True
006208,2022-10-26 10:00:15.085138,0.0008960573476703981,-0.003577817531305816,0.05000000000000426,-0.19999999999999574,55.7,55.8,55.85,55.9,191.0,82.0,1140.0,6648.0,False,False
006208,2022-10-26 10:00:15.111516,0.0008960573476703981,-0.003577817531305816,0.05000000000000426,-0.19999999999999574,55.7,55.8,55.85,55.9,191.0,82.0,1140.0,6648.0,False,False
006208,2022-10-26 10:00:15.247856,0.0008960573476703981,-0.0026833631484793896,0.05000000000000426,-0.14999999999999858,55.75,55.8,55.85,55.9,75.0,62.0,1140.0,6648.0,False,False
006208,2022-10-26 10:00:15.307507,0.0008960573476703981,-0.0026833631484793896,0.05000000000000426,-0.14999999999999858,55.75,55.8,55.85,55.9,75.0,62.0,1140.0,6648.0,False,False
006208,2022-10-26 10:00:15.452258,0.0008960573476703981,-0.0026833631484793896,0.05000000000000426,-0.14999999999999858,55.75,55.8,55.85,55.9,75.0,62.0,1140.0,6648.0,False,False
006208,2022-10-26 10:00:15.574805,0.0008960573476703981,-0.0026833631484793896,0.05000000000000426,-0.14999999999999858,55.75,55.8,55.85,55.9,75.0,62.0,1140.0,6648.0,False,False
006208,2022-10-26 10:00:15.673431,0.0008960573476703981,-0.0026833631484793896,0.05000000000000426,-0.14999999999999858,55.75,55.8,55.85,55.9,75.0,62.0,1140.0,6648.0,False,False
006208,2022-10-26 10:00:15.819308,0.0008960573476703981,-0.0026833631484793896,0.05000000000000426,-0.14999999999999858,55.75,55.8,55.85,55.9,75.0,62.0,1140.0,6648.0,False,False
006208,2022-10-26 10:00:15.918281,0.0008960573476703981,-0.0026833631484793896,0.05000000000000426,-0.14999999999999858,55.75,55.8,55.85,55.9,75.0,62.0,1140.0,6648.0,False,False
006208,2022-10-26 10:00:17.197018,0.0008960573476703981,-0.0026833631484793896,0.05000000000000426,-0.14999999999999858,55.75,55.8,55.85,55.9,75.0,62.0,1140.0,6648.0,False,False
006208,2022-10-26 10:00:17.296492,0.0008960573476703981,-0.0026833631484793896,0.05000000000000426,-0.14999999999999858,55.75,55.8,55.85,55.9,75.0,62.0,1140.0,6648.0,False,False
006208,2022-10-26 10:00:17.653019,0.0008960573476703981,-0.0026833631484793896,0.05000000000000426,-0.14999999999999858,55.75,55.8,55.85,55.9,75.0,62.0,1140.0,6648.0,False,False
006208,2022-10-26 10:00:17.966344,0.0008960573476703981,-0.0026833631484793896,0.05000000000000426,-0.14999999999999858,55.75,55.8,55.85,55.9,75.0,62.0,1140.0,6648.0,False,False
006208,2022-10-26 10:00:18.532004,0.0008960573476703981,-0.0026833631484793896,0.05000000000000426,-0.14999999999999858,55.75,55.8,55.85,55.9,75.0,62.0,1140.0,6648.0,False,False
006208,2022-10-26 10:00:18.553416,0.0008960573476703981,-0.0026833631484793896,0.05000000000000426,-0.14999999999999858,55.75,55.8,55.85,55.9,75.0,62.0,1140.0,6648.0,False,False
006208,2022-10-26 10:00:19.001955,0.0008960573476703981,-0.0026833631484793896,0.05000000000000426,-0.14999999999999858,55.75,55.8,55.85,55.9,75.0,62.0,1140.0,6648.0,False,False
006208,2022-10-26 10:00:19.065582,0.0008960573476703981,-0.0026833631484793896,0.05000000000000426,-0.14999999999999858,55.75,55.8,55.85,55.9,75.0,62.0,1140.0,6648.0,False,False
006208,2022-10-26 10:00:19.090265,0.0008960573476703981,-0.0026833631484793896,0.05000000000000426,-0.14999999999999858,55.75,55.8,55.85,55.9,75.0,62.0,1140.0,6648.0,False,False
006208,2022-10-26 10:00:19.265295,0.0008960573476703981,-0.0026833631484793896,0.05000000000000426,-0.14999999999999858,55.75,55.8,55.85,55.9,75.0,62.0,1140.0,6648.0,False,False
006208,2022-10-26 10:00:19.442091,0.0008960573476703981,-0.0026833631484793896,0.05000000000000426,-0.14999999999999858,55.75,55.8,55.85,55.9,75.0,62.0,1140.0,6648.0,False,False
006208,2022-10-26 10:00:19.494777,0.0008960573476703981,-0.0026833631484793896,0.05000000000000426,-0.14999999999999858,55.75,55.8,55.85,55.9,75.0,62.0,1140.0,6648.0,False,False
006208,2022-10-26 10:00:19.582548,0.0008960573476703981,-0.0026833631484793896,0.05000000000000426,-0.14999999999999858,55.75,55.8,55.85,55.9,75.0,62.0,1140.0,6648.0,False,False
006208,2022-10-26 10:00:19.594725,0.0008960573476703981,-0.0026833631484793896,0.05000000000000426,-0.14999999999999858,55.75,55.8,55.85,55.9,75.0,62.0,1140.0,6648.0,False,False
006208,2022-10-26 10:00:20.422277,0.0008960573476703981,-0.0026833631484793896,0.05000000000000426,-0.14999999999999858,55.75,55.8,55.85,55.9,75.0,61.0,1140.0,6648.0,False,False
006208,2022-10-26 10:00:21.336950,0.0008960573476703981,-0.003577817531305816,0.05000000000000426,-0.19999999999999574,55.7,55.8,55.85,55.9,156.0,61.0,1140.0,6648.0,False,False
006208,2022-10-26 10:00:21.427426,0.0008960573476703981,-0.003577817531305816,0.05000000000000426,-0.19999999999999574,55.7,55.8,55.85,55.9,231.0,61.0,1140.0,6648.0,False,False
006208,2022-10-26 10:00:21.507545,0.0008960573476703981,-0.003577817531305816,0.05000000000000426,-0.19999999999999574,55.7,55.8,55.85,55.9,191.0,61.0,1140.0,6648.0,False,False
006208,2022-10-26 10:00:21.700916,0.0008960573476703981,-0.0026833631484793896,0.05000000000000426,-0.14999999999999858,55.75,55.8,55.85,55.9,75.0,61.0,1140.0,6648.0,False,False
006208,2022-10-26 10:00:21.732651,0.0008960573476703981,-0.0026833631484793896,0.05000000000000426,-0.14999999999999858,55.75,55.8,55.85,55.9,75.0,61.0,1140.0,6648.0,False,False
006208,2022-10-26 10:00:21.931700,0.0008960573476703981,-0.0026833631484793896,0.05000000000000426,-0.14999999999999858,55.75,55.8,55.85,55.9,75.0,61.0,1140.0,6648.0,False,False
006208,2022-10-26 10:00:22.221683,0.0008960573476703981,-0.0026833631484793896,0.05000000000000426,-0.14999999999999858,55.75,55.8,55.85,55.9,75.0,61.0,1140.0,6648.0,False,False
006208,2022-10-26 10:00:22.478534,0.0008960573476703981,-0.0026833631484793896,0.05000000000000426,-0.14999999999999858,55.75,55.8,55.85,55.9,75.0,61.0,1140.0,6648.0,False,False
006208,2022-10-26 10:00:22.591214,0.0008960573476703981,-0.0026833631484793896,0.05000000000000426,-0.14999999999999858,55.75,55.8,55.85,55.9,75.0,61.0,1140.0,6648.0,False,False
006208,2022-10-26 10:00:22.614550,0.0008960573476703981,-0.0026833631484793896,0.05000000000000426,-0.14999999999999858,55.75,55.8,55.85,55.9,75.0,61.0,1140.0,6648.0,False,False
006208,2022-10-26 10:00:22.758947,0.0008960573476703981,-0.0026833631484793896,0.05000000000000426,-0.14999999999999858,55.75,55.8,55.85,55.9,75.0,61.0,1140.0,6648.0,False,False
006208,2022-10-26 10:00:22.946900,0.0008960573476703981,-0.0026833631484793896,0.05000000000000426,-0.14999999999999858,55.75,55.8,55.85,55.9,75.0,61.0,1140.0,6648.0,False,False
006208,2022-10-26 10:00:23.963078,0.0008960573476703981,-0.0026833631484793896,0.05000000000000426,-0.14999999999999858,55.75,55.8,55.85,55.9,75.0,61.0,1140.0,6648.0,False,False
006208,2022-10-26 10:00:23.974995,0.0008960573476703981,-0.0026833631484793896,0.05000000000000426,-0.14999999999999858,55.75,55.8,55.85,55.9,75.0,61.0,1140.0,6648.0,False,False
006208,2022-10-26 10:00:23.985113,0.0008960573476703981,-0.0026833631484793896,0.05000000000000426,-0.14999999999999858,55.75,55.8,55.85,55.9,75.0,61.0,1140.0,6648.0,False,False
006208,2022-10-26 10:00:24.130926,0.0008960573476703981,-0.0026833631484793896,0.05000000000000426,-0.14999999999999858,55.75,55.8,55.85,55.9,75.0,61.0,1140.0,6648.0,False,False
006208,2022-10-26 10:00:24.934827,0.0008960573476703981,-0.0026833631484793896,0.05000000000000426,-0.14999999999999858,55.75,55.8,55.85,55.9,75.0,61.0,181.0,5649.0,True,True
006208,2022-10-26 10:00:27.945062,0.0008960573476703981,-0.0026833631484793896,0.05000000000000426,-0.14999999999999858,55.75,55.8,55.85,55.9,75.0,61.0,181.0,5649.0,False,False
006208,2022-10-26 10:00:27.960473,0.0008960573476703981,-0.0026833631484793896,0.05000000000000426,-0.14999999999999858,55.75,55.8,55.85,55.9,75.0,61.0,181.0,5649.0,False,False
006208,2022-10-26 10:00:28.101154,0.0008960573476703981,-0.0026833631484793896,0.05000000000000426,-0.14999999999999858,55.75,55.8,55.85,55.9,75.0,61.0,181.0,5649.0,False,False
006208,2022-10-26 10:00:30.484644,0.0008960573476703981,-0.0026833631484793896,0.05000000000000426,-0.14999999999999858,55.75,55.8,55.85,55.9,75.0,60.0,181.0,5649.0,False,False
006208,2022-10-26 10:00:31.940608,0.0008960573476703981,-0.0026833631484793896,0.05000000000000426,-0.14999999999999858,55.75,55.8,55.85,55.9,75.0,60.0,181.0,5649.0,False,False
006208,2022-10-26 10:00:31.948364,0.0008960573476703981,-0.0026833631484793896,0.05000000000000426,-0.14999999999999858,55.75,55.8,55.85,55.9,75.0,60.0,181.0,5649.0,False,False
006208,2022-10-26 10:00:32.085492,0.0008960573476703981,-0.0026833631484793896,0.05000000000000426,-0.14999999999999858,55.75,55.8,55.85,55.9,75.0,60.0,181.0,5649.0,False,False
006208,2022-10-26 10:00:34.986835,0.0008960573476703981,-0.0026833631484793896,0.05000000000000426,-0.14999999999999858,55.75,55.8,55.85,55.9,75.0,60.0,181.0,5649.0,True,True
006208,2022-10-26 10:00:35.043571,0.0008960573476703981,-0.0026833631484793896,0.05000000000000426,-0.14999999999999858,55.75,55.8,55.85,55.9,75.0,60.0,181.0,5649.0,False,False
006208,2022-10-26 10:00:35.043703,0.0008960573476703981,-0.0026833631484793896,0.05000000000000426,-0.14999999999999858,55.75,55.8,55.85,55.9,75.0,60.0,181.0,5649.0,False,False
006208,2022-10-26 10:00:37.253985,0.0008960573476703981,-0.0026833631484793896,0.05000000000000426,-0.14999999999999858,55.75,55.8,55.85,55.9,75.0,60.0,181.0,5649.0,False,False
006208,2022-10-26 10:00:37.254104,0.0008960573476703981,-0.0026833631484793896,0.05000000000000426,-0.14999999999999858,55.75,55.8,55.85,55.9,75.0,60.0,181.0,5649.0,False,False
006208,2022-10-26 10:00:37.423154,0.0008960573476703981,-0.0026833631484793896,0.05000000000000426,-0.14999999999999858,55.75,55.8,55.85,55.9,75.0,60.0,181.0,5649.0,False,False
006208,2022-10-26 10:00:37.423170,0.0008960573476703981,-0.0026833631484793896,0.05000000000000426,-0.14999999999999858,55.75,55.8,55.85,55.9,75.0,60.0,181.0,5649.0,False,False
006208,2022-10-26 10:00:38.532431,0.0008960573476703981,-0.0026833631484793896,0.05000000000000426,-0.14999999999999858,55.75,55.8,55.85,55.9,75.0,60.0,181.0,5649.0,False,False
006208,2022-10-26 10:00:38.535321,0.0008960573476703981,-0.0026833631484793896,0.05000000000000426,-0.14999999999999858,55.75,55.8,55.85,55.9,75.0,80.0,181.0,5649.0,False,False
006208,2022-10-26 10:00:40.448952,0.0008960573476703981,-0.0026833631484793896,0.05000000000000426,-0.14999999999999858,55.75,55.8,55.85,55.9,75.0,79.0,181.0,5649.0,False,False
006208,2022-10-26 10:00:41.195462,0.0008960573476703981,-0.0026833631484793896,0.05000000000000426,-0.14999999999999858,55.75,55.8,55.85,55.9,75.0,78.0,181.0,5649.0,False,False
006208,2022-10-26 10:00:41.246057,0.0008960573476703981,-0.0026833631484793896,0.05000000000000426,-0.14999999999999858,55.75,55.8,55.85,55.9,75.0,58.0,181.0,5649.0,False,False
006208,2022-10-26 10:00:41.246578,0.0008960573476703981,-0.0026833631484793896,0.05000000000000426,-0.14999999999999858,55.75,55.8,55.85,55.9,75.0,58.0,181.0,5649.0,False,False
006208,2022-10-26 10:00:42.080850,0.0008960573476703981,-0.0026833631484793896,0.05000000000000426,-0.14999999999999858,55.75,55.8,55.85,55.9,75.0,58.0,181.0,5649.0,False,False
006208,2022-10-26 10:00:42.088540,0.0008960573476703981,-0.0026833631484793896,0.05000000000000426,-0.14999999999999858,55.75,55.8,55.85,55.9,75.0,58.0,181.0,5649.0,False,False
006208,2022-10-26 10:00:42.209681,0.0008960573476703981,-0.0026833631484793896,0.05000000000000426,-0.14999999999999858,55.75,55.8,55.85,55.9,75.0,58.0,181.0,5649.0,False,False
006208,2022-10-26 10:00:44.919995,0.0008960573476703981,-0.0026833631484793896,0.05000000000000426,-0.14999999999999858,55.75,55.8,55.85,55.9,75.0,58.0,181.0,5649.0,False,False
006208,2022-10-26 10:00:44.920720,0.0008960573476703981,-0.0026833631484793896,0.05000000000000426,-0.14999999999999858,55.75,55.8,55.85,55.9,75.0,58.0,181.0,5649.0,False,False
006208,2022-10-26 10:00:45.036432,0.0008960573476703981,-0.0026833631484793896,0.05000000000000426,-0.14999999999999858,55.75,55.8,55.85,55.9,75.0,58.0,385.0,5649.0,True,True
006208,2022-10-26 10:00:47.881228,0.0008960573476703981,-0.0026833631484793896,0.05000000000000426,-0.14999999999999858,55.75,55.8,55.85,55.9,75.0,58.0,385.0,5649.0,False,False
006208,2022-10-26 10:00:47.881403,0.0008960573476703981,-0.0026833631484793896,0.05000000000000426,-0.14999999999999858,55.75,55.8,55.85,55.9,75.0,58.0,385.0,5649.0,False,False
006208,2022-10-26 10:00:48.019210,0.0008960573476703981,-0.0026833631484793896,0.05000000000000426,-0.14999999999999858,55.75,55.8,55.85,55.9,75.0,58.0,385.0,5649.0,False,False
006208,2022-10-26 10:00:48.662519,0.0008960573476703981,-0.0026833631484793896,0.05000000000000426,-0.14999999999999858,55.75,55.8,55.85,55.9,75.0,58.0,385.0,5649.0,False,False
006208,2022-10-26 10:00:49.306467,0.0008960573476703981,-0.0026833631484793896,0.05000000000000426,-0.14999999999999858,55.75,55.8,55.85,55.9,75.0,58.0,385.0,5649.0,False,False
006208,2022-10-26 10:00:49.306590,0.0008960573476703981,-0.0026833631484793896,0.05000000000000426,-0.14999999999999858,55.75,55.8,55.85,55.9,75.0,78.0,385.0,5649.0,False,False
006208,2022-10-26 10:00:50.487916,0.0008960573476703981,-0.0026833631484793896,0.05000000000000426,-0.14999999999999858,55.75,55.8,55.85,55.9,75.0,77.0,385.0,5649.0,False,False
006208,2022-10-26 10:00:52.044542,0.0008960573476703981,-0.0026833631484793896,0.05000000000000426,-0.14999999999999858,55.75,55.8,55.85,55.9,75.0,57.0,385.0,5649.0,False,False
006208,2022-10-26 10:00:52.044724,0.0008960573476703981,-0.0026833631484793896,0.05000000000000426,-0.14999999999999858,55.75,55.8,55.85,55.9,75.0,57.0,385.0,5649.0,False,False
006208,2022-10-26 10:00:52.211516,0.0008960573476703981,-0.0026833631484793896,0.05000000000000426,-0.14999999999999858,55.75,55.8,55.85,55.9,75.0,57.0,385.0,5649.0,False,False
006208,2022-10-26 10:00:52.344199,0.0008960573476703981,-0.0026833631484793896,0.05000000000000426,-0.14999999999999858,55.75,55.8,55.85,55.9,75.0,57.0,385.0,5649.0,False,False
006208,2022-10-26 10:00:53.300621,0.0008960573476703981,-0.0026833631484793896,0.05000000000000426,-0.14999999999999858,55.75,55.8,55.85,55.9,75.0,57.0,385.0,5649.0,False,False
006208,2022-10-26 10:00:54.768187,0.0008960573476703981,-0.0026833631484793896,0.05000000000000426,-0.14999999999999858,55.75,55.8,55.85,55.9,75.0,57.0,385.0,5649.0,False,False
006208,2022-10-26 10:00:55.101803,0.0008960573476703981,-0.0026833631484793896,0.05000000000000426,-0.14999999999999858,55.75,55.8,55.85,55.9,75.0,57.0,385.0,5649.0,True,True
006208,2022-10-26 10:00:56.165277,0.0008960573476703981,-0.0026833631484793896,0.05000000000000426,-0.14999999999999858,55.75,55.8,55.85,55.9,75.0,57.0,385.0,5649.0,False,False
006208,2022-10-26 10:00:56.165377,0.0008960573476703981,-0.0026833631484793896,0.05000000000000426,-0.14999999999999858,55.75,55.8,55.85,55.9,75.0,57.0,385.0,5649.0,False,False
006208,2022-10-26 10:00:57.389125,0.0008960573476703981,-0.0026833631484793896,0.05000000000000426,-0.14999999999999858,55.75,55.8,55.85,55.9,75.0,57.0,385.0,5649.0,False,False
006208,2022-10-26 10:00:57.402249,0.0008960573476703981,-0.0026833631484793896,0.05000000000000426,-0.14999999999999858,55.75,55.8,55.85,55.9,75.0,57.0,385.0,5649.0,False,False
006208,2022-10-26 10:00:57.460389,0.0,-0.0017889087656529634,0.0,-0.10000000000000142,55.8,55.85,55.85,55.9,18.0,122.0,385.0,5649.0,False,False
006208,2022-10-26 10:00:57.603823,0.0,-0.0017889087656529634,0.0,-0.10000000000000142,55.8,55.85,55.85,55.9,18.0,82.0,385.0,5649.0,False,False
006208,2022-10-26 10:00:57.642736,0.0,-0.0017889087656529634,0.0,-0.10000000000000142,55.8,55.85,55.85,55.9,18.0,82.0,385.0,5649.0,False,False
006208,2022-10-26 10:00:57.734339,0.0,-0.0017889087656529634,0.0,-0.10000000000000142,55.8,55.85,55.85,55.9,18.0,82.0,385.0,5649.0,False,False
006208,2022-10-26 10:00:57.891178,0.0,-0.0017889087656529634,0.0,-0.10000000000000142,55.8,55.85,55.85,55.9,18.0,42.0,385.0,5649.0,False,False
006208,2022-10-26 10:00:57.984436,0.0,-0.0017889087656529634,0.0,-0.10000000000000142,55.8,55.85,55.85,55.9,18.0,42.0,385.0,5649.0,False,False
006208,2022-10-26 10:00:58.393004,0.0,-0.0017889087656529634,0.0,-0.10000000000000142,55.8,55.85,55.85,55.9,18.0,42.0,385.0,5649.0,False,False
006208,2022-10-26 10:00:58.393008,0.0,-0.0017889087656529634,0.0,-0.10000000000000142,55.8,55.85,55.85,55.9,18.0,42.0,385.0,5649.0,False,False
006208,2022-10-26 10:00:58.666344,0.0,-0.0017889087656529634,0.0,-0.10000000000000142,55.8,55.85,55.85,55.9,18.0,42.0,385.0,5649.0,False,False
006208,2022-10-26 10:00:59.058571,0.0,-0.0017889087656529634,0.0,-0.10000000000000142,55.8,55.85,55.85,55.9,18.0,42.0,385.0,5649.0,False,False
006208,2022-10-26 10:00:59.086582,0.0,-0.0017889087656529634,0.0,-0.10000000000000142,55.8,55.85,55.85,55.9,18.0,42.0,385.0,5649.0,False,False
006208,2022-10-26 10:00:59.300010,0.0,-0.0017889087656529634,0.0,-0.10000000000000142,55.8,55.85,55.85,55.9,18.0,42.0,385.0,5649.0,False,False
006208,2022-10-26 10:00:59.508375,0.0,-0.0017889087656529634,0.0,-0.10000000000000142,55.8,55.85,55.85,55.9,18.0,42.0,385.0,5649.0,False,False
006208,2022-10-26 10:00:59.518403,0.0,-0.0017889087656529634,0.0,-0.10000000000000142,55.8,55.85,55.85,55.9,18.0,42.0,385.0,5649.0,False,False
006208,2022-10-26 10:00:59.548456,0.0,-0.0017889087656529634,0.0,-0.10000000000000142,55.8,55.85,55.85,55.9,18.0,42.0,385.0,5649.0,False,False
006208,2022-10-26 10:00:59.742342,0.0,-0.0017889087656529634,0.0,-0.10000000000000142,55.8,55.85,55.85,55.9,18.0,42.0,385.0,5649.0,False,False
006208,2022-10-26 10:01:00.025235,0.0,-0.0017889087656529634,0.0,-0.10000000000000142,55.8,55.85,55.85,55.9,18.0,42.0,385.0,5649.0,False,False
006208,2022-10-26 10:01:00.227810,0.0,-0.0017889087656529634,0.0,-0.10000000000000142,55.8,55.85,55.85,55.9,18.0,42.0,385.0,5649.0,False,False
006208,2022-10-26 10:01:00.322704,0.0,-0.0017889087656529634,0.0,-0.10000000000000142,55.8,55.85,55.85,55.9,18.0,42.0,385.0,5649.0,False,False
006208,2022-10-26 10:01:00.334499,0.0,-0.0017889087656529634,0.0,-0.10000000000000142,55.8,55.85,55.85,55.9,18.0,42.0,385.0,5649.0,False,False
006208,2022-10-26 10:01:00.398899,0.0,-0.0017889087656529634,0.0,-0.10000000000000142,55.8,55.85,55.85,55.9,18.0,42.0,385.0,5649.0,False,False
006208,2022-10-26 10:01:00.875229,0.0,-0.0017889087656529634,0.0,-0.10000000000000142,55.8,55.85,55.85,55.9,18.0,42.0,385.0,5649.0,False,False
006208,2022-10-26 10:01:01.207039,0.0,-0.0017889087656529634,0.0,-0.10000000000000142,55.8,55.85,55.85,55.9,18.0,42.0,385.0,5649.0,False,False
006208,2022-10-26 10:01:01.672289,0.0,-0.0017889087656529634,0.0,-0.10000000000000142,55.8,55.85,55.85,55.9,18.0,42.0,385.0,5649.0,False,False
006208,2022-10-26 10:01:01.733195,0.0,-0.0017889087656529634,0.0,-0.10000000000000142,55.8,55.85,55.85,55.9,18.0,42.0,385.0,5649.0,False,False
006208,2022-10-26 10:01:01.833036,0.0,-0.0017889087656529634,0.0,-0.10000000000000142,55.8,55.85,55.85,55.9,18.0,42.0,385.0,5649.0,False,False
006208,2022-10-26 10:01:01.907284,0.0,-0.0017889087656529634,0.0,-0.10000000000000142,55.8,55.85,55.85,55.9,18.0,42.0,385.0,5649.0,False,False
006208,2022-10-26 10:01:02.472885,0.0,-0.0017889087656529634,0.0,-0.10000000000000142,55.8,55.85,55.85,55.9,18.0,42.0,385.0,5649.0,False,False
006208,2022-10-26 10:01:02.735908,0.0,-0.0017889087656529634,0.0,-0.10000000000000142,55.8,55.85,55.85,55.9,18.0,42.0,385.0,5649.0,False,False
006208,2022-10-26 10:01:02.983331,0.0,-0.0026833631484793896,0.0,-0.14999999999999858,55.75,55.85,55.85,55.9,175.0,42.0,385.0,5649.0,False,False
006208,2022-10-26 10:01:02.983465,0.0,-0.0026833631484793896,0.0,-0.14999999999999858,55.75,55.85,55.85,55.9,250.0,42.0,385.0,5649.0,False,False
006208,2022-10-26 10:01:03.021393,0.0,-0.0026833631484793896,0.0,-0.14999999999999858,55.75,55.85,55.85,55.9,250.0,42.0,385.0,5649.0,False,False
006208,2022-10-26 10:01:03.251074,0.0,-0.0026833631484793896,0.0,-0.14999999999999858,55.75,55.85,55.85,55.9,210.0,42.0,385.0,5649.0,False,False
006208,2022-10-26 10:01:03.388967,0.0,-0.0026833631484793896,0.0,-0.14999999999999858,55.75,55.85,55.85,55.9,210.0,42.0,385.0,5649.0,False,False
006208,2022-10-26 10:01:03.472306,0.0,-0.0026833631484793896,0.0,-0.14999999999999858,55.75,55.85,55.85,55.9,240.0,42.0,385.0,5649.0,False,False
006208,2022-10-26 10:01:03.560145,0.0,-0.0026833631484793896,0.0,-0.14999999999999858,55.75,55.85,55.85,55.9,240.0,42.0,385.0,5649.0,False,False
006208,2022-10-26 10:01:03.560332,0.0,-0.0026833631484793896,0.0,-0.14999999999999858,55.75,55.85,55.85,55.9,240.0,42.0,385.0,5649.0,False,False
006208,2022-10-26 10:01:03.918119,0.0,-0.0026833631484793896,0.0,-0.14999999999999858,55.75,55.85,55.85,55.9,240.0,42.0,385.0,5649.0,False,False
006208,2022-10-26 10:01:03.918547,0.0,-0.0026833631484793896,0.0,-0.14999999999999858,55.75,55.85,55.85,55.9,240.0,42.0,385.0,5649.0,False,False
006208,2022-10-26 10:01:04.377874,0.0,-0.0026833631484793896,0.0,-0.14999999999999858,55.75,55.85,55.85,55.9,240.0,42.0,435.0,5649.0,False,True
006208,2022-10-26 10:01:04.735007,0.0,-0.0026833631484793896,0.0,-0.14999999999999858,55.75,55.85,55.85,55.9,240.0,42.0,435.0,5649.0,False,False
006208,2022-10-26 10:01:04.779195,0.0,-0.0026833631484793896,0.0,-0.14999999999999858,55.75,55.85,55.85,55.9,240.0,42.0,435.0,5649.0,False,False
006208,2022-10-26 10:01:04.779412,0.0,-0.0026833631484793896,0.0,-0.14999999999999858,55.75,55.85,55.85,55.9,240.0,42.0,435.0,5649.0,False,False
006208,2022-10-26 10:01:04.942660,0.0,-0.0026833631484793896,0.0,-0.14999999999999858,55.75,55.85,55.85,55.9,240.0,42.0,435.0,5649.0,False,False
006208,2022-10-26 10:01:06.116521,0.0,-0.0026833631484793896,0.0,-0.14999999999999858,55.75,55.85,55.85,55.9,240.0,72.0,435.0,5649.0,False,False
006208,2022-10-26 10:01:06.240080,0.0,-0.0026833631484793896,0.0,-0.14999999999999858,55.75,55.85,55.85,55.9,240.0,72.0,435.0,5649.0,False,False
006208,2022-10-26 10:01:06.253109,0.0,-0.0026833631484793896,0.0,-0.14999999999999858,55.75,55.85,55.85,55.9,240.0,72.0,435.0,5649.0,False,False
006208,2022-10-26 10:01:06.471355,0.0,-0.0026833631484793896,0.0,-0.14999999999999858,55.75,55.85,55.85,55.9,240.0,72.0,435.0,5649.0,False,False
006208,2022-10-26 10:01:06.482274,0.0,-0.0026833631484793896,0.0,-0.14999999999999858,55.75,55.85,55.85,55.9,240.0,72.0,435.0,5649.0,False,False
006208,2022-10-26 10:01:06.764421,0.0,-0.0026833631484793896,0.0,-0.14999999999999858,55.75,55.85,55.85,55.9,240.0,72.0,435.0,5649.0,False,False
006208,2022-10-26 10:01:06.777554,0.0,-0.0026833631484793896,0.0,-0.14999999999999858,55.75,55.85,55.85,55.9,240.0,72.0,435.0,5649.0,False,False
006208,2022-10-26 10:01:07.115983,0.0,-0.0026833631484793896,0.0,-0.14999999999999858,55.75,55.85,55.85,55.9,240.0,72.0,435.0,5649.0,False,False
006208,2022-10-26 10:01:07.550975,0.0,-0.0026833631484793896,0.0,-0.14999999999999858,55.75,55.85,55.85,55.9,240.0,72.0,435.0,5649.0,False,False
006208,2022-10-26 10:01:07.550979,0.0,-0.0026833631484793896,0.0,-0.14999999999999858,55.75,55.85,55.85,55.9,240.0,72.0,435.0,5649.0,False,False
006208,2022-10-26 10:01:07.688797,0.0,-0.0026833631484793896,0.0,-0.14999999999999858,55.75,55.85,55.85,55.9,206.0,72.0,435.0,5649.0,False,False
006208,2022-10-26 10:01:07.822826,0.0,-0.0026833631484793896,0.0,-0.14999999999999858,55.75,55.85,55.85,55.9,206.0,72.0,435.0,5649.0,False,False
006208,2022-10-26 10:01:10.460315,0.0,-0.0017889087656529634,0.0,-0.10000000000000142,55.8,55.85,55.85,55.9,1.0,72.0,435.0,5649.0,False,False
006208,2022-10-26 10:01:10.471143,0.0,-0.0017889087656529634,0.0,-0.10000000000000142,55.8,55.85,55.85,55.9,1.0,71.0,435.0,5649.0,False,False
006208,2022-10-26 10:01:10.498348,0.0,-0.0017889087656529634,0.0,-0.10000000000000142,55.8,55.85,55.85,55.9,1.0,71.0,435.0,5649.0,False,False
006208,2022-10-26 10:01:10.600504,0.0,-0.0017889087656529634,0.0,-0.10000000000000142,55.8,55.85,55.85,55.9,1.0,71.0,435.0,5649.0,False,False
006208,2022-10-26 10:01:10.715882,0.0,-0.0017889087656529634,0.0,-0.10000000000000142,55.8,55.85,55.85,55.9,1.0,71.0,435.0,5649.0,False,False
006208,2022-10-26 10:01:12.134959,0.0,-0.0017889087656529634,0.0,-0.10000000000000142,55.8,55.85,55.85,55.9,1.0,71.0,435.0,5649.0,False,False
006208,2022-10-26 10:01:12.185984,0.0,-0.0017889087656529634,0.0,-0.10000000000000142,55.8,55.85,55.85,55.9,1.0,71.0,435.0,5649.0,False,False
006208,2022-10-26 10:01:12.235456,0.0,-0.0017889087656529634,0.0,-0.10000000000000142,55.8,55.85,55.85,55.9,1.0,71.0,435.0,5649.0,False,False
006208,2022-10-26 10:01:12.822509,0.0,-0.0017889087656529634,0.0,-0.10000000000000142,55.8,55.85,55.85,55.9,1.0,71.0,435.0,5649.0,False,False
006208,2022-10-26 10:01:12.833476,0.0,-0.0017889087656529634,0.0,-0.10000000000000142,55.8,55.85,55.85,55.9,1.0,71.0,435.0,5649.0,False,False
006208,2022-10-26 10:01:12.964752,0.0,-0.0017889087656529634,0.0,-0.10000000000000142,55.8,55.85,55.85,55.9,1.0,71.0,435.0,5649.0,False,False
006208,2022-10-26 10:01:13.085561,0.0,-0.0017889087656529634,0.0,-0.10000000000000142,55.8,55.85,55.85,55.9,1.0,71.0,435.0,5649.0,False,False
006208,2022-10-26 10:01:14.101805,0.0,-0.0017889087656529634,0.0,-0.10000000000000142,55.8,55.85,55.85,55.9,1.0,70.0,435.0,5649.0,False,False
006208,2022-10-26 10:01:14.309832,0.0008960573476703981,-0.0026833631484793896,0.05000000000000426,-0.14999999999999858,55.75,55.8,55.85,55.9,216.0,3.0,435.0,5649.0,False,False
006208,2022-10-26 10:01:14.335212,0.0008960573476703981,-0.0026833631484793896,0.05000000000000426,-0.14999999999999858,55.75,55.8,55.85,55.9,216.0,3.0,435.0,5649.0,False,False
006208,2022-10-26 10:01:14.384474,0.0008960573476703981,-0.0026833631484793896,0.05000000000000426,-0.14999999999999858,55.75,55.8,55.85,55.9,216.0,3.0,435.0,5649.0,False,False
006208,2022-10-26 10:01:14.450571,0.0008960573476703981,-0.0026833631484793896,0.05000000000000426,-0.14999999999999858,55.75,55.8,55.85,55.9,216.0,3.0,435.0,5649.0,True,True
006208,2022-10-26 10:01:14.516752,0.0008960573476703981,-0.0026833631484793896,0.05000000000000426,-0.14999999999999858,55.75,55.8,55.85,55.9,176.0,3.0,435.0,5649.0,False,False
006208,2022-10-26 10:01:14.642544,0.0008960573476703981,-0.0026833631484793896,0.05000000000000426,-0.14999999999999858,55.75,55.8,55.85,55.9,176.0,3.0,435.0,5649.0,False,False
006208,2022-10-26 10:01:15.093962,0.0008960573476703981,-0.0026833631484793896,0.05000000000000426,-0.14999999999999858,55.75,55.8,55.85,55.9,176.0,3.0,435.0,5649.0,False,False
006208,2022-10-26 10:01:15.104035,0.0008960573476703981,-0.0026833631484793896,0.05000000000000426,-0.14999999999999858,55.75,55.8,55.85,55.9,176.0,3.0,435.0,5649.0,False,False
006208,2022-10-26 10:01:15.238221,0.0008960573476703981,-0.0026833631484793896,0.05000000000000426,-0.14999999999999858,55.75,55.8,55.85,55.9,176.0,3.0,435.0,5649.0,False,False
006208,2022-10-26 10:01:17.147644,0.0008960573476703981,-0.0026833631484793896,0.05000000000000426,-0.14999999999999858,55.75,55.8,55.85,55.9,176.0,3.0,435.0,5649.0,False,False
006208,2022-10-26 10:01:17.147779,0.0008960573476703981,-0.0026833631484793896,0.05000000000000426,-0.14999999999999858,55.75,55.8,55.85,55.9,176.0,3.0,435.0,5649.0,False,False
006208,2022-10-26 10:01:17.559806,0.0008960573476703981,-0.0026833631484793896,0.05000000000000426,-0.14999999999999858,55.75,55.8,55.85,55.9,176.0,3.0,435.0,5649.0,False,False
006208,2022-10-26 10:01:18.046829,0.0008960573476703981,-0.0026833631484793896,0.05000000000000426,-0.14999999999999858,55.75,55.8,55.85,55.9,176.0,3.0,435.0,5649.0,False,False
006208,2022-10-26 10:01:18.176438,0.0008960573476703981,-0.0026833631484793896,0.05000000000000426,-0.14999999999999858,55.75,55.8,55.85,55.9,176.0,3.0,435.0,5649.0,False,False
006208,2022-10-26 10:01:18.184835,0.0008960573476703981,-0.0026833631484793896,0.05000000000000426,-0.14999999999999858,55.75,55.8,55.85,55.9,176.0,3.0,435.0,5649.0,False,False
006208,2022-10-26 10:01:18.395060,0.0008960573476703981,-0.0026833631484793896,0.05000000000000426,-0.14999999999999858,55.75,55.8,55.85,55.9,176.0,3.0,435.0,5649.0,False,False
006208,2022-10-26 10:01:19.010276,0.0008960573476703981,-0.0026833631484793896,0.05000000000000426,-0.14999999999999858,55.75,55.8,55.85,55.9,176.0,3.0,435.0,5649.0,False,False
006208,2022-10-26 10:01:19.027479,0.0008960573476703981,-0.0026833631484793896,0.05000000000000426,-0.14999999999999858,55.75,55.8,55.85,55.9,176.0,3.0,435.0,5649.0,False,False
006208,2022-10-26 10:01:20.521600,0.0008960573476703981,-0.0026833631484793896,0.05000000000000426,-0.14999999999999858,55.75,55.8,55.85,55.9,176.0,2.0,435.0,5649.0,False,False
006208,2022-10-26 10:01:20.922562,0.0008960573476703981,-0.0026833631484793896,0.05000000000000426,-0.14999999999999858,55.75,55.8,55.85,55.9,176.0,2.0,435.0,5649.0,False,False
006208,2022-10-26 10:01:20.922637,0.0008960573476703981,-0.0026833631484793896,0.05000000000000426,-0.14999999999999858,55.75,55.8,55.85,55.9,176.0,2.0,435.0,5649.0,False,False
006208,2022-10-26 10:01:24.515607,0.0008960573476703981,-0.0026833631484793896,0.05000000000000426,-0.14999999999999858,55.75,55.8,55.85,55.9,176.0,2.0,935.0,5649.0,True,True
006208,2022-10-26 10:01:24.639696,0.0008960573476703981,-0.0026833631484793896,0.05000000000000426,-0.14999999999999858,55.75,55.8,55.85,55.9,176.0,2.0,935.0,5649.0,False,False
006208,2022-10-26 10:01:24.643365,0.0008960573476703981,-0.0026833631484793896,0.05000000000000426,-0.14999999999999858,55.75,55.8,55.85,55.9,176.0,2.0,935.0,5649.0,False,False
006208,2022-10-26 10:01:24.765615,0.0008960573476703981,-0.0026833631484793896,0.05000000000000426,-0.14999999999999858,55.75,55.8,55.85,55.9,176.0,2.0,935.0,5649.0,False,False
006208,2022-10-26 10:01:24.775790,0.0008960573476703981,-0.0026833631484793896,0.05000000000000426,-0.14999999999999858,55.75,55.8,55.85,55.9,176.0,2.0,935.0,5649.0,False,False
006208,2022-10-26 10:01:25.314411,0.0008960573476703981,-0.0026833631484793896,0.05000000000000426,-0.14999999999999858,55.75,55.8,55.85,55.9,176.0,2.0,935.0,5649.0,False,False
006208,2022-10-26 10:01:25.364282,0.0008960573476703981,-0.0026833631484793896,0.05000000000000426,-0.14999999999999858,55.75,55.8,55.85,55.9,176.0,2.0,935.0,5649.0,False,False
006208,2022-10-26 10:01:28.036471,0.0008960573476703981,-0.0026833631484793896,0.05000000000000426,-0.14999999999999858,55.75,55.8,55.85,55.9,176.0,2.0,935.0,5649.0,False,False
006208,2022-10-26 10:01:28.052322,0.0008960573476703981,-0.0026833631484793896,0.05000000000000426,-0.14999999999999858,55.75,55.8,55.85,55.9,176.0,2.0,935.0,5649.0,False,False
006208,2022-10-26 10:01:28.241066,0.0008960573476703981,-0.0026833631484793896,0.05000000000000426,-0.14999999999999858,55.75,55.8,55.85,55.9,176.0,2.0,935.0,5649.0,False,False
006208,2022-10-26 10:01:28.807358,0.0008960573476703981,-0.0026833631484793896,0.05000000000000426,-0.14999999999999858,55.75,55.8,55.85,55.9,176.0,2.0,935.0,5649.0,False,False
006208,2022-10-26 10:01:30.495916,0.0008960573476703981,-0.0026833631484793896,0.05000000000000426,-0.14999999999999858,55.75,55.8,55.85,55.9,176.0,1.0,935.0,5649.0,False,False
006208,2022-10-26 10:01:30.860193,0.0008960573476703981,-0.0026833631484793896,0.05000000000000426,-0.14999999999999858,55.75,55.8,55.85,55.9,176.0,1.0,935.0,5649.0,False,False
006208,2022-10-26 10:01:33.022310,0.0008960573476703981,-0.0026833631484793896,0.05000000000000426,-0.14999999999999858,55.75,55.8,55.85,55.9,176.0,1.0,935.0,5649.0,False,False
006208,2022-10-26 10:01:33.026294,0.0008960573476703981,-0.0026833631484793896,0.05000000000000426,-0.14999999999999858,55.75,55.8,55.85,55.9,176.0,1.0,935.0,5649.0,False,False
006208,2022-10-26 10:01:33.588532,0.0008960573476703981,-0.0026833631484793896,0.05000000000000426,-0.14999999999999858,55.75,55.8,55.85,55.9,177.0,1.0,935.0,5649.0,False,False
006208,2022-10-26 10:01:34.768428,0.0008960573476703981,-0.0026833631484793896,0.05000000000000426,-0.14999999999999858,55.75,55.8,55.85,55.9,177.0,1.0,935.0,5649.0,False,False
006208,2022-10-26 10:01:34.769995,0.0008960573476703981,-0.0026833631484793896,0.05000000000000426,-0.14999999999999858,55.75,55.8,55.85,55.9,177.0,1.0,935.0,5649.0,False,False
006208,2022-10-26 10:01:34.895955,0.0008960573476703981,-0.0026833631484793896,0.05000000000000426,-0.14999999999999858,55.75,55.8,55.85,55.9,177.0,1.0,935.0,5649.0,False,False
006208,2022-10-26 10:01:34.922088,0.0008960573476703981,-0.0026833631484793896,0.05000000000000426,-0.14999999999999858,55.75,55.8,55.85,55.9,177.0,1.0,935.0,5649.0,False,False
006208,2022-10-26 10:01:35.206222,0.0008960573476703981,-0.0026833631484793896,0.05000000000000426,-0.14999999999999858,55.75,55.8,55.85,55.9,177.0,1.0,935.0,5649.0,False,False
006208,2022-10-26 10:01:35.315824,0.0008960573476703981,-0.0026833631484793896,0.05000000000000426,-0.14999999999999858,55.75,55.8,55.85,55.9,177.0,1.0,935.0,5649.0,False,False
006208,2022-10-26 10:01:35.353009,0.0008960573476703981,-0.0026833631484793896,0.05000000000000426,-0.14999999999999858,55.75,55.8,55.85,55.9,177.0,1.0,935.0,5649.0,False,False
006208,2022-10-26 10:01:36.643837,0.0008960573476703981,-0.0026833631484793896,0.05000000000000426,-0.14999999999999858,55.75,55.8,55.85,55.9,177.0,1.0,935.0,5649.0,False,False
006208,2022-10-26 10:01:39.638563,0.0008960573476703981,-0.0026833631484793896,0.05000000000000426,-0.14999999999999858,55.75,55.8,55.85,55.9,177.0,1.0,935.0,5649.0,False,False
006208,2022-10-26 10:01:40.328790,0.0008960573476703981,-0.0026833631484793896,0.05000000000000426,-0.14999999999999858,55.75,55.8,55.85,55.9,177.0,1.0,935.0,5649.0,False,False
006208,2022-10-26 10:01:40.482988,0.0008960573476703981,-0.0026833631484793896,0.05000000000000426,-0.14999999999999858,55.75,55.8,55.85,55.9,177.0,1.0,935.0,5649.0,False,False
006208,2022-10-26 10:01:40.516497,0.0,-0.0026833631484793896,0.0,-0.14999999999999858,55.75,55.85,55.85,55.9,177.0,100.0,935.0,5649.0,False,False
006208,2022-10-26 10:01:40.519884,0.0,-0.0026833631484793896,0.0,-0.14999999999999858,55.75,55.85,55.85,55.9,177.0,100.0,935.0,5649.0,False,False
006208,2022-10-26 10:01:40.612801,0.0,-0.0026833631484793896,0.0,-0.14999999999999858,55.75,55.85,55.85,55.9,177.0,60.0,935.0,5649.0,False,False
006208,2022-10-26 10:01:40.745303,0.0,-0.0026833631484793896,0.0,-0.14999999999999858,55.75,55.85,55.85,55.9,177.0,60.0,935.0,5649.0,False,False
006208,2022-10-26 10:01:41.678900,0.0,-0.0026833631484793896,0.0,-0.14999999999999858,55.75,55.85,55.85,55.9,178.0,60.0,935.0,5649.0,False,False
006208,2022-10-26 10:01:41.778589,0.0,-0.0026833631484793896,0.0,-0.14999999999999858,55.75,55.85,55.85,55.9,178.0,60.0,935.0,5649.0,False,False
006208,2022-10-26 10:01:41.897662,0.0,-0.0017889087656529634,0.0,-0.10000000000000142,55.8,55.85,55.85,55.9,1.0,60.0,935.0,5649.0,False,False
006208,2022-10-26 10:01:42.096558,0.0,-0.0017889087656529634,0.0,-0.10000000000000142,55.8,55.85,55.85,55.9,1.0,60.0,935.0,5649.0,False,False
006208,2022-10-26 10:01:42.274194,0.0,-0.0017889087656529634,0.0,-0.10000000000000142,55.8,55.85,55.85,55.9,1.0,60.0,935.0,5649.0,False,False
006208,2022-10-26 10:01:42.283128,0.0,-0.0017889087656529634,0.0,-0.10000000000000142,55.8,55.85,55.85,55.9,1.0,60.0,935.0,5649.0,False,False
006208,2022-10-26 10:01:42.326912,0.0,-0.0017889087656529634,0.0,-0.10000000000000142,55.8,55.85,55.85,55.9,1.0,60.0,935.0,5649.0,False,False
006208,2022-10-26 10:01:42.975397,0.0,-0.0017889087656529634,0.0,-0.10000000000000142,55.8,55.85,55.85,55.9,1.0,60.0,935.0,5649.0,False,False
006208,2022-10-26 10:01:42.988466,0.0,-0.0017889087656529634,0.0,-0.10000000000000142,55.8,55.85,55.85,55.9,1.0,60.0,935.0,5649.0,False,False
006208,2022-10-26 10:01:43.071716,0.0,-0.0017889087656529634,0.0,-0.10000000000000142,55.8,55.85,55.85,55.9,1.0,60.0,935.0,5649.0,False,False
006208,2022-10-26 10:01:43.248203,0.0,-0.0017889087656529634,0.0,-0.10000000000000142,55.8,55.85,55.85,55.9,1.0,60.0,935.0,5649.0,False,False
006208,2022-10-26 10:01:43.305798,0.0,-0.0017889087656529634,0.0,-0.10000000000000142,55.8,55.85,55.85,55.9,1.0,60.0,935.0,5649.0,False,False
006208,2022-10-26 10:01:44.605424,0.0,-0.0017889087656529634,0.0,-0.10000000000000142,55.8,55.85,55.85,55.9,1.0,60.0,935.0,5649.0,True,True
006208,2022-10-26 10:01:44.683873,0.0,-0.0017889087656529634,0.0,-0.10000000000000142,55.8,55.85,55.85,55.9,1.0,60.0,935.0,5649.0,False,False
006208,2022-10-26 10:01:44.804196,0.0,-0.0017889087656529634,0.0,-0.10000000000000142,55.8,55.85,55.85,55.9,1.0,60.0,935.0,5649.0,False,False
006208,2022-10-26 10:01:44.815082,0.0,-0.0017889087656529634,0.0,-0.10000000000000142,55.8,55.85,55.85,55.9,1.0,60.0,935.0,5649.0,False,False
006208,2022-10-26 10:01:45.365362,0.0,-0.0017889087656529634,0.0,-0.10000000000000142,55.8,55.85,55.85,55.9,1.0,60.0,935.0,5649.0,False,False
006208,2022-10-26 10:01:45.407734,0.0,-0.0017889087656529634,0.0,-0.10000000000000142,55.8,55.85,55.85,55.9,1.0,60.0,935.0,5649.0,False,False
006208,2022-10-26 10:01:45.811567,0.0,-0.0017889087656529634,0.0,-0.10000000000000142,55.8,55.85,55.85,55.9,1.0,60.0,935.0,5649.0,False,False
006208,2022-10-26 10:01:48.099422,0.0,-0.0017889087656529634,0.0,-0.10000000000000142,55.8,55.85,55.85,55.9,1.0,59.0,935.0,5649.0,False,False
006208,2022-10-26 10:01:48.333311,0.0,-0.0017889087656529634,0.0,-0.10000000000000142,55.8,55.85,55.85,55.9,1.0,59.0,935.0,5649.0,False,False
006208,2022-10-26 10:01:48.478438,0.0,-0.0017889087656529634,0.0,-0.10000000000000142,55.8,55.85,55.85,55.9,2.0,59.0,935.0,5649.0,False,False
006208,2022-10-26 10:01:49.041258,0.0,-0.0017889087656529634,0.0,-0.10000000000000142,55.8,55.85,55.85,55.9,2.0,59.0,935.0,5649.0,False,False
006208,2022-10-26 10:01:49.041345,0.0,-0.0017889087656529634,0.0,-0.10000000000000142,55.8,55.85,55.85,55.9,2.0,79.0,935.0,5649.0,False,False
006208,2022-10-26 10:01:50.490576,0.0,-0.0017889087656529634,0.0,-0.10000000000000142,55.8,55.85,55.85,55.9,2.0,78.0,935.0,5649.0,False,False
006208,2022-10-26 10:01:52.073058,0.0,-0.0017889087656529634,0.0,-0.10000000000000142,55.8,55.85,55.85,55.9,2.0,78.0,935.0,5649.0,False,False
006208,2022-10-26 10:01:52.093804,0.0,-0.0017889087656529634,0.0,-0.10000000000000142,55.8,55.85,55.85,55.9,2.0,78.0,935.0,5649.0,False,False
006208,2022-10-26 10:01:52.255491,0.0,-0.0017889087656529634,0.0,-0.10000000000000142,55.8,55.85,55.85,55.9,2.0,78.0,935.0,5649.0,False,False
006208,2022-10-26 10:01:52.796915,0.0,-0.0017889087656529634,0.0,-0.10000000000000142,55.8,55.85,55.85,55.9,2.0,78.0,935.0,5649.0,False,False
006208,2022-10-26 10:01:53.308674,0.0,-0.0017889087656529634,0.0,-0.10000000000000142,55.8,55.85,55.85,55.9,2.0,78.0,935.0,5649.0,False,False
006208,2022-10-26 10:01:53.308774,0.0,-0.0017889087656529634,0.0,-0.10000000000000142,55.8,55.85,55.85,55.9,2.0,78.0,935.0,5649.0,False,False
006208,2022-10-26 10:01:53.704261,0.0,-0.0017889087656529634,0.0,-0.10000000000000142,55.8,55.85,55.85,55.9,2.0,78.0,935.0,5649.0,False,False
006208,2022-10-26 10:01:54.712225,0.0,-0.0017889087656529634,0.0,-0.10000000000000142,55.8,55.85,55.85,55.9,2.0,78.0,685.0,5649.0,True,True
006208,2022-10-26 10:01:54.870808,0.0,-0.0017889087656529634,0.0,-0.10000000000000142,55.8,55.85,55.85,55.9,2.0,78.0,685.0,5649.0,False,False
006208,2022-10-26 10:01:54.870959,0.0,-0.0017889087656529634,0.0,-0.10000000000000142,55.8,55.85,55.85,55.9,2.0,78.0,685.0,5649.0,False,False
006208,2022-10-26 10:01:54.978353,0.0,-0.0017889087656529634,0.0,-0.10000000000000142,55.8,55.85,55.85,55.9,2.0,78.0,685.0,5649.0,False,False
006208,2022-10-26 10:01:55.081693,0.0,-0.0017889087656529634,0.0,-0.10000000000000142,55.8,55.85,55.85,55.9,2.0,78.0,685.0,5649.0,False,False
006208,2022-10-26 10:01:55.409318,0.0,-0.0017889087656529634,0.0,-0.10000000000000142,55.8,55.85,55.85,55.9,2.0,78.0,685.0,5649.0,False,False
006208,2022-10-26 10:01:55.605037,0.0,-0.0017889087656529634,0.0,-0.10000000000000142,55.8,55.85,55.85,55.9,2.0,78.0,685.0,5649.0,False,False
006208,2022-10-26 10:01:55.652947,0.0,-0.0017889087656529634,0.0,-0.10000000000000142,55.8,55.85,55.85,55.9,2.0,153.0,685.0,5649.0,False,False
006208,2022-10-26 10:01:55.912505,0.0,-0.0017889087656529634,0.0,-0.10000000000000142,55.8,55.85,55.85,55.9,2.0,153.0,685.0,5649.0,False,False
006208,2022-10-26 10:01:55.975065,0.0,-0.0017889087656529634,0.0,-0.10000000000000142,55.8,55.85,55.85,55.9,2.0,153.0,685.0,5649.0,False,False
006208,2022-10-26 10:01:56.006681,0.0,-0.0026833631484793896,0.0,-0.14999999999999858,55.75,55.85,55.85,55.9,151.0,253.0,685.0,5649.0,False,False
006208,2022-10-26 10:01:55.979197,0.0,-0.0017889087656529634,0.0,-0.10000000000000142,55.8,55.85,55.85,55.9,2.0,253.0,685.0,5649.0,False,False
006208,2022-10-26 10:01:56.091791,0.0,-0.0026833631484793896,0.0,-0.14999999999999858,55.75,55.85,55.85,55.9,111.0,253.0,685.0,5649.0,False,False
006208,2022-10-26 10:01:56.221059,0.0,-0.0026833631484793896,0.0,-0.14999999999999858,55.75,55.85,55.85,55.9,111.0,253.0,685.0,5649.0,False,False
006208,2022-10-26 10:01:56.325137,0.0,-0.0026833631484793896,0.0,-0.14999999999999858,55.75,55.85,55.85,55.9,111.0,253.0,685.0,5649.0,False,False
006208,2022-10-26 10:01:56.652689,0.0,-0.0026833631484793896,0.0,-0.14999999999999858,55.75,55.85,55.85,55.9,111.0,253.0,685.0,5649.0,False,False
006208,2022-10-26 10:01:56.674783,0.0,-0.0026833631484793896,0.0,-0.14999999999999858,55.75,55.85,55.85,55.9,111.0,253.0,685.0,5649.0,False,False
006208,2022-10-26 10:01:56.795133,0.0,-0.0026833631484793896,0.0,-0.14999999999999858,55.75,55.85,55.85,55.9,111.0,253.0,685.0,5649.0,False,False
006208,2022-10-26 10:01:56.815469,0.0,-0.0026833631484793896,0.0,-0.14999999999999858,55.75,55.85,55.85,55.9,111.0,253.0,685.0,5649.0,False,False
006208,2022-10-26 10:01:57.014682,0.0,-0.0026833631484793896,0.0,-0.14999999999999858,55.75,55.85,55.85,55.9,111.0,253.0,685.0,5649.0,False,False
006208,2022-10-26 10:01:57.032138,0.0,-0.0026833631484793896,0.0,-0.14999999999999858,55.75,55.85,55.85,55.9,111.0,253.0,685.0,5649.0,False,False
006208,2022-10-26 10:01:58.113240,0.0,-0.0026833631484793896,0.0,-0.14999999999999858,55.75,55.85,55.85,55.9,111.0,253.0,685.0,5649.0,False,False
006208,2022-10-26 10:01:58.117755,0.0,-0.0026833631484793896,0.0,-0.14999999999999858,55.75,55.85,55.85,55.9,111.0,253.0,685.0,5649.0,False,False
006208,2022-10-26 10:01:58.169154,0.0,-0.0026833631484793896,0.0,-0.14999999999999858,55.75,55.85,55.85,55.9,111.0,253.0,685.0,5649.0,False,False
006208,2022-10-26 10:01:58.197773,0.0,-0.0026833631484793896,0.0,-0.14999999999999858,55.75,55.85,55.85,55.9,36.0,253.0,685.0,5649.0,False,False
006208,2022-10-26 10:01:58.397596,0.0,-0.0026833631484793896,0.0,-0.14999999999999858,55.75,55.85,55.85,55.9,36.0,253.0,685.0,5649.0,False,False
006208,2022-10-26 10:01:58.478632,0.0,-0.0026833631484793896,0.0,-0.14999999999999858,55.75,55.85,55.85,55.9,2.0,253.0,685.0,5649.0,False,False
006208,2022-10-26 10:02:01.813315,0.0,-0.0026833631484793896,0.0,-0.14999999999999858,55.75,55.85,55.85,55.9,2.0,253.0,685.0,5649.0,False,False
006208,2022-10-26 10:02:01.854397,0.0,-0.0026833631484793896,0.0,-0.14999999999999858,55.75,55.85,55.85,55.9,2.0,253.0,685.0,5649.0,False,False
006208,2022-10-26 10:02:04.177379,0.0,-0.0026833631484793896,0.0,-0.14999999999999858,55.75,55.85,55.85,55.9,2.0,253.0,685.0,5649.0,False,False
006208,2022-10-26 10:02:04.768803,0.0,-0.0026833631484793896,0.0,-0.14999999999999858,55.75,55.85,55.85,55.9,2.0,253.0,685.0,5649.0,True,True
006208,2022-10-26 10:02:05.178893,0.0,-0.0026833631484793896,0.0,-0.14999999999999858,55.75,55.85,55.85,55.9,2.0,253.0,685.0,5649.0,False,False
006208,2022-10-26 10:02:05.178997,0.0,-0.0026833631484793896,0.0,-0.14999999999999858,55.75,55.85,55.85,55.9,2.0,253.0,685.0,5649.0,False,False
006208,2022-10-26 10:02:06.220754,0.0,-0.0026833631484793896,0.0,-0.14999999999999858,55.75,55.85,55.85,55.9,2.0,253.0,685.0,5649.0,False,False
006208,2022-10-26 10:02:06.235730,0.0,-0.0026833631484793896,0.0,-0.14999999999999858,55.75,55.85,55.85,55.9,2.0,253.0,685.0,5649.0,False,False
006208,2022-10-26 10:02:06.348708,0.0,-0.0026833631484793896,0.0,-0.14999999999999858,55.75,55.85,55.85,55.9,2.0,253.0,685.0,5649.0,False,False
006208,2022-10-26 10:02:06.356952,0.0,-0.0026833631484793896,0.0,-0.14999999999999858,55.75,55.85,55.85,55.9,2.0,253.0,685.0,5649.0,False,False
006208,2022-10-26 10:02:10.503348,0.0,-0.0026833631484793896,0.0,-0.14999999999999858,55.75,55.85,55.85,55.9,2.0,252.0,685.0,5649.0,False,False
006208,2022-10-26 10:02:14.139240,0.0,-0.0026833631484793896,0.0,-0.14999999999999858,55.75,55.85,55.85,55.9,2.0,292.0,685.0,5649.0,False,False
006208,2022-10-26 10:02:14.810005,0.0,-0.0026833631484793896,0.0,-0.14999999999999858,55.75,55.85,55.85,55.9,2.0,292.0,685.0,5649.0,True,True
006208,2022-10-26 10:02:15.870249,0.0,-0.0026833631484793896,0.0,-0.14999999999999858,55.75,55.85,55.85,55.9,4.0,292.0,685.0,5649.0,False,False
006208,2022-10-26 10:02:16.106293,0.0,-0.0026833631484793896,0.0,-0.14999999999999858,55.75,55.85,55.85,55.9,8.0,292.0,685.0,5649.0,False,False
006208,2022-10-26 10:02:16.124893,0.0,-0.0026833631484793896,0.0,-0.14999999999999858,55.75,55.85,55.85,55.9,8.0,252.0,685.0,5649.0,False,False
006208,2022-10-26 10:02:16.345003,0.0,-0.0026833631484793896,0.0,-0.14999999999999858,55.75,55.85,55.85,55.9,8.0,252.0,685.0,5649.0,False,False
006208,2022-10-26 10:02:16.352841,0.0,-0.0026833631484793896,0.0,-0.14999999999999858,55.75,55.85,55.85,55.9,8.0,252.0,685.0,5649.0,False,False
006208,2022-10-26 10:02:16.542616,0.0,-0.0026833631484793896,0.0,-0.14999999999999858,55.75,55.85,55.85,55.9,8.0,292.0,685.0,5649.0,False,False
006208,2022-10-26 10:02:17.125757,0.0,-0.0026833631484793896,0.0,-0.14999999999999858,55.75,55.85,55.85,55.9,8.0,252.0,685.0,5649.0,False,False
006208,2022-10-26 10:02:18.039901,0.0,-0.0026833631484793896,0.0,-0.14999999999999858,55.75,55.85,55.85,55.9,8.0,252.0,685.0,5649.0,False,False
006208,2022-10-26 10:02:18.043067,0.0,-0.0026833631484793896,0.0,-0.14999999999999858,55.75,55.85,55.85,55.9,8.0,252.0,685.0,5649.0,False,False
006208,2022-10-26 10:02:18.151473,0.0,-0.0026833631484793896,0.0,-0.14999999999999858,55.75,55.85,55.85,55.9,8.0,286.0,685.0,5649.0,False,False
006208,2022-10-26 10:02:18.749508,0.0,-0.0026833631484793896,0.0,-0.14999999999999858,55.75,55.85,55.85,55.9,8.0,286.0,685.0,5649.0,False,False
006208,2022-10-26 10:02:18.770344,0.0,-0.0026833631484793896,0.0,-0.14999999999999858,55.75,55.85,55.85,55.9,8.0,252.0,685.0,5649.0,False,False
006208,2022-10-26 10:02:20.521309,0.0,-0.0026833631484793896,0.0,-0.14999999999999858,55.75,55.85,55.85,55.9,8.0,251.0,685.0,5649.0,False,False
006208,2022-10-26 10:02:20.551182,0.0,-0.0026833631484793896,0.0,-0.14999999999999858,55.75,55.85,55.85,55.9,8.0,251.0,685.0,5649.0,False,False
006208,2022-10-26 10:02:20.551398,0.0,-0.0026833631484793896,0.0,-0.14999999999999858,55.75,55.85,55.85,55.9,8.0,251.0,685.0,5649.0,False,False
006208,2022-10-26 10:02:20.602010,0.0,-0.0026833631484793896,0.0,-0.14999999999999858,55.75,55.85,55.85,55.9,8.0,251.0,685.0,5649.0,False,False
006208,2022-10-26 10:02:20.957781,0.0,-0.0026833631484793896,0.0,-0.14999999999999858,55.75,55.85,55.85,55.9,8.0,251.0,685.0,5649.0,False,False
006208,2022-10-26 10:02:21.146628,0.0,-0.0026833631484793896,0.0,-0.14999999999999858,55.75,55.85,55.85,55.9,8.0,250.0,685.0,5649.0,False,False
006208,2022-10-26 10:02:21.450237,0.0,-0.0026833631484793896,0.0,-0.14999999999999858,55.75,55.85,55.85,55.9,8.0,250.0,685.0,5649.0,False,False
006208,2022-10-26 10:02:21.455321,0.0,-0.0026833631484793896,0.0,-0.14999999999999858,55.75,55.85,55.85,55.9,8.0,250.0,685.0,5649.0,False,False
006208,2022-10-26 10:02:23.409762,0.0,-0.0026833631484793896,0.0,-0.14999999999999858,55.75,55.85,55.85,55.9,8.0,250.0,685.0,5649.0,False,False
006208,2022-10-26 10:02:23.429092,0.0,-0.0026833631484793896,0.0,-0.14999999999999858,55.75,55.85,55.85,55.9,8.0,250.0,685.0,5649.0,False,False
006208,2022-10-26 10:02:23.491468,0.0,-0.0026833631484793896,0.0,-0.14999999999999858,55.75,55.85,55.85,55.9,8.0,250.0,685.0,5649.0,False,False
006208,2022-10-26 10:02:24.345420,0.0,-0.0026833631484793896,0.0,-0.14999999999999858,55.75,55.85,55.85,55.9,10.0,250.0,685.0,5649.0,False,False
006208,2022-10-26 10:02:24.650646,0.0,-0.0026833631484793896,0.0,-0.14999999999999858,55.75,55.85,55.85,55.9,10.0,250.0,685.0,5649.0,False,False
006208,2022-10-26 10:02:24.655248,0.0,-0.0026833631484793896,0.0,-0.14999999999999858,55.75,55.85,55.85,55.9,10.0,250.0,685.0,5649.0,False,False
006208,2022-10-26 10:02:24.852307,0.0,-0.0026833631484793896,0.0,-0.14999999999999858,55.75,55.85,55.85,55.9,10.0,250.0,777.0,5649.0,True,True
006208,2022-10-26 10:02:24.934854,0.0,-0.0026833631484793896,0.0,-0.14999999999999858,55.75,55.85,55.85,55.9,10.0,250.0,777.0,5649.0,False,False
006208,2022-10-26 10:02:24.935006,0.0,-0.0026833631484793896,0.0,-0.14999999999999858,55.75,55.85,55.85,55.9,10.0,250.0,777.0,5649.0,False,False
006208,2022-10-26 10:02:25.228248,0.0,-0.0026833631484793896,0.0,-0.14999999999999858,55.75,55.85,55.85,55.9,10.0,230.0,777.0,5649.0,False,False
006208,2022-10-26 10:02:25.228461,0.0,-0.0026833631484793896,0.0,-0.14999999999999858,55.75,55.85,55.85,55.9,10.0,230.0,777.0,5649.0,False,False
006208,2022-10-26 10:02:25.898886,0.0,-0.0026833631484793896,0.0,-0.14999999999999858,55.75,55.85,55.85,55.9,10.0,230.0,777.0,5649.0,False,False
006208,2022-10-26 10:02:25.899106,0.0,-0.0026833631484793896,0.0,-0.14999999999999858,55.75,55.85,55.85,55.9,10.0,250.0,777.0,5649.0,False,False
006208,2022-10-26 10:02:26.473402,0.0,-0.0026833631484793896,0.0,-0.14999999999999858,55.75,55.85,55.85,55.9,10.0,250.0,777.0,5649.0,False,False
006208,2022-10-26 10:02:26.477496,0.0,-0.0026833631484793896,0.0,-0.14999999999999858,55.75,55.85,55.85,55.9,10.0,250.0,777.0,5649.0,False,False
006208,2022-10-26 10:02:26.607979,0.0,-0.0026833631484793896,0.0,-0.14999999999999858,55.75,55.85,55.85,55.9,10.0,250.0,777.0,5649.0,False,False
006208,2022-10-26 10:02:27.147025,0.0,-0.0026833631484793896,0.0,-0.14999999999999858,55.75,55.85,55.85,55.9,10.0,250.0,777.0,5649.0,False,False
006208,2022-10-26 10:02:27.147196,0.0,-0.0026833631484793896,0.0,-0.14999999999999858,55.75,55.85,55.85,55.9,10.0,230.0,777.0,5649.0,False,False
006208,2022-10-26 10:02:29.658657,0.0,-0.0026833631484793896,0.0,-0.14999999999999858,55.75,55.85,55.85,55.9,10.0,230.0,777.0,5649.0,False,False
006208,2022-10-26 10:02:29.658895,0.0,-0.0026833631484793896,0.0,-0.14999999999999858,55.75,55.85,55.85,55.9,10.0,250.0,777.0,5649.0,False,False
006208,2022-10-26 10:02:30.526468,0.0,-0.0026833631484793896,0.0,-0.14999999999999858,55.75,55.85,55.85,55.9,10.0,249.0,777.0,5649.0,False,False
006208,2022-10-26 10:02:31.695456,0.0,-0.0017889087656529634,0.0,-0.10000000000000142,55.8,55.85,55.85,55.9,1.0,249.0,777.0,5649.0,False,False
006208,2022-10-26 10:02:31.721549,0.0,-0.0017889087656529634,0.0,-0.10000000000000142,55.8,55.85,55.85,55.9,1.0,249.0,777.0,5649.0,False,False
006208,2022-10-26 10:02:32.491738,0.0,-0.0017889087656529634,0.0,-0.10000000000000142,55.8,55.85,55.85,55.9,1.0,249.0,777.0,5649.0,False,False
006208,2022-10-26 10:02:32.804422,0.0,-0.0017889087656529634,0.0,-0.10000000000000142,55.8,55.85,55.85,55.9,1.0,249.0,777.0,5649.0,False,False
006208,2022-10-26 10:02:32.812133,0.0,-0.0017889087656529634,0.0,-0.10000000000000142,55.8,55.85,55.85,55.9,1.0,249.0,777.0,5649.0,False,False
006208,2022-10-26 10:02:32.934442,0.0,-0.0017889087656529634,0.0,-0.10000000000000142,55.8,55.85,55.85,55.9,1.0,249.0,777.0,5649.0,False,False
006208,2022-10-26 10:02:32.967246,0.0,-0.0026833631484793896,0.0,-0.14999999999999858,55.75,55.85,55.85,55.9,10.0,249.0,777.0,5649.0,False,False
006208,2022-10-26 10:02:32.991858,0.0,-0.0026833631484793896,0.0,-0.14999999999999858,55.75,55.85,55.85,55.9,10.0,249.0,777.0,5649.0,False,False
006208,2022-10-26 10:02:33.154252,0.0,-0.0026833631484793896,0.0,-0.14999999999999858,55.75,55.85,55.85,55.9,10.0,249.0,777.0,5649.0,False,False
006208,2022-10-26 10:02:33.323598,0.0,-0.0026833631484793896,0.0,-0.14999999999999858,55.75,55.85,55.85,55.9,10.0,249.0,777.0,5649.0,False,False
006208,2022-10-26 10:02:34.103218,0.0,-0.0026833631484793896,0.0,-0.14999999999999858,55.75,55.85,55.85,55.9,10.0,249.0,777.0,5649.0,False,False
006208,2022-10-26 10:02:34.136863,0.0,-0.0026833631484793896,0.0,-0.14999999999999858,55.75,55.85,55.85,55.9,10.0,129.0,777.0,5649.0,False,False
006208,2022-10-26 10:02:34.297298,0.0,-0.0026833631484793896,0.0,-0.14999999999999858,55.75,55.85,55.85,55.9,10.0,149.0,777.0,5649.0,False,False
006208,2022-10-26 10:02:34.320569,0.0,-0.0026833631484793896,0.0,-0.14999999999999858,55.75,55.85,55.85,55.9,10.0,149.0,777.0,5649.0,False,False
006208,2022-10-26 10:02:34.899578,0.0,-0.0026833631484793896,0.0,-0.14999999999999858,55.75,55.85,55.85,55.9,10.0,149.0,1035.0,5608.0,True,True
006208,2022-10-26 10:02:35.138339,0.0,-0.0026833631484793896,0.0,-0.14999999999999858,55.75,55.85,55.85,55.9,10.0,249.0,1035.0,5608.0,False,False
006208,2022-10-26 10:02:35.212596,0.0,-0.0026833631484793896,0.0,-0.14999999999999858,55.75,55.85,55.85,55.9,10.0,249.0,1035.0,5608.0,False,False
006208,2022-10-26 10:02:35.304236,0.0,-0.0026833631484793896,0.0,-0.14999999999999858,55.75,55.85,55.85,55.9,10.0,249.0,1035.0,5608.0,False,False
006208,2022-10-26 10:02:35.403555,0.0,-0.0026833631484793896,0.0,-0.14999999999999858,55.75,55.85,55.85,55.9,10.0,249.0,1035.0,5608.0,False,False
006208,2022-10-26 10:02:35.475768,0.0,-0.0026833631484793896,0.0,-0.14999999999999858,55.75,55.85,55.85,55.9,10.0,249.0,1035.0,5608.0,False,False
006208,2022-10-26 10:02:35.681637,0.0,-0.0026833631484793896,0.0,-0.14999999999999858,55.75,55.85,55.85,55.9,85.0,149.0,1035.0,5608.0,False,False
006208,2022-10-26 10:02:35.790898,0.0,-0.0026833631484793896,0.0,-0.14999999999999858,55.75,55.85,55.85,55.9,85.0,149.0,1035.0,5608.0,False,False
006208,2022-10-26 10:02:36.142720,0.0,-0.0026833631484793896,0.0,-0.14999999999999858,55.75,55.85,55.85,55.9,85.0,74.0,1035.0,5608.0,False,False
006208,2022-10-26 10:02:36.143068,0.0,-0.0026833631484793896,0.0,-0.14999999999999858,55.75,55.85,55.85,55.9,85.0,74.0,1035.0,5608.0,False,False
006208,2022-10-26 10:02:36.246149,0.0,-0.0026833631484793896,0.0,-0.14999999999999858,55.75,55.85,55.85,55.9,85.0,54.0,1035.0,5608.0,False,False
006208,2022-10-26 10:02:36.640421,0.0,-0.0026833631484793896,0.0,-0.14999999999999858,55.75,55.85,55.85,55.9,185.0,54.0,1035.0,5608.0,False,False
006208,2022-10-26 10:02:38.343065,0.0,-0.0026833631484793896,0.0,-0.14999999999999858,55.75,55.85,55.85,55.9,186.0,54.0,1035.0,5608.0,False,False
006208,2022-10-26 10:02:39.637869,0.0,-0.0026833631484793896,0.0,-0.14999999999999858,55.75,55.85,55.85,55.9,186.0,54.0,1035.0,5608.0,False,False
006208,2022-10-26 10:02:39.649795,0.0,-0.0026833631484793896,0.0,-0.14999999999999858,55.75,55.85,55.85,55.9,186.0,54.0,1035.0,5608.0,False,False
006208,2022-10-26 10:02:40.118364,0.0,-0.0026833631484793896,0.0,-0.14999999999999858,55.75,55.85,55.85,55.9,186.0,54.0,1035.0,5608.0,False,False
006208,2022-10-26 10:02:40.147070,0.0,-0.0026833631484793896,0.0,-0.14999999999999858,55.75,55.85,55.85,55.9,186.0,54.0,1035.0,5608.0,False,False
006208,2022-10-26 10:02:40.547137,0.0,-0.0026833631484793896,0.0,-0.14999999999999858,55.75,55.85,55.85,55.9,186.0,53.0,1035.0,5608.0,False,False
006208,2022-10-26 10:02:43.091998,0.0,-0.0017889087656529634,0.0,-0.10000000000000142,55.8,55.85,55.85,55.9,2.0,53.0,1035.0,5608.0,False,False
006208,2022-10-26 10:02:43.119503,0.0,-0.0017889087656529634,0.0,-0.10000000000000142,55.8,55.85,55.85,55.9,2.0,53.0,1035.0,5608.0,False,False
006208,2022-10-26 10:02:43.388314,0.0,-0.0017889087656529634,0.0,-0.10000000000000142,55.8,55.85,55.85,55.9,2.0,53.0,1035.0,5608.0,False,False
006208,2022-10-26 10:02:43.420946,0.0,-0.0017889087656529634,0.0,-0.10000000000000142,55.8,55.85,55.85,55.9,2.0,53.0,1035.0,5608.0,False,False
006208,2022-10-26 10:02:43.561522,0.0,-0.0017889087656529634,0.0,-0.10000000000000142,55.8,55.85,55.85,55.9,2.0,53.0,1035.0,5608.0,False,False
006208,2022-10-26 10:02:43.624472,0.0,-0.0017889087656529634,0.0,-0.10000000000000142,55.8,55.85,55.85,55.9,2.0,53.0,1035.0,5608.0,False,False
006208,2022-10-26 10:02:43.735619,0.0,-0.0017889087656529634,0.0,-0.10000000000000142,55.8,55.85,55.85,55.9,2.0,53.0,1035.0,5608.0,False,False
006208,2022-10-26 10:02:43.735780,0.0,-0.0017889087656529634,0.0,-0.10000000000000142,55.8,55.85,55.85,55.9,2.0,53.0,1035.0,5608.0,False,False
006208,2022-10-26 10:02:44.324473,0.0,-0.0017889087656529634,0.0,-0.10000000000000142,55.8,55.85,55.85,55.9,2.0,53.0,1035.0,5608.0,False,False
006208,2022-10-26 10:02:44.377221,0.0,-0.0017889087656529634,0.0,-0.10000000000000142,55.8,55.85,55.85,55.9,2.0,53.0,1035.0,5608.0,False,False
006208,2022-10-26 10:02:44.534684,0.0,-0.0017889087656529634,0.0,-0.10000000000000142,55.8,55.85,55.85,55.9,2.0,53.0,1035.0,5608.0,False,False
006208,2022-10-26 10:02:44.639407,0.0,-0.0017889087656529634,0.0,-0.10000000000000142,55.8,55.85,55.85,55.9,2.0,53.0,1035.0,5608.0,False,False
006208,2022-10-26 10:02:44.718985,0.0,-0.0017889087656529634,0.0,-0.10000000000000142,55.8,55.85,55.85,55.9,2.0,53.0,1035.0,5608.0,False,False
006208,2022-10-26 10:02:44.941061,0.0,-0.0017889087656529634,0.0,-0.10000000000000142,55.8,55.85,55.85,55.9,2.0,53.0,1035.0,5608.0,True,True
006208,2022-10-26 10:02:44.851387,0.0,-0.0017889087656529634,0.0,-0.10000000000000142,55.8,55.85,55.85,55.9,2.0,53.0,1035.0,5608.0,False,False
006208,2022-10-26 10:02:45.051977,0.0,-0.0017889087656529634,0.0,-0.10000000000000142,55.8,55.85,55.85,55.9,2.0,53.0,1035.0,5608.0,False,False
006208,2022-10-26 10:02:45.535806,0.0,-0.0017889087656529634,0.0,-0.10000000000000142,55.8,55.85,55.85,55.9,2.0,53.0,1035.0,5608.0,False,False
006208,2022-10-26 10:02:45.535851,0.0,-0.0017889087656529634,0.0,-0.10000000000000142,55.8,55.85,55.85,55.9,102.0,53.0,1035.0,5608.0,False,False
006208,2022-10-26 10:02:45.934334,0.0,-0.0017889087656529634,0.0,-0.10000000000000142,55.8,55.85,55.85,55.9,102.0,53.0,1035.0,5608.0,False,False
006208,2022-10-26 10:02:45.934511,0.0,-0.0017889087656529634,0.0,-0.10000000000000142,55.8,55.85,55.85,55.9,102.0,53.0,1035.0,5608.0,False,False
006208,2022-10-26 10:02:46.095581,0.0,-0.0017889087656529634,0.0,-0.10000000000000142,55.8,55.85,55.85,55.9,102.0,53.0,1035.0,5608.0,False,False
006208,2022-10-26 10:02:46.095646,0.0,-0.0017889087656529634,0.0,-0.10000000000000142,55.8,55.85,55.85,55.9,177.0,53.0,1035.0,5608.0,False,False
006208,2022-10-26 10:02:46.356607,0.0,-0.0017889087656529634,0.0,-0.10000000000000142,55.8,55.85,55.85,55.9,177.0,53.0,1035.0,5608.0,False,False
006208,2022-10-26 10:02:46.367722,0.0,-0.0017889087656529634,0.0,-0.10000000000000142,55.8,55.85,55.85,55.9,177.0,53.0,1035.0,5608.0,False,False
006208,2022-10-26 10:02:46.444884,0.0,-0.0017889087656529634,0.0,-0.10000000000000142,55.8,55.85,55.85,55.9,177.0,53.0,1035.0,5608.0,False,False
006208,2022-10-26 10:02:46.606250,0.0,-0.0017889087656529634,0.0,-0.10000000000000142,55.8,55.85,55.85,55.9,177.0,53.0,1035.0,5608.0,False,False
006208,2022-10-26 10:02:47.438741,0.0,-0.0017889087656529634,0.0,-0.10000000000000142,55.8,55.85,55.85,55.9,177.0,53.0,1035.0,5608.0,False,False
006208,2022-10-26 10:02:47.438913,0.0,-0.0017889087656529634,0.0,-0.10000000000000142,55.8,55.85,55.85,55.9,177.0,53.0,1035.0,5608.0,False,False
006208,2022-10-26 10:02:49.667545,0.0,-0.0017889087656529634,0.0,-0.10000000000000142,55.8,55.85,55.85,55.9,177.0,23.0,1035.0,5608.0,False,False
006208,2022-10-26 10:02:49.735444,0.0,-0.0017889087656529634,0.0,-0.10000000000000142,55.8,55.85,55.85,55.9,177.0,23.0,1035.0,5608.0,False,False
006208,2022-10-26 10:02:49.794144,0.0,-0.0017889087656529634,0.0,-0.10000000000000142,55.8,55.85,55.85,55.9,177.0,23.0,1035.0,5608.0,False,False
006208,2022-10-26 10:02:50.003962,0.0,-0.0017889087656529634,0.0,-0.10000000000000142,55.8,55.85,55.85,55.9,177.0,23.0,1035.0,5608.0,False,False
006208,2022-10-26 10:02:50.004086,0.0,-0.0017889087656529634,0.0,-0.10000000000000142,55.8,55.85,55.85,55.9,177.0,23.0,1035.0,5608.0,False,False
006208,2022-10-26 10:02:50.338375,0.0,-0.0017889087656529634,0.0,-0.10000000000000142,55.8,55.85,55.85,55.9,177.0,23.0,1035.0,5608.0,False,False
006208,2022-10-26 10:02:50.348922,0.0,-0.0017889087656529634,0.0,-0.10000000000000142,55.8,55.85,55.85,55.9,177.0,23.0,1035.0,5608.0,False,False
006208,2022-10-26 10:02:50.536371,0.0,-0.0017889087656529634,0.0,-0.10000000000000142,55.8,55.85,55.85,55.9,177.0,22.0,1035.0,5608.0,False,False
006208,2022-10-26 10:02:50.768582,0.0,-0.0017889087656529634,0.0,-0.10000000000000142,55.8,55.85,55.85,55.9,177.0,22.0,1035.0,5608.0,False,False
006208,2022-10-26 10:02:50.780474,0.0,-0.0017889087656529634,0.0,-0.10000000000000142,55.8,55.85,55.85,55.9,177.0,22.0,1035.0,5608.0,False,False
006208,2022-10-26 10:02:50.930115,0.0,-0.0017889087656529634,0.0,-0.10000000000000142,55.8,55.85,55.85,55.9,177.0,22.0,1035.0,5608.0,False,False
006208,2022-10-26 10:02:51.015232,0.0,-0.0017889087656529634,0.0,-0.10000000000000142,55.8,55.85,55.85,55.9,77.0,22.0,1035.0,5608.0,False,False
006208,2022-10-26 10:02:51.081724,0.0,-0.0017889087656529634,0.0,-0.10000000000000142,55.8,55.85,55.85,55.9,77.0,22.0,1035.0,5608.0,False,False
006208,2022-10-26 10:02:51.432378,0.0,-0.0017889087656529634,0.0,-0.10000000000000142,55.8,55.85,55.85,55.9,77.0,22.0,1035.0,5608.0,False,False
006208,2022-10-26 10:02:51.904363,0.0,-0.0017889087656529634,0.0,-0.10000000000000142,55.8,55.85,55.85,55.9,77.0,22.0,1035.0,5608.0,False,False
006208,2022-10-26 10:02:51.904392,0.0,-0.0017889087656529634,0.0,-0.10000000000000142,55.8,55.85,55.85,55.9,77.0,22.0,1035.0,5608.0,False,False
006208,2022-10-26 10:02:52.015776,0.0,-0.0017889087656529634,0.0,-0.10000000000000142,55.8,55.85,55.85,55.9,77.0,22.0,1035.0,5608.0,False,False
006208,2022-10-26 10:02:53.512509,0.0,-0.0017889087656529634,0.0,-0.10000000000000142,55.8,55.85,55.85,55.9,77.0,22.0,1035.0,5608.0,False,False
006208,2022-10-26 10:02:53.515073,0.0,-0.0017889087656529634,0.0,-0.10000000000000142,55.8,55.85,55.85,55.9,77.0,22.0,1035.0,5608.0,False,False
006208,2022-10-26 10:02:53.650775,0.0,-0.0017889087656529634,0.0,-0.10000000000000142,55.8,55.85,55.85,55.9,77.0,22.0,1035.0,5608.0,False,False
006208,2022-10-26 10:02:54.544061,0.0,-0.0017889087656529634,0.0,-0.10000000000000142,55.8,55.85,55.85,55.9,78.0,22.0,1035.0,5608.0,False,False
006208,2022-10-26 10:02:54.998309,0.0,-0.0017889087656529634,0.0,-0.10000000000000142,55.8,55.85,55.85,55.9,78.0,22.0,777.0,5950.0,True,True
006208,2022-10-26 10:02:56.210750,0.0,-0.0017889087656529634,0.0,-0.10000000000000142,55.8,55.85,55.85,55.9,78.0,22.0,777.0,5950.0,False,False
006208,2022-10-26 10:02:57.302384,0.0,-0.0017889087656529634,0.0,-0.10000000000000142,55.8,55.85,55.85,55.9,78.0,22.0,777.0,5950.0,False,False
006208,2022-10-26 10:03:00.088760,0.0,-0.0017889087656529634,0.0,-0.10000000000000142,55.8,55.85,55.85,55.9,78.0,22.0,777.0,5950.0,False,False
006208,2022-10-26 10:03:00.267795,0.0,-0.0017889087656529634,0.0,-0.10000000000000142,55.8,55.85,55.85,55.9,78.0,52.0,777.0,5950.0,False,False
006208,2022-10-26 10:03:00.541682,0.0,-0.0017889087656529634,0.0,-0.10000000000000142,55.8,55.85,55.85,55.9,78.0,51.0,777.0,5950.0,False,False
006208,2022-10-26 10:03:01.027241,0.0,-0.0017889087656529634,0.0,-0.10000000000000142,55.8,55.85,55.85,55.9,78.0,51.0,777.0,5950.0,False,False
006208,2022-10-26 10:03:01.066283,0.0,-0.0017889087656529634,0.0,-0.10000000000000142,55.8,55.85,55.85,55.9,78.0,51.0,777.0,5950.0,False,False
006208,2022-10-26 10:03:03.147412,0.0,-0.0017889087656529634,0.0,-0.10000000000000142,55.8,55.85,55.85,55.9,78.0,50.0,777.0,5950.0,False,False
006208,2022-10-26 10:03:03.641919,0.0,-0.0017889087656529634,0.0,-0.10000000000000142,55.8,55.85,55.85,55.9,78.0,50.0,777.0,5950.0,False,False
006208,2022-10-26 10:03:03.644143,0.0,-0.0017889087656529634,0.0,-0.10000000000000142,55.8,55.85,55.85,55.9,78.0,50.0,777.0,5950.0,False,False
006208,2022-10-26 10:03:03.778602,0.0,-0.0017889087656529634,0.0,-0.10000000000000142,55.8,55.85,55.85,55.9,78.0,50.0,777.0,5950.0,False,False
006208,2022-10-26 10:03:05.084009,0.0,-0.0017889087656529634,0.0,-0.10000000000000142,55.8,55.85,55.85,55.9,78.0,50.0,777.0,5950.0,True,True
006208,2022-10-26 10:03:05.378929,0.0,-0.0017889087656529634,0.0,-0.10000000000000142,55.8,55.85,55.85,55.9,78.0,50.0,777.0,5950.0,False,False
006208,2022-10-26 10:03:05.440725,0.0,-0.0017889087656529634,0.0,-0.10000000000000142,55.8,55.85,55.85,55.9,78.0,50.0,777.0,5950.0,False,False
006208,2022-10-26 10:03:07.919337,0.0,-0.0017889087656529634,0.0,-0.10000000000000142,55.8,55.85,55.85,55.9,3.0,50.0,777.0,5950.0,False,False
006208,2022-10-26 10:03:07.919592,0.0,-0.0017889087656529634,0.0,-0.10000000000000142,55.8,55.85,55.85,55.9,3.0,50.0,777.0,5950.0,False,False
006208,2022-10-26 10:03:08.040086,0.0,-0.0017889087656529634,0.0,-0.10000000000000142,55.8,55.85,55.85,55.9,3.0,50.0,777.0,5950.0,False,False
006208,2022-10-26 10:03:08.905784,0.0,-0.0017889087656529634,0.0,-0.10000000000000142,55.8,55.85,55.85,55.9,3.0,50.0,777.0,5950.0,False,False
006208,2022-10-26 10:03:08.905952,0.0,-0.0017889087656529634,0.0,-0.10000000000000142,55.8,55.85,55.85,55.9,3.0,70.0,777.0,5950.0,False,False
006208,2022-10-26 10:03:11.429409,0.0,-0.0017889087656529634,0.0,-0.10000000000000142,55.8,55.85,55.85,55.9,3.0,70.0,777.0,5950.0,False,False
006208,2022-10-26 10:03:11.445078,0.0,-0.0017889087656529634,0.0,-0.10000000000000142,55.8,55.85,55.85,55.9,3.0,50.0,777.0,5950.0,False,False
006208,2022-10-26 10:03:13.770453,0.0,-0.0017889087656529634,0.0,-0.10000000000000142,55.8,55.85,55.85,55.9,3.0,50.0,777.0,5950.0,False,False
006208,2022-10-26 10:03:13.773274,0.0,-0.0017889087656529634,0.0,-0.10000000000000142,55.8,55.85,55.85,55.9,3.0,50.0,777.0,5950.0,False,False
006208,2022-10-26 10:03:13.910352,0.0,-0.0017889087656529634,0.0,-0.10000000000000142,55.8,55.85,55.85,55.9,3.0,50.0,777.0,5950.0,False,False
006208,2022-10-26 10:03:14.085321,0.0,-0.0017889087656529634,0.0,-0.10000000000000142,55.8,55.85,55.85,55.9,3.0,50.0,777.0,5950.0,False,False
006208,2022-10-26 10:03:14.085787,0.0,-0.0017889087656529634,0.0,-0.10000000000000142,55.8,55.85,55.85,55.9,3.0,50.0,777.0,5950.0,False,False
006208,2022-10-26 10:03:14.540291,0.0,-0.0017889087656529634,0.0,-0.10000000000000142,55.8,55.85,55.85,55.9,3.0,50.0,777.0,5950.0,False,False
006208,2022-10-26 10:03:14.540728,0.0,-0.0017889087656529634,0.0,-0.10000000000000142,55.8,55.85,55.85,55.9,3.0,50.0,777.0,5950.0,False,False
006208,2022-10-26 10:03:20.085407,0.0,-0.0017889087656529634,0.0,-0.10000000000000142,55.8,55.85,55.85,55.9,3.0,50.0,777.0,5950.0,False,False
006208,2022-10-26 10:03:20.085429,0.0,-0.0017889087656529634,0.0,-0.10000000000000142,55.8,55.85,55.85,55.9,3.0,50.0,777.0,5950.0,False,False
006208,2022-10-26 10:03:20.518243,0.0,-0.0017889087656529634,0.0,-0.10000000000000142,55.8,55.85,55.85,55.9,3.0,50.0,777.0,5950.0,False,False
006208,2022-10-26 10:03:20.536136,0.0,-0.0017889087656529634,0.0,-0.10000000000000142,55.8,55.85,55.85,55.9,3.0,49.0,777.0,5950.0,False,False
006208,2022-10-26 10:03:20.858756,0.0,-0.0017889087656529634,0.0,-0.10000000000000142,55.8,55.85,55.85,55.9,3.0,49.0,777.0,5950.0,False,False
006208,2022-10-26 10:03:20.867747,0.0,-0.0017889087656529634,0.0,-0.10000000000000142,55.8,55.85,55.85,55.9,3.0,49.0,777.0,5950.0,False,False
006208,2022-10-26 10:03:22.874668,0.0,-0.0017889087656529634,0.0,-0.10000000000000142,55.8,55.85,55.85,55.9,3.0,49.0,777.0,5950.0,False,False
006208,2022-10-26 10:03:23.900302,0.0,-0.0017889087656529634,0.0,-0.10000000000000142,55.8,55.85,55.85,55.9,3.0,49.0,777.0,5950.0,False,False
006208,2022-10-26 10:03:23.903858,0.0,-0.0017889087656529634,0.0,-0.10000000000000142,55.8,55.85,55.85,55.9,3.0,49.0,777.0,5950.0,False,False
006208,2022-10-26 10:03:24.036599,0.0,-0.0017889087656529634,0.0,-0.10000000000000142,55.8,55.85,55.85,55.9,3.0,49.0,777.0,5950.0,False,False
006208,2022-10-26 10:03:25.184388,0.0,-0.0017889087656529634,0.0,-0.10000000000000142,55.8,55.85,55.85,55.9,3.0,49.0,813.0,5950.0,True,True
006208,2022-10-26 10:03:27.724284,0.0,-0.0017889087656529634,0.0,-0.10000000000000142,55.8,55.85,55.85,55.9,3.0,49.0,813.0,5950.0,False,False
006208,2022-10-26 10:03:28.642526,0.0,-0.0017889087656529634,0.0,-0.10000000000000142,55.8,55.85,55.85,55.9,3.0,49.0,813.0,5950.0,False,False
006208,2022-10-26 10:03:28.741806,0.0,-0.0017889087656529634,0.0,-0.10000000000000142,55.8,55.85,55.85,55.9,3.0,49.0,813.0,5950.0,False,False
006208,2022-10-26 10:03:30.404729,0.0,-0.0017889087656529634,0.0,-0.10000000000000142,55.8,55.85,55.85,55.9,3.0,49.0,813.0,5950.0,False,False
006208,2022-10-26 10:03:30.410220,0.0,-0.0017889087656529634,0.0,-0.10000000000000142,55.8,55.85,55.85,55.9,3.0,49.0,813.0,5950.0,False,False
006208,2022-10-26 10:03:30.556613,0.0,-0.0017889087656529634,0.0,-0.10000000000000142,55.8,55.85,55.85,55.9,3.0,48.0,813.0,5950.0,False,False
006208,2022-10-26 10:03:31.186527,0.0,-0.0017889087656529634,0.0,-0.10000000000000142,55.8,55.85,55.85,55.9,3.0,48.0,813.0,5950.0,False,False
006208,2022-10-26 10:03:31.196627,0.0,-0.0017889087656529634,0.0,-0.10000000000000142,55.8,55.85,55.85,55.9,3.0,48.0,813.0,5950.0,False,False
006208,2022-10-26 10:03:31.771047,0.0,-0.0017889087656529634,0.0,-0.10000000000000142,55.8,55.85,55.85,55.9,3.0,68.0,813.0,5950.0,False,False
006208,2022-10-26 10:03:31.771077,0.0,-0.0017889087656529634,0.0,-0.10000000000000142,55.8,55.85,55.85,55.9,3.0,68.0,813.0,5950.0,False,False
006208,2022-10-26 10:03:34.025821,0.0,-0.0017889087656529634,0.0,-0.10000000000000142,55.8,55.85,55.85,55.9,3.0,68.0,813.0,5950.0,False,False
006208,2022-10-26 10:03:34.050870,0.0,-0.0017889087656529634,0.0,-0.10000000000000142,55.8,55.85,55.85,55.9,3.0,68.0,813.0,5950.0,False,False
006208,2022-10-26 10:03:34.194663,0.0,-0.0017889087656529634,0.0,-0.10000000000000142,55.8,55.85,55.85,55.9,3.0,68.0,813.0,5950.0,False,False
006208,2022-10-26 10:03:35.251346,0.0,-0.0017889087656529634,0.0,-0.10000000000000142,55.8,55.85,55.85,55.9,3.0,68.0,1189.0,6050.0,True,True
006208,2022-10-26 10:03:37.280882,0.0,-0.0017889087656529634,0.0,-0.10000000000000142,55.8,55.85,55.85,55.9,3.0,67.0,1189.0,6050.0,False,False
006208,2022-10-26 10:03:40.386911,0.0,-0.0017889087656529634,0.0,-0.10000000000000142,55.8,55.85,55.85,55.9,5.0,67.0,1189.0,6050.0,False,False
006208,2022-10-26 10:03:40.577264,0.0,-0.0017889087656529634,0.0,-0.10000000000000142,55.8,55.85,55.85,55.9,5.0,66.0,1189.0,6050.0,False,False
006208,2022-10-26 10:03:41.080457,0.0,-0.0017889087656529634,0.0,-0.10000000000000142,55.8,55.85,55.85,55.9,5.0,65.0,1189.0,6050.0,False,False
006208,2022-10-26 10:03:42.466776,0.0,-0.0017889087656529634,0.0,-0.10000000000000142,55.8,55.85,55.85,55.9,5.0,45.0,1189.0,6050.0,False,False
006208,2022-10-26 10:03:42.467002,0.0,-0.0017889087656529634,0.0,-0.10000000000000142,55.8,55.85,55.85,55.9,5.0,45.0,1189.0,6050.0,False,False
006208,2022-10-26 10:03:44.168495,0.0,-0.0017889087656529634,0.0,-0.10000000000000142,55.8,55.85,55.85,55.9,5.0,45.0,1189.0,6050.0,False,False
006208,2022-10-26 10:03:44.175261,0.0,-0.0017889087656529634,0.0,-0.10000000000000142,55.8,55.85,55.85,55.9,5.0,45.0,1189.0,6050.0,False,False
006208,2022-10-26 10:03:44.304507,0.0,-0.0017889087656529634,0.0,-0.10000000000000142,55.8,55.85,55.85,55.9,5.0,45.0,1189.0,6050.0,False,False
006208,2022-10-26 10:03:44.826052,0.0,-0.0017889087656529634,0.0,-0.10000000000000142,55.8,55.85,55.85,55.9,5.0,45.0,1189.0,6050.0,False,False
006208,2022-10-26 10:03:44.826180,0.0,-0.0017889087656529634,0.0,-0.10000000000000142,55.8,55.85,55.85,55.9,5.0,65.0,1189.0,6050.0,False,False
006208,2022-10-26 10:03:45.291311,0.0,-0.0017889087656529634,0.0,-0.10000000000000142,55.8,55.85,55.85,55.9,5.0,65.0,1309.0,6050.0,True,True
006208,2022-10-26 10:03:45.397786,0.0,-0.0017889087656529634,0.0,-0.10000000000000142,55.8,55.85,55.85,55.9,5.0,65.0,1309.0,6050.0,False,False
006208,2022-10-26 10:03:45.398105,0.0,-0.0017889087656529634,0.0,-0.10000000000000142,55.8,55.85,55.85,55.9,5.0,45.0,1309.0,6050.0,False,False
006208,2022-10-26 10:03:46.029124,0.0,-0.0017889087656529634,0.0,-0.10000000000000142,55.8,55.85,55.85,55.9,5.0,45.0,1309.0,6050.0,False,False
006208,2022-10-26 10:03:46.324765,0.0,-0.0017889087656529634,0.0,-0.10000000000000142,55.8,55.85,55.85,55.9,5.0,45.0,1309.0,6050.0,False,False
006208,2022-10-26 10:03:46.328998,0.0,-0.0017889087656529634,0.0,-0.10000000000000142,55.8,55.85,55.85,55.9,5.0,65.0,1309.0,6050.0,False,False
006208,2022-10-26 10:03:46.792108,0.0,-0.0017889087656529634,0.0,-0.10000000000000142,55.8,55.85,55.85,55.9,5.0,45.0,1309.0,6050.0,False,False
006208,2022-10-26 10:03:46.792528,0.0,-0.0017889087656529634,0.0,-0.10000000000000142,55.8,55.85,55.85,55.9,5.0,45.0,1309.0,6050.0,False,False
006208,2022-10-26 10:03:47.574533,0.0,-0.0017889087656529634,0.0,-0.10000000000000142,55.8,55.85,55.85,55.9,5.0,45.0,1309.0,6050.0,False,False
006208,2022-10-26 10:03:47.595469,0.0,-0.0017889087656529634,0.0,-0.10000000000000142,55.8,55.85,55.85,55.9,5.0,65.0,1309.0,6050.0,False,False
006208,2022-10-26 10:03:48.299334,0.0,-0.0017889087656529634,0.0,-0.10000000000000142,55.8,55.85,55.85,55.9,5.0,65.0,1309.0,6050.0,False,False
006208,2022-10-26 10:03:48.299510,0.0,-0.0017889087656529634,0.0,-0.10000000000000142,55.8,55.85,55.85,55.9,5.0,140.0,1309.0,6050.0,False,False
006208,2022-10-26 10:03:48.596840,0.0,-0.0017889087656529634,0.0,-0.10000000000000142,55.8,55.85,55.85,55.9,5.0,240.0,1309.0,6050.0,False,False
006208,2022-10-26 10:03:48.596875,0.0,-0.0017889087656529634,0.0,-0.10000000000000142,55.8,55.85,55.85,55.9,5.0,240.0,1309.0,6050.0,False,False
006208,2022-10-26 10:03:48.670011,0.0,-0.0017889087656529634,0.0,-0.10000000000000142,55.8,55.85,55.85,55.9,5.0,240.0,1309.0,6050.0,False,False
006208,2022-10-26 10:03:49.417802,0.0,-0.0017889087656529634,0.0,-0.10000000000000142,55.8,55.85,55.85,55.9,5.0,240.0,1309.0,6050.0,False,False
006208,2022-10-26 10:03:50.168097,0.0,-0.0017889087656529634,0.0,-0.10000000000000142,55.8,55.85,55.85,55.9,5.0,240.0,1309.0,6050.0,False,False
006208,2022-10-26 10:03:50.294865,0.0,-0.0017889087656529634,0.0,-0.10000000000000142,55.8,55.85,55.85,55.9,5.0,240.0,1309.0,6050.0,False,False
006208,2022-10-26 10:03:50.487410,0.0,-0.0017889087656529634,0.0,-0.10000000000000142,55.8,55.85,55.85,55.9,5.0,240.0,1309.0,6050.0,False,False
006208,2022-10-26 10:03:50.566723,0.0,-0.0017889087656529634,0.0,-0.10000000000000142,55.8,55.85,55.85,55.9,5.0,239.0,1309.0,6050.0,False,False
006208,2022-10-26 10:03:51.826087,0.0,-0.0017889087656529634,0.0,-0.10000000000000142,55.8,55.85,55.85,55.9,5.0,164.0,1309.0,6050.0,False,False
006208,2022-10-26 10:03:51.842190,0.0,-0.0017889087656529634,0.0,-0.10000000000000142,55.8,55.85,55.85,55.9,5.0,144.0,1309.0,6050.0,False,False
006208,2022-10-26 10:03:51.904542,0.0,-0.0017889087656529634,0.0,-0.10000000000000142,55.8,55.85,55.85,55.9,5.0,44.0,1309.0,6050.0,False,False
006208,2022-10-26 10:03:52.861551,0.0,-0.0017889087656529634,0.0,-0.10000000000000142,55.8,55.85,55.85,55.9,5.0,44.0,1309.0,6050.0,False,False
006208,2022-10-26 10:03:54.291942,0.0,-0.0017889087656529634,0.0,-0.10000000000000142,55.8,55.85,55.85,55.9,5.0,44.0,1309.0,6050.0,False,False
006208,2022-10-26 10:03:54.300281,0.0,-0.0017889087656529634,0.0,-0.10000000000000142,55.8,55.85,55.85,55.9,5.0,44.0,1309.0,6050.0,False,False
006208,2022-10-26 10:03:54.440434,0.0,-0.0017889087656529634,0.0,-0.10000000000000142,55.8,55.85,55.85,55.9,5.0,44.0,1309.0,6050.0,False,False
006208,2022-10-26 10:03:55.333499,0.0,-0.0017889087656529634,0.0,-0.10000000000000142,55.8,55.85,55.85,55.9,5.0,44.0,1309.0,6050.0,True,True
006208,2022-10-26 10:03:55.459018,0.0,-0.0017889087656529634,0.0,-0.10000000000000142,55.8,55.85,55.85,55.9,5.0,44.0,1309.0,6050.0,False,False
006208,2022-10-26 10:03:55.514046,0.0,-0.0017889087656529634,0.0,-0.10000000000000142,55.8,55.85,55.85,55.9,5.0,44.0,1309.0,6050.0,False,False
006208,2022-10-26 10:03:55.903491,0.0,-0.0017889087656529634,0.0,-0.10000000000000142,55.8,55.85,55.85,55.9,5.0,44.0,1309.0,6050.0,False,False
006208,2022-10-26 10:03:56.473419,0.0,-0.0017889087656529634,0.0,-0.10000000000000142,55.8,55.85,55.85,55.9,5.0,44.0,1309.0,6050.0,False,False
006208,2022-10-26 10:03:56.474331,0.0,-0.0017889087656529634,0.0,-0.10000000000000142,55.8,55.85,55.85,55.9,5.0,42.0,1309.0,6050.0,False,False
006208,2022-10-26 10:03:57.462101,0.0,-0.0017889087656529634,0.0,-0.10000000000000142,55.8,55.85,55.85,55.9,5.0,42.0,1309.0,6050.0,False,False
006208,2022-10-26 10:03:57.462159,0.0,-0.0017889087656529634,0.0,-0.10000000000000142,55.8,55.85,55.85,55.9,5.0,117.0,1309.0,6050.0,False,False
006208,2022-10-26 10:03:57.492291,0.0,-0.0017889087656529634,0.0,-0.10000000000000142,55.8,55.85,55.85,55.9,5.0,117.0,1309.0,6050.0,False,False
006208,2022-10-26 10:03:58.493307,0.0,-0.0017889087656529634,0.0,-0.10000000000000142,55.8,55.85,55.85,55.9,5.0,217.0,1309.0,6050.0,False,False
006208,2022-10-26 10:03:58.584130,0.0,-0.0017889087656529634,0.0,-0.10000000000000142,55.8,55.85,55.85,55.9,5.0,217.0,1309.0,6050.0,False,False
006208,2022-10-26 10:04:00.557008,0.0,-0.0017889087656529634,0.0,-0.10000000000000142,55.8,55.85,55.85,55.9,5.0,216.0,1309.0,6050.0,False,False
006208,2022-10-26 10:04:01.727329,0.0,-0.0017889087656529634,0.0,-0.10000000000000142,55.8,55.85,55.85,55.9,5.0,216.0,1309.0,6050.0,False,False
006208,2022-10-26 10:04:02.486042,0.0,-0.0017889087656529634,0.0,-0.10000000000000142,55.8,55.85,55.85,55.9,5.0,216.0,1309.0,6050.0,False,False
006208,2022-10-26 10:04:03.382302,0.0,-0.0017889087656529634,0.0,-0.10000000000000142,55.8,55.85,55.85,55.9,5.0,216.0,1309.0,6050.0,False,False
006208,2022-10-26 10:04:04.426681,0.0,-0.0017889087656529634,0.0,-0.10000000000000142,55.8,55.85,55.85,55.9,5.0,216.0,1309.0,6050.0,False,False
006208,2022-10-26 10:04:04.438472,0.0,-0.0017889087656529634,0.0,-0.10000000000000142,55.8,55.85,55.85,55.9,5.0,216.0,1309.0,6050.0,False,False
006208,2022-10-26 10:04:04.571473,0.0,-0.0017889087656529634,0.0,-0.10000000000000142,55.8,55.85,55.85,55.9,5.0,216.0,1409.0,6050.0,False,True
006208,2022-10-26 10:04:04.567151,0.0,-0.0017889087656529634,0.0,-0.10000000000000142,55.8,55.85,55.85,55.9,5.0,216.0,1409.0,6050.0,False,False
006208,2022-10-26 10:04:05.389619,0.0,-0.0017889087656529634,0.0,-0.10000000000000142,55.8,55.85,55.85,55.9,5.0,216.0,1409.0,6050.0,False,False
006208,2022-10-26 10:04:06.049122,0.0,-0.0017889087656529634,0.0,-0.10000000000000142,55.8,55.85,55.85,55.9,5.0,216.0,1409.0,6050.0,False,False
006208,2022-10-26 10:04:06.059019,0.0,-0.0017889087656529634,0.0,-0.10000000000000142,55.8,55.85,55.85,55.9,5.0,216.0,1409.0,6050.0,False,False
006208,2022-10-26 10:04:06.294549,0.0,-0.0017889087656529634,0.0,-0.10000000000000142,55.8,55.85,55.85,55.9,5.0,216.0,1409.0,6050.0,False,False
006208,2022-10-26 10:04:06.517994,0.0,-0.0017889087656529634,0.0,-0.10000000000000142,55.8,55.85,55.85,55.9,5.0,216.0,1409.0,6050.0,False,False
006208,2022-10-26 10:04:06.592606,0.0,-0.0017889087656529634,0.0,-0.10000000000000142,55.8,55.85,55.85,55.9,5.0,216.0,1409.0,6050.0,False,False
006208,2022-10-26 10:04:08.148066,0.0,-0.0017889087656529634,0.0,-0.10000000000000142,55.8,55.85,55.85,55.9,5.0,216.0,1409.0,6050.0,False,False
006208,2022-10-26 10:04:08.158914,0.0,-0.0017889087656529634,0.0,-0.10000000000000142,55.8,55.85,55.85,55.9,5.0,216.0,1409.0,6050.0,False,False
006208,2022-10-26 10:04:10.240826,0.0,-0.0017889087656529634,0.0,-0.10000000000000142,55.8,55.85,55.85,55.9,5.0,215.0,1409.0,6050.0,False,False
006208,2022-10-26 10:04:10.576922,0.0,-0.0017889087656529634,0.0,-0.10000000000000142,55.8,55.85,55.85,55.9,5.0,214.0,1409.0,6050.0,False,False
006208,2022-10-26 10:04:11.654415,0.0,-0.0017889087656529634,0.0,-0.10000000000000142,55.8,55.85,55.85,55.9,5.0,214.0,1409.0,6050.0,False,False
006208,2022-10-26 10:04:11.915820,0.0,-0.0017889087656529634,0.0,-0.10000000000000142,55.8,55.85,55.85,55.9,5.0,214.0,1409.0,6050.0,False,False
006208,2022-10-26 10:04:12.323193,0.0,-0.0017889087656529634,0.0,-0.10000000000000142,55.8,55.85,55.85,55.9,5.0,214.0,1409.0,6050.0,False,False
006208,2022-10-26 10:04:12.334370,0.0,-0.0017889087656529634,0.0,-0.10000000000000142,55.8,55.85,55.85,55.9,5.0,214.0,1409.0,6050.0,False,False
006208,2022-10-26 10:04:13.275291,0.0,-0.0017889087656529634,0.0,-0.10000000000000142,55.8,55.85,55.85,55.9,5.0,214.0,1409.0,6050.0,False,False
006208,2022-10-26 10:04:13.383287,0.0,-0.0017889087656529634,0.0,-0.10000000000000142,55.8,55.85,55.85,55.9,5.0,214.0,1409.0,6050.0,False,False
006208,2022-10-26 10:04:13.405954,0.0,-0.0017889087656529634,0.0,-0.10000000000000142,55.8,55.85,55.85,55.9,5.0,214.0,1409.0,6050.0,False,False
006208,2022-10-26 10:04:13.699291,0.0,-0.0017889087656529634,0.0,-0.10000000000000142,55.8,55.85,55.85,55.9,5.0,214.0,1409.0,6050.0,False,False
006208,2022-10-26 10:04:13.994575,0.0,-0.0017889087656529634,0.0,-0.10000000000000142,55.8,55.85,55.85,55.9,5.0,214.0,1409.0,6050.0,False,False
006208,2022-10-26 10:04:14.166182,0.0,-0.0017889087656529634,0.0,-0.10000000000000142,55.8,55.85,55.85,55.9,5.0,214.0,1409.0,6050.0,False,False
006208,2022-10-26 10:04:14.166312,0.0,-0.0017889087656529634,0.0,-0.10000000000000142,55.8,55.85,55.85,55.9,5.0,214.0,1409.0,6050.0,False,False
006208,2022-10-26 10:04:14.336566,0.0,-0.0017889087656529634,0.0,-0.10000000000000142,55.8,55.85,55.85,55.9,5.0,214.0,1409.0,6050.0,False,False
006208,2022-10-26 10:04:14.552869,0.0,-0.0017889087656529634,0.0,-0.10000000000000142,55.8,55.85,55.85,55.9,5.0,214.0,1409.0,6050.0,False,False
006208,2022-10-26 10:04:14.561685,0.0,-0.0017889087656529634,0.0,-0.10000000000000142,55.8,55.85,55.85,55.9,5.0,214.0,1409.0,6050.0,False,False
006208,2022-10-26 10:04:14.633156,0.0,-0.0017889087656529634,0.0,-0.10000000000000142,55.8,55.85,55.85,55.9,5.0,214.0,1429.0,6050.0,True,True
006208,2022-10-26 10:04:14.693744,0.0,-0.0017889087656529634,0.0,-0.10000000000000142,55.8,55.85,55.85,55.9,5.0,214.0,1429.0,6050.0,False,False
006208,2022-10-26 10:04:14.762355,0.0,-0.0017889087656529634,0.0,-0.10000000000000142,55.8,55.85,55.85,55.9,5.0,214.0,1429.0,6050.0,False,False
006208,2022-10-26 10:04:16.574144,0.0,-0.0017889087656529634,0.0,-0.10000000000000142,55.8,55.85,55.85,55.9,5.0,214.0,1429.0,6050.0,False,False
006208,2022-10-26 10:04:16.733153,0.0,-0.0017889087656529634,0.0,-0.10000000000000142,55.8,55.85,55.85,55.9,5.0,254.0,1429.0,6050.0,False,False
006208,2022-10-26 10:04:16.984116,0.0,-0.0017889087656529634,0.0,-0.10000000000000142,55.8,55.85,55.85,55.9,5.0,254.0,1429.0,6050.0,False,False
006208,2022-10-26 10:04:16.996212,0.0,-0.0017889087656529634,0.0,-0.10000000000000142,55.8,55.85,55.85,55.9,5.0,254.0,1429.0,6050.0,False,False
006208,2022-10-26 10:04:18.712597,0.0,-0.0017889087656529634,0.0,-0.10000000000000142,55.8,55.85,55.85,55.9,5.0,214.0,1429.0,6050.0,False,False
006208,2022-10-26 10:04:18.790477,0.0,-0.0017889087656529634,0.0,-0.10000000000000142,55.8,55.85,55.85,55.9,5.0,213.0,1429.0,6050.0,False,False
006208,2022-10-26 10:04:21.127084,0.0,-0.0017889087656529634,0.0,-0.10000000000000142,55.8,55.85,55.85,55.9,5.0,233.0,1429.0,6050.0,False,False
006208,2022-10-26 10:04:22.392233,0.0,-0.0017889087656529634,0.0,-0.10000000000000142,55.8,55.85,55.85,55.9,5.0,233.0,1429.0,6050.0,False,False
006208,2022-10-26 10:04:22.691240,0.0,-0.0017889087656529634,0.0,-0.10000000000000142,55.8,55.85,55.85,55.9,5.0,233.0,1429.0,6050.0,False,False
006208,2022-10-26 10:04:23.574061,0.0,-0.0017889087656529634,0.0,-0.10000000000000142,55.8,55.85,55.85,55.9,5.0,233.0,1429.0,6050.0,False,False
006208,2022-10-26 10:04:23.578952,0.0,-0.0017889087656529634,0.0,-0.10000000000000142,55.8,55.85,55.85,55.9,5.0,233.0,1429.0,6050.0,False,False
006208,2022-10-26 10:04:23.739592,0.0,-0.0017889087656529634,0.0,-0.10000000000000142,55.8,55.85,55.85,55.9,5.0,233.0,1429.0,6050.0,False,False
006208,2022-10-26 10:04:23.744425,0.0,-0.0017889087656529634,0.0,-0.10000000000000142,55.8,55.85,55.85,55.9,5.0,233.0,1429.0,6050.0,False,False
006208,2022-10-26 10:04:24.115289,0.0,-0.0017889087656529634,0.0,-0.10000000000000142,55.8,55.85,55.85,55.9,5.0,273.0,1429.0,6050.0,False,False
006208,2022-10-26 10:04:24.670227,0.0,-0.0017889087656529634,0.0,-0.10000000000000142,55.8,55.85,55.85,55.9,5.0,273.0,1429.0,6050.0,True,True
006208,2022-10-26 10:04:24.677798,0.0,-0.0017889087656529634,0.0,-0.10000000000000142,55.8,55.85,55.85,55.9,5.0,273.0,1429.0,6050.0,False,False
006208,2022-10-26 10:04:24.694027,0.0,-0.0017889087656529634,0.0,-0.10000000000000142,55.8,55.85,55.85,55.9,5.0,273.0,1429.0,6050.0,False,False
006208,2022-10-26 10:04:24.818212,0.0,-0.0017889087656529634,0.0,-0.10000000000000142,55.8,55.85,55.85,55.9,5.0,273.0,1429.0,6050.0,False,False
006208,2022-10-26 10:04:25.622459,0.0,-0.0017889087656529634,0.0,-0.10000000000000142,55.8,55.85,55.85,55.9,5.0,273.0,1429.0,6050.0,False,False
006208,2022-10-26 10:04:25.726138,0.0,-0.0017889087656529634,0.0,-0.10000000000000142,55.8,55.85,55.85,55.9,5.0,233.0,1429.0,6050.0,False,False
006208,2022-10-26 10:04:27.604378,0.0,-0.0017889087656529634,0.0,-0.10000000000000142,55.8,55.85,55.85,55.9,5.0,233.0,1429.0,6050.0,False,False
006208,2022-10-26 10:04:27.615139,0.0,-0.0017889087656529634,0.0,-0.10000000000000142,55.8,55.85,55.85,55.9,5.0,233.0,1429.0,6050.0,False,False
006208,2022-10-26 10:04:27.626433,0.0,-0.0017889087656529634,0.0,-0.10000000000000142,55.8,55.85,55.85,55.9,5.0,273.0,1429.0,6050.0,False,False
006208,2022-10-26 10:04:30.587177,0.0,-0.0017889087656529634,0.0,-0.10000000000000142,55.8,55.85,55.85,55.9,5.0,272.0,1429.0,6050.0,False,False
006208,2022-10-26 10:04:30.651117,0.0,-0.0017889087656529634,0.0,-0.10000000000000142,55.8,55.85,55.85,55.9,5.0,272.0,1429.0,6050.0,False,False
006208,2022-10-26 10:04:34.709378,0.0,-0.0017889087656529634,0.0,-0.10000000000000142,55.8,55.85,55.85,55.9,5.0,272.0,1479.0,6050.0,True,True
006208,2022-10-26 10:04:34.810201,0.0,-0.0017889087656529634,0.0,-0.10000000000000142,55.8,55.85,55.85,55.9,5.0,272.0,1479.0,6050.0,False,False
006208,2022-10-26 10:04:34.812764,0.0,-0.0017889087656529634,0.0,-0.10000000000000142,55.8,55.85,55.85,55.9,5.0,272.0,1479.0,6050.0,False,False
006208,2022-10-26 10:04:34.955912,0.0,-0.0017889087656529634,0.0,-0.10000000000000142,55.8,55.85,55.85,55.9,5.0,272.0,1479.0,6050.0,False,False
006208,2022-10-26 10:04:36.537096,0.0,-0.0017889087656529634,0.0,-0.10000000000000142,55.8,55.85,55.85,55.9,5.0,272.0,1479.0,6050.0,False,False
006208,2022-10-26 10:04:36.537120,0.0,-0.0017889087656529634,0.0,-0.10000000000000142,55.8,55.85,55.85,55.9,5.0,272.0,1479.0,6050.0,False,False
006208,2022-10-26 10:04:36.724333,0.0,-0.0017889087656529634,0.0,-0.10000000000000142,55.8,55.85,55.85,55.9,5.0,252.0,1479.0,6050.0,False,False
006208,2022-10-26 10:04:38.488646,0.0,-0.0017889087656529634,0.0,-0.10000000000000142,55.8,55.85,55.85,55.9,10.0,252.0,1479.0,6050.0,False,False
006208,2022-10-26 10:04:39.133845,0.0,-0.0017889087656529634,0.0,-0.10000000000000142,55.8,55.85,55.85,55.9,10.0,252.0,1479.0,6050.0,False,False
006208,2022-10-26 10:04:39.554180,0.0,-0.0017889087656529634,0.0,-0.10000000000000142,55.8,55.85,55.85,55.9,10.0,252.0,1479.0,6050.0,False,False
006208,2022-10-26 10:04:39.697276,0.0,-0.0017889087656529634,0.0,-0.10000000000000142,55.8,55.85,55.85,55.9,10.0,252.0,1479.0,6050.0,False,False
006208,2022-10-26 10:04:39.735956,0.0,-0.0017889087656529634,0.0,-0.10000000000000142,55.8,55.85,55.85,55.9,10.0,212.0,1479.0,6050.0,False,False
006208,2022-10-26 10:04:40.191511,0.0,-0.0017889087656529634,0.0,-0.10000000000000142,55.8,55.85,55.85,55.9,10.0,212.0,1479.0,6050.0,False,False
006208,2022-10-26 10:04:40.592210,0.0,-0.0017889087656529634,0.0,-0.10000000000000142,55.8,55.85,55.85,55.9,10.0,211.0,1479.0,6050.0,False,False
006208,2022-10-26 10:04:41.881141,0.0,-0.0017889087656529634,0.0,-0.10000000000000142,55.8,55.85,55.85,55.9,10.0,251.0,1479.0,6050.0,False,False
006208,2022-10-26 10:04:41.920972,0.0,-0.0017889087656529634,0.0,-0.10000000000000142,55.8,55.85,55.85,55.9,10.0,211.0,1479.0,6050.0,False,False
006208,2022-10-26 10:04:43.012740,0.0,-0.0017889087656529634,0.0,-0.10000000000000142,55.8,55.85,55.85,55.9,10.0,251.0,1479.0,6050.0,False,False
006208,2022-10-26 10:04:43.233468,0.0,-0.0017889087656529634,0.0,-0.10000000000000142,55.8,55.85,55.85,55.9,10.0,211.0,1479.0,6050.0,False,False
006208,2022-10-26 10:04:44.168035,0.0,-0.0017889087656529634,0.0,-0.10000000000000142,55.8,55.85,55.85,55.9,10.0,210.0,1479.0,6050.0,False,False
006208,2022-10-26 10:04:44.751710,0.0,-0.0017889087656529634,0.0,-0.10000000000000142,55.8,55.85,55.85,55.9,10.0,210.0,1509.0,6050.0,True,True
006208,2022-10-26 10:04:44.937649,0.0,-0.0017889087656529634,0.0,-0.10000000000000142,55.8,55.85,55.85,55.9,10.0,210.0,1509.0,6050.0,False,False
006208,2022-10-26 10:04:44.940779,0.0,-0.0017889087656529634,0.0,-0.10000000000000142,55.8,55.85,55.85,55.9,10.0,210.0,1509.0,6050.0,False,False
006208,2022-10-26 10:04:45.072161,0.0,-0.0017889087656529634,0.0,-0.10000000000000142,55.8,55.85,55.85,55.9,10.0,210.0,1509.0,6050.0,False,False
006208,2022-10-26 10:04:46.935536,0.0,-0.0017889087656529634,0.0,-0.10000000000000142,55.8,55.85,55.85,55.9,10.0,210.0,1509.0,6050.0,False,False
006208,2022-10-26 10:04:46.938824,0.0,-0.0017889087656529634,0.0,-0.10000000000000142,55.8,55.85,55.85,55.9,10.0,210.0,1509.0,6050.0,False,False
006208,2022-10-26 10:04:47.202235,0.0,-0.0017889087656529634,0.0,-0.10000000000000142,55.8,55.85,55.85,55.9,10.0,210.0,1509.0,6050.0,False,False
006208,2022-10-26 10:04:49.260813,0.0,-0.0017889087656529634,0.0,-0.10000000000000142,55.8,55.85,55.85,55.9,10.0,210.0,1509.0,6050.0,False,False
006208,2022-10-26 10:04:49.271404,0.0,-0.0017889087656529634,0.0,-0.10000000000000142,55.8,55.85,55.85,55.9,10.0,210.0,1509.0,6050.0,False,False
006208,2022-10-26 10:04:49.780547,0.0,-0.0017889087656529634,0.0,-0.10000000000000142,55.8,55.85,55.85,55.9,10.0,250.0,1509.0,6050.0,False,False
006208,2022-10-26 10:04:50.480828,0.0,-0.0017889087656529634,0.0,-0.10000000000000142,55.8,55.85,55.85,55.9,10.0,250.0,1509.0,6050.0,False,False
006208,2022-10-26 10:04:50.481133,0.0,-0.0017889087656529634,0.0,-0.10000000000000142,55.8,55.85,55.85,55.9,10.0,250.0,1509.0,6050.0,False,False
006208,2022-10-26 10:04:50.597281,0.0,-0.0017889087656529634,0.0,-0.10000000000000142,55.8,55.85,55.85,55.9,10.0,249.0,1509.0,6050.0,False,False
006208,2022-10-26 10:04:54.596252,0.0,-0.0017889087656529634,0.0,-0.10000000000000142,55.8,55.85,55.85,55.9,10.0,249.0,1509.0,6050.0,False,False
006208,2022-10-26 10:04:54.693993,0.0,-0.0017889087656529634,0.0,-0.10000000000000142,55.8,55.85,55.85,55.9,10.0,249.0,1509.0,6050.0,False,False
006208,2022-10-26 10:04:54.779417,0.0,-0.0017889087656529634,0.0,-0.10000000000000142,55.8,55.85,55.85,55.9,10.0,249.0,1509.0,6050.0,True,True
006208,2022-10-26 10:04:55.043688,0.0,-0.0017889087656529634,0.0,-0.10000000000000142,55.8,55.85,55.85,55.9,10.0,249.0,1509.0,6050.0,False,False
006208,2022-10-26 10:04:55.046668,0.0,-0.0017889087656529634,0.0,-0.10000000000000142,55.8,55.85,55.85,55.9,10.0,249.0,1509.0,6050.0,False,False
006208,2022-10-26 10:04:55.191723,0.0,-0.0017889087656529634,0.0,-0.10000000000000142,55.8,55.85,55.85,55.9,10.0,249.0,1509.0,6050.0,False,False
006208,2022-10-26 10:05:00.535387,0.0,-0.0017889087656529634,0.0,-0.10000000000000142,55.8,55.85,55.85,55.9,10.0,248.0,1509.0,6050.0,False,False
006208,2022-10-26 10:05:01.482553,0.0,-0.0017889087656529634,0.0,-0.10000000000000142,55.8,55.85,55.85,55.9,10.0,268.0,1509.0,6050.0,False,False
006208,2022-10-26 10:05:01.491561,0.0,-0.0017889087656529634,0.0,-0.10000000000000142,55.8,55.85,55.85,55.9,10.0,268.0,1509.0,6050.0,False,False
006208,2022-10-26 10:05:04.158361,0.0,-0.0017889087656529634,0.0,-0.10000000000000142,55.8,55.85,55.85,55.9,10.0,268.0,1509.0,6050.0,False,False
006208,2022-10-26 10:05:04.168047,0.0,-0.0017889087656529634,0.0,-0.10000000000000142,55.8,55.85,55.85,55.9,10.0,248.0,1509.0,6050.0,False,False
006208,2022-10-26 10:05:04.945559,0.0,-0.0017889087656529634,0.0,-0.10000000000000142,55.8,55.85,55.85,55.9,10.0,248.0,1627.0,6046.0,True,True
006208,2022-10-26 10:05:05.101814,0.0,-0.0017889087656529634,0.0,-0.10000000000000142,55.8,55.85,55.85,55.9,10.0,248.0,1627.0,6046.0,False,False
006208,2022-10-26 10:05:05.164326,0.0,-0.0017889087656529634,0.0,-0.10000000000000142,55.8,55.85,55.85,55.9,10.0,248.0,1627.0,6046.0,False,False
006208,2022-10-26 10:05:05.238024,0.0,-0.0017889087656529634,0.0,-0.10000000000000142,55.8,55.85,55.85,55.9,10.0,248.0,1627.0,6046.0,False,False
006208,2022-10-26 10:05:05.461145,0.0,-0.0017889087656529634,0.0,-0.10000000000000142,55.8,55.85,55.85,55.9,10.0,248.0,1627.0,6046.0,False,False
006208,2022-10-26 10:05:05.466283,0.0,-0.0017889087656529634,0.0,-0.10000000000000142,55.8,55.85,55.85,55.9,10.0,248.0,1627.0,6046.0,False,False
006208,2022-10-26 10:05:06.265037,0.0,-0.0017889087656529634,0.0,-0.10000000000000142,55.8,55.85,55.85,55.9,10.0,248.0,1627.0,6046.0,False,False
006208,2022-10-26 10:05:06.265150,0.0,-0.0017889087656529634,0.0,-0.10000000000000142,55.8,55.85,55.85,55.9,10.0,268.0,1627.0,6046.0,False,False
006208,2022-10-26 10:05:07.045023,0.0,-0.0017889087656529634,0.0,-0.10000000000000142,55.8,55.85,55.85,55.9,10.0,246.0,1627.0,6046.0,False,False
006208,2022-10-26 10:05:07.116515,0.0,-0.0017889087656529634,0.0,-0.10000000000000142,55.8,55.85,55.85,55.9,10.0,286.0,1627.0,6046.0,False,False
006208,2022-10-26 10:05:07.223026,0.0,-0.0017889087656529634,0.0,-0.10000000000000142,55.8,55.85,55.85,55.9,10.0,266.0,1627.0,6046.0,False,False
006208,2022-10-26 10:05:07.262984,0.0,-0.0017889087656529634,0.0,-0.10000000000000142,55.8,55.85,55.85,55.9,10.0,266.0,1627.0,6046.0,False,False
006208,2022-10-26 10:05:07.942067,0.0,-0.0017889087656529634,0.0,-0.10000000000000142,55.8,55.85,55.85,55.9,11.0,266.0,1627.0,6046.0,False,False
006208,2022-10-26 10:05:09.114690,0.0,-0.0017889087656529634,0.0,-0.10000000000000142,55.8,55.85,55.85,55.9,11.0,266.0,1627.0,6046.0,False,False
006208,2022-10-26 10:05:09.114797,0.0,-0.0017889087656529634,0.0,-0.10000000000000142,55.8,55.85,55.85,55.9,11.0,266.0,1627.0,6046.0,False,False
006208,2022-10-26 10:05:09.167603,0.0,-0.0017889087656529634,0.0,-0.10000000000000142,55.8,55.85,55.85,55.9,11.0,266.0,1627.0,6046.0,False,False
006208,2022-10-26 10:05:09.337998,0.0,-0.0017889087656529634,0.0,-0.10000000000000142,55.8,55.85,55.85,55.9,11.0,266.0,1627.0,6046.0,False,False
006208,2022-10-26 10:05:09.999339,0.0,-0.0017889087656529634,0.0,-0.10000000000000142,55.8,55.85,55.85,55.9,11.0,265.0,1627.0,6046.0,False,False
006208,2022-10-26 10:05:10.055496,0.0,-0.0017889087656529634,0.0,-0.10000000000000142,55.8,55.85,55.85,55.9,11.0,225.0,1627.0,6046.0,False,False
006208,2022-10-26 10:05:10.470760,0.0,-0.0017889087656529634,0.0,-0.10000000000000142,55.8,55.85,55.85,55.9,11.0,224.0,1627.0,6046.0,False,False
006208,2022-10-26 10:05:10.870457,0.0,-0.0017889087656529634,0.0,-0.10000000000000142,55.8,55.85,55.85,55.9,11.0,224.0,1627.0,6046.0,False,False
006208,2022-10-26 10:05:10.887457,0.0,-0.0017889087656529634,0.0,-0.10000000000000142,55.8,55.85,55.85,55.9,11.0,224.0,1627.0,6046.0,False,False
006208,2022-10-26 10:05:11.278297,0.0,-0.0017889087656529634,0.0,-0.10000000000000142,55.8,55.85,55.85,55.9,11.0,224.0,1627.0,6046.0,False,False
006208,2022-10-26 10:05:12.132382,0.0,-0.0017889087656529634,0.0,-0.10000000000000142,55.8,55.85,55.85,55.9,11.0,224.0,1627.0,6046.0,False,False
006208,2022-10-26 10:05:12.165453,0.0,-0.0017889087656529634,0.0,-0.10000000000000142,55.8,55.85,55.85,55.9,11.0,124.0,1627.0,6046.0,False,False
006208,2022-10-26 10:05:12.249934,0.0,-0.0017889087656529634,0.0,-0.10000000000000142,55.8,55.85,55.85,55.9,11.0,124.0,1627.0,6046.0,False,False
006208,2022-10-26 10:05:13.162887,0.0,-0.0017889087656529634,0.0,-0.10000000000000142,55.8,55.85,55.85,55.9,11.0,124.0,1627.0,6046.0,False,False
006208,2022-10-26 10:05:14.743651,0.0,-0.0017889087656529634,0.0,-0.10000000000000142,55.8,55.85,55.85,55.9,11.0,49.0,1627.0,6046.0,False,False
006208,2022-10-26 10:05:14.743889,0.0,-0.0017889087656529634,0.0,-0.10000000000000142,55.8,55.85,55.85,55.9,11.0,49.0,1627.0,6046.0,False,False
006208,2022-10-26 10:05:15.142871,0.0,-0.0017889087656529634,0.0,-0.10000000000000142,55.8,55.85,55.85,55.9,11.0,49.0,1677.0,5688.0,True,True
006208,2022-10-26 10:05:15.183968,0.0,-0.0017889087656529634,0.0,-0.10000000000000142,55.8,55.85,55.85,55.9,11.0,49.0,1677.0,5688.0,False,False
006208,2022-10-26 10:05:15.189885,0.0,-0.0017889087656529634,0.0,-0.10000000000000142,55.8,55.85,55.85,55.9,11.0,49.0,1677.0,5688.0,False,False
006208,2022-10-26 10:05:15.330932,0.0,-0.0017889087656529634,0.0,-0.10000000000000142,55.8,55.85,55.85,55.9,11.0,49.0,1677.0,5688.0,False,False
006208,2022-10-26 10:05:16.201588,0.0,-0.0017889087656529634,0.0,-0.10000000000000142,55.8,55.85,55.85,55.9,11.0,49.0,1677.0,5688.0,False,False
006208,2022-10-26 10:05:16.222017,0.0,-0.0017889087656529634,0.0,-0.10000000000000142,55.8,55.85,55.85,55.9,11.0,49.0,1677.0,5688.0,False,False
006208,2022-10-26 10:05:16.454752,0.0,-0.0017889087656529634,0.0,-0.10000000000000142,55.8,55.85,55.85,55.9,11.0,49.0,1677.0,5688.0,False,False
006208,2022-10-26 10:05:16.458303,0.0,-0.0017889087656529634,0.0,-0.10000000000000142,55.8,55.85,55.85,55.9,11.0,49.0,1677.0,5688.0,False,False
006208,2022-10-26 10:05:17.042012,0.0,-0.0017889087656529634,0.0,-0.10000000000000142,55.8,55.85,55.85,55.9,11.0,49.0,1677.0,5688.0,False,False
006208,2022-10-26 10:05:17.102881,0.0,-0.0017889087656529634,0.0,-0.10000000000000142,55.8,55.85,55.85,55.9,11.0,48.0,1677.0,5688.0,False,False
006208,2022-10-26 10:05:17.056751,0.0,-0.0017889087656529634,0.0,-0.10000000000000142,55.8,55.85,55.85,55.9,11.0,49.0,1677.0,5688.0,False,False
006208,2022-10-26 10:05:17.878107,0.0,-0.0017889087656529634,0.0,-0.10000000000000142,55.8,55.85,55.85,55.9,11.0,48.0,1677.0,5688.0,False,False
006208,2022-10-26 10:05:17.892129,0.0,-0.0017889087656529634,0.0,-0.10000000000000142,55.8,55.85,55.85,55.9,11.0,48.0,1677.0,5688.0,False,False
006208,2022-10-26 10:05:21.133382,0.0,-0.0017889087656529634,0.0,-0.10000000000000142,55.8,55.85,55.85,55.9,11.0,48.0,1677.0,5688.0,False,False
006208,2022-10-26 10:05:21.143184,0.0,-0.0017889087656529634,0.0,-0.10000000000000142,55.8,55.85,55.85,55.9,11.0,48.0,1677.0,5688.0,False,False
006208,2022-10-26 10:05:21.247344,0.0,-0.0017889087656529634,0.0,-0.10000000000000142,55.8,55.85,55.85,55.9,11.0,48.0,1677.0,5688.0,False,False
006208,2022-10-26 10:05:21.524023,0.0,-0.0017889087656529634,0.0,-0.10000000000000142,55.8,55.85,55.85,55.9,11.0,48.0,1677.0,5688.0,False,False
006208,2022-10-26 10:05:21.531588,0.0,-0.0017889087656529634,0.0,-0.10000000000000142,55.8,55.85,55.85,55.9,11.0,48.0,1677.0,5688.0,False,False
006208,2022-10-26 10:05:25.154434,0.0,-0.0017889087656529634,0.0,-0.10000000000000142,55.8,55.85,55.85,55.9,11.0,48.0,1677.0,6168.0,True,True
006208,2022-10-26 10:05:25.282663,0.0,-0.0017889087656529634,0.0,-0.10000000000000142,55.8,55.85,55.85,55.9,11.0,48.0,1677.0,6168.0,False,False
006208,2022-10-26 10:05:25.286783,0.0,-0.0017889087656529634,0.0,-0.10000000000000142,55.8,55.85,55.85,55.9,11.0,48.0,1677.0,6168.0,False,False
006208,2022-10-26 10:05:25.423028,0.0,-0.0017889087656529634,0.0,-0.10000000000000142,55.8,55.85,55.85,55.9,11.0,48.0,1677.0,6168.0,False,False
006208,2022-10-26 10:05:26.204190,0.0,-0.0017889087656529634,0.0,-0.10000000000000142,55.8,55.85,55.85,55.9,11.0,61.0,1677.0,6168.0,False,False
006208,2022-10-26 10:05:27.973449,0.0,-0.0017889087656529634,0.0,-0.10000000000000142,55.8,55.85,55.85,55.9,11.0,61.0,1677.0,6168.0,False,False
006208,2022-10-26 10:05:27.973609,0.0,-0.0017889087656529634,0.0,-0.10000000000000142,55.8,55.85,55.85,55.9,11.0,61.0,1677.0,6168.0,False,False
006208,2022-10-26 10:05:27.988286,0.0,-0.0017889087656529634,0.0,-0.10000000000000142,55.8,55.85,55.85,55.9,11.0,61.0,1677.0,6168.0,False,False
006208,2022-10-26 10:05:29.976010,0.0,-0.0017889087656529634,0.0,-0.10000000000000142,55.8,55.85,55.85,55.9,11.0,61.0,1677.0,6168.0,False,False
006208,2022-10-26 10:05:29.987778,0.0,-0.0017889087656529634,0.0,-0.10000000000000142,55.8,55.85,55.85,55.9,11.0,61.0,1677.0,6168.0,False,False
006208,2022-10-26 10:05:30.413449,0.0,-0.0017889087656529634,0.0,-0.10000000000000142,55.8,55.85,55.85,55.9,11.0,61.0,1677.0,6168.0,False,False
006208,2022-10-26 10:05:30.425566,0.0,-0.0017889087656529634,0.0,-0.10000000000000142,55.8,55.85,55.85,55.9,11.0,60.0,1677.0,6168.0,False,False
006208,2022-10-26 10:05:30.415431,0.0,-0.0017889087656529634,0.0,-0.10000000000000142,55.8,55.85,55.85,55.9,11.0,61.0,1677.0,6168.0,False,False
006208,2022-10-26 10:05:31.220671,0.0,-0.0017889087656529634,0.0,-0.10000000000000142,55.8,55.85,55.85,55.9,11.0,60.0,1677.0,6168.0,False,False
006208,2022-10-26 10:05:31.229614,0.0,-0.0017889087656529634,0.0,-0.10000000000000142,55.8,55.85,55.85,55.9,11.0,60.0,1677.0,6168.0,False,False
006208,2022-10-26 10:05:31.382497,0.0,-0.0017889087656529634,0.0,-0.10000000000000142,55.8,55.85,55.85,55.9,11.0,60.0,1677.0,6168.0,False,False
006208,2022-10-26 10:05:32.106834,0.0,-0.0017889087656529634,0.0,-0.10000000000000142,55.8,55.85,55.85,55.9,11.0,60.0,1677.0,6168.0,False,False
006208,2022-10-26 10:05:32.143403,0.0,-0.0017889087656529634,0.0,-0.10000000000000142,55.8,55.85,55.85,55.9,11.0,60.0,1677.0,6168.0,False,False
006208,2022-10-26 10:05:35.049811,0.0,-0.0017889087656529634,0.0,-0.10000000000000142,55.8,55.85,55.85,55.9,11.0,59.0,1677.0,6168.0,False,False
006208,2022-10-26 10:05:35.193259,0.0,-0.0017889087656529634,0.0,-0.10000000000000142,55.8,55.85,55.85,55.9,11.0,59.0,1707.0,5648.0,True,True
006208,2022-10-26 10:05:35.392186,0.0,-0.0017889087656529634,0.0,-0.10000000000000142,55.8,55.85,55.85,55.9,11.0,59.0,1707.0,5648.0,False,False
006208,2022-10-26 10:05:35.396469,0.0,-0.0017889087656529634,0.0,-0.10000000000000142,55.8,55.85,55.85,55.9,11.0,59.0,1707.0,5648.0,False,False
006208,2022-10-26 10:05:35.539410,0.0,-0.0017889087656529634,0.0,-0.10000000000000142,55.8,55.85,55.85,55.9,11.0,59.0,1707.0,5648.0,False,False
006208,2022-10-26 10:05:35.958661,0.0,-0.0017889087656529634,0.0,-0.10000000000000142,55.8,55.85,55.85,55.9,11.0,59.0,1707.0,5648.0,False,False
006208,2022-10-26 10:05:35.958942,0.0,-0.0017889087656529634,0.0,-0.10000000000000142,55.8,55.85,55.85,55.9,11.0,59.0,1707.0,5648.0,False,False
006208,2022-10-26 10:05:35.972870,0.0,-0.0017889087656529634,0.0,-0.10000000000000142,55.8,55.85,55.85,55.9,11.0,59.0,1707.0,5648.0,False,False
006208,2022-10-26 10:05:37.291108,0.0,-0.0017889087656529634,0.0,-0.10000000000000142,55.8,55.85,55.85,55.9,11.0,59.0,1707.0,5648.0,False,False
006208,2022-10-26 10:05:37.305563,0.0,-0.0017889087656529634,0.0,-0.10000000000000142,55.8,55.85,55.85,55.9,11.0,59.0,1707.0,5648.0,False,False
006208,2022-10-26 10:05:37.385271,0.0,-0.0017889087656529634,0.0,-0.10000000000000142,55.8,55.85,55.85,55.9,11.0,59.0,1707.0,5648.0,False,False
006208,2022-10-26 10:05:38.619063,0.0,-0.0017889087656529634,0.0,-0.10000000000000142,55.8,55.85,55.85,55.9,11.0,59.0,1707.0,5648.0,False,False
006208,2022-10-26 10:05:39.289565,0.0,-0.0017889087656529634,0.0,-0.10000000000000142,55.8,55.85,55.85,55.9,11.0,53.0,1707.0,5648.0,False,False
006208,2022-10-26 10:05:40.015018,0.0,-0.0017889087656529634,0.0,-0.10000000000000142,55.8,55.85,55.85,55.9,11.0,53.0,1707.0,5648.0,False,False
006208,2022-10-26 10:05:40.015333,0.0,-0.0017889087656529634,0.0,-0.10000000000000142,55.8,55.85,55.85,55.9,11.0,53.0,1707.0,5648.0,False,False
006208,2022-10-26 10:05:40.460645,0.0,-0.0017889087656529634,0.0,-0.10000000000000142,55.8,55.85,55.85,55.9,11.0,52.0,1707.0,5648.0,False,False
006208,2022-10-26 10:05:40.599928,0.0,-0.0017889087656529634,0.0,-0.10000000000000142,55.8,55.85,55.85,55.9,11.0,52.0,1707.0,5648.0,False,False
006208,2022-10-26 10:05:40.600154,0.0,-0.0017889087656529634,0.0,-0.10000000000000142,55.8,55.85,55.85,55.9,11.0,52.0,1707.0,5648.0,False,False
006208,2022-10-26 10:05:45.231122,0.0,-0.0017889087656529634,0.0,-0.10000000000000142,55.8,55.85,55.85,55.9,11.0,52.0,1707.0,5168.0,True,True
006208,2022-10-26 10:05:45.480133,0.0,-0.0017889087656529634,0.0,-0.10000000000000142,55.8,55.85,55.85,55.9,11.0,52.0,1707.0,5168.0,False,False
006208,2022-10-26 10:05:45.507936,0.0,-0.0017889087656529634,0.0,-0.10000000000000142,55.8,55.85,55.85,55.9,11.0,52.0,1707.0,5168.0,False,False
006208,2022-10-26 10:05:45.673562,0.0,-0.0017889087656529634,0.0,-0.10000000000000142,55.8,55.85,55.85,55.9,11.0,52.0,1707.0,5168.0,False,False
006208,2022-10-26 10:05:45.900331,0.0,-0.0017889087656529634,0.0,-0.10000000000000142,55.8,55.85,55.85,55.9,11.0,82.0,1707.0,5168.0,False,False
006208,2022-10-26 10:05:49.786798,0.0,-0.0017889087656529634,0.0,-0.10000000000000142,55.8,55.85,55.85,55.9,11.0,82.0,1707.0,5168.0,False,False
006208,2022-10-26 10:05:49.790943,0.0,-0.0017889087656529634,0.0,-0.10000000000000142,55.8,55.85,55.85,55.9,11.0,82.0,1707.0,5168.0,False,False
006208,2022-10-26 10:05:50.028324,0.0,-0.0017889087656529634,0.0,-0.10000000000000142,55.8,55.85,55.85,55.9,11.0,81.0,1707.0,5168.0,False,False
006208,2022-10-26 10:05:50.421172,0.0,-0.0017889087656529634,0.0,-0.10000000000000142,55.8,55.85,55.85,55.9,11.0,80.0,1707.0,5168.0,False,False
006208,2022-10-26 10:05:53.025497,0.0,-0.0017889087656529634,0.0,-0.10000000000000142,55.8,55.85,55.85,55.9,11.0,80.0,1707.0,5168.0,False,False
006208,2022-10-26 10:05:53.025690,0.0,-0.0017889087656529634,0.0,-0.10000000000000142,55.8,55.85,55.85,55.9,11.0,80.0,1707.0,5168.0,False,False
006208,2022-10-26 10:05:54.198874,0.0,-0.0017889087656529634,0.0,-0.10000000000000142,55.8,55.85,55.85,55.9,11.0,50.0,1707.0,5168.0,False,False
006208,2022-10-26 10:05:54.329504,0.0,-0.0017889087656529634,0.0,-0.10000000000000142,55.8,55.85,55.85,55.9,11.0,100.0,1707.0,5168.0,False,False
006208,2022-10-26 10:05:55.257911,0.0,-0.0017889087656529634,0.0,-0.10000000000000142,55.8,55.85,55.85,55.9,11.0,100.0,1749.0,5570.0,True,True
006208,2022-10-26 10:05:55.622876,0.0,-0.0017889087656529634,0.0,-0.10000000000000142,55.8,55.85,55.85,55.9,11.0,100.0,1749.0,5570.0,False,False
006208,2022-10-26 10:05:55.626826,0.0,-0.0017889087656529634,0.0,-0.10000000000000142,55.8,55.85,55.85,55.9,11.0,100.0,1749.0,5570.0,False,False
006208,2022-10-26 10:05:55.755770,0.0,-0.0017889087656529634,0.0,-0.10000000000000142,55.8,55.85,55.85,55.9,11.0,100.0,1749.0,5570.0,False,False
006208,2022-10-26 10:05:56.419556,0.0,-0.0017889087656529634,0.0,-0.10000000000000142,55.8,55.85,55.85,55.9,11.0,100.0,1749.0,5570.0,False,False
006208,2022-10-26 10:05:56.430753,0.0,-0.0017889087656529634,0.0,-0.10000000000000142,55.8,55.85,55.85,55.9,11.0,100.0,1749.0,5570.0,False,False
006208,2022-10-26 10:05:57.818667,0.0,-0.0017889087656529634,0.0,-0.10000000000000142,55.8,55.85,55.85,55.9,11.0,100.0,1749.0,5570.0,False,False
006208,2022-10-26 10:05:58.270348,0.0,-0.0017889087656529634,0.0,-0.10000000000000142,55.8,55.85,55.85,55.9,11.0,100.0,1749.0,5570.0,False,False
006208,2022-10-26 10:05:58.270562,0.0,-0.0017889087656529634,0.0,-0.10000000000000142,55.8,55.85,55.85,55.9,11.0,175.0,1749.0,5570.0,False,False
006208,2022-10-26 10:05:59.123610,0.0,-0.0017889087656529634,0.0,-0.10000000000000142,55.8,55.85,55.85,55.9,11.0,175.0,1749.0,5570.0,False,False
006208,2022-10-26 10:05:59.141329,0.0,-0.0017889087656529634,0.0,-0.10000000000000142,55.8,55.85,55.85,55.9,11.0,175.0,1749.0,5570.0,False,False
006208,2022-10-26 10:05:59.425999,0.0,-0.0017889087656529634,0.0,-0.10000000000000142,55.8,55.85,55.85,55.9,11.0,175.0,1749.0,5570.0,False,False
006208,2022-10-26 10:06:00.141766,0.0,-0.0017889087656529634,0.0,-0.10000000000000142,55.8,55.85,55.85,55.9,11.0,275.0,1749.0,5570.0,False,False
006208,2022-10-26 10:06:00.195949,0.0,-0.0017889087656529634,0.0,-0.10000000000000142,55.8,55.85,55.85,55.9,11.0,275.0,1749.0,5570.0,False,False
006208,2022-10-26 10:06:00.203358,0.0,-0.0017889087656529634,0.0,-0.10000000000000142,55.8,55.85,55.85,55.9,11.0,275.0,1749.0,5570.0,False,False
006208,2022-10-26 10:06:00.414800,0.0,-0.0017889087656529634,0.0,-0.10000000000000142,55.8,55.85,55.85,55.9,11.0,274.0,1749.0,5570.0,False,False
006208,2022-10-26 10:06:01.968914,0.0,-0.0017889087656529634,0.0,-0.10000000000000142,55.8,55.85,55.85,55.9,11.0,274.0,1749.0,5570.0,False,False
006208,2022-10-26 10:06:01.969041,0.0,-0.0017889087656529634,0.0,-0.10000000000000142,55.8,55.85,55.85,55.9,11.0,274.0,1749.0,5570.0,False,False
006208,2022-10-26 10:06:05.285765,0.0,-0.0017889087656529634,0.0,-0.10000000000000142,55.8,55.85,55.85,55.9,11.0,274.0,1917.0,5478.0,True,True
006208,2022-10-26 10:06:05.734761,0.0,-0.0017889087656529634,0.0,-0.10000000000000142,55.8,55.85,55.85,55.9,11.0,274.0,1917.0,5478.0,False,False
006208,2022-10-26 10:06:05.741660,0.0,-0.0017889087656529634,0.0,-0.10000000000000142,55.8,55.85,55.85,55.9,11.0,274.0,1917.0,5478.0,False,False
006208,2022-10-26 10:06:05.886168,0.0,-0.0017889087656529634,0.0,-0.10000000000000142,55.8,55.85,55.85,55.9,11.0,274.0,1917.0,5478.0,False,False
006208,2022-10-26 10:06:10.393283,0.0,-0.0017889087656529634,0.0,-0.10000000000000142,55.8,55.85,55.85,55.9,11.0,273.0,1917.0,5478.0,False,False
006208,2022-10-26 10:06:15.314202,0.0,-0.0017889087656529634,0.0,-0.10000000000000142,55.8,55.85,55.85,55.9,11.0,273.0,2417.0,5478.0,True,True
006208,2022-10-26 10:06:15.857620,0.0,-0.0017889087656529634,0.0,-0.10000000000000142,55.8,55.85,55.85,55.9,11.0,273.0,2417.0,5478.0,False,False
006208,2022-10-26 10:06:15.865863,0.0,-0.0017889087656529634,0.0,-0.10000000000000142,55.8,55.85,55.85,55.9,11.0,273.0,2417.0,5478.0,False,False
006208,2022-10-26 10:06:15.995230,0.0,-0.0017889087656529634,0.0,-0.10000000000000142,55.8,55.85,55.85,55.9,11.0,273.0,2417.0,5478.0,False,False
006208,2022-10-26 10:06:17.132597,0.0,-0.0017889087656529634,0.0,-0.10000000000000142,55.8,55.85,55.85,55.9,11.0,273.0,2417.0,5478.0,False,False
006208,2022-10-26 10:06:17.487893,0.0,-0.0017889087656529634,0.0,-0.10000000000000142,55.8,55.85,55.85,55.9,11.0,273.0,2417.0,5478.0,False,False
006208,2022-10-26 10:06:17.499058,0.0,-0.0017889087656529634,0.0,-0.10000000000000142,55.8,55.85,55.85,55.9,11.0,273.0,2417.0,5478.0,False,False
006208,2022-10-26 10:06:17.625384,0.0,-0.0017889087656529634,0.0,-0.10000000000000142,55.8,55.85,55.85,55.9,11.0,173.0,2417.0,5478.0,False,False
006208,2022-10-26 10:06:17.729560,0.0,-0.0017889087656529634,0.0,-0.10000000000000142,55.8,55.85,55.85,55.9,11.0,173.0,2417.0,5478.0,False,False
006208,2022-10-26 10:06:18.464140,0.0,-0.0017889087656529634,0.0,-0.10000000000000142,55.8,55.85,55.85,55.9,11.0,173.0,2417.0,5478.0,False,False
006208,2022-10-26 10:06:18.464275,0.0,-0.0017889087656529634,0.0,-0.10000000000000142,55.8,55.85,55.85,55.9,11.0,173.0,2417.0,5478.0,False,False
006208,2022-10-26 10:06:18.625155,0.0,-0.0017889087656529634,0.0,-0.10000000000000142,55.8,55.85,55.85,55.9,11.0,173.0,2417.0,5478.0,False,False
006208,2022-10-26 10:06:18.724848,0.0,-0.0017889087656529634,0.0,-0.10000000000000142,55.8,55.85,55.85,55.9,11.0,173.0,2417.0,5478.0,False,False
006208,2022-10-26 10:06:19.622548,0.0,-0.0017889087656529634,0.0,-0.10000000000000142,55.8,55.85,55.85,55.9,11.0,173.0,2417.0,5478.0,False,False
006208,2022-10-26 10:06:19.632103,0.0,-0.0017889087656529634,0.0,-0.10000000000000142,55.8,55.85,55.85,55.9,11.0,173.0,2417.0,5478.0,False,False
006208,2022-10-26 10:06:20.427159,0.0,-0.0017889087656529634,0.0,-0.10000000000000142,55.8,55.85,55.85,55.9,11.0,173.0,2417.0,5478.0,False,False
006208,2022-10-26 10:06:20.437165,0.0,-0.0017889087656529634,0.0,-0.10000000000000142,55.8,55.85,55.85,55.9,11.0,173.0,2417.0,5478.0,False,False
006208,2022-10-26 10:06:20.569419,0.0,-0.0017889087656529634,0.0,-0.10000000000000142,55.8,55.85,55.85,55.9,12.0,173.0,2417.0,5478.0,False,False
006208,2022-10-26 10:06:22.348249,0.0,-0.0017889087656529634,0.0,-0.10000000000000142,55.8,55.85,55.85,55.9,12.0,98.0,2417.0,5478.0,False,False
006208,2022-10-26 10:06:22.585746,0.0,-0.0017889087656529634,0.0,-0.10000000000000142,55.8,55.85,55.85,55.9,11.0,98.0,2417.0,5478.0,False,False
006208,2022-10-26 10:06:23.849434,0.0,-0.0017889087656529634,0.0,-0.10000000000000142,55.8,55.85,55.85,55.9,11.0,98.0,2417.0,5478.0,False,False
006208,2022-10-26 10:06:23.863474,0.0,-0.0017889087656529634,0.0,-0.10000000000000142,55.8,55.85,55.85,55.9,11.0,98.0,2417.0,5478.0,False,False
006208,2022-10-26 10:06:24.010707,0.0,-0.0017889087656529634,0.0,-0.10000000000000142,55.8,55.85,55.85,55.9,11.0,97.0,2417.0,5478.0,False,False
006208,2022-10-26 10:06:25.353162,0.0,-0.0017889087656529634,0.0,-0.10000000000000142,55.8,55.85,55.85,55.9,11.0,97.0,2471.0,5478.0,True,True
006208,2022-10-26 10:06:25.974678,0.0,-0.0017889087656529634,0.0,-0.10000000000000142,55.8,55.85,55.85,55.9,11.0,97.0,2471.0,5478.0,False,False
006208,2022-10-26 10:06:26.050754,0.0,-0.0017889087656529634,0.0,-0.10000000000000142,55.8,55.85,55.85,55.9,11.0,97.0,2471.0,5478.0,False,False
006208,2022-10-26 10:06:26.112942,0.0,-0.0017889087656529634,0.0,-0.10000000000000142,55.8,55.85,55.85,55.9,11.0,97.0,2471.0,5478.0,False,False
006208,2022-10-26 10:06:27.350116,0.0,-0.0017889087656529634,0.0,-0.10000000000000142,55.8,55.85,55.85,55.9,11.0,97.0,2471.0,5478.0,False,False
006208,2022-10-26 10:06:27.361004,0.0,-0.0017889087656529634,0.0,-0.10000000000000142,55.8,55.85,55.85,55.9,11.0,97.0,2471.0,5478.0,False,False
006208,2022-10-26 10:06:28.153810,0.0,-0.0017889087656529634,0.0,-0.10000000000000142,55.8,55.85,55.85,55.9,11.0,97.0,2471.0,5478.0,False,False
006208,2022-10-26 10:06:28.153918,0.0,-0.0017889087656529634,0.0,-0.10000000000000142,55.8,55.85,55.85,55.9,11.0,172.0,2471.0,5478.0,False,False
006208,2022-10-26 10:06:28.623385,0.0,-0.0017889087656529634,0.0,-0.10000000000000142,55.8,55.85,55.85,55.9,11.0,172.0,2471.0,5478.0,False,False
006208,2022-10-26 10:06:28.623559,0.0,-0.0017889087656529634,0.0,-0.10000000000000142,55.8,55.85,55.85,55.9,11.0,172.0,2471.0,5478.0,False,False
006208,2022-10-26 10:06:30.398170,0.0,-0.0017889087656529634,0.0,-0.10000000000000142,55.8,55.85,55.85,55.9,11.0,171.0,2471.0,5478.0,False,False
006208,2022-10-26 10:06:31.034357,0.0,-0.0017889087656529634,0.0,-0.10000000000000142,55.8,55.85,55.85,55.9,11.0,171.0,2471.0,5478.0,False,False
006208,2022-10-26 10:06:31.046679,0.0,-0.0017889087656529634,0.0,-0.10000000000000142,55.8,55.85,55.85,55.9,11.0,171.0,2471.0,5478.0,False,False
006208,2022-10-26 10:06:31.527256,0.0,-0.0017889087656529634,0.0,-0.10000000000000142,55.8,55.85,55.85,55.9,11.0,171.0,2471.0,5478.0,False,False
006208,2022-10-26 10:06:31.537385,0.0,-0.0017889087656529634,0.0,-0.10000000000000142,55.8,55.85,55.85,55.9,11.0,171.0,2471.0,5478.0,False,False
006208,2022-10-26 10:06:31.903231,0.0,-0.0017889087656529634,0.0,-0.10000000000000142,55.8,55.85,55.85,55.9,11.0,171.0,2471.0,5478.0,False,False
006208,2022-10-26 10:06:31.903415,0.0,-0.0017889087656529634,0.0,-0.10000000000000142,55.8,55.85,55.85,55.9,11.0,171.0,2471.0,5478.0,False,False
006208,2022-10-26 10:06:32.521341,0.0,-0.0017889087656529634,0.0,-0.10000000000000142,55.8,55.85,55.85,55.9,11.0,171.0,2471.0,5478.0,False,False
006208,2022-10-26 10:06:32.521480,0.0,-0.0017889087656529634,0.0,-0.10000000000000142,55.8,55.85,55.85,55.9,11.0,171.0,2471.0,5478.0,False,False
006208,2022-10-26 10:06:32.871390,0.0,-0.0017889087656529634,0.0,-0.10000000000000142,55.8,55.85,55.85,55.9,11.0,171.0,2471.0,5478.0,False,False
006208,2022-10-26 10:06:32.871492,0.0,-0.0017889087656529634,0.0,-0.10000000000000142,55.8,55.85,55.85,55.9,11.0,171.0,2471.0,5478.0,False,False
006208,2022-10-26 10:06:35.392305,0.0,-0.0017889087656529634,0.0,-0.10000000000000142,55.8,55.85,55.85,55.9,11.0,171.0,2515.0,5478.0,True,True
006208,2022-10-26 10:06:36.090483,0.0,-0.0017889087656529634,0.0,-0.10000000000000142,55.8,55.85,55.85,55.9,11.0,171.0,2515.0,5478.0,False,False
006208,2022-10-26 10:06:36.093375,0.0,-0.0017889087656529634,0.0,-0.10000000000000142,55.8,55.85,55.85,55.9,11.0,171.0,2515.0,5478.0,False,False
006208,2022-10-26 10:06:36.224493,0.0,-0.0017889087656529634,0.0,-0.10000000000000142,55.8,55.85,55.85,55.9,11.0,171.0,2515.0,5478.0,False,False
006208,2022-10-26 10:06:36.754737,0.0,-0.0017889087656529634,0.0,-0.10000000000000142,55.8,55.85,55.85,55.9,11.0,171.0,2515.0,5478.0,False,False
006208,2022-10-26 10:06:36.843629,0.0,-0.0017889087656529634,0.0,-0.10000000000000142,55.8,55.85,55.85,55.9,11.0,171.0,2515.0,5478.0,False,False
006208,2022-10-26 10:06:37.587924,0.0,-0.0017889087656529634,0.0,-0.10000000000000142,55.8,55.85,55.85,55.9,11.0,96.0,2515.0,5478.0,False,False
006208,2022-10-26 10:06:37.588124,0.0,-0.0017889087656529634,0.0,-0.10000000000000142,55.8,55.85,55.85,55.9,11.0,96.0,2515.0,5478.0,False,False
006208,2022-10-26 10:06:38.108683,0.0,-0.0017889087656529634,0.0,-0.10000000000000142,55.8,55.85,55.85,55.9,11.0,96.0,2515.0,5478.0,False,False
006208,2022-10-26 10:06:38.128145,0.0,-0.0017889087656529634,0.0,-0.10000000000000142,55.8,55.85,55.85,55.9,11.0,96.0,2515.0,5478.0,False,False
006208,2022-10-26 10:06:38.958827,0.0,-0.0017889087656529634,0.0,-0.10000000000000142,55.8,55.85,55.85,55.9,11.0,96.0,2515.0,5478.0,False,False
006208,2022-10-26 10:06:38.961605,0.0,-0.0017889087656529634,0.0,-0.10000000000000142,55.8,55.85,55.85,55.9,11.0,96.0,2515.0,5478.0,False,False
006208,2022-10-26 10:06:39.154144,0.0,-0.0017889087656529634,0.0,-0.10000000000000142,55.8,55.85,55.85,55.9,11.0,96.0,2515.0,5478.0,False,False
006208,2022-10-26 10:06:39.587989,0.0,-0.0017889087656529634,0.0,-0.10000000000000142,55.8,55.85,55.85,55.9,11.0,96.0,2515.0,5478.0,False,False
006208,2022-10-26 10:06:39.590688,0.0,-0.0017889087656529634,0.0,-0.10000000000000142,55.8,55.85,55.85,55.9,11.0,96.0,2515.0,5478.0,False,False
006208,2022-10-26 10:06:39.988395,0.0,-0.0017889087656529634,0.0,-0.10000000000000142,55.8,55.85,55.85,55.9,11.0,96.0,2515.0,5478.0,False,False
006208,2022-10-26 10:06:39.988463,0.0,-0.0017889087656529634,0.0,-0.10000000000000142,55.8,55.85,55.85,55.9,11.0,96.0,2515.0,5478.0,False,False
006208,2022-10-26 10:06:40.378787,0.0,-0.0017889087656529634,0.0,-0.10000000000000142,55.8,55.85,55.85,55.9,11.0,95.0,2515.0,5478.0,False,False
006208,2022-10-26 10:06:42.113714,0.0,-0.0017889087656529634,0.0,-0.10000000000000142,55.8,55.85,55.85,55.9,11.0,95.0,2515.0,5478.0,False,False
006208,2022-10-26 10:06:42.154970,0.0,-0.0017889087656529634,0.0,-0.10000000000000142,55.8,55.85,55.85,55.9,11.0,95.0,2515.0,5478.0,False,False
006208,2022-10-26 10:06:42.460840,0.0,-0.0017889087656529634,0.0,-0.10000000000000142,55.8,55.85,55.85,55.9,11.0,95.0,2515.0,5478.0,False,False
006208,2022-10-26 10:06:42.461430,0.0,-0.0017889087656529634,0.0,-0.10000000000000142,55.8,55.85,55.85,55.9,11.0,95.0,2515.0,5478.0,False,False
006208,2022-10-26 10:06:43.722073,0.0,-0.0017889087656529634,0.0,-0.10000000000000142,55.8,55.85,55.85,55.9,11.0,95.0,2515.0,5478.0,False,False
006208,2022-10-26 10:06:43.776685,0.0,-0.0017889087656529634,0.0,-0.10000000000000142,55.8,55.85,55.85,55.9,86.0,95.0,2515.0,5478.0,False,False
006208,2022-10-26 10:06:44.722081,0.0,-0.0017889087656529634,0.0,-0.10000000000000142,55.8,55.85,55.85,55.9,86.0,95.0,2515.0,5478.0,False,False
006208,2022-10-26 10:06:44.722115,0.0,-0.0017889087656529634,0.0,-0.10000000000000142,55.8,55.85,55.85,55.9,186.0,95.0,2515.0,5478.0,False,False
006208,2022-10-26 10:06:45.423355,0.0,-0.0017889087656529634,0.0,-0.10000000000000142,55.8,55.85,55.85,55.9,186.0,95.0,3160.0,6477.0,True,True
006208,2022-10-26 10:06:46.203620,0.0,-0.0017889087656529634,0.0,-0.10000000000000142,55.8,55.85,55.85,55.9,186.0,95.0,3160.0,6477.0,False,False
006208,2022-10-26 10:06:46.210725,0.0,-0.0017889087656529634,0.0,-0.10000000000000142,55.8,55.85,55.85,55.9,186.0,95.0,3160.0,6477.0,False,False
006208,2022-10-26 10:06:46.353373,0.0,-0.0017889087656529634,0.0,-0.10000000000000142,55.8,55.85,55.85,55.9,186.0,95.0,3160.0,6477.0,False,False
006208,2022-10-26 10:06:49.111655,0.0,-0.0017889087656529634,0.0,-0.10000000000000142,55.8,55.85,55.85,55.9,186.0,95.0,3160.0,6477.0,False,False
006208,2022-10-26 10:06:49.111994,0.0,-0.0017889087656529634,0.0,-0.10000000000000142,55.8,55.85,55.85,55.9,186.0,95.0,3160.0,6477.0,False,False
006208,2022-10-26 10:06:49.471395,0.0,-0.0017889087656529634,0.0,-0.10000000000000142,55.8,55.85,55.85,55.9,186.0,95.0,3160.0,6477.0,False,False
006208,2022-10-26 10:06:49.499405,0.0,-0.0017889087656529634,0.0,-0.10000000000000142,55.8,55.85,55.85,55.9,86.0,95.0,3160.0,6477.0,False,False
006208,2022-10-26 10:06:50.387947,0.0,-0.0017889087656529634,0.0,-0.10000000000000142,55.8,55.85,55.85,55.9,86.0,94.0,3160.0,6477.0,False,False
006208,2022-10-26 10:06:50.498020,0.0,-0.0017889087656529634,0.0,-0.10000000000000142,55.8,55.85,55.85,55.9,186.0,94.0,3160.0,6477.0,False,False
006208,2022-10-26 10:06:51.874817,0.0,-0.0017889087656529634,0.0,-0.10000000000000142,55.8,55.85,55.85,55.9,111.0,94.0,3160.0,6477.0,False,False
006208,2022-10-26 10:06:51.902117,0.0,-0.0017889087656529634,0.0,-0.10000000000000142,55.8,55.85,55.85,55.9,11.0,94.0,3160.0,6477.0,False,False
006208,2022-10-26 10:06:52.902486,0.0,-0.0017889087656529634,0.0,-0.10000000000000142,55.8,55.85,55.85,55.9,11.0,94.0,3160.0,6477.0,False,False
006208,2022-10-26 10:06:55.707000,0.0,-0.0017889087656529634,0.0,-0.10000000000000142,55.8,55.85,55.85,55.9,11.0,94.0,3160.0,6477.0,False,False
006208,2022-10-26 10:06:56.167774,0.0,-0.0017889087656529634,0.0,-0.10000000000000142,55.8,55.85,55.85,55.9,11.0,44.0,3160.0,6477.0,False,False
006208,2022-10-26 10:06:56.300743,0.0,-0.0017889087656529634,0.0,-0.10000000000000142,55.8,55.85,55.85,55.9,11.0,44.0,3160.0,6477.0,False,False
006208,2022-10-26 10:06:56.336491,0.0,-0.0017889087656529634,0.0,-0.10000000000000142,55.8,55.85,55.85,55.9,11.0,44.0,3160.0,6477.0,False,False
006208,2022-10-26 10:06:56.470511,0.0,-0.0017889087656529634,0.0,-0.10000000000000142,55.8,55.85,55.85,55.9,11.0,44.0,3160.0,6477.0,False,False
006208,2022-10-26 10:06:56.983601,0.0,-0.0017889087656529634,0.0,-0.10000000000000142,55.8,55.85,55.85,55.9,11.0,43.0,3160.0,6477.0,False,False
006208,2022-10-26 10:06:58.205617,0.0,-0.0017889087656529634,0.0,-0.10000000000000142,55.8,55.85,55.85,55.9,11.0,43.0,3160.0,6477.0,False,False
006208,2022-10-26 10:06:58.927072,0.0,-0.0017889087656529634,0.0,-0.10000000000000142,55.8,55.85,55.85,55.9,11.0,43.0,3160.0,6477.0,False,False
006208,2022-10-26 10:06:58.927206,0.0,-0.0017889087656529634,0.0,-0.10000000000000142,55.8,55.85,55.85,55.9,11.0,43.0,3160.0,6477.0,False,False
006208,2022-10-26 10:07:00.398834,0.0,-0.0017889087656529634,0.0,-0.10000000000000142,55.8,55.85,55.85,55.9,11.0,42.0,3160.0,6477.0,False,False
006208,2022-10-26 10:07:04.388684,0.0,-0.0017889087656529634,0.0,-0.10000000000000142,55.8,55.85,55.85,55.9,11.0,42.0,3160.0,6477.0,False,False
006208,2022-10-26 10:07:04.398392,0.0,-0.0017889087656529634,0.0,-0.10000000000000142,55.8,55.85,55.85,55.9,11.0,42.0,3160.0,6477.0,False,False
006208,2022-10-26 10:07:04.682140,0.0,-0.0017889087656529634,0.0,-0.10000000000000142,55.8,55.85,55.85,55.9,11.0,42.0,3160.0,6477.0,False,True
006208,2022-10-26 10:07:04.752284,0.0,-0.0017889087656529634,0.0,-0.10000000000000142,55.8,55.85,55.85,55.9,11.0,42.0,3160.0,6477.0,False,False
006208,2022-10-26 10:07:06.155649,0.0,-0.0017889087656529634,0.0,-0.10000000000000142,55.8,55.85,55.85,55.9,11.0,42.0,3160.0,6477.0,False,False
006208,2022-10-26 10:07:06.155846,0.0,-0.0017889087656529634,0.0,-0.10000000000000142,55.8,55.85,55.85,55.9,11.0,42.0,3160.0,6477.0,False,False
006208,2022-10-26 10:07:06.168449,0.0,-0.0017889087656529634,0.0,-0.10000000000000142,55.8,55.85,55.85,55.9,11.0,42.0,3160.0,6477.0,False,False
006208,2022-10-26 10:07:06.444835,0.0,-0.0017889087656529634,0.0,-0.10000000000000142,55.8,55.85,55.85,55.9,11.0,42.0,3160.0,6477.0,False,False
006208,2022-10-26 10:07:06.449580,0.0,-0.0017889087656529634,0.0,-0.10000000000000142,55.8,55.85,55.85,55.9,11.0,42.0,3160.0,6477.0,False,False
006208,2022-10-26 10:07:06.586027,0.0,-0.0017889087656529634,0.0,-0.10000000000000142,55.8,55.85,55.85,55.9,11.0,42.0,3160.0,6477.0,False,False
006208,2022-10-26 10:07:08.539905,0.0,-0.0017889087656529634,0.0,-0.10000000000000142,55.8,55.85,55.85,55.9,11.0,42.0,3160.0,6477.0,False,False
006208,2022-10-26 10:07:08.544473,0.0,-0.0017889087656529634,0.0,-0.10000000000000142,55.8,55.85,55.85,55.9,11.0,42.0,3160.0,6477.0,False,False
006208,2022-10-26 10:07:09.305260,0.0,-0.0017889087656529634,0.0,-0.10000000000000142,55.8,55.85,55.85,55.9,11.0,42.0,3160.0,6477.0,False,False
006208,2022-10-26 10:07:09.310356,0.0,-0.0017889087656529634,0.0,-0.10000000000000142,55.8,55.85,55.85,55.9,11.0,117.0,3160.0,6477.0,False,False
006208,2022-10-26 10:07:09.958516,0.0,-0.0017889087656529634,0.0,-0.10000000000000142,55.8,55.85,55.85,55.9,11.0,117.0,3160.0,6477.0,False,False
006208,2022-10-26 10:07:09.987411,0.0,-0.0017889087656529634,0.0,-0.10000000000000142,55.8,55.85,55.85,55.9,11.0,117.0,3160.0,6477.0,False,False
006208,2022-10-26 10:07:10.174725,0.0,-0.0017889087656529634,0.0,-0.10000000000000142,55.8,55.85,55.85,55.9,11.0,117.0,3160.0,6477.0,False,False
006208,2022-10-26 10:07:10.206686,0.0,-0.0017889087656529634,0.0,-0.10000000000000142,55.8,55.85,55.85,55.9,11.0,117.0,3160.0,6477.0,False,False
006208,2022-10-26 10:07:10.393775,0.0,-0.0017889087656529634,0.0,-0.10000000000000142,55.8,55.85,55.85,55.9,11.0,116.0,3160.0,6477.0,False,False
006208,2022-10-26 10:07:10.987100,0.0,-0.0017889087656529634,0.0,-0.10000000000000142,55.8,55.85,55.85,55.9,11.0,216.0,3160.0,6477.0,False,False
006208,2022-10-26 10:07:10.987140,0.0,-0.0017889087656529634,0.0,-0.10000000000000142,55.8,55.85,55.85,55.9,11.0,216.0,3160.0,6477.0,False,False
006208,2022-10-26 10:07:11.060620,0.0,-0.0017889087656529634,0.0,-0.10000000000000142,55.8,55.85,55.85,55.9,11.0,216.0,3160.0,6477.0,False,False
006208,2022-10-26 10:07:11.678026,0.0,-0.0017889087656529634,0.0,-0.10000000000000142,55.8,55.85,55.85,55.9,11.0,216.0,3160.0,6477.0,False,False
006208,2022-10-26 10:07:11.804719,0.0,-0.0017889087656529634,0.0,-0.10000000000000142,55.8,55.85,55.85,55.9,11.0,266.0,3160.0,6477.0,False,False
006208,2022-10-26 10:07:14.280762,0.0,-0.0017889087656529634,0.0,-0.10000000000000142,55.8,55.85,55.85,55.9,11.0,266.0,3160.0,6477.0,False,False
006208,2022-10-26 10:07:14.713671,0.0,-0.0017889087656529634,0.0,-0.10000000000000142,55.8,55.85,55.85,55.9,11.0,266.0,3660.0,6477.0,True,True
006208,2022-10-26 10:07:14.902613,0.0,-0.0017889087656529634,0.0,-0.10000000000000142,55.8,55.85,55.85,55.9,11.0,266.0,3660.0,6477.0,False,False
006208,2022-10-26 10:07:15.407638,0.0,-0.0017889087656529634,0.0,-0.10000000000000142,55.8,55.85,55.85,55.9,1.0,266.0,3660.0,6477.0,False,False
006208,2022-10-26 10:07:16.562318,0.0,-0.0017889087656529634,0.0,-0.10000000000000142,55.8,55.85,55.85,55.9,1.0,266.0,3660.0,6477.0,False,False
006208,2022-10-26 10:07:16.567504,0.0,-0.0017889087656529634,0.0,-0.10000000000000142,55.8,55.85,55.85,55.9,1.0,266.0,3660.0,6477.0,False,False
006208,2022-10-26 10:07:16.710539,0.0,-0.0017889087656529634,0.0,-0.10000000000000142,55.8,55.85,55.85,55.9,1.0,266.0,3660.0,6477.0,False,False
006208,2022-10-26 10:07:20.357655,0.0,-0.0017889087656529634,0.0,-0.10000000000000142,55.8,55.85,55.85,55.9,1.0,265.0,3660.0,6477.0,False,False
006208,2022-10-26 10:07:20.712585,0.0,-0.0017889087656529634,0.0,-0.10000000000000142,55.8,55.85,55.85,55.9,1.0,265.0,3660.0,6477.0,False,False
006208,2022-10-26 10:07:22.493115,0.0,-0.0017889087656529634,0.0,-0.10000000000000142,55.8,55.85,55.85,55.9,1.0,265.0,3660.0,6477.0,False,False
006208,2022-10-26 10:07:22.509516,0.0,-0.0017889087656529634,0.0,-0.10000000000000142,55.8,55.85,55.85,55.9,1.0,265.0,3660.0,6477.0,False,False
006208,2022-10-26 10:07:24.751904,0.0,-0.0017889087656529634,0.0,-0.10000000000000142,55.8,55.85,55.85,55.9,1.0,265.0,3660.0,6471.0,True,True
006208,2022-10-26 10:07:26.044497,0.0,-0.0017889087656529634,0.0,-0.10000000000000142,55.8,55.85,55.85,55.9,1.0,265.0,3660.0,6471.0,False,False
006208,2022-10-26 10:07:26.054419,0.0,-0.0017889087656529634,0.0,-0.10000000000000142,55.8,55.85,55.85,55.9,1.0,265.0,3660.0,6471.0,False,False
006208,2022-10-26 10:07:26.680069,0.0,-0.0017889087656529634,0.0,-0.10000000000000142,55.8,55.85,55.85,55.9,1.0,265.0,3660.0,6471.0,False,False
006208,2022-10-26 10:07:26.683395,0.0,-0.0017889087656529634,0.0,-0.10000000000000142,55.8,55.85,55.85,55.9,1.0,265.0,3660.0,6471.0,False,False
006208,2022-10-26 10:07:26.824587,0.0,-0.0017889087656529634,0.0,-0.10000000000000142,55.8,55.85,55.85,55.9,1.0,265.0,3660.0,6471.0,False,False
006208,2022-10-26 10:07:28.508639,0.0,-0.0017889087656529634,0.0,-0.10000000000000142,55.8,55.85,55.85,55.9,1.0,265.0,3660.0,6471.0,False,False
006208,2022-10-26 10:07:28.513232,0.0,-0.0017889087656529634,0.0,-0.10000000000000142,55.8,55.85,55.85,55.9,1.0,265.0,3660.0,6471.0,False,False
006208,2022-10-26 10:07:32.330332,0.0,-0.0017889087656529634,0.0,-0.10000000000000142,55.8,55.85,55.85,55.9,1.0,265.0,3660.0,6471.0,False,False
006208,2022-10-26 10:07:32.705700,0.0,-0.0017889087656529634,0.0,-0.10000000000000142,55.8,55.85,55.85,55.9,1.0,265.0,3660.0,6471.0,False,False
006208,2022-10-26 10:07:34.786893,0.0,-0.0017889087656529634,0.0,-0.10000000000000142,55.8,55.85,55.85,55.9,1.0,265.0,3660.0,6078.0,True,True
006208,2022-10-26 10:07:35.226348,0.0,-0.0017889087656529634,0.0,-0.10000000000000142,55.8,55.85,55.85,55.9,2.0,265.0,3660.0,6078.0,False,False
006208,2022-10-26 10:07:35.765152,0.0,-0.0017889087656529634,0.0,-0.10000000000000142,55.8,55.85,55.85,55.9,2.0,265.0,3660.0,6078.0,False,False
006208,2022-10-26 10:07:35.903804,0.0,-0.0017889087656529634,0.0,-0.10000000000000142,55.8,55.85,55.85,55.9,2.0,265.0,3660.0,6078.0,False,False
006208,2022-10-26 10:07:36.797670,0.0,-0.0017889087656529634,0.0,-0.10000000000000142,55.8,55.85,55.85,55.9,2.0,265.0,3660.0,6078.0,False,False
006208,2022-10-26 10:07:36.822981,0.0,-0.0026833631484793896,0.0,-0.14999999999999858,55.75,55.85,55.85,55.9,199.0,265.0,3660.0,6078.0,False,False
006208,2022-10-26 10:07:36.856123,0.0,-0.0026833631484793896,0.0,-0.14999999999999858,55.75,55.85,55.85,55.9,199.0,265.0,3660.0,6078.0,False,False
006208,2022-10-26 10:07:36.974688,0.0,-0.0026833631484793896,0.0,-0.14999999999999858,55.75,55.85,55.85,55.9,199.0,265.0,3660.0,6078.0,False,False
006208,2022-10-26 10:07:37.130322,0.0,-0.0026833631484793896,0.0,-0.14999999999999858,55.75,55.85,55.85,55.9,199.0,265.0,3660.0,6078.0,False,False
006208,2022-10-26 10:07:37.187466,0.0,-0.0026833631484793896,0.0,-0.14999999999999858,55.75,55.85,55.85,55.9,199.0,265.0,3660.0,6078.0,False,False
006208,2022-10-26 10:07:38.269939,0.0,-0.0026833631484793896,0.0,-0.14999999999999858,55.75,55.85,55.85,55.9,199.0,265.0,3660.0,6078.0,False,False
006208,2022-10-26 10:07:38.281336,0.0,-0.0026833631484793896,0.0,-0.14999999999999858,55.75,55.85,55.85,55.9,199.0,265.0,3660.0,6078.0,False,False
006208,2022-10-26 10:07:38.452343,0.0,-0.0026833631484793896,0.0,-0.14999999999999858,55.75,55.85,55.85,55.9,199.0,265.0,3660.0,6078.0,False,False
006208,2022-10-26 10:07:38.476122,0.0,-0.0026833631484793896,0.0,-0.14999999999999858,55.75,55.85,55.85,55.9,199.0,265.0,3660.0,6078.0,False,False
006208,2022-10-26 10:07:38.938969,0.0,-0.0026833631484793896,0.0,-0.14999999999999858,55.75,55.85,55.85,55.9,199.0,265.0,3660.0,6078.0,False,False
006208,2022-10-26 10:07:38.991574,0.0,-0.0026833631484793896,0.0,-0.14999999999999858,55.75,55.85,55.85,55.9,199.0,264.0,3660.0,6078.0,False,False
006208,2022-10-26 10:07:38.947089,0.0,-0.0026833631484793896,0.0,-0.14999999999999858,55.75,55.85,55.85,55.9,199.0,265.0,3660.0,6078.0,False,False
006208,2022-10-26 10:07:39.056668,0.0,-0.0026833631484793896,0.0,-0.14999999999999858,55.75,55.85,55.85,55.9,165.0,264.0,3660.0,6078.0,False,False
006208,2022-10-26 10:07:40.347820,0.0,-0.0026833631484793896,0.0,-0.14999999999999858,55.75,55.85,55.85,55.9,165.0,263.0,3660.0,6078.0,False,False
006208,2022-10-26 10:07:40.600476,0.0,-0.0026833631484793896,0.0,-0.14999999999999858,55.75,55.85,55.85,55.9,165.0,263.0,3660.0,6078.0,False,False
006208,2022-10-26 10:07:40.600612,0.0,-0.0026833631484793896,0.0,-0.14999999999999858,55.75,55.85,55.85,55.9,165.0,263.0,3660.0,6078.0,False,False
006208,2022-10-26 10:07:40.973335,0.0,-0.0026833631484793896,0.0,-0.14999999999999858,55.75,55.85,55.85,55.9,165.0,263.0,3660.0,6078.0,False,False
006208,2022-10-26 10:07:40.983786,0.0,-0.0026833631484793896,0.0,-0.14999999999999858,55.75,55.85,55.85,55.9,165.0,263.0,3660.0,6078.0,False,False
006208,2022-10-26 10:07:41.159969,0.0,-0.0026833631484793896,0.0,-0.14999999999999858,55.75,55.85,55.85,55.9,165.0,263.0,3660.0,6078.0,False,False
006208,2022-10-26 10:07:41.200760,0.0,-0.0026833631484793896,0.0,-0.14999999999999858,55.75,55.85,55.85,55.9,165.0,263.0,3660.0,6078.0,False,False
006208,2022-10-26 10:07:47.056982,0.0,-0.0026833631484793896,0.0,-0.14999999999999858,55.75,55.85,55.85,55.9,165.0,263.0,3660.0,6078.0,False,False
006208,2022-10-26 10:07:47.062497,0.0,-0.0026833631484793896,0.0,-0.14999999999999858,55.75,55.85,55.85,55.9,165.0,263.0,3660.0,6078.0,False,False
006208,2022-10-26 10:07:47.193028,0.0,-0.0026833631484793896,0.0,-0.14999999999999858,55.75,55.85,55.85,55.9,165.0,263.0,3660.0,6078.0,False,False
006208,2022-10-26 10:07:50.342978,0.0,-0.0026833631484793896,0.0,-0.14999999999999858,55.75,55.85,55.85,55.9,165.0,262.0,3660.0,6078.0,False,False
006208,2022-10-26 10:07:53.189186,0.0,-0.0026833631484793896,0.0,-0.14999999999999858,55.75,55.85,55.85,55.9,165.0,262.0,3660.0,6078.0,False,False
006208,2022-10-26 10:07:53.340098,0.0,-0.0026833631484793896,0.0,-0.14999999999999858,55.75,55.85,55.85,55.9,165.0,262.0,3660.0,6078.0,False,False
006208,2022-10-26 10:07:53.607387,0.0,-0.0026833631484793896,0.0,-0.14999999999999858,55.75,55.85,55.85,55.9,165.0,262.0,3660.0,6078.0,False,False
006208,2022-10-26 10:07:53.619915,0.0,-0.0026833631484793896,0.0,-0.14999999999999858,55.75,55.85,55.85,55.9,165.0,262.0,3660.0,6078.0,False,False
006208,2022-10-26 10:07:53.881171,0.0,-0.0026833631484793896,0.0,-0.14999999999999858,55.75,55.85,55.85,55.9,165.0,262.0,3660.0,6078.0,False,False
006208,2022-10-26 10:07:53.888137,0.0,-0.0026833631484793896,0.0,-0.14999999999999858,55.75,55.85,55.85,55.9,165.0,262.0,3660.0,6078.0,False,False
006208,2022-10-26 10:07:54.445140,0.0,-0.0026833631484793896,0.0,-0.14999999999999858,55.75,55.85,55.85,55.9,165.0,262.0,3660.0,6078.0,False,False
006208,2022-10-26 10:07:54.780425,0.0,-0.0026833631484793896,0.0,-0.14999999999999858,55.75,55.85,55.85,55.9,165.0,262.0,3660.0,6078.0,False,False
006208,2022-10-26 10:07:54.780900,0.0,-0.0026833631484793896,0.0,-0.14999999999999858,55.75,55.85,55.85,55.9,165.0,262.0,3660.0,6078.0,False,False
006208,2022-10-26 10:07:55.466742,0.0,-0.0026833631484793896,0.0,-0.14999999999999858,55.75,55.85,55.85,55.9,165.0,262.0,3660.0,6078.0,False,False
006208,2022-10-26 10:07:55.474073,0.0,-0.0026833631484793896,0.0,-0.14999999999999858,55.75,55.85,55.85,55.9,165.0,262.0,3660.0,6078.0,False,False
006208,2022-10-26 10:07:56.134594,0.0,-0.0026833631484793896,0.0,-0.14999999999999858,55.75,55.85,55.85,55.9,165.0,262.0,3660.0,6078.0,False,False
006208,2022-10-26 10:07:56.462919,0.0,-0.0026833631484793896,0.0,-0.14999999999999858,55.75,55.85,55.85,55.9,165.0,262.0,3660.0,6078.0,False,False
006208,2022-10-26 10:07:57.176149,0.0,-0.0026833631484793896,0.0,-0.14999999999999858,55.75,55.85,55.85,55.9,165.0,262.0,3660.0,6078.0,False,False
006208,2022-10-26 10:07:57.224839,0.0,-0.0026833631484793896,0.0,-0.14999999999999858,55.75,55.85,55.85,55.9,165.0,262.0,3660.0,6078.0,False,False
006208,2022-10-26 10:07:57.311931,0.0,-0.0026833631484793896,0.0,-0.14999999999999858,55.75,55.85,55.85,55.9,165.0,262.0,3660.0,6078.0,False,False
006208,2022-10-26 10:07:59.747948,0.0,-0.0026833631484793896,0.0,-0.14999999999999858,55.75,55.85,55.85,55.9,165.0,262.0,3660.0,6078.0,False,False
006208,2022-10-26 10:08:00.353175,0.0,-0.0026833631484793896,0.0,-0.14999999999999858,55.75,55.85,55.85,55.9,165.0,261.0,3660.0,6078.0,False,False
006208,2022-10-26 10:08:00.661902,0.0,-0.0026833631484793896,0.0,-0.14999999999999858,55.75,55.85,55.85,55.9,165.0,261.0,3660.0,6078.0,False,False
006208,2022-10-26 10:08:01.270881,0.0,-0.0026833631484793896,0.0,-0.14999999999999858,55.75,55.85,55.85,55.9,165.0,261.0,3660.0,6078.0,False,False
006208,2022-10-26 10:08:01.957850,0.0,-0.0026833631484793896,0.0,-0.14999999999999858,55.75,55.85,55.85,55.9,165.0,261.0,3660.0,6078.0,False,False
006208,2022-10-26 10:08:04.876759,0.0,-0.0026833631484793896,0.0,-0.14999999999999858,55.75,55.85,55.85,55.9,165.0,261.0,3760.0,6078.0,True,True
006208,2022-10-26 10:08:05.791956,0.0,-0.0026833631484793896,0.0,-0.14999999999999858,55.75,55.85,55.85,55.9,165.0,261.0,3760.0,6078.0,False,False
006208,2022-10-26 10:08:05.832679,0.0,-0.0026833631484793896,0.0,-0.14999999999999858,55.75,55.85,55.85,55.9,165.0,161.0,3760.0,6078.0,False,False
006208,2022-10-26 10:08:05.949745,0.0,-0.0026833631484793896,0.0,-0.14999999999999858,55.75,55.85,55.85,55.9,165.0,161.0,3760.0,6078.0,False,False
006208,2022-10-26 10:08:06.832622,0.0,-0.0026833631484793896,0.0,-0.14999999999999858,55.75,55.85,55.85,55.9,165.0,261.0,3760.0,6078.0,False,False
006208,2022-10-26 10:08:06.884345,0.0,-0.0026833631484793896,0.0,-0.14999999999999858,55.75,55.85,55.85,55.9,165.0,261.0,3760.0,6078.0,False,False
006208,2022-10-26 10:08:06.889734,0.0,-0.0026833631484793896,0.0,-0.14999999999999858,55.75,55.85,55.85,55.9,165.0,261.0,3760.0,6078.0,False,False
006208,2022-10-26 10:08:07.290901,0.0,-0.0026833631484793896,0.0,-0.14999999999999858,55.75,55.85,55.85,55.9,165.0,261.0,3760.0,6078.0,False,False
006208,2022-10-26 10:08:07.296327,0.0,-0.0026833631484793896,0.0,-0.14999999999999858,55.75,55.85,55.85,55.9,165.0,261.0,3760.0,6078.0,False,False
006208,2022-10-26 10:08:07.444062,0.0,-0.0026833631484793896,0.0,-0.14999999999999858,55.75,55.85,55.85,55.9,165.0,261.0,3760.0,6078.0,False,False
006208,2022-10-26 10:08:07.956103,0.0,-0.0026833631484793896,0.0,-0.14999999999999858,55.75,55.85,55.85,55.9,165.0,261.0,3760.0,6078.0,False,False
006208,2022-10-26 10:08:09.178498,0.0,-0.0026833631484793896,0.0,-0.14999999999999858,55.75,55.85,55.85,55.9,165.0,261.0,3760.0,6078.0,False,False
006208,2022-10-26 10:08:10.363829,0.0,-0.0026833631484793896,0.0,-0.14999999999999858,55.75,55.85,55.85,55.9,165.0,260.0,3760.0,6078.0,False,False
006208,2022-10-26 10:08:12.970814,0.0,-0.0026833631484793896,0.0,-0.14999999999999858,55.75,55.85,55.85,55.9,165.0,259.0,3760.0,6078.0,False,False
006208,2022-10-26 10:08:13.024010,0.0,-0.0026833631484793896,0.0,-0.14999999999999858,55.75,55.85,55.85,55.9,165.0,259.0,3760.0,6078.0,False,False
006208,2022-10-26 10:08:14.907884,0.0,-0.0026833631484793896,0.0,-0.14999999999999858,55.75,55.85,55.85,55.9,165.0,259.0,3510.0,5618.0,True,True
006208,2022-10-26 10:08:15.245255,0.0,-0.0026833631484793896,0.0,-0.14999999999999858,55.75,55.85,55.85,55.9,167.0,259.0,3510.0,5618.0,False,False
006208,2022-10-26 10:08:17.410811,0.0,-0.0026833631484793896,0.0,-0.14999999999999858,55.75,55.85,55.85,55.9,167.0,259.0,3510.0,5618.0,False,False
006208,2022-10-26 10:08:17.421087,0.0,-0.0026833631484793896,0.0,-0.14999999999999858,55.75,55.85,55.85,55.9,167.0,259.0,3510.0,5618.0,False,False
006208,2022-10-26 10:08:17.544074,0.0,-0.0026833631484793896,0.0,-0.14999999999999858,55.75,55.85,55.85,55.9,167.0,259.0,3510.0,5618.0,False,False
006208,2022-10-26 10:08:20.359037,0.0,-0.0026833631484793896,0.0,-0.14999999999999858,55.75,55.85,55.85,55.9,167.0,258.0,3510.0,5618.0,False,False
006208,2022-10-26 10:08:24.065357,0.0,-0.0026833631484793896,0.0,-0.14999999999999858,55.75,55.85,55.85,55.9,167.0,258.0,3510.0,5618.0,False,False
006208,2022-10-26 10:08:24.153485,0.0,-0.0026833631484793896,0.0,-0.14999999999999858,55.75,55.85,55.85,55.9,167.0,258.0,3510.0,5618.0,False,False
006208,2022-10-26 10:08:25.563284,0.0,-0.0026833631484793896,0.0,-0.14999999999999858,55.75,55.85,55.85,55.9,165.0,258.0,3510.0,5618.0,False,False
006208,2022-10-26 10:08:27.528332,0.0,-0.0026833631484793896,0.0,-0.14999999999999858,55.75,55.85,55.85,55.9,165.0,258.0,3510.0,5618.0,False,False
006208,2022-10-26 10:08:27.533582,0.0,-0.0026833631484793896,0.0,-0.14999999999999858,55.75,55.85,55.85,55.9,165.0,258.0,3510.0,5618.0,False,False
006208,2022-10-26 10:08:27.663305,0.0,-0.0026833631484793896,0.0,-0.14999999999999858,55.75,55.85,55.85,55.9,165.0,258.0,3510.0,5618.0,False,False
006208,2022-10-26 10:08:29.079445,0.0,-0.0026833631484793896,0.0,-0.14999999999999858,55.75,55.85,55.85,55.9,165.0,258.0,3510.0,5618.0,False,False
006208,2022-10-26 10:08:29.085265,0.0,-0.0026833631484793896,0.0,-0.14999999999999858,55.75,55.85,55.85,55.9,165.0,258.0,3510.0,5618.0,False,False
006208,2022-10-26 10:08:29.387376,0.0,-0.0026833631484793896,0.0,-0.14999999999999858,55.75,55.85,55.85,55.9,165.0,258.0,3510.0,5618.0,False,False
006208,2022-10-26 10:08:29.408150,0.0,-0.0026833631484793896,0.0,-0.14999999999999858,55.75,55.85,55.85,55.9,164.0,258.0,3510.0,5618.0,False,False
006208,2022-10-26 10:08:29.566686,0.0,-0.0026833631484793896,0.0,-0.14999999999999858,55.75,55.85,55.85,55.9,164.0,258.0,3510.0,5618.0,False,False
006208,2022-10-26 10:08:33.702544,0.0,-0.0026833631484793896,0.0,-0.14999999999999858,55.75,55.85,55.85,55.9,164.0,257.0,3510.0,5618.0,False,False
006208,2022-10-26 10:08:34.104950,0.0,-0.0026833631484793896,0.0,-0.14999999999999858,55.75,55.85,55.85,55.9,164.0,257.0,3510.0,5618.0,False,False
006208,2022-10-26 10:08:34.104995,0.0,-0.0026833631484793896,0.0,-0.14999999999999858,55.75,55.85,55.85,55.9,164.0,257.0,3510.0,5618.0,False,False
006208,2022-10-26 10:08:34.306437,0.0,-0.0026833631484793896,0.0,-0.14999999999999858,55.75,55.85,55.85,55.9,164.0,257.0,3510.0,5618.0,False,False
006208,2022-10-26 10:08:34.357361,0.0,-0.0026833631484793896,0.0,-0.14999999999999858,55.75,55.85,55.85,55.9,164.0,257.0,3510.0,5618.0,False,False
006208,2022-10-26 10:08:34.414678,0.0,-0.0026833631484793896,0.0,-0.14999999999999858,55.75,55.85,55.85,55.9,164.0,257.0,3510.0,5618.0,False,False
006208,2022-10-26 10:08:34.766361,0.0,-0.0026833631484793896,0.0,-0.14999999999999858,55.75,55.85,55.85,55.9,164.0,257.0,3510.0,5618.0,False,False
006208,2022-10-26 10:08:34.775702,0.0,-0.0026833631484793896,0.0,-0.14999999999999858,55.75,55.85,55.85,55.9,164.0,257.0,3510.0,5618.0,False,False
006208,2022-10-26 10:08:34.973662,0.0,-0.0026833631484793896,0.0,-0.14999999999999858,55.75,55.85,55.85,55.9,164.0,257.0,3510.0,5577.0,True,True
006208,2022-10-26 10:08:35.947321,0.0,-0.0026833631484793896,0.0,-0.14999999999999858,55.75,55.85,55.85,55.9,164.0,257.0,3510.0,5577.0,False,False
006208,2022-10-26 10:08:35.947476,0.0,-0.0026833631484793896,0.0,-0.14999999999999858,55.75,55.85,55.85,55.9,164.0,257.0,3510.0,5577.0,False,False
006208,2022-10-26 10:08:36.410241,0.0,-0.0026833631484793896,0.0,-0.14999999999999858,55.75,55.85,55.85,55.9,164.0,257.0,3510.0,5577.0,False,False
006208,2022-10-26 10:08:36.498405,0.0,-0.0026833631484793896,0.0,-0.14999999999999858,55.75,55.85,55.85,55.9,164.0,257.0,3510.0,5577.0,False,False
006208,2022-10-26 10:08:36.512041,0.0,-0.0026833631484793896,0.0,-0.14999999999999858,55.75,55.85,55.85,55.9,164.0,257.0,3510.0,5577.0,False,False
006208,2022-10-26 10:08:37.648163,0.0,-0.0026833631484793896,0.0,-0.14999999999999858,55.75,55.85,55.85,55.9,164.0,257.0,3510.0,5577.0,False,False
006208,2022-10-26 10:08:37.656589,0.0,-0.0026833631484793896,0.0,-0.14999999999999858,55.75,55.85,55.85,55.9,164.0,257.0,3510.0,5577.0,False,False
006208,2022-10-26 10:08:37.785715,0.0,-0.0026833631484793896,0.0,-0.14999999999999858,55.75,55.85,55.85,55.9,164.0,257.0,3510.0,5577.0,False,False
006208,2022-10-26 10:08:39.592728,0.0,-0.0026833631484793896,0.0,-0.14999999999999858,55.75,55.85,55.85,55.9,164.0,257.0,3510.0,5577.0,False,False
006208,2022-10-26 10:08:39.599717,0.0,-0.0026833631484793896,0.0,-0.14999999999999858,55.75,55.85,55.85,55.9,164.0,257.0,3510.0,5577.0,False,False
006208,2022-10-26 10:08:40.145635,0.0,-0.0026833631484793896,0.0,-0.14999999999999858,55.75,55.85,55.85,55.9,164.0,257.0,3510.0,5577.0,False,False
006208,2022-10-26 10:08:40.155386,0.0,-0.0026833631484793896,0.0,-0.14999999999999858,55.75,55.85,55.85,55.9,164.0,257.0,3510.0,5577.0,False,False
006208,2022-10-26 10:08:40.333539,0.0,-0.0026833631484793896,0.0,-0.14999999999999858,55.75,55.85,55.85,55.9,164.0,256.0,3510.0,5577.0,False,False
006208,2022-10-26 10:08:42.495503,0.0,-0.0026833631484793896,0.0,-0.14999999999999858,55.75,55.85,55.85,55.9,164.0,256.0,3510.0,5577.0,False,False
006208,2022-10-26 10:08:42.535545,0.0,-0.0026833631484793896,0.0,-0.14999999999999858,55.75,55.85,55.85,55.9,164.0,156.0,3510.0,5577.0,False,False
006208,2022-10-26 10:08:42.675346,0.0,-0.0026833631484793896,0.0,-0.14999999999999858,55.75,55.85,55.85,55.9,164.0,156.0,3510.0,5577.0,False,False
006208,2022-10-26 10:08:43.535383,0.0,-0.0026833631484793896,0.0,-0.14999999999999858,55.75,55.85,55.85,55.9,264.0,156.0,3510.0,5577.0,False,False
006208,2022-10-26 10:08:43.598022,0.0,-0.0026833631484793896,0.0,-0.14999999999999858,55.75,55.85,55.85,55.9,264.0,156.0,3510.0,5577.0,False,False
006208,2022-10-26 10:08:44.011385,0.0,-0.0026833631484793896,0.0,-0.14999999999999858,55.75,55.85,55.85,55.9,264.0,155.0,3510.0,5577.0,False,False
006208,2022-10-26 10:08:44.074021,0.0,-0.0026833631484793896,0.0,-0.14999999999999858,55.75,55.85,55.85,55.9,264.0,155.0,3510.0,5577.0,False,False
006208,2022-10-26 10:08:44.074182,0.0,-0.0026833631484793896,0.0,-0.14999999999999858,55.75,55.85,55.85,55.9,264.0,155.0,3510.0,5577.0,False,False
006208,2022-10-26 10:08:44.134103,0.0,-0.0026833631484793896,0.0,-0.14999999999999858,55.75,55.85,55.85,55.9,264.0,155.0,3510.0,5577.0,False,False
006208,2022-10-26 10:08:45.004819,0.0,-0.0026833631484793896,0.0,-0.14999999999999858,55.75,55.85,55.85,55.9,264.0,155.0,3510.0,5387.0,True,True
006208,2022-10-26 10:08:45.945930,0.0,-0.0026833631484793896,0.0,-0.14999999999999858,55.75,55.85,55.85,55.9,264.0,154.0,3510.0,5387.0,False,False
006208,2022-10-26 10:08:47.764191,0.0,-0.0026833631484793896,0.0,-0.14999999999999858,55.75,55.85,55.85,55.9,264.0,154.0,3510.0,5387.0,False,False
006208,2022-10-26 10:08:47.768442,0.0,-0.0026833631484793896,0.0,-0.14999999999999858,55.75,55.85,55.85,55.9,264.0,154.0,3510.0,5387.0,False,False
006208,2022-10-26 10:08:47.903205,0.0,-0.0026833631484793896,0.0,-0.14999999999999858,55.75,55.85,55.85,55.9,264.0,154.0,3510.0,5387.0,False,False
006208,2022-10-26 10:08:48.850534,0.0,-0.0026833631484793896,0.0,-0.14999999999999858,55.75,55.85,55.85,55.9,264.0,154.0,3510.0,5387.0,False,False
006208,2022-10-26 10:08:48.869231,0.0,-0.0026833631484793896,0.0,-0.14999999999999858,55.75,55.85,55.85,55.9,164.0,154.0,3510.0,5387.0,False,False
006208,2022-10-26 10:08:48.962524,0.0,-0.0026833631484793896,0.0,-0.14999999999999858,55.75,55.85,55.85,55.9,164.0,154.0,3510.0,5387.0,False,False
006208,2022-10-26 10:08:49.060727,0.0,-0.0026833631484793896,0.0,-0.14999999999999858,55.75,55.85,55.85,55.9,164.0,154.0,3510.0,5387.0,False,False
006208,2022-10-26 10:08:49.868891,0.0,-0.0026833631484793896,0.0,-0.14999999999999858,55.75,55.85,55.85,55.9,164.0,254.0,3510.0,5387.0,False,False
006208,2022-10-26 10:08:49.945170,0.0,-0.0026833631484793896,0.0,-0.14999999999999858,55.75,55.85,55.85,55.9,164.0,254.0,3510.0,5387.0,False,False
006208,2022-10-26 10:08:50.328690,0.0,-0.0026833631484793896,0.0,-0.14999999999999858,55.75,55.85,55.85,55.9,164.0,253.0,3510.0,5387.0,False,False
006208,2022-10-26 10:08:50.815562,0.0,-0.0026833631484793896,0.0,-0.14999999999999858,55.75,55.85,55.85,55.9,164.0,253.0,3510.0,5387.0,False,False
006208,2022-10-26 10:08:51.390278,0.0,-0.0026833631484793896,0.0,-0.14999999999999858,55.75,55.85,55.85,55.9,164.0,253.0,3510.0,5387.0,False,False
006208,2022-10-26 10:08:52.010121,0.0,-0.0026833631484793896,0.0,-0.14999999999999858,55.75,55.85,55.85,55.9,164.0,253.0,3510.0,5387.0,False,False
006208,2022-10-26 10:08:52.010271,0.0,-0.0026833631484793896,0.0,-0.14999999999999858,55.75,55.85,55.85,55.9,164.0,253.0,3510.0,5387.0,False,False
006208,2022-10-26 10:08:52.932026,0.0,-0.0026833631484793896,0.0,-0.14999999999999858,55.75,55.85,55.85,55.9,164.0,253.0,3510.0,5387.0,False,False
006208,2022-10-26 10:08:52.932045,0.0,-0.0026833631484793896,0.0,-0.14999999999999858,55.75,55.85,55.85,55.9,164.0,253.0,3510.0,5387.0,False,False
006208,2022-10-26 10:08:54.260500,0.0,-0.0026833631484793896,0.0,-0.14999999999999858,55.75,55.85,55.85,55.9,164.0,253.0,3510.0,5387.0,False,False
006208,2022-10-26 10:08:54.260743,0.0,-0.0026833631484793896,0.0,-0.14999999999999858,55.75,55.85,55.85,55.9,164.0,253.0,3510.0,5387.0,False,False
006208,2022-10-26 10:08:54.610911,0.0,-0.0026833631484793896,0.0,-0.14999999999999858,55.75,55.85,55.85,55.9,164.0,253.0,3510.0,5387.0,False,False
006208,2022-10-26 10:08:54.616367,0.0,-0.0026833631484793896,0.0,-0.14999999999999858,55.75,55.85,55.85,55.9,164.0,253.0,3510.0,5387.0,False,False
006208,2022-10-26 10:08:54.621485,0.0,-0.0026833631484793896,0.0,-0.14999999999999858,55.75,55.85,55.85,55.9,164.0,253.0,3510.0,5387.0,False,False
006208,2022-10-26 10:08:55.037518,0.0,-0.0026833631484793896,0.0,-0.14999999999999858,55.75,55.85,55.85,55.9,164.0,253.0,3510.0,5367.0,True,True
006208,2022-10-26 10:08:56.316511,0.0,-0.0026833631484793896,0.0,-0.14999999999999858,55.75,55.85,55.85,55.9,164.0,252.0,3510.0,5367.0,False,False
006208,2022-10-26 10:08:57.882909,0.0,-0.0026833631484793896,0.0,-0.14999999999999858,55.75,55.85,55.85,55.9,164.0,252.0,3510.0,5367.0,False,False
006208,2022-10-26 10:08:57.985005,0.0,-0.0026833631484793896,0.0,-0.14999999999999858,55.75,55.85,55.85,55.9,164.0,252.0,3510.0,5367.0,False,False
006208,2022-10-26 10:08:58.031087,0.0,-0.0026833631484793896,0.0,-0.14999999999999858,55.75,55.85,55.85,55.9,164.0,252.0,3510.0,5367.0,False,False
006208,2022-10-26 10:08:58.924450,0.0,-0.0026833631484793896,0.0,-0.14999999999999858,55.75,55.85,55.85,55.9,164.0,252.0,3510.0,5367.0,False,False
006208,2022-10-26 10:08:58.929467,0.0,-0.0026833631484793896,0.0,-0.14999999999999858,55.75,55.85,55.85,55.9,164.0,252.0,3510.0,5367.0,False,False
006208,2022-10-26 10:08:59.321072,0.0,-0.0026833631484793896,0.0,-0.14999999999999858,55.75,55.85,55.85,55.9,164.0,252.0,3510.0,5367.0,False,False
006208,2022-10-26 10:09:00.386164,0.0,-0.0026833631484793896,0.0,-0.14999999999999858,55.75,55.85,55.85,55.9,164.0,251.0,3510.0,5367.0,False,False
006208,2022-10-26 10:09:00.411038,0.0,-0.0026833631484793896,0.0,-0.14999999999999858,55.75,55.85,55.85,55.9,164.0,151.0,3510.0,5367.0,False,False
006208,2022-10-26 10:09:00.470522,0.0,-0.0026833631484793896,0.0,-0.14999999999999858,55.75,55.85,55.85,55.9,164.0,151.0,3510.0,5367.0,False,False
006208,2022-10-26 10:09:00.487930,0.0,-0.0026833631484793896,0.0,-0.14999999999999858,55.75,55.85,55.85,55.9,164.0,151.0,3510.0,5367.0,False,False
006208,2022-10-26 10:09:01.410686,0.0,-0.0026833631484793896,0.0,-0.14999999999999858,55.75,55.85,55.85,55.9,264.0,151.0,3510.0,5367.0,False,False
006208,2022-10-26 10:09:01.485497,0.0,-0.0026833631484793896,0.0,-0.14999999999999858,55.75,55.85,55.85,55.9,264.0,151.0,3510.0,5367.0,False,False
006208,2022-10-26 10:09:01.540662,0.0,-0.0026833631484793896,0.0,-0.14999999999999858,55.75,55.85,55.85,55.9,264.0,151.0,3510.0,5367.0,False,False
006208,2022-10-26 10:09:01.630561,0.0,-0.0026833631484793896,0.0,-0.14999999999999858,55.75,55.85,55.85,55.9,264.0,151.0,3510.0,5367.0,False,False
006208,2022-10-26 10:09:02.937327,0.0,-0.0026833631484793896,0.0,-0.14999999999999858,55.75,55.85,55.85,55.9,264.0,151.0,3510.0,5367.0,False,False
006208,2022-10-26 10:09:02.938011,0.0,-0.0026833631484793896,0.0,-0.14999999999999858,55.75,55.85,55.85,55.9,339.0,151.0,3510.0,5367.0,False,False
006208,2022-10-26 10:09:05.071287,0.0,-0.0026833631484793896,0.0,-0.14999999999999858,55.75,55.85,55.85,55.9,339.0,151.0,3710.0,5367.0,True,True
006208,2022-10-26 10:09:08.003110,0.0,-0.0026833631484793896,0.0,-0.14999999999999858,55.75,55.85,55.85,55.9,339.0,151.0,3710.0,5367.0,False,False
006208,2022-10-26 10:09:08.007204,0.0,-0.0026833631484793896,0.0,-0.14999999999999858,55.75,55.85,55.85,55.9,339.0,151.0,3710.0,5367.0,False,False
006208,2022-10-26 10:09:08.138634,0.0,-0.0026833631484793896,0.0,-0.14999999999999858,55.75,55.85,55.85,55.9,339.0,151.0,3710.0,5367.0,False,False
006208,2022-10-26 10:09:10.303303,0.0,-0.0026833631484793896,0.0,-0.14999999999999858,55.75,55.85,55.85,55.9,339.0,150.0,3710.0,5367.0,False,False
006208,2022-10-26 10:09:10.328836,0.0,-0.0026833631484793896,0.0,-0.14999999999999858,55.75,55.85,55.85,55.9,239.0,150.0,3710.0,5367.0,False,False
006208,2022-10-26 10:09:11.329143,0.0,-0.0026833631484793896,0.0,-0.14999999999999858,55.75,55.85,55.85,55.9,339.0,150.0,3710.0,5367.0,False,False
006208,2022-10-26 10:09:14.376085,0.0,-0.0026833631484793896,0.0,-0.14999999999999858,55.75,55.85,55.85,55.9,339.0,75.0,3710.0,5367.0,False,False
006208,2022-10-26 10:09:14.376321,0.0,-0.0026833631484793896,0.0,-0.14999999999999858,55.75,55.85,55.85,55.9,339.0,75.0,3710.0,5367.0,False,False
006208,2022-10-26 10:09:18.118113,0.0,-0.0026833631484793896,0.0,-0.14999999999999858,55.75,55.85,55.85,55.9,339.0,75.0,3710.0,5367.0,False,False
006208,2022-10-26 10:09:18.130138,0.0,-0.0026833631484793896,0.0,-0.14999999999999858,55.75,55.85,55.85,55.9,339.0,75.0,3710.0,5367.0,False,False
006208,2022-10-26 10:09:18.251694,0.0,-0.0026833631484793896,0.0,-0.14999999999999858,55.75,55.85,55.85,55.9,339.0,75.0,3710.0,5367.0,False,False
006208,2022-10-26 10:09:19.864278,0.0,-0.0026833631484793896,0.0,-0.14999999999999858,55.75,55.85,55.85,55.9,337.0,75.0,3710.0,5367.0,False,False
006208,2022-10-26 10:09:19.927392,0.0,-0.0026833631484793896,0.0,-0.14999999999999858,55.75,55.85,55.85,55.9,337.0,74.0,3710.0,5367.0,False,False
006208,2022-10-26 10:09:20.329270,0.0,-0.0026833631484793896,0.0,-0.14999999999999858,55.75,55.85,55.85,55.9,337.0,73.0,3710.0,5367.0,False,False
006208,2022-10-26 10:09:24.843781,0.0,-0.0026833631484793896,0.0,-0.14999999999999858,55.75,55.85,55.85,55.9,337.0,71.0,3710.0,5367.0,False,False
006208,2022-10-26 10:09:25.145800,0.0,-0.0026833631484793896,0.0,-0.14999999999999858,55.75,55.85,55.85,55.9,337.0,71.0,3730.0,5363.0,True,True
006208,2022-10-26 10:09:27.395549,0.0,-0.0026833631484793896,0.0,-0.14999999999999858,55.75,55.85,55.85,55.9,337.0,70.0,3730.0,5363.0,False,False
006208,2022-10-26 10:09:28.235744,0.0,-0.0026833631484793896,0.0,-0.14999999999999858,55.75,55.85,55.85,55.9,337.0,70.0,3730.0,5363.0,False,False
006208,2022-10-26 10:09:28.238575,0.0,-0.0026833631484793896,0.0,-0.14999999999999858,55.75,55.85,55.85,55.9,337.0,70.0,3730.0,5363.0,False,False
006208,2022-10-26 10:09:28.371099,0.0,-0.0026833631484793896,0.0,-0.14999999999999858,55.75,55.85,55.85,55.9,337.0,70.0,3730.0,5363.0,False,False
006208,2022-10-26 10:09:30.308809,0.0,-0.0026833631484793896,0.0,-0.14999999999999858,55.75,55.85,55.85,55.9,337.0,69.0,3730.0,5363.0,False,False
006208,2022-10-26 10:09:32.383664,0.0,-0.0026833631484793896,0.0,-0.14999999999999858,55.75,55.85,55.85,55.9,337.0,69.0,3730.0,5363.0,False,False
006208,2022-10-26 10:09:32.386580,0.0,-0.0026833631484793896,0.0,-0.14999999999999858,55.75,55.85,55.85,55.9,337.0,69.0,3730.0,5363.0,False,False
006208,2022-10-26 10:09:33.714586,0.0,-0.0026833631484793896,0.0,-0.14999999999999858,55.75,55.85,55.85,55.9,337.0,69.0,3730.0,5363.0,False,False
006208,2022-10-26 10:09:33.727404,0.0,-0.0026833631484793896,0.0,-0.14999999999999858,55.75,55.85,55.85,55.9,337.0,69.0,3730.0,5363.0,False,False
006208,2022-10-26 10:09:35.171813,0.0,-0.0026833631484793896,0.0,-0.14999999999999858,55.75,55.85,55.85,55.9,337.0,69.0,3820.0,5338.0,True,True
006208,2022-10-26 10:09:38.349522,0.0,-0.0026833631484793896,0.0,-0.14999999999999858,55.75,55.85,55.85,55.9,337.0,69.0,3820.0,5338.0,False,False
006208,2022-10-26 10:09:38.356914,0.0,-0.0026833631484793896,0.0,-0.14999999999999858,55.75,55.85,55.85,55.9,337.0,69.0,3820.0,5338.0,False,False
006208,2022-10-26 10:09:38.495415,0.0,-0.0026833631484793896,0.0,-0.14999999999999858,55.75,55.85,55.85,55.9,337.0,69.0,3820.0,5338.0,False,False
006208,2022-10-26 10:09:40.908740,0.0,-0.0026833631484793896,0.0,-0.14999999999999858,55.75,55.85,55.85,55.9,337.0,69.0,3820.0,5338.0,False,False
006208,2022-10-26 10:09:40.908904,0.0,-0.0026833631484793896,0.0,-0.14999999999999858,55.75,55.85,55.85,55.9,337.0,69.0,3820.0,5338.0,False,False
006208,2022-10-26 10:09:41.887371,0.0,-0.0026833631484793896,0.0,-0.14999999999999858,55.75,55.85,55.85,55.9,337.0,69.0,3820.0,5338.0,False,False
006208,2022-10-26 10:09:41.887456,0.0,-0.0026833631484793896,0.0,-0.14999999999999858,55.75,55.85,55.85,55.9,337.0,69.0,3820.0,5338.0,False,False
006208,2022-10-26 10:09:42.267065,0.0,-0.0026833631484793896,0.0,-0.14999999999999858,55.75,55.85,55.85,55.9,337.0,69.0,3820.0,5338.0,False,False
006208,2022-10-26 10:09:43.623986,0.0,-0.0026833631484793896,0.0,-0.14999999999999858,55.75,55.85,55.85,55.9,337.0,69.0,3820.0,5338.0,False,False
006208,2022-10-26 10:09:44.386742,0.0,-0.0026833631484793896,0.0,-0.14999999999999858,55.75,55.85,55.85,55.9,337.0,69.0,3820.0,5338.0,False,False
006208,2022-10-26 10:09:45.202951,0.0,-0.0026833631484793896,0.0,-0.14999999999999858,55.75,55.85,55.85,55.9,337.0,69.0,3820.0,5238.0,True,True
006208,2022-10-26 10:09:45.250408,0.0,-0.0026833631484793896,0.0,-0.14999999999999858,55.75,55.85,55.85,55.9,337.0,69.0,3820.0,5238.0,False,False
006208,2022-10-26 10:09:45.614609,0.0,-0.0026833631484793896,0.0,-0.14999999999999858,55.75,55.85,55.85,55.9,337.0,69.0,3820.0,5238.0,False,False
006208,2022-10-26 10:09:45.614830,0.0,-0.0026833631484793896,0.0,-0.14999999999999858,55.75,55.85,55.85,55.9,337.0,69.0,3820.0,5238.0,False,False
006208,2022-10-26 10:09:46.110113,0.0,-0.0026833631484793896,0.0,-0.14999999999999858,55.75,55.85,55.85,55.9,262.0,69.0,3820.0,5238.0,False,False
006208,2022-10-26 10:09:46.205761,0.0,-0.0017889087656529634,0.0,-0.10000000000000142,55.8,55.85,55.85,55.9,75.0,69.0,3820.0,5238.0,False,False
006208,2022-10-26 10:09:46.427096,0.0,-0.0017889087656529634,0.0,-0.10000000000000142,55.8,55.85,55.85,55.9,75.0,69.0,3820.0,5238.0,False,False
006208,2022-10-26 10:09:46.427198,0.0,-0.0017889087656529634,0.0,-0.10000000000000142,55.8,55.85,55.85,55.9,75.0,69.0,3820.0,5238.0,False,False
006208,2022-10-26 10:09:46.551317,0.0,-0.0017889087656529634,0.0,-0.10000000000000142,55.8,55.85,55.85,55.9,75.0,69.0,3820.0,5238.0,False,False
006208,2022-10-26 10:09:46.949030,0.0,-0.0017889087656529634,0.0,-0.10000000000000142,55.8,55.85,55.85,55.9,75.0,69.0,3820.0,5238.0,False,False
006208,2022-10-26 10:09:46.955700,0.0,-0.0017889087656529634,0.0,-0.10000000000000142,55.8,55.85,55.85,55.9,75.0,69.0,3820.0,5238.0,False,False
006208,2022-10-26 10:09:47.128676,0.0,-0.0017889087656529634,0.0,-0.10000000000000142,55.8,55.85,55.85,55.9,75.0,69.0,3820.0,5238.0,False,False
006208,2022-10-26 10:09:47.128710,0.0,-0.0017889087656529634,0.0,-0.10000000000000142,55.8,55.85,55.85,55.9,175.0,69.0,3820.0,5238.0,False,False
006208,2022-10-26 10:09:48.208332,0.0,-0.0017889087656529634,0.0,-0.10000000000000142,55.8,55.85,55.85,55.9,175.0,69.0,3820.0,5238.0,False,False
006208,2022-10-26 10:09:48.246280,0.0,-0.0017889087656529634,0.0,-0.10000000000000142,55.8,55.85,55.85,55.9,175.0,69.0,3820.0,5238.0,False,False
006208,2022-10-26 10:09:48.357382,0.0,-0.0017889087656529634,0.0,-0.10000000000000142,55.8,55.85,55.85,55.9,175.0,69.0,3820.0,5238.0,False,False
006208,2022-10-26 10:09:48.910652,0.0,-0.0017889087656529634,0.0,-0.10000000000000142,55.8,55.85,55.85,55.9,175.0,69.0,3820.0,5238.0,False,False
006208,2022-10-26 10:09:48.910686,0.0,-0.0017889087656529634,0.0,-0.10000000000000142,55.8,55.85,55.85,55.9,175.0,69.0,3820.0,5238.0,False,False
006208,2022-10-26 10:09:49.039933,0.0,-0.0017889087656529634,0.0,-0.10000000000000142,55.8,55.85,55.85,55.9,175.0,69.0,3820.0,5238.0,False,False
006208,2022-10-26 10:09:49.603351,0.0,-0.0017889087656529634,0.0,-0.10000000000000142,55.8,55.85,55.85,55.9,175.0,69.0,3820.0,5238.0,False,False
006208,2022-10-26 10:09:49.617508,0.0,-0.0017889087656529634,0.0,-0.10000000000000142,55.8,55.85,55.85,55.9,175.0,69.0,3820.0,5238.0,False,False
006208,2022-10-26 10:09:49.813962,0.0,-0.0017889087656529634,0.0,-0.10000000000000142,55.8,55.85,55.85,55.9,175.0,69.0,3820.0,5238.0,False,False
006208,2022-10-26 10:09:49.933773,0.0,-0.0017889087656529634,0.0,-0.10000000000000142,55.8,55.85,55.85,55.9,175.0,69.0,3820.0,5238.0,False,False
006208,2022-10-26 10:09:50.053446,0.0,-0.0017889087656529634,0.0,-0.10000000000000142,55.8,55.85,55.85,55.9,175.0,69.0,3820.0,5238.0,False,False
006208,2022-10-26 10:09:50.184543,0.0,-0.0017889087656529634,0.0,-0.10000000000000142,55.8,55.85,55.85,55.9,175.0,69.0,3820.0,5238.0,False,False
006208,2022-10-26 10:09:50.298936,0.0,-0.0017889087656529634,0.0,-0.10000000000000142,55.8,55.85,55.85,55.9,175.0,68.0,3820.0,5238.0,False,False
006208,2022-10-26 10:09:50.379213,0.0,-0.0017889087656529634,0.0,-0.10000000000000142,55.8,55.85,55.85,55.9,175.0,68.0,3820.0,5238.0,False,False
006208,2022-10-26 10:09:50.379375,0.0,-0.0017889087656529634,0.0,-0.10000000000000142,55.8,55.85,55.85,55.9,175.0,68.0,3820.0,5238.0,False,False
006208,2022-10-26 10:09:51.610440,0.0,-0.0017889087656529634,0.0,-0.10000000000000142,55.8,55.85,55.85,55.9,175.0,18.0,3820.0,5238.0,False,False
006208,2022-10-26 10:09:51.741340,0.0,-0.0017889087656529634,0.0,-0.10000000000000142,55.8,55.85,55.85,55.9,175.0,18.0,3820.0,5238.0,False,False
006208,2022-10-26 10:09:52.933751,0.0,-0.0017889087656529634,0.0,-0.10000000000000142,55.8,55.85,55.85,55.9,175.0,17.0,3820.0,5238.0,False,False
006208,2022-10-26 10:09:52.963707,0.0,-0.0017889087656529634,0.0,-0.10000000000000142,55.8,55.85,55.85,55.9,75.0,17.0,3820.0,5238.0,False,False
006208,2022-10-26 10:09:53.973945,0.0,-0.0017889087656529634,0.0,-0.10000000000000142,55.8,55.85,55.85,55.9,75.0,17.0,3820.0,5238.0,False,False
006208,2022-10-26 10:09:54.292133,0.0,-0.0026833631484793896,0.0,-0.14999999999999858,55.75,55.85,55.85,55.9,336.0,17.0,3820.0,5238.0,False,False
006208,2022-10-26 10:09:54.363900,0.0,-0.0026833631484793896,0.0,-0.14999999999999858,55.75,55.85,55.85,55.9,411.0,17.0,3820.0,5238.0,False,False
006208,2022-10-26 10:09:54.429001,0.0,-0.0026833631484793896,0.0,-0.14999999999999858,55.75,55.85,55.85,55.9,371.0,17.0,3820.0,5238.0,False,False
006208,2022-10-26 10:09:54.612962,0.0,-0.0026833631484793896,0.0,-0.14999999999999858,55.75,55.85,55.85,55.9,371.0,17.0,3820.0,5238.0,False,False
006208,2022-10-26 10:09:55.274914,0.0,-0.0026833631484793896,0.0,-0.14999999999999858,55.75,55.85,55.85,55.9,371.0,17.0,3820.0,5201.0,True,True
006208,2022-10-26 10:09:56.624817,0.0,-0.0026833631484793896,0.0,-0.14999999999999858,55.75,55.85,55.85,55.9,371.0,17.0,3820.0,5201.0,False,False
006208,2022-10-26 10:09:56.625038,0.0,-0.0026833631484793896,0.0,-0.14999999999999858,55.75,55.85,55.85,55.9,371.0,17.0,3820.0,5201.0,False,False
006208,2022-10-26 10:09:57.199440,0.0,-0.0026833631484793896,0.0,-0.14999999999999858,55.75,55.85,55.85,55.9,371.0,17.0,3820.0,5201.0,False,False
006208,2022-10-26 10:09:57.254091,0.0,-0.0026833631484793896,0.0,-0.14999999999999858,55.75,55.85,55.85,55.9,337.0,17.0,3820.0,5201.0,False,False
006208,2022-10-26 10:09:57.272216,0.0,-0.0026833631484793896,0.0,-0.14999999999999858,55.75,55.85,55.85,55.9,337.0,17.0,3820.0,5201.0,False,False
006208,2022-10-26 10:09:57.416846,0.0,-0.0026833631484793896,0.0,-0.14999999999999858,55.75,55.85,55.85,55.9,337.0,17.0,3820.0,5201.0,False,False
006208,2022-10-26 10:09:58.801656,0.0,-0.0026833631484793896,0.0,-0.14999999999999858,55.75,55.85,55.85,55.9,337.0,17.0,3820.0,5201.0,False,False
006208,2022-10-26 10:10:00.364342,0.0,-0.0026833631484793896,0.0,-0.14999999999999858,55.75,55.85,55.85,55.9,337.0,16.0,3820.0,5201.0,False,False
006208,2022-10-26 10:10:00.468814,0.0,-0.0026833631484793896,0.0,-0.14999999999999858,55.75,55.85,55.85,55.9,337.0,16.0,3820.0,5201.0,False,False
006208,2022-10-26 10:10:00.473302,0.0,-0.0026833631484793896,0.0,-0.14999999999999858,55.75,55.85,55.85,55.9,337.0,16.0,3820.0,5201.0,False,False
006208,2022-10-26 10:10:00.636584,0.0,-0.0026833631484793896,0.0,-0.14999999999999858,55.75,55.85,55.85,55.9,337.0,16.0,3820.0,5201.0,False,False
006208,2022-10-26 10:10:01.178235,0.0,-0.0026833631484793896,0.0,-0.14999999999999858,55.75,55.85,55.85,55.9,337.0,16.0,3820.0,5201.0,False,False
006208,2022-10-26 10:10:01.250494,0.0,-0.0026833631484793896,0.0,-0.14999999999999858,55.75,55.85,55.85,55.9,337.0,16.0,3820.0,5201.0,False,False
006208,2022-10-26 10:10:01.319315,0.0,-0.0026833631484793896,0.0,-0.14999999999999858,55.75,55.85,55.85,55.9,337.0,16.0,3820.0,5201.0,False,False
006208,2022-10-26 10:10:01.417589,0.0,-0.0026833631484793896,0.0,-0.14999999999999858,55.75,55.85,55.85,55.9,337.0,16.0,3820.0,5201.0,False,False
006208,2022-10-26 10:10:01.529524,0.0,-0.0017889087656529634,0.0,-0.10000000000000142,55.8,55.85,55.85,55.9,75.0,16.0,3820.0,5201.0,False,False
006208,2022-10-26 10:10:01.548371,0.0,-0.0017889087656529634,0.0,-0.10000000000000142,55.8,55.85,55.85,55.9,75.0,16.0,3820.0,5201.0,False,False
006208,2022-10-26 10:10:01.667754,0.0,-0.0017889087656529634,0.0,-0.10000000000000142,55.8,55.85,55.85,55.9,75.0,16.0,3820.0,5201.0,False,False
006208,2022-10-26 10:10:02.325429,0.0,-0.0017889087656529634,0.0,-0.10000000000000142,55.8,55.85,55.85,55.9,175.0,16.0,3820.0,5201.0,False,False
006208,2022-10-26 10:10:02.574048,0.0,-0.0017889087656529634,0.0,-0.10000000000000142,55.8,55.85,55.85,55.9,175.0,16.0,3820.0,5201.0,False,False
006208,2022-10-26 10:10:02.583882,0.0,-0.0017889087656529634,0.0,-0.10000000000000142,55.8,55.85,55.85,55.9,175.0,16.0,3820.0,5201.0,False,False
006208,2022-10-26 10:10:03.134641,0.0,-0.0017889087656529634,0.0,-0.10000000000000142,55.8,55.85,55.85,55.9,175.0,16.0,3820.0,5201.0,False,False
006208,2022-10-26 10:10:03.162469,0.0,-0.0017889087656529634,0.0,-0.10000000000000142,55.8,55.85,55.85,55.9,75.0,16.0,3820.0,5201.0,False,False
006208,2022-10-26 10:10:03.236653,0.0,-0.0017889087656529634,0.0,-0.10000000000000142,55.8,55.85,55.85,55.9,75.0,16.0,3820.0,5201.0,False,False
006208,2022-10-26 10:10:04.167742,0.0,-0.0017889087656529634,0.0,-0.10000000000000142,55.8,55.85,55.85,55.9,75.0,16.0,3820.0,5201.0,False,False
006208,2022-10-26 10:10:04.854442,0.0,-0.0017889087656529634,0.0,-0.10000000000000142,55.8,55.85,55.85,55.9,75.0,16.0,3820.0,5201.0,False,True
006208,2022-10-26 10:10:04.905785,0.0,-0.0026833631484793896,0.0,-0.14999999999999858,55.75,55.85,55.85,55.9,302.0,16.0,3820.0,5201.0,False,False
006208,2022-10-26 10:10:04.905884,0.0,-0.0026833631484793896,0.0,-0.14999999999999858,55.75,55.85,55.85,55.9,377.0,16.0,3820.0,5201.0,False,False
006208,2022-10-26 10:10:04.985513,0.0,-0.0026833631484793896,0.0,-0.14999999999999858,55.75,55.85,55.85,55.9,377.0,16.0,3820.0,5201.0,False,False
006208,2022-10-26 10:10:05.121565,0.0,-0.0026833631484793896,0.0,-0.14999999999999858,55.75,55.85,55.85,55.9,337.0,16.0,3820.0,5201.0,False,False
006208,2022-10-26 10:10:05.249789,0.0,-0.0026833631484793896,0.0,-0.14999999999999858,55.75,55.85,55.85,55.9,337.0,16.0,3820.0,5201.0,False,False
006208,2022-10-26 10:10:05.994183,0.0,-0.0026833631484793896,0.0,-0.14999999999999858,55.75,55.85,55.85,55.9,337.0,16.0,3820.0,5201.0,False,False
006208,2022-10-26 10:10:05.997001,0.0,-0.0026833631484793896,0.0,-0.14999999999999858,55.75,55.85,55.85,55.9,337.0,16.0,3820.0,5201.0,False,False
006208,2022-10-26 10:10:06.106174,0.0,-0.0026833631484793896,0.0,-0.14999999999999858,55.75,55.85,55.85,55.9,371.0,16.0,3820.0,5201.0,False,False
006208,2022-10-26 10:10:06.628636,0.0,-0.0026833631484793896,0.0,-0.14999999999999858,55.75,55.85,55.85,55.9,371.0,16.0,3820.0,5201.0,False,False
006208,2022-10-26 10:10:06.639756,0.0,-0.0026833631484793896,0.0,-0.14999999999999858,55.75,55.85,55.85,55.9,371.0,16.0,3820.0,5201.0,False,False
006208,2022-10-26 10:10:06.932300,0.0,-0.0026833631484793896,0.0,-0.14999999999999858,55.75,55.85,55.85,55.9,371.0,16.0,3820.0,5201.0,False,False
006208,2022-10-26 10:10:06.947061,0.0,-0.0026833631484793896,0.0,-0.14999999999999858,55.75,55.85,55.85,55.9,371.0,16.0,3820.0,5201.0,False,False
006208,2022-10-26 10:10:07.382979,0.0,-0.0026833631484793896,0.0,-0.14999999999999858,55.75,55.85,55.85,55.9,371.0,16.0,3820.0,5201.0,False,False
006208,2022-10-26 10:10:07.510004,0.0,-0.0026833631484793896,0.0,-0.14999999999999858,55.75,55.85,55.85,55.9,371.0,66.0,3820.0,5201.0,False,False
006208,2022-10-26 10:10:08.513871,0.0,-0.0026833631484793896,0.0,-0.14999999999999858,55.75,55.85,55.85,55.9,337.0,66.0,3820.0,5201.0,False,False
006208,2022-10-26 10:10:08.527507,0.0,-0.0026833631484793896,0.0,-0.14999999999999858,55.75,55.85,55.85,55.9,337.0,66.0,3820.0,5201.0,False,False
006208,2022-10-26 10:10:10.410807,0.0,-0.0026833631484793896,0.0,-0.14999999999999858,55.75,55.85,55.85,55.9,337.0,65.0,3820.0,5201.0,False,False
006208,2022-10-26 10:10:11.354352,0.0,-0.0026833631484793896,0.0,-0.14999999999999858,55.75,55.85,55.85,55.9,337.0,65.0,3820.0,5201.0,False,False
006208,2022-10-26 10:10:11.394495,0.0,-0.0026833631484793896,0.0,-0.14999999999999858,55.75,55.85,55.85,55.9,337.0,65.0,3820.0,5201.0,False,False
006208,2022-10-26 10:10:14.102191,0.0,-0.0026833631484793896,0.0,-0.14999999999999858,55.75,55.85,55.85,55.9,337.0,65.0,3820.0,5201.0,False,False
006208,2022-10-26 10:10:14.926536,0.0,-0.0026833631484793896,0.0,-0.14999999999999858,55.75,55.85,55.85,55.9,337.0,65.0,3820.0,5201.0,True,True
006208,2022-10-26 10:10:15.122695,0.0,-0.0026833631484793896,0.0,-0.14999999999999858,55.75,55.85,55.85,55.9,337.0,65.0,3820.0,5201.0,False,False
006208,2022-10-26 10:10:15.278583,0.0,-0.0026833631484793896,0.0,-0.14999999999999858,55.75,55.85,55.85,55.9,337.0,65.0,3820.0,5201.0,False,False
006208,2022-10-26 10:10:15.282945,0.0,-0.0026833631484793896,0.0,-0.14999999999999858,55.75,55.85,55.85,55.9,337.0,65.0,3820.0,5201.0,False,False
006208,2022-10-26 10:10:15.417061,0.0,-0.0026833631484793896,0.0,-0.14999999999999858,55.75,55.85,55.85,55.9,337.0,65.0,3820.0,5201.0,False,False
006208,2022-10-26 10:10:19.633853,0.0,-0.0026833631484793896,0.0,-0.14999999999999858,55.75,55.85,55.85,55.9,337.0,65.0,3820.0,5201.0,False,False
006208,2022-10-26 10:10:19.676374,0.0,-0.0026833631484793896,0.0,-0.14999999999999858,55.75,55.85,55.85,55.9,337.0,65.0,3820.0,5201.0,False,False
006208,2022-10-26 10:10:20.422087,0.0,-0.0026833631484793896,0.0,-0.14999999999999858,55.75,55.85,55.85,55.9,337.0,64.0,3820.0,5201.0,False,False
006208,2022-10-26 10:10:20.902917,0.0,-0.0026833631484793896,0.0,-0.14999999999999858,55.75,55.85,55.85,55.9,337.0,64.0,3820.0,5201.0,False,False
006208,2022-10-26 10:10:20.930391,0.0,-0.0026833631484793896,0.0,-0.14999999999999858,55.75,55.85,55.85,55.9,337.0,64.0,3820.0,5201.0,False,False
006208,2022-10-26 10:10:22.104835,0.0,-0.0026833631484793896,0.0,-0.14999999999999858,55.75,55.85,55.85,55.9,337.0,64.0,3820.0,5201.0,False,False
006208,2022-10-26 10:10:22.185255,0.0,-0.0026833631484793896,0.0,-0.14999999999999858,55.75,55.85,55.85,55.9,337.0,64.0,3820.0,5201.0,False,False
006208,2022-10-26 10:10:23.185527,0.0,-0.0026833631484793896,0.0,-0.14999999999999858,55.75,55.85,55.85,55.9,337.0,64.0,3820.0,5201.0,False,False
006208,2022-10-26 10:10:23.199529,0.0,-0.0026833631484793896,0.0,-0.14999999999999858,55.75,55.85,55.85,55.9,337.0,64.0,3820.0,5201.0,False,False
006208,2022-10-26 10:10:24.346439,0.0,-0.0026833631484793896,0.0,-0.14999999999999858,55.75,55.85,55.85,55.9,338.0,64.0,3820.0,5201.0,False,False
006208,2022-10-26 10:10:25.007035,0.0,-0.0026833631484793896,0.0,-0.14999999999999858,55.75,55.85,55.85,55.9,338.0,64.0,3920.0,5281.0,True,True
006208,2022-10-26 10:10:25.423966,0.0,-0.0026833631484793896,0.0,-0.14999999999999858,55.75,55.85,55.85,55.9,338.0,64.0,3920.0,5281.0,False,False
006208,2022-10-26 10:10:25.427395,0.0,-0.0026833631484793896,0.0,-0.14999999999999858,55.75,55.85,55.85,55.9,338.0,64.0,3920.0,5281.0,False,False
006208,2022-10-26 10:10:25.573168,0.0,-0.0026833631484793896,0.0,-0.14999999999999858,55.75,55.85,55.85,55.9,338.0,64.0,3920.0,5281.0,False,False
006208,2022-10-26 10:10:27.078394,0.0,-0.0026833631484793896,0.0,-0.14999999999999858,55.75,55.85,55.85,55.9,338.0,63.0,3920.0,5281.0,False,False
006208,2022-10-26 10:10:27.160191,0.0,-0.0026833631484793896,0.0,-0.14999999999999858,55.75,55.85,55.85,55.9,338.0,103.0,3920.0,5281.0,False,False
006208,2022-10-26 10:10:27.503654,0.0,-0.0026833631484793896,0.0,-0.14999999999999858,55.75,55.85,55.85,55.9,338.0,103.0,3920.0,5281.0,False,False
006208,2022-10-26 10:10:27.516174,0.0,-0.0026833631484793896,0.0,-0.14999999999999858,55.75,55.85,55.85,55.9,338.0,103.0,3920.0,5281.0,False,False
006208,2022-10-26 10:10:30.469538,0.0,-0.0026833631484793896,0.0,-0.14999999999999858,55.75,55.85,55.85,55.9,338.0,102.0,3920.0,5281.0,False,False
006208,2022-10-26 10:10:31.706003,0.0,-0.0026833631484793896,0.0,-0.14999999999999858,55.75,55.85,55.85,55.9,338.0,101.0,3920.0,5281.0,False,False
006208,2022-10-26 10:10:35.575241,0.0,-0.0026833631484793896,0.0,-0.14999999999999858,55.75,55.85,55.85,55.9,338.0,101.0,3920.0,5281.0,False,False
006208,2022-10-26 10:10:35.578568,0.0,-0.0026833631484793896,0.0,-0.14999999999999858,55.75,55.85,55.85,55.9,338.0,101.0,3920.0,5281.0,False,False
006208,2022-10-26 10:10:35.709687,0.0,-0.0026833631484793896,0.0,-0.14999999999999858,55.75,55.85,55.85,55.9,338.0,101.0,3920.0,5281.0,False,False
006208,2022-10-26 10:10:35.929878,0.0,-0.0026833631484793896,0.0,-0.14999999999999858,55.75,55.85,55.85,55.9,338.0,101.0,3920.0,5281.0,False,False
006208,2022-10-26 10:10:35.932177,0.0,-0.0026833631484793896,0.0,-0.14999999999999858,55.75,55.85,55.85,55.9,338.0,101.0,3920.0,5281.0,False,False
006208,2022-10-26 10:10:38.253000,0.0,-0.0026833631484793896,0.0,-0.14999999999999858,55.75,55.85,55.85,55.9,338.0,101.0,3920.0,5281.0,False,False
006208,2022-10-26 10:10:38.260288,0.0,-0.0026833631484793896,0.0,-0.14999999999999858,55.75,55.85,55.85,55.9,338.0,101.0,3920.0,5281.0,False,False
006208,2022-10-26 10:10:40.203282,0.0,-0.0026833631484793896,0.0,-0.14999999999999858,55.75,55.85,55.85,55.9,338.0,101.0,3920.0,5281.0,False,False
006208,2022-10-26 10:10:40.212851,0.0,-0.0026833631484793896,0.0,-0.14999999999999858,55.75,55.85,55.85,55.9,338.0,101.0,3920.0,5281.0,False,False
006208,2022-10-26 10:10:40.730145,0.0,-0.0026833631484793896,0.0,-0.14999999999999858,55.75,55.85,55.85,55.9,338.0,101.0,3920.0,5281.0,False,False
006208,2022-10-26 10:10:40.744200,0.0,-0.0026833631484793896,0.0,-0.14999999999999858,55.75,55.85,55.85,55.9,338.0,101.0,3920.0,5281.0,False,False
006208,2022-10-26 10:10:43.597127,0.0,-0.0026833631484793896,0.0,-0.14999999999999858,55.75,55.85,55.85,55.9,338.0,101.0,3920.0,5281.0,False,False
006208,2022-10-26 10:10:43.605259,0.0,-0.0026833631484793896,0.0,-0.14999999999999858,55.75,55.85,55.85,55.9,338.0,101.0,3920.0,5281.0,False,False
006208,2022-10-26 10:10:43.695898,0.0,-0.0026833631484793896,0.0,-0.14999999999999858,55.75,55.85,55.85,55.9,339.0,101.0,3920.0,5281.0,False,False
006208,2022-10-26 10:10:45.110421,0.0,-0.0026833631484793896,0.0,-0.14999999999999858,55.75,55.85,55.85,55.9,339.0,101.0,3920.0,5581.0,True,True
006208,2022-10-26 10:10:45.243243,0.0,-0.0026833631484793896,0.0,-0.14999999999999858,55.75,55.85,55.85,55.9,339.0,101.0,3920.0,5581.0,False,False
006208,2022-10-26 10:10:45.243483,0.0,-0.0026833631484793896,0.0,-0.14999999999999858,55.75,55.85,55.85,55.9,339.0,101.0,3920.0,5581.0,False,False
006208,2022-10-26 10:10:45.306906,0.0,-0.0026833631484793896,0.0,-0.14999999999999858,55.75,55.85,55.85,55.9,339.0,101.0,3920.0,5581.0,False,False
006208,2022-10-26 10:10:45.708197,0.0,-0.0026833631484793896,0.0,-0.14999999999999858,55.75,55.85,55.85,55.9,339.0,101.0,3920.0,5581.0,False,False
006208,2022-10-26 10:10:45.712343,0.0,-0.0026833631484793896,0.0,-0.14999999999999858,55.75,55.85,55.85,55.9,339.0,101.0,3920.0,5581.0,False,False
006208,2022-10-26 10:10:45.843640,0.0,-0.0026833631484793896,0.0,-0.14999999999999858,55.75,55.85,55.85,55.9,339.0,101.0,3920.0,5581.0,False,False
006208,2022-10-26 10:10:47.116518,0.0,-0.0026833631484793896,0.0,-0.14999999999999858,55.75,55.85,55.85,55.9,339.0,101.0,3920.0,5581.0,False,False
006208,2022-10-26 10:10:47.116695,0.0,-0.0026833631484793896,0.0,-0.14999999999999858,55.75,55.85,55.85,55.9,339.0,101.0,3920.0,5581.0,False,False
006208,2022-10-26 10:10:47.219205,0.0,-0.0026833631484793896,0.0,-0.14999999999999858,55.75,55.85,55.85,55.9,339.0,101.0,3920.0,5581.0,False,False
006208,2022-10-26 10:10:49.009331,0.0,-0.0026833631484793896,0.0,-0.14999999999999858,55.75,55.85,55.85,55.9,339.0,101.0,3920.0,5581.0,False,False
006208,2022-10-26 10:10:49.017300,0.0,-0.0026833631484793896,0.0,-0.14999999999999858,55.75,55.85,55.85,55.9,339.0,101.0,3920.0,5581.0,False,False
006208,2022-10-26 10:10:49.715574,0.0,-0.0026833631484793896,0.0,-0.14999999999999858,55.75,55.85,55.85,55.9,339.0,101.0,3920.0,5581.0,False,False
006208,2022-10-26 10:10:49.715861,0.0,-0.0026833631484793896,0.0,-0.14999999999999858,55.75,55.85,55.85,55.9,339.0,101.0,3920.0,5581.0,False,False
006208,2022-10-26 10:10:50.472932,0.0,-0.0026833631484793896,0.0,-0.14999999999999858,55.75,55.85,55.85,55.9,339.0,100.0,3920.0,5581.0,False,False
006208,2022-10-26 10:10:51.417861,0.0,-0.0026833631484793896,0.0,-0.14999999999999858,55.75,55.85,55.85,55.9,339.0,100.0,3920.0,5581.0,False,False
006208,2022-10-26 10:10:51.417922,0.0,-0.0026833631484793896,0.0,-0.14999999999999858,55.75,55.85,55.85,55.9,339.0,100.0,3920.0,5581.0,False,False
006208,2022-10-26 10:10:54.331439,0.0,-0.0026833631484793896,0.0,-0.14999999999999858,55.75,55.85,55.85,55.9,339.0,100.0,3920.0,5581.0,False,False
006208,2022-10-26 10:10:54.681393,0.0,-0.0026833631484793896,0.0,-0.14999999999999858,55.75,55.85,55.85,55.9,339.0,100.0,3920.0,5581.0,False,False
006208,2022-10-26 10:10:54.681604,0.0,-0.0026833631484793896,0.0,-0.14999999999999858,55.75,55.85,55.85,55.9,339.0,100.0,3920.0,5581.0,False,False
006208,2022-10-26 10:10:55.151785,0.0,-0.0026833631484793896,0.0,-0.14999999999999858,55.75,55.85,55.85,55.9,339.0,100.0,3920.0,5571.0,True,True
006208,2022-10-26 10:10:55.402516,0.0,-0.0026833631484793896,0.0,-0.14999999999999858,55.75,55.85,55.85,55.9,339.0,100.0,3920.0,5571.0,False,False
006208,2022-10-26 10:10:55.839600,0.0,-0.0026833631484793896,0.0,-0.14999999999999858,55.75,55.85,55.85,55.9,339.0,100.0,3920.0,5571.0,False,False
006208,2022-10-26 10:10:55.842830,0.0,-0.0026833631484793896,0.0,-0.14999999999999858,55.75,55.85,55.85,55.9,339.0,100.0,3920.0,5571.0,False,False
006208,2022-10-26 10:10:55.975147,0.0,-0.0026833631484793896,0.0,-0.14999999999999858,55.75,55.85,55.85,55.9,339.0,100.0,3920.0,5571.0,False,False
006208,2022-10-26 10:10:56.031218,0.0,-0.0026833631484793896,0.0,-0.14999999999999858,55.75,55.85,55.85,55.9,339.0,100.0,3920.0,5571.0,False,False
006208,2022-10-26 10:10:56.811354,0.0,-0.0026833631484793896,0.0,-0.14999999999999858,55.75,55.85,55.85,55.9,339.0,100.0,3920.0,5571.0,False,False
006208,2022-10-26 10:10:56.811611,0.0,-0.0026833631484793896,0.0,-0.14999999999999858,55.75,55.85,55.85,55.9,339.0,100.0,3920.0,5571.0,False,False
006208,2022-10-26 10:10:57.059601,0.0,-0.0017889087656529634,0.0,-0.10000000000000142,55.8,55.85,55.85,55.9,1.0,100.0,3920.0,5571.0,False,False
006208,2022-10-26 10:10:57.126986,0.0,-0.0017889087656529634,0.0,-0.10000000000000142,55.8,55.85,55.85,55.9,1.0,100.0,3920.0,5571.0,False,False
006208,2022-10-26 10:10:57.382087,0.0,-0.0017889087656529634,0.0,-0.10000000000000142,55.8,55.85,55.85,55.9,1.0,100.0,3920.0,5571.0,False,False
006208,2022-10-26 10:10:59.392777,0.0,-0.0017889087656529634,0.0,-0.10000000000000142,55.8,55.85,55.85,55.9,1.0,100.0,3920.0,5571.0,False,False
006208,2022-10-26 10:10:59.415042,0.0,-0.0017889087656529634,0.0,-0.10000000000000142,55.8,55.85,55.85,55.9,1.0,100.0,3920.0,5571.0,False,False
006208,2022-10-26 10:10:59.525129,0.0,-0.0017889087656529634,0.0,-0.10000000000000142,55.8,55.85,55.85,55.9,1.0,100.0,3920.0,5571.0,False,False
006208,2022-10-26 10:10:59.531494,0.0,-0.0017889087656529634,0.0,-0.10000000000000142,55.8,55.85,55.85,55.9,1.0,100.0,3920.0,5571.0,False,False
006208,2022-10-26 10:10:59.843084,0.0,-0.0017889087656529634,0.0,-0.10000000000000142,55.8,55.85,55.85,55.9,1.0,100.0,3920.0,5571.0,False,False
006208,2022-10-26 10:10:59.843256,0.0,-0.0017889087656529634,0.0,-0.10000000000000142,55.8,55.85,55.85,55.9,1.0,100.0,3920.0,5571.0,False,False
006208,2022-10-26 10:11:00.053083,0.0,-0.0017889087656529634,0.0,-0.10000000000000142,55.8,55.85,55.85,55.9,1.0,99.0,3920.0,5571.0,False,False
006208,2022-10-26 10:11:00.416211,0.0,-0.0017889087656529634,0.0,-0.10000000000000142,55.8,55.85,55.85,55.9,1.0,99.0,3920.0,5571.0,False,False
006208,2022-10-26 10:11:00.464016,0.0,-0.0017889087656529634,0.0,-0.10000000000000142,55.8,55.85,55.85,55.9,1.0,98.0,3920.0,5571.0,False,False
006208,2022-10-26 10:11:00.834198,0.0,-0.0017889087656529634,0.0,-0.10000000000000142,55.8,55.85,55.85,55.9,1.0,98.0,3920.0,5571.0,False,False
006208,2022-10-26 10:11:00.834347,0.0,-0.0017889087656529634,0.0,-0.10000000000000142,55.8,55.85,55.85,55.9,1.0,98.0,3920.0,5571.0,False,False
006208,2022-10-26 10:11:02.522014,0.0,-0.0017889087656529634,0.0,-0.10000000000000142,55.8,55.85,55.85,55.9,1.0,99.0,3920.0,5571.0,False,False
006208,2022-10-26 10:11:02.962154,0.0,-0.0017889087656529634,0.0,-0.10000000000000142,55.8,55.85,55.85,55.9,1.0,99.0,3920.0,5571.0,False,False
006208,2022-10-26 10:11:02.962508,0.0,-0.0017889087656529634,0.0,-0.10000000000000142,55.8,55.85,55.85,55.9,1.0,99.0,3920.0,5571.0,False,False
006208,2022-10-26 10:11:03.708718,0.0,-0.0017889087656529634,0.0,-0.10000000000000142,55.8,55.85,55.85,55.9,1.0,99.0,3920.0,5571.0,False,False
006208,2022-10-26 10:11:03.721360,0.0,-0.0017889087656529634,0.0,-0.10000000000000142,55.8,55.85,55.85,55.9,1.0,99.0,3920.0,5571.0,False,False
006208,2022-10-26 10:11:05.177551,0.0,-0.0017889087656529634,0.0,-0.10000000000000142,55.8,55.85,55.85,55.9,1.0,99.0,3920.0,5571.0,False,False
006208,2022-10-26 10:11:05.198308,0.0,-0.0017889087656529634,0.0,-0.10000000000000142,55.8,55.85,55.85,55.9,1.0,99.0,4020.0,5571.0,True,True
006208,2022-10-26 10:11:05.189181,0.0,-0.0017889087656529634,0.0,-0.10000000000000142,55.8,55.85,55.85,55.9,1.0,99.0,4020.0,5571.0,False,False
006208,2022-10-26 10:11:05.473410,0.0,-0.0017889087656529634,0.0,-0.10000000000000142,55.8,55.85,55.85,55.9,1.0,99.0,4020.0,5571.0,False,False
006208,2022-10-26 10:11:07.392305,0.0,-0.0017889087656529634,0.0,-0.10000000000000142,55.8,55.85,55.85,55.9,1.0,99.0,4020.0,5571.0,False,False
006208,2022-10-26 10:11:07.397065,0.0,-0.0017889087656529634,0.0,-0.10000000000000142,55.8,55.85,55.85,55.9,1.0,99.0,4020.0,5571.0,False,False
006208,2022-10-26 10:11:07.543072,0.0,-0.0017889087656529634,0.0,-0.10000000000000142,55.8,55.85,55.85,55.9,1.0,99.0,4020.0,5571.0,False,False
006208,2022-10-26 10:11:10.469939,0.0,-0.0017889087656529634,0.0,-0.10000000000000142,55.8,55.85,55.85,55.9,1.0,98.0,4020.0,5571.0,False,False
006208,2022-10-26 10:11:15.249371,0.0,-0.0017889087656529634,0.0,-0.10000000000000142,55.8,55.85,55.85,55.9,1.0,98.0,4020.0,5551.0,True,True
006208,2022-10-26 10:11:17.514582,0.0,-0.0017889087656529634,0.0,-0.10000000000000142,55.8,55.85,55.85,55.9,1.0,98.0,4020.0,5551.0,False,False
006208,2022-10-26 10:11:17.521204,0.0,-0.0017889087656529634,0.0,-0.10000000000000142,55.8,55.85,55.85,55.9,1.0,98.0,4020.0,5551.0,False,False
006208,2022-10-26 10:11:17.654189,0.0,-0.0017889087656529634,0.0,-0.10000000000000142,55.8,55.85,55.85,55.9,1.0,98.0,4020.0,5551.0,False,False
006208,2022-10-26 10:11:20.491107,0.0,-0.0017889087656529634,0.0,-0.10000000000000142,55.8,55.85,55.85,55.9,1.0,97.0,4020.0,5551.0,False,False
006208,2022-10-26 10:11:25.298222,0.0,-0.0017889087656529634,0.0,-0.10000000000000142,55.8,55.85,55.85,55.9,1.0,97.0,4218.0,5551.0,True,True
006208,2022-10-26 10:11:27.131573,0.0,-0.0017889087656529634,0.0,-0.10000000000000142,55.8,55.85,55.85,55.9,1.0,97.0,4218.0,5551.0,False,False
006208,2022-10-26 10:11:27.131921,0.0,-0.0017889087656529634,0.0,-0.10000000000000142,55.8,55.85,55.85,55.9,1.0,97.0,4218.0,5551.0,False,False
006208,2022-10-26 10:11:27.174866,0.0,-0.0017889087656529634,0.0,-0.10000000000000142,55.8,55.85,55.85,55.9,1.0,97.0,4218.0,5551.0,False,False
006208,2022-10-26 10:11:27.649503,0.0,-0.0017889087656529634,0.0,-0.10000000000000142,55.8,55.85,55.85,55.9,1.0,97.0,4218.0,5551.0,False,False
006208,2022-10-26 10:11:27.779183,0.0,-0.0017889087656529634,0.0,-0.10000000000000142,55.8,55.85,55.85,55.9,1.0,97.0,4218.0,5551.0,False,False
006208,2022-10-26 10:11:27.786100,0.0,-0.0017889087656529634,0.0,-0.10000000000000142,55.8,55.85,55.85,55.9,1.0,97.0,4218.0,5551.0,False,False
006208,2022-10-26 10:11:28.385204,0.0,-0.0017889087656529634,0.0,-0.10000000000000142,55.8,55.85,55.85,55.9,1.0,97.0,4218.0,5551.0,False,False
006208,2022-10-26 10:11:28.398569,0.0,-0.0017889087656529634,0.0,-0.10000000000000142,55.8,55.85,55.85,55.9,1.0,97.0,4218.0,5551.0,False,False
006208,2022-10-26 10:11:30.496420,0.0,-0.0017889087656529634,0.0,-0.10000000000000142,55.8,55.85,55.85,55.9,1.0,96.0,4218.0,5551.0,False,False
006208,2022-10-26 10:11:30.682614,0.0,-0.0017889087656529634,0.0,-0.10000000000000142,55.8,55.85,55.85,55.9,1.0,96.0,4218.0,5551.0,False,False
006208,2022-10-26 10:11:30.709115,0.0,-0.0017889087656529634,0.0,-0.10000000000000142,55.8,55.85,55.85,55.9,76.0,96.0,4218.0,5551.0,False,False
006208,2022-10-26 10:11:31.452756,0.0,-0.0017889087656529634,0.0,-0.10000000000000142,55.8,55.85,55.85,55.9,76.0,96.0,4218.0,5551.0,False,False
006208,2022-10-26 10:11:31.710352,0.0,-0.0017889087656529634,0.0,-0.10000000000000142,55.8,55.85,55.85,55.9,176.0,96.0,4218.0,5551.0,False,False
006208,2022-10-26 10:11:31.981411,0.0,-0.0017889087656529634,0.0,-0.10000000000000142,55.8,55.85,55.85,55.9,176.0,96.0,4218.0,5551.0,False,False
006208,2022-10-26 10:11:31.989449,0.0,-0.0017889087656529634,0.0,-0.10000000000000142,55.8,55.85,55.85,55.9,176.0,96.0,4218.0,5551.0,False,False
006208,2022-10-26 10:11:32.694974,0.0,-0.0017889087656529634,0.0,-0.10000000000000142,55.8,55.85,55.85,55.9,176.0,96.0,4218.0,5551.0,False,False
006208,2022-10-26 10:11:32.716220,0.0,-0.0017889087656529634,0.0,-0.10000000000000142,55.8,55.85,55.85,55.9,176.0,96.0,4218.0,5551.0,False,False
006208,2022-10-26 10:11:33.182685,0.0,-0.0017889087656529634,0.0,-0.10000000000000142,55.8,55.85,55.85,55.9,176.0,95.0,4218.0,5551.0,False,False
006208,2022-10-26 10:11:35.339428,0.0,-0.0017889087656529634,0.0,-0.10000000000000142,55.8,55.85,55.85,55.9,176.0,95.0,4268.0,5551.0,True,True
006208,2022-10-26 10:11:35.665464,0.0,-0.0017889087656529634,0.0,-0.10000000000000142,55.8,55.85,55.85,55.9,176.0,45.0,4268.0,5551.0,False,False
006208,2022-10-26 10:11:35.698005,0.0,-0.0017889087656529634,0.0,-0.10000000000000142,55.8,55.85,55.85,55.9,176.0,45.0,4268.0,5551.0,False,False
006208,2022-10-26 10:11:35.792371,0.0,-0.0017889087656529634,0.0,-0.10000000000000142,55.8,55.85,55.85,55.9,176.0,45.0,4268.0,5551.0,False,False
006208,2022-10-26 10:11:36.888941,0.0,-0.0017889087656529634,0.0,-0.10000000000000142,55.8,55.85,55.85,55.9,101.0,45.0,4268.0,5551.0,False,False
006208,2022-10-26 10:11:36.889076,0.0,-0.0017889087656529634,0.0,-0.10000000000000142,55.8,55.85,55.85,55.9,101.0,45.0,4268.0,5551.0,False,False
006208,2022-10-26 10:11:36.916993,0.0,-0.0017889087656529634,0.0,-0.10000000000000142,55.8,55.85,55.85,55.9,1.0,45.0,4268.0,5551.0,False,False
006208,2022-10-26 10:11:37.776375,0.0,-0.0017889087656529634,0.0,-0.10000000000000142,55.8,55.85,55.85,55.9,1.0,45.0,4268.0,5551.0,False,False
006208,2022-10-26 10:11:37.780038,0.0,-0.0017889087656529634,0.0,-0.10000000000000142,55.8,55.85,55.85,55.9,1.0,45.0,4268.0,5551.0,False,False
006208,2022-10-26 10:11:37.906547,0.0,-0.0017889087656529634,0.0,-0.10000000000000142,55.8,55.85,55.85,55.9,1.0,45.0,4268.0,5551.0,False,False
006208,2022-10-26 10:11:37.917865,0.0,-0.0017889087656529634,0.0,-0.10000000000000142,55.8,55.85,55.85,55.9,1.0,45.0,4268.0,5551.0,False,False
006208,2022-10-26 10:11:39.209710,0.0,-0.0017889087656529634,0.0,-0.10000000000000142,55.8,55.85,55.85,55.9,1.0,45.0,4268.0,5551.0,False,False
006208,2022-10-26 10:11:39.238219,0.0,-0.0017889087656529634,0.0,-0.10000000000000142,55.8,55.85,55.85,55.9,1.0,45.0,4268.0,5551.0,False,False
006208,2022-10-26 10:11:40.239806,0.0,-0.0017889087656529634,0.0,-0.10000000000000142,55.8,55.85,55.85,55.9,1.0,45.0,4268.0,5551.0,False,False
006208,2022-10-26 10:11:40.495705,0.0,-0.0017889087656529634,0.0,-0.10000000000000142,55.8,55.85,55.85,55.9,1.0,45.0,4268.0,5551.0,False,False
006208,2022-10-26 10:11:40.511471,0.0,-0.0017889087656529634,0.0,-0.10000000000000142,55.8,55.85,55.85,55.9,1.0,45.0,4268.0,5551.0,False,False
006208,2022-10-26 10:11:40.935023,0.0,-0.0017889087656529634,0.0,-0.10000000000000142,55.8,55.85,55.85,55.9,1.0,45.0,4268.0,5551.0,False,False
006208,2022-10-26 10:11:41.062725,0.0,-0.0017889087656529634,0.0,-0.10000000000000142,55.8,55.85,55.85,55.9,1.0,95.0,4268.0,5551.0,False,False
006208,2022-10-26 10:11:42.777567,0.0,-0.0017889087656529634,0.0,-0.10000000000000142,55.8,55.85,55.85,55.9,1.0,95.0,4268.0,5551.0,False,False
006208,2022-10-26 10:11:45.384987,0.0,-0.0017889087656529634,0.0,-0.10000000000000142,55.8,55.85,55.85,55.9,1.0,95.0,4282.0,5551.0,True,True
006208,2022-10-26 10:11:45.591935,0.0,-0.0017889087656529634,0.0,-0.10000000000000142,55.8,55.85,55.85,55.9,1.0,96.0,4282.0,5551.0,False,False
006208,2022-10-26 10:11:45.701449,0.0,-0.0017889087656529634,0.0,-0.10000000000000142,55.8,55.85,55.85,55.9,1.0,96.0,4282.0,5551.0,False,False
006208,2022-10-26 10:11:45.966269,0.0,-0.0017889087656529634,0.0,-0.10000000000000142,55.8,55.85,55.85,55.9,1.0,96.0,4282.0,5551.0,False,False
006208,2022-10-26 10:11:46.248402,0.0,-0.0017889087656529634,0.0,-0.10000000000000142,55.8,55.85,55.85,55.9,1.0,46.0,4282.0,5551.0,False,False
006208,2022-10-26 10:11:46.371263,0.0,-0.0017889087656529634,0.0,-0.10000000000000142,55.8,55.85,55.85,55.9,1.0,46.0,4282.0,5551.0,False,False
006208,2022-10-26 10:11:47.907846,0.0,-0.0017889087656529634,0.0,-0.10000000000000142,55.8,55.85,55.85,55.9,1.0,46.0,4282.0,5551.0,False,False
006208,2022-10-26 10:11:47.916745,0.0,-0.0017889087656529634,0.0,-0.10000000000000142,55.8,55.85,55.85,55.9,1.0,46.0,4282.0,5551.0,False,False
006208,2022-10-26 10:11:48.056242,0.0,-0.0017889087656529634,0.0,-0.10000000000000142,55.8,55.85,55.85,55.9,1.0,46.0,4282.0,5551.0,False,False
006208,2022-10-26 10:11:48.279177,0.0,-0.0017889087656529634,0.0,-0.10000000000000142,55.8,55.85,55.85,55.9,1.0,46.0,4282.0,5551.0,False,False
006208,2022-10-26 10:11:48.314528,0.0,-0.0017889087656529634,0.0,-0.10000000000000142,55.8,55.85,55.85,55.9,1.0,46.0,4282.0,5551.0,False,False
006208,2022-10-26 10:11:49.450365,0.0,-0.0017889087656529634,0.0,-0.10000000000000142,55.8,55.85,55.85,55.9,1.0,46.0,4282.0,5551.0,False,False
006208,2022-10-26 10:11:49.463192,0.0,-0.0017889087656529634,0.0,-0.10000000000000142,55.8,55.85,55.85,55.9,1.0,46.0,4282.0,5551.0,False,False
006208,2022-10-26 10:11:50.174931,0.0,-0.0017889087656529634,0.0,-0.10000000000000142,55.8,55.85,55.85,55.9,1.0,46.0,4282.0,5551.0,False,False
006208,2022-10-26 10:11:50.175129,0.0,-0.0017889087656529634,0.0,-0.10000000000000142,55.8,55.85,55.85,55.9,1.0,46.0,4282.0,5551.0,False,False
006208,2022-10-26 10:11:50.491138,0.0,-0.0017889087656529634,0.0,-0.10000000000000142,55.8,55.85,55.85,55.9,1.0,45.0,4282.0,5551.0,False,False
006208,2022-10-26 10:11:51.374047,0.0,-0.0017889087656529634,0.0,-0.10000000000000142,55.8,55.85,55.85,55.9,1.0,45.0,4282.0,5551.0,False,False
006208,2022-10-26 10:11:51.503249,0.0,-0.0017889087656529634,0.0,-0.10000000000000142,55.8,55.85,55.85,55.9,1.0,95.0,4282.0,5551.0,False,False
006208,2022-10-26 10:11:53.540932,0.0,-0.0017889087656529634,0.0,-0.10000000000000142,55.8,55.85,55.85,55.9,1.0,94.0,4282.0,5551.0,False,False
006208,2022-10-26 10:11:53.557305,0.0,-0.0017889087656529634,0.0,-0.10000000000000142,55.8,55.85,55.85,55.9,1.0,94.0,4282.0,5551.0,False,False
006208,2022-10-26 10:11:53.566043,0.0,-0.0017889087656529634,0.0,-0.10000000000000142,55.8,55.85,55.85,55.9,1.0,94.0,4282.0,5551.0,False,False
006208,2022-10-26 10:11:54.328349,0.0,-0.0017889087656529634,0.0,-0.10000000000000142,55.8,55.85,55.85,55.9,1.0,94.0,4282.0,5551.0,False,False
006208,2022-10-26 10:11:54.338551,0.0,-0.0017889087656529634,0.0,-0.10000000000000142,55.8,55.85,55.85,55.9,1.0,94.0,4282.0,5551.0,False,False
006208,2022-10-26 10:11:55.188220,0.0,-0.0017889087656529634,0.0,-0.10000000000000142,55.8,55.85,55.85,55.9,1.0,94.0,4282.0,5551.0,False,False
006208,2022-10-26 10:11:55.423043,0.0,-0.0017889087656529634,0.0,-0.10000000000000142,55.8,55.85,55.85,55.9,1.0,94.0,4282.0,5506.0,True,True
006208,2022-10-26 10:11:55.850509,0.0,-0.0017889087656529634,0.0,-0.10000000000000142,55.8,55.85,55.85,55.9,1.0,94.0,4282.0,5506.0,False,False
006208,2022-10-26 10:11:55.854662,0.0,-0.0017889087656529634,0.0,-0.10000000000000142,55.8,55.85,55.85,55.9,1.0,94.0,4282.0,5506.0,False,False
006208,2022-10-26 10:11:57.434103,0.0,-0.0017889087656529634,0.0,-0.10000000000000142,55.8,55.85,55.85,55.9,1.0,94.0,4282.0,5506.0,False,False
006208,2022-10-26 10:11:57.434219,0.0,-0.0017889087656529634,0.0,-0.10000000000000142,55.8,55.85,55.85,55.9,1.0,94.0,4282.0,5506.0,False,False
006208,2022-10-26 10:11:58.049195,0.0,-0.0017889087656529634,0.0,-0.10000000000000142,55.8,55.85,55.85,55.9,1.0,94.0,4282.0,5506.0,False,False
006208,2022-10-26 10:11:58.050481,0.0,-0.0017889087656529634,0.0,-0.10000000000000142,55.8,55.85,55.85,55.9,1.0,94.0,4282.0,5506.0,False,False
006208,2022-10-26 10:11:58.174081,0.0,-0.0017889087656529634,0.0,-0.10000000000000142,55.8,55.85,55.85,55.9,1.0,94.0,4282.0,5506.0,False,False
006208,2022-10-26 10:11:58.242097,0.0,-0.0017889087656529634,0.0,-0.10000000000000142,55.8,55.85,55.85,55.9,1.0,94.0,4282.0,5506.0,False,False
006208,2022-10-26 10:11:58.929222,0.0,-0.0017889087656529634,0.0,-0.10000000000000142,55.8,55.85,55.85,55.9,1.0,94.0,4282.0,5506.0,False,False
006208,2022-10-26 10:11:58.938710,0.0,-0.0017889087656529634,0.0,-0.10000000000000142,55.8,55.85,55.85,55.9,1.0,94.0,4282.0,5506.0,False,False
006208,2022-10-26 10:12:00.527366,0.0,-0.0017889087656529634,0.0,-0.10000000000000142,55.8,55.85,55.85,55.9,1.0,93.0,4282.0,5506.0,False,False
006208,2022-10-26 10:12:03.584409,0.0,-0.0017889087656529634,0.0,-0.10000000000000142,55.8,55.85,55.85,55.9,1.0,93.0,4282.0,5506.0,False,False
006208,2022-10-26 10:12:04.516273,0.0,-0.0017889087656529634,0.0,-0.10000000000000142,55.8,55.85,55.85,55.9,1.0,93.0,4282.0,5506.0,False,False
006208,2022-10-26 10:12:04.516462,0.0,-0.0017889087656529634,0.0,-0.10000000000000142,55.8,55.85,55.85,55.9,1.0,168.0,4282.0,5506.0,False,False
006208,2022-10-26 10:12:07.139163,0.0,-0.0017889087656529634,0.0,-0.10000000000000142,55.8,55.85,55.85,55.9,1.0,168.0,4282.0,5506.0,False,False
006208,2022-10-26 10:12:07.151248,0.0,-0.0017889087656529634,0.0,-0.10000000000000142,55.8,55.85,55.85,55.9,1.0,168.0,4282.0,5506.0,False,False
006208,2022-10-26 10:12:08.178177,0.0,-0.0017889087656529634,0.0,-0.10000000000000142,55.8,55.85,55.85,55.9,1.0,168.0,4282.0,5506.0,False,False
006208,2022-10-26 10:12:08.298931,0.0,-0.0017889087656529634,0.0,-0.10000000000000142,55.8,55.85,55.85,55.9,1.0,168.0,4282.0,5506.0,False,False
006208,2022-10-26 10:12:08.311571,0.0,-0.0017889087656529634,0.0,-0.10000000000000142,55.8,55.85,55.85,55.9,1.0,168.0,4282.0,5506.0,False,False
006208,2022-10-26 10:12:08.519204,0.0,-0.0017889087656529634,0.0,-0.10000000000000142,55.8,55.85,55.85,55.9,1.0,93.0,4282.0,5506.0,False,False
006208,2022-10-26 10:12:09.670626,0.0,-0.0017889087656529634,0.0,-0.10000000000000142,55.8,55.85,55.85,55.9,1.0,93.0,4282.0,5506.0,False,False
006208,2022-10-26 10:12:10.212776,0.0,-0.0017889087656529634,0.0,-0.10000000000000142,55.8,55.85,55.85,55.9,1.0,93.0,4282.0,5506.0,False,False
006208,2022-10-26 10:12:10.503782,0.0,-0.0017889087656529634,0.0,-0.10000000000000142,55.8,55.85,55.85,55.9,1.0,92.0,4282.0,5506.0,False,False
006208,2022-10-26 10:12:11.208186,0.0,-0.0017889087656529634,0.0,-0.10000000000000142,55.8,55.85,55.85,55.9,1.0,92.0,4282.0,5506.0,False,False
006208,2022-10-26 10:12:11.227661,0.0,-0.0017889087656529634,0.0,-0.10000000000000142,55.8,55.85,55.85,55.9,1.0,92.0,4282.0,5506.0,False,False
006208,2022-10-26 10:12:12.741812,0.0,-0.0017889087656529634,0.0,-0.10000000000000142,55.8,55.85,55.85,55.9,1.0,92.0,4282.0,5506.0,False,False
006208,2022-10-26 10:12:12.747163,0.0,-0.0017889087656529634,0.0,-0.10000000000000142,55.8,55.85,55.85,55.9,1.0,92.0,4282.0,5506.0,False,False
006208,2022-10-26 10:12:15.016480,0.0,-0.0017889087656529634,0.0,-0.10000000000000142,55.8,55.85,55.85,55.9,1.0,92.0,4282.0,5506.0,False,False
006208,2022-10-26 10:12:15.040740,0.0,-0.0017889087656529634,0.0,-0.10000000000000142,55.8,55.85,55.85,55.9,1.0,92.0,4282.0,5506.0,False,False
006208,2022-10-26 10:12:15.114039,0.0,-0.0017889087656529634,0.0,-0.10000000000000142,55.8,55.85,55.85,55.9,1.0,91.0,4282.0,5506.0,False,False
006208,2022-10-26 10:12:15.165884,0.0,-0.0017889087656529634,0.0,-0.10000000000000142,55.8,55.85,55.85,55.9,1.0,91.0,4282.0,5506.0,False,False
006208,2022-10-26 10:12:18.302817,0.0,-0.0017889087656529634,0.0,-0.10000000000000142,55.8,55.85,55.85,55.9,1.0,91.0,4282.0,5506.0,False,False
006208,2022-10-26 10:12:18.306442,0.0,-0.0017889087656529634,0.0,-0.10000000000000142,55.8,55.85,55.85,55.9,1.0,91.0,4282.0,5506.0,False,False
006208,2022-10-26 10:12:18.423803,0.0,-0.0017889087656529634,0.0,-0.10000000000000142,55.8,55.85,55.85,55.9,1.0,91.0,4282.0,5506.0,False,False
006208,2022-10-26 10:12:18.438634,0.0,-0.0017889087656529634,0.0,-0.10000000000000142,55.8,55.85,55.85,55.9,1.0,91.0,4282.0,5506.0,False,False
006208,2022-10-26 10:12:19.330825,0.0,-0.0017889087656529634,0.0,-0.10000000000000142,55.8,55.85,55.85,55.9,1.0,91.0,4282.0,5506.0,False,False
006208,2022-10-26 10:12:20.521838,0.0,-0.0017889087656529634,0.0,-0.10000000000000142,55.8,55.85,55.85,55.9,1.0,90.0,4282.0,5506.0,False,False
006208,2022-10-26 10:12:27.866199,0.0,-0.0017889087656529634,0.0,-0.10000000000000142,55.8,55.85,55.85,55.9,1.0,90.0,4282.0,5506.0,False,False
006208,2022-10-26 10:12:27.866467,0.0,-0.0017889087656529634,0.0,-0.10000000000000142,55.8,55.85,55.85,55.9,1.0,90.0,4282.0,5506.0,False,False
006208,2022-10-26 10:12:28.431345,0.0,-0.0017889087656529634,0.0,-0.10000000000000142,55.8,55.85,55.85,55.9,1.0,90.0,4282.0,5506.0,False,False
006208,2022-10-26 10:12:28.436052,0.0,-0.0017889087656529634,0.0,-0.10000000000000142,55.8,55.85,55.85,55.9,1.0,90.0,4282.0,5506.0,False,False
006208,2022-10-26 10:12:28.562919,0.0,-0.0017889087656529634,0.0,-0.10000000000000142,55.8,55.85,55.85,55.9,1.0,90.0,4282.0,5506.0,False,False
006208,2022-10-26 10:12:28.566056,0.0,-0.0017889087656529634,0.0,-0.10000000000000142,55.8,55.85,55.85,55.9,1.0,90.0,4282.0,5506.0,False,False
006208,2022-10-26 10:12:28.576829,0.0,-0.0017889087656529634,0.0,-0.10000000000000142,55.8,55.85,55.85,55.9,1.0,90.0,4282.0,5506.0,False,False
006208,2022-10-26 10:12:29.276885,0.0,-0.0017889087656529634,0.0,-0.10000000000000142,55.8,55.85,55.85,55.9,1.0,90.0,4282.0,5506.0,False,False
006208,2022-10-26 10:12:29.277035,0.0,-0.0017889087656529634,0.0,-0.10000000000000142,55.8,55.85,55.85,55.9,1.0,90.0,4282.0,5506.0,False,False
006208,2022-10-26 10:12:30.511400,0.0,-0.0017889087656529634,0.0,-0.10000000000000142,55.8,55.85,55.85,55.9,1.0,89.0,4282.0,5506.0,False,False
006208,2022-10-26 10:12:37.799097,0.0,-0.0017889087656529634,0.0,-0.10000000000000142,55.8,55.85,55.85,55.9,1.0,90.0,4282.0,5506.0,False,False
006208,2022-10-26 10:12:37.832156,0.0,-0.0017889087656529634,0.0,-0.10000000000000142,55.8,55.85,55.85,55.9,1.0,90.0,4282.0,5506.0,False,False
006208,2022-10-26 10:12:38.561163,0.0,-0.0017889087656529634,0.0,-0.10000000000000142,55.8,55.85,55.85,55.9,1.0,90.0,4282.0,5506.0,False,False
006208,2022-10-26 10:12:38.563709,0.0,-0.0017889087656529634,0.0,-0.10000000000000142,55.8,55.85,55.85,55.9,1.0,90.0,4282.0,5506.0,False,False
006208,2022-10-26 10:12:38.694475,0.0,-0.0017889087656529634,0.0,-0.10000000000000142,55.8,55.85,55.85,55.9,1.0,90.0,4282.0,5506.0,False,False
006208,2022-10-26 10:12:38.833041,0.0,-0.0017889087656529634,0.0,-0.10000000000000142,55.8,55.85,55.85,55.9,1.0,190.0,4282.0,5506.0,False,False
006208,2022-10-26 10:12:38.833068,0.0,-0.0017889087656529634,0.0,-0.10000000000000142,55.8,55.85,55.85,55.9,1.0,190.0,4282.0,5506.0,False,False
006208,2022-10-26 10:12:40.547548,0.0,-0.0017889087656529634,0.0,-0.10000000000000142,55.8,55.85,55.85,55.9,1.0,189.0,4282.0,5506.0,False,False
006208,2022-10-26 10:12:41.540034,0.0,-0.0017889087656529634,0.0,-0.10000000000000142,55.8,55.85,55.85,55.9,1.0,189.0,4282.0,5506.0,False,False
006208,2022-10-26 10:12:41.540862,0.0,-0.0017889087656529634,0.0,-0.10000000000000142,55.8,55.85,55.85,55.9,1.0,264.0,4282.0,5506.0,False,False
006208,2022-10-26 10:12:41.657192,0.0,-0.0017889087656529634,0.0,-0.10000000000000142,55.8,55.85,55.85,55.9,1.0,264.0,4282.0,5506.0,False,False
006208,2022-10-26 10:12:44.929631,0.0008960573476703981,-0.0026833631484793896,0.05000000000000426,-0.14999999999999858,55.75,55.8,55.85,55.9,258.0,9.0,4282.0,5506.0,False,False
006208,2022-10-26 10:12:44.964574,0.0008960573476703981,-0.0026833631484793896,0.05000000000000426,-0.14999999999999858,55.75,55.8,55.85,55.9,258.0,9.0,4282.0,5506.0,False,False
006208,2022-10-26 10:12:45.007444,0.0008960573476703981,-0.0026833631484793896,0.05000000000000426,-0.14999999999999858,55.75,55.8,55.85,55.9,258.0,9.0,4282.0,5506.0,False,False
006208,2022-10-26 10:12:45.067310,0.0008960573476703981,-0.0026833631484793896,0.05000000000000426,-0.14999999999999858,55.75,55.8,55.85,55.9,218.0,9.0,4282.0,5506.0,False,False
006208,2022-10-26 10:12:45.193719,0.0008960573476703981,-0.0026833631484793896,0.05000000000000426,-0.14999999999999858,55.75,55.8,55.85,55.9,218.0,9.0,4282.0,5506.0,False,False
006208,2022-10-26 10:12:45.627899,0.0008960573476703981,-0.0026833631484793896,0.05000000000000426,-0.14999999999999858,55.75,55.8,55.85,55.9,218.0,9.0,4502.0,5486.0,True,True
006208,2022-10-26 10:12:46.022798,0.0008960573476703981,-0.0026833631484793896,0.05000000000000426,-0.14999999999999858,55.75,55.8,55.85,55.9,218.0,9.0,4502.0,5486.0,False,False
006208,2022-10-26 10:12:46.044040,0.0008960573476703981,-0.0026833631484793896,0.05000000000000426,-0.14999999999999858,55.75,55.8,55.85,55.9,218.0,9.0,4502.0,5486.0,False,False
006208,2022-10-26 10:12:46.204857,0.0008960573476703981,-0.0026833631484793896,0.05000000000000426,-0.14999999999999858,55.75,55.8,55.85,55.9,218.0,9.0,4502.0,5486.0,False,False
006208,2022-10-26 10:12:46.246027,0.0008960573476703981,-0.0026833631484793896,0.05000000000000426,-0.14999999999999858,55.75,55.8,55.85,55.9,218.0,9.0,4502.0,5486.0,False,False
006208,2022-10-26 10:12:46.472359,0.0008960573476703981,-0.0026833631484793896,0.05000000000000426,-0.14999999999999858,55.75,55.8,55.85,55.9,184.0,9.0,4502.0,5486.0,False,False
006208,2022-10-26 10:12:46.537449,0.0008960573476703981,-0.0026833631484793896,0.05000000000000426,-0.14999999999999858,55.75,55.8,55.85,55.9,184.0,9.0,4502.0,5486.0,False,False
006208,2022-10-26 10:12:46.614216,0.0008960573476703981,-0.0026833631484793896,0.05000000000000426,-0.14999999999999858,55.75,55.8,55.85,55.9,184.0,9.0,4502.0,5486.0,False,False
006208,2022-10-26 10:12:47.045017,0.0008960573476703981,-0.0026833631484793896,0.05000000000000426,-0.14999999999999858,55.75,55.8,55.85,55.9,184.0,9.0,4502.0,5486.0,False,False
006208,2022-10-26 10:12:47.045244,0.0008960573476703981,-0.0026833631484793896,0.05000000000000426,-0.14999999999999858,55.75,55.8,55.85,55.9,259.0,9.0,4502.0,5486.0,False,False
006208,2022-10-26 10:12:47.150285,0.0008960573476703981,-0.0026833631484793896,0.05000000000000426,-0.14999999999999858,55.75,55.8,55.85,55.9,259.0,9.0,4502.0,5486.0,False,False
006208,2022-10-26 10:12:47.306700,0.0008960573476703981,-0.0026833631484793896,0.05000000000000426,-0.14999999999999858,55.75,55.8,55.85,55.9,259.0,9.0,4502.0,5486.0,False,False
006208,2022-10-26 10:12:48.151120,0.0008960573476703981,-0.0026833631484793896,0.05000000000000426,-0.14999999999999858,55.75,55.8,55.85,55.9,359.0,9.0,4502.0,5486.0,False,False
006208,2022-10-26 10:12:48.599931,0.0008960573476703981,-0.0026833631484793896,0.05000000000000426,-0.14999999999999858,55.75,55.8,55.85,55.9,282.0,9.0,4502.0,5486.0,False,False
006208,2022-10-26 10:12:49.152667,0.0008960573476703981,-0.0026833631484793896,0.05000000000000426,-0.14999999999999858,55.75,55.8,55.85,55.9,282.0,8.0,4502.0,5486.0,False,False
006208,2022-10-26 10:12:52.791331,0.0008960573476703981,-0.0026833631484793896,0.05000000000000426,-0.14999999999999858,55.75,55.8,55.85,55.9,205.0,8.0,4502.0,5486.0,False,False
006208,2022-10-26 10:12:55.192683,0.0008960573476703981,-0.0026833631484793896,0.05000000000000426,-0.14999999999999858,55.75,55.8,55.85,55.9,205.0,8.0,4502.0,5486.0,False,False
006208,2022-10-26 10:12:55.195404,0.0008960573476703981,-0.0026833631484793896,0.05000000000000426,-0.14999999999999858,55.75,55.8,55.85,55.9,205.0,8.0,4502.0,5486.0,False,False
006208,2022-10-26 10:12:55.320561,0.0008960573476703981,-0.0026833631484793896,0.05000000000000426,-0.14999999999999858,55.75,55.8,55.85,55.9,205.0,8.0,4502.0,5486.0,False,False
006208,2022-10-26 10:12:55.333709,0.0008960573476703981,-0.0026833631484793896,0.05000000000000426,-0.14999999999999858,55.75,55.8,55.85,55.9,205.0,8.0,4502.0,5486.0,False,False
006208,2022-10-26 10:12:55.670221,0.0008960573476703981,-0.0026833631484793896,0.05000000000000426,-0.14999999999999858,55.75,55.8,55.85,55.9,205.0,8.0,4552.0,5486.0,True,True
006208,2022-10-26 10:12:59.943186,0.0008960573476703981,-0.0026833631484793896,0.05000000000000426,-0.14999999999999858,55.75,55.8,55.85,55.9,205.0,8.0,4552.0,5486.0,False,False
006208,2022-10-26 10:12:59.943328,0.0008960573476703981,-0.0026833631484793896,0.05000000000000426,-0.14999999999999858,55.75,55.8,55.85,55.9,205.0,8.0,4552.0,5486.0,False,False
006208,2022-10-26 10:13:00.526723,0.0008960573476703981,-0.0026833631484793896,0.05000000000000426,-0.14999999999999858,55.75,55.8,55.85,55.9,205.0,7.0,4552.0,5486.0,False,False
006208,2022-10-26 10:13:00.822811,0.0008960573476703981,-0.0026833631484793896,0.05000000000000426,-0.14999999999999858,55.75,55.8,55.85,55.9,205.0,7.0,4552.0,5486.0,False,False
006208,2022-10-26 10:13:00.828224,0.0008960573476703981,-0.0026833631484793896,0.05000000000000426,-0.14999999999999858,55.75,55.8,55.85,55.9,205.0,7.0,4552.0,5486.0,False,False
006208,2022-10-26 10:13:00.889777,0.0008960573476703981,-0.0026833631484793896,0.05000000000000426,-0.14999999999999858,55.75,55.8,55.85,55.9,205.0,7.0,4552.0,5486.0,False,False
006208,2022-10-26 10:13:04.912057,0.0008960573476703981,-0.0026833631484793896,0.05000000000000426,-0.14999999999999858,55.75,55.8,55.85,55.9,205.0,7.0,4552.0,5486.0,False,True
006208,2022-10-26 10:13:05.320851,0.0008960573476703981,-0.0026833631484793896,0.05000000000000426,-0.14999999999999858,55.75,55.8,55.85,55.9,205.0,7.0,4552.0,5486.0,False,False
006208,2022-10-26 10:13:05.323340,0.0008960573476703981,-0.0026833631484793896,0.05000000000000426,-0.14999999999999858,55.75,55.8,55.85,55.9,205.0,7.0,4552.0,5486.0,False,False
006208,2022-10-26 10:13:05.448963,0.0008960573476703981,-0.0026833631484793896,0.05000000000000426,-0.14999999999999858,55.75,55.8,55.85,55.9,205.0,7.0,4552.0,5486.0,False,False
006208,2022-10-26 10:13:05.458275,0.0008960573476703981,-0.0026833631484793896,0.05000000000000426,-0.14999999999999858,55.75,55.8,55.85,55.9,205.0,7.0,4552.0,5486.0,False,False
006208,2022-10-26 10:13:06.238231,0.0008960573476703981,-0.0026833631484793896,0.05000000000000426,-0.14999999999999858,55.75,55.8,55.85,55.9,205.0,7.0,4552.0,5486.0,False,False
006208,2022-10-26 10:13:06.238435,0.0008960573476703981,-0.0026833631484793896,0.05000000000000426,-0.14999999999999858,55.75,55.8,55.85,55.9,205.0,7.0,4552.0,5486.0,False,False
006208,2022-10-26 10:13:06.996989,0.0008960573476703981,-0.0026833631484793896,0.05000000000000426,-0.14999999999999858,55.75,55.8,55.85,55.9,205.0,7.0,4552.0,5486.0,False,False
006208,2022-10-26 10:13:06.997231,0.0008960573476703981,-0.0026833631484793896,0.05000000000000426,-0.14999999999999858,55.75,55.8,55.85,55.9,205.0,7.0,4552.0,5486.0,False,False
006208,2022-10-26 10:13:07.759931,0.0008960573476703981,-0.0026833631484793896,0.05000000000000426,-0.14999999999999858,55.75,55.8,55.85,55.9,205.0,7.0,4552.0,5486.0,False,False
006208,2022-10-26 10:13:07.759948,0.0008960573476703981,-0.0026833631484793896,0.05000000000000426,-0.14999999999999858,55.75,55.8,55.85,55.9,205.0,7.0,4552.0,5486.0,False,False
006208,2022-10-26 10:13:10.547000,0.0008960573476703981,-0.0026833631484793896,0.05000000000000426,-0.14999999999999858,55.75,55.8,55.85,55.9,205.0,6.0,4552.0,5486.0,False,False
006208,2022-10-26 10:13:10.926685,0.0008960573476703981,-0.0026833631484793896,0.05000000000000426,-0.14999999999999858,55.75,55.8,55.85,55.9,205.0,6.0,4552.0,5486.0,False,False
006208,2022-10-26 10:13:10.931969,0.0008960573476703981,-0.0026833631484793896,0.05000000000000426,-0.14999999999999858,55.75,55.8,55.85,55.9,205.0,6.0,4552.0,5486.0,False,False
006208,2022-10-26 10:13:13.195429,0.0008960573476703981,-0.0026833631484793896,0.05000000000000426,-0.14999999999999858,55.75,55.8,55.85,55.9,205.0,6.0,4552.0,5486.0,False,False
006208,2022-10-26 10:13:13.205777,0.0008960573476703981,-0.0026833631484793896,0.05000000000000426,-0.14999999999999858,55.75,55.8,55.85,55.9,205.0,6.0,4552.0,5486.0,False,False
006208,2022-10-26 10:13:13.210597,0.0008960573476703981,-0.0026833631484793896,0.05000000000000426,-0.14999999999999858,55.75,55.8,55.85,55.9,205.0,6.0,4552.0,5486.0,False,False
006208,2022-10-26 10:13:13.953296,0.0008960573476703981,-0.0026833631484793896,0.05000000000000426,-0.14999999999999858,55.75,55.8,55.85,55.9,205.0,6.0,4552.0,5486.0,False,False
006208,2022-10-26 10:13:14.962554,0.0008960573476703981,-0.0026833631484793896,0.05000000000000426,-0.14999999999999858,55.75,55.8,55.85,55.9,205.0,6.0,4332.0,5486.0,True,True
006208,2022-10-26 10:13:15.464747,0.0008960573476703981,-0.0026833631484793896,0.05000000000000426,-0.14999999999999858,55.75,55.8,55.85,55.9,205.0,6.0,4332.0,5486.0,False,False
006208,2022-10-26 10:13:15.476064,0.0008960573476703981,-0.0026833631484793896,0.05000000000000426,-0.14999999999999858,55.75,55.8,55.85,55.9,205.0,6.0,4332.0,5486.0,False,False
006208,2022-10-26 10:13:15.616663,0.0008960573476703981,-0.0026833631484793896,0.05000000000000426,-0.14999999999999858,55.75,55.8,55.85,55.9,205.0,6.0,4332.0,5486.0,False,False
006208,2022-10-26 10:13:19.087092,0.0008960573476703981,-0.0026833631484793896,0.05000000000000426,-0.14999999999999858,55.75,55.8,55.85,55.9,205.0,6.0,4332.0,5486.0,False,False
006208,2022-10-26 10:13:19.092177,0.0008960573476703981,-0.0026833631484793896,0.05000000000000426,-0.14999999999999858,55.75,55.8,55.85,55.9,205.0,6.0,4332.0,5486.0,False,False
006208,2022-10-26 10:13:19.097352,0.0008960573476703981,-0.0026833631484793896,0.05000000000000426,-0.14999999999999858,55.75,55.8,55.85,55.9,205.0,6.0,4332.0,5486.0,False,False
006208,2022-10-26 10:13:19.276552,0.0,-0.0026833631484793896,0.0,-0.14999999999999858,55.75,55.85,55.85,55.9,205.0,130.0,4332.0,5486.0,False,False
006208,2022-10-26 10:13:19.432486,0.0,-0.0026833631484793896,0.0,-0.14999999999999858,55.75,55.85,55.85,55.9,205.0,90.0,4332.0,5486.0,False,False
006208,2022-10-26 10:13:19.564373,0.0,-0.0026833631484793896,0.0,-0.14999999999999858,55.75,55.85,55.85,55.9,205.0,90.0,4332.0,5486.0,False,False
006208,2022-10-26 10:13:20.536842,0.0,-0.0026833631484793896,0.0,-0.14999999999999858,55.75,55.85,55.85,55.9,205.0,89.0,4332.0,5486.0,False,False
006208,2022-10-26 10:13:21.500532,0.0,-0.0026833631484793896,0.0,-0.14999999999999858,55.75,55.85,55.85,55.9,205.0,89.0,4332.0,5486.0,False,False
006208,2022-10-26 10:13:21.512469,0.0,-0.0026833631484793896,0.0,-0.14999999999999858,55.75,55.85,55.85,55.9,205.0,89.0,4332.0,5486.0,False,False
006208,2022-10-26 10:13:21.647979,0.0,-0.0026833631484793896,0.0,-0.14999999999999858,55.75,55.85,55.85,55.9,205.0,89.0,4332.0,5486.0,False,False
006208,2022-10-26 10:13:22.175326,0.0,-0.0026833631484793896,0.0,-0.14999999999999858,55.75,55.85,55.85,55.9,205.0,88.0,4332.0,5486.0,False,False
006208,2022-10-26 10:13:24.806632,0.0,-0.0026833631484793896,0.0,-0.14999999999999858,55.75,55.85,55.85,55.9,205.0,88.0,4332.0,5486.0,False,False
006208,2022-10-26 10:13:24.816382,0.0,-0.0026833631484793896,0.0,-0.14999999999999858,55.75,55.85,55.85,55.9,205.0,88.0,4332.0,5486.0,False,False
006208,2022-10-26 10:13:24.848025,0.0,-0.0026833631484793896,0.0,-0.14999999999999858,55.75,55.85,55.85,55.9,205.0,88.0,4332.0,5486.0,False,False
006208,2022-10-26 10:13:29.155335,0.0,-0.0026833631484793896,0.0,-0.14999999999999858,55.75,55.85,55.85,55.9,205.0,88.0,4332.0,5486.0,False,False
006208,2022-10-26 10:13:29.188736,0.0,-0.0026833631484793896,0.0,-0.14999999999999858,55.75,55.85,55.85,55.9,105.0,163.0,4332.0,5486.0,False,False
006208,2022-10-26 10:13:29.275896,0.0,-0.0026833631484793896,0.0,-0.14999999999999858,55.75,55.85,55.85,55.9,105.0,163.0,4332.0,5486.0,False,False
006208,2022-10-26 10:13:29.561991,0.0,-0.0026833631484793896,0.0,-0.14999999999999858,55.75,55.85,55.85,55.9,105.0,163.0,4332.0,5486.0,False,False
006208,2022-10-26 10:13:29.567773,0.0,-0.0026833631484793896,0.0,-0.14999999999999858,55.75,55.85,55.85,55.9,105.0,163.0,4332.0,5486.0,False,False
006208,2022-10-26 10:13:29.703689,0.0,-0.0026833631484793896,0.0,-0.14999999999999858,55.75,55.85,55.85,55.9,105.0,163.0,4332.0,5486.0,False,False
006208,2022-10-26 10:13:30.190330,0.0,-0.0026833631484793896,0.0,-0.14999999999999858,55.75,55.85,55.85,55.9,105.0,263.0,4332.0,5486.0,False,False
006208,2022-10-26 10:13:30.557428,0.0,-0.0026833631484793896,0.0,-0.14999999999999858,55.75,55.85,55.85,55.9,105.0,262.0,4332.0,5486.0,False,False
006208,2022-10-26 10:13:32.769203,0.0,-0.0026833631484793896,0.0,-0.14999999999999858,55.75,55.85,55.85,55.9,105.0,262.0,4332.0,5486.0,False,False
006208,2022-10-26 10:13:32.769447,0.0,-0.0026833631484793896,0.0,-0.14999999999999858,55.75,55.85,55.85,55.9,105.0,262.0,4332.0,5486.0,False,False
006208,2022-10-26 10:13:34.246882,0.0,-0.0026833631484793896,0.0,-0.14999999999999858,55.75,55.85,55.85,55.9,30.0,262.0,4332.0,5486.0,False,False
006208,2022-10-26 10:13:34.247595,0.0,-0.0026833631484793896,0.0,-0.14999999999999858,55.75,55.85,55.85,55.9,30.0,262.0,4332.0,5486.0,False,False
006208,2022-10-26 10:13:34.393210,0.0,-0.0026833631484793896,0.0,-0.14999999999999858,55.75,55.85,55.85,55.9,30.0,262.0,4332.0,5486.0,False,False
006208,2022-10-26 10:13:35.043890,0.0,-0.0026833631484793896,0.0,-0.14999999999999858,55.75,55.85,55.85,55.9,30.0,262.0,4332.0,5482.0,True,True
006208,2022-10-26 10:13:35.433599,0.0,-0.0026833631484793896,0.0,-0.14999999999999858,55.75,55.85,55.85,55.9,30.0,262.0,4332.0,5482.0,False,False
006208,2022-10-26 10:13:35.433942,0.0,-0.0026833631484793896,0.0,-0.14999999999999858,55.75,55.85,55.85,55.9,30.0,262.0,4332.0,5482.0,False,False
006208,2022-10-26 10:13:35.530966,0.0,-0.0026833631484793896,0.0,-0.14999999999999858,55.75,55.85,55.85,55.9,30.0,262.0,4332.0,5482.0,False,False
006208,2022-10-26 10:13:35.658610,0.0,-0.0026833631484793896,0.0,-0.14999999999999858,55.75,55.85,55.85,55.9,30.0,262.0,4332.0,5482.0,False,False
006208,2022-10-26 10:13:37.502903,0.0,-0.0026833631484793896,0.0,-0.14999999999999858,55.75,55.85,55.85,55.9,30.0,262.0,4332.0,5482.0,False,False
006208,2022-10-26 10:13:37.526438,0.0,-0.0026833631484793896,0.0,-0.14999999999999858,55.75,55.85,55.85,55.9,105.0,162.0,4332.0,5482.0,False,False
006208,2022-10-26 10:13:38.527022,0.0,-0.0026833631484793896,0.0,-0.14999999999999858,55.75,55.85,55.85,55.9,205.0,162.0,4332.0,5482.0,False,False
006208,2022-10-26 10:13:38.585815,0.0,-0.0026833631484793896,0.0,-0.14999999999999858,55.75,55.85,55.85,55.9,205.0,162.0,4332.0,5482.0,False,False
006208,2022-10-26 10:13:38.600455,0.0,-0.0026833631484793896,0.0,-0.14999999999999858,55.75,55.85,55.85,55.9,205.0,162.0,4332.0,5482.0,False,False
006208,2022-10-26 10:13:39.344228,0.0,-0.0026833631484793896,0.0,-0.14999999999999858,55.75,55.85,55.85,55.9,205.0,162.0,4332.0,5482.0,False,False
006208,2022-10-26 10:13:39.685396,0.0,-0.0026833631484793896,0.0,-0.14999999999999858,55.75,55.85,55.85,55.9,205.0,162.0,4332.0,5482.0,False,False
006208,2022-10-26 10:13:39.691953,0.0,-0.0026833631484793896,0.0,-0.14999999999999858,55.75,55.85,55.85,55.9,205.0,162.0,4332.0,5482.0,False,False
006208,2022-10-26 10:13:39.825437,0.0,-0.0026833631484793896,0.0,-0.14999999999999858,55.75,55.85,55.85,55.9,205.0,162.0,4332.0,5482.0,False,False
006208,2022-10-26 10:13:40.488692,0.0,-0.0026833631484793896,0.0,-0.14999999999999858,55.75,55.85,55.85,55.9,205.0,162.0,4332.0,5482.0,False,False
006208,2022-10-26 10:13:40.546984,0.0,-0.0026833631484793896,0.0,-0.14999999999999858,55.75,55.85,55.85,55.9,205.0,161.0,4332.0,5482.0,False,False
006208,2022-10-26 10:13:40.499312,0.0,-0.0026833631484793896,0.0,-0.14999999999999858,55.75,55.85,55.85,55.9,205.0,162.0,4332.0,5482.0,False,False
006208,2022-10-26 10:13:40.921996,0.0,-0.0026833631484793896,0.0,-0.14999999999999858,55.75,55.85,55.85,55.9,205.0,161.0,4332.0,5482.0,False,False
006208,2022-10-26 10:13:40.932658,0.0,-0.0026833631484793896,0.0,-0.14999999999999858,55.75,55.85,55.85,55.9,205.0,161.0,4332.0,5482.0,False,False
006208,2022-10-26 10:13:41.023702,0.0,-0.0026833631484793896,0.0,-0.14999999999999858,55.75,55.85,55.85,55.9,205.0,161.0,4332.0,5482.0,False,False
006208,2022-10-26 10:13:43.753581,0.0,-0.0026833631484793896,0.0,-0.14999999999999858,55.75,55.85,55.85,55.9,205.0,161.0,4332.0,5482.0,False,False
006208,2022-10-26 10:13:43.851845,0.0,-0.0026833631484793896,0.0,-0.14999999999999858,55.75,55.85,55.85,55.9,105.0,161.0,4332.0,5482.0,False,False
006208,2022-10-26 10:13:43.857826,0.0,-0.0026833631484793896,0.0,-0.14999999999999858,55.75,55.85,55.85,55.9,105.0,161.0,4332.0,5482.0,False,False
006208,2022-10-26 10:13:44.784307,0.0,-0.0026833631484793896,0.0,-0.14999999999999858,55.75,55.85,55.85,55.9,205.0,161.0,4332.0,5482.0,False,False
006208,2022-10-26 10:13:44.851765,0.0,-0.0026833631484793896,0.0,-0.14999999999999858,55.75,55.85,55.85,55.9,205.0,161.0,4332.0,5482.0,False,False
006208,2022-10-26 10:13:44.858209,0.0,-0.0026833631484793896,0.0,-0.14999999999999858,55.75,55.85,55.85,55.9,205.0,161.0,4332.0,5482.0,False,False
006208,2022-10-26 10:13:45.091628,0.0,-0.0026833631484793896,0.0,-0.14999999999999858,55.75,55.85,55.85,55.9,205.0,161.0,4352.0,5462.0,True,True
006208,2022-10-26 10:13:45.116498,0.0,-0.0026833631484793896,0.0,-0.14999999999999858,55.75,55.85,55.85,55.9,205.0,161.0,4352.0,5462.0,False,False
006208,2022-10-26 10:13:45.116573,0.0,-0.0026833631484793896,0.0,-0.14999999999999858,55.75,55.85,55.85,55.9,205.0,161.0,4352.0,5462.0,False,False
006208,2022-10-26 10:13:46.217512,0.0,-0.0026833631484793896,0.0,-0.14999999999999858,55.75,55.85,55.85,55.9,205.0,161.0,4352.0,5462.0,False,False
006208,2022-10-26 10:13:46.217811,0.0,-0.0026833631484793896,0.0,-0.14999999999999858,55.75,55.85,55.85,55.9,205.0,161.0,4352.0,5462.0,False,False
006208,2022-10-26 10:13:49.819124,0.0,-0.0026833631484793896,0.0,-0.14999999999999858,55.75,55.85,55.85,55.9,205.0,161.0,4352.0,5462.0,False,False
006208,2022-10-26 10:13:49.822424,0.0,-0.0026833631484793896,0.0,-0.14999999999999858,55.75,55.85,55.85,55.9,205.0,161.0,4352.0,5462.0,False,False
006208,2022-10-26 10:13:49.957653,0.0,-0.0026833631484793896,0.0,-0.14999999999999858,55.75,55.85,55.85,55.9,205.0,161.0,4352.0,5462.0,False,False
006208,2022-10-26 10:13:55.146162,0.0,-0.0026833631484793896,0.0,-0.14999999999999858,55.75,55.85,55.85,55.9,205.0,161.0,4352.0,5462.0,True,True
006208,2022-10-26 10:13:55.472111,0.0,-0.0017889087656529634,0.0,-0.10000000000000142,55.8,55.85,55.85,55.9,1.0,161.0,4352.0,5462.0,False,False
006208,2022-10-26 10:13:55.503887,0.0,-0.0017889087656529634,0.0,-0.10000000000000142,55.8,55.85,55.85,55.9,1.0,161.0,4352.0,5462.0,False,False
006208,2022-10-26 10:13:55.526684,0.0,-0.0017889087656529634,0.0,-0.10000000000000142,55.8,55.85,55.85,55.9,1.0,161.0,4352.0,5462.0,False,False
006208,2022-10-26 10:13:55.625451,0.0,-0.0017889087656529634,0.0,-0.10000000000000142,55.8,55.85,55.85,55.9,1.0,161.0,4352.0,5462.0,False,False
006208,2022-10-26 10:13:55.744871,0.0,-0.0017889087656529634,0.0,-0.10000000000000142,55.8,55.85,55.85,55.9,1.0,161.0,4352.0,5462.0,False,False
006208,2022-10-26 10:13:56.256122,0.0,-0.0017889087656529634,0.0,-0.10000000000000142,55.8,55.85,55.85,55.9,1.0,160.0,4352.0,5462.0,False,False
006208,2022-10-26 10:13:56.285398,0.0,-0.0017889087656529634,0.0,-0.10000000000000142,55.8,55.85,55.85,55.9,1.0,160.0,4352.0,5462.0,False,False
006208,2022-10-26 10:13:56.353638,0.0,-0.0017889087656529634,0.0,-0.10000000000000142,55.8,55.85,55.85,55.9,1.0,160.0,4352.0,5462.0,False,False
006208,2022-10-26 10:13:56.967410,0.0,-0.0017889087656529634,0.0,-0.10000000000000142,55.8,55.85,55.85,55.9,1.0,160.0,4352.0,5462.0,False,False
006208,2022-10-26 10:13:57.286956,0.0,-0.0017889087656529634,0.0,-0.10000000000000142,55.8,55.85,55.85,55.9,1.0,260.0,4352.0,5462.0,False,False
006208,2022-10-26 10:13:57.333195,0.0,-0.0017889087656529634,0.0,-0.10000000000000142,55.8,55.85,55.85,55.9,1.0,260.0,4352.0,5462.0,False,False
006208,2022-10-26 10:13:57.367212,0.0,-0.0017889087656529634,0.0,-0.10000000000000142,55.8,55.85,55.85,55.9,1.0,260.0,4352.0,5462.0,False,False
006208,2022-10-26 10:14:00.556903,0.0,-0.0017889087656529634,0.0,-0.10000000000000142,55.8,55.85,55.85,55.9,1.0,259.0,4352.0,5462.0,False,False
006208,2022-10-26 10:14:01.398124,0.0,-0.0017889087656529634,0.0,-0.10000000000000142,55.8,55.85,55.85,55.9,1.0,259.0,4352.0,5462.0,False,False
006208,2022-10-26 10:14:01.405991,0.0,-0.0017889087656529634,0.0,-0.10000000000000142,55.8,55.85,55.85,55.9,1.0,259.0,4352.0,5462.0,False,False
006208,2022-10-26 10:14:02.365318,0.0,-0.0017889087656529634,0.0,-0.10000000000000142,55.8,55.85,55.85,55.9,1.0,259.0,4352.0,5462.0,False,False
006208,2022-10-26 10:14:02.487674,0.0,-0.0017889087656529634,0.0,-0.10000000000000142,55.8,55.85,55.85,55.9,1.0,159.0,4352.0,5462.0,False,False
006208,2022-10-26 10:14:02.496286,0.0,-0.0017889087656529634,0.0,-0.10000000000000142,55.8,55.85,55.85,55.9,1.0,159.0,4352.0,5462.0,False,False
006208,2022-10-26 10:14:02.705351,0.0,-0.0017889087656529634,0.0,-0.10000000000000142,55.8,55.85,55.85,55.9,1.0,159.0,4352.0,5462.0,False,False
006208,2022-10-26 10:14:03.388730,0.0,-0.0017889087656529634,0.0,-0.10000000000000142,55.8,55.85,55.85,55.9,1.0,159.0,4352.0,5462.0,False,False
006208,2022-10-26 10:14:03.460331,0.0,-0.0017889087656529634,0.0,-0.10000000000000142,55.8,55.85,55.85,55.9,1.0,159.0,4352.0,5462.0,False,False
006208,2022-10-26 10:14:04.520258,0.0,-0.0017889087656529634,0.0,-0.10000000000000142,55.8,55.85,55.85,55.9,1.0,159.0,4352.0,5462.0,False,False
006208,2022-10-26 10:14:04.524140,0.0,-0.0017889087656529634,0.0,-0.10000000000000142,55.8,55.85,55.85,55.9,1.0,159.0,4352.0,5462.0,False,False
006208,2022-10-26 10:14:05.177772,0.0,-0.0017889087656529634,0.0,-0.10000000000000142,55.8,55.85,55.85,55.9,1.0,159.0,4352.0,5462.0,False,False
006208,2022-10-26 10:14:05.189777,0.0,-0.0017889087656529634,0.0,-0.10000000000000142,55.8,55.85,55.85,55.9,1.0,159.0,4352.0,5462.0,True,True
006208,2022-10-26 10:14:05.217375,0.0,-0.0017889087656529634,0.0,-0.10000000000000142,55.8,55.85,55.85,55.9,1.0,159.0,4352.0,5462.0,False,False
006208,2022-10-26 10:14:05.352951,0.0,-0.0017889087656529634,0.0,-0.10000000000000142,55.8,55.85,55.85,55.9,1.0,159.0,4352.0,5462.0,False,False
006208,2022-10-26 10:14:05.727548,0.0,-0.0017889087656529634,0.0,-0.10000000000000142,55.8,55.85,55.85,55.9,1.0,159.0,4352.0,5462.0,False,False
006208,2022-10-26 10:14:05.732039,0.0,-0.0017889087656529634,0.0,-0.10000000000000142,55.8,55.85,55.85,55.9,1.0,159.0,4352.0,5462.0,False,False
006208,2022-10-26 10:14:05.863161,0.0,-0.0017889087656529634,0.0,-0.10000000000000142,55.8,55.85,55.85,55.9,1.0,159.0,4352.0,5462.0,False,False
006208,2022-10-26 10:14:05.869286,0.0,-0.0017889087656529634,0.0,-0.10000000000000142,55.8,55.85,55.85,55.9,1.0,159.0,4352.0,5462.0,False,False
006208,2022-10-26 10:14:06.218566,0.0,-0.0017889087656529634,0.0,-0.10000000000000142,55.8,55.85,55.85,55.9,1.0,259.0,4352.0,5462.0,False,False
006208,2022-10-26 10:14:06.283011,0.0,-0.0017889087656529634,0.0,-0.10000000000000142,55.8,55.85,55.85,55.9,1.0,259.0,4352.0,5462.0,False,False
006208,2022-10-26 10:14:06.283397,0.0,-0.0017889087656529634,0.0,-0.10000000000000142,55.8,55.85,55.85,55.9,1.0,259.0,4352.0,5462.0,False,False
006208,2022-10-26 10:14:06.375779,0.0,-0.0017889087656529634,0.0,-0.10000000000000142,55.8,55.85,55.85,55.9,1.0,259.0,4352.0,5462.0,False,False
006208,2022-10-26 10:14:07.705199,0.0,-0.0017889087656529634,0.0,-0.10000000000000142,55.8,55.85,55.85,55.9,1.0,259.0,4352.0,5462.0,False,False
006208,2022-10-26 10:14:07.731428,0.0,-0.0017889087656529634,0.0,-0.10000000000000142,55.8,55.85,55.85,55.9,1.0,159.0,4352.0,5462.0,False,False
006208,2022-10-26 10:14:07.812073,0.0,-0.0017889087656529634,0.0,-0.10000000000000142,55.8,55.85,55.85,55.9,1.0,159.0,4352.0,5462.0,False,False
006208,2022-10-26 10:14:08.732102,0.0,-0.0017889087656529634,0.0,-0.10000000000000142,55.8,55.85,55.85,55.9,1.0,159.0,4352.0,5462.0,False,False
006208,2022-10-26 10:14:08.811892,0.0,-0.0017889087656529634,0.0,-0.10000000000000142,55.8,55.85,55.85,55.9,1.0,159.0,4352.0,5462.0,False,False
006208,2022-10-26 10:14:10.561957,0.0,-0.0017889087656529634,0.0,-0.10000000000000142,55.8,55.85,55.85,55.9,1.0,158.0,4352.0,5462.0,False,False
006208,2022-10-26 10:14:13.495746,0.0,-0.0017889087656529634,0.0,-0.10000000000000142,55.8,55.85,55.85,55.9,1.0,83.0,4352.0,5462.0,False,False
006208,2022-10-26 10:14:13.495939,0.0,-0.0017889087656529634,0.0,-0.10000000000000142,55.8,55.85,55.85,55.9,1.0,83.0,4352.0,5462.0,False,False
006208,2022-10-26 10:14:15.860519,0.0,-0.0017889087656529634,0.0,-0.10000000000000142,55.8,55.85,55.85,55.9,1.0,83.0,4352.0,5462.0,False,False
006208,2022-10-26 10:14:15.865136,0.0,-0.0017889087656529634,0.0,-0.10000000000000142,55.8,55.85,55.85,55.9,1.0,83.0,4352.0,5462.0,False,False
006208,2022-10-26 10:14:15.998880,0.0,-0.0017889087656529634,0.0,-0.10000000000000142,55.8,55.85,55.85,55.9,1.0,83.0,4352.0,5462.0,False,False
006208,2022-10-26 10:14:16.629495,0.0,-0.0017889087656529634,0.0,-0.10000000000000142,55.8,55.85,55.85,55.9,1.0,83.0,4352.0,5462.0,False,False
006208,2022-10-26 10:14:16.723617,0.0,-0.0017889087656529634,0.0,-0.10000000000000142,55.8,55.85,55.85,55.9,1.0,158.0,4352.0,5462.0,False,False
006208,2022-10-26 10:14:16.795830,0.0,-0.0017889087656529634,0.0,-0.10000000000000142,55.8,55.85,55.85,55.9,1.0,158.0,4352.0,5462.0,False,False
006208,2022-10-26 10:14:17.652241,0.0,-0.0017889087656529634,0.0,-0.10000000000000142,55.8,55.85,55.85,55.9,1.0,258.0,4352.0,5462.0,False,False
006208,2022-10-26 10:14:17.708360,0.0,-0.0017889087656529634,0.0,-0.10000000000000142,55.8,55.85,55.85,55.9,1.0,258.0,4352.0,5462.0,False,False
006208,2022-10-26 10:14:17.820005,0.0,-0.0017889087656529634,0.0,-0.10000000000000142,55.8,55.85,55.85,55.9,1.0,258.0,4352.0,5462.0,False,False
006208,2022-10-26 10:14:20.598038,0.0,-0.0017889087656529634,0.0,-0.10000000000000142,55.8,55.85,55.85,55.9,1.0,257.0,4352.0,5462.0,False,False
006208,2022-10-26 10:14:23.813404,0.0,-0.0017889087656529634,0.0,-0.10000000000000142,55.8,55.85,55.85,55.9,1.0,257.0,4352.0,5462.0,False,False
006208,2022-10-26 10:14:24.086535,0.0,-0.0017889087656529634,0.0,-0.10000000000000142,55.8,55.85,55.85,55.9,1.0,257.0,4352.0,5462.0,False,False
006208,2022-10-26 10:14:25.987998,0.0,-0.0017889087656529634,0.0,-0.10000000000000142,55.8,55.85,55.85,55.9,1.0,257.0,4352.0,5462.0,False,False
006208,2022-10-26 10:14:25.991493,0.0,-0.0017889087656529634,0.0,-0.10000000000000142,55.8,55.85,55.85,55.9,1.0,257.0,4352.0,5462.0,False,False
006208,2022-10-26 10:14:26.128585,0.0,-0.0017889087656529634,0.0,-0.10000000000000142,55.8,55.85,55.85,55.9,1.0,257.0,4352.0,5462.0,False,False
006208,2022-10-26 10:14:26.141857,0.0,-0.0017889087656529634,0.0,-0.10000000000000142,55.8,55.85,55.85,55.9,1.0,257.0,4352.0,5462.0,False,False
006208,2022-10-26 10:14:29.216775,0.0,-0.0017889087656529634,0.0,-0.10000000000000142,55.8,55.85,55.85,55.9,1.0,257.0,4352.0,5462.0,False,False
006208,2022-10-26 10:14:29.284321,0.0,-0.0017889087656529634,0.0,-0.10000000000000142,55.8,55.85,55.85,55.9,1.0,256.0,4352.0,5462.0,False,False
006208,2022-10-26 10:14:29.296236,0.0,-0.0017889087656529634,0.0,-0.10000000000000142,55.8,55.85,55.85,55.9,1.0,256.0,4352.0,5462.0,False,False
006208,2022-10-26 10:14:30.572185,0.0,-0.0017889087656529634,0.0,-0.10000000000000142,55.8,55.85,55.85,55.9,1.0,255.0,4352.0,5462.0,False,False
006208,2022-10-26 10:14:35.309529,0.0,-0.0017889087656529634,0.0,-0.10000000000000142,55.8,55.85,55.85,55.9,1.0,255.0,4372.0,5282.0,True,True
006208,2022-10-26 10:14:36.117084,0.0,-0.0017889087656529634,0.0,-0.10000000000000142,55.8,55.85,55.85,55.9,1.0,255.0,4372.0,5282.0,False,False
006208,2022-10-26 10:14:36.123389,0.0,-0.0017889087656529634,0.0,-0.10000000000000142,55.8,55.85,55.85,55.9,1.0,255.0,4372.0,5282.0,False,False
006208,2022-10-26 10:14:36.140599,0.0,-0.0017889087656529634,0.0,-0.10000000000000142,55.8,55.85,55.85,55.9,1.0,155.0,4372.0,5282.0,False,False
006208,2022-10-26 10:14:36.368842,0.0,-0.0017889087656529634,0.0,-0.10000000000000142,55.8,55.85,55.85,55.9,1.0,155.0,4372.0,5282.0,False,False
006208,2022-10-26 10:14:36.425840,0.0,-0.0017889087656529634,0.0,-0.10000000000000142,55.8,55.85,55.85,55.9,1.0,155.0,4372.0,5282.0,False,False
006208,2022-10-26 10:14:37.141328,0.0,-0.0017889087656529634,0.0,-0.10000000000000142,55.8,55.85,55.85,55.9,1.0,155.0,4372.0,5282.0,False,False
006208,2022-10-26 10:14:37.191174,0.0,-0.0017889087656529634,0.0,-0.10000000000000142,55.8,55.85,55.85,55.9,1.0,155.0,4372.0,5282.0,False,False
006208,2022-10-26 10:14:40.183057,0.0,-0.0017889087656529634,0.0,-0.10000000000000142,55.8,55.85,55.85,55.9,1.0,80.0,4372.0,5282.0,False,False
006208,2022-10-26 10:14:40.188360,0.0,-0.0017889087656529634,0.0,-0.10000000000000142,55.8,55.85,55.85,55.9,1.0,80.0,4372.0,5282.0,False,False
006208,2022-10-26 10:14:40.592760,0.0,-0.0017889087656529634,0.0,-0.10000000000000142,55.8,55.85,55.85,55.9,1.0,79.0,4372.0,5282.0,False,False
006208,2022-10-26 10:14:45.358799,0.0,-0.0017889087656529634,0.0,-0.10000000000000142,55.8,55.85,55.85,55.9,1.0,79.0,4422.0,4993.0,True,True
006208,2022-10-26 10:14:46.245419,0.0,-0.0017889087656529634,0.0,-0.10000000000000142,55.8,55.85,55.85,55.9,1.0,79.0,4422.0,4993.0,False,False
006208,2022-10-26 10:14:46.248468,0.0,-0.0017889087656529634,0.0,-0.10000000000000142,55.8,55.85,55.85,55.9,1.0,79.0,4422.0,4993.0,False,False
006208,2022-10-26 10:14:46.378368,0.0,-0.0017889087656529634,0.0,-0.10000000000000142,55.8,55.85,55.85,55.9,1.0,79.0,4422.0,4993.0,False,False
006208,2022-10-26 10:14:46.383457,0.0,-0.0017889087656529634,0.0,-0.10000000000000142,55.8,55.85,55.85,55.9,1.0,79.0,4422.0,4993.0,False,False
006208,2022-10-26 10:14:50.582113,0.0,-0.0017889087656529634,0.0,-0.10000000000000142,55.8,55.85,55.85,55.9,1.0,78.0,4422.0,4993.0,False,False
006208,2022-10-26 10:14:51.982126,0.0,-0.0017889087656529634,0.0,-0.10000000000000142,55.8,55.85,55.85,55.9,1.0,77.0,4422.0,4993.0,False,False
006208,2022-10-26 10:14:52.845989,0.0,-0.0017889087656529634,0.0,-0.10000000000000142,55.8,55.85,55.85,55.9,2.0,77.0,4422.0,4993.0,False,False
006208,2022-10-26 10:14:55.379151,0.0,-0.0017889087656529634,0.0,-0.10000000000000142,55.8,55.85,55.85,55.9,2.0,77.0,4422.0,4088.0,True,True
006208,2022-10-26 10:14:56.357703,0.0,-0.0017889087656529634,0.0,-0.10000000000000142,55.8,55.85,55.85,55.9,2.0,77.0,4422.0,4088.0,False,False
006208,2022-10-26 10:14:56.361850,0.0,-0.0017889087656529634,0.0,-0.10000000000000142,55.8,55.85,55.85,55.9,2.0,77.0,4422.0,4088.0,False,False
006208,2022-10-26 10:14:56.490490,0.0,-0.0017889087656529634,0.0,-0.10000000000000142,55.8,55.85,55.85,55.9,2.0,77.0,4422.0,4088.0,False,False
006208,2022-10-26 10:15:01.212229,0.0,-0.0017889087656529634,0.0,-0.10000000000000142,55.8,55.85,55.85,55.9,2.0,77.0,4422.0,4088.0,False,False
006208,2022-10-26 10:15:01.219475,0.0,-0.0017889087656529634,0.0,-0.10000000000000142,55.8,55.85,55.85,55.9,2.0,77.0,4422.0,4088.0,False,False
006208,2022-10-26 10:15:01.541223,0.0,-0.0017889087656529634,0.0,-0.10000000000000142,55.8,55.85,55.85,55.9,2.0,77.0,4422.0,4088.0,False,False
006208,2022-10-26 10:15:01.541361,0.0,-0.0017889087656529634,0.0,-0.10000000000000142,55.8,55.85,55.85,55.9,2.0,77.0,4422.0,4088.0,False,False
006208,2022-10-26 10:15:02.464574,0.0,-0.0017889087656529634,0.0,-0.10000000000000142,55.8,55.85,55.85,55.9,2.0,77.0,4422.0,4088.0,False,False
006208,2022-10-26 10:15:02.468936,0.0,-0.0017889087656529634,0.0,-0.10000000000000142,55.8,55.85,55.85,55.9,2.0,77.0,4422.0,4088.0,False,False
006208,2022-10-26 10:15:02.777352,0.0,-0.0017889087656529634,0.0,-0.10000000000000142,55.8,55.85,55.85,55.9,3.0,77.0,4422.0,4088.0,False,False
006208,2022-10-26 10:15:03.113160,0.0,-0.0017889087656529634,0.0,-0.10000000000000142,55.8,55.85,55.85,55.9,3.0,76.0,4422.0,4088.0,False,False
006208,2022-10-26 10:15:05.549827,0.0,-0.0017889087656529634,0.0,-0.10000000000000142,55.8,55.85,55.85,55.9,3.0,76.0,4422.0,4087.0,True,True
006208,2022-10-26 10:15:06.415884,0.0,-0.0017889087656529634,0.0,-0.10000000000000142,55.8,55.85,55.85,55.9,3.0,76.0,4422.0,4087.0,False,False
006208,2022-10-26 10:15:06.483946,0.0,-0.0017889087656529634,0.0,-0.10000000000000142,55.8,55.85,55.85,55.9,4.0,76.0,4422.0,4087.0,False,False
006208,2022-10-26 10:15:06.554538,0.0,-0.0017889087656529634,0.0,-0.10000000000000142,55.8,55.85,55.85,55.9,4.0,76.0,4422.0,4087.0,False,False
006208,2022-10-26 10:15:10.471399,0.0,-0.0017889087656529634,0.0,-0.10000000000000142,55.8,55.85,55.85,55.9,4.0,75.0,4422.0,4087.0,False,False
006208,2022-10-26 10:15:10.508112,0.0,-0.0017889087656529634,0.0,-0.10000000000000142,55.8,55.85,55.85,55.9,4.0,75.0,4422.0,4087.0,False,False
006208,2022-10-26 10:15:10.569922,0.0,-0.0017889087656529634,0.0,-0.10000000000000142,55.8,55.85,55.85,55.9,4.0,75.0,4422.0,4087.0,False,False
006208,2022-10-26 10:15:10.570129,0.0,-0.0017889087656529634,0.0,-0.10000000000000142,55.8,55.85,55.85,55.9,4.0,75.0,4422.0,4087.0,False,False
006208,2022-10-26 10:15:10.647111,0.0,-0.0017889087656529634,0.0,-0.10000000000000142,55.8,55.85,55.85,55.9,4.0,75.0,4422.0,4087.0,False,False
006208,2022-10-26 10:15:11.505166,0.0,-0.0017889087656529634,0.0,-0.10000000000000142,55.8,55.85,55.85,55.9,4.0,175.0,4422.0,4087.0,False,False
006208,2022-10-26 10:15:12.111866,0.0,-0.0017889087656529634,0.0,-0.10000000000000142,55.8,55.85,55.85,55.9,4.0,175.0,4422.0,4087.0,False,False
006208,2022-10-26 10:15:12.491166,0.0,-0.0017889087656529634,0.0,-0.10000000000000142,55.8,55.85,55.85,55.9,4.0,175.0,4422.0,4087.0,False,False
006208,2022-10-26 10:15:15.550200,0.0,-0.0017889087656529634,0.0,-0.10000000000000142,55.8,55.85,55.85,55.9,4.0,175.0,4422.0,3987.0,True,True
006208,2022-10-26 10:15:15.681754,0.0,-0.0017889087656529634,0.0,-0.10000000000000142,55.8,55.85,55.85,55.9,4.0,175.0,4422.0,3987.0,False,False
006208,2022-10-26 10:15:15.682074,0.0,-0.0017889087656529634,0.0,-0.10000000000000142,55.8,55.85,55.85,55.9,4.0,250.0,4422.0,3987.0,False,False
006208,2022-10-26 10:15:15.800809,0.0,-0.0017889087656529634,0.0,-0.10000000000000142,55.8,55.85,55.85,55.9,4.0,250.0,4422.0,3987.0,False,False
006208,2022-10-26 10:15:16.505804,0.0,-0.0017889087656529634,0.0,-0.10000000000000142,55.8,55.85,55.85,55.9,4.0,250.0,4422.0,3987.0,False,False
006208,2022-10-26 10:15:16.507081,0.0,-0.0017889087656529634,0.0,-0.10000000000000142,55.8,55.85,55.85,55.9,4.0,250.0,4422.0,3987.0,False,False
006208,2022-10-26 10:15:16.644913,0.0,-0.0017889087656529634,0.0,-0.10000000000000142,55.8,55.85,55.85,55.9,4.0,250.0,4422.0,3987.0,False,False
006208,2022-10-26 10:15:20.458668,0.0,-0.0017889087656529634,0.0,-0.10000000000000142,55.8,55.85,55.85,55.9,4.0,249.0,4422.0,3987.0,False,False
006208,2022-10-26 10:15:20.837173,0.0,-0.0017889087656529634,0.0,-0.10000000000000142,55.8,55.85,55.85,55.9,4.0,250.0,4422.0,3987.0,False,False
006208,2022-10-26 10:15:25.352035,0.0,-0.0017889087656529634,0.0,-0.10000000000000142,55.8,55.85,55.85,55.9,4.0,251.0,4422.0,3987.0,False,False
006208,2022-10-26 10:15:25.564292,0.0,-0.0017889087656529634,0.0,-0.10000000000000142,55.8,55.85,55.85,55.9,4.0,251.0,4422.0,4887.0,True,True
006208,2022-10-26 10:15:26.605453,0.0,-0.0017889087656529634,0.0,-0.10000000000000142,55.8,55.85,55.85,55.9,4.0,251.0,4422.0,4887.0,False,False
006208,2022-10-26 10:15:26.609050,0.0,-0.0017889087656529634,0.0,-0.10000000000000142,55.8,55.85,55.85,55.9,4.0,251.0,4422.0,4887.0,False,False
006208,2022-10-26 10:15:26.615807,0.0,-0.0017889087656529634,0.0,-0.10000000000000142,55.8,55.85,55.85,55.9,4.0,251.0,4422.0,4887.0,False,False
006208,2022-10-26 10:15:26.738907,0.0,-0.0017889087656529634,0.0,-0.10000000000000142,55.8,55.85,55.85,55.9,4.0,251.0,4422.0,4887.0,False,False
006208,2022-10-26 10:15:28.027566,0.0,-0.0017889087656529634,0.0,-0.10000000000000142,55.8,55.85,55.85,55.9,5.0,251.0,4422.0,4887.0,False,False
006208,2022-10-26 10:15:30.456892,0.0,-0.0017889087656529634,0.0,-0.10000000000000142,55.8,55.85,55.85,55.9,5.0,250.0,4422.0,4887.0,False,False
006208,2022-10-26 10:15:30.744830,0.0008960573476703981,-0.0026833631484793896,0.05000000000000426,-0.14999999999999858,55.75,55.8,55.85,55.9,104.0,5.0,4422.0,4887.0,False,False
006208,2022-10-26 10:15:30.778786,0.0008960573476703981,-0.0026833631484793896,0.05000000000000426,-0.14999999999999858,55.75,55.8,55.85,55.9,104.0,5.0,4422.0,4887.0,False,False
006208,2022-10-26 10:15:30.857337,0.0008960573476703981,-0.0026833631484793896,0.05000000000000426,-0.14999999999999858,55.75,55.8,55.85,55.9,64.0,5.0,4422.0,4887.0,False,False
006208,2022-10-26 10:15:30.967772,0.0008960573476703981,-0.0026833631484793896,0.05000000000000426,-0.14999999999999858,55.75,55.8,55.85,55.9,64.0,5.0,4422.0,4887.0,False,False
006208,2022-10-26 10:15:30.975513,0.0008960573476703981,-0.0026833631484793896,0.05000000000000426,-0.14999999999999858,55.75,55.8,55.85,55.9,64.0,5.0,4422.0,4887.0,False,False
006208,2022-10-26 10:15:31.478791,0.0008960573476703981,-0.0026833631484793896,0.05000000000000426,-0.14999999999999858,55.75,55.8,55.85,55.9,64.0,5.0,4422.0,4887.0,False,False
006208,2022-10-26 10:15:31.509425,0.0008960573476703981,-0.0026833631484793896,0.05000000000000426,-0.14999999999999858,55.75,55.8,55.85,55.9,64.0,5.0,4422.0,4887.0,False,False
006208,2022-10-26 10:15:31.663315,0.0008960573476703981,-0.0026833631484793896,0.05000000000000426,-0.14999999999999858,55.75,55.8,55.85,55.9,64.0,5.0,4422.0,4887.0,False,False
006208,2022-10-26 10:15:32.879967,0.0008960573476703981,-0.0026833631484793896,0.05000000000000426,-0.14999999999999858,55.75,55.8,55.85,55.9,30.0,5.0,4422.0,4887.0,False,False
006208,2022-10-26 10:15:32.912861,0.0008960573476703981,-0.0026833631484793896,0.05000000000000426,-0.14999999999999858,55.75,55.8,55.85,55.9,30.0,5.0,4422.0,4887.0,False,False
006208,2022-10-26 10:15:33.563389,0.0008960573476703981,-0.0026833631484793896,0.05000000000000426,-0.14999999999999858,55.75,55.8,55.85,55.9,30.0,5.0,4422.0,4887.0,False,False
006208,2022-10-26 10:15:33.573158,0.0008960573476703981,-0.0026833631484793896,0.05000000000000426,-0.14999999999999858,55.75,55.8,55.85,55.9,30.0,5.0,4422.0,4887.0,False,False
006208,2022-10-26 10:15:33.613132,0.0008960573476703981,-0.0026833631484793896,0.05000000000000426,-0.14999999999999858,55.75,55.8,55.85,55.9,30.0,5.0,4422.0,4887.0,False,False
006208,2022-10-26 10:15:35.585809,0.0008960573476703981,-0.0026833631484793896,0.05000000000000426,-0.14999999999999858,55.75,55.8,55.85,55.9,30.0,5.0,4422.0,4737.0,True,True
006208,2022-10-26 10:15:36.134144,0.0008960573476703981,-0.0026833631484793896,0.05000000000000426,-0.14999999999999858,55.75,55.8,55.85,55.9,30.0,4.0,4422.0,4737.0,False,False
006208,2022-10-26 10:15:40.430244,0.0008960573476703981,-0.0026833631484793896,0.05000000000000426,-0.14999999999999858,55.75,55.8,55.85,55.9,30.0,3.0,4422.0,4737.0,False,False
006208,2022-10-26 10:15:40.944008,0.0008960573476703981,-0.0026833631484793896,0.05000000000000426,-0.14999999999999858,55.75,55.8,55.85,55.9,30.0,3.0,4422.0,4737.0,False,False
006208,2022-10-26 10:15:40.951421,0.0008960573476703981,-0.0026833631484793896,0.05000000000000426,-0.14999999999999858,55.75,55.8,55.85,55.9,30.0,3.0,4422.0,4737.0,False,False
006208,2022-10-26 10:15:41.082214,0.0008960573476703981,-0.0026833631484793896,0.05000000000000426,-0.14999999999999858,55.75,55.8,55.85,55.9,30.0,3.0,4422.0,4737.0,False,False
006208,2022-10-26 10:15:43.053495,0.0008960573476703981,-0.0026833631484793896,0.05000000000000426,-0.14999999999999858,55.75,55.8,55.85,55.9,30.0,4.0,4422.0,4737.0,False,False
006208,2022-10-26 10:15:43.837827,0.0008960573476703981,-0.0026833631484793896,0.05000000000000426,-0.14999999999999858,55.75,55.8,55.85,55.9,30.0,4.0,4422.0,4737.0,False,False
006208,2022-10-26 10:15:45.622888,0.0008960573476703981,-0.0026833631484793896,0.05000000000000426,-0.14999999999999858,55.75,55.8,55.85,55.9,30.0,4.0,4422.0,4720.0,True,True
006208,2022-10-26 10:15:50.421767,0.0008960573476703981,-0.0026833631484793896,0.05000000000000426,-0.14999999999999858,55.75,55.8,55.85,55.9,30.0,3.0,4422.0,4720.0,False,False
006208,2022-10-26 10:15:51.056037,0.0008960573476703981,-0.0026833631484793896,0.05000000000000426,-0.14999999999999858,55.75,55.8,55.85,55.9,30.0,3.0,4422.0,4720.0,False,False
006208,2022-10-26 10:15:51.061923,0.0008960573476703981,-0.0026833631484793896,0.05000000000000426,-0.14999999999999858,55.75,55.8,55.85,55.9,30.0,3.0,4422.0,4720.0,False,False
006208,2022-10-26 10:15:51.190840,0.0008960573476703981,-0.0026833631484793896,0.05000000000000426,-0.14999999999999858,55.75,55.8,55.85,55.9,30.0,3.0,4422.0,4720.0,False,False
006208,2022-10-26 10:15:51.194591,0.0008960573476703981,-0.0026833631484793896,0.05000000000000426,-0.14999999999999858,55.75,55.8,55.85,55.9,30.0,3.0,4422.0,4720.0,False,False
006208,2022-10-26 10:15:52.990068,0.0008960573476703981,-0.0026833631484793896,0.05000000000000426,-0.14999999999999858,55.75,55.8,55.85,55.9,30.0,3.0,4422.0,4720.0,False,False
006208,2022-10-26 10:15:53.020644,0.0008960573476703981,-0.0026833631484793896,0.05000000000000426,-0.14999999999999858,55.75,55.8,55.85,55.9,105.0,3.0,4422.0,4720.0,False,False
006208,2022-10-26 10:15:54.020905,0.0008960573476703981,-0.0026833631484793896,0.05000000000000426,-0.14999999999999858,55.75,55.8,55.85,55.9,205.0,3.0,4422.0,4720.0,False,False
006208,2022-10-26 10:15:54.080315,0.0008960573476703981,-0.0026833631484793896,0.05000000000000426,-0.14999999999999858,55.75,55.8,55.85,55.9,205.0,3.0,4422.0,4720.0,False,False
006208,2022-10-26 10:15:54.101396,0.0008960573476703981,-0.0026833631484793896,0.05000000000000426,-0.14999999999999858,55.75,55.8,55.85,55.9,205.0,3.0,4422.0,4720.0,False,False
006208,2022-10-26 10:15:55.650609,0.0008960573476703981,-0.0026833631484793896,0.05000000000000426,-0.14999999999999858,55.75,55.8,55.85,55.9,205.0,3.0,4422.0,4720.0,True,True
006208,2022-10-26 10:16:01.171104,0.0008960573476703981,-0.0026833631484793896,0.05000000000000426,-0.14999999999999858,55.75,55.8,55.85,55.9,205.0,3.0,4422.0,4720.0,False,False
006208,2022-10-26 10:16:01.178383,0.0008960573476703981,-0.0026833631484793896,0.05000000000000426,-0.14999999999999858,55.75,55.8,55.85,55.9,205.0,3.0,4422.0,4720.0,False,False
006208,2022-10-26 10:16:01.316174,0.0008960573476703981,-0.0026833631484793896,0.05000000000000426,-0.14999999999999858,55.75,55.8,55.85,55.9,205.0,3.0,4422.0,4720.0,False,False
006208,2022-10-26 10:16:03.639435,0.0008960573476703981,-0.0026833631484793896,0.05000000000000426,-0.14999999999999858,55.75,55.8,55.85,55.9,130.0,3.0,4422.0,4720.0,False,False
006208,2022-10-26 10:16:03.674008,0.0008960573476703981,-0.0026833631484793896,0.05000000000000426,-0.14999999999999858,55.75,55.8,55.85,55.9,30.0,3.0,4422.0,4720.0,False,False
006208,2022-10-26 10:16:03.784393,0.0008960573476703981,-0.0026833631484793896,0.05000000000000426,-0.14999999999999858,55.75,55.8,55.85,55.9,30.0,3.0,4422.0,4720.0,False,False
006208,2022-10-26 10:16:04.077376,0.0008960573476703981,-0.0026833631484793896,0.05000000000000426,-0.14999999999999858,55.75,55.8,55.85,55.9,28.0,1.0,4422.0,4720.0,False,False
006208,2022-10-26 10:16:04.674363,0.0008960573476703981,-0.0026833631484793896,0.05000000000000426,-0.14999999999999858,55.75,55.8,55.85,55.9,28.0,1.0,4422.0,4720.0,False,False
006208,2022-10-26 10:16:05.078744,0.0008960573476703981,-0.0026833631484793896,0.05000000000000426,-0.14999999999999858,55.75,55.8,55.85,55.9,28.0,1.0,4422.0,5020.0,False,True
006208,2022-10-26 10:16:05.589829,0.0008960573476703981,-0.0026833631484793896,0.05000000000000426,-0.14999999999999858,55.75,55.8,55.85,55.9,28.0,1.0,4422.0,5020.0,False,False
006208,2022-10-26 10:16:06.468018,0.0008960573476703981,-0.0026833631484793896,0.05000000000000426,-0.14999999999999858,55.75,55.8,55.85,55.9,28.0,1.0,4422.0,5020.0,False,False
006208,2022-10-26 10:16:06.503622,0.0008960573476703981,-0.0026833631484793896,0.05000000000000426,-0.14999999999999858,55.75,55.8,55.85,55.9,103.0,1.0,4422.0,5020.0,False,False
006208,2022-10-26 10:16:07.503498,0.0008960573476703981,-0.0026833631484793896,0.05000000000000426,-0.14999999999999858,55.75,55.8,55.85,55.9,203.0,1.0,4422.0,5020.0,False,False
006208,2022-10-26 10:16:07.567753,0.0008960573476703981,-0.0026833631484793896,0.05000000000000426,-0.14999999999999858,55.75,55.8,55.85,55.9,203.0,1.0,4422.0,5020.0,False,False
006208,2022-10-26 10:16:08.159146,0.0008960573476703981,-0.0026833631484793896,0.05000000000000426,-0.14999999999999858,55.75,55.8,55.85,55.9,203.0,1.0,4422.0,5020.0,False,False
006208,2022-10-26 10:16:08.159634,0.0008960573476703981,-0.0026833631484793896,0.05000000000000426,-0.14999999999999858,55.75,55.8,55.85,55.9,203.0,1.0,4422.0,5020.0,False,False
006208,2022-10-26 10:16:10.041094,0.0,-0.0026833631484793896,0.0,-0.14999999999999858,55.75,55.85,55.85,55.9,203.0,124.0,4422.0,5020.0,False,False
006208,2022-10-26 10:16:10.054269,0.0,-0.0026833631484793896,0.0,-0.14999999999999858,55.75,55.85,55.85,55.9,203.0,123.0,4422.0,5020.0,False,False
006208,2022-10-26 10:16:10.064982,0.0,-0.0026833631484793896,0.0,-0.14999999999999858,55.75,55.85,55.85,55.9,103.0,123.0,4422.0,5020.0,False,False
006208,2022-10-26 10:16:10.067545,0.0,-0.0026833631484793896,0.0,-0.14999999999999858,55.75,55.85,55.85,55.9,103.0,123.0,4422.0,5020.0,False,False
006208,2022-10-26 10:16:10.132998,0.0,-0.0026833631484793896,0.0,-0.14999999999999858,55.75,55.85,55.85,55.9,103.0,123.0,4422.0,5020.0,False,False
006208,2022-10-26 10:16:10.215661,0.0,-0.0026833631484793896,0.0,-0.14999999999999858,55.75,55.85,55.85,55.9,103.0,83.0,4422.0,5020.0,False,False
006208,2022-10-26 10:16:10.424853,0.0,-0.0026833631484793896,0.0,-0.14999999999999858,55.75,55.85,55.85,55.9,103.0,82.0,4422.0,5020.0,False,False
006208,2022-10-26 10:16:10.349051,0.0,-0.0026833631484793896,0.0,-0.14999999999999858,55.75,55.85,55.85,55.9,103.0,83.0,4422.0,5020.0,False,False
006208,2022-10-26 10:16:10.830609,0.0,-0.0026833631484793896,0.0,-0.14999999999999858,55.75,55.85,55.85,55.9,28.0,82.0,4422.0,5020.0,False,False
006208,2022-10-26 10:16:10.831146,0.0,-0.0026833631484793896,0.0,-0.14999999999999858,55.75,55.85,55.85,55.9,28.0,157.0,4422.0,5020.0,False,False
006208,2022-10-26 10:16:11.065438,0.0,-0.0026833631484793896,0.0,-0.14999999999999858,55.75,55.85,55.85,55.9,28.0,257.0,4422.0,5020.0,False,False
006208,2022-10-26 10:16:12.789711,0.0,-0.0026833631484793896,0.0,-0.14999999999999858,55.75,55.85,55.85,55.9,28.0,257.0,4422.0,5020.0,False,False
006208,2022-10-26 10:16:12.810904,0.0,-0.0026833631484793896,0.0,-0.14999999999999858,55.75,55.85,55.85,55.9,28.0,257.0,4422.0,5020.0,False,False
006208,2022-10-26 10:16:12.814804,0.0,-0.0026833631484793896,0.0,-0.14999999999999858,55.75,55.85,55.85,55.9,28.0,257.0,4422.0,5020.0,False,False
006208,2022-10-26 10:16:13.207599,0.0,-0.0026833631484793896,0.0,-0.14999999999999858,55.75,55.85,55.85,55.9,28.0,257.0,4422.0,5020.0,False,False
006208,2022-10-26 10:16:13.217042,0.0,-0.0026833631484793896,0.0,-0.14999999999999858,55.75,55.85,55.85,55.9,28.0,257.0,4422.0,5020.0,False,False
006208,2022-10-26 10:16:15.107308,0.0,-0.0026833631484793896,0.0,-0.14999999999999858,55.75,55.85,55.85,55.9,28.0,257.0,4422.0,5120.0,True,True
006208,2022-10-26 10:16:19.836199,0.0,-0.0026833631484793896,0.0,-0.14999999999999858,55.75,55.85,55.85,55.9,28.0,257.0,4422.0,5120.0,False,False
006208,2022-10-26 10:16:19.840454,0.0,-0.0026833631484793896,0.0,-0.14999999999999858,55.75,55.85,55.85,55.9,28.0,257.0,4422.0,5120.0,False,False
006208,2022-10-26 10:16:20.340068,0.0,-0.0026833631484793896,0.0,-0.14999999999999858,55.75,55.85,55.85,55.9,28.0,257.0,4422.0,5120.0,False,False
006208,2022-10-26 10:16:20.419425,0.0,-0.0026833631484793896,0.0,-0.14999999999999858,55.75,55.85,55.85,55.9,28.0,256.0,4422.0,5120.0,False,False
006208,2022-10-26 10:16:20.341088,0.0,-0.0026833631484793896,0.0,-0.14999999999999858,55.75,55.85,55.85,55.9,28.0,257.0,4422.0,5120.0,False,False
006208,2022-10-26 10:16:20.470733,0.0,-0.0026833631484793896,0.0,-0.14999999999999858,55.75,55.85,55.85,55.9,28.0,256.0,4422.0,5120.0,False,False
006208,2022-10-26 10:16:21.504403,0.0,-0.0026833631484793896,0.0,-0.14999999999999858,55.75,55.85,55.85,55.9,28.0,276.0,4422.0,5120.0,False,False
006208,2022-10-26 10:16:21.504542,0.0,-0.0026833631484793896,0.0,-0.14999999999999858,55.75,55.85,55.85,55.9,28.0,276.0,4422.0,5120.0,False,False
006208,2022-10-26 10:16:23.344445,0.0,-0.0026833631484793896,0.0,-0.14999999999999858,55.75,55.85,55.85,55.9,28.0,276.0,4422.0,5120.0,False,False
006208,2022-10-26 10:16:23.344517,0.0,-0.0026833631484793896,0.0,-0.14999999999999858,55.75,55.85,55.85,55.9,28.0,276.0,4422.0,5120.0,False,False
006208,2022-10-26 10:16:24.010447,0.0,-0.0026833631484793896,0.0,-0.14999999999999858,55.75,55.85,55.85,55.9,28.0,276.0,4422.0,5120.0,False,False
006208,2022-10-26 10:16:25.150412,0.0,-0.0026833631484793896,0.0,-0.14999999999999858,55.75,55.85,55.85,55.9,28.0,276.0,4422.0,5120.0,True,True
006208,2022-10-26 10:16:25.245576,0.0,-0.0026833631484793896,0.0,-0.14999999999999858,55.75,55.85,55.85,55.9,28.0,274.0,4422.0,5120.0,False,False
006208,2022-10-26 10:16:25.818651,0.0,-0.0026833631484793896,0.0,-0.14999999999999858,55.75,55.85,55.85,55.9,28.0,274.0,4422.0,5120.0,False,False
006208,2022-10-26 10:16:25.843573,0.0,-0.0026833631484793896,0.0,-0.14999999999999858,55.75,55.85,55.85,55.9,103.0,174.0,4422.0,5120.0,False,False
006208,2022-10-26 10:16:26.843784,0.0,-0.0026833631484793896,0.0,-0.14999999999999858,55.75,55.85,55.85,55.9,103.0,274.0,4422.0,5120.0,False,False
006208,2022-10-26 10:16:28.236850,0.0,-0.0026833631484793896,0.0,-0.14999999999999858,55.75,55.85,55.85,55.9,103.0,274.0,4422.0,5120.0,False,False
006208,2022-10-26 10:16:28.240098,0.0,-0.0026833631484793896,0.0,-0.14999999999999858,55.75,55.85,55.85,55.9,103.0,274.0,4422.0,5120.0,False,False
006208,2022-10-26 10:16:30.398592,0.0,-0.0026833631484793896,0.0,-0.14999999999999858,55.75,55.85,55.85,55.9,103.0,273.0,4422.0,5120.0,False,False
006208,2022-10-26 10:16:30.425863,0.0,-0.0026833631484793896,0.0,-0.14999999999999858,55.75,55.85,55.85,55.9,103.0,173.0,4422.0,5120.0,False,False
006208,2022-10-26 10:16:30.451651,0.0,-0.0026833631484793896,0.0,-0.14999999999999858,55.75,55.85,55.85,55.9,103.0,173.0,4422.0,5120.0,False,False
006208,2022-10-26 10:16:30.454478,0.0,-0.0026833631484793896,0.0,-0.14999999999999858,55.75,55.85,55.85,55.9,103.0,173.0,4422.0,5120.0,False,False
006208,2022-10-26 10:16:30.589937,0.0,-0.0026833631484793896,0.0,-0.14999999999999858,55.75,55.85,55.85,55.9,103.0,173.0,4422.0,5120.0,False,False
006208,2022-10-26 10:16:31.395399,0.0,-0.0026833631484793896,0.0,-0.14999999999999858,55.75,55.85,55.85,55.9,103.0,172.0,4422.0,5120.0,False,False
006208,2022-10-26 10:16:31.426222,0.0,-0.0026833631484793896,0.0,-0.14999999999999858,55.75,55.85,55.85,55.9,203.0,172.0,4422.0,5120.0,False,False
006208,2022-10-26 10:16:31.534267,0.0,-0.0026833631484793896,0.0,-0.14999999999999858,55.75,55.85,55.85,55.9,103.0,172.0,4422.0,5120.0,False,False
006208,2022-10-26 10:16:31.647652,0.0,-0.0026833631484793896,0.0,-0.14999999999999858,55.75,55.85,55.85,55.9,103.0,172.0,4422.0,5120.0,False,False
006208,2022-10-26 10:16:32.528528,0.0,-0.0026833631484793896,0.0,-0.14999999999999858,55.75,55.85,55.85,55.9,103.0,172.0,4422.0,5120.0,False,False
006208,2022-10-26 10:16:32.549056,0.0,-0.0026833631484793896,0.0,-0.14999999999999858,55.75,55.85,55.85,55.9,103.0,272.0,4422.0,5120.0,False,False
006208,2022-10-26 10:16:33.875528,0.0,-0.0026833631484793896,0.0,-0.14999999999999858,55.75,55.85,55.85,55.9,103.0,272.0,4422.0,5120.0,False,False
006208,2022-10-26 10:16:33.875956,0.0,-0.0026833631484793896,0.0,-0.14999999999999858,55.75,55.85,55.85,55.9,103.0,272.0,4422.0,5120.0,False,False
006208,2022-10-26 10:16:35.026790,0.0,-0.0026833631484793896,0.0,-0.14999999999999858,55.75,55.85,55.85,55.9,103.0,252.0,4422.0,5120.0,False,False
006208,2022-10-26 10:16:35.027022,0.0,-0.0026833631484793896,0.0,-0.14999999999999858,55.75,55.85,55.85,55.9,103.0,252.0,4422.0,5120.0,False,False
006208,2022-10-26 10:16:35.189453,0.0,-0.0026833631484793896,0.0,-0.14999999999999858,55.75,55.85,55.85,55.9,103.0,252.0,4458.0,5120.0,True,True
006208,2022-10-26 10:16:35.897121,0.0,-0.0026833631484793896,0.0,-0.14999999999999858,55.75,55.85,55.85,55.9,103.0,252.0,4458.0,5120.0,False,False
006208,2022-10-26 10:16:35.902901,0.0,-0.0026833631484793896,0.0,-0.14999999999999858,55.75,55.85,55.85,55.9,103.0,252.0,4458.0,5120.0,False,False
006208,2022-10-26 10:16:37.878717,0.0,-0.0026833631484793896,0.0,-0.14999999999999858,55.75,55.85,55.85,55.9,103.0,252.0,4458.0,5120.0,False,False
006208,2022-10-26 10:16:38.070762,0.0,-0.0026833631484793896,0.0,-0.14999999999999858,55.75,55.85,55.85,55.9,103.0,252.0,4458.0,5120.0,False,False
006208,2022-10-26 10:16:40.020916,0.0,-0.0026833631484793896,0.0,-0.14999999999999858,55.75,55.85,55.85,55.9,103.0,252.0,4458.0,5120.0,False,False
006208,2022-10-26 10:16:40.025872,0.0,-0.0026833631484793896,0.0,-0.14999999999999858,55.75,55.85,55.85,55.9,103.0,252.0,4458.0,5120.0,False,False
006208,2022-10-26 10:16:40.139090,0.0,-0.0026833631484793896,0.0,-0.14999999999999858,55.75,55.85,55.85,55.9,103.0,152.0,4458.0,5120.0,False,False
006208,2022-10-26 10:16:40.378090,0.0,-0.0026833631484793896,0.0,-0.14999999999999858,55.75,55.85,55.85,55.9,103.0,151.0,4458.0,5120.0,False,False
006208,2022-10-26 10:16:40.567546,0.0,-0.0026833631484793896,0.0,-0.14999999999999858,55.75,55.85,55.85,55.9,103.0,151.0,4458.0,5120.0,False,False
006208,2022-10-26 10:16:40.570457,0.0,-0.0026833631484793896,0.0,-0.14999999999999858,55.75,55.85,55.85,55.9,103.0,151.0,4458.0,5120.0,False,False
006208,2022-10-26 10:16:40.707030,0.0,-0.0026833631484793896,0.0,-0.14999999999999858,55.75,55.85,55.85,55.9,103.0,151.0,4458.0,5120.0,False,False
006208,2022-10-26 10:16:41.059565,0.0,-0.0026833631484793896,0.0,-0.14999999999999858,55.75,55.85,55.85,55.9,203.0,151.0,4458.0,5120.0,False,False
006208,2022-10-26 10:16:41.125480,0.0,-0.0026833631484793896,0.0,-0.14999999999999858,55.75,55.85,55.85,55.9,203.0,151.0,4458.0,5120.0,False,False
006208,2022-10-26 10:16:43.272772,0.0,-0.0026833631484793896,0.0,-0.14999999999999858,55.75,55.85,55.85,55.9,203.0,151.0,4458.0,5120.0,False,False
006208,2022-10-26 10:16:43.300329,0.0,-0.0026833631484793896,0.0,-0.14999999999999858,55.75,55.85,55.85,55.9,103.0,151.0,4458.0,5120.0,False,False
006208,2022-10-26 10:16:43.373923,0.0,-0.0026833631484793896,0.0,-0.14999999999999858,55.75,55.85,55.85,55.9,103.0,151.0,4458.0,5120.0,False,False
006208,2022-10-26 10:16:44.300066,0.0,-0.0026833631484793896,0.0,-0.14999999999999858,55.75,55.85,55.85,55.9,203.0,151.0,4458.0,5120.0,False,False
006208,2022-10-26 10:16:44.351754,0.0,-0.0026833631484793896,0.0,-0.14999999999999858,55.75,55.85,55.85,55.9,203.0,151.0,4458.0,5120.0,False,False
006208,2022-10-26 10:16:44.360959,0.0,-0.0026833631484793896,0.0,-0.14999999999999858,55.75,55.85,55.85,55.9,203.0,151.0,4458.0,5120.0,False,False
006208,2022-10-26 10:16:47.062353,0.0,-0.0026833631484793896,0.0,-0.14999999999999858,55.75,55.85,55.85,55.9,203.0,76.0,4458.0,5120.0,False,False
006208,2022-10-26 10:16:48.086366,0.0,-0.0026833631484793896,0.0,-0.14999999999999858,55.75,55.85,55.85,55.9,204.0,76.0,4458.0,5120.0,False,False
006208,2022-10-26 10:16:50.388437,0.0,-0.0026833631484793896,0.0,-0.14999999999999858,55.75,55.85,55.85,55.9,204.0,75.0,4458.0,5120.0,False,False
006208,2022-10-26 10:16:50.684675,0.0,-0.0026833631484793896,0.0,-0.14999999999999858,55.75,55.85,55.85,55.9,204.0,75.0,4458.0,5120.0,False,False
006208,2022-10-26 10:16:50.690761,0.0,-0.0026833631484793896,0.0,-0.14999999999999858,55.75,55.85,55.85,55.9,204.0,75.0,4458.0,5120.0,False,False
006208,2022-10-26 10:16:50.824891,0.0,-0.0026833631484793896,0.0,-0.14999999999999858,55.75,55.85,55.85,55.9,204.0,75.0,4458.0,5120.0,False,False
006208,2022-10-26 10:16:50.983683,0.0,-0.0026833631484793896,0.0,-0.14999999999999858,55.75,55.85,55.85,55.9,204.0,74.0,4458.0,5120.0,False,False
006208,2022-10-26 10:17:00.367904,0.0,-0.0026833631484793896,0.0,-0.14999999999999858,55.75,55.85,55.85,55.9,204.0,73.0,4458.0,5120.0,False,False
006208,2022-10-26 10:17:00.798945,0.0,-0.0026833631484793896,0.0,-0.14999999999999858,55.75,55.85,55.85,55.9,204.0,73.0,4458.0,5120.0,False,False
006208,2022-10-26 10:17:00.803400,0.0,-0.0026833631484793896,0.0,-0.14999999999999858,55.75,55.85,55.85,55.9,204.0,73.0,4458.0,5120.0,False,False
006208,2022-10-26 10:17:00.807169,0.0,-0.0026833631484793896,0.0,-0.14999999999999858,55.75,55.85,55.85,55.9,204.0,73.0,4458.0,5120.0,False,False
006208,2022-10-26 10:17:00.942579,0.0,-0.0026833631484793896,0.0,-0.14999999999999858,55.75,55.85,55.85,55.9,204.0,73.0,4458.0,5120.0,False,False
006208,2022-10-26 10:17:05.282690,0.0,-0.0026833631484793896,0.0,-0.14999999999999858,55.75,55.85,55.85,55.9,204.0,73.0,4458.0,5120.0,True,True
006208,2022-10-26 10:17:10.925589,0.0,-0.0026833631484793896,0.0,-0.14999999999999858,55.75,55.85,55.85,55.9,204.0,73.0,4458.0,5120.0,False,False
006208,2022-10-26 10:17:10.928743,0.0,-0.0026833631484793896,0.0,-0.14999999999999858,55.75,55.85,55.85,55.9,204.0,73.0,4458.0,5120.0,False,False
006208,2022-10-26 10:17:11.061319,0.0,-0.0026833631484793896,0.0,-0.14999999999999858,55.75,55.85,55.85,55.9,204.0,73.0,4458.0,5120.0,False,False
006208,2022-10-26 10:17:11.984373,0.0,-0.0026833631484793896,0.0,-0.14999999999999858,55.75,55.85,55.85,55.9,204.0,73.0,4458.0,5120.0,False,False
006208,2022-10-26 10:17:17.735090,0.0,-0.0026833631484793896,0.0,-0.14999999999999858,55.75,55.85,55.85,55.9,204.0,73.0,4458.0,5120.0,False,False
006208,2022-10-26 10:17:17.740444,0.0,-0.0026833631484793896,0.0,-0.14999999999999858,55.75,55.85,55.85,55.9,204.0,73.0,4458.0,5120.0,False,False
006208,2022-10-26 10:17:18.273127,0.0,-0.0026833631484793896,0.0,-0.14999999999999858,55.75,55.85,55.85,55.9,204.0,73.0,4458.0,5120.0,False,False
006208,2022-10-26 10:17:18.278471,0.0,-0.0026833631484793896,0.0,-0.14999999999999858,55.75,55.85,55.85,55.9,204.0,73.0,4458.0,5120.0,False,False
006208,2022-10-26 10:17:18.738076,0.0,-0.0026833631484793896,0.0,-0.14999999999999858,55.75,55.85,55.85,55.9,204.0,73.0,4458.0,5120.0,False,False
006208,2022-10-26 10:17:18.740642,0.0,-0.0026833631484793896,0.0,-0.14999999999999858,55.75,55.85,55.85,55.9,204.0,73.0,4458.0,5120.0,False,False
006208,2022-10-26 10:17:18.886353,0.0,-0.0017889087656529634,0.0,-0.10000000000000142,55.8,55.85,55.85,55.9,75.0,73.0,4458.0,5120.0,False,False
006208,2022-10-26 10:17:19.169315,0.0,-0.0017889087656529634,0.0,-0.10000000000000142,55.8,55.85,55.85,55.9,75.0,73.0,4458.0,5120.0,False,False
006208,2022-10-26 10:17:19.550679,0.0,-0.0017889087656529634,0.0,-0.10000000000000142,55.8,55.85,55.85,55.9,75.0,73.0,4458.0,5120.0,False,False
006208,2022-10-26 10:17:19.550873,0.0,-0.0017889087656529634,0.0,-0.10000000000000142,55.8,55.85,55.85,55.9,75.0,73.0,4458.0,5120.0,False,False
006208,2022-10-26 10:17:20.389174,0.0,-0.0017889087656529634,0.0,-0.10000000000000142,55.8,55.85,55.85,55.9,75.0,72.0,4458.0,5120.0,False,False
006208,2022-10-26 10:17:20.800510,0.0,-0.0017889087656529634,0.0,-0.10000000000000142,55.8,55.85,55.85,55.9,75.0,71.0,4458.0,5120.0,False,False
006208,2022-10-26 10:17:20.816993,0.0,-0.0017889087656529634,0.0,-0.10000000000000142,55.8,55.85,55.85,55.9,75.0,71.0,4458.0,5120.0,False,False
006208,2022-10-26 10:17:20.831860,0.0,-0.0017889087656529634,0.0,-0.10000000000000142,55.8,55.85,55.85,55.9,75.0,71.0,4458.0,5120.0,False,False
006208,2022-10-26 10:17:21.306019,0.0,-0.0017889087656529634,0.0,-0.10000000000000142,55.8,55.85,55.85,55.9,75.0,72.0,4458.0,5120.0,False,False
006208,2022-10-26 10:17:21.336706,0.0,-0.0017889087656529634,0.0,-0.10000000000000142,55.8,55.85,55.85,55.9,75.0,72.0,4458.0,5120.0,False,False
006208,2022-10-26 10:17:21.422185,0.0,-0.0017889087656529634,0.0,-0.10000000000000142,55.8,55.85,55.85,55.9,75.0,72.0,4458.0,5120.0,False,False
006208,2022-10-26 10:17:22.336402,0.0,-0.0017889087656529634,0.0,-0.10000000000000142,55.8,55.85,55.85,55.9,75.0,72.0,4458.0,5120.0,False,False
006208,2022-10-26 10:17:22.336442,0.0,-0.0017889087656529634,0.0,-0.10000000000000142,55.8,55.85,55.85,55.9,175.0,72.0,4458.0,5120.0,False,False
006208,2022-10-26 10:17:23.035553,0.0,-0.0017889087656529634,0.0,-0.10000000000000142,55.8,55.85,55.85,55.9,175.0,72.0,4458.0,5120.0,False,False
006208,2022-10-26 10:17:23.049380,0.0,-0.0017889087656529634,0.0,-0.10000000000000142,55.8,55.85,55.85,55.9,175.0,72.0,4458.0,5120.0,False,False
006208,2022-10-26 10:17:23.477218,0.0,-0.0017889087656529634,0.0,-0.10000000000000142,55.8,55.85,55.85,55.9,175.0,72.0,4458.0,5120.0,False,False
006208,2022-10-26 10:17:23.484320,0.0,-0.0017889087656529634,0.0,-0.10000000000000142,55.8,55.85,55.85,55.9,175.0,72.0,4458.0,5120.0,False,False
006208,2022-10-26 10:17:23.554263,0.0,-0.0017889087656529634,0.0,-0.10000000000000142,55.8,55.85,55.85,55.9,175.0,72.0,4458.0,5120.0,False,False
006208,2022-10-26 10:17:23.554321,0.0,-0.0017889087656529634,0.0,-0.10000000000000142,55.8,55.85,55.85,55.9,175.0,72.0,4458.0,5120.0,False,False
006208,2022-10-26 10:17:23.797284,0.0,-0.0017889087656529634,0.0,-0.10000000000000142,55.8,55.85,55.85,55.9,175.0,72.0,4458.0,5120.0,False,False
006208,2022-10-26 10:17:23.985386,0.0,-0.0017889087656529634,0.0,-0.10000000000000142,55.8,55.85,55.85,55.9,175.0,72.0,4458.0,5120.0,False,False
006208,2022-10-26 10:17:24.114856,0.0,-0.0017889087656529634,0.0,-0.10000000000000142,55.8,55.85,55.85,55.9,175.0,72.0,4458.0,5120.0,False,False
006208,2022-10-26 10:17:25.022520,0.0,-0.0017889087656529634,0.0,-0.10000000000000142,55.8,55.85,55.85,55.9,175.0,71.0,4458.0,5120.0,False,False
006208,2022-10-26 10:17:25.373727,0.0,-0.0017889087656529634,0.0,-0.10000000000000142,55.8,55.85,55.85,55.9,175.0,71.0,4458.0,4620.0,True,True
006208,2022-10-26 10:17:26.351189,0.0,-0.0017889087656529634,0.0,-0.10000000000000142,55.8,55.85,55.85,55.9,175.0,71.0,4458.0,4620.0,False,False
006208,2022-10-26 10:17:26.372499,0.0,-0.0017889087656529634,0.0,-0.10000000000000142,55.8,55.85,55.85,55.9,175.0,71.0,4458.0,4620.0,False,False
006208,2022-10-26 10:17:26.569459,0.0,-0.0017889087656529634,0.0,-0.10000000000000142,55.8,55.85,55.85,55.9,175.0,65.0,4458.0,4620.0,False,False
006208,2022-10-26 10:17:26.604566,0.0,-0.0017889087656529634,0.0,-0.10000000000000142,55.8,55.85,55.85,55.9,175.0,65.0,4458.0,4620.0,False,False
006208,2022-10-26 10:17:26.897466,0.0,-0.0017889087656529634,0.0,-0.10000000000000142,55.8,55.85,55.85,55.9,175.0,65.0,4458.0,4620.0,False,False
006208,2022-10-26 10:17:27.759274,0.0,-0.0017889087656529634,0.0,-0.10000000000000142,55.8,55.85,55.85,55.9,175.0,65.0,4458.0,4620.0,False,False
006208,2022-10-26 10:17:27.759312,0.0,-0.0017889087656529634,0.0,-0.10000000000000142,55.8,55.85,55.85,55.9,175.0,65.0,4458.0,4620.0,False,False
006208,2022-10-26 10:17:27.801512,0.0,-0.0017889087656529634,0.0,-0.10000000000000142,55.8,55.85,55.85,55.9,175.0,65.0,4458.0,4620.0,False,False
006208,2022-10-26 10:17:27.952319,0.0,-0.0017889087656529634,0.0,-0.10000000000000142,55.8,55.85,55.85,55.9,175.0,65.0,4458.0,4620.0,False,False
006208,2022-10-26 10:17:28.176578,0.0,-0.0017889087656529634,0.0,-0.10000000000000142,55.8,55.85,55.85,55.9,175.0,65.0,4458.0,4620.0,False,False
006208,2022-10-26 10:17:28.176710,0.0,-0.0017889087656529634,0.0,-0.10000000000000142,55.8,55.85,55.85,55.9,175.0,65.0,4458.0,4620.0,False,False
006208,2022-10-26 10:17:29.155178,0.0,-0.0017889087656529634,0.0,-0.10000000000000142,55.8,55.85,55.85,55.9,175.0,65.0,4458.0,4620.0,False,False
006208,2022-10-26 10:17:29.162068,0.0,-0.0017889087656529634,0.0,-0.10000000000000142,55.8,55.85,55.85,55.9,175.0,65.0,4458.0,4620.0,False,False
006208,2022-10-26 10:17:29.292313,0.0,-0.0017889087656529634,0.0,-0.10000000000000142,55.8,55.85,55.85,55.9,175.0,65.0,4458.0,4620.0,False,False
006208,2022-10-26 10:17:30.352984,0.0,-0.0017889087656529634,0.0,-0.10000000000000142,55.8,55.85,55.85,55.9,175.0,64.0,4458.0,4620.0,False,False
006208,2022-10-26 10:17:31.082572,0.0,-0.0017889087656529634,0.0,-0.10000000000000142,55.8,55.85,55.85,55.9,175.0,15.0,4458.0,4620.0,False,False
006208,2022-10-26 10:17:35.405855,0.0,-0.0017889087656529634,0.0,-0.10000000000000142,55.8,55.85,55.85,55.9,175.0,15.0,4458.0,4619.0,True,True
006208,2022-10-26 10:17:38.600174,0.0,-0.0017889087656529634,0.0,-0.10000000000000142,55.8,55.85,55.85,55.9,175.0,15.0,4458.0,4619.0,False,False
006208,2022-10-26 10:17:39.211889,0.0,-0.0017889087656529634,0.0,-0.10000000000000142,55.8,55.85,55.85,55.9,175.0,15.0,4458.0,4619.0,False,False
006208,2022-10-26 10:17:39.277801,0.0,-0.0017889087656529634,0.0,-0.10000000000000142,55.8,55.85,55.85,55.9,175.0,15.0,4458.0,4619.0,False,False
006208,2022-10-26 10:17:39.286568,0.0,-0.0017889087656529634,0.0,-0.10000000000000142,55.8,55.85,55.85,55.9,175.0,15.0,4458.0,4619.0,False,False
006208,2022-10-26 10:17:39.426447,0.0,-0.0017889087656529634,0.0,-0.10000000000000142,55.8,55.85,55.85,55.9,175.0,15.0,4458.0,4619.0,False,False
006208,2022-10-26 10:17:39.828199,0.0,-0.0017889087656529634,0.0,-0.10000000000000142,55.8,55.85,55.85,55.9,175.0,15.0,4458.0,4619.0,False,False
006208,2022-10-26 10:17:40.213443,0.0,-0.0017889087656529634,0.0,-0.10000000000000142,55.8,55.85,55.85,55.9,175.0,15.0,4458.0,4619.0,False,False
006208,2022-10-26 10:17:40.363699,0.0,-0.0017889087656529634,0.0,-0.10000000000000142,55.8,55.85,55.85,55.9,175.0,14.0,4458.0,4619.0,False,False
006208,2022-10-26 10:17:41.274540,0.0,-0.0017889087656529634,0.0,-0.10000000000000142,55.8,55.85,55.85,55.9,175.0,14.0,4458.0,4619.0,False,False
006208,2022-10-26 10:17:42.200455,0.0,-0.0017889087656529634,0.0,-0.10000000000000142,55.8,55.85,55.85,55.9,175.0,14.0,4458.0,4619.0,False,False
006208,2022-10-26 10:17:42.514948,0.0,-0.0017889087656529634,0.0,-0.10000000000000142,55.8,55.85,55.85,55.9,175.0,14.0,4458.0,4619.0,False,False
006208,2022-10-26 10:17:44.631938,0.0,-0.0017889087656529634,0.0,-0.10000000000000142,55.8,55.85,55.85,55.9,175.0,14.0,4458.0,4619.0,False,False
006208,2022-10-26 10:17:45.157624,0.0,-0.0017889087656529634,0.0,-0.10000000000000142,55.8,55.85,55.85,55.9,175.0,14.0,4458.0,4619.0,False,False
006208,2022-10-26 10:17:45.181880,0.0,-0.0017889087656529634,0.0,-0.10000000000000142,55.8,55.85,55.85,55.9,175.0,14.0,4458.0,4619.0,False,False
006208,2022-10-26 10:17:45.435974,0.0,-0.0017889087656529634,0.0,-0.10000000000000142,55.8,55.85,55.85,55.9,175.0,14.0,4708.0,4681.0,True,True
006208,2022-10-26 10:17:46.676163,0.0,-0.0017889087656529634,0.0,-0.10000000000000142,55.8,55.85,55.85,55.9,175.0,14.0,4708.0,4681.0,False,False
006208,2022-10-26 10:17:46.702406,0.0,-0.0017889087656529634,0.0,-0.10000000000000142,55.8,55.85,55.85,55.9,175.0,14.0,4708.0,4681.0,False,False
006208,2022-10-26 10:17:47.630649,0.0,-0.0017889087656529634,0.0,-0.10000000000000142,55.8,55.85,55.85,55.9,175.0,14.0,4708.0,4681.0,False,False
006208,2022-10-26 10:17:47.642644,0.0,-0.0017889087656529634,0.0,-0.10000000000000142,55.8,55.85,55.85,55.9,175.0,14.0,4708.0,4681.0,False,False
006208,2022-10-26 10:17:47.661091,0.0,-0.0017889087656529634,0.0,-0.10000000000000142,55.8,55.85,55.85,55.9,175.0,14.0,4708.0,4681.0,False,False
006208,2022-10-26 10:17:47.671013,0.0,-0.0017889087656529634,0.0,-0.10000000000000142,55.8,55.85,55.85,55.9,175.0,14.0,4708.0,4681.0,False,False
006208,2022-10-26 10:17:47.877662,0.0,-0.0017889087656529634,0.0,-0.10000000000000142,55.8,55.85,55.85,55.9,175.0,14.0,4708.0,4681.0,False,False
006208,2022-10-26 10:17:49.559565,0.0,-0.0017889087656529634,0.0,-0.10000000000000142,55.8,55.85,55.85,55.9,174.0,14.0,4708.0,4681.0,False,False
006208,2022-10-26 10:17:49.815788,0.0,-0.0017889087656529634,0.0,-0.10000000000000142,55.8,55.85,55.85,55.9,174.0,14.0,4708.0,4681.0,False,False
006208,2022-10-26 10:17:49.820430,0.0,-0.0017889087656529634,0.0,-0.10000000000000142,55.8,55.85,55.85,55.9,174.0,14.0,4708.0,4681.0,False,False
006208,2022-10-26 10:17:49.955197,0.0,-0.0017889087656529634,0.0,-0.10000000000000142,55.8,55.85,55.85,55.9,174.0,14.0,4708.0,4681.0,False,False
006208,2022-10-26 10:17:50.343305,0.0,-0.0017889087656529634,0.0,-0.10000000000000142,55.8,55.85,55.85,55.9,174.0,13.0,4708.0,4681.0,False,False
006208,2022-10-26 10:17:55.465064,0.0,-0.0017889087656529634,0.0,-0.10000000000000142,55.8,55.85,55.85,55.9,174.0,13.0,4708.0,4678.0,True,True
006208,2022-10-26 10:17:56.394370,0.0,-0.0017889087656529634,0.0,-0.10000000000000142,55.8,55.85,55.85,55.9,174.0,13.0,4708.0,4678.0,False,False
006208,2022-10-26 10:17:56.406601,0.0,-0.0017889087656529634,0.0,-0.10000000000000142,55.8,55.85,55.85,55.9,174.0,13.0,4708.0,4678.0,False,False
006208,2022-10-26 10:17:57.834035,0.0,-0.0017889087656529634,0.0,-0.10000000000000142,55.8,55.85,55.85,55.9,174.0,13.0,4708.0,4678.0,False,False
006208,2022-10-26 10:17:57.971987,0.0,-0.0017889087656529634,0.0,-0.10000000000000142,55.8,55.85,55.85,55.9,174.0,12.0,4708.0,4678.0,False,False
006208,2022-10-26 10:17:58.518246,0.0,-0.0017889087656529634,0.0,-0.10000000000000142,55.8,55.85,55.85,55.9,174.0,12.0,4708.0,4678.0,False,False
006208,2022-10-26 10:17:58.531283,0.0,-0.0017889087656529634,0.0,-0.10000000000000142,55.8,55.85,55.85,55.9,174.0,12.0,4708.0,4678.0,False,False
006208,2022-10-26 10:17:59.143221,0.0,-0.0017889087656529634,0.0,-0.10000000000000142,55.8,55.85,55.85,55.9,174.0,12.0,4708.0,4678.0,False,False
006208,2022-10-26 10:17:59.155719,0.0,-0.0017889087656529634,0.0,-0.10000000000000142,55.8,55.85,55.85,55.9,174.0,12.0,4708.0,4678.0,False,False
006208,2022-10-26 10:17:59.941595,0.0,-0.0017889087656529634,0.0,-0.10000000000000142,55.8,55.85,55.85,55.9,174.0,12.0,4708.0,4678.0,False,False
006208,2022-10-26 10:17:59.964732,0.0,-0.0017889087656529634,0.0,-0.10000000000000142,55.8,55.85,55.85,55.9,174.0,12.0,4708.0,4678.0,False,False
006208,2022-10-26 10:18:00.076745,0.0,-0.0017889087656529634,0.0,-0.10000000000000142,55.8,55.85,55.85,55.9,174.0,12.0,4708.0,4678.0,False,False
006208,2022-10-26 10:18:00.269405,-0.0008944543828264262,-0.0017889087656529634,-0.04999999999999716,-0.10000000000000142,55.8,55.9,55.85,55.9,174.0,132.0,4708.0,4678.0,False,False
006208,2022-10-26 10:18:00.270750,-0.0008944543828264262,-0.0017889087656529634,-0.04999999999999716,-0.10000000000000142,55.8,55.9,55.85,55.9,174.0,132.0,4708.0,4678.0,False,False
006208,2022-10-26 10:18:00.343021,-0.0008944543828264262,-0.0017889087656529634,-0.04999999999999716,-0.10000000000000142,55.8,55.9,55.85,55.9,174.0,132.0,4708.0,4678.0,False,False
006208,2022-10-26 10:18:00.353872,-0.0008944543828264262,-0.0017889087656529634,-0.04999999999999716,-0.10000000000000142,55.8,55.9,55.85,55.9,174.0,131.0,4708.0,4678.0,False,False
006208,2022-10-26 10:18:00.468163,-0.0008944543828264262,-0.0008944543828264262,-0.04999999999999716,-0.04999999999999716,55.85,55.9,55.85,55.9,75.0,131.0,4708.0,4678.0,False,False
006208,2022-10-26 10:18:00.619575,-0.0008944543828264262,-0.0008944543828264262,-0.04999999999999716,-0.04999999999999716,55.85,55.9,55.85,55.9,75.0,91.0,4708.0,4678.0,False,False
006208,2022-10-26 10:18:00.677347,-0.0008944543828264262,-0.0008944543828264262,-0.04999999999999716,-0.04999999999999716,55.85,55.9,55.85,55.9,75.0,91.0,4708.0,4678.0,False,False
006208,2022-10-26 10:18:02.302633,-0.0008944543828264262,-0.0008944543828264262,-0.04999999999999716,-0.04999999999999716,55.85,55.9,55.85,55.9,75.0,91.0,4708.0,4678.0,False,False
006208,2022-10-26 10:18:02.365468,-0.0008944543828264262,-0.0008944543828264262,-0.04999999999999716,-0.04999999999999716,55.85,55.9,55.85,55.9,75.0,91.0,4708.0,4678.0,False,False
006208,2022-10-26 10:18:02.484383,-0.0008944543828264262,-0.0008944543828264262,-0.04999999999999716,-0.04999999999999716,55.85,55.9,55.85,55.9,75.0,91.0,4708.0,4678.0,False,False
006208,2022-10-26 10:18:02.520820,-0.0008944543828264262,-0.0008944543828264262,-0.04999999999999716,-0.04999999999999716,55.85,55.9,55.85,55.9,75.0,91.0,4708.0,4678.0,False,False
006208,2022-10-26 10:18:02.938160,-0.0008944543828264262,-0.0008944543828264262,-0.04999999999999716,-0.04999999999999716,55.85,55.9,55.85,55.9,75.0,91.0,4708.0,4678.0,False,False
006208,2022-10-26 10:18:02.968688,-0.0008944543828264262,-0.0008944543828264262,-0.04999999999999716,-0.04999999999999716,55.85,55.9,55.85,55.9,75.0,91.0,4708.0,4678.0,False,False
006208,2022-10-26 10:18:04.494551,-0.0008944543828264262,-0.0008944543828264262,-0.04999999999999716,-0.04999999999999716,55.85,55.9,55.85,55.9,75.0,91.0,4708.0,4678.0,False,False
006208,2022-10-26 10:18:04.505572,-0.0008944543828264262,-0.0008944543828264262,-0.04999999999999716,-0.04999999999999716,55.85,55.9,55.85,55.9,75.0,91.0,4708.0,4678.0,False,False
006208,2022-10-26 10:18:04.525280,-0.0008944543828264262,-0.0008944543828264262,-0.04999999999999716,-0.04999999999999716,55.85,55.9,55.85,55.9,75.0,91.0,4708.0,4678.0,False,False
006208,2022-10-26 10:18:05.508430,-0.0008944543828264262,-0.0008944543828264262,-0.04999999999999716,-0.04999999999999716,55.85,55.9,55.85,55.9,75.0,91.0,4708.0,4828.0,True,True
006208,2022-10-26 10:18:05.899824,-0.0008944543828264262,-0.0008944543828264262,-0.04999999999999716,-0.04999999999999716,55.85,55.9,55.85,55.9,75.0,91.0,4708.0,4828.0,False,False
006208,2022-10-26 10:18:07.215859,-0.0008944543828264262,-0.0008944543828264262,-0.04999999999999716,-0.04999999999999716,55.85,55.9,55.85,55.9,75.0,91.0,4708.0,4828.0,False,False
006208,2022-10-26 10:18:07.256678,-0.0008944543828264262,-0.0008944543828264262,-0.04999999999999716,-0.04999999999999716,55.85,55.9,55.85,55.9,75.0,51.0,4708.0,4828.0,False,False
006208,2022-10-26 10:18:08.086435,-0.0008944543828264262,-0.0008944543828264262,-0.04999999999999716,-0.04999999999999716,55.85,55.9,55.85,55.9,75.0,51.0,4708.0,4828.0,False,False
006208,2022-10-26 10:18:08.133356,-0.0008944543828264262,-0.0008944543828264262,-0.04999999999999716,-0.04999999999999716,55.85,55.9,55.85,55.9,75.0,51.0,4708.0,4828.0,False,False
006208,2022-10-26 10:18:08.238322,-0.0008944543828264262,-0.0008944543828264262,-0.04999999999999716,-0.04999999999999716,55.85,55.9,55.85,55.9,175.0,51.0,4708.0,4828.0,False,False
006208,2022-10-26 10:18:09.122554,-0.0008944543828264262,-0.0008944543828264262,-0.04999999999999716,-0.04999999999999716,55.85,55.9,55.85,55.9,175.0,51.0,4708.0,4828.0,False,False
006208,2022-10-26 10:18:09.122769,-0.0008944543828264262,-0.0008944543828264262,-0.04999999999999716,-0.04999999999999716,55.85,55.9,55.85,55.9,175.0,51.0,4708.0,4828.0,False,False
006208,2022-10-26 10:18:09.131564,-0.0008944543828264262,-0.0008944543828264262,-0.04999999999999716,-0.04999999999999716,55.85,55.9,55.85,55.9,175.0,51.0,4708.0,4828.0,False,False
006208,2022-10-26 10:18:10.578408,-0.0008944543828264262,-0.0008944543828264262,-0.04999999999999716,-0.04999999999999716,55.85,55.9,55.85,55.9,175.0,51.0,4708.0,4828.0,False,False
006208,2022-10-26 10:18:10.604350,-0.0008944543828264262,-0.0008944543828264262,-0.04999999999999716,-0.04999999999999716,55.85,55.9,55.85,55.9,75.0,51.0,4708.0,4828.0,False,False
006208,2022-10-26 10:18:10.671866,-0.0008944543828264262,-0.0008944543828264262,-0.04999999999999716,-0.04999999999999716,55.85,55.9,55.85,55.9,75.0,51.0,4708.0,4828.0,False,False
006208,2022-10-26 10:18:10.821980,-0.0008944543828264262,-0.0008944543828264262,-0.04999999999999716,-0.04999999999999716,55.85,55.9,55.85,55.9,75.0,51.0,4708.0,4828.0,False,False
006208,2022-10-26 10:18:11.179334,-0.0008944543828264262,-0.0008944543828264262,-0.04999999999999716,-0.04999999999999716,55.85,55.9,55.85,55.9,75.0,1.0,4708.0,4828.0,False,False
006208,2022-10-26 10:18:11.245596,-0.0008944543828264262,-0.0008944543828264262,-0.04999999999999716,-0.04999999999999716,55.85,55.9,55.85,55.9,75.0,1.0,4708.0,4828.0,False,False
006208,2022-10-26 10:18:11.604123,-0.0008944543828264262,-0.0008944543828264262,-0.04999999999999716,-0.04999999999999716,55.85,55.9,55.85,55.9,175.0,1.0,4708.0,4828.0,False,False
006208,2022-10-26 10:18:12.316782,-0.0008944543828264262,-0.0008944543828264262,-0.04999999999999716,-0.04999999999999716,55.85,55.9,55.85,55.9,175.0,1.0,4708.0,4828.0,False,False
006208,2022-10-26 10:18:12.327574,-0.0008944543828264262,-0.0008944543828264262,-0.04999999999999716,-0.04999999999999716,55.85,55.9,55.85,55.9,175.0,1.0,4708.0,4828.0,False,False
006208,2022-10-26 10:18:13.554919,-0.0008944543828264262,-0.0008944543828264262,-0.04999999999999716,-0.04999999999999716,55.85,55.9,55.85,55.9,175.0,1.0,4708.0,4828.0,False,False
006208,2022-10-26 10:18:15.091282,-0.0008944543828264262,-0.0008944543828264262,-0.04999999999999716,-0.04999999999999716,55.85,55.9,55.85,55.9,175.0,1.0,4708.0,4828.0,False,False
006208,2022-10-26 10:18:15.119961,-0.0008944543828264262,-0.0008944543828264262,-0.04999999999999716,-0.04999999999999716,55.85,55.9,55.85,55.9,75.0,1.0,4708.0,4828.0,False,False
006208,2022-10-26 10:18:15.550902,-0.0008944543828264262,-0.0008944543828264262,-0.04999999999999716,-0.04999999999999716,55.85,55.9,55.85,55.9,75.0,1.0,4708.0,4828.0,True,True
006208,2022-10-26 10:18:16.120150,-0.0008944543828264262,-0.0008944543828264262,-0.04999999999999716,-0.04999999999999716,55.85,55.9,55.85,55.9,75.0,1.0,4708.0,4828.0,False,False
006208,2022-10-26 10:18:16.832682,-0.0008944543828264262,-0.0008944543828264262,-0.04999999999999716,-0.04999999999999716,55.85,55.9,55.85,55.9,75.0,1.0,4708.0,4828.0,False,False
006208,2022-10-26 10:18:18.540944,-0.0008944543828264262,-0.0008944543828264262,-0.04999999999999716,-0.04999999999999716,55.85,55.9,55.85,55.9,75.0,1.0,4708.0,4828.0,False,False
006208,2022-10-26 10:18:18.541163,-0.0008944543828264262,-0.0008944543828264262,-0.04999999999999716,-0.04999999999999716,55.85,55.9,55.85,55.9,75.0,1.0,4708.0,4828.0,False,False
006208,2022-10-26 10:18:20.343850,-0.0017873100983021306,-0.0008944543828264262,-0.10000000000000142,-0.04999999999999716,55.85,55.95,55.85,55.9,75.0,324.0,4708.0,4828.0,False,False
006208,2022-10-26 10:18:20.378145,-0.0017873100983021306,-0.0008944543828264262,-0.10000000000000142,-0.04999999999999716,55.85,55.95,55.85,55.9,75.0,324.0,4708.0,4828.0,False,False
006208,2022-10-26 10:18:20.560641,-0.0017873100983021306,-0.0008944543828264262,-0.10000000000000142,-0.04999999999999716,55.85,55.95,55.85,55.9,75.0,284.0,4708.0,4828.0,False,False
006208,2022-10-26 10:18:20.689958,-0.0017873100983021306,-0.0008944543828264262,-0.10000000000000142,-0.04999999999999716,55.85,55.95,55.85,55.9,75.0,284.0,4708.0,4828.0,False,False
006208,2022-10-26 10:18:21.127693,-0.0017873100983021306,-0.0008944543828264262,-0.10000000000000142,-0.04999999999999716,55.85,55.95,55.85,55.9,75.0,267.0,4708.0,4828.0,False,False
006208,2022-10-26 10:18:21.717231,-0.0017873100983021306,-0.0008944543828264262,-0.10000000000000142,-0.04999999999999716,55.85,55.95,55.85,55.9,75.0,267.0,4708.0,4828.0,False,False
006208,2022-10-26 10:18:21.730357,-0.0017873100983021306,-0.0008944543828264262,-0.10000000000000142,-0.04999999999999716,55.85,55.95,55.85,55.9,75.0,267.0,4708.0,4828.0,False,False
006208,2022-10-26 10:18:21.923808,-0.0017873100983021306,-0.0008944543828264262,-0.10000000000000142,-0.04999999999999716,55.85,55.95,55.85,55.9,75.0,267.0,4708.0,4828.0,False,False
006208,2022-10-26 10:18:21.934661,-0.0017873100983021306,-0.0008944543828264262,-0.10000000000000142,-0.04999999999999716,55.85,55.95,55.85,55.9,75.0,267.0,4708.0,4828.0,False,False
006208,2022-10-26 10:18:24.513422,-0.0017873100983021306,-0.0008944543828264262,-0.10000000000000142,-0.04999999999999716,55.85,55.95,55.85,55.9,75.0,267.0,4708.0,4828.0,False,False
006208,2022-10-26 10:18:26.799505,-0.0017873100983021306,-0.0008944543828264262,-0.10000000000000142,-0.04999999999999716,55.85,55.95,55.85,55.9,75.0,267.0,4708.0,4828.0,False,False
006208,2022-10-26 10:18:29.096934,-0.0017873100983021306,-0.0008944543828264262,-0.10000000000000142,-0.04999999999999716,55.85,55.95,55.85,55.9,75.0,307.0,4708.0,4828.0,False,False
006208,2022-10-26 10:18:29.483127,-0.0017873100983021306,-0.0008944543828264262,-0.10000000000000142,-0.04999999999999716,55.85,55.95,55.85,55.9,75.0,307.0,4708.0,4828.0,False,False
006208,2022-10-26 10:18:30.258003,-0.0017873100983021306,-0.0008944543828264262,-0.10000000000000142,-0.04999999999999716,55.85,55.95,55.85,55.9,75.0,267.0,4708.0,4828.0,False,False
006208,2022-10-26 10:18:30.339101,-0.0017873100983021306,-0.0008944543828264262,-0.10000000000000142,-0.04999999999999716,55.85,55.95,55.85,55.9,75.0,266.0,4708.0,4828.0,False,False
006208,2022-10-26 10:18:30.366887,-0.0017873100983021306,-0.0008944543828264262,-0.10000000000000142,-0.04999999999999716,55.85,55.95,55.85,55.9,75.0,266.0,4708.0,4828.0,False,False
006208,2022-10-26 10:18:30.367087,-0.0017873100983021306,-0.0008944543828264262,-0.10000000000000142,-0.04999999999999716,55.85,55.95,55.85,55.9,75.0,266.0,4708.0,4828.0,False,False
006208,2022-10-26 10:18:30.611807,-0.0017873100983021306,-0.0008944543828264262,-0.10000000000000142,-0.04999999999999716,55.85,55.95,55.85,55.9,75.0,266.0,4708.0,4828.0,False,False
006208,2022-10-26 10:18:30.681271,-0.0017873100983021306,-0.0008944543828264262,-0.10000000000000142,-0.04999999999999716,55.85,55.95,55.85,55.9,75.0,266.0,4708.0,4828.0,False,False
006208,2022-10-26 10:18:30.821126,-0.0017873100983021306,-0.0008944543828264262,-0.10000000000000142,-0.04999999999999716,55.85,55.95,55.85,55.9,75.0,266.0,4708.0,4828.0,False,False
006208,2022-10-26 10:18:31.107691,-0.0017873100983021306,-0.0008944543828264262,-0.10000000000000142,-0.04999999999999716,55.85,55.95,55.85,55.9,75.0,266.0,4708.0,4828.0,False,False
006208,2022-10-26 10:18:31.107708,-0.0017873100983021306,-0.0008944543828264262,-0.10000000000000142,-0.04999999999999716,55.85,55.95,55.85,55.9,75.0,266.0,4708.0,4828.0,False,False
006208,2022-10-26 10:18:31.961635,-0.0017873100983021306,-0.0008944543828264262,-0.10000000000000142,-0.04999999999999716,55.85,55.95,55.85,55.9,75.0,265.0,4708.0,4828.0,False,False
006208,2022-10-26 10:18:32.132953,-0.0017873100983021306,-0.0008944543828264262,-0.10000000000000142,-0.04999999999999716,55.85,55.95,55.85,55.9,75.0,265.0,4708.0,4828.0,False,False
006208,2022-10-26 10:18:32.132981,-0.0017873100983021306,-0.0008944543828264262,-0.10000000000000142,-0.04999999999999716,55.85,55.95,55.85,55.9,75.0,265.0,4708.0,4828.0,False,False
006208,2022-10-26 10:18:32.133139,-0.0017873100983021306,-0.0008944543828264262,-0.10000000000000142,-0.04999999999999716,55.85,55.95,55.85,55.9,75.0,265.0,4708.0,4828.0,False,False
006208,2022-10-26 10:18:32.521751,-0.0017873100983021306,-0.0008944543828264262,-0.10000000000000142,-0.04999999999999716,55.85,55.95,55.85,55.9,75.0,265.0,4708.0,4828.0,False,False
006208,2022-10-26 10:18:33.013691,-0.0017873100983021306,-0.0008944543828264262,-0.10000000000000142,-0.04999999999999716,55.85,55.95,55.85,55.9,75.0,305.0,4708.0,4828.0,False,False
006208,2022-10-26 10:18:33.062034,-0.0017873100983021306,-0.0008944543828264262,-0.10000000000000142,-0.04999999999999716,55.85,55.95,55.85,55.9,75.0,265.0,4708.0,4828.0,False,False
006208,2022-10-26 10:18:33.150651,-0.0017873100983021306,-0.0008944543828264262,-0.10000000000000142,-0.04999999999999716,55.85,55.95,55.85,55.9,75.0,265.0,4708.0,4828.0,False,False
006208,2022-10-26 10:18:33.601469,-0.0017873100983021306,-0.0008944543828264262,-0.10000000000000142,-0.04999999999999716,55.85,55.95,55.85,55.9,75.0,265.0,4708.0,4828.0,False,False
006208,2022-10-26 10:18:33.601690,-0.0017873100983021306,-0.0008944543828264262,-0.10000000000000142,-0.04999999999999716,55.85,55.95,55.85,55.9,75.0,265.0,4708.0,4828.0,False,False
006208,2022-10-26 10:18:34.159416,-0.0017873100983021306,-0.0008944543828264262,-0.10000000000000142,-0.04999999999999716,55.85,55.95,55.85,55.9,75.0,265.0,4708.0,4828.0,False,False
006208,2022-10-26 10:18:34.294278,-0.0017873100983021306,-0.0008944543828264262,-0.10000000000000142,-0.04999999999999716,55.85,55.95,55.85,55.9,75.0,265.0,4708.0,4828.0,False,False
006208,2022-10-26 10:18:34.294475,-0.0017873100983021306,-0.0008944543828264262,-0.10000000000000142,-0.04999999999999716,55.85,55.95,55.85,55.9,75.0,265.0,4708.0,4828.0,False,False
006208,2022-10-26 10:18:34.411074,-0.0017873100983021306,-0.0008944543828264262,-0.10000000000000142,-0.04999999999999716,55.85,55.95,55.85,55.9,75.0,265.0,4708.0,4828.0,False,False
006208,2022-10-26 10:18:35.620315,-0.0017873100983021306,-0.0008944543828264262,-0.10000000000000142,-0.04999999999999716,55.85,55.95,55.85,55.9,75.0,265.0,4758.0,4828.0,True,True
006208,2022-10-26 10:18:37.487458,-0.0017873100983021306,-0.0008944543828264262,-0.10000000000000142,-0.04999999999999716,55.85,55.95,55.85,55.9,75.0,265.0,4758.0,4828.0,False,False
006208,2022-10-26 10:18:38.762246,-0.0017873100983021306,-0.0008944543828264262,-0.10000000000000142,-0.04999999999999716,55.85,55.95,55.85,55.9,75.0,265.0,4758.0,4828.0,False,False
006208,2022-10-26 10:18:38.762454,-0.0017873100983021306,-0.0008944543828264262,-0.10000000000000142,-0.04999999999999716,55.85,55.95,55.85,55.9,75.0,265.0,4758.0,4828.0,False,False
006208,2022-10-26 10:18:40.349449,-0.0017873100983021306,-0.0008944543828264262,-0.10000000000000142,-0.04999999999999716,55.85,55.95,55.85,55.9,75.0,264.0,4758.0,4828.0,False,False
006208,2022-10-26 10:18:40.828217,-0.0017873100983021306,-0.0008944543828264262,-0.10000000000000142,-0.04999999999999716,55.85,55.95,55.85,55.9,75.0,264.0,4758.0,4828.0,False,False
006208,2022-10-26 10:18:40.832902,-0.0017873100983021306,-0.0008944543828264262,-0.10000000000000142,-0.04999999999999716,55.85,55.95,55.85,55.9,75.0,264.0,4758.0,4828.0,False,False
006208,2022-10-26 10:18:40.964151,-0.0017873100983021306,-0.0008944543828264262,-0.10000000000000142,-0.04999999999999716,55.85,55.95,55.85,55.9,75.0,264.0,4758.0,4828.0,False,False
006208,2022-10-26 10:18:43.697777,-0.0017873100983021306,-0.0008944543828264262,-0.10000000000000142,-0.04999999999999716,55.85,55.95,55.85,55.9,75.0,265.0,4758.0,4828.0,False,False
006208,2022-10-26 10:18:45.359979,-0.0017873100983021306,-0.0008944543828264262,-0.10000000000000142,-0.04999999999999716,55.85,55.95,55.85,55.9,75.0,190.0,4758.0,4828.0,False,False
006208,2022-10-26 10:18:45.360128,-0.0017873100983021306,-0.0008944543828264262,-0.10000000000000142,-0.04999999999999716,55.85,55.95,55.85,55.9,75.0,190.0,4758.0,4828.0,False,False
006208,2022-10-26 10:18:45.405615,-0.0017873100983021306,-0.0008944543828264262,-0.10000000000000142,-0.04999999999999716,55.85,55.95,55.85,55.9,75.0,190.0,4758.0,4828.0,False,False
006208,2022-10-26 10:18:45.656764,-0.0017873100983021306,-0.0008944543828264262,-0.10000000000000142,-0.04999999999999716,55.85,55.95,55.85,55.9,75.0,190.0,4758.0,3829.0,True,True
006208,2022-10-26 10:18:47.766734,-0.0017873100983021306,-0.0008944543828264262,-0.10000000000000142,-0.04999999999999716,55.85,55.95,55.85,55.9,75.0,190.0,4758.0,3829.0,False,False
006208,2022-10-26 10:18:47.777410,-0.0017873100983021306,-0.0008944543828264262,-0.10000000000000142,-0.04999999999999716,55.85,55.95,55.85,55.9,75.0,190.0,4758.0,3829.0,False,False
006208,2022-10-26 10:18:48.293482,-0.0017873100983021306,-0.0008944543828264262,-0.10000000000000142,-0.04999999999999716,55.85,55.95,55.85,55.9,75.0,190.0,4758.0,3829.0,False,False
006208,2022-10-26 10:18:48.328376,-0.0017873100983021306,-0.0008944543828264262,-0.10000000000000142,-0.04999999999999716,55.85,55.95,55.85,55.9,75.0,90.0,4758.0,3829.0,False,False
006208,2022-10-26 10:18:49.328042,-0.0017873100983021306,-0.0008944543828264262,-0.10000000000000142,-0.04999999999999716,55.85,55.95,55.85,55.9,175.0,90.0,4758.0,3829.0,False,False
006208,2022-10-26 10:18:50.313646,-0.0017873100983021306,-0.0008944543828264262,-0.10000000000000142,-0.04999999999999716,55.85,55.95,55.85,55.9,175.0,89.0,4758.0,3829.0,False,False
006208,2022-10-26 10:18:50.418879,-0.0017873100983021306,-0.0008944543828264262,-0.10000000000000142,-0.04999999999999716,55.85,55.95,55.85,55.9,175.0,89.0,4758.0,3829.0,False,False
006208,2022-10-26 10:18:50.419272,-0.0017873100983021306,-0.0008944543828264262,-0.10000000000000142,-0.04999999999999716,55.85,55.95,55.85,55.9,175.0,89.0,4758.0,3829.0,False,False
006208,2022-10-26 10:18:50.673967,-0.0017873100983021306,-0.0008944543828264262,-0.10000000000000142,-0.04999999999999716,55.85,55.95,55.85,55.9,175.0,89.0,4758.0,3829.0,False,False
006208,2022-10-26 10:18:50.961240,-0.0017873100983021306,-0.0008944543828264262,-0.10000000000000142,-0.04999999999999716,55.85,55.95,55.85,55.9,175.0,89.0,4758.0,3829.0,False,False
006208,2022-10-26 10:18:50.964504,-0.0017873100983021306,-0.0008944543828264262,-0.10000000000000142,-0.04999999999999716,55.85,55.95,55.85,55.9,175.0,89.0,4758.0,3829.0,False,False
006208,2022-10-26 10:18:51.098964,-0.0017873100983021306,-0.0008944543828264262,-0.10000000000000142,-0.04999999999999716,55.85,55.95,55.85,55.9,175.0,89.0,4758.0,3829.0,False,False
006208,2022-10-26 10:18:51.764107,-0.0017873100983021306,-0.0008944543828264262,-0.10000000000000142,-0.04999999999999716,55.85,55.95,55.85,55.9,175.0,89.0,4758.0,3829.0,False,False
006208,2022-10-26 10:18:51.770181,-0.0017873100983021306,-0.0008944543828264262,-0.10000000000000142,-0.04999999999999716,55.85,55.95,55.85,55.9,175.0,89.0,4758.0,3829.0,False,False
006208,2022-10-26 10:18:53.696860,-0.0017873100983021306,-0.0008944543828264262,-0.10000000000000142,-0.04999999999999716,55.85,55.95,55.85,55.9,175.0,89.0,4758.0,3829.0,False,False
006208,2022-10-26 10:18:53.697092,-0.0017873100983021306,-0.0008944543828264262,-0.10000000000000142,-0.04999999999999716,55.85,55.95,55.85,55.9,175.0,89.0,4758.0,3829.0,False,False
006208,2022-10-26 10:18:55.902473,-0.0017873100983021306,-0.0008944543828264262,-0.10000000000000142,-0.04999999999999716,55.85,55.95,55.85,55.9,175.0,89.0,4758.0,3829.0,False,False
006208,2022-10-26 10:18:55.902654,-0.0017873100983021306,-0.0008944543828264262,-0.10000000000000142,-0.04999999999999716,55.85,55.95,55.85,55.9,175.0,89.0,4758.0,3829.0,False,False
006208,2022-10-26 10:18:56.211171,-0.0017873100983021306,-0.0008944543828264262,-0.10000000000000142,-0.04999999999999716,55.85,55.95,55.85,55.9,175.0,89.0,4758.0,3829.0,False,False
006208,2022-10-26 10:18:56.225957,-0.0017873100983021306,-0.0008944543828264262,-0.10000000000000142,-0.04999999999999716,55.85,55.95,55.85,55.9,175.0,89.0,4758.0,3829.0,False,False
006208,2022-10-26 10:18:57.471969,-0.0017873100983021306,-0.0008944543828264262,-0.10000000000000142,-0.04999999999999716,55.85,55.95,55.85,55.9,175.0,89.0,4758.0,3829.0,False,False
006208,2022-10-26 10:18:57.480634,-0.0017873100983021306,-0.0008944543828264262,-0.10000000000000142,-0.04999999999999716,55.85,55.95,55.85,55.9,175.0,89.0,4758.0,3829.0,False,False
006208,2022-10-26 10:18:57.484899,-0.0017873100983021306,-0.0008944543828264262,-0.10000000000000142,-0.04999999999999716,55.85,55.95,55.85,55.9,175.0,89.0,4758.0,3829.0,False,False
006208,2022-10-26 10:18:59.002189,-0.0017873100983021306,-0.0008944543828264262,-0.10000000000000142,-0.04999999999999716,55.85,55.95,55.85,55.9,175.0,89.0,4758.0,3829.0,False,False
006208,2022-10-26 10:18:59.538619,-0.0017873100983021306,-0.0008944543828264262,-0.10000000000000142,-0.04999999999999716,55.85,55.95,55.85,55.9,175.0,89.0,4758.0,3829.0,False,False
006208,2022-10-26 10:18:59.538791,-0.0017873100983021306,-0.0008944543828264262,-0.10000000000000142,-0.04999999999999716,55.85,55.95,55.85,55.9,175.0,89.0,4758.0,3829.0,False,False
006208,2022-10-26 10:19:00.309102,-0.0017873100983021306,-0.0008944543828264262,-0.10000000000000142,-0.04999999999999716,55.85,55.95,55.85,55.9,175.0,88.0,4758.0,3829.0,False,False
006208,2022-10-26 10:19:01.079702,-0.0017873100983021306,-0.0008944543828264262,-0.10000000000000142,-0.04999999999999716,55.85,55.95,55.85,55.9,175.0,88.0,4758.0,3829.0,False,False
006208,2022-10-26 10:19:01.092051,-0.0017873100983021306,-0.0008944543828264262,-0.10000000000000142,-0.04999999999999716,55.85,55.95,55.85,55.9,175.0,88.0,4758.0,3829.0,False,False
006208,2022-10-26 10:19:01.230707,-0.0017873100983021306,-0.0008944543828264262,-0.10000000000000142,-0.04999999999999716,55.85,55.95,55.85,55.9,175.0,88.0,4758.0,3829.0,False,False
006208,2022-10-26 10:19:01.236788,-0.0017873100983021306,-0.0008944543828264262,-0.10000000000000142,-0.04999999999999716,55.85,55.95,55.85,55.9,175.0,88.0,4758.0,3829.0,False,False
006208,2022-10-26 10:19:04.977260,-0.0017873100983021306,-0.0008944543828264262,-0.10000000000000142,-0.04999999999999716,55.85,55.95,55.85,55.9,175.0,87.0,4758.0,3829.0,False,False
006208,2022-10-26 10:19:05.124230,-0.0017873100983021306,-0.0008944543828264262,-0.10000000000000142,-0.04999999999999716,55.85,55.95,55.85,55.9,175.0,87.0,4758.0,3479.0,False,True
006208,2022-10-26 10:19:07.202475,-0.0017873100983021306,0.0,-0.10000000000000142,0.0,55.9,55.95,55.85,55.9,1.0,87.0,4758.0,3479.0,False,False
006208,2022-10-26 10:19:07.228724,-0.0017873100983021306,0.0,-0.10000000000000142,0.0,55.9,55.95,55.85,55.9,1.0,87.0,4758.0,3479.0,False,False
006208,2022-10-26 10:19:07.254798,-0.0017873100983021306,0.0,-0.10000000000000142,0.0,55.9,55.95,55.85,55.9,1.0,87.0,4758.0,3479.0,False,False
006208,2022-10-26 10:19:07.392939,-0.0017873100983021306,0.0,-0.10000000000000142,0.0,55.9,55.95,55.85,55.9,1.0,87.0,4758.0,3479.0,False,False
006208,2022-10-26 10:19:07.578622,-0.0017873100983021306,0.0,-0.10000000000000142,0.0,55.9,55.95,55.85,55.9,1.0,87.0,4758.0,3479.0,False,False
006208,2022-10-26 10:19:08.835295,-0.0017873100983021306,0.0,-0.10000000000000142,0.0,55.9,55.95,55.85,55.9,1.0,87.0,4758.0,3479.0,False,False
006208,2022-10-26 10:19:08.835513,-0.0017873100983021306,0.0,-0.10000000000000142,0.0,55.9,55.95,55.85,55.9,1.0,87.0,4758.0,3479.0,False,False
006208,2022-10-26 10:19:08.878430,-0.0017873100983021306,0.0,-0.10000000000000142,0.0,55.9,55.95,55.85,55.9,1.0,87.0,4758.0,3479.0,False,False
006208,2022-10-26 10:19:09.181477,-0.0017873100983021306,0.0,-0.10000000000000142,0.0,55.9,55.95,55.85,55.9,1.0,87.0,4758.0,3479.0,False,False
006208,2022-10-26 10:19:09.529147,-0.0017873100983021306,0.0,-0.10000000000000142,0.0,55.9,55.95,55.85,55.9,1.0,87.0,4758.0,3479.0,False,False
006208,2022-10-26 10:19:09.547964,-0.0017873100983021306,0.0,-0.10000000000000142,0.0,55.9,55.95,55.85,55.9,1.0,87.0,4758.0,3479.0,False,False
006208,2022-10-26 10:19:10.076392,-0.0017873100983021306,0.0,-0.10000000000000142,0.0,55.9,55.95,55.85,55.9,1.0,87.0,4758.0,3479.0,False,False
006208,2022-10-26 10:19:10.081667,-0.0017873100983021306,0.0,-0.10000000000000142,0.0,55.9,55.95,55.85,55.9,1.0,87.0,4758.0,3479.0,False,False
006208,2022-10-26 10:19:10.319056,-0.0017873100983021306,0.0,-0.10000000000000142,0.0,55.9,55.95,55.85,55.9,1.0,86.0,4758.0,3479.0,False,False
006208,2022-10-26 10:19:10.468489,-0.0017873100983021306,0.0,-0.10000000000000142,0.0,55.9,55.95,55.85,55.9,1.0,86.0,4758.0,3479.0,False,False
006208,2022-10-26 10:19:10.490527,-0.0017873100983021306,0.0,-0.10000000000000142,0.0,55.9,55.95,55.85,55.9,1.0,86.0,4758.0,3479.0,False,False
006208,2022-10-26 10:19:15.160514,-0.0017873100983021306,0.0,-0.10000000000000142,0.0,55.9,55.95,55.85,55.9,1.0,86.0,4858.0,3479.0,True,True
006208,2022-10-26 10:19:17.490711,-0.0017873100983021306,0.0,-0.10000000000000142,0.0,55.9,55.95,55.85,55.9,1.0,86.0,4858.0,3479.0,False,False
006208,2022-10-26 10:19:17.494925,-0.0017873100983021306,0.0,-0.10000000000000142,0.0,55.9,55.95,55.85,55.9,1.0,86.0,4858.0,3479.0,False,False
006208,2022-10-26 10:19:17.625229,-0.0017873100983021306,0.0,-0.10000000000000142,0.0,55.9,55.95,55.85,55.9,1.0,86.0,4858.0,3479.0,False,False
006208,2022-10-26 10:19:19.392733,-0.0017873100983021306,0.0,-0.10000000000000142,0.0,55.9,55.95,55.85,55.9,1.0,86.0,4858.0,3479.0,False,False
006208,2022-10-26 10:19:19.392957,-0.0017873100983021306,0.0,-0.10000000000000142,0.0,55.9,55.95,55.85,55.9,1.0,86.0,4858.0,3479.0,False,False
006208,2022-10-26 10:19:21.291667,-0.0017873100983021306,0.0,-0.10000000000000142,0.0,55.9,55.95,55.85,55.9,1.0,86.0,4858.0,3479.0,False,False
006208,2022-10-26 10:19:21.292002,-0.0017873100983021306,0.0,-0.10000000000000142,0.0,55.9,55.95,55.85,55.9,76.0,86.0,4858.0,3479.0,False,False
006208,2022-10-26 10:19:21.418779,-0.0017873100983021306,0.0,-0.10000000000000142,0.0,55.9,55.95,55.85,55.9,76.0,86.0,4858.0,3479.0,False,False
006208,2022-10-26 10:19:21.510657,-0.0017873100983021306,0.0,-0.10000000000000142,0.0,55.9,55.95,55.85,55.9,76.0,86.0,4858.0,3479.0,False,False
006208,2022-10-26 10:19:21.720370,-0.0017873100983021306,0.0,-0.10000000000000142,0.0,55.9,55.95,55.85,55.9,76.0,86.0,4858.0,3479.0,False,False
006208,2022-10-26 10:19:21.724504,-0.0017873100983021306,0.0,-0.10000000000000142,0.0,55.9,55.95,55.85,55.9,76.0,86.0,4858.0,3479.0,False,False
006208,2022-10-26 10:19:22.511133,-0.0017873100983021306,0.0,-0.10000000000000142,0.0,55.9,55.95,55.85,55.9,76.0,86.0,4858.0,3479.0,False,False
006208,2022-10-26 10:19:22.511170,-0.0017873100983021306,0.0,-0.10000000000000142,0.0,55.9,55.95,55.85,55.9,176.0,86.0,4858.0,3479.0,False,False
006208,2022-10-26 10:19:24.165672,-0.0017873100983021306,0.0,-0.10000000000000142,0.0,55.9,55.95,55.85,55.9,176.0,85.0,4858.0,3479.0,False,False
006208,2022-10-26 10:19:24.193583,-0.0017873100983021306,0.0,-0.10000000000000142,0.0,55.9,55.95,55.85,55.9,76.0,85.0,4858.0,3479.0,False,False
006208,2022-10-26 10:19:25.189610,-0.0017873100983021306,0.0,-0.10000000000000142,0.0,55.9,55.95,55.85,55.9,76.0,85.0,4858.0,3434.0,True,True
006208,2022-10-26 10:19:25.193495,-0.0017873100983021306,0.0,-0.10000000000000142,0.0,55.9,55.95,55.85,55.9,76.0,85.0,4858.0,3434.0,False,False
006208,2022-10-26 10:19:26.405288,-0.0017873100983021306,0.0,-0.10000000000000142,0.0,55.9,55.95,55.85,55.9,76.0,85.0,4858.0,3434.0,False,False
006208,2022-10-26 10:19:26.408148,-0.0017873100983021306,0.0,-0.10000000000000142,0.0,55.9,55.95,55.85,55.9,76.0,85.0,4858.0,3434.0,False,False
006208,2022-10-26 10:19:27.131902,-0.0017873100983021306,0.0,-0.10000000000000142,0.0,55.9,55.95,55.85,55.9,76.0,85.0,4858.0,3434.0,False,False
006208,2022-10-26 10:19:27.156157,-0.0017873100983021306,0.0,-0.10000000000000142,0.0,55.9,55.95,55.85,55.9,76.0,85.0,4858.0,3434.0,False,False
006208,2022-10-26 10:19:27.608469,-0.0017873100983021306,0.0,-0.10000000000000142,0.0,55.9,55.95,55.85,55.9,76.0,85.0,4858.0,3434.0,False,False
006208,2022-10-26 10:19:27.639288,-0.0017873100983021306,0.0,-0.10000000000000142,0.0,55.9,55.95,55.85,55.9,76.0,85.0,4858.0,3434.0,False,False
006208,2022-10-26 10:19:27.742615,-0.0017873100983021306,0.0,-0.10000000000000142,0.0,55.9,55.95,55.85,55.9,76.0,85.0,4858.0,3434.0,False,False
006208,2022-10-26 10:19:28.495548,-0.0017873100983021306,0.0,-0.10000000000000142,0.0,55.9,55.95,55.85,55.9,76.0,85.0,4858.0,3434.0,False,False
006208,2022-10-26 10:19:28.549741,-0.0017873100983021306,0.0,-0.10000000000000142,0.0,55.9,55.95,55.85,55.9,76.0,85.0,4858.0,3434.0,False,False
006208,2022-10-26 10:19:28.639353,-0.0017873100983021306,0.0,-0.10000000000000142,0.0,55.9,55.95,55.85,55.9,176.0,85.0,4858.0,3434.0,False,False
006208,2022-10-26 10:19:29.257947,-0.0017873100983021306,0.0,-0.10000000000000142,0.0,55.9,55.95,55.85,55.9,176.0,85.0,4858.0,3434.0,False,False
006208,2022-10-26 10:19:29.264440,-0.002678571428571419,0.0,-0.14999999999999858,0.0,55.9,56.0,55.85,55.9,176.0,124.0,4858.0,3434.0,False,False
006208,2022-10-26 10:19:29.275400,-0.002678571428571419,0.0,-0.14999999999999858,0.0,55.9,56.0,55.85,55.9,176.0,124.0,4858.0,3434.0,False,False
006208,2022-10-26 10:19:29.405666,-0.002678571428571419,0.0,-0.14999999999999858,0.0,55.9,56.0,55.85,55.9,176.0,124.0,4858.0,3434.0,False,False
006208,2022-10-26 10:19:29.421737,-0.002678571428571419,0.0,-0.14999999999999858,0.0,55.9,56.0,55.85,55.9,176.0,124.0,4858.0,3434.0,False,False
006208,2022-10-26 10:19:29.636149,-0.002678571428571419,0.0,-0.14999999999999858,0.0,55.9,56.0,55.85,55.9,176.0,84.0,4858.0,3434.0,False,False
006208,2022-10-26 10:19:29.774642,-0.002678571428571419,0.0,-0.14999999999999858,0.0,55.9,56.0,55.85,55.9,176.0,84.0,4858.0,3434.0,False,False
006208,2022-10-26 10:19:29.979991,-0.002678571428571419,0.0,-0.14999999999999858,0.0,55.9,56.0,55.85,55.9,176.0,84.0,4858.0,3434.0,False,False
006208,2022-10-26 10:19:29.980159,-0.002678571428571419,0.0,-0.14999999999999858,0.0,55.9,56.0,55.85,55.9,176.0,84.0,4858.0,3434.0,False,False
006208,2022-10-26 10:19:30.177955,-0.002678571428571419,0.0,-0.14999999999999858,0.0,55.9,56.0,55.85,55.9,176.0,84.0,4858.0,3434.0,False,False
006208,2022-10-26 10:19:30.324852,-0.002678571428571419,0.0,-0.14999999999999858,0.0,55.9,56.0,55.85,55.9,76.0,183.0,4858.0,3434.0,False,False
006208,2022-10-26 10:19:30.265050,-0.002678571428571419,0.0,-0.14999999999999858,0.0,55.9,56.0,55.85,55.9,76.0,184.0,4858.0,3434.0,False,False
006208,2022-10-26 10:19:31.537743,-0.002678571428571419,0.0,-0.14999999999999858,0.0,55.9,56.0,55.85,55.9,76.0,183.0,4858.0,3434.0,False,False
006208,2022-10-26 10:19:31.546296,-0.002678571428571419,0.0,-0.14999999999999858,0.0,55.9,56.0,55.85,55.9,76.0,183.0,4858.0,3434.0,False,False
006208,2022-10-26 10:19:31.719659,-0.002678571428571419,0.0,-0.14999999999999858,0.0,55.9,56.0,55.85,55.9,76.0,183.0,4858.0,3434.0,False,False
006208,2022-10-26 10:19:31.764191,-0.002678571428571419,0.0,-0.14999999999999858,0.0,55.9,56.0,55.85,55.9,76.0,183.0,4858.0,3434.0,False,False
006208,2022-10-26 10:19:33.541278,-0.002678571428571419,0.0,-0.14999999999999858,0.0,55.9,56.0,55.85,55.9,76.0,183.0,4858.0,3434.0,False,False
006208,2022-10-26 10:19:33.570363,-0.002678571428571419,0.0,-0.14999999999999858,0.0,55.9,56.0,55.85,55.9,76.0,83.0,4858.0,3434.0,False,False
006208,2022-10-26 10:19:34.565848,-0.002678571428571419,0.0,-0.14999999999999858,0.0,55.9,56.0,55.85,55.9,176.0,83.0,4858.0,3434.0,False,False
006208,2022-10-26 10:19:34.577441,-0.002678571428571419,0.0008944543828266482,-0.14999999999999858,0.05000000000000426,55.95,56.0,55.85,55.9,75.0,83.0,4858.0,3434.0,False,False
006208,2022-10-26 10:19:34.617477,-0.002678571428571419,0.0008944543828266482,-0.14999999999999858,0.05000000000000426,55.95,56.0,55.85,55.9,75.0,83.0,4858.0,3434.0,False,False
006208,2022-10-26 10:19:34.686535,-0.002678571428571419,0.0008944543828266482,-0.14999999999999858,0.05000000000000426,55.95,56.0,55.85,55.9,75.0,83.0,4858.0,3434.0,False,False
006208,2022-10-26 10:19:34.840507,-0.002678571428571419,0.0008944543828266482,-0.14999999999999858,0.05000000000000426,55.95,56.0,55.85,55.9,75.0,83.0,4858.0,3434.0,False,False
006208,2022-10-26 10:19:34.956242,-0.002678571428571419,0.0008944543828266482,-0.14999999999999858,0.05000000000000426,55.95,56.0,55.85,55.9,75.0,83.0,4858.0,3434.0,False,False
006208,2022-10-26 10:19:35.021329,-0.002678571428571419,0.0008944543828266482,-0.14999999999999858,0.05000000000000426,55.95,56.0,55.85,55.9,75.0,83.0,4858.0,3434.0,False,False
006208,2022-10-26 10:19:35.221705,-0.002678571428571419,0.0008944543828266482,-0.14999999999999858,0.05000000000000426,55.95,56.0,55.85,55.9,75.0,83.0,4858.0,3434.0,True,True
006208,2022-10-26 10:19:35.539802,-0.002678571428571419,0.0008944543828266482,-0.14999999999999858,0.05000000000000426,55.95,56.0,55.85,55.9,75.0,83.0,4858.0,3434.0,False,False
006208,2022-10-26 10:19:35.570803,-0.002678571428571419,0.0008944543828266482,-0.14999999999999858,0.05000000000000426,55.95,56.0,55.85,55.9,75.0,83.0,4858.0,3434.0,False,False
006208,2022-10-26 10:19:35.639524,-0.002678571428571419,0.0008944543828266482,-0.14999999999999858,0.05000000000000426,55.95,56.0,55.85,55.9,75.0,83.0,4858.0,3434.0,False,False
006208,2022-10-26 10:19:35.774892,-0.002678571428571419,0.0008944543828266482,-0.14999999999999858,0.05000000000000426,55.95,56.0,55.85,55.9,75.0,83.0,4858.0,3434.0,False,False
006208,2022-10-26 10:19:35.979942,-0.002678571428571419,0.0008944543828266482,-0.14999999999999858,0.05000000000000426,55.95,56.0,55.85,55.9,75.0,83.0,4858.0,3434.0,False,False
006208,2022-10-26 10:19:36.050011,-0.002678571428571419,0.0,-0.14999999999999858,0.0,55.9,56.0,55.85,55.9,76.0,83.0,4858.0,3434.0,False,False
006208,2022-10-26 10:19:36.116190,-0.002678571428571419,0.0,-0.14999999999999858,0.0,55.9,56.0,55.85,55.9,76.0,82.0,4858.0,3434.0,False,False
006208,2022-10-26 10:19:36.408779,-0.002678571428571419,0.0,-0.14999999999999858,0.0,55.9,56.0,55.85,55.9,76.0,82.0,4858.0,3434.0,False,False
006208,2022-10-26 10:19:36.568859,-0.002678571428571419,0.0,-0.14999999999999858,0.0,55.9,56.0,55.85,55.9,76.0,132.0,4858.0,3434.0,False,False
006208,2022-10-26 10:19:36.570712,-0.002678571428571419,0.0,-0.14999999999999858,0.0,55.9,56.0,55.85,55.9,76.0,232.0,4858.0,3434.0,False,False
006208,2022-10-26 10:19:36.673823,-0.002678571428571419,0.0,-0.14999999999999858,0.0,55.9,56.0,55.85,55.9,76.0,232.0,4858.0,3434.0,False,False
006208,2022-10-26 10:19:36.673971,-0.002678571428571419,0.0,-0.14999999999999858,0.0,55.9,56.0,55.85,55.9,76.0,232.0,4858.0,3434.0,False,False
006208,2022-10-26 10:19:36.912126,-0.002678571428571419,0.0,-0.14999999999999858,0.0,55.9,56.0,55.85,55.9,76.0,232.0,4858.0,3434.0,False,False
006208,2022-10-26 10:19:36.912304,-0.002678571428571419,0.0,-0.14999999999999858,0.0,55.9,56.0,55.85,55.9,76.0,232.0,4858.0,3434.0,False,False
006208,2022-10-26 10:19:37.155543,-0.002678571428571419,0.0,-0.14999999999999858,0.0,55.9,56.0,55.85,55.9,89.0,232.0,4858.0,3434.0,False,False
006208,2022-10-26 10:19:37.787814,-0.002678571428571419,0.0,-0.14999999999999858,0.0,55.9,56.0,55.85,55.9,89.0,232.0,4858.0,3434.0,False,False
006208,2022-10-26 10:19:37.787839,-0.002678571428571419,0.0,-0.14999999999999858,0.0,55.9,56.0,55.85,55.9,89.0,232.0,4858.0,3434.0,False,False
006208,2022-10-26 10:19:38.892044,-0.002678571428571419,0.0,-0.14999999999999858,0.0,55.9,56.0,55.85,55.9,89.0,231.0,4858.0,3434.0,False,False
006208,2022-10-26 10:19:38.920139,-0.002678571428571419,0.0,-0.14999999999999858,0.0,55.9,56.0,55.85,55.9,89.0,231.0,4858.0,3434.0,False,False
006208,2022-10-26 10:19:38.923497,-0.002678571428571419,0.0,-0.14999999999999858,0.0,55.9,56.0,55.85,55.9,89.0,231.0,4858.0,3434.0,False,False
006208,2022-10-26 10:19:39.050088,-0.002678571428571419,0.0,-0.14999999999999858,0.0,55.9,56.0,55.85,55.9,123.0,231.0,4858.0,3434.0,False,False
006208,2022-10-26 10:19:39.157886,-0.002678571428571419,0.0,-0.14999999999999858,0.0,55.9,56.0,55.85,55.9,123.0,231.0,4858.0,3434.0,False,False
006208,2022-10-26 10:19:39.752942,-0.002678571428571419,0.0,-0.14999999999999858,0.0,55.9,56.0,55.85,55.9,123.0,231.0,4858.0,3434.0,False,False
006208,2022-10-26 10:19:39.813954,-0.002678571428571419,0.0,-0.14999999999999858,0.0,55.9,56.0,55.85,55.9,123.0,231.0,4858.0,3434.0,False,False
006208,2022-10-26 10:19:40.000838,-0.002678571428571419,0.0,-0.14999999999999858,0.0,55.9,56.0,55.85,55.9,123.0,231.0,4858.0,3434.0,False,False
006208,2022-10-26 10:19:40.288793,-0.002678571428571419,0.0,-0.14999999999999858,0.0,55.9,56.0,55.85,55.9,123.0,230.0,4858.0,3434.0,False,False
006208,2022-10-26 10:19:40.478623,-0.002678571428571419,0.0,-0.14999999999999858,0.0,55.9,56.0,55.85,55.9,123.0,230.0,4858.0,3434.0,False,False
006208,2022-10-26 10:19:40.621843,-0.002678571428571419,0.0,-0.14999999999999858,0.0,55.9,56.0,55.85,55.9,89.0,230.0,4858.0,3434.0,False,False
006208,2022-10-26 10:19:40.652318,-0.002678571428571419,0.0,-0.14999999999999858,0.0,55.9,56.0,55.85,55.9,89.0,230.0,4858.0,3434.0,False,False
006208,2022-10-26 10:19:41.144608,-0.002678571428571419,0.0,-0.14999999999999858,0.0,55.9,56.0,55.85,55.9,89.0,230.0,4858.0,3434.0,False,False
006208,2022-10-26 10:19:41.947844,-0.002678571428571419,0.0,-0.14999999999999858,0.0,55.9,56.0,55.85,55.9,89.0,230.0,4858.0,3434.0,False,False
006208,2022-10-26 10:19:42.979054,-0.002678571428571419,0.0,-0.14999999999999858,0.0,55.9,56.0,55.85,55.9,89.0,230.0,4858.0,3434.0,False,False
006208,2022-10-26 10:19:42.979524,-0.002678571428571419,0.0,-0.14999999999999858,0.0,55.9,56.0,55.85,55.9,89.0,230.0,4858.0,3434.0,False,False
006208,2022-10-26 10:19:43.553367,-0.002678571428571419,0.0,-0.14999999999999858,0.0,55.9,56.0,55.85,55.9,89.0,230.0,4858.0,3434.0,False,False
006208,2022-10-26 10:19:43.553528,-0.002678571428571419,0.0,-0.14999999999999858,0.0,55.9,56.0,55.85,55.9,89.0,230.0,4858.0,3434.0,False,False
006208,2022-10-26 10:19:43.905294,-0.002678571428571419,0.0,-0.14999999999999858,0.0,55.9,56.0,55.85,55.9,89.0,230.0,4858.0,3434.0,False,False
006208,2022-10-26 10:19:43.909621,-0.002678571428571419,0.0,-0.14999999999999858,0.0,55.9,56.0,55.85,55.9,89.0,230.0,4858.0,3434.0,False,False
006208,2022-10-26 10:19:44.297465,-0.002678571428571419,0.0,-0.14999999999999858,0.0,55.9,56.0,55.85,55.9,89.0,230.0,4858.0,3434.0,False,False
006208,2022-10-26 10:19:44.331109,-0.002678571428571419,0.0,-0.14999999999999858,0.0,55.9,56.0,55.85,55.9,89.0,230.0,4858.0,3434.0,False,False
006208,2022-10-26 10:19:44.668218,-0.002678571428571419,0.0,-0.14999999999999858,0.0,55.9,56.0,55.85,55.9,89.0,229.0,4858.0,3434.0,False,False
006208,2022-10-26 10:19:44.676805,-0.002678571428571419,0.0,-0.14999999999999858,0.0,55.9,56.0,55.85,55.9,89.0,229.0,4858.0,3434.0,False,False
006208,2022-10-26 10:19:44.676880,-0.002678571428571419,0.0,-0.14999999999999858,0.0,55.9,56.0,55.85,55.9,89.0,229.0,4858.0,3434.0,False,False
006208,2022-10-26 10:19:45.275361,-0.002678571428571419,0.0,-0.14999999999999858,0.0,55.9,56.0,55.85,55.9,89.0,229.0,4858.0,2606.0,True,True
006208,2022-10-26 10:19:45.887743,-0.002678571428571419,0.0,-0.14999999999999858,0.0,55.9,56.0,55.85,55.9,89.0,229.0,4858.0,2606.0,False,False
006208,2022-10-26 10:19:45.896149,-0.002678571428571419,0.0,-0.14999999999999858,0.0,55.9,56.0,55.85,55.9,89.0,229.0,4858.0,2606.0,False,False
006208,2022-10-26 10:19:46.386785,-0.002678571428571419,0.0,-0.14999999999999858,0.0,55.9,56.0,55.85,55.9,89.0,229.0,4858.0,2606.0,False,False
006208,2022-10-26 10:19:46.394397,-0.002678571428571419,0.0,-0.14999999999999858,0.0,55.9,56.0,55.85,55.9,89.0,229.0,4858.0,2606.0,False,False
006208,2022-10-26 10:19:46.526919,-0.002678571428571419,0.0,-0.14999999999999858,0.0,55.9,56.0,55.85,55.9,89.0,229.0,4858.0,2606.0,False,False
006208,2022-10-26 10:19:48.486718,-0.002678571428571419,0.0,-0.14999999999999858,0.0,55.9,56.0,55.85,55.9,89.0,229.0,4858.0,2606.0,False,False
006208,2022-10-26 10:19:49.644754,-0.002678571428571419,0.0,-0.14999999999999858,0.0,55.9,56.0,55.85,55.9,89.0,229.0,4858.0,2606.0,False,False
006208,2022-10-26 10:19:49.648572,-0.002678571428571419,0.0,-0.14999999999999858,0.0,55.9,56.0,55.85,55.9,89.0,229.0,4858.0,2606.0,False,False
006208,2022-10-26 10:19:49.795150,-0.002678571428571419,0.0,-0.14999999999999858,0.0,55.9,56.0,55.85,55.9,89.0,229.0,4858.0,2606.0,False,False
006208,2022-10-26 10:19:50.299399,-0.002678571428571419,0.0,-0.14999999999999858,0.0,55.9,56.0,55.85,55.9,89.0,228.0,4858.0,2606.0,False,False
006208,2022-10-26 10:19:52.030906,-0.002678571428571419,0.0,-0.14999999999999858,0.0,55.9,56.0,55.85,55.9,89.0,228.0,4858.0,2606.0,False,False
006208,2022-10-26 10:19:53.664385,-0.002678571428571419,0.0008944543828266482,-0.14999999999999858,0.05000000000000426,55.95,56.0,55.85,55.9,1.0,228.0,4858.0,2606.0,False,False
006208,2022-10-26 10:19:53.694944,-0.002678571428571419,0.0008944543828266482,-0.14999999999999858,0.05000000000000426,55.95,56.0,55.85,55.9,1.0,228.0,4858.0,2606.0,False,False
006208,2022-10-26 10:19:53.730940,-0.002678571428571419,0.0008944543828266482,-0.14999999999999858,0.05000000000000426,55.95,56.0,55.85,55.9,1.0,228.0,4858.0,2606.0,False,False
006208,2022-10-26 10:19:53.990877,-0.002678571428571419,0.0008944543828266482,-0.14999999999999858,0.05000000000000426,55.95,56.0,55.85,55.9,1.0,228.0,4858.0,2606.0,False,False
006208,2022-10-26 10:19:54.543862,-0.002678571428571419,0.0008944543828266482,-0.14999999999999858,0.05000000000000426,55.95,56.0,55.85,55.9,1.0,228.0,4858.0,2606.0,False,False
006208,2022-10-26 10:19:54.543971,-0.002678571428571419,0.0008944543828266482,-0.14999999999999858,0.05000000000000426,55.95,56.0,55.85,55.9,1.0,228.0,4858.0,2606.0,False,False
006208,2022-10-26 10:19:54.844810,-0.002678571428571419,0.0008944543828266482,-0.14999999999999858,0.05000000000000426,55.95,56.0,55.85,55.9,1.0,228.0,4858.0,2606.0,False,False
006208,2022-10-26 10:19:55.346028,-0.002678571428571419,0.0008944543828266482,-0.14999999999999858,0.05000000000000426,55.95,56.0,55.85,55.9,1.0,228.0,4858.0,2556.0,True,True
006208,2022-10-26 10:19:55.715194,-0.002678571428571419,0.0008944543828266482,-0.14999999999999858,0.05000000000000426,55.95,56.0,55.85,55.9,1.0,228.0,4858.0,2556.0,False,False
006208,2022-10-26 10:19:55.804751,-0.002678571428571419,0.0008944543828266482,-0.14999999999999858,0.05000000000000426,55.95,56.0,55.85,55.9,1.0,228.0,4858.0,2556.0,False,False
006208,2022-10-26 10:19:55.813701,-0.002678571428571419,0.0008944543828266482,-0.14999999999999858,0.05000000000000426,55.95,56.0,55.85,55.9,1.0,228.0,4858.0,2556.0,False,False
006208,2022-10-26 10:19:56.447069,-0.002678571428571419,0.0008944543828266482,-0.14999999999999858,0.05000000000000426,55.95,56.0,55.85,55.9,1.0,228.0,4858.0,2556.0,False,False
006208,2022-10-26 10:20:00.069494,-0.002678571428571419,0.0008944543828266482,-0.14999999999999858,0.05000000000000426,55.95,56.0,55.85,55.9,1.0,228.0,4858.0,2556.0,False,False
006208,2022-10-26 10:20:00.364906,-0.002678571428571419,0.0008944543828266482,-0.14999999999999858,0.05000000000000426,55.95,56.0,55.85,55.9,1.0,227.0,4858.0,2556.0,False,False
006208,2022-10-26 10:20:00.435440,-0.002678571428571419,0.0008944543828266482,-0.14999999999999858,0.05000000000000426,55.95,56.0,55.85,55.9,1.0,227.0,4858.0,2556.0,False,False
006208,2022-10-26 10:20:00.446988,-0.002678571428571419,0.0008944543828266482,-0.14999999999999858,0.05000000000000426,55.95,56.0,55.85,55.9,1.0,227.0,4858.0,2556.0,False,False
006208,2022-10-26 10:20:00.546824,-0.002678571428571419,0.0008944543828266482,-0.14999999999999858,0.05000000000000426,55.95,56.0,55.85,55.9,1.0,227.0,4858.0,2556.0,False,False
006208,2022-10-26 10:20:02.260414,-0.002678571428571419,0.0008944543828266482,-0.14999999999999858,0.05000000000000426,55.95,56.0,55.85,55.9,1.0,227.0,4858.0,2556.0,False,False
006208,2022-10-26 10:20:04.049931,-0.002678571428571419,0.0008944543828266482,-0.14999999999999858,0.05000000000000426,55.95,56.0,55.85,55.9,1.0,227.0,4858.0,2556.0,False,False
006208,2022-10-26 10:20:04.059030,-0.002678571428571419,0.0008944543828266482,-0.14999999999999858,0.05000000000000426,55.95,56.0,55.85,55.9,1.0,227.0,4858.0,2556.0,False,False
006208,2022-10-26 10:20:04.188157,-0.002678571428571419,0.0008944543828266482,-0.14999999999999858,0.05000000000000426,55.95,56.0,55.85,55.9,1.0,227.0,4858.0,2556.0,False,False
006208,2022-10-26 10:20:05.447786,-0.002678571428571419,0.0008944543828266482,-0.14999999999999858,0.05000000000000426,55.95,56.0,55.85,55.9,1.0,227.0,4858.0,2346.0,True,True
006208,2022-10-26 10:20:07.448818,-0.002678571428571419,0.0008944543828266482,-0.14999999999999858,0.05000000000000426,55.95,56.0,55.85,55.9,1.0,227.0,4858.0,2346.0,False,False
006208,2022-10-26 10:20:08.759584,-0.002678571428571419,0.0008944543828266482,-0.14999999999999858,0.05000000000000426,55.95,56.0,55.85,55.9,2.0,227.0,4858.0,2346.0,False,False
006208,2022-10-26 10:20:10.426854,-0.002678571428571419,0.0008944543828266482,-0.14999999999999858,0.05000000000000426,55.95,56.0,55.85,55.9,2.0,226.0,4858.0,2346.0,False,False
006208,2022-10-26 10:20:10.769288,-0.002678571428571419,0.0008944543828266482,-0.14999999999999858,0.05000000000000426,55.95,56.0,55.85,55.9,2.0,226.0,4858.0,2346.0,False,False
006208,2022-10-26 10:20:10.769551,-0.002678571428571419,0.0008944543828266482,-0.14999999999999858,0.05000000000000426,55.95,56.0,55.85,55.9,2.0,301.0,4858.0,2346.0,False,False
006208,2022-10-26 10:20:11.354813,-0.002678571428571419,0.0,-0.14999999999999858,0.0,55.9,56.0,55.85,55.9,162.0,301.0,4858.0,2346.0,False,False
006208,2022-10-26 10:20:11.355786,-0.002678571428571419,0.0,-0.14999999999999858,0.0,55.9,56.0,55.85,55.9,162.0,301.0,4858.0,2346.0,False,False
006208,2022-10-26 10:20:11.427800,-0.002678571428571419,0.0,-0.14999999999999858,0.0,55.9,56.0,55.85,55.9,162.0,301.0,4858.0,2346.0,False,False
006208,2022-10-26 10:20:11.545639,-0.002678571428571419,0.0,-0.14999999999999858,0.0,55.9,56.0,55.85,55.9,122.0,301.0,4858.0,2346.0,False,False
006208,2022-10-26 10:20:11.676843,-0.002678571428571419,0.0,-0.14999999999999858,0.0,55.9,56.0,55.85,55.9,122.0,301.0,4858.0,2346.0,False,False
006208,2022-10-26 10:20:11.909938,-0.002678571428571419,0.0,-0.14999999999999858,0.0,55.9,56.0,55.85,55.9,122.0,301.0,4858.0,2346.0,False,False
006208,2022-10-26 10:20:11.910158,-0.002678571428571419,0.0,-0.14999999999999858,0.0,55.9,56.0,55.85,55.9,122.0,301.0,4858.0,2346.0,False,False
006208,2022-10-26 10:20:11.996767,-0.002678571428571419,0.0,-0.14999999999999858,0.0,55.9,56.0,55.85,55.9,122.0,300.0,4858.0,2346.0,False,False
006208,2022-10-26 10:20:12.359553,-0.0017873100983021306,0.0,-0.10000000000000142,0.0,55.9,55.95,55.85,55.9,122.0,100.0,4858.0,2346.0,False,False
006208,2022-10-26 10:20:12.430349,-0.0017873100983021306,0.0,-0.10000000000000142,0.0,55.9,55.95,55.85,55.9,122.0,100.0,4858.0,2346.0,False,False
006208,2022-10-26 10:20:12.529714,-0.0017873100983021306,0.0,-0.10000000000000142,0.0,55.9,55.95,55.85,55.9,122.0,100.0,4858.0,2346.0,False,False
006208,2022-10-26 10:20:12.607159,-0.0017873100983021306,0.0,-0.10000000000000142,0.0,55.9,55.95,55.85,55.9,122.0,100.0,4858.0,2346.0,False,False
006208,2022-10-26 10:20:12.923212,-0.0017873100983021306,0.0,-0.10000000000000142,0.0,55.9,55.95,55.85,55.9,122.0,100.0,4858.0,2346.0,False,False
006208,2022-10-26 10:20:12.923299,-0.0017873100983021306,0.0,-0.10000000000000142,0.0,55.9,55.95,55.85,55.9,122.0,100.0,4858.0,2346.0,False,False
006208,2022-10-26 10:20:13.641701,-0.0017873100983021306,0.0,-0.10000000000000142,0.0,55.9,55.95,55.85,55.9,122.0,100.0,4858.0,2346.0,False,False
006208,2022-10-26 10:20:13.662844,-0.0017873100983021306,0.0,-0.10000000000000142,0.0,55.9,55.95,55.85,55.9,122.0,100.0,4858.0,2346.0,False,False
006208,2022-10-26 10:20:13.749079,-0.0017873100983021306,0.0,-0.10000000000000142,0.0,55.9,55.95,55.85,55.9,88.0,100.0,4858.0,2346.0,False,False
006208,2022-10-26 10:20:14.083634,-0.0017873100983021306,0.0,-0.10000000000000142,0.0,55.9,55.95,55.85,55.9,88.0,100.0,4858.0,2346.0,False,False
006208,2022-10-26 10:20:14.105340,-0.0017873100983021306,0.0,-0.10000000000000142,0.0,55.9,55.95,55.85,55.9,88.0,100.0,4858.0,2346.0,False,False
006208,2022-10-26 10:20:14.122088,-0.0017873100983021306,0.0,-0.10000000000000142,0.0,55.9,55.95,55.85,55.9,88.0,100.0,4858.0,2346.0,False,False
006208,2022-10-26 10:20:14.652739,-0.0017873100983021306,0.0,-0.10000000000000142,0.0,55.9,55.95,55.85,55.9,88.0,100.0,4858.0,2346.0,False,False
006208,2022-10-26 10:20:14.670119,-0.0017873100983021306,0.0,-0.10000000000000142,0.0,55.9,55.95,55.85,55.9,13.0,100.0,4858.0,2346.0,False,False
006208,2022-10-26 10:20:14.818164,-0.0017873100983021306,0.0,-0.10000000000000142,0.0,55.9,55.95,55.85,55.9,13.0,100.0,4858.0,2346.0,False,False
006208,2022-10-26 10:20:15.274910,-0.0017873100983021306,0.0,-0.10000000000000142,0.0,55.9,55.95,55.85,55.9,13.0,100.0,4858.0,2346.0,False,False
006208,2022-10-26 10:20:15.275003,-0.0017873100983021306,0.0,-0.10000000000000142,0.0,55.9,55.95,55.85,55.9,13.0,100.0,4858.0,2346.0,False,False
006208,2022-10-26 10:20:15.501875,-0.0017873100983021306,0.0,-0.10000000000000142,0.0,55.9,55.95,55.85,55.9,13.0,100.0,4858.0,2346.0,False,False
006208,2022-10-26 10:20:15.521075,-0.0017873100983021306,0.0,-0.10000000000000142,0.0,55.9,55.95,55.85,55.9,13.0,100.0,4858.0,2346.0,True,True
006208,2022-10-26 10:20:15.506637,-0.0017873100983021306,0.0,-0.10000000000000142,0.0,55.9,55.95,55.85,55.9,13.0,100.0,4858.0,2346.0,False,False
006208,2022-10-26 10:20:16.013808,-0.0017873100983021306,0.0,-0.10000000000000142,0.0,55.9,55.95,55.85,55.9,13.0,100.0,4858.0,2346.0,False,False
006208,2022-10-26 10:20:16.024045,-0.0017873100983021306,0.0,-0.10000000000000142,0.0,55.9,55.95,55.85,55.9,13.0,100.0,4858.0,2346.0,False,False
006208,2022-10-26 10:20:16.824591,-0.0017873100983021306,0.0,-0.10000000000000142,0.0,55.9,55.95,55.85,55.9,13.0,100.0,4858.0,2346.0,False,False
006208,2022-10-26 10:20:16.834414,-0.0017873100983021306,0.0,-0.10000000000000142,0.0,55.9,55.95,55.85,55.9,13.0,100.0,4858.0,2346.0,False,False
006208,2022-10-26 10:20:16.864945,-0.0017873100983021306,0.0,-0.10000000000000142,0.0,55.9,55.95,55.85,55.9,13.0,100.0,4858.0,2346.0,False,False
006208,2022-10-26 10:20:17.197949,-0.0017873100983021306,0.0,-0.10000000000000142,0.0,55.9,55.95,55.85,55.9,13.0,100.0,4858.0,2346.0,False,False
006208,2022-10-26 10:20:17.252444,-0.0017873100983021306,0.0,-0.10000000000000142,0.0,55.9,55.95,55.85,55.9,13.0,100.0,4858.0,2346.0,False,False
006208,2022-10-26 10:20:17.308003,-0.0017873100983021306,0.0,-0.10000000000000142,0.0,55.9,55.95,55.85,55.9,13.0,100.0,4858.0,2346.0,False,False
006208,2022-10-26 10:20:20.702172,-0.0017873100983021306,0.0,-0.10000000000000142,0.0,55.9,55.95,55.85,55.9,13.0,100.0,4858.0,2346.0,False,False
006208,2022-10-26 10:20:20.759316,-0.0017873100983021306,0.0,-0.10000000000000142,0.0,55.9,55.95,55.85,55.9,13.0,100.0,4858.0,2346.0,False,False
006208,2022-10-26 10:20:20.767924,-0.0017873100983021306,0.0,-0.10000000000000142,0.0,55.9,55.95,55.85,55.9,13.0,100.0,4858.0,2346.0,False,False
006208,2022-10-26 10:20:21.680640,-0.0017873100983021306,0.0,-0.10000000000000142,0.0,55.9,55.95,55.85,55.9,13.0,100.0,4858.0,2346.0,False,False
006208,2022-10-26 10:20:21.711893,-0.0017873100983021306,0.0,-0.10000000000000142,0.0,55.9,55.95,55.85,55.9,13.0,100.0,4858.0,2346.0,False,False
006208,2022-10-26 10:20:21.813819,-0.0017873100983021306,0.0,-0.10000000000000142,0.0,55.9,55.95,55.85,55.9,13.0,100.0,4858.0,2346.0,False,False
006208,2022-10-26 10:20:22.617514,-0.0017873100983021306,0.0,-0.10000000000000142,0.0,55.9,55.95,55.85,55.9,13.0,100.0,4858.0,2346.0,False,False
006208,2022-10-26 10:20:22.618453,-0.0017873100983021306,0.0,-0.10000000000000142,0.0,55.9,55.95,55.85,55.9,13.0,100.0,4858.0,2346.0,False,False
006208,2022-10-26 10:20:22.621556,-0.0017873100983021306,0.0,-0.10000000000000142,0.0,55.9,55.95,55.85,55.9,13.0,100.0,4858.0,2346.0,False,False
006208,2022-10-26 10:20:22.756271,-0.0017873100983021306,0.0,-0.10000000000000142,0.0,55.9,55.95,55.85,55.9,13.0,100.0,4858.0,2346.0,False,False
006208,2022-10-26 10:20:25.585570,-0.0017873100983021306,0.0,-0.10000000000000142,0.0,55.9,55.95,55.85,55.9,13.0,100.0,4858.0,1372.0,True,True
006208,2022-10-26 10:20:30.438738,-0.0017873100983021306,0.0,-0.10000000000000142,0.0,55.9,55.95,55.85,55.9,13.0,99.0,4858.0,1372.0,False,False
006208,2022-10-26 10:20:30.663560,-0.0017873100983021306,0.0,-0.10000000000000142,0.0,55.9,55.95,55.85,55.9,13.0,99.0,4858.0,1372.0,False,False
006208,2022-10-26 10:20:30.673015,-0.0017873100983021306,0.0,-0.10000000000000142,0.0,55.9,55.95,55.85,55.9,13.0,99.0,4858.0,1372.0,False,False
006208,2022-10-26 10:20:31.086407,-0.0017873100983021306,0.0,-0.10000000000000142,0.0,55.9,55.95,55.85,55.9,13.0,99.0,4858.0,1372.0,False,False
006208,2022-10-26 10:20:31.092216,-0.0017873100983021306,0.0,-0.10000000000000142,0.0,55.9,55.95,55.85,55.9,13.0,99.0,4858.0,1372.0,False,False
006208,2022-10-26 10:20:32.755974,-0.0017873100983021306,0.0,-0.10000000000000142,0.0,55.9,55.95,55.85,55.9,13.0,99.0,4858.0,1372.0,False,False
006208,2022-10-26 10:20:32.759827,-0.0017873100983021306,0.0,-0.10000000000000142,0.0,55.9,55.95,55.85,55.9,13.0,99.0,4858.0,1372.0,False,False
006208,2022-10-26 10:20:32.893254,-0.0017873100983021306,0.0,-0.10000000000000142,0.0,55.9,55.95,55.85,55.9,13.0,99.0,4858.0,1372.0,False,False
006208,2022-10-26 10:20:33.092822,-0.0017873100983021306,0.0,-0.10000000000000142,0.0,55.9,55.95,55.85,55.9,13.0,99.0,4858.0,1372.0,False,False
006208,2022-10-26 10:20:33.478781,-0.0017873100983021306,0.0,-0.10000000000000142,0.0,55.9,55.95,55.85,55.9,13.0,99.0,4858.0,1372.0,False,False
006208,2022-10-26 10:20:33.478917,-0.0017873100983021306,0.0,-0.10000000000000142,0.0,55.9,55.95,55.85,55.9,13.0,99.0,4858.0,1372.0,False,False
006208,2022-10-26 10:20:34.681704,-0.0017873100983021306,0.0,-0.10000000000000142,0.0,55.9,55.95,55.85,55.9,13.0,99.0,4858.0,1372.0,False,False
006208,2022-10-26 10:20:35.652704,-0.0017873100983021306,0.0,-0.10000000000000142,0.0,55.9,55.95,55.85,55.9,13.0,99.0,4858.0,1302.0,True,True
006208,2022-10-26 10:20:38.420816,-0.0017873100983021306,0.0,-0.10000000000000142,0.0,55.9,55.95,55.85,55.9,13.0,99.0,4858.0,1302.0,False,False
006208,2022-10-26 10:20:38.508518,-0.0017873100983021306,0.0,-0.10000000000000142,0.0,55.9,55.95,55.85,55.9,13.0,99.0,4858.0,1302.0,False,False
006208,2022-10-26 10:20:40.354413,-0.0017873100983021306,0.0,-0.10000000000000142,0.0,55.9,55.95,55.85,55.9,13.0,99.0,4858.0,1302.0,False,False
006208,2022-10-26 10:20:40.354539,-0.0017873100983021306,0.0,-0.10000000000000142,0.0,55.9,55.95,55.85,55.9,13.0,99.0,4858.0,1302.0,False,False
006208,2022-10-26 10:20:40.480897,-0.0017873100983021306,0.0,-0.10000000000000142,0.0,55.9,55.95,55.85,55.9,13.0,98.0,4858.0,1302.0,False,False
006208,2022-10-26 10:20:40.513016,-0.0017873100983021306,0.0,-0.10000000000000142,0.0,55.9,55.95,55.85,55.9,13.0,98.0,4858.0,1302.0,False,False
006208,2022-10-26 10:20:40.513033,-0.0017873100983021306,0.0,-0.10000000000000142,0.0,55.9,55.95,55.85,55.9,13.0,98.0,4858.0,1302.0,False,False
006208,2022-10-26 10:20:40.752447,-0.0017873100983021306,0.0,-0.10000000000000142,0.0,55.9,55.95,55.85,55.9,13.0,98.0,4858.0,1302.0,False,False
006208,2022-10-26 10:20:40.752619,-0.0017873100983021306,0.0,-0.10000000000000142,0.0,55.9,55.95,55.85,55.9,13.0,98.0,4858.0,1302.0,False,False
006208,2022-10-26 10:20:41.521240,-0.0017873100983021306,0.0,-0.10000000000000142,0.0,55.9,55.95,55.85,55.9,13.0,98.0,4858.0,1302.0,False,False
006208,2022-10-26 10:20:42.888463,-0.0017873100983021306,0.0,-0.10000000000000142,0.0,55.9,55.95,55.85,55.9,13.0,98.0,4858.0,1302.0,False,False
006208,2022-10-26 10:20:42.892597,-0.0017873100983021306,0.0,-0.10000000000000142,0.0,55.9,55.95,55.85,55.9,13.0,98.0,4858.0,1302.0,False,False
006208,2022-10-26 10:20:43.026406,-0.0017873100983021306,0.0,-0.10000000000000142,0.0,55.9,55.95,55.85,55.9,13.0,98.0,4858.0,1302.0,False,False
006208,2022-10-26 10:20:45.084039,-0.0017873100983021306,0.0,-0.10000000000000142,0.0,55.9,55.95,55.85,55.9,13.0,98.0,4858.0,1302.0,False,False
006208,2022-10-26 10:20:45.698256,-0.0017873100983021306,0.0,-0.10000000000000142,0.0,55.9,55.95,55.85,55.9,13.0,98.0,4245.0,847.0,True,True
006208,2022-10-26 10:20:46.039820,-0.0017873100983021306,0.0,-0.10000000000000142,0.0,55.9,55.95,55.85,55.9,13.0,97.0,4245.0,847.0,False,False
006208,2022-10-26 10:20:46.085868,-0.0017873100983021306,0.0,-0.10000000000000142,0.0,55.9,55.95,55.85,55.9,13.0,97.0,4245.0,847.0,False,False
006208,2022-10-26 10:20:46.085915,-0.0017873100983021306,0.0,-0.10000000000000142,0.0,55.9,55.95,55.85,55.9,13.0,97.0,4245.0,847.0,False,False
006208,2022-10-26 10:20:46.965036,-0.0017873100983021306,0.0,-0.10000000000000142,0.0,55.9,55.95,55.85,55.9,13.0,97.0,4245.0,847.0,False,False
006208,2022-10-26 10:20:46.965222,-0.0017873100983021306,0.0,-0.10000000000000142,0.0,55.9,55.95,55.85,55.9,13.0,97.0,4245.0,847.0,False,False
006208,2022-10-26 10:20:48.760468,-0.0017873100983021306,0.0,-0.10000000000000142,0.0,55.9,55.95,55.85,55.9,13.0,97.0,4245.0,847.0,False,False
006208,2022-10-26 10:20:48.760541,-0.0017873100983021306,0.0,-0.10000000000000142,0.0,55.9,55.95,55.85,55.9,13.0,97.0,4245.0,847.0,False,False
006208,2022-10-26 10:20:49.022599,-0.0017873100983021306,0.0,-0.10000000000000142,0.0,55.9,55.95,55.85,55.9,13.0,97.0,4245.0,847.0,False,False
006208,2022-10-26 10:20:49.022746,-0.0017873100983021306,0.0,-0.10000000000000142,0.0,55.9,55.95,55.85,55.9,13.0,97.0,4245.0,847.0,False,False
006208,2022-10-26 10:20:50.457894,-0.0017873100983021306,0.0,-0.10000000000000142,0.0,55.9,55.95,55.85,55.9,13.0,96.0,4245.0,847.0,False,False
006208,2022-10-26 10:20:53.021288,-0.0017873100983021306,0.0,-0.10000000000000142,0.0,55.9,55.95,55.85,55.9,13.0,96.0,4245.0,847.0,False,False
006208,2022-10-26 10:20:53.024161,-0.0017873100983021306,0.0,-0.10000000000000142,0.0,55.9,55.95,55.85,55.9,13.0,96.0,4245.0,847.0,False,False
006208,2022-10-26 10:20:53.159161,-0.0017873100983021306,0.0,-0.10000000000000142,0.0,55.9,55.95,55.85,55.9,13.0,97.0,4245.0,847.0,False,False
006208,2022-10-26 10:20:55.740756,-0.0017873100983021306,0.0,-0.10000000000000142,0.0,55.9,55.95,55.85,55.9,13.0,97.0,4245.0,547.0,True,True
006208,2022-10-26 10:20:57.923996,-0.0017873100983021306,0.0,-0.10000000000000142,0.0,55.9,55.95,55.85,55.9,13.0,98.0,4245.0,547.0,False,False
006208,2022-10-26 10:20:57.958110,-0.0017873100983021306,0.0,-0.10000000000000142,0.0,55.9,55.95,55.85,55.9,13.0,98.0,4245.0,547.0,False,False
006208,2022-10-26 10:21:00.385730,-0.0017873100983021306,0.0,-0.10000000000000142,0.0,55.9,55.95,55.85,55.9,13.0,98.0,4245.0,547.0,False,False
006208,2022-10-26 10:21:00.391502,-0.0017873100983021306,0.0,-0.10000000000000142,0.0,55.9,55.95,55.85,55.9,13.0,98.0,4245.0,547.0,False,False
006208,2022-10-26 10:21:00.480183,-0.0017873100983021306,0.0,-0.10000000000000142,0.0,55.9,55.95,55.85,55.9,13.0,97.0,4245.0,547.0,False,False
006208,2022-10-26 10:21:00.397480,-0.0017873100983021306,0.0,-0.10000000000000142,0.0,55.9,55.95,55.85,55.9,13.0,98.0,4245.0,547.0,False,False
006208,2022-10-26 10:21:00.714623,-0.0017873100983021306,0.0,-0.10000000000000142,0.0,55.9,55.95,55.85,55.9,13.0,97.0,4245.0,547.0,False,False
006208,2022-10-26 10:21:03.080534,-0.0017873100983021306,0.0,-0.10000000000000142,0.0,55.9,55.95,55.85,55.9,13.0,97.0,4245.0,547.0,False,False
006208,2022-10-26 10:21:03.080709,-0.0017873100983021306,0.0,-0.10000000000000142,0.0,55.9,55.95,55.85,55.9,13.0,97.0,4245.0,547.0,False,False
006208,2022-10-26 10:21:03.162234,-0.0017873100983021306,0.0,-0.10000000000000142,0.0,55.9,55.95,55.85,55.9,13.0,97.0,4245.0,547.0,False,False
006208,2022-10-26 10:21:03.292061,-0.0017873100983021306,0.0,-0.10000000000000142,0.0,55.9,55.95,55.85,55.9,13.0,97.0,4245.0,547.0,False,False
006208,2022-10-26 10:21:04.386308,-0.0017873100983021306,0.0,-0.10000000000000142,0.0,55.9,55.95,55.85,55.9,13.0,97.0,4245.0,547.0,False,False
006208,2022-10-26 10:21:04.909191,-0.0017873100983021306,0.0,-0.10000000000000142,0.0,55.9,55.95,55.85,55.9,13.0,97.0,4245.0,547.0,False,False
006208,2022-10-26 10:21:04.988889,-0.0017873100983021306,0.0,-0.10000000000000142,0.0,55.9,55.95,55.85,55.9,13.0,97.0,4245.0,547.0,False,False
006208,2022-10-26 10:21:05.780041,-0.0017873100983021306,0.0,-0.10000000000000142,0.0,55.9,55.95,55.85,55.9,13.0,97.0,4245.0,547.0,True,True
006208,2022-10-26 10:21:05.801303,-0.0017873100983021306,0.0,-0.10000000000000142,0.0,55.9,55.95,55.85,55.9,13.0,97.0,4245.0,547.0,False,False
006208,2022-10-26 10:21:05.801391,-0.0017873100983021306,0.0,-0.10000000000000142,0.0,55.9,55.95,55.85,55.9,13.0,97.0,4245.0,547.0,False,False
006208,2022-10-26 10:21:07.303945,-0.0017873100983021306,0.0,-0.10000000000000142,0.0,55.9,55.95,55.85,55.9,13.0,97.0,4245.0,547.0,False,False
006208,2022-10-26 10:21:07.304126,-0.0017873100983021306,0.0,-0.10000000000000142,0.0,55.9,55.95,55.85,55.9,13.0,97.0,4245.0,547.0,False,False
006208,2022-10-26 10:21:07.598070,-0.0017873100983021306,0.0,-0.10000000000000142,0.0,55.9,55.95,55.85,55.9,13.0,97.0,4245.0,547.0,False,False
006208,2022-10-26 10:21:07.598200,-0.0017873100983021306,0.0,-0.10000000000000142,0.0,55.9,55.95,55.85,55.9,13.0,97.0,4245.0,547.0,False,False
006208,2022-10-26 10:21:08.824732,-0.0017873100983021306,0.0,-0.10000000000000142,0.0,55.9,55.95,55.85,55.9,13.0,97.0,4245.0,547.0,False,False
006208,2022-10-26 10:21:10.470464,-0.0017873100983021306,0.0,-0.10000000000000142,0.0,55.9,55.95,55.85,55.9,13.0,96.0,4245.0,547.0,False,False
006208,2022-10-26 10:21:11.451775,-0.0017873100983021306,0.0,-0.10000000000000142,0.0,55.9,55.95,55.85,55.9,13.0,96.0,4245.0,547.0,False,False
006208,2022-10-26 10:21:11.831139,-0.0017873100983021306,0.0,-0.10000000000000142,0.0,55.9,55.95,55.85,55.9,13.0,96.0,4245.0,547.0,False,False
006208,2022-10-26 10:21:11.831315,-0.0017873100983021306,0.0,-0.10000000000000142,0.0,55.9,55.95,55.85,55.9,13.0,96.0,4245.0,547.0,False,False
006208,2022-10-26 10:21:12.024361,-0.0017873100983021306,0.0,-0.10000000000000142,0.0,55.9,55.95,55.85,55.9,13.0,96.0,4245.0,547.0,False,False
006208,2022-10-26 10:21:13.280038,-0.0017873100983021306,0.0,-0.10000000000000142,0.0,55.9,55.95,55.85,55.9,13.0,96.0,4245.0,547.0,False,False
006208,2022-10-26 10:21:13.283749,-0.0017873100983021306,0.0,-0.10000000000000142,0.0,55.9,55.95,55.85,55.9,13.0,96.0,4245.0,547.0,False,False
006208,2022-10-26 10:21:13.418240,-0.0017873100983021306,0.0,-0.10000000000000142,0.0,55.9,55.95,55.85,55.9,13.0,96.0,4245.0,547.0,False,False
006208,2022-10-26 10:21:19.120368,-0.0017873100983021306,0.0,-0.10000000000000142,0.0,55.9,55.95,55.85,55.9,13.0,96.0,4245.0,547.0,False,False
006208,2022-10-26 10:21:23.408522,-0.0017873100983021306,0.0,-0.10000000000000142,0.0,55.9,55.95,55.85,55.9,13.0,96.0,4245.0,547.0,False,False
006208,2022-10-26 10:21:23.412398,-0.0017873100983021306,0.0,-0.10000000000000142,0.0,55.9,55.95,55.85,55.9,13.0,96.0,4245.0,547.0,False,False
006208,2022-10-26 10:21:23.545847,-0.0017873100983021306,0.0,-0.10000000000000142,0.0,55.9,55.95,55.85,55.9,13.0,96.0,4245.0,547.0,False,False
006208,2022-10-26 10:21:24.291340,-0.0017873100983021306,0.0,-0.10000000000000142,0.0,55.9,55.95,55.85,55.9,13.0,96.0,4245.0,547.0,False,False
006208,2022-10-26 10:21:24.294971,-0.0017873100983021306,0.0,-0.10000000000000142,0.0,55.9,55.95,55.85,55.9,13.0,96.0,4245.0,547.0,False,False
006208,2022-10-26 10:21:25.877754,-0.0017873100983021306,0.0,-0.10000000000000142,0.0,55.9,55.95,55.85,55.9,13.0,96.0,4445.0,537.0,True,True
006208,2022-10-26 10:21:26.770133,-0.0017873100983021306,0.0,-0.10000000000000142,0.0,55.9,55.95,55.85,55.9,13.0,96.0,4445.0,537.0,False,False
006208,2022-10-26 10:21:26.779270,-0.0017873100983021306,0.0,-0.10000000000000142,0.0,55.9,55.95,55.85,55.9,13.0,96.0,4445.0,537.0,False,False
006208,2022-10-26 10:21:27.153007,-0.0017873100983021306,0.0,-0.10000000000000142,0.0,55.9,55.95,55.85,55.9,13.0,95.0,4445.0,537.0,False,False
006208,2022-10-26 10:21:27.860849,-0.0017873100983021306,0.0,-0.10000000000000142,0.0,55.9,55.95,55.85,55.9,13.0,95.0,4445.0,537.0,False,False
006208,2022-10-26 10:21:27.861565,-0.0017873100983021306,0.0,-0.10000000000000142,0.0,55.9,55.95,55.85,55.9,13.0,170.0,4445.0,537.0,False,False
006208,2022-10-26 10:21:29.175629,-0.0017873100983021306,0.0,-0.10000000000000142,0.0,55.9,55.95,55.85,55.9,13.0,170.0,4445.0,537.0,False,False
006208,2022-10-26 10:21:29.764817,-0.0017873100983021306,0.0,-0.10000000000000142,0.0,55.9,55.95,55.85,55.9,13.0,95.0,4445.0,537.0,False,False
006208,2022-10-26 10:21:29.765028,-0.0017873100983021306,0.0,-0.10000000000000142,0.0,55.9,55.95,55.85,55.9,13.0,95.0,4445.0,537.0,False,False
006208,2022-10-26 10:21:30.496746,-0.0017873100983021306,0.0,-0.10000000000000142,0.0,55.9,55.95,55.85,55.9,13.0,94.0,4445.0,537.0,False,False
006208,2022-10-26 10:21:30.953033,-0.0017873100983021306,0.0,-0.10000000000000142,0.0,55.9,55.95,55.85,55.9,13.0,94.0,4445.0,537.0,False,False
006208,2022-10-26 10:21:33.537586,-0.0017873100983021306,0.0,-0.10000000000000142,0.0,55.9,55.95,55.85,55.9,13.0,94.0,4445.0,537.0,False,False
006208,2022-10-26 10:21:33.540222,-0.0017873100983021306,0.0,-0.10000000000000142,0.0,55.9,55.95,55.85,55.9,13.0,94.0,4445.0,537.0,False,False
006208,2022-10-26 10:21:33.679995,-0.0017873100983021306,0.0,-0.10000000000000142,0.0,55.9,55.95,55.85,55.9,13.0,94.0,4445.0,537.0,False,False
006208,2022-10-26 10:21:35.917012,-0.0017873100983021306,0.0,-0.10000000000000142,0.0,55.9,55.95,55.85,55.9,13.0,94.0,4445.0,396.0,True,True
006208,2022-10-26 10:21:36.813299,-0.0017873100983021306,0.0,-0.10000000000000142,0.0,55.9,55.95,55.85,55.9,13.0,94.0,4445.0,396.0,False,False
006208,2022-10-26 10:21:36.818460,-0.0017873100983021306,0.0,-0.10000000000000142,0.0,55.9,55.95,55.85,55.9,13.0,94.0,4445.0,396.0,False,False
006208,2022-10-26 10:21:37.635620,-0.0017873100983021306,0.0,-0.10000000000000142,0.0,55.9,55.95,55.85,55.9,13.0,94.0,4445.0,396.0,False,False
006208,2022-10-26 10:21:38.174206,-0.0017873100983021306,0.0,-0.10000000000000142,0.0,55.9,55.95,55.85,55.9,13.0,94.0,4445.0,396.0,False,False
006208,2022-10-26 10:21:38.183899,-0.0017873100983021306,0.0,-0.10000000000000142,0.0,55.9,55.95,55.85,55.9,13.0,94.0,4445.0,396.0,False,False
006208,2022-10-26 10:21:40.502084,-0.0017873100983021306,0.0,-0.10000000000000142,0.0,55.9,55.95,55.85,55.9,13.0,93.0,4445.0,396.0,False,False
006208,2022-10-26 10:21:40.940203,-0.0017873100983021306,0.0,-0.10000000000000142,0.0,55.9,55.95,55.85,55.9,13.0,94.0,4445.0,396.0,False,False
006208,2022-10-26 10:21:42.335209,-0.0017873100983021306,0.0,-0.10000000000000142,0.0,55.9,55.95,55.85,55.9,13.0,94.0,4445.0,396.0,False,False
006208,2022-10-26 10:21:42.344185,-0.0017873100983021306,0.0,-0.10000000000000142,0.0,55.9,55.95,55.85,55.9,13.0,94.0,4445.0,396.0,False,False
006208,2022-10-26 10:21:42.848631,-0.0017873100983021306,0.0,-0.10000000000000142,0.0,55.9,55.95,55.85,55.9,13.0,94.0,4445.0,396.0,False,False
006208,2022-10-26 10:21:42.860644,-0.0017873100983021306,0.0,-0.10000000000000142,0.0,55.9,55.95,55.85,55.9,13.0,94.0,4445.0,396.0,False,False
006208,2022-10-26 10:21:43.477999,-0.0017873100983021306,0.0,-0.10000000000000142,0.0,55.9,55.95,55.85,55.9,13.0,94.0,4445.0,396.0,False,False
006208,2022-10-26 10:21:43.663493,-0.0017873100983021306,0.0,-0.10000000000000142,0.0,55.9,55.95,55.85,55.9,13.0,94.0,4445.0,396.0,False,False
006208,2022-10-26 10:21:43.664348,-0.0017873100983021306,0.0,-0.10000000000000142,0.0,55.9,55.95,55.85,55.9,13.0,94.0,4445.0,396.0,False,False
006208,2022-10-26 10:21:43.667686,-0.0017873100983021306,0.0,-0.10000000000000142,0.0,55.9,55.95,55.85,55.9,13.0,94.0,4445.0,396.0,False,False
006208,2022-10-26 10:21:43.799601,-0.0017873100983021306,0.0,-0.10000000000000142,0.0,55.9,55.95,55.85,55.9,13.0,94.0,4445.0,396.0,False,False
006208,2022-10-26 10:21:50.538526,-0.0017873100983021306,0.0,-0.10000000000000142,0.0,55.9,55.95,55.85,55.9,13.0,93.0,4445.0,396.0,False,False
006208,2022-10-26 10:21:50.887459,-0.0017873100983021306,0.0,-0.10000000000000142,0.0,55.9,55.95,55.85,55.9,14.0,93.0,4445.0,396.0,False,False
006208,2022-10-26 10:21:52.018632,-0.0017873100983021306,0.0,-0.10000000000000142,0.0,55.9,55.95,55.85,55.9,1.0,80.0,4445.0,396.0,False,False
006208,2022-10-26 10:21:53.791620,-0.0017873100983021306,0.0,-0.10000000000000142,0.0,55.9,55.95,55.85,55.9,1.0,80.0,4445.0,396.0,False,False
006208,2022-10-26 10:21:53.793651,-0.0017873100983021306,0.0,-0.10000000000000142,0.0,55.9,55.95,55.85,55.9,1.0,80.0,4445.0,396.0,False,False
006208,2022-10-26 10:21:53.910435,-0.0017873100983021306,0.0,-0.10000000000000142,0.0,55.9,55.95,55.85,55.9,1.0,80.0,4445.0,396.0,False,False
006208,2022-10-26 10:21:53.933282,-0.0017873100983021306,0.0,-0.10000000000000142,0.0,55.9,55.95,55.85,55.9,1.0,80.0,4445.0,396.0,False,False
006208,2022-10-26 10:21:56.734609,-0.0017873100983021306,0.0,-0.10000000000000142,0.0,55.9,55.95,55.85,55.9,1.0,80.0,4445.0,396.0,False,False
006208,2022-10-26 10:21:58.493672,-0.0017873100983021306,0.0,-0.10000000000000142,0.0,55.9,55.95,55.85,55.9,1.0,80.0,4445.0,396.0,False,False
006208,2022-10-26 10:21:58.505862,-0.0017873100983021306,0.0,-0.10000000000000142,0.0,55.9,55.95,55.85,55.9,1.0,80.0,4445.0,396.0,False,False
006208,2022-10-26 10:21:58.594533,-0.0017873100983021306,0.0,-0.10000000000000142,0.0,55.9,55.95,55.85,55.9,1.0,80.0,4445.0,396.0,False,False
006208,2022-10-26 10:21:59.790688,-0.0017873100983021306,0.0,-0.10000000000000142,0.0,55.9,55.95,55.85,55.9,1.0,79.0,4445.0,396.0,False,False
006208,2022-10-26 10:22:00.512316,-0.0017873100983021306,0.0,-0.10000000000000142,0.0,55.9,55.95,55.85,55.9,1.0,78.0,4445.0,396.0,False,False
006208,2022-10-26 10:22:01.096387,-0.0017873100983021306,0.0,-0.10000000000000142,0.0,55.9,55.95,55.85,55.9,1.0,77.0,4445.0,396.0,False,False
006208,2022-10-26 10:22:03.641405,-0.0017873100983021306,0.0,-0.10000000000000142,0.0,55.9,55.95,55.85,55.9,1.0,77.0,4445.0,396.0,False,False
006208,2022-10-26 10:22:03.641422,-0.0017873100983021306,0.0,-0.10000000000000142,0.0,55.9,55.95,55.85,55.9,1.0,77.0,4445.0,396.0,False,False
006208,2022-10-26 10:22:03.921230,-0.0017873100983021306,0.0,-0.10000000000000142,0.0,55.9,55.95,55.85,55.9,1.0,77.0,4445.0,396.0,False,False
006208,2022-10-26 10:22:03.925355,-0.0017873100983021306,0.0,-0.10000000000000142,0.0,55.9,55.95,55.85,55.9,1.0,77.0,4445.0,396.0,False,False
006208,2022-10-26 10:22:04.055907,-0.0017873100983021306,0.0,-0.10000000000000142,0.0,55.9,55.95,55.85,55.9,1.0,77.0,4445.0,396.0,False,False
006208,2022-10-26 10:22:04.084486,-0.0017873100983021306,0.0,-0.10000000000000142,0.0,55.9,55.95,55.85,55.9,1.0,77.0,4445.0,396.0,False,False
006208,2022-10-26 10:22:04.343363,-0.0017873100983021306,0.0,-0.10000000000000142,0.0,55.9,55.95,55.85,55.9,1.0,77.0,4445.0,396.0,False,False
006208,2022-10-26 10:22:04.421514,-0.0017873100983021306,0.0,-0.10000000000000142,0.0,55.9,55.95,55.85,55.9,1.0,77.0,4445.0,396.0,False,False
006208,2022-10-26 10:22:05.235826,-0.0017873100983021306,0.0,-0.10000000000000142,0.0,55.9,55.95,55.85,55.9,1.0,77.0,4445.0,134.0,False,True
006208,2022-10-26 10:22:05.969749,-0.0017873100983021306,0.0,-0.10000000000000142,0.0,55.9,55.95,55.85,55.9,1.0,76.0,4445.0,134.0,False,False
006208,2022-10-26 10:22:08.564303,-0.0017873100983021306,0.0,-0.10000000000000142,0.0,55.9,55.95,55.85,55.9,1.0,76.0,4445.0,134.0,False,False
006208,2022-10-26 10:22:08.564618,-0.0017873100983021306,0.0,-0.10000000000000142,0.0,55.9,55.95,55.85,55.9,1.0,151.0,4445.0,134.0,False,False
006208,2022-10-26 10:22:10.501831,-0.0017873100983021306,0.0,-0.10000000000000142,0.0,55.9,55.95,55.85,55.9,1.0,150.0,4445.0,134.0,False,False
006208,2022-10-26 10:22:10.518989,-0.0017873100983021306,0.0,-0.10000000000000142,0.0,55.9,55.95,55.85,55.9,1.0,150.0,4445.0,134.0,False,False
006208,2022-10-26 10:22:12.806387,-0.0017873100983021306,0.0,-0.10000000000000142,0.0,55.9,55.95,55.85,55.9,1.0,150.0,4445.0,134.0,False,False
006208,2022-10-26 10:22:12.806486,-0.0017873100983021306,0.0,-0.10000000000000142,0.0,55.9,55.95,55.85,55.9,1.0,150.0,4445.0,134.0,False,False
006208,2022-10-26 10:22:14.041033,-0.0017873100983021306,0.0,-0.10000000000000142,0.0,55.9,55.95,55.85,55.9,1.0,150.0,4445.0,134.0,False,False
006208,2022-10-26 10:22:14.050183,-0.0017873100983021306,0.0,-0.10000000000000142,0.0,55.9,55.95,55.85,55.9,1.0,150.0,4445.0,134.0,False,False
006208,2022-10-26 10:22:14.179207,-0.0017873100983021306,0.0,-0.10000000000000142,0.0,55.9,55.95,55.85,55.9,1.0,150.0,4445.0,134.0,False,False
006208,2022-10-26 10:22:14.183248,-0.0017873100983021306,0.0,-0.10000000000000142,0.0,55.9,55.95,55.85,55.9,1.0,150.0,4445.0,134.0,False,False
006208,2022-10-26 10:22:14.548610,-0.0017873100983021306,0.0,-0.10000000000000142,0.0,55.9,55.95,55.85,55.9,1.0,150.0,4445.0,134.0,False,False
006208,2022-10-26 10:22:14.548790,-0.0017873100983021306,0.0,-0.10000000000000142,0.0,55.9,55.95,55.85,55.9,1.0,150.0,4445.0,134.0,False,False
006208,2022-10-26 10:22:15.163618,-0.0017873100983021306,0.0,-0.10000000000000142,0.0,55.9,55.95,55.85,55.9,1.0,150.0,4445.0,134.0,False,False
006208,2022-10-26 10:22:15.163728,-0.0017873100983021306,0.0,-0.10000000000000142,0.0,55.9,55.95,55.85,55.9,1.0,150.0,4445.0,134.0,False,False
006208,2022-10-26 10:22:15.283874,-0.0008936550491510653,-0.0008936550491510653,-0.05000000000000426,-0.05000000000000426,55.9,55.95,55.9,55.95,1.0,150.0,25.0,4320.0,True,True
006208,2022-10-26 10:22:18.743218,-0.0008936550491510653,-0.0008936550491510653,-0.05000000000000426,-0.05000000000000426,55.9,55.95,55.9,55.95,1.0,150.0,25.0,4320.0,False,False
006208,2022-10-26 10:22:18.777863,-0.0008936550491510653,-0.0008936550491510653,-0.05000000000000426,-0.05000000000000426,55.9,55.95,55.9,55.95,1.0,150.0,25.0,4320.0,False,False
006208,2022-10-26 10:22:18.809367,-0.0008936550491510653,-0.0008936550491510653,-0.05000000000000426,-0.05000000000000426,55.9,55.95,55.9,55.95,1.0,190.0,25.0,4320.0,False,False
006208,2022-10-26 10:22:18.967543,-0.0008936550491510653,-0.0008936550491510653,-0.05000000000000426,-0.05000000000000426,55.9,55.95,55.9,55.95,1.0,150.0,25.0,4320.0,False,False
006208,2022-10-26 10:22:19.100652,-0.0008936550491510653,-0.0008936550491510653,-0.05000000000000426,-0.05000000000000426,55.9,55.95,55.9,55.95,1.0,150.0,25.0,4320.0,False,False
006208,2022-10-26 10:22:19.322606,-0.0008936550491510653,-0.0008936550491510653,-0.05000000000000426,-0.05000000000000426,55.9,55.95,55.9,55.95,1.0,150.0,25.0,4320.0,False,False
006208,2022-10-26 10:22:20.506826,-0.0008936550491510653,-0.0008936550491510653,-0.05000000000000426,-0.05000000000000426,55.9,55.95,55.9,55.95,1.0,149.0,25.0,4320.0,False,False
006208,2022-10-26 10:22:20.950967,-0.0008936550491510653,-0.0008936550491510653,-0.05000000000000426,-0.05000000000000426,55.9,55.95,55.9,55.95,1.0,149.0,25.0,4320.0,False,False
006208,2022-10-26 10:22:20.964618,-0.0008936550491510653,-0.0008936550491510653,-0.05000000000000426,-0.05000000000000426,55.9,55.95,55.9,55.95,1.0,149.0,25.0,4320.0,False,False
006208,2022-10-26 10:22:24.153236,-0.0008936550491510653,-0.0008936550491510653,-0.05000000000000426,-0.05000000000000426,55.9,55.95,55.9,55.95,1.0,149.0,25.0,4320.0,False,False
006208,2022-10-26 10:22:24.180700,-0.0008936550491510653,-0.0008936550491510653,-0.05000000000000426,-0.05000000000000426,55.9,55.95,55.9,55.95,1.0,149.0,25.0,4320.0,False,False
006208,2022-10-26 10:22:24.307598,-0.0008936550491510653,-0.0008936550491510653,-0.05000000000000426,-0.05000000000000426,55.9,55.95,55.9,55.95,1.0,149.0,25.0,4320.0,False,False
006208,2022-10-26 10:22:24.312123,-0.0008936550491510653,-0.0008936550491510653,-0.05000000000000426,-0.05000000000000426,55.9,55.95,55.9,55.95,1.0,149.0,25.0,4320.0,False,False
006208,2022-10-26 10:22:25.336361,-0.0008936550491510653,-0.0008936550491510653,-0.05000000000000426,-0.05000000000000426,55.9,55.95,55.9,55.95,1.0,149.0,25.0,4320.0,True,True
006208,2022-10-26 10:22:25.477647,-0.0008936550491510653,-0.0008936550491510653,-0.05000000000000426,-0.05000000000000426,55.9,55.95,55.9,55.95,1.0,149.0,25.0,4320.0,False,False
006208,2022-10-26 10:22:25.836396,-0.0008936550491510653,-0.0008936550491510653,-0.05000000000000426,-0.05000000000000426,55.9,55.95,55.9,55.95,1.0,149.0,25.0,4320.0,False,False
006208,2022-10-26 10:22:25.842798,-0.0008936550491510653,-0.0008936550491510653,-0.05000000000000426,-0.05000000000000426,55.9,55.95,55.9,55.95,1.0,149.0,25.0,4320.0,False,False
006208,2022-10-26 10:22:26.537416,-0.0008936550491510653,-0.0008936550491510653,-0.05000000000000426,-0.05000000000000426,55.9,55.95,55.9,55.95,1.0,149.0,25.0,4320.0,False,False
006208,2022-10-26 10:22:26.537555,-0.0008936550491510653,-0.0008936550491510653,-0.05000000000000426,-0.05000000000000426,55.9,55.95,55.9,55.95,1.0,149.0,25.0,4320.0,False,False
006208,2022-10-26 10:22:27.721109,-0.0008936550491510653,-0.0008936550491510653,-0.05000000000000426,-0.05000000000000426,55.9,55.95,55.9,55.95,1.0,149.0,25.0,4320.0,False,False
006208,2022-10-26 10:22:27.721300,-0.0008936550491510653,-0.0008936550491510653,-0.05000000000000426,-0.05000000000000426,55.9,55.95,55.9,55.95,1.0,149.0,25.0,4320.0,False,False
006208,2022-10-26 10:22:29.581221,-0.0008936550491510653,-0.0008936550491510653,-0.05000000000000426,-0.05000000000000426,55.9,55.95,55.9,55.95,1.0,149.0,25.0,4320.0,False,False
006208,2022-10-26 10:22:30.107734,-0.0008936550491510653,-0.0008936550491510653,-0.05000000000000426,-0.05000000000000426,55.9,55.95,55.9,55.95,1.0,149.0,25.0,4320.0,False,False
006208,2022-10-26 10:22:30.107822,-0.0008936550491510653,-0.0008936550491510653,-0.05000000000000426,-0.05000000000000426,55.9,55.95,55.9,55.95,1.0,149.0,25.0,4320.0,False,False
006208,2022-10-26 10:22:30.347094,-0.0008936550491510653,-0.0008936550491510653,-0.05000000000000426,-0.05000000000000426,55.9,55.95,55.9,55.95,1.0,149.0,25.0,4320.0,False,False
006208,2022-10-26 10:22:30.472224,-0.0008936550491510653,-0.0008936550491510653,-0.05000000000000426,-0.05000000000000426,55.9,55.95,55.9,55.95,1.0,189.0,25.0,4320.0,False,False
006208,2022-10-26 10:22:31.008591,-0.0008936550491510653,-0.0008936550491510653,-0.05000000000000426,-0.05000000000000426,55.9,55.95,55.9,55.95,1.0,189.0,25.0,4320.0,False,False
006208,2022-10-26 10:22:31.008723,-0.0008936550491510653,-0.0008936550491510653,-0.05000000000000426,-0.05000000000000426,55.9,55.95,55.9,55.95,1.0,189.0,25.0,4320.0,False,False
006208,2022-10-26 10:22:34.161458,-0.0008936550491510653,-0.0008936550491510653,-0.05000000000000426,-0.05000000000000426,55.9,55.95,55.9,55.95,1.0,188.0,25.0,4320.0,False,False
006208,2022-10-26 10:22:34.303916,-0.0008936550491510653,-0.0008936550491510653,-0.05000000000000426,-0.05000000000000426,55.9,55.95,55.9,55.95,1.0,188.0,25.0,4320.0,False,False
006208,2022-10-26 10:22:34.308406,-0.0008936550491510653,-0.0008936550491510653,-0.05000000000000426,-0.05000000000000426,55.9,55.95,55.9,55.95,1.0,188.0,25.0,4320.0,False,False
006208,2022-10-26 10:22:34.333882,-0.0008936550491510653,-0.0017873100983021306,-0.05000000000000426,-0.10000000000000142,55.85,55.95,55.9,55.95,110.0,188.0,25.0,4320.0,False,False
006208,2022-10-26 10:22:34.437559,-0.0008936550491510653,-0.0017873100983021306,-0.05000000000000426,-0.10000000000000142,55.85,55.95,55.9,55.95,150.0,188.0,25.0,4320.0,False,False
006208,2022-10-26 10:22:34.542666,-0.0008936550491510653,-0.0017873100983021306,-0.05000000000000426,-0.10000000000000142,55.85,55.95,55.9,55.95,110.0,188.0,25.0,4320.0,False,False
006208,2022-10-26 10:22:35.373366,-0.0008936550491510653,-0.0017873100983021306,-0.05000000000000426,-0.10000000000000142,55.85,55.95,55.9,55.95,110.0,188.0,1231.0,4320.0,True,True
006208,2022-10-26 10:22:35.606308,-0.0008936550491510653,-0.0017873100983021306,-0.05000000000000426,-0.10000000000000142,55.85,55.95,55.9,55.95,110.0,188.0,1231.0,4320.0,False,False
006208,2022-10-26 10:22:35.606349,-0.0008936550491510653,-0.0017873100983021306,-0.05000000000000426,-0.10000000000000142,55.85,55.95,55.9,55.95,110.0,188.0,1231.0,4320.0,False,False
006208,2022-10-26 10:22:35.811436,-0.0008936550491510653,-0.0017873100983021306,-0.05000000000000426,-0.10000000000000142,55.85,55.95,55.9,55.95,110.0,188.0,1231.0,4320.0,False,False
006208,2022-10-26 10:22:35.922221,-0.0008936550491510653,-0.0017873100983021306,-0.05000000000000426,-0.10000000000000142,55.85,55.95,55.9,55.95,110.0,188.0,1231.0,4320.0,False,False
006208,2022-10-26 10:22:35.962507,-0.0008936550491510653,-0.0017873100983021306,-0.05000000000000426,-0.10000000000000142,55.85,55.95,55.9,55.95,76.0,188.0,1231.0,4320.0,False,False
006208,2022-10-26 10:22:36.328355,-0.0008936550491510653,-0.0017873100983021306,-0.05000000000000426,-0.10000000000000142,55.85,55.95,55.9,55.95,76.0,187.0,1231.0,4320.0,False,False
006208,2022-10-26 10:22:39.592181,-0.0008936550491510653,-0.0017873100983021306,-0.05000000000000426,-0.10000000000000142,55.85,55.95,55.9,55.95,76.0,187.0,1231.0,4320.0,False,False
006208,2022-10-26 10:22:39.592581,-0.0008936550491510653,-0.0017873100983021306,-0.05000000000000426,-0.10000000000000142,55.85,55.95,55.9,55.95,76.0,187.0,1231.0,4320.0,False,False
006208,2022-10-26 10:22:39.706231,-0.0008936550491510653,-0.0017873100983021306,-0.05000000000000426,-0.10000000000000142,55.85,55.95,55.9,55.95,76.0,187.0,1231.0,4320.0,False,False
006208,2022-10-26 10:22:40.362598,-0.0008936550491510653,-0.0017873100983021306,-0.05000000000000426,-0.10000000000000142,55.85,55.95,55.9,55.95,76.0,187.0,1231.0,4320.0,False,False
006208,2022-10-26 10:22:40.362743,-0.0008936550491510653,-0.0017873100983021306,-0.05000000000000426,-0.10000000000000142,55.85,55.95,55.9,55.95,76.0,187.0,1231.0,4320.0,False,False
006208,2022-10-26 10:22:40.517120,-0.0008936550491510653,-0.0017873100983021306,-0.05000000000000426,-0.10000000000000142,55.85,55.95,55.9,55.95,76.0,186.0,1231.0,4320.0,False,False
006208,2022-10-26 10:22:40.502439,-0.0008936550491510653,-0.0017873100983021306,-0.05000000000000426,-0.10000000000000142,55.85,55.95,55.9,55.95,76.0,187.0,1231.0,4320.0,False,False
006208,2022-10-26 10:22:41.152054,-0.0008936550491510653,-0.0017873100983021306,-0.05000000000000426,-0.10000000000000142,55.85,55.95,55.9,55.95,76.0,186.0,1231.0,4320.0,False,False
006208,2022-10-26 10:22:41.157600,-0.0008936550491510653,-0.0017873100983021306,-0.05000000000000426,-0.10000000000000142,55.85,55.95,55.9,55.95,76.0,186.0,1231.0,4320.0,False,False
006208,2022-10-26 10:22:41.379421,-0.0008936550491510653,-0.0017873100983021306,-0.05000000000000426,-0.10000000000000142,55.85,55.95,55.9,55.95,76.0,186.0,1231.0,4320.0,False,False
006208,2022-10-26 10:22:41.627886,-0.0008936550491510653,-0.0017873100983021306,-0.05000000000000426,-0.10000000000000142,55.85,55.95,55.9,55.95,76.0,186.0,1231.0,4320.0,False,False
006208,2022-10-26 10:22:41.637267,-0.0008936550491510653,-0.0017873100983021306,-0.05000000000000426,-0.10000000000000142,55.85,55.95,55.9,55.95,76.0,186.0,1231.0,4320.0,False,False
006208,2022-10-26 10:22:41.901754,-0.0008936550491510653,-0.0017873100983021306,-0.05000000000000426,-0.10000000000000142,55.85,55.95,55.9,55.95,76.0,186.0,1231.0,4320.0,False,False
006208,2022-10-26 10:22:41.901881,-0.0008936550491510653,-0.0017873100983021306,-0.05000000000000426,-0.10000000000000142,55.85,55.95,55.9,55.95,76.0,186.0,1231.0,4320.0,False,False
006208,2022-10-26 10:22:42.032637,-0.0008936550491510653,-0.0017873100983021306,-0.05000000000000426,-0.10000000000000142,55.85,55.95,55.9,55.95,76.0,186.0,1231.0,4320.0,False,False
006208,2022-10-26 10:22:42.667260,-0.0008936550491510653,-0.0017873100983021306,-0.05000000000000426,-0.10000000000000142,55.85,55.95,55.9,55.95,76.0,186.0,1231.0,4320.0,False,False
006208,2022-10-26 10:22:42.667341,-0.0008936550491510653,-0.0017873100983021306,-0.05000000000000426,-0.10000000000000142,55.85,55.95,55.9,55.95,76.0,186.0,1231.0,4320.0,False,False
006208,2022-10-26 10:22:44.363214,-0.0008936550491510653,-0.0017873100983021306,-0.05000000000000426,-0.10000000000000142,55.85,55.95,55.9,55.95,76.0,186.0,1231.0,4320.0,False,False
006208,2022-10-26 10:22:44.559187,-0.0008936550491510653,-0.0017873100983021306,-0.05000000000000426,-0.10000000000000142,55.85,55.95,55.9,55.95,76.0,186.0,1231.0,4320.0,False,False
006208,2022-10-26 10:22:44.562893,-0.0008936550491510653,-0.0017873100983021306,-0.05000000000000426,-0.10000000000000142,55.85,55.95,55.9,55.95,76.0,186.0,1231.0,4320.0,False,False
006208,2022-10-26 10:22:44.695309,-0.0008936550491510653,-0.0017873100983021306,-0.05000000000000426,-0.10000000000000142,55.85,55.95,55.9,55.95,76.0,186.0,1231.0,4320.0,False,False
006208,2022-10-26 10:22:47.243786,-0.0008936550491510653,-0.0017873100983021306,-0.05000000000000426,-0.10000000000000142,55.85,55.95,55.9,55.95,76.0,186.0,1231.0,4320.0,False,False
006208,2022-10-26 10:22:47.243926,-0.0008936550491510653,-0.0017873100983021306,-0.05000000000000426,-0.10000000000000142,55.85,55.95,55.9,55.95,76.0,186.0,1231.0,4320.0,False,False
006208,2022-10-26 10:22:47.571734,-0.0008936550491510653,-0.0017873100983021306,-0.05000000000000426,-0.10000000000000142,55.85,55.95,55.9,55.95,76.0,186.0,1231.0,4320.0,False,False
006208,2022-10-26 10:22:50.553132,-0.0008936550491510653,-0.0017873100983021306,-0.05000000000000426,-0.10000000000000142,55.85,55.95,55.9,55.95,76.0,185.0,1231.0,4320.0,False,False
006208,2022-10-26 10:22:53.375350,-0.0008936550491510653,-0.0017873100983021306,-0.05000000000000426,-0.10000000000000142,55.85,55.95,55.9,55.95,76.0,185.0,1231.0,4320.0,False,False
006208,2022-10-26 10:22:54.684554,-0.0008936550491510653,-0.0017873100983021306,-0.05000000000000426,-0.10000000000000142,55.85,55.95,55.9,55.95,76.0,185.0,1231.0,4320.0,False,False
006208,2022-10-26 10:22:54.690131,-0.0008936550491510653,-0.0017873100983021306,-0.05000000000000426,-0.10000000000000142,55.85,55.95,55.9,55.95,76.0,185.0,1231.0,4320.0,False,False
006208,2022-10-26 10:22:54.822336,-0.0008936550491510653,-0.0017873100983021306,-0.05000000000000426,-0.10000000000000142,55.85,55.95,55.9,55.95,76.0,185.0,1231.0,4320.0,False,False
006208,2022-10-26 10:22:54.907424,-0.0008936550491510653,-0.0017873100983021306,-0.05000000000000426,-0.10000000000000142,55.85,55.95,55.9,55.95,76.0,185.0,1231.0,4320.0,False,False
006208,2022-10-26 10:22:55.451680,-0.0008936550491510653,-0.0017873100983021306,-0.05000000000000426,-0.10000000000000142,55.85,55.95,55.9,55.95,76.0,185.0,1153.0,4320.0,True,True
006208,2022-10-26 10:22:56.996986,-0.0008936550491510653,-0.0017873100983021306,-0.05000000000000426,-0.10000000000000142,55.85,55.95,55.9,55.95,76.0,185.0,1153.0,4320.0,False,False
006208,2022-10-26 10:22:57.262116,-0.0008936550491510653,-0.0017873100983021306,-0.05000000000000426,-0.10000000000000142,55.85,55.95,55.9,55.95,76.0,185.0,1153.0,4320.0,False,False
006208,2022-10-26 10:22:57.623714,-0.0008936550491510653,-0.0017873100983021306,-0.05000000000000426,-0.10000000000000142,55.85,55.95,55.9,55.95,76.0,185.0,1153.0,4320.0,False,False
006208,2022-10-26 10:22:57.697605,-0.0008936550491510653,-0.0017873100983021306,-0.05000000000000426,-0.10000000000000142,55.85,55.95,55.9,55.95,1.0,185.0,1153.0,4320.0,False,False
006208,2022-10-26 10:23:00.542806,-0.0008936550491510653,-0.0017873100983021306,-0.05000000000000426,-0.10000000000000142,55.85,55.95,55.9,55.95,1.0,184.0,1153.0,4320.0,False,False
006208,2022-10-26 10:23:03.399405,-0.0008936550491510653,-0.0017873100983021306,-0.05000000000000426,-0.10000000000000142,55.85,55.95,55.9,55.95,1.0,184.0,1153.0,4320.0,False,False
006208,2022-10-26 10:23:03.442128,-0.0008936550491510653,-0.0017873100983021306,-0.05000000000000426,-0.10000000000000142,55.85,55.95,55.9,55.95,1.0,184.0,1153.0,4320.0,False,False
006208,2022-10-26 10:23:03.486335,-0.0008936550491510653,-0.0017873100983021306,-0.05000000000000426,-0.10000000000000142,55.85,55.95,55.9,55.95,1.0,184.0,1153.0,4320.0,False,False
006208,2022-10-26 10:23:04.443230,-0.0008936550491510653,-0.0017873100983021306,-0.05000000000000426,-0.10000000000000142,55.85,55.95,55.9,55.95,1.0,184.0,1153.0,4320.0,False,False
006208,2022-10-26 10:23:04.472921,-0.0008936550491510653,-0.0017873100983021306,-0.05000000000000426,-0.10000000000000142,55.85,55.95,55.9,55.95,1.0,184.0,1153.0,4320.0,False,False
006208,2022-10-26 10:23:04.815181,-0.0008936550491510653,-0.0017873100983021306,-0.05000000000000426,-0.10000000000000142,55.85,55.95,55.9,55.95,1.0,184.0,1153.0,4320.0,False,False
006208,2022-10-26 10:23:04.819557,-0.0008936550491510653,-0.0017873100983021306,-0.05000000000000426,-0.10000000000000142,55.85,55.95,55.9,55.95,1.0,184.0,1153.0,4320.0,False,False
006208,2022-10-26 10:23:04.946666,-0.0008936550491510653,-0.0017873100983021306,-0.05000000000000426,-0.10000000000000142,55.85,55.95,55.9,55.95,1.0,184.0,1153.0,4320.0,False,False
006208,2022-10-26 10:23:04.962029,-0.0008936550491510653,-0.0017873100983021306,-0.05000000000000426,-0.10000000000000142,55.85,55.95,55.9,55.95,1.0,184.0,1153.0,4320.0,False,False
006208,2022-10-26 10:23:05.089665,-0.0008936550491510653,-0.0017873100983021306,-0.05000000000000426,-0.10000000000000142,55.85,55.95,55.9,55.95,1.0,184.0,1153.0,4320.0,False,False
006208,2022-10-26 10:23:05.318547,-0.0008936550491510653,-0.0017873100983021306,-0.05000000000000426,-0.10000000000000142,55.85,55.95,55.9,55.95,1.0,184.0,1153.0,4320.0,False,False
006208,2022-10-26 10:23:05.473791,0.0,-0.0017873100983021306,0.0,-0.10000000000000142,55.85,55.9,55.9,55.95,1.0,100.0,1153.0,4320.0,False,False
006208,2022-10-26 10:23:05.488787,0.0,-0.0017873100983021306,0.0,-0.10000000000000142,55.85,55.9,55.9,55.95,1.0,100.0,184.0,4320.0,True,True
006208,2022-10-26 10:23:05.535007,0.0,-0.0017873100983021306,0.0,-0.10000000000000142,55.85,55.9,55.9,55.95,1.0,100.0,184.0,4320.0,False,False
006208,2022-10-26 10:23:05.623539,0.0,-0.0017873100983021306,0.0,-0.10000000000000142,55.85,55.9,55.9,55.95,1.0,100.0,184.0,4320.0,False,False
006208,2022-10-26 10:23:05.814644,-0.0008936550491510653,-0.0017873100983021306,-0.05000000000000426,-0.10000000000000142,55.85,55.95,55.9,55.95,1.0,224.0,184.0,4320.0,False,False
006208,2022-10-26 10:23:05.938925,-0.0008936550491510653,-0.0017873100983021306,-0.05000000000000426,-0.10000000000000142,55.85,55.95,55.9,55.95,1.0,184.0,184.0,4320.0,False,False
006208,2022-10-26 10:23:06.075014,-0.0008936550491510653,-0.0017873100983021306,-0.05000000000000426,-0.10000000000000142,55.85,55.95,55.9,55.95,1.0,184.0,184.0,4320.0,False,False
006208,2022-10-26 10:23:06.100841,-0.0008936550491510653,-0.0017873100983021306,-0.05000000000000426,-0.10000000000000142,55.85,55.95,55.9,55.95,1.0,184.0,184.0,4320.0,False,False
006208,2022-10-26 10:23:06.738590,-0.0008936550491510653,-0.0017873100983021306,-0.05000000000000426,-0.10000000000000142,55.85,55.95,55.9,55.95,1.0,184.0,184.0,4320.0,False,False
006208,2022-10-26 10:23:06.749753,-0.0008936550491510653,-0.0017873100983021306,-0.05000000000000426,-0.10000000000000142,55.85,55.95,55.9,55.95,1.0,184.0,184.0,4320.0,False,False
006208,2022-10-26 10:23:07.519917,-0.0008936550491510653,-0.0017873100983021306,-0.05000000000000426,-0.10000000000000142,55.85,55.95,55.9,55.95,1.0,184.0,184.0,4320.0,False,False
006208,2022-10-26 10:23:07.619000,-0.0008936550491510653,-0.0017873100983021306,-0.05000000000000426,-0.10000000000000142,55.85,55.95,55.9,55.95,1.0,184.0,184.0,4320.0,False,False
006208,2022-10-26 10:23:07.777965,-0.0008936550491510653,-0.0017873100983021306,-0.05000000000000426,-0.10000000000000142,55.85,55.95,55.9,55.95,1.0,184.0,184.0,4320.0,False,False
006208,2022-10-26 10:23:07.788893,-0.0008936550491510653,-0.0017873100983021306,-0.05000000000000426,-0.10000000000000142,55.85,55.95,55.9,55.95,1.0,184.0,184.0,4320.0,False,False
006208,2022-10-26 10:23:08.160335,-0.0008936550491510653,-0.0017873100983021306,-0.05000000000000426,-0.10000000000000142,55.85,55.95,55.9,55.95,1.0,183.0,184.0,4320.0,False,False
006208,2022-10-26 10:23:08.777430,-0.0008936550491510653,-0.0017873100983021306,-0.05000000000000426,-0.10000000000000142,55.85,55.95,55.9,55.95,1.0,183.0,184.0,4320.0,False,False
006208,2022-10-26 10:23:08.788331,-0.0008936550491510653,-0.0017873100983021306,-0.05000000000000426,-0.10000000000000142,55.85,55.95,55.9,55.95,1.0,183.0,184.0,4320.0,False,False
006208,2022-10-26 10:23:10.547568,-0.0008936550491510653,-0.0017873100983021306,-0.05000000000000426,-0.10000000000000142,55.85,55.95,55.9,55.95,1.0,182.0,184.0,4320.0,False,False
006208,2022-10-26 10:23:14.127734,-0.0008936550491510653,-0.0017873100983021306,-0.05000000000000426,-0.10000000000000142,55.85,55.95,55.9,55.95,1.0,182.0,184.0,4320.0,False,False
006208,2022-10-26 10:23:14.127864,-0.0008936550491510653,-0.0017873100983021306,-0.05000000000000426,-0.10000000000000142,55.85,55.95,55.9,55.95,1.0,182.0,184.0,4320.0,False,False
006208,2022-10-26 10:23:15.530968,-0.0008936550491510653,-0.0017873100983021306,-0.05000000000000426,-0.10000000000000142,55.85,55.95,55.9,55.95,1.0,182.0,284.0,4320.0,True,True
006208,2022-10-26 10:23:15.886432,-0.0008936550491510653,-0.0017873100983021306,-0.05000000000000426,-0.10000000000000142,55.85,55.95,55.9,55.95,1.0,182.0,284.0,4320.0,False,False
006208,2022-10-26 10:23:15.886735,-0.0008936550491510653,-0.0017873100983021306,-0.05000000000000426,-0.10000000000000142,55.85,55.95,55.9,55.95,1.0,182.0,284.0,4320.0,False,False
006208,2022-10-26 10:23:16.070139,-0.0008936550491510653,-0.0017873100983021306,-0.05000000000000426,-0.10000000000000142,55.85,55.95,55.9,55.95,1.0,182.0,284.0,4320.0,False,False
006208,2022-10-26 10:23:16.202794,-0.0008936550491510653,-0.0017873100983021306,-0.05000000000000426,-0.10000000000000142,55.85,55.95,55.9,55.95,1.0,182.0,284.0,4320.0,False,False
006208,2022-10-26 10:23:17.460215,-0.0008936550491510653,-0.0008936550491510653,-0.05000000000000426,-0.05000000000000426,55.9,55.95,55.9,55.95,1.0,182.0,284.0,4320.0,False,False
006208,2022-10-26 10:23:17.484919,-0.0008936550491510653,-0.0017873100983021306,-0.05000000000000426,-0.10000000000000142,55.85,55.95,55.9,55.95,1.0,182.0,284.0,4320.0,False,False
006208,2022-10-26 10:23:17.492522,-0.0008936550491510653,-0.0017873100983021306,-0.05000000000000426,-0.10000000000000142,55.85,55.95,55.9,55.95,1.0,182.0,284.0,4320.0,False,False
006208,2022-10-26 10:23:17.527439,-0.0008936550491510653,-0.0017873100983021306,-0.05000000000000426,-0.10000000000000142,55.85,55.95,55.9,55.95,1.0,182.0,284.0,4320.0,False,False
006208,2022-10-26 10:23:17.609555,-0.0008936550491510653,-0.0017873100983021306,-0.05000000000000426,-0.10000000000000142,55.85,55.95,55.9,55.95,1.0,182.0,284.0,4320.0,False,False
006208,2022-10-26 10:23:18.378436,-0.0008936550491510653,-0.0017873100983021306,-0.05000000000000426,-0.10000000000000142,55.85,55.95,55.9,55.95,1.0,142.0,284.0,4320.0,False,False
006208,2022-10-26 10:23:18.403266,-0.0008936550491510653,-0.0017873100983021306,-0.05000000000000426,-0.10000000000000142,55.85,55.95,55.9,55.95,1.0,142.0,284.0,4320.0,False,False
006208,2022-10-26 10:23:18.593042,-0.0008936550491510653,-0.0017873100983021306,-0.05000000000000426,-0.10000000000000142,55.85,55.95,55.9,55.95,1.0,142.0,284.0,4320.0,False,False
006208,2022-10-26 10:23:18.893609,-0.0008936550491510653,-0.0017873100983021306,-0.05000000000000426,-0.10000000000000142,55.85,55.95,55.9,55.95,1.0,142.0,284.0,4320.0,False,False
006208,2022-10-26 10:23:18.893633,-0.0008936550491510653,-0.0017873100983021306,-0.05000000000000426,-0.10000000000000142,55.85,55.95,55.9,55.95,1.0,142.0,284.0,4320.0,False,False
006208,2022-10-26 10:23:18.990996,-0.0008936550491510653,-0.0017873100983021306,-0.05000000000000426,-0.10000000000000142,55.85,55.95,55.9,55.95,1.0,142.0,284.0,4320.0,False,False
006208,2022-10-26 10:23:19.643843,-0.0008936550491510653,-0.0017873100983021306,-0.05000000000000426,-0.10000000000000142,55.85,55.95,55.9,55.95,1.0,142.0,284.0,4320.0,False,False
006208,2022-10-26 10:23:19.721803,-0.0008936550491510653,-0.0017873100983021306,-0.05000000000000426,-0.10000000000000142,55.85,55.95,55.9,55.95,1.0,142.0,284.0,4320.0,False,False
006208,2022-10-26 10:23:20.537336,-0.0008936550491510653,-0.0017873100983021306,-0.05000000000000426,-0.10000000000000142,55.85,55.95,55.9,55.95,1.0,141.0,284.0,4320.0,False,False
006208,2022-10-26 10:23:20.932563,-0.0008936550491510653,-0.0017873100983021306,-0.05000000000000426,-0.10000000000000142,55.85,55.95,55.9,55.95,1.0,141.0,284.0,4320.0,False,False
006208,2022-10-26 10:23:20.932757,-0.0008936550491510653,-0.0017873100983021306,-0.05000000000000426,-0.10000000000000142,55.85,55.95,55.9,55.95,1.0,141.0,284.0,4320.0,False,False
006208,2022-10-26 10:23:21.353571,-0.0008936550491510653,-0.0017873100983021306,-0.05000000000000426,-0.10000000000000142,55.85,55.95,55.9,55.95,1.0,141.0,284.0,4320.0,False,False
006208,2022-10-26 10:23:21.366856,-0.0008936550491510653,-0.0017873100983021306,-0.05000000000000426,-0.10000000000000142,55.85,55.95,55.9,55.95,1.0,141.0,284.0,4320.0,False,False
006208,2022-10-26 10:23:24.979372,-0.0008936550491510653,-0.0017873100983021306,-0.05000000000000426,-0.10000000000000142,55.85,55.95,55.9,55.95,1.0,141.0,284.0,4320.0,False,False
006208,2022-10-26 10:23:24.989136,-0.0008936550491510653,-0.0017873100983021306,-0.05000000000000426,-0.10000000000000142,55.85,55.95,55.9,55.95,1.0,141.0,284.0,4320.0,False,False
006208,2022-10-26 10:23:25.574273,-0.0008936550491510653,-0.0017873100983021306,-0.05000000000000426,-0.10000000000000142,55.85,55.95,55.9,55.95,1.0,141.0,304.0,4320.0,True,True
006208,2022-10-26 10:23:26.188953,-0.0008936550491510653,-0.0017873100983021306,-0.05000000000000426,-0.10000000000000142,55.85,55.95,55.9,55.95,1.0,141.0,304.0,4320.0,False,False
006208,2022-10-26 10:23:26.198389,-0.0008936550491510653,-0.0017873100983021306,-0.05000000000000426,-0.10000000000000142,55.85,55.95,55.9,55.95,1.0,141.0,304.0,4320.0,False,False
006208,2022-10-26 10:23:26.329562,-0.0008936550491510653,-0.0017873100983021306,-0.05000000000000426,-0.10000000000000142,55.85,55.95,55.9,55.95,1.0,141.0,304.0,4320.0,False,False
006208,2022-10-26 10:23:28.861188,-0.0008936550491510653,-0.0017873100983021306,-0.05000000000000426,-0.10000000000000142,55.85,55.95,55.9,55.95,1.0,141.0,304.0,4320.0,False,False
006208,2022-10-26 10:23:35.614387,-0.0008936550491510653,-0.0017873100983021306,-0.05000000000000426,-0.10000000000000142,55.85,55.95,55.9,55.95,1.0,141.0,309.0,4320.0,True,True
006208,2022-10-26 10:23:36.323536,-0.0008936550491510653,-0.0017873100983021306,-0.05000000000000426,-0.10000000000000142,55.85,55.95,55.9,55.95,1.0,141.0,309.0,4320.0,False,False
006208,2022-10-26 10:23:36.329241,-0.0008936550491510653,-0.0017873100983021306,-0.05000000000000426,-0.10000000000000142,55.85,55.95,55.9,55.95,1.0,141.0,309.0,4320.0,False,False
006208,2022-10-26 10:23:36.458394,-0.0008936550491510653,-0.0017873100983021306,-0.05000000000000426,-0.10000000000000142,55.85,55.95,55.9,55.95,1.0,141.0,309.0,4320.0,False,False
006208,2022-10-26 10:23:39.710328,-0.0008936550491510653,-0.0017873100983021306,-0.05000000000000426,-0.10000000000000142,55.85,55.95,55.9,55.95,1.0,141.0,309.0,4320.0,False,False
006208,2022-10-26 10:23:39.710365,-0.0008936550491510653,-0.0017873100983021306,-0.05000000000000426,-0.10000000000000142,55.85,55.95,55.9,55.95,1.0,141.0,309.0,4320.0,False,False
006208,2022-10-26 10:23:40.547535,-0.0008936550491510653,-0.0017873100983021306,-0.05000000000000426,-0.10000000000000142,55.85,55.95,55.9,55.95,1.0,140.0,309.0,4320.0,False,False
006208,2022-10-26 10:23:40.656289,-0.0008936550491510653,-0.0017873100983021306,-0.05000000000000426,-0.10000000000000142,55.85,55.95,55.9,55.95,1.0,140.0,309.0,4320.0,False,False
006208,2022-10-26 10:23:40.656438,-0.0008936550491510653,-0.0017873100983021306,-0.05000000000000426,-0.10000000000000142,55.85,55.95,55.9,55.95,1.0,140.0,309.0,4320.0,False,False
006208,2022-10-26 10:23:41.217532,-0.0008936550491510653,-0.0017873100983021306,-0.05000000000000426,-0.10000000000000142,55.85,55.95,55.9,55.95,1.0,139.0,309.0,4320.0,False,False
006208,2022-10-26 10:23:41.484444,-0.0008936550491510653,-0.0017873100983021306,-0.05000000000000426,-0.10000000000000142,55.85,55.95,55.9,55.95,1.0,139.0,309.0,4320.0,False,False
006208,2022-10-26 10:23:42.520064,-0.0008936550491510653,-0.0017873100983021306,-0.05000000000000426,-0.10000000000000142,55.85,55.95,55.9,55.95,1.0,139.0,309.0,4320.0,False,False
006208,2022-10-26 10:23:43.027639,-0.0008936550491510653,-0.0017873100983021306,-0.05000000000000426,-0.10000000000000142,55.85,55.95,55.9,55.95,1.0,139.0,309.0,4320.0,False,False
006208,2022-10-26 10:23:43.027770,-0.0008936550491510653,-0.0017873100983021306,-0.05000000000000426,-0.10000000000000142,55.85,55.95,55.9,55.95,1.0,139.0,309.0,4320.0,False,False
006208,2022-10-26 10:23:44.702393,-0.0008936550491510653,-0.0017873100983021306,-0.05000000000000426,-0.10000000000000142,55.85,55.95,55.9,55.95,1.0,139.0,309.0,4320.0,False,False
006208,2022-10-26 10:23:44.702507,-0.0008936550491510653,-0.0017873100983021306,-0.05000000000000426,-0.10000000000000142,55.85,55.95,55.9,55.95,1.0,139.0,309.0,4320.0,False,False
006208,2022-10-26 10:23:45.172029,-0.0008936550491510653,-0.0017873100983021306,-0.05000000000000426,-0.10000000000000142,55.85,55.95,55.9,55.95,1.0,139.0,309.0,4320.0,False,False
006208,2022-10-26 10:23:45.652458,-0.0008936550491510653,-0.0017873100983021306,-0.05000000000000426,-0.10000000000000142,55.85,55.95,55.9,55.95,1.0,139.0,309.0,4320.0,True,True
006208,2022-10-26 10:23:46.451311,-0.0008936550491510653,-0.0017873100983021306,-0.05000000000000426,-0.10000000000000142,55.85,55.95,55.9,55.95,1.0,139.0,309.0,4320.0,False,False
006208,2022-10-26 10:23:46.454607,-0.0008936550491510653,-0.0017873100983021306,-0.05000000000000426,-0.10000000000000142,55.85,55.95,55.9,55.95,1.0,139.0,309.0,4320.0,False,False
006208,2022-10-26 10:23:46.585149,-0.0008936550491510653,-0.0017873100983021306,-0.05000000000000426,-0.10000000000000142,55.85,55.95,55.9,55.95,1.0,139.0,309.0,4320.0,False,False
006208,2022-10-26 10:23:46.869924,-0.0008936550491510653,-0.0017873100983021306,-0.05000000000000426,-0.10000000000000142,55.85,55.95,55.9,55.95,1.0,139.0,309.0,4320.0,False,False
006208,2022-10-26 10:23:46.870082,-0.0008936550491510653,-0.0017873100983021306,-0.05000000000000426,-0.10000000000000142,55.85,55.95,55.9,55.95,1.0,139.0,309.0,4320.0,False,False
006208,2022-10-26 10:23:48.410644,-0.0008936550491510653,-0.0017873100983021306,-0.05000000000000426,-0.10000000000000142,55.85,55.95,55.9,55.95,1.0,139.0,309.0,4320.0,False,False
006208,2022-10-26 10:23:48.410684,-0.0008936550491510653,-0.0017873100983021306,-0.05000000000000426,-0.10000000000000142,55.85,55.95,55.9,55.95,1.0,139.0,309.0,4320.0,False,False
006208,2022-10-26 10:23:49.102028,-0.0008936550491510653,-0.0017873100983021306,-0.05000000000000426,-0.10000000000000142,55.85,55.95,55.9,55.95,1.0,139.0,309.0,4320.0,False,False
006208,2022-10-26 10:23:50.011987,-0.0008936550491510653,-0.0017873100983021306,-0.05000000000000426,-0.10000000000000142,55.85,55.95,55.9,55.95,1.0,139.0,309.0,4320.0,False,False
006208,2022-10-26 10:23:50.012045,-0.0008936550491510653,-0.0017873100983021306,-0.05000000000000426,-0.10000000000000142,55.85,55.95,55.9,55.95,1.0,139.0,309.0,4320.0,False,False
006208,2022-10-26 10:23:50.567872,-0.0008936550491510653,-0.0017873100983021306,-0.05000000000000426,-0.10000000000000142,55.85,55.95,55.9,55.95,1.0,138.0,309.0,4320.0,False,False
006208,2022-10-26 10:23:51.521928,-0.0008936550491510653,-0.0017873100983021306,-0.05000000000000426,-0.10000000000000142,55.85,55.95,55.9,55.95,1.0,138.0,309.0,4320.0,False,False
006208,2022-10-26 10:23:51.522079,-0.0008936550491510653,-0.0017873100983021306,-0.05000000000000426,-0.10000000000000142,55.85,55.95,55.9,55.95,1.0,138.0,309.0,4320.0,False,False
006208,2022-10-26 10:23:52.265595,-0.0008936550491510653,-0.0017873100983021306,-0.05000000000000426,-0.10000000000000142,55.85,55.95,55.9,55.95,1.0,138.0,309.0,4320.0,False,False
006208,2022-10-26 10:23:52.265726,-0.0008936550491510653,-0.0017873100983021306,-0.05000000000000426,-0.10000000000000142,55.85,55.95,55.9,55.95,1.0,138.0,309.0,4320.0,False,False
006208,2022-10-26 10:23:52.429255,-0.0008936550491510653,-0.0017873100983021306,-0.05000000000000426,-0.10000000000000142,55.85,55.95,55.9,55.95,1.0,138.0,309.0,4320.0,False,False
006208,2022-10-26 10:23:52.827050,-0.0008936550491510653,-0.0017873100983021306,-0.05000000000000426,-0.10000000000000142,55.85,55.95,55.9,55.95,1.0,138.0,309.0,4320.0,False,False
006208,2022-10-26 10:23:52.827303,-0.0008936550491510653,-0.0017873100983021306,-0.05000000000000426,-0.10000000000000142,55.85,55.95,55.9,55.95,1.0,138.0,309.0,4320.0,False,False
006208,2022-10-26 10:23:55.183949,-0.0008936550491510653,-0.0017873100983021306,-0.05000000000000426,-0.10000000000000142,55.85,55.95,55.9,55.95,1.0,138.0,309.0,4320.0,False,False
006208,2022-10-26 10:23:55.189088,-0.0008936550491510653,-0.0017873100983021306,-0.05000000000000426,-0.10000000000000142,55.85,55.95,55.9,55.95,1.0,138.0,309.0,4320.0,False,False
006208,2022-10-26 10:23:55.691597,-0.0008936550491510653,-0.0017873100983021306,-0.05000000000000426,-0.10000000000000142,55.85,55.95,55.9,55.95,1.0,138.0,339.0,4320.0,True,True
006208,2022-10-26 10:23:56.184111,-0.0008936550491510653,-0.0017873100983021306,-0.05000000000000426,-0.10000000000000142,55.85,55.95,55.9,55.95,1.0,138.0,339.0,4320.0,False,False
006208,2022-10-26 10:23:56.184249,-0.0008936550491510653,-0.0017873100983021306,-0.05000000000000426,-0.10000000000000142,55.85,55.95,55.9,55.95,1.0,138.0,339.0,4320.0,False,False
006208,2022-10-26 10:23:56.578334,-0.0008936550491510653,-0.0017873100983021306,-0.05000000000000426,-0.10000000000000142,55.85,55.95,55.9,55.95,1.0,138.0,339.0,4320.0,False,False
006208,2022-10-26 10:23:56.582751,-0.0008936550491510653,-0.0017873100983021306,-0.05000000000000426,-0.10000000000000142,55.85,55.95,55.9,55.95,1.0,138.0,339.0,4320.0,False,False
006208,2022-10-26 10:23:56.712600,-0.0008936550491510653,-0.0017873100983021306,-0.05000000000000426,-0.10000000000000142,55.85,55.95,55.9,55.95,1.0,138.0,339.0,4320.0,False,False
006208,2022-10-26 10:23:57.179517,-0.0008936550491510653,-0.0017873100983021306,-0.05000000000000426,-0.10000000000000142,55.85,55.95,55.9,55.95,1.0,138.0,339.0,4320.0,False,False
006208,2022-10-26 10:23:57.260326,-0.0008936550491510653,-0.0017873100983021306,-0.05000000000000426,-0.10000000000000142,55.85,55.95,55.9,55.95,1.0,138.0,339.0,4320.0,False,False
006208,2022-10-26 10:23:58.290539,-0.0008936550491510653,-0.0017873100983021306,-0.05000000000000426,-0.10000000000000142,55.85,55.95,55.9,55.95,1.0,138.0,339.0,4320.0,False,False
006208,2022-10-26 10:23:58.302256,-0.0008936550491510653,-0.0017873100983021306,-0.05000000000000426,-0.10000000000000142,55.85,55.95,55.9,55.95,1.0,138.0,339.0,4320.0,False,False
006208,2022-10-26 10:23:58.669606,-0.0008936550491510653,-0.0017873100983021306,-0.05000000000000426,-0.10000000000000142,55.85,55.95,55.9,55.95,1.0,138.0,339.0,4320.0,False,False
006208,2022-10-26 10:23:59.083740,-0.0008936550491510653,-0.0017873100983021306,-0.05000000000000426,-0.10000000000000142,55.85,55.95,55.9,55.95,1.0,63.0,339.0,4320.0,False,False
006208,2022-10-26 10:23:59.083830,0.0,-0.0017873100983021306,0.0,-0.10000000000000142,55.85,55.9,55.9,55.95,1.0,75.0,339.0,4320.0,False,False
006208,2022-10-26 10:23:59.238843,0.0,-0.0017873100983021306,0.0,-0.10000000000000142,55.85,55.9,55.9,55.95,1.0,75.0,339.0,4320.0,False,False
006208,2022-10-26 10:23:59.319731,0.0,-0.0017873100983021306,0.0,-0.10000000000000142,55.85,55.9,55.9,55.95,1.0,75.0,339.0,4320.0,False,False
006208,2022-10-26 10:23:59.745128,0.0,-0.0017873100983021306,0.0,-0.10000000000000142,55.85,55.9,55.9,55.95,2.0,75.0,339.0,4320.0,False,False
006208,2022-10-26 10:24:00.572840,0.0,-0.0017873100983021306,0.0,-0.10000000000000142,55.85,55.9,55.9,55.95,2.0,74.0,339.0,4320.0,False,False
006208,2022-10-26 10:24:01.672805,0.0,-0.0017873100983021306,0.0,-0.10000000000000142,55.85,55.9,55.9,55.95,2.0,74.0,339.0,4320.0,False,False
006208,2022-10-26 10:24:01.675713,0.0,-0.0017873100983021306,0.0,-0.10000000000000142,55.85,55.9,55.9,55.95,2.0,74.0,339.0,4320.0,False,False
006208,2022-10-26 10:24:01.773547,0.0,-0.0017873100983021306,0.0,-0.10000000000000142,55.85,55.9,55.9,55.95,2.0,74.0,339.0,4320.0,False,False
006208,2022-10-26 10:24:03.150621,0.0,-0.0017873100983021306,0.0,-0.10000000000000142,55.85,55.9,55.9,55.95,2.0,74.0,339.0,4320.0,False,False
006208,2022-10-26 10:24:03.211841,0.0,-0.0017873100983021306,0.0,-0.10000000000000142,55.85,55.9,55.9,55.95,2.0,74.0,339.0,4320.0,False,False
006208,2022-10-26 10:24:03.498705,0.0,-0.0017873100983021306,0.0,-0.10000000000000142,55.85,55.9,55.9,55.95,2.0,74.0,339.0,4320.0,False,False
006208,2022-10-26 10:24:03.514192,0.0,-0.0017873100983021306,0.0,-0.10000000000000142,55.85,55.9,55.9,55.95,2.0,74.0,339.0,4320.0,False,False
006208,2022-10-26 10:24:04.491397,0.0,-0.0017873100983021306,0.0,-0.10000000000000142,55.85,55.9,55.9,55.95,2.0,73.0,339.0,4320.0,False,False
006208,2022-10-26 10:24:05.096779,0.0,-0.0017873100983021306,0.0,-0.10000000000000142,55.85,55.9,55.9,55.95,3.0,73.0,339.0,4320.0,False,False
006208,2022-10-26 10:24:05.735921,0.0,-0.0017873100983021306,0.0,-0.10000000000000142,55.85,55.9,55.9,55.95,3.0,73.0,1239.0,4320.0,True,True
006208,2022-10-26 10:24:06.179217,0.0,-0.0017873100983021306,0.0,-0.10000000000000142,55.85,55.9,55.9,55.95,3.0,73.0,1239.0,4320.0,False,False
006208,2022-10-26 10:24:06.201028,0.0,-0.0017873100983021306,0.0,-0.10000000000000142,55.85,55.9,55.9,55.95,3.0,73.0,1239.0,4320.0,False,False
006208,2022-10-26 10:24:07.847743,0.0,-0.0017873100983021306,0.0,-0.10000000000000142,55.85,55.9,55.9,55.95,3.0,73.0,1239.0,4320.0,False,False
006208,2022-10-26 10:24:08.743099,0.0,-0.0017873100983021306,0.0,-0.10000000000000142,55.85,55.9,55.9,55.95,3.0,73.0,1239.0,4320.0,False,False
006208,2022-10-26 10:24:08.760748,0.0,-0.0017873100983021306,0.0,-0.10000000000000142,55.85,55.9,55.9,55.95,3.0,73.0,1239.0,4320.0,False,False
006208,2022-10-26 10:24:09.318477,0.0,-0.0017873100983021306,0.0,-0.10000000000000142,55.85,55.9,55.9,55.95,3.0,73.0,1239.0,4320.0,False,False
006208,2022-10-26 10:24:09.327871,0.0,-0.0017873100983021306,0.0,-0.10000000000000142,55.85,55.9,55.9,55.95,3.0,73.0,1239.0,4320.0,False,False
006208,2022-10-26 10:24:09.484724,0.0,-0.0017873100983021306,0.0,-0.10000000000000142,55.85,55.9,55.9,55.95,3.0,73.0,1239.0,4320.0,False,False
006208,2022-10-26 10:24:09.496974,0.0,-0.0017873100983021306,0.0,-0.10000000000000142,55.85,55.9,55.9,55.95,3.0,73.0,1239.0,4320.0,False,False
006208,2022-10-26 10:24:10.578052,0.0,-0.0017873100983021306,0.0,-0.10000000000000142,55.85,55.9,55.9,55.95,3.0,72.0,1239.0,4320.0,False,False
006208,2022-10-26 10:24:12.225087,0.0,-0.0017873100983021306,0.0,-0.10000000000000142,55.85,55.9,55.9,55.95,3.0,72.0,1239.0,4320.0,False,False
006208,2022-10-26 10:24:12.225188,0.0,-0.0017873100983021306,0.0,-0.10000000000000142,55.85,55.9,55.9,55.95,3.0,72.0,1239.0,4320.0,False,False
006208,2022-10-26 10:24:12.957549,0.0,-0.0017873100983021306,0.0,-0.10000000000000142,55.85,55.9,55.9,55.95,3.0,72.0,1239.0,4320.0,False,False
006208,2022-10-26 10:24:12.957652,0.0,-0.0017873100983021306,0.0,-0.10000000000000142,55.85,55.9,55.9,55.95,3.0,72.0,1239.0,4320.0,False,False
006208,2022-10-26 10:24:13.713303,0.0,-0.0017873100983021306,0.0,-0.10000000000000142,55.85,55.9,55.9,55.95,3.0,72.0,1239.0,4320.0,False,False
006208,2022-10-26 10:24:13.713433,0.0,-0.0017873100983021306,0.0,-0.10000000000000142,55.85,55.9,55.9,55.95,3.0,72.0,1239.0,4320.0,False,False
006208,2022-10-26 10:24:15.166976,0.0,-0.0017873100983021306,0.0,-0.10000000000000142,55.85,55.9,55.9,55.95,3.0,71.0,1239.0,4320.0,False,False
006208,2022-10-26 10:24:15.783252,0.0,-0.0017873100983021306,0.0,-0.10000000000000142,55.85,55.9,55.9,55.95,3.0,71.0,1243.0,4320.0,True,True
006208,2022-10-26 10:24:16.081041,0.0,-0.0017873100983021306,0.0,-0.10000000000000142,55.85,55.9,55.9,55.95,3.0,71.0,1243.0,4320.0,False,False
006208,2022-10-26 10:24:19.445350,0.0,-0.0017873100983021306,0.0,-0.10000000000000142,55.85,55.9,55.9,55.95,3.0,71.0,1243.0,4320.0,False,False
006208,2022-10-26 10:24:19.448353,0.0,-0.0017873100983021306,0.0,-0.10000000000000142,55.85,55.9,55.9,55.95,3.0,71.0,1243.0,4320.0,False,False
006208,2022-10-26 10:24:19.584857,0.0,-0.0017873100983021306,0.0,-0.10000000000000142,55.85,55.9,55.9,55.95,3.0,71.0,1243.0,4320.0,False,False
006208,2022-10-26 10:24:20.598625,0.0,-0.0017873100983021306,0.0,-0.10000000000000142,55.85,55.9,55.9,55.95,3.0,70.0,1243.0,4320.0,False,False
006208,2022-10-26 10:24:20.742475,0.0,-0.0017873100983021306,0.0,-0.10000000000000142,55.85,55.9,55.9,55.95,3.0,70.0,1243.0,4320.0,False,False
006208,2022-10-26 10:24:20.742586,0.0,-0.0017873100983021306,0.0,-0.10000000000000142,55.85,55.9,55.9,55.95,3.0,70.0,1243.0,4320.0,False,False
006208,2022-10-26 10:24:20.777257,0.0,-0.0017873100983021306,0.0,-0.10000000000000142,55.85,55.9,55.9,55.95,3.0,70.0,1243.0,4320.0,False,False
006208,2022-10-26 10:24:21.170585,0.0,-0.0017873100983021306,0.0,-0.10000000000000142,55.85,55.9,55.9,55.95,4.0,70.0,1243.0,4320.0,False,False
006208,2022-10-26 10:24:21.554335,0.0,-0.0017873100983021306,0.0,-0.10000000000000142,55.85,55.9,55.9,55.95,4.0,70.0,1243.0,4320.0,False,False
006208,2022-10-26 10:24:22.993640,0.0,-0.0017873100983021306,0.0,-0.10000000000000142,55.85,55.9,55.9,55.95,5.0,70.0,1243.0,4320.0,False,False
006208,2022-10-26 10:24:25.689662,0.0,-0.0017873100983021306,0.0,-0.10000000000000142,55.85,55.9,55.9,55.95,5.0,70.0,1243.0,4320.0,False,False
006208,2022-10-26 10:24:25.689768,0.0,-0.0017873100983021306,0.0,-0.10000000000000142,55.85,55.9,55.9,55.95,5.0,70.0,1243.0,4320.0,False,False
006208,2022-10-26 10:24:25.821230,0.0,-0.0017873100983021306,0.0,-0.10000000000000142,55.85,55.9,55.9,55.95,5.0,70.0,1396.0,4320.0,True,True
006208,2022-10-26 10:24:29.509347,0.0,-0.0017873100983021306,0.0,-0.10000000000000142,55.85,55.9,55.9,55.95,5.0,70.0,1396.0,4320.0,False,False
006208,2022-10-26 10:24:29.576083,0.0,-0.0017873100983021306,0.0,-0.10000000000000142,55.85,55.9,55.9,55.95,5.0,70.0,1396.0,4320.0,False,False
006208,2022-10-26 10:24:29.710451,0.0,-0.0017873100983021306,0.0,-0.10000000000000142,55.85,55.9,55.9,55.95,5.0,70.0,1396.0,4320.0,False,False
006208,2022-10-26 10:24:30.342405,0.0,-0.0017873100983021306,0.0,-0.10000000000000142,55.85,55.9,55.9,55.95,5.0,70.0,1396.0,4320.0,False,False
006208,2022-10-26 10:24:30.342493,0.0,-0.0017873100983021306,0.0,-0.10000000000000142,55.85,55.9,55.9,55.95,5.0,70.0,1396.0,4320.0,False,False
006208,2022-10-26 10:24:30.572735,0.0,-0.0017873100983021306,0.0,-0.10000000000000142,55.85,55.9,55.9,55.95,5.0,69.0,1396.0,4320.0,False,False
006208,2022-10-26 10:24:34.684144,0.0,-0.0017873100983021306,0.0,-0.10000000000000142,55.85,55.9,55.9,55.95,5.0,69.0,1396.0,4320.0,False,False
006208,2022-10-26 10:24:34.695658,0.0,-0.0017873100983021306,0.0,-0.10000000000000142,55.85,55.9,55.9,55.95,5.0,69.0,1396.0,4320.0,False,False
006208,2022-10-26 10:24:35.862494,0.0,-0.0017873100983021306,0.0,-0.10000000000000142,55.85,55.9,55.9,55.95,5.0,69.0,1396.0,4320.0,True,True
006208,2022-10-26 10:24:37.841788,0.0,-0.0017873100983021306,0.0,-0.10000000000000142,55.85,55.9,55.9,55.95,5.0,69.0,1396.0,4320.0,False,False
006208,2022-10-26 10:24:37.848823,0.0,-0.0017873100983021306,0.0,-0.10000000000000142,55.85,55.9,55.9,55.95,5.0,69.0,1396.0,4320.0,False,False
006208,2022-10-26 10:24:39.698114,0.0,-0.0017873100983021306,0.0,-0.10000000000000142,55.85,55.9,55.9,55.95,5.0,69.0,1396.0,4320.0,False,False
006208,2022-10-26 10:24:39.704042,0.0,-0.0017873100983021306,0.0,-0.10000000000000142,55.85,55.9,55.9,55.95,5.0,69.0,1396.0,4320.0,False,False
006208,2022-10-26 10:24:39.841050,0.0,-0.0017873100983021306,0.0,-0.10000000000000142,55.85,55.9,55.9,55.95,5.0,69.0,1396.0,4320.0,False,False
006208,2022-10-26 10:24:44.201541,0.0,-0.0017873100983021306,0.0,-0.10000000000000142,55.85,55.9,55.9,55.95,5.0,69.0,1396.0,4320.0,False,False
006208,2022-10-26 10:24:45.824359,0.0,-0.0017873100983021306,0.0,-0.10000000000000142,55.85,55.9,55.9,55.95,5.0,69.0,1396.0,4320.0,False,False
006208,2022-10-26 10:24:45.854358,0.0,-0.0017873100983021306,0.0,-0.10000000000000142,55.85,55.9,55.9,55.95,5.0,69.0,1396.0,4320.0,False,False
006208,2022-10-26 10:24:46.855295,0.0,-0.0017873100983021306,0.0,-0.10000000000000142,55.85,55.9,55.9,55.95,5.0,169.0,1396.0,4320.0,False,False
006208,2022-10-26 10:24:46.919763,0.0,-0.0017873100983021306,0.0,-0.10000000000000142,55.85,55.9,55.9,55.95,5.0,169.0,1396.0,4320.0,False,False
006208,2022-10-26 10:24:46.930446,0.0,-0.0017873100983021306,0.0,-0.10000000000000142,55.85,55.9,55.9,55.95,5.0,169.0,1396.0,4320.0,False,False
006208,2022-10-26 10:24:48.230521,0.0,-0.0017873100983021306,0.0,-0.10000000000000142,55.85,55.9,55.9,55.95,5.0,168.0,1396.0,4320.0,False,False
006208,2022-10-26 10:24:49.829405,0.0,-0.0017873100983021306,0.0,-0.10000000000000142,55.85,55.9,55.9,55.95,5.0,168.0,1396.0,4320.0,False,False
006208,2022-10-26 10:24:49.832798,0.0,-0.0017873100983021306,0.0,-0.10000000000000142,55.85,55.9,55.9,55.95,5.0,168.0,1396.0,4320.0,False,False
006208,2022-10-26 10:24:49.964933,0.0,-0.0017873100983021306,0.0,-0.10000000000000142,55.85,55.9,55.9,55.95,5.0,168.0,1396.0,4320.0,False,False
006208,2022-10-26 10:24:50.582813,0.0,-0.0017873100983021306,0.0,-0.10000000000000142,55.85,55.9,55.9,55.95,5.0,167.0,1396.0,4320.0,False,False
006208,2022-10-26 10:24:52.838339,0.0,-0.0017873100983021306,0.0,-0.10000000000000142,55.85,55.9,55.9,55.95,5.0,167.0,1396.0,4320.0,False,False
006208,2022-10-26 10:24:55.927205,0.0,-0.0017873100983021306,0.0,-0.10000000000000142,55.85,55.9,55.9,55.95,5.0,167.0,1646.0,4320.0,True,True
006208,2022-10-26 10:24:56.343929,0.0,-0.0017873100983021306,0.0,-0.10000000000000142,55.85,55.9,55.9,55.95,5.0,167.0,1646.0,4320.0,False,False
006208,2022-10-26 10:24:58.916972,0.0,-0.0017873100983021306,0.0,-0.10000000000000142,55.85,55.9,55.9,55.95,5.0,167.0,1646.0,4320.0,False,False
006208,2022-10-26 10:24:58.950657,0.0,-0.0017873100983021306,0.0,-0.10000000000000142,55.85,55.9,55.9,55.95,5.0,67.0,1646.0,4320.0,False,False
006208,2022-10-26 10:24:59.896207,0.0,-0.0017873100983021306,0.0,-0.10000000000000142,55.85,55.9,55.9,55.95,5.0,67.0,1646.0,4320.0,False,False
006208,2022-10-26 10:24:59.944491,0.0,-0.0017873100983021306,0.0,-0.10000000000000142,55.85,55.9,55.9,55.95,5.0,167.0,1646.0,4320.0,False,False
006208,2022-10-26 10:25:00.062156,0.0,-0.0017873100983021306,0.0,-0.10000000000000142,55.85,55.9,55.9,55.95,5.0,167.0,1646.0,4320.0,False,False
006208,2022-10-26 10:25:00.110418,0.0,-0.0017873100983021306,0.0,-0.10000000000000142,55.85,55.9,55.9,55.95,5.0,167.0,1646.0,4320.0,False,False
006208,2022-10-26 10:25:00.453257,0.0,-0.0017873100983021306,0.0,-0.10000000000000142,55.85,55.9,55.9,55.95,5.0,167.0,1646.0,4320.0,False,False
006208,2022-10-26 10:25:00.536553,0.0,-0.0017873100983021306,0.0,-0.10000000000000142,55.85,55.9,55.9,55.95,5.0,166.0,1646.0,4320.0,False,False
006208,2022-10-26 10:25:01.573461,0.0,-0.0017873100983021306,0.0,-0.10000000000000142,55.85,55.9,55.9,55.95,5.0,166.0,1646.0,4320.0,False,False
006208,2022-10-26 10:25:01.607926,0.0,-0.0017873100983021306,0.0,-0.10000000000000142,55.85,55.9,55.9,55.95,5.0,66.0,1646.0,4320.0,False,False
006208,2022-10-26 10:25:01.838816,0.0,-0.0017873100983021306,0.0,-0.10000000000000142,55.85,55.9,55.9,55.95,5.0,66.0,1646.0,4320.0,False,False
006208,2022-10-26 10:25:01.838959,0.0,-0.0017873100983021306,0.0,-0.10000000000000142,55.85,55.9,55.9,55.95,5.0,66.0,1646.0,4320.0,False,False
006208,2022-10-26 10:25:01.985151,0.0,-0.0017873100983021306,0.0,-0.10000000000000142,55.85,55.9,55.9,55.95,5.0,66.0,1646.0,4320.0,False,False
006208,2022-10-26 10:25:02.428823,0.0,-0.0017873100983021306,0.0,-0.10000000000000142,55.85,55.9,55.9,55.95,6.0,66.0,1646.0,4320.0,False,False
006208,2022-10-26 10:25:02.602645,0.0,-0.0017873100983021306,0.0,-0.10000000000000142,55.85,55.9,55.9,55.95,6.0,66.0,1646.0,4320.0,False,False
006208,2022-10-26 10:25:02.690287,0.0,-0.0017873100983021306,0.0,-0.10000000000000142,55.85,55.9,55.9,55.95,5.0,66.0,1646.0,4320.0,False,False
006208,2022-10-26 10:25:04.108248,0.0,-0.0017873100983021306,0.0,-0.10000000000000142,55.85,55.9,55.9,55.95,5.0,66.0,1646.0,4320.0,False,False
006208,2022-10-26 10:25:04.108365,0.0,-0.0017873100983021306,0.0,-0.10000000000000142,55.85,55.9,55.9,55.95,5.0,66.0,1646.0,4320.0,False,False
006208,2022-10-26 10:25:04.292940,0.0,-0.0017873100983021306,0.0,-0.10000000000000142,55.85,55.9,55.9,55.95,5.0,66.0,1646.0,4320.0,False,False
006208,2022-10-26 10:25:04.308488,0.0,-0.0017873100983021306,0.0,-0.10000000000000142,55.85,55.9,55.9,55.95,5.0,66.0,1646.0,4320.0,False,False
006208,2022-10-26 10:25:05.301738,0.0,-0.0017873100983021306,0.0,-0.10000000000000142,55.85,55.9,55.9,55.95,5.0,66.0,1648.0,4320.0,False,True
006208,2022-10-26 10:25:05.304317,0.0,-0.0017873100983021306,0.0,-0.10000000000000142,55.85,55.9,55.9,55.95,5.0,166.0,1648.0,4320.0,False,False
006208,2022-10-26 10:25:06.214533,0.0,-0.0017873100983021306,0.0,-0.10000000000000142,55.85,55.9,55.9,55.95,5.0,166.0,1648.0,4320.0,False,False
006208,2022-10-26 10:25:06.246756,0.0,-0.0017873100983021306,0.0,-0.10000000000000142,55.85,55.9,55.9,55.95,5.0,66.0,1648.0,4320.0,False,False
006208,2022-10-26 10:25:06.420150,0.0,-0.0017873100983021306,0.0,-0.10000000000000142,55.85,55.9,55.9,55.95,5.0,66.0,1648.0,4320.0,False,False
006208,2022-10-26 10:25:06.425126,0.0,-0.0017873100983021306,0.0,-0.10000000000000142,55.85,55.9,55.9,55.95,5.0,66.0,1648.0,4320.0,False,False
006208,2022-10-26 10:25:06.788792,0.0,-0.0017873100983021306,0.0,-0.10000000000000142,55.85,55.9,55.9,55.95,5.0,44.0,1648.0,4320.0,False,False
006208,2022-10-26 10:25:07.043559,0.0,-0.0017873100983021306,0.0,-0.10000000000000142,55.85,55.9,55.9,55.95,5.0,44.0,1648.0,4320.0,False,False
006208,2022-10-26 10:25:07.048630,0.0,-0.0017873100983021306,0.0,-0.10000000000000142,55.85,55.9,55.9,55.95,35.0,44.0,1648.0,4320.0,False,False
006208,2022-10-26 10:25:07.242744,0.0,-0.0017873100983021306,0.0,-0.10000000000000142,55.85,55.9,55.9,55.95,35.0,44.0,1648.0,4320.0,False,False
006208,2022-10-26 10:25:08.150339,0.0,-0.0017873100983021306,0.0,-0.10000000000000142,55.85,55.9,55.9,55.95,35.0,44.0,1648.0,4320.0,False,False
006208,2022-10-26 10:25:08.150410,0.0,-0.0017873100983021306,0.0,-0.10000000000000142,55.85,55.9,55.9,55.95,35.0,44.0,1648.0,4320.0,False,False
006208,2022-10-26 10:25:09.906971,0.0,-0.0017873100983021306,0.0,-0.10000000000000142,55.85,55.9,55.9,55.95,36.0,44.0,1648.0,4320.0,False,False
006208,2022-10-26 10:25:09.970556,0.0,-0.0017873100983021306,0.0,-0.10000000000000142,55.85,55.9,55.9,55.95,36.0,44.0,1648.0,4320.0,False,False
006208,2022-10-26 10:25:10.141898,0.0,-0.0017873100983021306,0.0,-0.10000000000000142,55.85,55.9,55.9,55.95,36.0,44.0,1648.0,4320.0,False,False
006208,2022-10-26 10:25:10.270856,0.0,-0.0017873100983021306,0.0,-0.10000000000000142,55.85,55.9,55.9,55.95,36.0,44.0,1648.0,4320.0,False,False
006208,2022-10-26 10:25:10.487249,0.0,-0.0017873100983021306,0.0,-0.10000000000000142,55.85,55.9,55.9,55.95,36.0,43.0,1648.0,4320.0,False,False
006208,2022-10-26 10:25:12.058183,0.0,-0.0017873100983021306,0.0,-0.10000000000000142,55.85,55.9,55.9,55.95,41.0,43.0,1648.0,4320.0,False,False
006208,2022-10-26 10:25:12.640067,-0.0008936550491510653,-0.0017873100983021306,-0.05000000000000426,-0.10000000000000142,55.85,55.95,55.9,55.95,41.0,159.0,1648.0,4320.0,False,False
006208,2022-10-26 10:25:12.738468,-0.0008936550491510653,-0.0017873100983021306,-0.05000000000000426,-0.10000000000000142,55.85,55.95,55.9,55.95,41.0,194.0,1648.0,4320.0,False,False
006208,2022-10-26 10:25:12.867250,-0.0008936550491510653,-0.0017873100983021306,-0.05000000000000426,-0.10000000000000142,55.85,55.95,55.9,55.95,41.0,194.0,1648.0,4320.0,False,False
006208,2022-10-26 10:25:12.960160,-0.0008936550491510653,-0.0017873100983021306,-0.05000000000000426,-0.10000000000000142,55.85,55.95,55.9,55.95,41.0,194.0,1648.0,4320.0,False,False
006208,2022-10-26 10:25:13.882436,-0.0008936550491510653,-0.0008936550491510653,-0.05000000000000426,-0.05000000000000426,55.9,55.95,55.9,55.95,1.0,194.0,1648.0,4320.0,False,False
006208,2022-10-26 10:25:13.920614,-0.0008936550491510653,-0.0017873100983021306,-0.05000000000000426,-0.10000000000000142,55.85,55.95,55.9,55.95,41.0,194.0,1648.0,4320.0,False,False
006208,2022-10-26 10:25:13.963824,-0.0008936550491510653,-0.0017873100983021306,-0.05000000000000426,-0.10000000000000142,55.85,55.95,55.9,55.95,41.0,194.0,1648.0,4320.0,False,False
006208,2022-10-26 10:25:14.518095,-0.0008936550491510653,-0.0017873100983021306,-0.05000000000000426,-0.10000000000000142,55.85,55.95,55.9,55.95,41.0,194.0,1648.0,4320.0,False,False
006208,2022-10-26 10:25:14.538116,-0.0008936550491510653,-0.0017873100983021306,-0.05000000000000426,-0.10000000000000142,55.85,55.95,55.9,55.95,41.0,194.0,1648.0,4320.0,False,False
006208,2022-10-26 10:25:15.476202,-0.0008936550491510653,-0.0017873100983021306,-0.05000000000000426,-0.10000000000000142,55.85,55.95,55.9,55.95,41.0,194.0,1648.0,4320.0,False,False
006208,2022-10-26 10:25:15.501898,-0.0008936550491510653,-0.0017873100983021306,-0.05000000000000426,-0.10000000000000142,55.85,55.95,55.9,55.95,41.0,194.0,1748.0,4310.0,True,True
006208,2022-10-26 10:25:15.489274,-0.0008936550491510653,-0.0017873100983021306,-0.05000000000000426,-0.10000000000000142,55.85,55.95,55.9,55.95,41.0,194.0,1748.0,4310.0,False,False
006208,2022-10-26 10:25:15.679048,-0.0008936550491510653,-0.0017873100983021306,-0.05000000000000426,-0.10000000000000142,55.85,55.95,55.9,55.95,41.0,194.0,1748.0,4310.0,False,False
006208,2022-10-26 10:25:15.697326,-0.0008936550491510653,-0.0017873100983021306,-0.05000000000000426,-0.10000000000000142,55.85,55.95,55.9,55.95,41.0,194.0,1748.0,4310.0,False,False
006208,2022-10-26 10:25:16.813758,-0.0008936550491510653,-0.0008936550491510653,-0.05000000000000426,-0.05000000000000426,55.9,55.95,55.9,55.95,2.0,194.0,1748.0,4310.0,False,False
006208,2022-10-26 10:25:16.849685,-0.0008936550491510653,-0.0008936550491510653,-0.05000000000000426,-0.05000000000000426,55.9,55.95,55.9,55.95,2.0,194.0,1748.0,4310.0,False,False
006208,2022-10-26 10:25:16.900792,-0.0008936550491510653,-0.0008936550491510653,-0.05000000000000426,-0.05000000000000426,55.9,55.95,55.9,55.95,2.0,194.0,1748.0,4310.0,False,False
006208,2022-10-26 10:25:17.117978,-0.0008936550491510653,-0.0008936550491510653,-0.05000000000000426,-0.05000000000000426,55.9,55.95,55.9,55.95,2.0,194.0,1748.0,4310.0,False,False
006208,2022-10-26 10:25:17.560704,-0.0008936550491510653,-0.0008936550491510653,-0.05000000000000426,-0.05000000000000426,55.9,55.95,55.9,55.95,2.0,194.0,1748.0,4310.0,False,False
006208,2022-10-26 10:25:17.572519,-0.0008936550491510653,-0.0008936550491510653,-0.05000000000000426,-0.05000000000000426,55.9,55.95,55.9,55.95,2.0,194.0,1748.0,4310.0,False,False
006208,2022-10-26 10:25:18.421775,-0.0008936550491510653,-0.0008936550491510653,-0.05000000000000426,-0.05000000000000426,55.9,55.95,55.9,55.95,2.0,194.0,1748.0,4310.0,False,False
006208,2022-10-26 10:25:18.520743,-0.0008936550491510653,-0.0008936550491510653,-0.05000000000000426,-0.05000000000000426,55.9,55.95,55.9,55.95,2.0,194.0,1748.0,4310.0,False,False
006208,2022-10-26 10:25:18.545983,-0.0008936550491510653,-0.0008936550491510653,-0.05000000000000426,-0.05000000000000426,55.9,55.95,55.9,55.95,2.0,194.0,1748.0,4310.0,False,False
006208,2022-10-26 10:25:19.938536,-0.0008936550491510653,-0.0017873100983021306,-0.05000000000000426,-0.10000000000000142,55.85,55.95,55.9,55.95,81.0,194.0,1748.0,4310.0,False,False
006208,2022-10-26 10:25:19.973633,-0.0008936550491510653,-0.0017873100983021306,-0.05000000000000426,-0.10000000000000142,55.85,55.95,55.9,55.95,81.0,194.0,1748.0,4310.0,False,False
006208,2022-10-26 10:25:20.009902,-0.0008936550491510653,-0.0017873100983021306,-0.05000000000000426,-0.10000000000000142,55.85,55.95,55.9,55.95,81.0,194.0,1748.0,4310.0,False,False
006208,2022-10-26 10:25:20.049578,-0.0008936550491510653,-0.0017873100983021306,-0.05000000000000426,-0.10000000000000142,55.85,55.95,55.9,55.95,41.0,194.0,1748.0,4310.0,False,False
006208,2022-10-26 10:25:20.177786,-0.0008936550491510653,-0.0017873100983021306,-0.05000000000000426,-0.10000000000000142,55.85,55.95,55.9,55.95,41.0,194.0,1748.0,4310.0,False,False
006208,2022-10-26 10:25:20.443909,-0.0008936550491510653,-0.0017873100983021306,-0.05000000000000426,-0.10000000000000142,55.85,55.95,55.9,55.95,41.0,193.0,1748.0,4310.0,False,False
006208,2022-10-26 10:25:21.119515,-0.0008936550491510653,-0.0017873100983021306,-0.05000000000000426,-0.10000000000000142,55.85,55.95,55.9,55.95,11.0,193.0,1748.0,4310.0,False,False
006208,2022-10-26 10:25:21.214988,-0.0008936550491510653,-0.0017873100983021306,-0.05000000000000426,-0.10000000000000142,55.85,55.95,55.9,55.95,11.0,193.0,1748.0,4310.0,False,False
006208,2022-10-26 10:25:21.384956,-0.0008936550491510653,-0.0017873100983021306,-0.05000000000000426,-0.10000000000000142,55.85,55.95,55.9,55.95,11.0,193.0,1748.0,4310.0,False,False
006208,2022-10-26 10:25:21.398687,-0.0008936550491510653,-0.0017873100983021306,-0.05000000000000426,-0.10000000000000142,55.85,55.95,55.9,55.95,11.0,193.0,1748.0,4310.0,False,False
006208,2022-10-26 10:25:21.631727,-0.0008936550491510653,-0.0017873100983021306,-0.05000000000000426,-0.10000000000000142,55.85,55.95,55.9,55.95,11.0,193.0,1748.0,4310.0,False,False
006208,2022-10-26 10:25:21.641362,-0.0008936550491510653,-0.0017873100983021306,-0.05000000000000426,-0.10000000000000142,55.85,55.95,55.9,55.95,11.0,193.0,1748.0,4310.0,False,False
006208,2022-10-26 10:25:22.058894,-0.0008936550491510653,-0.0017873100983021306,-0.05000000000000426,-0.10000000000000142,55.85,55.95,55.9,55.95,11.0,192.0,1748.0,4310.0,False,False
006208,2022-10-26 10:25:22.069450,-0.0008936550491510653,-0.0017873100983021306,-0.05000000000000426,-0.10000000000000142,55.85,55.95,55.9,55.95,11.0,192.0,1748.0,4310.0,False,False
006208,2022-10-26 10:25:22.069635,-0.0008936550491510653,-0.0017873100983021306,-0.05000000000000426,-0.10000000000000142,55.85,55.95,55.9,55.95,11.0,192.0,1748.0,4310.0,False,False
006208,2022-10-26 10:25:22.811999,-0.0008936550491510653,-0.0017873100983021306,-0.05000000000000426,-0.10000000000000142,55.85,55.95,55.9,55.95,11.0,192.0,1748.0,4310.0,False,False
006208,2022-10-26 10:25:22.812217,-0.0008936550491510653,-0.0017873100983021306,-0.05000000000000426,-0.10000000000000142,55.85,55.95,55.9,55.95,11.0,192.0,1748.0,4310.0,False,False
006208,2022-10-26 10:25:25.247161,-0.0008936550491510653,-0.0017873100983021306,-0.05000000000000426,-0.10000000000000142,55.85,55.95,55.9,55.95,11.0,192.0,1748.0,4310.0,False,False
006208,2022-10-26 10:25:25.254626,-0.0008936550491510653,-0.0017873100983021306,-0.05000000000000426,-0.10000000000000142,55.85,55.95,55.9,55.95,11.0,192.0,1748.0,4310.0,False,False
006208,2022-10-26 10:25:25.473772,-0.0008936550491510653,-0.0017873100983021306,-0.05000000000000426,-0.10000000000000142,55.85,55.95,55.9,55.95,11.0,192.0,1748.0,4310.0,False,False
006208,2022-10-26 10:25:25.512751,-0.0008936550491510653,-0.0017873100983021306,-0.05000000000000426,-0.10000000000000142,55.85,55.95,55.9,55.95,11.0,192.0,1748.0,4310.0,True,True
006208,2022-10-26 10:25:25.604993,-0.0008936550491510653,-0.0017873100983021306,-0.05000000000000426,-0.10000000000000142,55.85,55.95,55.9,55.95,11.0,192.0,1748.0,4310.0,False,False
006208,2022-10-26 10:25:25.843268,-0.0008936550491510653,-0.0017873100983021306,-0.05000000000000426,-0.10000000000000142,55.85,55.95,55.9,55.95,11.0,192.0,1748.0,4310.0,False,False
006208,2022-10-26 10:25:25.847520,-0.0008936550491510653,-0.0017873100983021306,-0.05000000000000426,-0.10000000000000142,55.85,55.95,55.9,55.95,11.0,192.0,1748.0,4310.0,False,False
006208,2022-10-26 10:25:30.144980,-0.0008936550491510653,-0.0017873100983021306,-0.05000000000000426,-0.10000000000000142,55.85,55.95,55.9,55.95,11.0,192.0,1748.0,4310.0,False,False
006208,2022-10-26 10:25:30.156411,-0.0008936550491510653,-0.0017873100983021306,-0.05000000000000426,-0.10000000000000142,55.85,55.95,55.9,55.95,11.0,192.0,1748.0,4310.0,False,False
006208,2022-10-26 10:25:30.341867,-0.0008936550491510653,-0.0017873100983021306,-0.05000000000000426,-0.10000000000000142,55.85,55.95,55.9,55.95,11.0,192.0,1748.0,4310.0,False,False
006208,2022-10-26 10:25:30.442182,-0.0008936550491510653,-0.0017873100983021306,-0.05000000000000426,-0.10000000000000142,55.85,55.95,55.9,55.95,11.0,191.0,1748.0,4310.0,False,False
006208,2022-10-26 10:25:31.486620,-0.0008936550491510653,-0.0017873100983021306,-0.05000000000000426,-0.10000000000000142,55.85,55.95,55.9,55.95,11.0,191.0,1748.0,4310.0,False,False
006208,2022-10-26 10:25:31.574673,-0.0008936550491510653,-0.0017873100983021306,-0.05000000000000426,-0.10000000000000142,55.85,55.95,55.9,55.95,11.0,191.0,1748.0,4310.0,False,False
006208,2022-10-26 10:25:32.531130,-0.0008936550491510653,-0.0008936550491510653,-0.05000000000000426,-0.05000000000000426,55.9,55.95,55.9,55.95,3.0,191.0,1748.0,4310.0,False,False
006208,2022-10-26 10:25:32.554632,-0.0008936550491510653,-0.0017873100983021306,-0.05000000000000426,-0.10000000000000142,55.85,55.95,55.9,55.95,11.0,191.0,1748.0,4310.0,False,False
006208,2022-10-26 10:25:32.587249,-0.0008936550491510653,-0.0017873100983021306,-0.05000000000000426,-0.10000000000000142,55.85,55.95,55.9,55.95,11.0,191.0,1748.0,4310.0,False,False
006208,2022-10-26 10:25:32.737937,-0.0008936550491510653,-0.0017873100983021306,-0.05000000000000426,-0.10000000000000142,55.85,55.95,55.9,55.95,11.0,191.0,1748.0,4310.0,False,False
006208,2022-10-26 10:25:32.738075,-0.0008936550491510653,-0.0017873100983021306,-0.05000000000000426,-0.10000000000000142,55.85,55.95,55.9,55.95,11.0,191.0,1748.0,4310.0,False,False
006208,2022-10-26 10:25:35.537542,-0.0008936550491510653,-0.0017873100983021306,-0.05000000000000426,-0.10000000000000142,55.85,55.95,55.9,55.95,11.0,191.0,1748.0,4310.0,True,True
006208,2022-10-26 10:25:36.707896,-0.0008936550491510653,-0.0017873100983021306,-0.05000000000000426,-0.10000000000000142,55.85,55.95,55.9,55.95,11.0,191.0,1748.0,4310.0,False,False
006208,2022-10-26 10:25:36.711198,-0.0008936550491510653,-0.0017873100983021306,-0.05000000000000426,-0.10000000000000142,55.85,55.95,55.9,55.95,11.0,191.0,1748.0,4310.0,False,False
006208,2022-10-26 10:25:37.805994,-0.0008936550491510653,-0.0017873100983021306,-0.05000000000000426,-0.10000000000000142,55.85,55.95,55.9,55.95,11.0,191.0,1748.0,4310.0,False,False
006208,2022-10-26 10:25:37.806074,-0.0008936550491510653,-0.0017873100983021306,-0.05000000000000426,-0.10000000000000142,55.85,55.95,55.9,55.95,11.0,191.0,1748.0,4310.0,False,False
006208,2022-10-26 10:25:40.261383,-0.0008936550491510653,-0.0017873100983021306,-0.05000000000000426,-0.10000000000000142,55.85,55.95,55.9,55.95,11.0,191.0,1748.0,4310.0,False,False
006208,2022-10-26 10:25:40.264507,-0.0008936550491510653,-0.0017873100983021306,-0.05000000000000426,-0.10000000000000142,55.85,55.95,55.9,55.95,11.0,191.0,1748.0,4310.0,False,False
006208,2022-10-26 10:25:40.400405,-0.0008936550491510653,-0.0017873100983021306,-0.05000000000000426,-0.10000000000000142,55.85,55.95,55.9,55.95,11.0,191.0,1748.0,4310.0,False,False
006208,2022-10-26 10:25:45.568325,-0.0008936550491510653,-0.0017873100983021306,-0.05000000000000426,-0.10000000000000142,55.85,55.95,55.9,55.95,11.0,191.0,1848.0,4185.0,True,True
006208,2022-10-26 10:25:48.014305,-0.0008936550491510653,-0.0017873100983021306,-0.05000000000000426,-0.10000000000000142,55.85,55.95,55.9,55.95,11.0,191.0,1848.0,4185.0,False,False
006208,2022-10-26 10:25:48.014399,-0.0008936550491510653,-0.0017873100983021306,-0.05000000000000426,-0.10000000000000142,55.85,55.95,55.9,55.95,11.0,191.0,1848.0,4185.0,False,False
006208,2022-10-26 10:25:48.351227,-0.0008936550491510653,-0.0017873100983021306,-0.05000000000000426,-0.10000000000000142,55.85,55.95,55.9,55.95,81.0,191.0,1848.0,4185.0,False,False
006208,2022-10-26 10:25:49.037190,-0.0008936550491510653,-0.0017873100983021306,-0.05000000000000426,-0.10000000000000142,55.85,55.95,55.9,55.95,81.0,191.0,1848.0,4185.0,False,False
006208,2022-10-26 10:25:49.037357,-0.0008936550491510653,-0.0017873100983021306,-0.05000000000000426,-0.10000000000000142,55.85,55.95,55.9,55.95,81.0,191.0,1848.0,4185.0,False,False
006208,2022-10-26 10:25:50.376013,-0.0008936550491510653,-0.0017873100983021306,-0.05000000000000426,-0.10000000000000142,55.85,55.95,55.9,55.95,81.0,191.0,1848.0,4185.0,False,False
006208,2022-10-26 10:25:50.422331,-0.0008936550491510653,-0.0017873100983021306,-0.05000000000000426,-0.10000000000000142,55.85,55.95,55.9,55.95,81.0,190.0,1848.0,4185.0,False,False
006208,2022-10-26 10:25:50.381362,-0.0008936550491510653,-0.0017873100983021306,-0.05000000000000426,-0.10000000000000142,55.85,55.95,55.9,55.95,81.0,191.0,1848.0,4185.0,False,False
006208,2022-10-26 10:25:50.514772,-0.0008936550491510653,-0.0017873100983021306,-0.05000000000000426,-0.10000000000000142,55.85,55.95,55.9,55.95,81.0,190.0,1848.0,4185.0,False,False
006208,2022-10-26 10:25:51.084448,-0.0008936550491510653,-0.0017873100983021306,-0.05000000000000426,-0.10000000000000142,55.85,55.95,55.9,55.95,81.0,190.0,1848.0,4185.0,False,False
006208,2022-10-26 10:25:51.084607,-0.0008936550491510653,-0.0017873100983021306,-0.05000000000000426,-0.10000000000000142,55.85,55.95,55.9,55.95,81.0,190.0,1848.0,4185.0,False,False
006208,2022-10-26 10:25:51.932918,-0.0008936550491510653,-0.0017873100983021306,-0.05000000000000426,-0.10000000000000142,55.85,55.95,55.9,55.95,81.0,190.0,1848.0,4185.0,False,False
006208,2022-10-26 10:25:51.932934,-0.0008936550491510653,-0.0017873100983021306,-0.05000000000000426,-0.10000000000000142,55.85,55.95,55.9,55.95,81.0,190.0,1848.0,4185.0,False,False
006208,2022-10-26 10:25:54.996632,-0.0008936550491510653,-0.0017873100983021306,-0.05000000000000426,-0.10000000000000142,55.85,55.95,55.9,55.95,81.0,189.0,1848.0,4185.0,False,False
006208,2022-10-26 10:25:55.107135,-0.0008936550491510653,-0.0017873100983021306,-0.05000000000000426,-0.10000000000000142,55.85,55.95,55.9,55.95,81.0,189.0,1848.0,4185.0,False,False
006208,2022-10-26 10:25:55.120188,-0.0008936550491510653,-0.0017873100983021306,-0.05000000000000426,-0.10000000000000142,55.85,55.95,55.9,55.95,81.0,189.0,1848.0,4185.0,False,False
006208,2022-10-26 10:25:55.605308,-0.0008936550491510653,-0.0017873100983021306,-0.05000000000000426,-0.10000000000000142,55.85,55.95,55.9,55.95,81.0,189.0,1933.0,4175.0,True,True
006208,2022-10-26 10:25:56.360966,-0.0008936550491510653,-0.0017873100983021306,-0.05000000000000426,-0.10000000000000142,55.85,55.95,55.9,55.95,82.0,189.0,1933.0,4175.0,False,False
006208,2022-10-26 10:26:00.400242,-0.0008936550491510653,-0.0017873100983021306,-0.05000000000000426,-0.10000000000000142,55.85,55.95,55.9,55.95,82.0,188.0,1933.0,4175.0,False,False
006208,2022-10-26 10:26:00.494053,-0.0008936550491510653,-0.0017873100983021306,-0.05000000000000426,-0.10000000000000142,55.85,55.95,55.9,55.95,82.0,188.0,1933.0,4175.0,False,False
006208,2022-10-26 10:26:00.497942,-0.0008936550491510653,-0.0017873100983021306,-0.05000000000000426,-0.10000000000000142,55.85,55.95,55.9,55.95,82.0,188.0,1933.0,4175.0,False,False
006208,2022-10-26 10:26:00.626227,-0.0008936550491510653,-0.0017873100983021306,-0.05000000000000426,-0.10000000000000142,55.85,55.95,55.9,55.95,82.0,188.0,1933.0,4175.0,False,False
006208,2022-10-26 10:26:02.718104,-0.0008936550491510653,-0.0017873100983021306,-0.05000000000000426,-0.10000000000000142,55.85,55.95,55.9,55.95,82.0,188.0,1933.0,4175.0,False,False
006208,2022-10-26 10:26:02.718316,-0.0008936550491510653,-0.0017873100983021306,-0.05000000000000426,-0.10000000000000142,55.85,55.95,55.9,55.95,82.0,188.0,1933.0,4175.0,False,False
006208,2022-10-26 10:26:03.767552,-0.0008936550491510653,-0.0017873100983021306,-0.05000000000000426,-0.10000000000000142,55.85,55.95,55.9,55.95,82.0,188.0,1933.0,4175.0,False,False
006208,2022-10-26 10:26:05.634167,-0.0008936550491510653,-0.0017873100983021306,-0.05000000000000426,-0.10000000000000142,55.85,55.95,55.9,55.95,82.0,188.0,2299.0,4175.0,True,True
006208,2022-10-26 10:26:10.409842,-0.0008936550491510653,-0.0017873100983021306,-0.05000000000000426,-0.10000000000000142,55.85,55.95,55.9,55.95,82.0,187.0,2299.0,4175.0,False,False
006208,2022-10-26 10:26:10.610818,-0.0008936550491510653,-0.0017873100983021306,-0.05000000000000426,-0.10000000000000142,55.85,55.95,55.9,55.95,82.0,187.0,2299.0,4175.0,False,False
006208,2022-10-26 10:26:10.615808,-0.0008936550491510653,-0.0017873100983021306,-0.05000000000000426,-0.10000000000000142,55.85,55.95,55.9,55.95,82.0,187.0,2299.0,4175.0,False,False
006208,2022-10-26 10:26:10.746727,-0.0008936550491510653,-0.0017873100983021306,-0.05000000000000426,-0.10000000000000142,55.85,55.95,55.9,55.95,82.0,187.0,2299.0,4175.0,False,False
006208,2022-10-26 10:26:12.612976,-0.0008936550491510653,-0.0017873100983021306,-0.05000000000000426,-0.10000000000000142,55.85,55.95,55.9,55.95,83.0,187.0,2299.0,4175.0,False,False
006208,2022-10-26 10:26:13.145006,-0.0008936550491510653,-0.0017873100983021306,-0.05000000000000426,-0.10000000000000142,55.85,55.95,55.9,55.95,83.0,187.0,2299.0,4175.0,False,False
006208,2022-10-26 10:26:13.150419,-0.0008936550491510653,-0.0017873100983021306,-0.05000000000000426,-0.10000000000000142,55.85,55.95,55.9,55.95,83.0,187.0,2299.0,4175.0,False,False
006208,2022-10-26 10:26:15.610516,-0.0008936550491510653,-0.0017873100983021306,-0.05000000000000426,-0.10000000000000142,55.85,55.95,55.9,55.95,83.0,187.0,2299.0,4175.0,False,False
006208,2022-10-26 10:26:15.665778,-0.0008936550491510653,-0.0017873100983021306,-0.05000000000000426,-0.10000000000000142,55.85,55.95,55.9,55.95,83.0,187.0,2299.0,4175.0,True,True
006208,2022-10-26 10:26:15.624195,-0.0008936550491510653,-0.0017873100983021306,-0.05000000000000426,-0.10000000000000142,55.85,55.95,55.9,55.95,83.0,187.0,2299.0,4175.0,False,False
006208,2022-10-26 10:26:15.720785,-0.0008936550491510653,-0.0017873100983021306,-0.05000000000000426,-0.10000000000000142,55.85,55.95,55.9,55.95,83.0,187.0,2299.0,4175.0,False,False
006208,2022-10-26 10:26:16.470037,-0.0008936550491510653,-0.0017873100983021306,-0.05000000000000426,-0.10000000000000142,55.85,55.95,55.9,55.95,83.0,187.0,2299.0,4175.0,False,False
006208,2022-10-26 10:26:16.470166,-0.0008936550491510653,-0.0017873100983021306,-0.05000000000000426,-0.10000000000000142,55.85,55.95,55.9,55.95,83.0,187.0,2299.0,4175.0,False,False
006208,2022-10-26 10:26:17.843615,-0.0008936550491510653,-0.0017873100983021306,-0.05000000000000426,-0.10000000000000142,55.85,55.95,55.9,55.95,83.0,187.0,2299.0,4175.0,False,False
006208,2022-10-26 10:26:17.854855,-0.0008936550491510653,-0.0017873100983021306,-0.05000000000000426,-0.10000000000000142,55.85,55.95,55.9,55.95,83.0,187.0,2299.0,4175.0,False,False
006208,2022-10-26 10:26:18.553300,-0.0008936550491510653,-0.0017873100983021306,-0.05000000000000426,-0.10000000000000142,55.85,55.95,55.9,55.95,86.0,187.0,2299.0,4175.0,False,False
006208,2022-10-26 10:26:18.779112,-0.0008936550491510653,-0.0017873100983021306,-0.05000000000000426,-0.10000000000000142,55.85,55.95,55.9,55.95,86.0,187.0,2299.0,4175.0,False,False
006208,2022-10-26 10:26:18.779254,-0.0008936550491510653,-0.0017873100983021306,-0.05000000000000426,-0.10000000000000142,55.85,55.95,55.9,55.95,86.0,187.0,2299.0,4175.0,False,False
006208,2022-10-26 10:26:20.419829,-0.0008936550491510653,-0.0017873100983021306,-0.05000000000000426,-0.10000000000000142,55.85,55.95,55.9,55.95,86.0,186.0,2299.0,4175.0,False,False
006208,2022-10-26 10:26:20.465547,-0.0008936550491510653,-0.0017873100983021306,-0.05000000000000426,-0.10000000000000142,55.85,55.95,55.9,55.95,86.0,169.0,2299.0,4175.0,False,False
006208,2022-10-26 10:26:20.727613,-0.0008936550491510653,-0.0017873100983021306,-0.05000000000000426,-0.10000000000000142,55.85,55.95,55.9,55.95,86.0,169.0,2299.0,4175.0,False,False
006208,2022-10-26 10:26:20.735873,-0.0008936550491510653,-0.0017873100983021306,-0.05000000000000426,-0.10000000000000142,55.85,55.95,55.9,55.95,86.0,169.0,2299.0,4175.0,False,False
006208,2022-10-26 10:26:20.865661,-0.0008936550491510653,-0.0017873100983021306,-0.05000000000000426,-0.10000000000000142,55.85,55.95,55.9,55.95,86.0,169.0,2299.0,4175.0,False,False
006208,2022-10-26 10:26:25.162159,-0.0008936550491510653,-0.0017873100983021306,-0.05000000000000426,-0.10000000000000142,55.85,55.95,55.9,55.95,86.0,169.0,2299.0,4175.0,False,False
006208,2022-10-26 10:26:25.694502,-0.0008936550491510653,-0.0017873100983021306,-0.05000000000000426,-0.10000000000000142,55.85,55.95,55.9,55.95,86.0,169.0,2304.0,4171.0,True,True
006208,2022-10-26 10:26:28.517532,-0.0008936550491510653,-0.0017873100983021306,-0.05000000000000426,-0.10000000000000142,55.85,55.95,55.9,55.95,86.0,169.0,2304.0,4171.0,False,False
006208,2022-10-26 10:26:30.399128,-0.0008936550491510653,-0.0017873100983021306,-0.05000000000000426,-0.10000000000000142,55.85,55.95,55.9,55.95,86.0,168.0,2304.0,4171.0,False,False
006208,2022-10-26 10:26:30.675955,-0.0008936550491510653,-0.0017873100983021306,-0.05000000000000426,-0.10000000000000142,55.85,55.95,55.9,55.95,86.0,168.0,2304.0,4171.0,False,False
006208,2022-10-26 10:26:30.676245,-0.0008936550491510653,-0.0017873100983021306,-0.05000000000000426,-0.10000000000000142,55.85,55.95,55.9,55.95,86.0,168.0,2304.0,4171.0,False,False
006208,2022-10-26 10:26:30.844802,-0.0008936550491510653,-0.0017873100983021306,-0.05000000000000426,-0.10000000000000142,55.85,55.95,55.9,55.95,86.0,168.0,2304.0,4171.0,False,False
006208,2022-10-26 10:26:30.867610,-0.0008936550491510653,-0.0017873100983021306,-0.05000000000000426,-0.10000000000000142,55.85,55.95,55.9,55.95,86.0,168.0,2304.0,4171.0,False,False
006208,2022-10-26 10:26:30.981463,-0.0008936550491510653,-0.0017873100983021306,-0.05000000000000426,-0.10000000000000142,55.85,55.95,55.9,55.95,86.0,168.0,2304.0,4171.0,False,False
006208,2022-10-26 10:26:33.162387,-0.0008936550491510653,-0.0017873100983021306,-0.05000000000000426,-0.10000000000000142,55.85,55.95,55.9,55.95,87.0,168.0,2304.0,4171.0,False,False
006208,2022-10-26 10:26:35.607688,-0.0008936550491510653,-0.0017873100983021306,-0.05000000000000426,-0.10000000000000142,55.85,55.95,55.9,55.95,87.0,168.0,2304.0,4171.0,False,False
006208,2022-10-26 10:26:35.607987,-0.0008936550491510653,-0.0017873100983021306,-0.05000000000000426,-0.10000000000000142,55.85,55.95,55.9,55.95,87.0,168.0,2304.0,4171.0,False,False
006208,2022-10-26 10:26:36.378963,-0.0008936550491510653,-0.0017873100983021306,-0.05000000000000426,-0.10000000000000142,55.85,55.95,55.9,55.95,87.0,168.0,2304.0,4171.0,False,False
006208,2022-10-26 10:26:36.379085,-0.0008936550491510653,-0.0017873100983021306,-0.05000000000000426,-0.10000000000000142,55.85,55.95,55.9,55.95,87.0,168.0,2304.0,4171.0,False,False
006208,2022-10-26 10:26:36.991091,-0.0008936550491510653,-0.0017873100983021306,-0.05000000000000426,-0.10000000000000142,55.85,55.95,55.9,55.95,87.0,167.0,2304.0,4171.0,False,False
006208,2022-10-26 10:26:39.935419,-0.0008936550491510653,-0.0008936550491510653,-0.05000000000000426,-0.05000000000000426,55.9,55.95,55.9,55.95,1.0,167.0,2304.0,4171.0,False,False
006208,2022-10-26 10:26:39.960222,-0.0008936550491510653,-0.0017873100983021306,-0.05000000000000426,-0.10000000000000142,55.85,55.95,55.9,55.95,87.0,167.0,2304.0,4171.0,False,False
006208,2022-10-26 10:26:39.960379,-0.0008936550491510653,-0.0017873100983021306,-0.05000000000000426,-0.10000000000000142,55.85,55.95,55.9,55.95,87.0,167.0,2304.0,4171.0,False,False
006208,2022-10-26 10:26:40.050731,-0.0008936550491510653,-0.0017873100983021306,-0.05000000000000426,-0.10000000000000142,55.85,55.95,55.9,55.95,87.0,167.0,2304.0,4171.0,False,False
006208,2022-10-26 10:26:40.378773,-0.0008936550491510653,-0.0017873100983021306,-0.05000000000000426,-0.10000000000000142,55.85,55.95,55.9,55.95,87.0,166.0,2304.0,4171.0,False,False
006208,2022-10-26 10:26:40.958991,-0.0008936550491510653,-0.0017873100983021306,-0.05000000000000426,-0.10000000000000142,55.85,55.95,55.9,55.95,87.0,166.0,2304.0,4171.0,False,False
006208,2022-10-26 10:26:40.969813,-0.0008936550491510653,-0.0017873100983021306,-0.05000000000000426,-0.10000000000000142,55.85,55.95,55.9,55.95,87.0,166.0,2304.0,4171.0,False,False
006208,2022-10-26 10:26:41.103229,-0.0008936550491510653,-0.0017873100983021306,-0.05000000000000426,-0.10000000000000142,55.85,55.95,55.9,55.95,87.0,166.0,2304.0,4171.0,False,False
006208,2022-10-26 10:26:43.961968,-0.0008936550491510653,-0.0017873100983021306,-0.05000000000000426,-0.10000000000000142,55.85,55.95,55.9,55.95,87.0,166.0,2304.0,4171.0,False,False
006208,2022-10-26 10:26:44.096368,-0.0008936550491510653,-0.0017873100983021306,-0.05000000000000426,-0.10000000000000142,55.85,55.95,55.9,55.95,87.0,166.0,2304.0,4171.0,False,False
006208,2022-10-26 10:26:44.106833,-0.0008936550491510653,-0.0017873100983021306,-0.05000000000000426,-0.10000000000000142,55.85,55.95,55.9,55.95,87.0,166.0,2304.0,4171.0,False,False
006208,2022-10-26 10:26:45.199938,-0.0008936550491510653,-0.0008936550491510653,-0.05000000000000426,-0.05000000000000426,55.9,55.95,55.9,55.95,2.0,166.0,2304.0,4171.0,False,False
006208,2022-10-26 10:26:45.229295,-0.0008936550491510653,-0.0017873100983021306,-0.05000000000000426,-0.10000000000000142,55.85,55.95,55.9,55.95,87.0,166.0,2304.0,4171.0,False,False
006208,2022-10-26 10:26:45.270175,-0.0008936550491510653,-0.0017873100983021306,-0.05000000000000426,-0.10000000000000142,55.85,55.95,55.9,55.95,87.0,166.0,2304.0,4171.0,False,False
006208,2022-10-26 10:26:45.762742,-0.0008936550491510653,-0.0017873100983021306,-0.05000000000000426,-0.10000000000000142,55.85,55.95,55.9,55.95,87.0,166.0,2404.0,3921.0,True,True
006208,2022-10-26 10:26:48.713816,-0.0008936550491510653,-0.0017873100983021306,-0.05000000000000426,-0.10000000000000142,55.85,55.95,55.9,55.95,87.0,166.0,2404.0,3921.0,False,False
006208,2022-10-26 10:26:48.724432,-0.0008936550491510653,-0.0017873100983021306,-0.05000000000000426,-0.10000000000000142,55.85,55.95,55.9,55.95,87.0,166.0,2404.0,3921.0,False,False
006208,2022-10-26 10:26:48.984605,-0.0008936550491510653,-0.0017873100983021306,-0.05000000000000426,-0.10000000000000142,55.85,55.95,55.9,55.95,87.0,166.0,2404.0,3921.0,False,False
006208,2022-10-26 10:26:48.984870,-0.0008936550491510653,-0.0017873100983021306,-0.05000000000000426,-0.10000000000000142,55.85,55.95,55.9,55.95,87.0,166.0,2404.0,3921.0,False,False
006208,2022-10-26 10:26:49.764473,-0.0008936550491510653,-0.0017873100983021306,-0.05000000000000426,-0.10000000000000142,55.85,55.95,55.9,55.95,87.0,166.0,2404.0,3921.0,False,False
006208,2022-10-26 10:26:49.764603,-0.0008936550491510653,-0.0017873100983021306,-0.05000000000000426,-0.10000000000000142,55.85,55.95,55.9,55.95,87.0,166.0,2404.0,3921.0,False,False
006208,2022-10-26 10:26:51.081765,-0.0008936550491510653,-0.0017873100983021306,-0.05000000000000426,-0.10000000000000142,55.85,55.95,55.9,55.95,87.0,166.0,2404.0,3921.0,False,False
006208,2022-10-26 10:26:51.084934,-0.0008936550491510653,-0.0017873100983021306,-0.05000000000000426,-0.10000000000000142,55.85,55.95,55.9,55.95,87.0,166.0,2404.0,3921.0,False,False
006208,2022-10-26 10:26:51.216868,-0.0008936550491510653,-0.0017873100983021306,-0.05000000000000426,-0.10000000000000142,55.85,55.95,55.9,55.95,87.0,166.0,2404.0,3921.0,False,False
006208,2022-10-26 10:26:53.127326,-0.0008936550491510653,-0.0017873100983021306,-0.05000000000000426,-0.10000000000000142,55.85,55.95,55.9,55.95,87.0,166.0,2404.0,3921.0,False,False
006208,2022-10-26 10:26:53.127532,-0.0008936550491510653,-0.0017873100983021306,-0.05000000000000426,-0.10000000000000142,55.85,55.95,55.9,55.95,87.0,166.0,2404.0,3921.0,False,False
006208,2022-10-26 10:26:53.377362,-0.0008936550491510653,-0.0017873100983021306,-0.05000000000000426,-0.10000000000000142,55.85,55.95,55.9,55.95,87.0,166.0,2404.0,3921.0,False,False
006208,2022-10-26 10:26:53.377508,-0.0008936550491510653,-0.0017873100983021306,-0.05000000000000426,-0.10000000000000142,55.85,55.95,55.9,55.95,87.0,166.0,2404.0,3921.0,False,False
006208,2022-10-26 10:26:54.074658,-0.0008936550491510653,-0.0017873100983021306,-0.05000000000000426,-0.10000000000000142,55.85,55.95,55.9,55.95,87.0,166.0,2404.0,3921.0,False,False
006208,2022-10-26 10:26:54.183685,-0.0008936550491510653,-0.0017873100983021306,-0.05000000000000426,-0.10000000000000142,55.85,55.95,55.9,55.95,87.0,166.0,2404.0,3921.0,False,False
006208,2022-10-26 10:26:55.798841,-0.0008936550491510653,-0.0017873100983021306,-0.05000000000000426,-0.10000000000000142,55.85,55.95,55.9,55.95,87.0,166.0,2504.0,3921.0,True,True
006208,2022-10-26 10:26:57.455598,-0.0008936550491510653,-0.0017873100983021306,-0.05000000000000426,-0.10000000000000142,55.85,55.95,55.9,55.95,87.0,166.0,2504.0,3921.0,False,False
006208,2022-10-26 10:26:57.455623,-0.0008936550491510653,-0.0017873100983021306,-0.05000000000000426,-0.10000000000000142,55.85,55.95,55.9,55.95,87.0,166.0,2504.0,3921.0,False,False
006208,2022-10-26 10:27:00.368591,-0.0008936550491510653,-0.0017873100983021306,-0.05000000000000426,-0.10000000000000142,55.85,55.95,55.9,55.95,87.0,165.0,2504.0,3921.0,False,False
006208,2022-10-26 10:27:00.638207,-0.0008936550491510653,-0.0017873100983021306,-0.05000000000000426,-0.10000000000000142,55.85,55.95,55.9,55.95,87.0,165.0,2504.0,3921.0,False,False
006208,2022-10-26 10:27:00.675313,-0.0008936550491510653,-0.0017873100983021306,-0.05000000000000426,-0.10000000000000142,55.85,55.95,55.9,55.95,87.0,165.0,2504.0,3921.0,False,False
006208,2022-10-26 10:27:01.199893,-0.0008936550491510653,-0.0017873100983021306,-0.05000000000000426,-0.10000000000000142,55.85,55.95,55.9,55.95,87.0,165.0,2504.0,3921.0,False,False
006208,2022-10-26 10:27:01.203340,-0.0008936550491510653,-0.0017873100983021306,-0.05000000000000426,-0.10000000000000142,55.85,55.95,55.9,55.95,87.0,165.0,2504.0,3921.0,False,False
006208,2022-10-26 10:27:01.335307,-0.0008936550491510653,-0.0017873100983021306,-0.05000000000000426,-0.10000000000000142,55.85,55.95,55.9,55.95,87.0,165.0,2504.0,3921.0,False,False
006208,2022-10-26 10:27:01.661951,-0.0008936550491510653,-0.0017873100983021306,-0.05000000000000426,-0.10000000000000142,55.85,55.95,55.9,55.95,88.0,165.0,2504.0,3921.0,False,False
006208,2022-10-26 10:27:02.990466,-0.0008936550491510653,-0.0017873100983021306,-0.05000000000000426,-0.10000000000000142,55.85,55.95,55.9,55.95,88.0,165.0,2504.0,3921.0,False,False
006208,2022-10-26 10:27:03.006698,-0.0008936550491510653,-0.0017873100983021306,-0.05000000000000426,-0.10000000000000142,55.85,55.95,55.9,55.95,88.0,165.0,2504.0,3921.0,False,False
006208,2022-10-26 10:27:04.722883,-0.0008936550491510653,-0.0017873100983021306,-0.05000000000000426,-0.10000000000000142,55.85,55.95,55.9,55.95,90.0,165.0,2504.0,3921.0,False,False
006208,2022-10-26 10:27:05.836096,-0.0008936550491510653,-0.0017873100983021306,-0.05000000000000426,-0.10000000000000142,55.85,55.95,55.9,55.95,90.0,165.0,2566.0,3771.0,True,True
006208,2022-10-26 10:27:05.918801,-0.0008936550491510653,-0.0017873100983021306,-0.05000000000000426,-0.10000000000000142,55.85,55.95,55.9,55.95,90.0,165.0,2566.0,3771.0,False,False
006208,2022-10-26 10:27:05.930975,-0.0008936550491510653,-0.0017873100983021306,-0.05000000000000426,-0.10000000000000142,55.85,55.95,55.9,55.95,90.0,165.0,2566.0,3771.0,False,False
006208,2022-10-26 10:27:05.936249,-0.0008936550491510653,-0.0017873100983021306,-0.05000000000000426,-0.10000000000000142,55.85,55.95,55.9,55.95,90.0,165.0,2566.0,3771.0,False,False
006208,2022-10-26 10:27:08.030475,-0.0008936550491510653,-0.0017873100983021306,-0.05000000000000426,-0.10000000000000142,55.85,55.95,55.9,55.95,91.0,165.0,2566.0,3771.0,False,False
006208,2022-10-26 10:27:10.033462,-0.0008936550491510653,-0.0017873100983021306,-0.05000000000000426,-0.10000000000000142,55.85,55.95,55.9,55.95,91.0,164.0,2566.0,3771.0,False,False
006208,2022-10-26 10:27:10.379132,-0.0008936550491510653,-0.0017873100983021306,-0.05000000000000426,-0.10000000000000142,55.85,55.95,55.9,55.95,91.0,163.0,2566.0,3771.0,False,False
006208,2022-10-26 10:27:11.316493,-0.0008936550491510653,-0.0017873100983021306,-0.05000000000000426,-0.10000000000000142,55.85,55.95,55.9,55.95,91.0,163.0,2566.0,3771.0,False,False
006208,2022-10-26 10:27:11.319687,-0.0008936550491510653,-0.0017873100983021306,-0.05000000000000426,-0.10000000000000142,55.85,55.95,55.9,55.95,91.0,163.0,2566.0,3771.0,False,False
006208,2022-10-26 10:27:11.451581,-0.0008936550491510653,-0.0017873100983021306,-0.05000000000000426,-0.10000000000000142,55.85,55.95,55.9,55.95,91.0,163.0,2566.0,3771.0,False,False
006208,2022-10-26 10:27:15.866735,-0.0008936550491510653,-0.0017873100983021306,-0.05000000000000426,-0.10000000000000142,55.85,55.95,55.9,55.95,91.0,163.0,2566.0,3771.0,True,True
006208,2022-10-26 10:27:17.025931,-0.0008936550491510653,-0.0017873100983021306,-0.05000000000000426,-0.10000000000000142,55.85,55.95,55.9,55.95,91.0,163.0,2566.0,3771.0,False,False
006208,2022-10-26 10:27:18.026458,0.0,-0.0017873100983021306,0.0,-0.10000000000000142,55.85,55.9,55.9,55.95,91.0,100.0,2566.0,3771.0,False,False
006208,2022-10-26 10:27:18.046202,0.0,-0.0017873100983021306,0.0,-0.10000000000000142,55.85,55.9,55.9,55.95,91.0,100.0,2566.0,3771.0,False,False
006208,2022-10-26 10:27:18.088047,0.0,-0.0017873100983021306,0.0,-0.10000000000000142,55.85,55.9,55.9,55.95,91.0,100.0,2566.0,3771.0,False,False
006208,2022-10-26 10:27:18.285033,0.0,-0.0017873100983021306,0.0,-0.10000000000000142,55.85,55.9,55.9,55.95,91.0,100.0,2566.0,3771.0,False,False
006208,2022-10-26 10:27:19.551558,0.0,-0.0017873100983021306,0.0,-0.10000000000000142,55.85,55.9,55.9,55.95,91.0,100.0,2566.0,3771.0,False,False
006208,2022-10-26 10:27:19.657652,-0.0008936550491510653,-0.0017873100983021306,-0.05000000000000426,-0.10000000000000142,55.85,55.95,55.9,55.95,91.0,203.0,2566.0,3771.0,False,False
006208,2022-10-26 10:27:19.686555,-0.0008936550491510653,-0.0017873100983021306,-0.05000000000000426,-0.10000000000000142,55.85,55.95,55.9,55.95,91.0,163.0,2566.0,3771.0,False,False
006208,2022-10-26 10:27:19.872614,-0.0008936550491510653,-0.0017873100983021306,-0.05000000000000426,-0.10000000000000142,55.85,55.95,55.9,55.95,91.0,163.0,2566.0,3771.0,False,False
006208,2022-10-26 10:27:20.374325,-0.0008936550491510653,-0.0017873100983021306,-0.05000000000000426,-0.10000000000000142,55.85,55.95,55.9,55.95,91.0,162.0,2566.0,3771.0,False,False
006208,2022-10-26 10:27:20.580876,-0.0008936550491510653,-0.0017873100983021306,-0.05000000000000426,-0.10000000000000142,55.85,55.95,55.9,55.95,91.0,162.0,2566.0,3771.0,False,False
006208,2022-10-26 10:27:20.879955,-0.0008936550491510653,-0.0017873100983021306,-0.05000000000000426,-0.10000000000000142,55.85,55.95,55.9,55.95,91.0,162.0,2566.0,3771.0,False,False
006208,2022-10-26 10:27:20.911437,-0.0008936550491510653,-0.0017873100983021306,-0.05000000000000426,-0.10000000000000142,55.85,55.95,55.9,55.95,91.0,162.0,2566.0,3771.0,False,False
006208,2022-10-26 10:27:20.978832,-0.0008936550491510653,-0.0017873100983021306,-0.05000000000000426,-0.10000000000000142,55.85,55.95,55.9,55.95,91.0,162.0,2566.0,3771.0,False,False
006208,2022-10-26 10:27:21.911807,0.0,-0.0017873100983021306,0.0,-0.10000000000000142,55.85,55.9,55.9,55.95,91.0,100.0,2566.0,3771.0,False,False
006208,2022-10-26 10:27:21.939789,0.0,-0.0017873100983021306,0.0,-0.10000000000000142,55.85,55.9,55.9,55.95,91.0,100.0,2566.0,3771.0,False,False
006208,2022-10-26 10:27:21.981084,0.0,-0.0017873100983021306,0.0,-0.10000000000000142,55.85,55.9,55.9,55.95,91.0,100.0,2566.0,3771.0,False,False
006208,2022-10-26 10:27:22.163065,0.0,-0.0017873100983021306,0.0,-0.10000000000000142,55.85,55.9,55.9,55.95,91.0,175.0,2566.0,3771.0,False,False
006208,2022-10-26 10:27:22.271225,0.0,-0.0017873100983021306,0.0,-0.10000000000000142,55.85,55.9,55.9,55.95,91.0,175.0,2566.0,3771.0,False,False
006208,2022-10-26 10:27:22.985780,0.0,-0.0017873100983021306,0.0,-0.10000000000000142,55.85,55.9,55.9,55.95,91.0,175.0,2566.0,3771.0,False,False
006208,2022-10-26 10:27:23.483813,0.0,-0.0017873100983021306,0.0,-0.10000000000000142,55.85,55.9,55.9,55.95,91.0,175.0,2566.0,3771.0,False,False
006208,2022-10-26 10:27:24.584262,0.0,-0.0017873100983021306,0.0,-0.10000000000000142,55.85,55.9,55.9,55.95,92.0,175.0,2566.0,3771.0,False,False
006208,2022-10-26 10:27:25.148140,0.0,-0.0017873100983021306,0.0,-0.10000000000000142,55.85,55.9,55.9,55.95,92.0,175.0,2566.0,3771.0,False,False
006208,2022-10-26 10:27:25.631373,0.0,-0.0017873100983021306,0.0,-0.10000000000000142,55.85,55.9,55.9,55.95,92.0,175.0,2566.0,3771.0,False,False
006208,2022-10-26 10:27:25.642966,0.0,-0.0017873100983021306,0.0,-0.10000000000000142,55.85,55.9,55.9,55.95,92.0,175.0,2566.0,3771.0,False,False
006208,2022-10-26 10:27:25.899505,0.0,-0.0017873100983021306,0.0,-0.10000000000000142,55.85,55.9,55.9,55.95,92.0,175.0,2566.0,3771.0,True,True
006208,2022-10-26 10:27:26.082654,0.0,-0.0017873100983021306,0.0,-0.10000000000000142,55.85,55.9,55.9,55.95,92.0,174.0,2566.0,3771.0,False,False
006208,2022-10-26 10:27:27.054295,0.0,-0.0017873100983021306,0.0,-0.10000000000000142,55.85,55.9,55.9,55.95,92.0,174.0,2566.0,3771.0,False,False
006208,2022-10-26 10:27:27.079200,0.0,-0.0017873100983021306,0.0,-0.10000000000000142,55.85,55.9,55.9,55.95,92.0,174.0,2566.0,3771.0,False,False
006208,2022-10-26 10:27:27.161248,0.0,-0.0017873100983021306,0.0,-0.10000000000000142,55.85,55.9,55.9,55.95,92.0,174.0,2566.0,3771.0,False,False
006208,2022-10-26 10:27:27.251234,0.0,-0.0017873100983021306,0.0,-0.10000000000000142,55.85,55.9,55.9,55.95,92.0,174.0,2566.0,3771.0,False,False
006208,2022-10-26 10:27:27.954033,0.0,-0.0017873100983021306,0.0,-0.10000000000000142,55.85,55.9,55.9,55.95,92.0,174.0,2566.0,3771.0,False,False
006208,2022-10-26 10:27:27.954146,0.0,-0.0017873100983021306,0.0,-0.10000000000000142,55.85,55.9,55.9,55.95,92.0,174.0,2566.0,3771.0,False,False
006208,2022-10-26 10:27:29.076807,0.0,-0.0017873100983021306,0.0,-0.10000000000000142,55.85,55.9,55.9,55.95,92.0,174.0,2566.0,3771.0,False,False
006208,2022-10-26 10:27:30.369121,0.0,-0.0017873100983021306,0.0,-0.10000000000000142,55.85,55.9,55.9,55.95,92.0,173.0,2566.0,3771.0,False,False
006208,2022-10-26 10:27:30.949490,0.0,-0.0017873100983021306,0.0,-0.10000000000000142,55.85,55.9,55.9,55.95,92.0,173.0,2566.0,3771.0,False,False
006208,2022-10-26 10:27:32.151853,0.0,-0.0017873100983021306,0.0,-0.10000000000000142,55.85,55.9,55.9,55.95,92.0,173.0,2566.0,3771.0,False,False
006208,2022-10-26 10:27:32.151931,0.0,-0.0017873100983021306,0.0,-0.10000000000000142,55.85,55.9,55.9,55.95,92.0,173.0,2566.0,3771.0,False,False
006208,2022-10-26 10:27:32.279235,0.0,-0.0017873100983021306,0.0,-0.10000000000000142,55.85,55.9,55.9,55.95,92.0,173.0,2566.0,3771.0,False,False
006208,2022-10-26 10:27:32.288574,0.0,-0.0017873100983021306,0.0,-0.10000000000000142,55.85,55.9,55.9,55.95,92.0,173.0,2566.0,3771.0,False,False
006208,2022-10-26 10:27:33.470955,0.0,-0.0017873100983021306,0.0,-0.10000000000000142,55.85,55.9,55.9,55.95,89.0,173.0,2566.0,3771.0,False,False
006208,2022-10-26 10:27:35.854250,0.0,-0.0017873100983021306,0.0,-0.10000000000000142,55.85,55.9,55.9,55.95,89.0,173.0,2566.0,3771.0,False,False
006208,2022-10-26 10:27:35.885094,0.0,-0.0017873100983021306,0.0,-0.10000000000000142,55.85,55.9,55.9,55.95,89.0,75.0,2566.0,3771.0,False,False
006208,2022-10-26 10:27:35.922373,0.0,-0.0017873100983021306,0.0,-0.10000000000000142,55.85,55.9,55.9,55.95,89.0,75.0,3066.0,3721.0,True,True
006208,2022-10-26 10:27:36.195292,0.0,-0.0017873100983021306,0.0,-0.10000000000000142,55.85,55.9,55.9,55.95,89.0,75.0,3066.0,3721.0,False,False
006208,2022-10-26 10:27:36.195313,0.0,-0.0017873100983021306,0.0,-0.10000000000000142,55.85,55.9,55.9,55.95,89.0,75.0,3066.0,3721.0,False,False
006208,2022-10-26 10:27:36.885370,0.0,-0.0017873100983021306,0.0,-0.10000000000000142,55.85,55.9,55.9,55.95,89.0,75.0,3066.0,3721.0,False,False
006208,2022-10-26 10:27:37.366038,0.0,-0.0017873100983021306,0.0,-0.10000000000000142,55.85,55.9,55.9,55.95,89.0,75.0,3066.0,3721.0,False,False
006208,2022-10-26 10:27:37.373175,0.0,-0.0017873100983021306,0.0,-0.10000000000000142,55.85,55.9,55.9,55.95,89.0,75.0,3066.0,3721.0,False,False
006208,2022-10-26 10:27:37.638823,-0.0008936550491510653,-0.0017873100983021306,-0.05000000000000426,-0.10000000000000142,55.85,55.95,55.9,55.95,89.0,127.0,3066.0,3721.0,False,False
006208,2022-10-26 10:27:37.638898,-0.0008936550491510653,-0.0017873100983021306,-0.05000000000000426,-0.10000000000000142,55.85,55.95,55.9,55.95,89.0,202.0,3066.0,3721.0,False,False
006208,2022-10-26 10:27:37.730747,-0.0008936550491510653,-0.0017873100983021306,-0.05000000000000426,-0.10000000000000142,55.85,55.95,55.9,55.95,89.0,202.0,3066.0,3721.0,False,False
006208,2022-10-26 10:27:37.846640,-0.0008936550491510653,-0.0017873100983021306,-0.05000000000000426,-0.10000000000000142,55.85,55.95,55.9,55.95,89.0,162.0,3066.0,3721.0,False,False
006208,2022-10-26 10:27:38.006156,-0.0008936550491510653,-0.0017873100983021306,-0.05000000000000426,-0.10000000000000142,55.85,55.95,55.9,55.95,89.0,162.0,3066.0,3721.0,False,False
006208,2022-10-26 10:27:40.243207,-0.0008936550491510653,-0.0017873100983021306,-0.05000000000000426,-0.10000000000000142,55.85,55.95,55.9,55.95,89.0,162.0,3066.0,3721.0,False,False
006208,2022-10-26 10:27:40.253373,-0.0008936550491510653,-0.0017873100983021306,-0.05000000000000426,-0.10000000000000142,55.85,55.95,55.9,55.95,89.0,162.0,3066.0,3721.0,False,False
006208,2022-10-26 10:27:40.364311,-0.0008936550491510653,-0.0017873100983021306,-0.05000000000000426,-0.10000000000000142,55.85,55.95,55.9,55.95,89.0,161.0,3066.0,3721.0,False,False
006208,2022-10-26 10:27:40.490903,-0.0008936550491510653,-0.0017873100983021306,-0.05000000000000426,-0.10000000000000142,55.85,55.95,55.9,55.95,89.0,161.0,3066.0,3721.0,False,False
006208,2022-10-26 10:27:40.497982,-0.0008936550491510653,-0.0017873100983021306,-0.05000000000000426,-0.10000000000000142,55.85,55.95,55.9,55.95,89.0,161.0,3066.0,3721.0,False,False
006208,2022-10-26 10:27:42.333309,-0.0008936550491510653,-0.0017873100983021306,-0.05000000000000426,-0.10000000000000142,55.85,55.95,55.9,55.95,89.0,161.0,3066.0,3721.0,False,False
006208,2022-10-26 10:27:42.341958,-0.0008936550491510653,-0.0017873100983021306,-0.05000000000000426,-0.10000000000000142,55.85,55.95,55.9,55.95,89.0,161.0,3066.0,3721.0,False,False
006208,2022-10-26 10:27:44.058158,-0.0008936550491510653,-0.0017873100983021306,-0.05000000000000426,-0.10000000000000142,55.85,55.95,55.9,55.95,89.0,160.0,3066.0,3721.0,False,False
006208,2022-10-26 10:27:44.480155,-0.0008936550491510653,-0.0017873100983021306,-0.05000000000000426,-0.10000000000000142,55.85,55.95,55.9,55.95,89.0,160.0,3066.0,3721.0,False,False
006208,2022-10-26 10:27:44.480369,-0.0008936550491510653,-0.0017873100983021306,-0.05000000000000426,-0.10000000000000142,55.85,55.95,55.9,55.95,89.0,160.0,3066.0,3721.0,False,False
006208,2022-10-26 10:27:44.634184,-0.0008936550491510653,-0.0017873100983021306,-0.05000000000000426,-0.10000000000000142,55.85,55.95,55.9,55.95,89.0,160.0,3066.0,3721.0,False,False
006208,2022-10-26 10:27:45.951255,-0.0008936550491510653,-0.0017873100983021306,-0.05000000000000426,-0.10000000000000142,55.85,55.95,55.9,55.95,89.0,160.0,3681.0,3765.0,True,True
006208,2022-10-26 10:27:46.759201,-0.0008936550491510653,-0.0017873100983021306,-0.05000000000000426,-0.10000000000000142,55.85,55.95,55.9,55.95,89.0,160.0,3681.0,3765.0,False,False
006208,2022-10-26 10:27:47.904554,-0.0008936550491510653,-0.0017873100983021306,-0.05000000000000426,-0.10000000000000142,55.85,55.95,55.9,55.95,89.0,160.0,3681.0,3765.0,False,False
006208,2022-10-26 10:27:47.908049,-0.0008936550491510653,-0.0017873100983021306,-0.05000000000000426,-0.10000000000000142,55.85,55.95,55.9,55.95,89.0,160.0,3681.0,3765.0,False,False
006208,2022-10-26 10:27:48.039861,-0.0008936550491510653,-0.0017873100983021306,-0.05000000000000426,-0.10000000000000142,55.85,55.95,55.9,55.95,89.0,160.0,3681.0,3765.0,False,False
006208,2022-10-26 10:27:54.168614,-0.0008936550491510653,-0.0017873100983021306,-0.05000000000000426,-0.10000000000000142,55.85,55.95,55.9,55.95,92.0,160.0,3681.0,3765.0,False,False
006208,2022-10-26 10:27:56.114094,-0.0008936550491510653,-0.0017873100983021306,-0.05000000000000426,-0.10000000000000142,55.85,55.95,55.9,55.95,92.0,160.0,3681.0,3765.0,False,False
006208,2022-10-26 10:27:58.017953,-0.0008936550491510653,-0.0017873100983021306,-0.05000000000000426,-0.10000000000000142,55.85,55.95,55.9,55.95,92.0,160.0,3681.0,3765.0,False,False
006208,2022-10-26 10:27:58.021139,-0.0008936550491510653,-0.0017873100983021306,-0.05000000000000426,-0.10000000000000142,55.85,55.95,55.9,55.95,92.0,160.0,3681.0,3765.0,False,False
006208,2022-10-26 10:27:58.148974,-0.0008936550491510653,-0.0017873100983021306,-0.05000000000000426,-0.10000000000000142,55.85,55.95,55.9,55.95,92.0,160.0,3681.0,3765.0,False,False
006208,2022-10-26 10:27:58.154842,-0.0008936550491510653,-0.0017873100983021306,-0.05000000000000426,-0.10000000000000142,55.85,55.95,55.9,55.95,92.0,160.0,3681.0,3765.0,False,False
006208,2022-10-26 10:27:59.758300,-0.0008936550491510653,-0.0017873100983021306,-0.05000000000000426,-0.10000000000000142,55.85,55.95,55.9,55.95,22.0,160.0,3681.0,3765.0,False,False
006208,2022-10-26 10:28:00.354571,-0.0008936550491510653,-0.0017873100983021306,-0.05000000000000426,-0.10000000000000142,55.85,55.95,55.9,55.95,22.0,159.0,3681.0,3765.0,False,False
006208,2022-10-26 10:28:02.806017,-0.0008936550491510653,-0.0017873100983021306,-0.05000000000000426,-0.10000000000000142,55.85,55.95,55.9,55.95,22.0,159.0,3681.0,3765.0,False,False
006208,2022-10-26 10:28:02.806094,-0.0008936550491510653,-0.0017873100983021306,-0.05000000000000426,-0.10000000000000142,55.85,55.95,55.9,55.95,22.0,159.0,3681.0,3765.0,False,False
006208,2022-10-26 10:28:03.503465,-0.0008936550491510653,-0.0017873100983021306,-0.05000000000000426,-0.10000000000000142,55.85,55.95,55.9,55.95,22.0,158.0,3681.0,3765.0,False,False
006208,2022-10-26 10:28:05.427317,-0.0008936550491510653,-0.0017873100983021306,-0.05000000000000426,-0.10000000000000142,55.85,55.95,55.9,55.95,22.0,158.0,3781.0,3765.0,False,True
006208,2022-10-26 10:28:08.142413,-0.0008936550491510653,-0.0017873100983021306,-0.05000000000000426,-0.10000000000000142,55.85,55.95,55.9,55.95,22.0,158.0,3781.0,3765.0,False,False
006208,2022-10-26 10:28:08.145458,-0.0008936550491510653,-0.0017873100983021306,-0.05000000000000426,-0.10000000000000142,55.85,55.95,55.9,55.95,22.0,158.0,3781.0,3765.0,False,False
006208,2022-10-26 10:28:08.273654,-0.0008936550491510653,-0.0017873100983021306,-0.05000000000000426,-0.10000000000000142,55.85,55.95,55.9,55.95,22.0,158.0,3781.0,3765.0,False,False
006208,2022-10-26 10:28:09.108498,-0.0008936550491510653,-0.0017873100983021306,-0.05000000000000426,-0.10000000000000142,55.85,55.95,55.9,55.95,22.0,158.0,3781.0,3765.0,False,False
006208,2022-10-26 10:28:09.341370,-0.0008936550491510653,-0.0017873100983021306,-0.05000000000000426,-0.10000000000000142,55.85,55.95,55.9,55.95,22.0,158.0,3781.0,3765.0,False,False
006208,2022-10-26 10:28:09.341518,-0.0008936550491510653,-0.0017873100983021306,-0.05000000000000426,-0.10000000000000142,55.85,55.95,55.9,55.95,22.0,158.0,3781.0,3765.0,False,False
006208,2022-10-26 10:28:10.153444,-0.0008936550491510653,-0.0017873100983021306,-0.05000000000000426,-0.10000000000000142,55.85,55.95,55.9,55.95,22.0,158.0,3781.0,3765.0,False,False
006208,2022-10-26 10:28:10.333898,-0.0008936550491510653,-0.0017873100983021306,-0.05000000000000426,-0.10000000000000142,55.85,55.95,55.9,55.95,22.0,157.0,3781.0,3765.0,False,False
006208,2022-10-26 10:28:12.568942,-0.0008936550491510653,-0.0017873100983021306,-0.05000000000000426,-0.10000000000000142,55.85,55.95,55.9,55.95,22.0,157.0,3781.0,3765.0,False,False
006208,2022-10-26 10:28:12.569017,-0.0008936550491510653,-0.0017873100983021306,-0.05000000000000426,-0.10000000000000142,55.85,55.95,55.9,55.95,22.0,157.0,3781.0,3765.0,False,False
006208,2022-10-26 10:28:12.976739,-0.0008936550491510653,-0.0017873100983021306,-0.05000000000000426,-0.10000000000000142,55.85,55.95,55.9,55.95,22.0,157.0,3781.0,3765.0,False,False
006208,2022-10-26 10:28:12.976826,-0.0008936550491510653,-0.0017873100983021306,-0.05000000000000426,-0.10000000000000142,55.85,55.95,55.9,55.95,22.0,157.0,3781.0,3765.0,False,False
006208,2022-10-26 10:28:14.449395,-0.0008936550491510653,-0.0017873100983021306,-0.05000000000000426,-0.10000000000000142,55.85,55.95,55.9,55.95,22.0,157.0,3781.0,3765.0,False,False
006208,2022-10-26 10:28:14.549639,-0.0008936550491510653,-0.0017873100983021306,-0.05000000000000426,-0.10000000000000142,55.85,55.95,55.9,55.95,22.0,157.0,3781.0,3765.0,False,False
006208,2022-10-26 10:28:15.436423,-0.0008936550491510653,-0.0017873100983021306,-0.05000000000000426,-0.10000000000000142,55.85,55.95,55.9,55.95,22.0,157.0,3781.0,3765.0,False,False
006208,2022-10-26 10:28:15.453378,-0.0008936550491510653,-0.0017873100983021306,-0.05000000000000426,-0.10000000000000142,55.85,55.95,55.9,55.95,22.0,157.0,3781.0,3715.0,True,True
006208,2022-10-26 10:28:15.436607,-0.0008936550491510653,-0.0017873100983021306,-0.05000000000000426,-0.10000000000000142,55.85,55.95,55.9,55.95,22.0,157.0,3781.0,3715.0,False,False
006208,2022-10-26 10:28:16.965623,-0.0008936550491510653,-0.0017873100983021306,-0.05000000000000426,-0.10000000000000142,55.85,55.95,55.9,55.95,22.0,156.0,3781.0,3715.0,False,False
006208,2022-10-26 10:28:18.173880,-0.0008936550491510653,-0.0017873100983021306,-0.05000000000000426,-0.10000000000000142,55.85,55.95,55.9,55.95,22.0,156.0,3781.0,3715.0,False,False
006208,2022-10-26 10:28:18.257797,-0.0008936550491510653,-0.0017873100983021306,-0.05000000000000426,-0.10000000000000142,55.85,55.95,55.9,55.95,22.0,156.0,3781.0,3715.0,False,False
006208,2022-10-26 10:28:18.259963,-0.0008936550491510653,-0.0017873100983021306,-0.05000000000000426,-0.10000000000000142,55.85,55.95,55.9,55.95,22.0,156.0,3781.0,3715.0,False,False
006208,2022-10-26 10:28:18.388076,-0.0008936550491510653,-0.0017873100983021306,-0.05000000000000426,-0.10000000000000142,55.85,55.95,55.9,55.95,22.0,156.0,3781.0,3715.0,False,False
006208,2022-10-26 10:28:19.773221,-0.0008936550491510653,-0.0017873100983021306,-0.05000000000000426,-0.10000000000000142,55.85,55.95,55.9,55.95,22.0,156.0,3781.0,3715.0,False,False
006208,2022-10-26 10:28:19.849417,-0.0008936550491510653,-0.0017873100983021306,-0.05000000000000426,-0.10000000000000142,55.85,55.95,55.9,55.95,22.0,156.0,3781.0,3715.0,False,False
006208,2022-10-26 10:28:20.344486,-0.0008936550491510653,-0.0017873100983021306,-0.05000000000000426,-0.10000000000000142,55.85,55.95,55.9,55.95,22.0,155.0,3781.0,3715.0,False,False
006208,2022-10-26 10:28:20.848000,-0.0008936550491510653,-0.0017873100983021306,-0.05000000000000426,-0.10000000000000142,55.85,55.95,55.9,55.95,22.0,155.0,3781.0,3715.0,False,False
006208,2022-10-26 10:28:24.643679,-0.0008936550491510653,-0.0017873100983021306,-0.05000000000000426,-0.10000000000000142,55.85,55.95,55.9,55.95,21.0,155.0,3781.0,3715.0,False,False
006208,2022-10-26 10:28:25.482002,-0.0008936550491510653,-0.0017873100983021306,-0.05000000000000426,-0.10000000000000142,55.85,55.95,55.9,55.95,21.0,155.0,3781.0,3715.0,True,True
006208,2022-10-26 10:28:27.956867,-0.0008936550491510653,-0.0017873100983021306,-0.05000000000000426,-0.10000000000000142,55.85,55.95,55.9,55.95,19.0,155.0,3781.0,3715.0,False,False
006208,2022-10-26 10:28:28.363836,-0.0008936550491510653,-0.0017873100983021306,-0.05000000000000426,-0.10000000000000142,55.85,55.95,55.9,55.95,19.0,155.0,3781.0,3715.0,False,False
006208,2022-10-26 10:28:28.375173,-0.0008936550491510653,-0.0017873100983021306,-0.05000000000000426,-0.10000000000000142,55.85,55.95,55.9,55.95,19.0,155.0,3781.0,3715.0,False,False
006208,2022-10-26 10:28:28.502229,-0.0008936550491510653,-0.0017873100983021306,-0.05000000000000426,-0.10000000000000142,55.85,55.95,55.9,55.95,19.0,155.0,3781.0,3715.0,False,False
006208,2022-10-26 10:28:28.507156,-0.0008936550491510653,-0.0017873100983021306,-0.05000000000000426,-0.10000000000000142,55.85,55.95,55.9,55.95,19.0,155.0,3781.0,3715.0,False,False
006208,2022-10-26 10:28:30.324198,-0.0008936550491510653,-0.0017873100983021306,-0.05000000000000426,-0.10000000000000142,55.85,55.95,55.9,55.95,19.0,154.0,3781.0,3715.0,False,False
006208,2022-10-26 10:28:30.936554,-0.0008936550491510653,-0.0017873100983021306,-0.05000000000000426,-0.10000000000000142,55.85,55.95,55.9,55.95,18.0,154.0,3781.0,3715.0,False,False
006208,2022-10-26 10:28:31.166753,-0.0008936550491510653,-0.0017873100983021306,-0.05000000000000426,-0.10000000000000142,55.85,55.95,55.9,55.95,18.0,154.0,3781.0,3715.0,False,False
006208,2022-10-26 10:28:31.166944,-0.0008936550491510653,-0.0017873100983021306,-0.05000000000000426,-0.10000000000000142,55.85,55.95,55.9,55.95,18.0,154.0,3781.0,3715.0,False,False
006208,2022-10-26 10:28:31.435923,-0.0008936550491510653,-0.0017873100983021306,-0.05000000000000426,-0.10000000000000142,55.85,55.95,55.9,55.95,18.0,154.0,3781.0,3715.0,False,False
006208,2022-10-26 10:28:31.452946,-0.0008936550491510653,-0.0017873100983021306,-0.05000000000000426,-0.10000000000000142,55.85,55.95,55.9,55.95,18.0,154.0,3781.0,3715.0,False,False
006208,2022-10-26 10:28:32.190749,-0.0008936550491510653,-0.0017873100983021306,-0.05000000000000426,-0.10000000000000142,55.85,55.95,55.9,55.95,18.0,154.0,3781.0,3715.0,False,False
006208,2022-10-26 10:28:32.202243,-0.0008936550491510653,-0.0017873100983021306,-0.05000000000000426,-0.10000000000000142,55.85,55.95,55.9,55.95,18.0,154.0,3781.0,3715.0,False,False
006208,2022-10-26 10:28:34.098984,-0.0008936550491510653,-0.0017873100983021306,-0.05000000000000426,-0.10000000000000142,55.85,55.95,55.9,55.95,24.0,154.0,3781.0,3715.0,False,False
006208,2022-10-26 10:28:34.146042,-0.0008936550491510653,-0.0017873100983021306,-0.05000000000000426,-0.10000000000000142,55.85,55.95,55.9,55.95,24.0,154.0,3781.0,3715.0,False,False
006208,2022-10-26 10:28:34.146367,-0.0008936550491510653,-0.0017873100983021306,-0.05000000000000426,-0.10000000000000142,55.85,55.95,55.9,55.95,99.0,154.0,3781.0,3715.0,False,False
006208,2022-10-26 10:28:35.535059,-0.0008936550491510653,-0.0017873100983021306,-0.05000000000000426,-0.10000000000000142,55.85,55.95,55.9,55.95,99.0,154.0,3781.0,3585.0,True,True
006208,2022-10-26 10:28:35.668602,-0.0008936550491510653,-0.0017873100983021306,-0.05000000000000426,-0.10000000000000142,55.85,55.95,55.9,55.95,99.0,154.0,3781.0,3585.0,False,False
006208,2022-10-26 10:28:35.679744,-0.0008936550491510653,-0.0017873100983021306,-0.05000000000000426,-0.10000000000000142,55.85,55.95,55.9,55.95,99.0,154.0,3781.0,3585.0,False,False
006208,2022-10-26 10:28:37.945531,-0.0008936550491510653,-0.0017873100983021306,-0.05000000000000426,-0.10000000000000142,55.85,55.95,55.9,55.95,99.0,154.0,3781.0,3585.0,False,False
006208,2022-10-26 10:28:37.956132,-0.0008936550491510653,-0.0017873100983021306,-0.05000000000000426,-0.10000000000000142,55.85,55.95,55.9,55.95,99.0,154.0,3781.0,3585.0,False,False
006208,2022-10-26 10:28:38.489334,-0.0008936550491510653,-0.0017873100983021306,-0.05000000000000426,-0.10000000000000142,55.85,55.95,55.9,55.95,99.0,154.0,3781.0,3585.0,False,False
006208,2022-10-26 10:28:38.492671,-0.0008936550491510653,-0.0017873100983021306,-0.05000000000000426,-0.10000000000000142,55.85,55.95,55.9,55.95,99.0,154.0,3781.0,3585.0,False,False
006208,2022-10-26 10:28:38.620508,-0.0008936550491510653,-0.0017873100983021306,-0.05000000000000426,-0.10000000000000142,55.85,55.95,55.9,55.95,99.0,154.0,3781.0,3585.0,False,False
006208,2022-10-26 10:28:38.626684,-0.0008936550491510653,-0.0017873100983021306,-0.05000000000000426,-0.10000000000000142,55.85,55.95,55.9,55.95,99.0,154.0,3781.0,3585.0,False,False
006208,2022-10-26 10:28:40.350254,-0.0008936550491510653,-0.0017873100983021306,-0.05000000000000426,-0.10000000000000142,55.85,55.95,55.9,55.95,99.0,153.0,3781.0,3585.0,False,False
006208,2022-10-26 10:28:41.796435,-0.0008936550491510653,-0.0017873100983021306,-0.05000000000000426,-0.10000000000000142,55.85,55.95,55.9,55.95,94.0,153.0,3781.0,3585.0,False,False
006208,2022-10-26 10:28:44.541752,-0.0008936550491510653,-0.0017873100983021306,-0.05000000000000426,-0.10000000000000142,55.85,55.95,55.9,55.95,94.0,153.0,3781.0,3585.0,False,False
006208,2022-10-26 10:28:44.541810,-0.0008936550491510653,-0.0017873100983021306,-0.05000000000000426,-0.10000000000000142,55.85,55.95,55.9,55.95,94.0,153.0,3781.0,3585.0,False,False
006208,2022-10-26 10:28:44.817881,-0.0008936550491510653,-0.0017873100983021306,-0.05000000000000426,-0.10000000000000142,55.85,55.95,55.9,55.95,94.0,153.0,3781.0,3585.0,False,False
006208,2022-10-26 10:28:44.895162,-0.0008936550491510653,-0.0017873100983021306,-0.05000000000000426,-0.10000000000000142,55.85,55.95,55.9,55.95,94.0,153.0,3781.0,3585.0,False,False
006208,2022-10-26 10:28:44.907007,-0.0008936550491510653,-0.0017873100983021306,-0.05000000000000426,-0.10000000000000142,55.85,55.95,55.9,55.95,94.0,153.0,3781.0,3585.0,False,False
006208,2022-10-26 10:28:45.838396,-0.0008936550491510653,-0.0017873100983021306,-0.05000000000000426,-0.10000000000000142,55.85,55.95,55.9,55.95,94.0,154.0,3781.0,3585.0,False,False
006208,2022-10-26 10:28:46.612315,-0.0008936550491510653,-0.0017873100983021306,-0.05000000000000426,-0.10000000000000142,55.85,55.95,55.9,55.95,94.0,154.0,3781.0,3585.0,False,False
006208,2022-10-26 10:28:46.617709,-0.0008936550491510653,-0.0017873100983021306,-0.05000000000000426,-0.10000000000000142,55.85,55.95,55.9,55.95,94.0,154.0,3781.0,3585.0,False,False
006208,2022-10-26 10:28:46.622821,-0.0008936550491510653,-0.0017873100983021306,-0.05000000000000426,-0.10000000000000142,55.85,55.95,55.9,55.95,94.0,154.0,3781.0,3585.0,False,False
006208,2022-10-26 10:28:48.606161,-0.0008936550491510653,-0.0017873100983021306,-0.05000000000000426,-0.10000000000000142,55.85,55.95,55.9,55.95,94.0,154.0,3781.0,3585.0,False,False
006208,2022-10-26 10:28:48.610864,-0.0008936550491510653,-0.0017873100983021306,-0.05000000000000426,-0.10000000000000142,55.85,55.95,55.9,55.95,94.0,154.0,3781.0,3585.0,False,False
006208,2022-10-26 10:28:48.743961,-0.0008936550491510653,-0.0017873100983021306,-0.05000000000000426,-0.10000000000000142,55.85,55.95,55.9,55.95,94.0,154.0,3781.0,3585.0,False,False
006208,2022-10-26 10:28:48.927187,-0.0008936550491510653,-0.0017873100983021306,-0.05000000000000426,-0.10000000000000142,55.85,55.95,55.9,55.95,94.0,154.0,3781.0,3585.0,False,False
006208,2022-10-26 10:28:48.937999,-0.0008936550491510653,-0.0017873100983021306,-0.05000000000000426,-0.10000000000000142,55.85,55.95,55.9,55.95,94.0,154.0,3781.0,3585.0,False,False
006208,2022-10-26 10:28:49.874356,-0.0008936550491510653,-0.0017873100983021306,-0.05000000000000426,-0.10000000000000142,55.85,55.95,55.9,55.95,94.0,154.0,3781.0,3585.0,False,False
006208,2022-10-26 10:28:49.874754,-0.0008936550491510653,-0.0017873100983021306,-0.05000000000000426,-0.10000000000000142,55.85,55.95,55.9,55.95,94.0,154.0,3781.0,3585.0,False,False
006208,2022-10-26 10:28:49.886306,-0.0008936550491510653,-0.0017873100983021306,-0.05000000000000426,-0.10000000000000142,55.85,55.95,55.9,55.95,94.0,154.0,3781.0,3585.0,False,False
006208,2022-10-26 10:28:50.916075,-0.0008936550491510653,-0.0017873100983021306,-0.05000000000000426,-0.10000000000000142,55.85,55.95,55.9,55.95,94.0,153.0,3781.0,3585.0,False,False
006208,2022-10-26 10:28:55.593237,-0.0008936550491510653,-0.0017873100983021306,-0.05000000000000426,-0.10000000000000142,55.85,55.95,55.9,55.95,94.0,153.0,3865.0,3585.0,True,True
006208,2022-10-26 10:28:56.072071,-0.0008936550491510653,-0.0017873100983021306,-0.05000000000000426,-0.10000000000000142,55.85,55.95,55.9,55.95,94.0,153.0,3865.0,3585.0,False,False
006208,2022-10-26 10:28:56.102177,-0.0008936550491510653,-0.0017873100983021306,-0.05000000000000426,-0.10000000000000142,55.85,55.95,55.9,55.95,94.0,153.0,3865.0,3585.0,False,False
006208,2022-10-26 10:28:56.128424,-0.0008936550491510653,-0.0017873100983021306,-0.05000000000000426,-0.10000000000000142,55.85,55.95,55.9,55.95,94.0,153.0,3865.0,3585.0,False,False
006208,2022-10-26 10:28:57.229781,-0.0008936550491510653,-0.0017873100983021306,-0.05000000000000426,-0.10000000000000142,55.85,55.95,55.9,55.95,94.0,153.0,3865.0,3585.0,False,False
006208,2022-10-26 10:28:57.249424,-0.0008936550491510653,-0.0017873100983021306,-0.05000000000000426,-0.10000000000000142,55.85,55.95,55.9,55.95,94.0,153.0,3865.0,3585.0,False,False
006208,2022-10-26 10:28:57.263389,-0.0008936550491510653,-0.0017873100983021306,-0.05000000000000426,-0.10000000000000142,55.85,55.95,55.9,55.95,94.0,153.0,3865.0,3585.0,False,False
006208,2022-10-26 10:28:57.475129,-0.0008936550491510653,-0.0017873100983021306,-0.05000000000000426,-0.10000000000000142,55.85,55.95,55.9,55.95,94.0,153.0,3865.0,3585.0,False,False
006208,2022-10-26 10:28:58.727725,-0.0008936550491510653,-0.0017873100983021306,-0.05000000000000426,-0.10000000000000142,55.85,55.95,55.9,55.95,94.0,153.0,3865.0,3585.0,False,False
006208,2022-10-26 10:28:58.860511,-0.0008936550491510653,-0.0017873100983021306,-0.05000000000000426,-0.10000000000000142,55.85,55.95,55.9,55.95,94.0,153.0,3865.0,3585.0,False,False
006208,2022-10-26 10:29:00.309187,-0.0008936550491510653,-0.0017873100983021306,-0.05000000000000426,-0.10000000000000142,55.85,55.95,55.9,55.95,94.0,152.0,3865.0,3585.0,False,False
006208,2022-10-26 10:29:00.684781,-0.0008936550491510653,-0.0017873100983021306,-0.05000000000000426,-0.10000000000000142,55.85,55.95,55.9,55.95,94.0,152.0,3865.0,3585.0,False,False
006208,2022-10-26 10:29:00.695269,-0.0008936550491510653,-0.0017873100983021306,-0.05000000000000426,-0.10000000000000142,55.85,55.95,55.9,55.95,94.0,152.0,3865.0,3585.0,False,False
006208,2022-10-26 10:29:02.821694,-0.0008936550491510653,-0.0017873100983021306,-0.05000000000000426,-0.10000000000000142,55.85,55.95,55.9,55.95,94.0,153.0,3865.0,3585.0,False,False
006208,2022-10-26 10:29:04.215282,-0.0008936550491510653,-0.0017873100983021306,-0.05000000000000426,-0.10000000000000142,55.85,55.95,55.9,55.95,94.0,154.0,3865.0,3585.0,False,False
006208,2022-10-26 10:29:04.439398,-0.0008936550491510653,-0.0017873100983021306,-0.05000000000000426,-0.10000000000000142,55.85,55.95,55.9,55.95,94.0,120.0,3865.0,3585.0,False,False
006208,2022-10-26 10:29:04.489062,-0.0008936550491510653,-0.0017873100983021306,-0.05000000000000426,-0.10000000000000142,55.85,55.95,55.9,55.95,94.0,45.0,3865.0,3585.0,False,False
006208,2022-10-26 10:29:04.489695,-0.0008936550491510653,-0.0017873100983021306,-0.05000000000000426,-0.10000000000000142,55.85,55.95,55.9,55.95,94.0,45.0,3865.0,3585.0,False,False
006208,2022-10-26 10:29:05.439014,-0.0008936550491510653,-0.0017873100983021306,-0.05000000000000426,-0.10000000000000142,55.85,55.95,55.9,55.95,94.0,45.0,3865.0,3585.0,False,False
006208,2022-10-26 10:29:05.439077,-0.0008936550491510653,-0.0017873100983021306,-0.05000000000000426,-0.10000000000000142,55.85,55.95,55.9,55.95,194.0,45.0,3865.0,3585.0,False,False
006208,2022-10-26 10:29:05.618279,-0.0008936550491510653,-0.0017873100983021306,-0.05000000000000426,-0.10000000000000142,55.85,55.95,55.9,55.95,194.0,45.0,3905.0,3585.0,True,True
006208,2022-10-26 10:29:07.656373,-0.0008936550491510653,-0.0017873100983021306,-0.05000000000000426,-0.10000000000000142,55.85,55.95,55.9,55.95,194.0,45.0,3905.0,3585.0,False,False
006208,2022-10-26 10:29:07.665036,-0.0008936550491510653,-0.0017873100983021306,-0.05000000000000426,-0.10000000000000142,55.85,55.95,55.9,55.95,194.0,45.0,3905.0,3585.0,False,False
006208,2022-10-26 10:29:08.160074,-0.0008936550491510653,-0.0017873100983021306,-0.05000000000000426,-0.10000000000000142,55.85,55.95,55.9,55.95,194.0,45.0,3905.0,3585.0,False,False
006208,2022-10-26 10:29:08.179441,-0.0008936550491510653,-0.0017873100983021306,-0.05000000000000426,-0.10000000000000142,55.85,55.95,55.9,55.95,194.0,45.0,3905.0,3585.0,False,False
006208,2022-10-26 10:29:08.842936,-0.0008936550491510653,-0.0017873100983021306,-0.05000000000000426,-0.10000000000000142,55.85,55.95,55.9,55.95,194.0,45.0,3905.0,3585.0,False,False
006208,2022-10-26 10:29:08.849185,-0.0008936550491510653,-0.0017873100983021306,-0.05000000000000426,-0.10000000000000142,55.85,55.95,55.9,55.95,194.0,45.0,3905.0,3585.0,False,False
006208,2022-10-26 10:29:08.985110,-0.0008936550491510653,-0.0017873100983021306,-0.05000000000000426,-0.10000000000000142,55.85,55.95,55.9,55.95,194.0,45.0,3905.0,3585.0,False,False
006208,2022-10-26 10:29:10.319825,-0.0008936550491510653,-0.0017873100983021306,-0.05000000000000426,-0.10000000000000142,55.85,55.95,55.9,55.95,194.0,44.0,3905.0,3585.0,False,False
006208,2022-10-26 10:29:13.819709,-0.0008936550491510653,-0.0017873100983021306,-0.05000000000000426,-0.10000000000000142,55.85,55.95,55.9,55.95,194.0,44.0,3905.0,3585.0,False,False
006208,2022-10-26 10:29:13.819854,-0.0008936550491510653,-0.0017873100983021306,-0.05000000000000426,-0.10000000000000142,55.85,55.95,55.9,55.95,194.0,44.0,3905.0,3585.0,False,False
006208,2022-10-26 10:29:15.222604,-0.0008936550491510653,-0.0008936550491510653,-0.05000000000000426,-0.05000000000000426,55.9,55.95,55.9,55.95,3.0,44.0,3905.0,3585.0,False,False
006208,2022-10-26 10:29:15.249901,-0.0008936550491510653,-0.0008936550491510653,-0.05000000000000426,-0.05000000000000426,55.9,55.95,55.9,55.95,3.0,44.0,3905.0,3585.0,False,False
006208,2022-10-26 10:29:15.274460,-0.0008936550491510653,-0.0008936550491510653,-0.05000000000000426,-0.05000000000000426,55.9,55.95,55.9,55.95,3.0,44.0,3905.0,3585.0,False,False
006208,2022-10-26 10:29:15.469035,-0.0008936550491510653,-0.0008936550491510653,-0.05000000000000426,-0.05000000000000426,55.9,55.95,55.9,55.95,3.0,44.0,3905.0,3585.0,False,False
006208,2022-10-26 10:29:15.742013,-0.0008936550491510653,-0.0008936550491510653,-0.05000000000000426,-0.05000000000000426,55.9,55.95,55.9,55.95,3.0,44.0,3905.0,3585.0,False,False
006208,2022-10-26 10:29:15.742398,-0.0008936550491510653,-0.0008936550491510653,-0.05000000000000426,-0.05000000000000426,55.9,55.95,55.9,55.95,3.0,44.0,3905.0,3585.0,False,False
006208,2022-10-26 10:29:17.584699,-0.0008936550491510653,-0.0008936550491510653,-0.05000000000000426,-0.05000000000000426,55.9,55.95,55.9,55.95,3.0,45.0,3905.0,3585.0,False,False
006208,2022-10-26 10:29:17.831445,-0.0008936550491510653,-0.0008936550491510653,-0.05000000000000426,-0.05000000000000426,55.9,55.95,55.9,55.95,3.0,45.0,3905.0,3585.0,False,False
006208,2022-10-26 10:29:18.284866,-0.0008936550491510653,-0.0008936550491510653,-0.05000000000000426,-0.05000000000000426,55.9,55.95,55.9,55.95,3.0,45.0,3905.0,3585.0,False,False
006208,2022-10-26 10:29:18.306596,-0.0008936550491510653,-0.0008936550491510653,-0.05000000000000426,-0.05000000000000426,55.9,55.95,55.9,55.95,3.0,45.0,3905.0,3585.0,False,False
006208,2022-10-26 10:29:18.803320,-0.0008936550491510653,-0.0008936550491510653,-0.05000000000000426,-0.05000000000000426,55.9,55.95,55.9,55.95,3.0,45.0,3905.0,3585.0,False,False
006208,2022-10-26 10:29:18.827290,-0.0008936550491510653,-0.0008936550491510653,-0.05000000000000426,-0.05000000000000426,55.9,55.95,55.9,55.95,3.0,45.0,3905.0,3585.0,False,False
006208,2022-10-26 10:29:19.374166,-0.0008936550491510653,-0.0008936550491510653,-0.05000000000000426,-0.05000000000000426,55.9,55.95,55.9,55.95,3.0,45.0,3905.0,3585.0,False,False
006208,2022-10-26 10:29:19.393061,-0.0008936550491510653,-0.0008936550491510653,-0.05000000000000426,-0.05000000000000426,55.9,55.95,55.9,55.95,3.0,45.0,3905.0,3585.0,False,False
006208,2022-10-26 10:29:20.299459,-0.0008936550491510653,-0.0008936550491510653,-0.05000000000000426,-0.05000000000000426,55.9,55.95,55.9,55.95,3.0,44.0,3905.0,3585.0,False,False
006208,2022-10-26 10:29:22.032809,-0.0008936550491510653,-0.0008936550491510653,-0.05000000000000426,-0.05000000000000426,55.9,55.95,55.9,55.95,3.0,44.0,3905.0,3585.0,False,False
006208,2022-10-26 10:29:22.043384,-0.0008936550491510653,-0.0008936550491510653,-0.05000000000000426,-0.05000000000000426,55.9,55.95,55.9,55.95,3.0,44.0,3905.0,3585.0,False,False
006208,2022-10-26 10:29:23.930201,-0.0008936550491510653,-0.0008936550491510653,-0.05000000000000426,-0.05000000000000426,55.9,55.95,55.9,55.95,3.0,43.0,3905.0,3585.0,False,False
006208,2022-10-26 10:29:24.013127,-0.0008936550491510653,-0.0008936550491510653,-0.05000000000000426,-0.05000000000000426,55.9,55.95,55.9,55.95,3.0,43.0,3905.0,3585.0,False,False
006208,2022-10-26 10:29:24.085009,-0.0008936550491510653,-0.0008936550491510653,-0.05000000000000426,-0.05000000000000426,55.9,55.95,55.9,55.95,3.0,43.0,3905.0,3585.0,False,False
006208,2022-10-26 10:29:24.212313,-0.0008936550491510653,-0.0008936550491510653,-0.05000000000000426,-0.05000000000000426,55.9,55.95,55.9,55.95,3.0,43.0,3905.0,3585.0,False,False
006208,2022-10-26 10:29:25.457123,-0.0008936550491510653,-0.0008936550491510653,-0.05000000000000426,-0.05000000000000426,55.9,55.95,55.9,55.95,3.0,43.0,3905.0,3585.0,False,False
006208,2022-10-26 10:29:25.468121,-0.0008936550491510653,-0.0008936550491510653,-0.05000000000000426,-0.05000000000000426,55.9,55.95,55.9,55.95,3.0,43.0,3905.0,3585.0,False,False
006208,2022-10-26 10:29:25.590898,-0.0008936550491510653,-0.0008936550491510653,-0.05000000000000426,-0.05000000000000426,55.9,55.95,55.9,55.95,3.0,43.0,3905.0,3585.0,False,False
006208,2022-10-26 10:29:25.697921,-0.0008936550491510653,-0.0008936550491510653,-0.05000000000000426,-0.05000000000000426,55.9,55.95,55.9,55.95,3.0,43.0,3905.0,3435.0,True,True
006208,2022-10-26 10:29:28.149845,-0.0008936550491510653,-0.0008936550491510653,-0.05000000000000426,-0.05000000000000426,55.9,55.95,55.9,55.95,3.0,43.0,3905.0,3435.0,False,False
006208,2022-10-26 10:29:28.195373,-0.0008936550491510653,-0.0008936550491510653,-0.05000000000000426,-0.05000000000000426,55.9,55.95,55.9,55.95,3.0,43.0,3905.0,3435.0,False,False
006208,2022-10-26 10:29:30.309990,-0.0008936550491510653,-0.0008936550491510653,-0.05000000000000426,-0.05000000000000426,55.9,55.95,55.9,55.95,3.0,42.0,3905.0,3435.0,False,False
006208,2022-10-26 10:29:30.394931,-0.0008936550491510653,-0.0008936550491510653,-0.05000000000000426,-0.05000000000000426,55.9,55.95,55.9,55.95,3.0,42.0,3905.0,3435.0,False,False
006208,2022-10-26 10:29:30.506208,-0.0008936550491510653,-0.0008936550491510653,-0.05000000000000426,-0.05000000000000426,55.9,55.95,55.9,55.95,3.0,42.0,3905.0,3435.0,False,False
006208,2022-10-26 10:29:30.750554,-0.0008936550491510653,-0.0008936550491510653,-0.05000000000000426,-0.05000000000000426,55.9,55.95,55.9,55.95,3.0,41.0,3905.0,3435.0,False,False
006208,2022-10-26 10:29:30.849124,-0.0008936550491510653,-0.0008936550491510653,-0.05000000000000426,-0.05000000000000426,55.9,55.95,55.9,55.95,3.0,41.0,3905.0,3435.0,False,False
006208,2022-10-26 10:29:35.576242,-0.0008936550491510653,-0.0008936550491510653,-0.05000000000000426,-0.05000000000000426,55.9,55.95,55.9,55.95,3.0,41.0,3905.0,3435.0,False,False
006208,2022-10-26 10:29:35.578973,-0.0008936550491510653,-0.0008936550491510653,-0.05000000000000426,-0.05000000000000426,55.9,55.95,55.9,55.95,3.0,41.0,3905.0,3435.0,False,False
006208,2022-10-26 10:29:35.710436,-0.0008936550491510653,-0.0008936550491510653,-0.05000000000000426,-0.05000000000000426,55.9,55.95,55.9,55.95,3.0,41.0,3905.0,3435.0,False,False
006208,2022-10-26 10:29:35.719871,-0.0008936550491510653,-0.0008936550491510653,-0.05000000000000426,-0.05000000000000426,55.9,55.95,55.9,55.95,3.0,41.0,3905.0,3435.0,False,False
006208,2022-10-26 10:29:40.289457,-0.0008936550491510653,-0.0008936550491510653,-0.05000000000000426,-0.05000000000000426,55.9,55.95,55.9,55.95,3.0,40.0,3905.0,3435.0,False,False
006208,2022-10-26 10:29:40.373806,-0.0008936550491510653,-0.0008936550491510653,-0.05000000000000426,-0.05000000000000426,55.9,55.95,55.9,55.95,3.0,40.0,3905.0,3435.0,False,False
006208,2022-10-26 10:29:40.505179,-0.0008936550491510653,-0.0008936550491510653,-0.05000000000000426,-0.05000000000000426,55.9,55.95,55.9,55.95,3.0,40.0,3905.0,3435.0,False,False
006208,2022-10-26 10:29:42.463724,-0.0008936550491510653,-0.0008936550491510653,-0.05000000000000426,-0.05000000000000426,55.9,55.95,55.9,55.95,3.0,40.0,3905.0,3435.0,False,False
006208,2022-10-26 10:29:42.463942,-0.0008936550491510653,-0.0008936550491510653,-0.05000000000000426,-0.05000000000000426,55.9,55.95,55.9,55.95,3.0,40.0,3905.0,3435.0,False,False
006208,2022-10-26 10:29:42.468119,-0.0008936550491510653,-0.0008936550491510653,-0.05000000000000426,-0.05000000000000426,55.9,55.95,55.9,55.95,3.0,40.0,3905.0,3435.0,False,False
006208,2022-10-26 10:29:45.687166,-0.0008936550491510653,-0.0008936550491510653,-0.05000000000000426,-0.05000000000000426,55.9,55.95,55.9,55.95,3.0,40.0,3905.0,3435.0,False,False
006208,2022-10-26 10:29:45.697477,-0.0008936550491510653,-0.0008936550491510653,-0.05000000000000426,-0.05000000000000426,55.9,55.95,55.9,55.95,3.0,40.0,3905.0,3435.0,False,False
006208,2022-10-26 10:29:45.763073,-0.0008936550491510653,-0.0008936550491510653,-0.05000000000000426,-0.05000000000000426,55.9,55.95,55.9,55.95,3.0,40.0,4005.0,3475.0,True,True
006208,2022-10-26 10:29:45.829932,-0.0008936550491510653,-0.0008936550491510653,-0.05000000000000426,-0.05000000000000426,55.9,55.95,55.9,55.95,3.0,40.0,4005.0,3475.0,False,False
006208,2022-10-26 10:29:50.136950,-0.0008936550491510653,-0.0008936550491510653,-0.05000000000000426,-0.05000000000000426,55.9,55.95,55.9,55.95,3.0,39.0,4005.0,3475.0,False,False
006208,2022-10-26 10:29:50.247942,-0.0008936550491510653,-0.0008936550491510653,-0.05000000000000426,-0.05000000000000426,55.9,55.95,55.9,55.95,3.0,39.0,4005.0,3475.0,False,False
006208,2022-10-26 10:29:50.315686,-0.0008936550491510653,-0.0008936550491510653,-0.05000000000000426,-0.05000000000000426,55.9,55.95,55.9,55.95,3.0,38.0,4005.0,3475.0,False,False
006208,2022-10-26 10:29:50.349913,-0.0008936550491510653,-0.0008936550491510653,-0.05000000000000426,-0.05000000000000426,55.9,55.95,55.9,55.95,3.0,38.0,4005.0,3475.0,False,False
006208,2022-10-26 10:29:50.421954,-0.0008936550491510653,-0.0008936550491510653,-0.05000000000000426,-0.05000000000000426,55.9,55.95,55.9,55.95,3.0,3.0,4005.0,3475.0,False,False
006208,2022-10-26 10:29:50.497263,-0.0008936550491510653,-0.0008936550491510653,-0.05000000000000426,-0.05000000000000426,55.9,55.95,55.9,55.95,3.0,3.0,4005.0,3475.0,False,False
006208,2022-10-26 10:29:53.072516,-0.0008936550491510653,-0.0008936550491510653,-0.05000000000000426,-0.05000000000000426,55.9,55.95,55.9,55.95,3.0,3.0,4005.0,3475.0,False,False
006208,2022-10-26 10:29:53.083171,-0.0008936550491510653,-0.0008936550491510653,-0.05000000000000426,-0.05000000000000426,55.9,55.95,55.9,55.95,3.0,3.0,4005.0,3475.0,False,False
006208,2022-10-26 10:29:55.830018,-0.0008936550491510653,-0.0008936550491510653,-0.05000000000000426,-0.05000000000000426,55.9,55.95,55.9,55.95,3.0,3.0,4355.0,3475.0,True,True
006208,2022-10-26 10:29:55.847325,-0.0008936550491510653,-0.0008936550491510653,-0.05000000000000426,-0.05000000000000426,55.9,55.95,55.9,55.95,3.0,3.0,4355.0,3475.0,False,False
006208,2022-10-26 10:29:55.851210,-0.0008936550491510653,-0.0008936550491510653,-0.05000000000000426,-0.05000000000000426,55.9,55.95,55.9,55.95,3.0,3.0,4355.0,3475.0,False,False
006208,2022-10-26 10:29:55.985732,-0.0008936550491510653,-0.0008936550491510653,-0.05000000000000426,-0.05000000000000426,55.9,55.95,55.9,55.95,3.0,3.0,4355.0,3475.0,False,False
006208,2022-10-26 10:29:56.480459,-0.0008936550491510653,-0.0008936550491510653,-0.05000000000000426,-0.05000000000000426,55.9,55.95,55.9,55.95,3.0,3.0,4355.0,3475.0,False,False
006208,2022-10-26 10:29:56.484822,-0.0008936550491510653,-0.0008936550491510653,-0.05000000000000426,-0.05000000000000426,55.9,55.95,55.9,55.95,3.0,3.0,4355.0,3475.0,False,False
006208,2022-10-26 10:29:57.217250,-0.0008936550491510653,-0.0008936550491510653,-0.05000000000000426,-0.05000000000000426,55.9,55.95,55.9,55.95,3.0,3.0,4355.0,3475.0,False,False
006208,2022-10-26 10:29:57.287522,-0.0008936550491510653,-0.0008936550491510653,-0.05000000000000426,-0.05000000000000426,55.9,55.95,55.9,55.95,3.0,3.0,4355.0,3475.0,False,False
006208,2022-10-26 10:29:57.375245,-0.0008936550491510653,-0.0008936550491510653,-0.05000000000000426,-0.05000000000000426,55.9,55.95,55.9,55.95,3.0,3.0,4355.0,3475.0,False,False
006208,2022-10-26 10:29:57.923705,-0.0008936550491510653,-0.0008936550491510653,-0.05000000000000426,-0.05000000000000426,55.9,55.95,55.9,55.95,3.0,3.0,4355.0,3475.0,False,False
006208,2022-10-26 10:29:57.979053,-0.0008936550491510653,-0.0008936550491510653,-0.05000000000000426,-0.05000000000000426,55.9,55.95,55.9,55.95,3.0,2.0,4355.0,3475.0,False,False
006208,2022-10-26 10:29:57.931148,-0.0008936550491510653,-0.0008936550491510653,-0.05000000000000426,-0.05000000000000426,55.9,55.95,55.9,55.95,3.0,3.0,4355.0,3475.0,False,False
006208,2022-10-26 10:29:58.088376,-0.0008936550491510653,-0.0008936550491510653,-0.05000000000000426,-0.05000000000000426,55.9,55.95,55.9,55.95,4.0,2.0,4355.0,3475.0,False,False
006208,2022-10-26 10:29:58.225182,-0.0008936550491510653,-0.0008936550491510653,-0.05000000000000426,-0.05000000000000426,55.9,55.95,55.9,55.95,4.0,2.0,4355.0,3475.0,False,False
006208,2022-10-26 10:29:58.302033,-0.0008936550491510653,-0.0008936550491510653,-0.05000000000000426,-0.05000000000000426,55.9,55.95,55.9,55.95,4.0,2.0,4355.0,3475.0,False,False
006208,2022-10-26 10:29:59.446347,-0.0008936550491510653,-0.0008936550491510653,-0.05000000000000426,-0.05000000000000426,55.9,55.95,55.9,55.95,4.0,2.0,4355.0,3475.0,False,False
006208,2022-10-26 10:29:59.469005,-0.0008936550491510653,-0.0008936550491510653,-0.05000000000000426,-0.05000000000000426,55.9,55.95,55.9,55.95,4.0,77.0,4355.0,3475.0,False,False
006208,2022-10-26 10:29:59.542558,-0.0008936550491510653,-0.0008936550491510653,-0.05000000000000426,-0.05000000000000426,55.9,55.95,55.9,55.95,4.0,77.0,4355.0,3475.0,False,False
006208,2022-10-26 10:30:00.475909,-0.0008936550491510653,-0.0008936550491510653,-0.05000000000000426,-0.05000000000000426,55.9,55.95,55.9,55.95,4.0,177.0,4355.0,3475.0,False,False
006208,2022-10-26 10:30:02.039709,-0.0008936550491510653,-0.0008936550491510653,-0.05000000000000426,-0.05000000000000426,55.9,55.95,55.9,55.95,4.0,177.0,4355.0,3475.0,False,False
006208,2022-10-26 10:30:02.183401,-0.0008936550491510653,-0.0008936550491510653,-0.05000000000000426,-0.05000000000000426,55.9,55.95,55.9,55.95,4.0,177.0,4355.0,3475.0,False,False
006208,2022-10-26 10:30:03.160077,-0.0008936550491510653,-0.0008936550491510653,-0.05000000000000426,-0.05000000000000426,55.9,55.95,55.9,55.95,4.0,177.0,4355.0,3475.0,False,False
006208,2022-10-26 10:30:03.171170,-0.0008936550491510653,-0.0008936550491510653,-0.05000000000000426,-0.05000000000000426,55.9,55.95,55.9,55.95,4.0,177.0,4355.0,3475.0,False,False
006208,2022-10-26 10:30:05.927232,-0.0008936550491510653,-0.0008936550491510653,-0.05000000000000426,-0.05000000000000426,55.9,55.95,55.9,55.95,4.0,177.0,4355.0,3565.0,True,True
006208,2022-10-26 10:30:06.027353,-0.0008936550491510653,-0.0008936550491510653,-0.05000000000000426,-0.05000000000000426,55.9,55.95,55.9,55.95,4.0,177.0,4355.0,3565.0,False,False
006208,2022-10-26 10:30:06.040305,-0.0008936550491510653,-0.0008936550491510653,-0.05000000000000426,-0.05000000000000426,55.9,55.95,55.9,55.95,4.0,177.0,4355.0,3565.0,False,False
006208,2022-10-26 10:30:06.173780,-0.0008936550491510653,-0.0008936550491510653,-0.05000000000000426,-0.05000000000000426,55.9,55.95,55.9,55.95,4.0,177.0,4355.0,3565.0,False,False
006208,2022-10-26 10:30:07.299601,-0.0008936550491510653,-0.0008936550491510653,-0.05000000000000426,-0.05000000000000426,55.9,55.95,55.9,55.95,4.0,177.0,4355.0,3565.0,False,False
006208,2022-10-26 10:30:07.340111,-0.0008936550491510653,-0.0008936550491510653,-0.05000000000000426,-0.05000000000000426,55.9,55.95,55.9,55.95,4.0,77.0,4355.0,3565.0,False,False
006208,2022-10-26 10:30:07.489895,-0.0008936550491510653,-0.0008936550491510653,-0.05000000000000426,-0.05000000000000426,55.9,55.95,55.9,55.95,4.0,77.0,4355.0,3565.0,False,False
006208,2022-10-26 10:30:07.497973,-0.0008936550491510653,-0.0008936550491510653,-0.05000000000000426,-0.05000000000000426,55.9,55.95,55.9,55.95,4.0,77.0,4355.0,3565.0,False,False
006208,2022-10-26 10:30:08.345050,-0.0008936550491510653,-0.0008936550491510653,-0.05000000000000426,-0.05000000000000426,55.9,55.95,55.9,55.95,4.0,177.0,4355.0,3565.0,False,False
006208,2022-10-26 10:30:10.411624,-0.0008936550491510653,-0.0008936550491510653,-0.05000000000000426,-0.05000000000000426,55.9,55.95,55.9,55.95,4.0,176.0,4355.0,3565.0,False,False
006208,2022-10-26 10:30:10.446677,-0.0008936550491510653,-0.0008936550491510653,-0.05000000000000426,-0.05000000000000426,55.9,55.95,55.9,55.95,4.0,176.0,4355.0,3565.0,False,False
006208,2022-10-26 10:30:12.110307,-0.0008936550491510653,-0.0008936550491510653,-0.05000000000000426,-0.05000000000000426,55.9,55.95,55.9,55.95,4.0,176.0,4355.0,3565.0,False,False
006208,2022-10-26 10:30:12.115160,-0.0008936550491510653,-0.0008936550491510653,-0.05000000000000426,-0.05000000000000426,55.9,55.95,55.9,55.95,4.0,176.0,4355.0,3565.0,False,False
006208,2022-10-26 10:30:13.324049,-0.0008936550491510653,-0.0008936550491510653,-0.05000000000000426,-0.05000000000000426,55.9,55.95,55.9,55.95,4.0,176.0,4355.0,3565.0,False,False
006208,2022-10-26 10:30:13.512773,-0.0008936550491510653,-0.0008936550491510653,-0.05000000000000426,-0.05000000000000426,55.9,55.95,55.9,55.95,4.0,176.0,4355.0,3565.0,False,False
006208,2022-10-26 10:30:13.573661,-0.0008936550491510653,-0.0008936550491510653,-0.05000000000000426,-0.05000000000000426,55.9,55.95,55.9,55.95,4.0,176.0,4355.0,3565.0,False,False
006208,2022-10-26 10:30:14.930706,-0.0008936550491510653,-0.0008936550491510653,-0.05000000000000426,-0.05000000000000426,55.9,55.95,55.9,55.95,4.0,176.0,4355.0,3565.0,False,False
006208,2022-10-26 10:30:14.938487,-0.0008936550491510653,-0.0008936550491510653,-0.05000000000000426,-0.05000000000000426,55.9,55.95,55.9,55.95,4.0,176.0,4355.0,3565.0,False,False
006208,2022-10-26 10:30:15.999196,-0.0008936550491510653,-0.0008936550491510653,-0.05000000000000426,-0.05000000000000426,55.9,55.95,55.9,55.95,4.0,176.0,4555.0,3565.0,True,True
006208,2022-10-26 10:30:16.189873,-0.0008936550491510653,-0.0008936550491510653,-0.05000000000000426,-0.05000000000000426,55.9,55.95,55.9,55.95,4.0,176.0,4555.0,3565.0,False,False
006208,2022-10-26 10:30:16.193488,-0.0008936550491510653,-0.0008936550491510653,-0.05000000000000426,-0.05000000000000426,55.9,55.95,55.9,55.95,4.0,176.0,4555.0,3565.0,False,False
006208,2022-10-26 10:30:16.344637,-0.0008936550491510653,-0.0008936550491510653,-0.05000000000000426,-0.05000000000000426,55.9,55.95,55.9,55.95,4.0,176.0,4555.0,3565.0,False,False
006208,2022-10-26 10:30:16.592132,-0.0008936550491510653,-0.0008936550491510653,-0.05000000000000426,-0.05000000000000426,55.9,55.95,55.9,55.95,4.0,176.0,4555.0,3565.0,False,False
006208,2022-10-26 10:30:16.592161,-0.0008936550491510653,-0.0008936550491510653,-0.05000000000000426,-0.05000000000000426,55.9,55.95,55.9,55.95,4.0,176.0,4555.0,3565.0,False,False
006208,2022-10-26 10:30:16.743109,-0.0008936550491510653,-0.0008936550491510653,-0.05000000000000426,-0.05000000000000426,55.9,55.95,55.9,55.95,4.0,176.0,4555.0,3565.0,False,False
006208,2022-10-26 10:30:17.349365,-0.0008936550491510653,-0.0008936550491510653,-0.05000000000000426,-0.05000000000000426,55.9,55.95,55.9,55.95,4.0,175.0,4555.0,3565.0,False,False
006208,2022-10-26 10:30:18.188394,-0.0008936550491510653,-0.0008936550491510653,-0.05000000000000426,-0.05000000000000426,55.9,55.95,55.9,55.95,4.0,175.0,4555.0,3565.0,False,False
006208,2022-10-26 10:30:18.296410,-0.0008936550491510653,-0.0008936550491510653,-0.05000000000000426,-0.05000000000000426,55.9,55.95,55.9,55.95,4.0,175.0,4555.0,3565.0,False,False
006208,2022-10-26 10:30:20.423106,-0.0008936550491510653,-0.0008936550491510653,-0.05000000000000426,-0.05000000000000426,55.9,55.95,55.9,55.95,4.0,174.0,4555.0,3565.0,False,False
006208,2022-10-26 10:30:22.378199,-0.0008936550491510653,-0.0008936550491510653,-0.05000000000000426,-0.05000000000000426,55.9,55.95,55.9,55.95,4.0,174.0,4555.0,3565.0,False,False
006208,2022-10-26 10:30:22.388743,-0.0008936550491510653,-0.0008936550491510653,-0.05000000000000426,-0.05000000000000426,55.9,55.95,55.9,55.95,4.0,174.0,4555.0,3565.0,False,False
006208,2022-10-26 10:30:25.614938,-0.0008936550491510653,-0.0008936550491510653,-0.05000000000000426,-0.05000000000000426,55.9,55.95,55.9,55.95,4.0,174.0,4555.0,3565.0,False,False
006208,2022-10-26 10:30:25.615281,-0.0008936550491510653,-0.0008936550491510653,-0.05000000000000426,-0.05000000000000426,55.9,55.95,55.9,55.95,4.0,100.0,4555.0,3565.0,False,False
006208,2022-10-26 10:30:26.055766,-0.0008936550491510653,-0.0008936550491510653,-0.05000000000000426,-0.05000000000000426,55.9,55.95,55.9,55.95,4.0,100.0,4555.0,3605.0,True,True
006208,2022-10-26 10:30:26.708997,-0.0008936550491510653,-0.0008936550491510653,-0.05000000000000426,-0.05000000000000426,55.9,55.95,55.9,55.95,4.0,98.0,4555.0,3605.0,False,False
006208,2022-10-26 10:30:26.754781,-0.0008936550491510653,-0.0008936550491510653,-0.05000000000000426,-0.05000000000000426,55.9,55.95,55.9,55.95,4.0,98.0,4555.0,3605.0,False,False
006208,2022-10-26 10:30:26.758304,-0.0008936550491510653,-0.0008936550491510653,-0.05000000000000426,-0.05000000000000426,55.9,55.95,55.9,55.95,4.0,98.0,4555.0,3605.0,False,False
006208,2022-10-26 10:30:26.890329,-0.0008936550491510653,-0.0008936550491510653,-0.05000000000000426,-0.05000000000000426,55.9,55.95,55.9,55.95,4.0,98.0,4555.0,3605.0,False,False
006208,2022-10-26 10:30:30.439538,-0.0008936550491510653,-0.0008936550491510653,-0.05000000000000426,-0.05000000000000426,55.9,55.95,55.9,55.95,4.0,97.0,4555.0,3605.0,False,False
006208,2022-10-26 10:30:31.118891,-0.0008936550491510653,-0.0008936550491510653,-0.05000000000000426,-0.05000000000000426,55.9,55.95,55.9,55.95,4.0,96.0,4555.0,3605.0,False,False
006208,2022-10-26 10:30:31.153804,-0.0017857142857142794,-0.0008936550491510653,-0.10000000000000142,-0.05000000000000426,55.9,56.0,55.9,55.95,4.0,406.0,4555.0,3605.0,False,False
006208,2022-10-26 10:30:31.218439,-0.0017857142857142794,-0.0008936550491510653,-0.10000000000000142,-0.05000000000000426,55.9,56.0,55.9,55.95,4.0,406.0,4555.0,3605.0,False,False
006208,2022-10-26 10:30:31.369518,-0.0017857142857142794,-0.0008936550491510653,-0.10000000000000142,-0.05000000000000426,55.9,56.0,55.9,55.95,9.0,366.0,4555.0,3605.0,False,False
006208,2022-10-26 10:30:31.444612,-0.0017857142857142794,-0.0008936550491510653,-0.10000000000000142,-0.05000000000000426,55.9,56.0,55.9,55.95,9.0,332.0,4555.0,3605.0,False,False
006208,2022-10-26 10:30:31.501776,-0.0017857142857142794,-0.0008936550491510653,-0.10000000000000142,-0.05000000000000426,55.9,56.0,55.9,55.95,9.0,332.0,4555.0,3605.0,False,False
006208,2022-10-26 10:30:32.100404,-0.0017857142857142794,-0.0008936550491510653,-0.10000000000000142,-0.05000000000000426,55.9,56.0,55.9,55.95,9.0,332.0,4555.0,3605.0,False,False
006208,2022-10-26 10:30:32.111072,-0.0017857142857142794,-0.0008936550491510653,-0.10000000000000142,-0.05000000000000426,55.9,56.0,55.9,55.95,9.0,332.0,4555.0,3605.0,False,False
006208,2022-10-26 10:30:32.219424,-0.0017857142857142794,-0.0008936550491510653,-0.10000000000000142,-0.05000000000000426,55.9,56.0,55.9,55.95,9.0,332.0,4555.0,3605.0,False,False
006208,2022-10-26 10:30:32.297143,-0.0017857142857142794,-0.0008936550491510653,-0.10000000000000142,-0.05000000000000426,55.9,56.0,55.9,55.95,9.0,332.0,4555.0,3605.0,False,False
006208,2022-10-26 10:30:34.322923,-0.0017857142857142794,-0.0008936550491510653,-0.10000000000000142,-0.05000000000000426,55.9,56.0,55.9,55.95,9.0,332.0,4555.0,3605.0,False,False
006208,2022-10-26 10:30:34.335119,-0.0017857142857142794,-0.0008936550491510653,-0.10000000000000142,-0.05000000000000426,55.9,56.0,55.9,55.95,9.0,332.0,4555.0,3605.0,False,False
006208,2022-10-26 10:30:35.388340,-0.0017857142857142794,-0.0008936550491510653,-0.10000000000000142,-0.05000000000000426,55.9,56.0,55.9,55.95,9.0,332.0,4555.0,3605.0,False,False
006208,2022-10-26 10:30:35.388732,-0.0017857142857142794,-0.0008936550491510653,-0.10000000000000142,-0.05000000000000426,55.9,56.0,55.9,55.95,9.0,312.0,4555.0,3605.0,False,False
006208,2022-10-26 10:30:35.894738,-0.0017857142857142794,-0.0008936550491510653,-0.10000000000000142,-0.05000000000000426,55.9,56.0,55.9,55.95,9.0,312.0,4555.0,3605.0,False,False
006208,2022-10-26 10:30:35.894959,-0.0017857142857142794,-0.0008936550491510653,-0.10000000000000142,-0.05000000000000426,55.9,56.0,55.9,55.95,9.0,332.0,4555.0,3605.0,False,False
006208,2022-10-26 10:30:36.105490,-0.0017857142857142794,-0.0008936550491510653,-0.10000000000000142,-0.05000000000000426,55.9,56.0,55.9,55.95,9.0,332.0,4455.0,3601.0,True,True
006208,2022-10-26 10:30:40.465877,-0.0017857142857142794,-0.0008936550491510653,-0.10000000000000142,-0.05000000000000426,55.9,56.0,55.9,55.95,9.0,331.0,4455.0,3601.0,False,False
006208,2022-10-26 10:30:41.499300,-0.0017857142857142794,-0.0008936550491510653,-0.10000000000000142,-0.05000000000000426,55.9,56.0,55.9,55.95,9.0,331.0,4455.0,3601.0,False,False
006208,2022-10-26 10:30:41.505543,-0.0017857142857142794,-0.0008936550491510653,-0.10000000000000142,-0.05000000000000426,55.9,56.0,55.9,55.95,9.0,331.0,4455.0,3601.0,False,False
006208,2022-10-26 10:30:41.636171,-0.0017857142857142794,-0.0008936550491510653,-0.10000000000000142,-0.05000000000000426,55.9,56.0,55.9,55.95,9.0,331.0,4455.0,3601.0,False,False
006208,2022-10-26 10:30:44.842118,-0.0017857142857142794,-0.0008936550491510653,-0.10000000000000142,-0.05000000000000426,55.9,56.0,55.9,55.95,9.0,331.0,4455.0,3601.0,False,False
006208,2022-10-26 10:30:44.842194,-0.0017857142857142794,-0.0008936550491510653,-0.10000000000000142,-0.05000000000000426,55.9,56.0,55.9,55.95,9.0,331.0,4455.0,3601.0,False,False
006208,2022-10-26 10:30:46.148015,-0.0017857142857142794,-0.0008936550491510653,-0.10000000000000142,-0.05000000000000426,55.9,56.0,55.9,55.95,9.0,331.0,4455.0,3561.0,True,True
006208,2022-10-26 10:30:46.310659,-0.0017857142857142794,-0.0008936550491510653,-0.10000000000000142,-0.05000000000000426,55.9,56.0,55.9,55.95,9.0,311.0,4455.0,3561.0,False,False
006208,2022-10-26 10:30:46.310812,-0.0017857142857142794,-0.0008936550491510653,-0.10000000000000142,-0.05000000000000426,55.9,56.0,55.9,55.95,9.0,311.0,4455.0,3561.0,False,False
006208,2022-10-26 10:30:49.533120,-0.0017857142857142794,-0.0008936550491510653,-0.10000000000000142,-0.05000000000000426,55.9,56.0,55.9,55.95,9.0,311.0,4455.0,3561.0,False,False
006208,2022-10-26 10:30:49.533289,-0.0017857142857142794,-0.0008936550491510653,-0.10000000000000142,-0.05000000000000426,55.9,56.0,55.9,55.95,9.0,331.0,4455.0,3561.0,False,False
006208,2022-10-26 10:30:50.458563,-0.0017857142857142794,-0.0008936550491510653,-0.10000000000000142,-0.05000000000000426,55.9,56.0,55.9,55.95,9.0,330.0,4455.0,3561.0,False,False
006208,2022-10-26 10:30:51.632630,-0.0017857142857142794,-0.0008936550491510653,-0.10000000000000142,-0.05000000000000426,55.9,56.0,55.9,55.95,9.0,330.0,4455.0,3561.0,False,False
006208,2022-10-26 10:30:51.633756,-0.0017857142857142794,-0.0008936550491510653,-0.10000000000000142,-0.05000000000000426,55.9,56.0,55.9,55.95,9.0,330.0,4455.0,3561.0,False,False
006208,2022-10-26 10:30:51.756505,-0.0017857142857142794,-0.0008936550491510653,-0.10000000000000142,-0.05000000000000426,55.9,56.0,55.9,55.95,9.0,330.0,4455.0,3561.0,False,False
006208,2022-10-26 10:30:51.767879,-0.0017857142857142794,-0.0008936550491510653,-0.10000000000000142,-0.05000000000000426,55.9,56.0,55.9,55.95,9.0,330.0,4455.0,3561.0,False,False
006208,2022-10-26 10:30:53.859861,-0.0017857142857142794,-0.0008936550491510653,-0.10000000000000142,-0.05000000000000426,55.9,56.0,55.9,55.95,9.0,330.0,4455.0,3561.0,False,False
006208,2022-10-26 10:30:53.859877,-0.0017857142857142794,-0.0008936550491510653,-0.10000000000000142,-0.05000000000000426,55.9,56.0,55.9,55.95,9.0,330.0,4455.0,3561.0,False,False
006208,2022-10-26 10:30:57.869124,-0.0017857142857142794,-0.0008936550491510653,-0.10000000000000142,-0.05000000000000426,55.9,56.0,55.9,55.95,9.0,310.0,4455.0,3561.0,False,False
006208,2022-10-26 10:30:57.869222,-0.0017857142857142794,-0.0008936550491510653,-0.10000000000000142,-0.05000000000000426,55.9,56.0,55.9,55.95,9.0,310.0,4455.0,3561.0,False,False
006208,2022-10-26 10:31:00.512021,-0.0017857142857142794,-0.0008936550491510653,-0.10000000000000142,-0.05000000000000426,55.9,56.0,55.9,55.95,9.0,309.0,4455.0,3561.0,False,False
006208,2022-10-26 10:31:00.617429,-0.0017857142857142794,-0.0008936550491510653,-0.10000000000000142,-0.05000000000000426,55.9,56.0,55.9,55.95,9.0,279.0,4455.0,3561.0,False,False
006208,2022-10-26 10:31:00.622467,-0.0017857142857142794,-0.0008936550491510653,-0.10000000000000142,-0.05000000000000426,55.9,56.0,55.9,55.95,9.0,279.0,4455.0,3561.0,False,False
006208,2022-10-26 10:31:00.931715,-0.0017857142857142794,-0.0008936550491510653,-0.10000000000000142,-0.05000000000000426,55.9,56.0,55.9,55.95,9.0,279.0,4455.0,3561.0,False,False
006208,2022-10-26 10:31:00.932088,-0.0017857142857142794,-0.0008936550491510653,-0.10000000000000142,-0.05000000000000426,55.9,56.0,55.9,55.95,9.0,299.0,4455.0,3561.0,False,False
006208,2022-10-26 10:31:01.763959,-0.0017857142857142794,-0.0008936550491510653,-0.10000000000000142,-0.05000000000000426,55.9,56.0,55.9,55.95,9.0,299.0,4455.0,3561.0,False,False
006208,2022-10-26 10:31:01.767262,-0.0017857142857142794,-0.0008936550491510653,-0.10000000000000142,-0.05000000000000426,55.9,56.0,55.9,55.95,9.0,299.0,4455.0,3561.0,False,False
006208,2022-10-26 10:31:01.901222,-0.0017857142857142794,-0.0008936550491510653,-0.10000000000000142,-0.05000000000000426,55.9,56.0,55.9,55.95,9.0,299.0,4455.0,3561.0,False,False
006208,2022-10-26 10:31:04.311782,-0.0017857142857142794,-0.0008936550491510653,-0.10000000000000142,-0.05000000000000426,55.9,56.0,55.9,55.95,9.0,299.0,4455.0,3561.0,False,False
006208,2022-10-26 10:31:04.316800,-0.0017857142857142794,-0.0008936550491510653,-0.10000000000000142,-0.05000000000000426,55.9,56.0,55.9,55.95,9.0,329.0,4455.0,3561.0,False,False
006208,2022-10-26 10:31:05.449863,-0.0017857142857142794,-0.0008936550491510653,-0.10000000000000142,-0.05000000000000426,55.9,56.0,55.9,55.95,9.0,329.0,4455.0,3542.0,False,True
006208,2022-10-26 10:31:11.891310,-0.0017857142857142794,-0.0008936550491510653,-0.10000000000000142,-0.05000000000000426,55.9,56.0,55.9,55.95,9.0,329.0,4455.0,3542.0,False,False
006208,2022-10-26 10:31:11.894279,-0.0017857142857142794,-0.0008936550491510653,-0.10000000000000142,-0.05000000000000426,55.9,56.0,55.9,55.95,9.0,329.0,4455.0,3542.0,False,False
006208,2022-10-26 10:31:12.022379,-0.0017857142857142794,-0.0008936550491510653,-0.10000000000000142,-0.05000000000000426,55.9,56.0,55.9,55.95,9.0,329.0,4455.0,3542.0,False,False
006208,2022-10-26 10:31:12.038823,-0.0017857142857142794,-0.0008936550491510653,-0.10000000000000142,-0.05000000000000426,55.9,56.0,55.9,55.95,9.0,329.0,4455.0,3542.0,False,False
006208,2022-10-26 10:31:12.714098,-0.0017857142857142794,-0.0008936550491510653,-0.10000000000000142,-0.05000000000000426,55.9,56.0,55.9,55.95,9.0,329.0,4455.0,3542.0,False,False
006208,2022-10-26 10:31:12.727120,-0.0017857142857142794,-0.0008936550491510653,-0.10000000000000142,-0.05000000000000426,55.9,56.0,55.9,55.95,9.0,279.0,4455.0,3542.0,False,False
006208,2022-10-26 10:31:13.091723,-0.0017857142857142794,-0.0008936550491510653,-0.10000000000000142,-0.05000000000000426,55.9,56.0,55.9,55.95,9.0,278.0,4455.0,3542.0,False,False
006208,2022-10-26 10:31:14.546818,-0.0017857142857142794,-0.0008936550491510653,-0.10000000000000142,-0.05000000000000426,55.9,56.0,55.9,55.95,9.0,283.0,4455.0,3542.0,False,False
006208,2022-10-26 10:31:15.494766,-0.0017857142857142794,-0.0008936550491510653,-0.10000000000000142,-0.05000000000000426,55.9,56.0,55.9,55.95,9.0,283.0,4455.0,3542.0,True,True
006208,2022-10-26 10:31:16.056450,-0.0017857142857142794,-0.0008936550491510653,-0.10000000000000142,-0.05000000000000426,55.9,56.0,55.9,55.95,9.0,283.0,4455.0,3542.0,False,False
006208,2022-10-26 10:31:16.061233,-0.0017857142857142794,-0.0008936550491510653,-0.10000000000000142,-0.05000000000000426,55.9,56.0,55.9,55.95,84.0,283.0,4455.0,3542.0,False,False
006208,2022-10-26 10:31:17.900323,-0.0017857142857142794,-0.0008936550491510653,-0.10000000000000142,-0.05000000000000426,55.9,56.0,55.9,55.95,84.0,208.0,4455.0,3542.0,False,False
006208,2022-10-26 10:31:17.998286,-0.0017857142857142794,-0.0008936550491510653,-0.10000000000000142,-0.05000000000000426,55.9,56.0,55.9,55.95,84.0,108.0,4455.0,3542.0,False,False
006208,2022-10-26 10:31:18.109828,-0.0017857142857142794,-0.0008936550491510653,-0.10000000000000142,-0.05000000000000426,55.9,56.0,55.9,55.95,84.0,108.0,4455.0,3542.0,False,False
006208,2022-10-26 10:31:18.934134,-0.0017857142857142794,-0.0008936550491510653,-0.10000000000000142,-0.05000000000000426,55.9,56.0,55.9,55.95,84.0,108.0,4455.0,3542.0,False,False
006208,2022-10-26 10:31:18.934173,-0.0017857142857142794,-0.0008936550491510653,-0.10000000000000142,-0.05000000000000426,55.9,56.0,55.9,55.95,184.0,108.0,4455.0,3542.0,False,False
006208,2022-10-26 10:31:19.378245,-0.0017857142857142794,-0.0008936550491510653,-0.10000000000000142,-0.05000000000000426,55.9,56.0,55.9,55.95,184.0,108.0,4455.0,3542.0,False,False
006208,2022-10-26 10:31:19.383659,-0.0017857142857142794,-0.0008936550491510653,-0.10000000000000142,-0.05000000000000426,55.9,56.0,55.9,55.95,184.0,108.0,4455.0,3542.0,False,False
006208,2022-10-26 10:31:19.413423,-0.0017857142857142794,-0.0008936550491510653,-0.10000000000000142,-0.05000000000000426,55.9,56.0,55.9,55.95,84.0,108.0,4455.0,3542.0,False,False
006208,2022-10-26 10:31:20.205568,-0.0017857142857142794,-0.0008936550491510653,-0.10000000000000142,-0.05000000000000426,55.9,56.0,55.9,55.95,84.0,108.0,4455.0,3542.0,False,False
006208,2022-10-26 10:31:20.220111,-0.0017857142857142794,-0.0008936550491510653,-0.10000000000000142,-0.05000000000000426,55.9,56.0,55.9,55.95,84.0,108.0,4455.0,3542.0,False,False
006208,2022-10-26 10:31:20.414891,-0.0017857142857142794,-0.0008936550491510653,-0.10000000000000142,-0.05000000000000426,55.9,56.0,55.9,55.95,184.0,108.0,4455.0,3542.0,False,False
006208,2022-10-26 10:31:20.492097,-0.0017857142857142794,-0.0008936550491510653,-0.10000000000000142,-0.05000000000000426,55.9,56.0,55.9,55.95,184.0,107.0,4455.0,3542.0,False,False
006208,2022-10-26 10:31:22.018799,-0.0017857142857142794,-0.0008936550491510653,-0.10000000000000142,-0.05000000000000426,55.9,56.0,55.9,55.95,184.0,107.0,4455.0,3542.0,False,False
006208,2022-10-26 10:31:22.025176,-0.0017857142857142794,-0.0008936550491510653,-0.10000000000000142,-0.05000000000000426,55.9,56.0,55.9,55.95,184.0,107.0,4455.0,3542.0,False,False
006208,2022-10-26 10:31:22.155235,-0.0017857142857142794,-0.0008936550491510653,-0.10000000000000142,-0.05000000000000426,55.9,56.0,55.9,55.95,84.0,127.0,4455.0,3542.0,False,False
006208,2022-10-26 10:31:22.199776,-0.0017857142857142794,-0.0008936550491510653,-0.10000000000000142,-0.05000000000000426,55.9,56.0,55.9,55.95,84.0,107.0,4455.0,3542.0,False,False
006208,2022-10-26 10:31:22.932155,-0.0017857142857142794,-0.0008936550491510653,-0.10000000000000142,-0.05000000000000426,55.9,56.0,55.9,55.95,84.0,107.0,4455.0,3542.0,False,False
006208,2022-10-26 10:31:22.933908,-0.0017857142857142794,-0.0008936550491510653,-0.10000000000000142,-0.05000000000000426,55.9,56.0,55.9,55.95,84.0,182.0,4455.0,3542.0,False,False
006208,2022-10-26 10:31:23.165875,-0.0017857142857142794,-0.0008936550491510653,-0.10000000000000142,-0.05000000000000426,55.9,56.0,55.9,55.95,84.0,282.0,4455.0,3542.0,False,False
006208,2022-10-26 10:31:23.176528,-0.0017857142857142794,-0.0008936550491510653,-0.10000000000000142,-0.05000000000000426,55.9,56.0,55.9,55.95,84.0,282.0,4455.0,3542.0,False,False
006208,2022-10-26 10:31:24.210102,-0.0017857142857142794,-0.0008936550491510653,-0.10000000000000142,-0.05000000000000426,55.9,56.0,55.9,55.95,86.0,282.0,4455.0,3542.0,False,False
006208,2022-10-26 10:31:24.319654,-0.0017857142857142794,-0.0008936550491510653,-0.10000000000000142,-0.05000000000000426,55.9,56.0,55.9,55.95,86.0,277.0,4455.0,3542.0,False,False
006208,2022-10-26 10:31:24.406236,-0.0017857142857142794,0.0,-0.10000000000000142,0.0,55.95,56.0,55.9,55.95,1.0,277.0,4455.0,3542.0,False,False
006208,2022-10-26 10:31:24.527501,-0.0017857142857142794,0.0,-0.10000000000000142,0.0,55.95,56.0,55.9,55.95,1.0,277.0,4455.0,3542.0,False,False
006208,2022-10-26 10:31:25.491250,-0.0017857142857142794,0.0,-0.10000000000000142,0.0,55.95,56.0,55.9,55.95,1.0,277.0,4455.0,3542.0,False,False
006208,2022-10-26 10:31:25.536288,-0.0017857142857142794,0.0,-0.10000000000000142,0.0,55.95,56.0,55.9,55.95,1.0,277.0,4455.0,3327.0,True,True
006208,2022-10-26 10:31:25.491580,-0.0017857142857142794,0.0,-0.10000000000000142,0.0,55.95,56.0,55.9,55.95,1.0,297.0,4455.0,3327.0,False,False
006208,2022-10-26 10:31:25.743627,-0.0017857142857142794,0.0,-0.10000000000000142,0.0,55.95,56.0,55.9,55.95,1.0,297.0,4455.0,3327.0,False,False
006208,2022-10-26 10:31:25.764310,-0.0017857142857142794,0.0,-0.10000000000000142,0.0,55.95,56.0,55.9,55.95,1.0,297.0,4455.0,3327.0,False,False
006208,2022-10-26 10:31:25.798735,-0.0017857142857142794,0.0,-0.10000000000000142,0.0,55.95,56.0,55.9,55.95,1.0,297.0,4455.0,3327.0,False,False
006208,2022-10-26 10:31:25.948308,-0.0017857142857142794,-0.0008936550491510653,-0.10000000000000142,-0.05000000000000426,55.9,56.0,55.9,55.95,11.0,297.0,4455.0,3327.0,False,False
006208,2022-10-26 10:31:25.970977,-0.0017857142857142794,-0.0008936550491510653,-0.10000000000000142,-0.05000000000000426,55.9,56.0,55.9,55.95,11.0,297.0,4455.0,3327.0,False,False
006208,2022-10-26 10:31:26.157112,-0.0017857142857142794,-0.0008936550491510653,-0.10000000000000142,-0.05000000000000426,55.9,56.0,55.9,55.95,11.0,277.0,4455.0,3327.0,False,False
006208,2022-10-26 10:31:26.290005,-0.0017857142857142794,-0.0008936550491510653,-0.10000000000000142,-0.05000000000000426,55.9,56.0,55.9,55.95,11.0,277.0,4455.0,3327.0,False,False
006208,2022-10-26 10:31:26.374656,-0.0017857142857142794,-0.0008936550491510653,-0.10000000000000142,-0.05000000000000426,55.9,56.0,55.9,55.95,11.0,277.0,4455.0,3327.0,False,False
006208,2022-10-26 10:31:26.642543,-0.0017857142857142794,-0.0008936550491510653,-0.10000000000000142,-0.05000000000000426,55.9,56.0,55.9,55.95,11.0,277.0,4455.0,3327.0,False,False
006208,2022-10-26 10:31:26.643001,-0.0017857142857142794,-0.0008936550491510653,-0.10000000000000142,-0.05000000000000426,55.9,56.0,55.9,55.95,86.0,202.0,4455.0,3327.0,False,False
006208,2022-10-26 10:31:27.034711,-0.0017857142857142794,-0.0008936550491510653,-0.10000000000000142,-0.05000000000000426,55.9,56.0,55.9,55.95,86.0,202.0,4455.0,3327.0,False,False
006208,2022-10-26 10:31:27.040451,-0.0017857142857142794,-0.0008936550491510653,-0.10000000000000142,-0.05000000000000426,55.9,56.0,55.9,55.95,86.0,202.0,4455.0,3327.0,False,False
006208,2022-10-26 10:31:27.295438,-0.0017857142857142794,-0.0008936550491510653,-0.10000000000000142,-0.05000000000000426,55.9,56.0,55.9,55.95,86.0,202.0,4455.0,3327.0,False,False
006208,2022-10-26 10:31:27.402895,-0.0017857142857142794,-0.0008936550491510653,-0.10000000000000142,-0.05000000000000426,55.9,56.0,55.9,55.95,86.0,202.0,4455.0,3327.0,False,False
006208,2022-10-26 10:31:28.701155,-0.0017857142857142794,-0.0008936550491510653,-0.10000000000000142,-0.05000000000000426,55.9,56.0,55.9,55.95,86.0,202.0,4455.0,3327.0,False,False
006208,2022-10-26 10:31:28.711108,-0.0017857142857142794,-0.0008936550491510653,-0.10000000000000142,-0.05000000000000426,55.9,56.0,55.9,55.95,86.0,202.0,4455.0,3327.0,False,False
006208,2022-10-26 10:31:28.909890,-0.0017857142857142794,0.0,-0.10000000000000142,0.0,55.95,56.0,55.9,55.95,1.0,202.0,4455.0,3327.0,False,False
006208,2022-10-26 10:31:28.970289,-0.0017857142857142794,0.0,-0.10000000000000142,0.0,55.95,56.0,55.9,55.95,1.0,202.0,4455.0,3327.0,False,False
006208,2022-10-26 10:31:29.118456,-0.0017857142857142794,0.0,-0.10000000000000142,0.0,55.95,56.0,55.9,55.95,1.0,202.0,4455.0,3327.0,False,False
006208,2022-10-26 10:31:29.275691,-0.0017857142857142794,0.0,-0.10000000000000142,0.0,55.95,56.0,55.9,55.95,1.0,62.0,4455.0,3327.0,False,False
006208,2022-10-26 10:31:29.508771,-0.0017857142857142794,0.0,-0.10000000000000142,0.0,55.95,56.0,55.9,55.95,1.0,62.0,4455.0,3327.0,False,False
006208,2022-10-26 10:31:29.508886,-0.0017857142857142794,0.0,-0.10000000000000142,0.0,55.95,56.0,55.9,55.95,1.0,62.0,4455.0,3327.0,False,False
006208,2022-10-26 10:31:30.194562,-0.0017857142857142794,0.0,-0.10000000000000142,0.0,55.95,56.0,55.9,55.95,1.0,62.0,4455.0,3327.0,False,False
006208,2022-10-26 10:31:30.497389,-0.0017857142857142794,0.0,-0.10000000000000142,0.0,55.95,56.0,55.9,55.95,1.0,61.0,4455.0,3327.0,False,False
006208,2022-10-26 10:31:30.948967,-0.0017857142857142794,0.0,-0.10000000000000142,0.0,55.95,56.0,55.9,55.95,1.0,61.0,4455.0,3327.0,False,False
006208,2022-10-26 10:31:31.050078,-0.0017857142857142794,0.0,-0.10000000000000142,0.0,55.95,56.0,55.9,55.95,1.0,61.0,4455.0,3327.0,False,False
006208,2022-10-26 10:31:31.061490,-0.0017857142857142794,0.0,-0.10000000000000142,0.0,55.95,56.0,55.9,55.95,1.0,61.0,4455.0,3327.0,False,False
006208,2022-10-26 10:31:31.387638,-0.0017857142857142794,0.0,-0.10000000000000142,0.0,55.95,56.0,55.9,55.95,1.0,53.0,4455.0,3327.0,False,False
006208,2022-10-26 10:31:31.571522,-0.0017857142857142794,0.0,-0.10000000000000142,0.0,55.95,56.0,55.9,55.95,1.0,53.0,4455.0,3327.0,False,False
006208,2022-10-26 10:31:31.702624,-0.0017857142857142794,0.0,-0.10000000000000142,0.0,55.95,56.0,55.9,55.95,1.0,53.0,4455.0,3327.0,False,False
006208,2022-10-26 10:31:31.791579,-0.0017857142857142794,0.0,-0.10000000000000142,0.0,55.95,56.0,55.9,55.95,1.0,53.0,4455.0,3327.0,False,False
006208,2022-10-26 10:31:31.843139,-0.0017857142857142794,0.0,-0.10000000000000142,0.0,55.95,56.0,55.9,55.95,1.0,53.0,4455.0,3327.0,False,False
006208,2022-10-26 10:31:32.144562,-0.0017857142857142794,0.0,-0.10000000000000142,0.0,55.95,56.0,55.9,55.95,1.0,53.0,4455.0,3327.0,False,False
006208,2022-10-26 10:31:32.153217,-0.0017857142857142794,0.0,-0.10000000000000142,0.0,55.95,56.0,55.9,55.95,1.0,53.0,4455.0,3327.0,False,False
006208,2022-10-26 10:31:32.236621,-0.0017857142857142794,0.0,-0.10000000000000142,0.0,55.95,56.0,55.9,55.95,1.0,53.0,4455.0,3327.0,False,False
006208,2022-10-26 10:31:32.494958,-0.0017857142857142794,0.0,-0.10000000000000142,0.0,55.95,56.0,55.9,55.95,1.0,53.0,4455.0,3327.0,False,False
006208,2022-10-26 10:31:32.495107,-0.0017857142857142794,0.0,-0.10000000000000142,0.0,55.95,56.0,55.9,55.95,1.0,73.0,4455.0,3327.0,False,False
006208,2022-10-26 10:31:32.644008,-0.0017857142857142794,0.0,-0.10000000000000142,0.0,55.95,56.0,55.9,55.95,1.0,73.0,4455.0,3327.0,False,False
006208,2022-10-26 10:31:33.173919,-0.0017857142857142794,0.0,-0.10000000000000142,0.0,55.95,56.0,55.9,55.95,1.0,173.0,4455.0,3327.0,False,False
006208,2022-10-26 10:31:33.432178,-0.0017857142857142794,0.0,-0.10000000000000142,0.0,55.95,56.0,55.9,55.95,1.0,213.0,4455.0,3327.0,False,False
006208,2022-10-26 10:31:33.502725,-0.0017857142857142794,0.0,-0.10000000000000142,0.0,55.95,56.0,55.9,55.95,1.0,193.0,4455.0,3327.0,False,False
006208,2022-10-26 10:31:33.553244,-0.0017857142857142794,0.0,-0.10000000000000142,0.0,55.95,56.0,55.9,55.95,1.0,193.0,4455.0,3327.0,False,False
006208,2022-10-26 10:31:33.800983,-0.0017857142857142794,0.0,-0.10000000000000142,0.0,55.95,56.0,55.9,55.95,1.0,193.0,4455.0,3327.0,False,False
006208,2022-10-26 10:31:33.893343,-0.0017857142857142794,0.0,-0.10000000000000142,0.0,55.95,56.0,55.9,55.95,1.0,268.0,4455.0,3327.0,False,False
006208,2022-10-26 10:31:34.030320,-0.0017857142857142794,0.0,-0.10000000000000142,0.0,55.95,56.0,55.9,55.95,1.0,268.0,4455.0,3327.0,False,False
006208,2022-10-26 10:31:34.103109,-0.0017857142857142794,0.0,-0.10000000000000142,0.0,55.95,56.0,55.9,55.95,1.0,268.0,4455.0,3327.0,False,False
006208,2022-10-26 10:31:34.283693,-0.0017857142857142794,0.0,-0.10000000000000142,0.0,55.95,56.0,55.9,55.95,1.0,153.0,4455.0,3327.0,False,False
006208,2022-10-26 10:31:34.370351,-0.0017857142857142794,0.0,-0.10000000000000142,0.0,55.95,56.0,55.9,55.95,1.0,153.0,4455.0,3327.0,False,False
006208,2022-10-26 10:31:34.571918,-0.0017857142857142794,0.0,-0.10000000000000142,0.0,55.95,56.0,55.9,55.95,2.0,153.0,4455.0,3327.0,False,False
006208,2022-10-26 10:31:34.627070,-0.0017857142857142794,0.0,-0.10000000000000142,0.0,55.95,56.0,55.9,55.95,2.0,153.0,4455.0,3327.0,False,False
006208,2022-10-26 10:31:35.041400,-0.0017857142857142794,0.0,-0.10000000000000142,0.0,55.95,56.0,55.9,55.95,2.0,153.0,4455.0,3327.0,False,False
006208,2022-10-26 10:31:35.066191,-0.0017857142857142794,0.0,-0.10000000000000142,0.0,55.95,56.0,55.9,55.95,2.0,153.0,4455.0,3327.0,False,False
006208,2022-10-26 10:31:35.576619,-0.0017857142857142794,0.0,-0.10000000000000142,0.0,55.95,56.0,55.9,55.95,2.0,153.0,4655.0,3277.0,True,True
006208,2022-10-26 10:31:35.697223,-0.0017857142857142794,0.0,-0.10000000000000142,0.0,55.95,56.0,55.9,55.95,2.0,193.0,4655.0,3277.0,False,False
006208,2022-10-26 10:31:36.286998,-0.0017857142857142794,0.0,-0.10000000000000142,0.0,55.95,56.0,55.9,55.95,2.0,153.0,4655.0,3277.0,False,False
006208,2022-10-26 10:31:37.047206,-0.0017857142857142794,0.0,-0.10000000000000142,0.0,55.95,56.0,55.9,55.95,2.0,153.0,4655.0,3277.0,False,False
006208,2022-10-26 10:31:37.072415,-0.0017857142857142794,0.0,-0.10000000000000142,0.0,55.95,56.0,55.9,55.95,2.0,53.0,4655.0,3277.0,False,False
006208,2022-10-26 10:31:37.469253,-0.0017857142857142794,0.0,-0.10000000000000142,0.0,55.95,56.0,55.9,55.95,2.0,53.0,4655.0,3277.0,False,False
006208,2022-10-26 10:31:38.073473,-0.0017857142857142794,0.0,-0.10000000000000142,0.0,55.95,56.0,55.9,55.95,2.0,153.0,4655.0,3277.0,False,False
006208,2022-10-26 10:31:38.363673,-0.0017857142857142794,0.0,-0.10000000000000142,0.0,55.95,56.0,55.9,55.95,2.0,153.0,4655.0,3277.0,False,False
006208,2022-10-26 10:31:38.395548,-0.0017857142857142794,0.0,-0.10000000000000142,0.0,55.95,56.0,55.9,55.95,2.0,53.0,4655.0,3277.0,False,False
006208,2022-10-26 10:31:38.415576,-0.0017857142857142794,0.0,-0.10000000000000142,0.0,55.95,56.0,55.9,55.95,2.0,21.0,4655.0,3277.0,False,False
006208,2022-10-26 10:31:38.582165,-0.0017857142857142794,0.0,-0.10000000000000142,0.0,55.95,56.0,55.9,55.95,2.0,21.0,4655.0,3277.0,False,False
006208,2022-10-26 10:31:38.877018,-0.0017857142857142794,0.0,-0.10000000000000142,0.0,55.95,56.0,55.9,55.95,2.0,21.0,4655.0,3277.0,False,False
006208,2022-10-26 10:31:39.123057,-0.0017857142857142794,0.0,-0.10000000000000142,0.0,55.95,56.0,55.9,55.95,2.0,21.0,4655.0,3277.0,False,False
006208,2022-10-26 10:31:39.135454,-0.0017857142857142794,0.0,-0.10000000000000142,0.0,55.95,56.0,55.9,55.95,2.0,21.0,4655.0,3277.0,False,False
006208,2022-10-26 10:31:39.263568,-0.0017857142857142794,0.0,-0.10000000000000142,0.0,55.95,56.0,55.9,55.95,2.0,21.0,4655.0,3277.0,False,False
006208,2022-10-26 10:31:39.396495,-0.0017857142857142794,0.0,-0.10000000000000142,0.0,55.95,56.0,55.9,55.95,2.0,21.0,4655.0,3277.0,False,False
006208,2022-10-26 10:31:39.476610,-0.0017857142857142794,0.0,-0.10000000000000142,0.0,55.95,56.0,55.9,55.95,2.0,21.0,4655.0,3277.0,False,False
006208,2022-10-26 10:31:39.635658,-0.0017857142857142794,0.0,-0.10000000000000142,0.0,55.95,56.0,55.9,55.95,2.0,21.0,4655.0,3277.0,False,False
006208,2022-10-26 10:31:39.797086,-0.0017857142857142794,0.0,-0.10000000000000142,0.0,55.95,56.0,55.9,55.95,3.0,21.0,4655.0,3277.0,False,False
006208,2022-10-26 10:31:39.833333,-0.0017857142857142794,0.0,-0.10000000000000142,0.0,55.95,56.0,55.9,55.95,3.0,21.0,4655.0,3277.0,False,False
006208,2022-10-26 10:31:40.518121,-0.0017857142857142794,0.0,-0.10000000000000142,0.0,55.95,56.0,55.9,55.95,3.0,20.0,4655.0,3277.0,False,False
006208,2022-10-26 10:31:40.834642,-0.0017857142857142794,0.0,-0.10000000000000142,0.0,55.95,56.0,55.9,55.95,3.0,20.0,4655.0,3277.0,False,False
006208,2022-10-26 10:31:40.855286,-0.0017857142857142794,0.0,-0.10000000000000142,0.0,55.95,56.0,55.9,55.95,3.0,20.0,4655.0,3277.0,False,False
006208,2022-10-26 10:31:41.209314,-0.0017857142857142794,0.0,-0.10000000000000142,0.0,55.95,56.0,55.9,55.95,3.0,20.0,4655.0,3277.0,False,False
006208,2022-10-26 10:31:41.209497,-0.0017857142857142794,0.0,-0.10000000000000142,0.0,55.95,56.0,55.9,55.95,3.0,20.0,4655.0,3277.0,False,False
006208,2022-10-26 10:31:41.697267,-0.0017857142857142794,0.0,-0.10000000000000142,0.0,55.95,56.0,55.9,55.95,3.0,20.0,4655.0,3277.0,False,False
006208,2022-10-26 10:31:41.708317,-0.0017857142857142794,0.0,-0.10000000000000142,0.0,55.95,56.0,55.9,55.95,3.0,20.0,4655.0,3277.0,False,False
006208,2022-10-26 10:31:42.760248,-0.0017857142857142794,0.0,-0.10000000000000142,0.0,55.95,56.0,55.9,55.95,3.0,20.0,4655.0,3277.0,False,False
006208,2022-10-26 10:31:42.792036,-0.0017857142857142794,0.0,-0.10000000000000142,0.0,55.95,56.0,55.9,55.95,3.0,20.0,4655.0,3277.0,False,False
006208,2022-10-26 10:31:42.792157,-0.0017857142857142794,0.0,-0.10000000000000142,0.0,55.95,56.0,55.9,55.95,3.0,20.0,4655.0,3277.0,False,False
006208,2022-10-26 10:31:43.053533,-0.0017857142857142794,0.0,-0.10000000000000142,0.0,55.95,56.0,55.9,55.95,3.0,20.0,4655.0,3277.0,False,False
006208,2022-10-26 10:31:43.575986,-0.0017857142857142794,0.0,-0.10000000000000142,0.0,55.95,56.0,55.9,55.95,3.0,20.0,4655.0,3277.0,False,False
006208,2022-10-26 10:31:44.733005,-0.0017857142857142794,0.0,-0.10000000000000142,0.0,55.95,56.0,55.9,55.95,3.0,20.0,4655.0,3277.0,False,False
006208,2022-10-26 10:31:44.762364,-0.0017857142857142794,0.0,-0.10000000000000142,0.0,55.95,56.0,55.9,55.95,3.0,20.0,4655.0,3277.0,False,False
006208,2022-10-26 10:31:45.614825,-0.0017857142857142794,0.0,-0.10000000000000142,0.0,55.95,56.0,55.9,55.95,3.0,20.0,5155.0,3277.0,True,True
006208,2022-10-26 10:31:46.109953,-0.0017857142857142794,0.0,-0.10000000000000142,0.0,55.95,56.0,55.9,55.95,3.0,19.0,5155.0,3277.0,False,False
006208,2022-10-26 10:31:47.487696,-0.0017857142857142794,0.0,-0.10000000000000142,0.0,55.95,56.0,55.9,55.95,5.0,19.0,5155.0,3277.0,False,False
006208,2022-10-26 10:31:49.247703,-0.0017857142857142794,0.0,-0.10000000000000142,0.0,55.95,56.0,55.9,55.95,5.0,19.0,5155.0,3277.0,False,False
006208,2022-10-26 10:31:49.252468,-0.0017857142857142794,0.0,-0.10000000000000142,0.0,55.95,56.0,55.9,55.95,5.0,19.0,5155.0,3277.0,False,False
006208,2022-10-26 10:31:49.382431,-0.0017857142857142794,0.0,-0.10000000000000142,0.0,55.95,56.0,55.9,55.95,5.0,19.0,5155.0,3277.0,False,False
006208,2022-10-26 10:31:50.492360,-0.0017857142857142794,0.0,-0.10000000000000142,0.0,55.95,56.0,55.9,55.95,5.0,18.0,5155.0,3277.0,False,False
006208,2022-10-26 10:31:55.661177,-0.0017857142857142794,0.0,-0.10000000000000142,0.0,55.95,56.0,55.9,55.95,5.0,18.0,5499.0,3077.0,True,True
006208,2022-10-26 10:31:57.703755,-0.0017857142857142794,0.0,-0.10000000000000142,0.0,55.95,56.0,55.9,55.95,5.0,17.0,5499.0,3077.0,False,False
006208,2022-10-26 10:31:59.379737,-0.0017857142857142794,0.0,-0.10000000000000142,0.0,55.95,56.0,55.9,55.95,5.0,17.0,5499.0,3077.0,False,False
006208,2022-10-26 10:31:59.383419,-0.0017857142857142794,0.0,-0.10000000000000142,0.0,55.95,56.0,55.9,55.95,5.0,17.0,5499.0,3077.0,False,False
006208,2022-10-26 10:31:59.510476,-0.0017857142857142794,0.0,-0.10000000000000142,0.0,55.95,56.0,55.9,55.95,5.0,17.0,5499.0,3077.0,False,False
006208,2022-10-26 10:32:00.512924,-0.0017857142857142794,0.0,-0.10000000000000142,0.0,55.95,56.0,55.9,55.95,5.0,16.0,5499.0,3077.0,False,False
006208,2022-10-26 10:32:03.654677,-0.0017857142857142794,0.0,-0.10000000000000142,0.0,55.95,56.0,55.9,55.95,5.0,15.0,5499.0,3077.0,False,False
006208,2022-10-26 10:32:05.108004,-0.0017857142857142794,0.0,-0.10000000000000142,0.0,55.95,56.0,55.9,55.95,5.0,15.0,5499.0,3077.0,False,False
006208,2022-10-26 10:32:05.710630,-0.0017857142857142794,0.0,-0.10000000000000142,0.0,55.95,56.0,55.9,55.95,5.0,15.0,5999.0,2995.0,True,True
006208,2022-10-26 10:32:06.084153,-0.0017857142857142794,0.0,-0.10000000000000142,0.0,55.95,56.0,55.9,55.95,5.0,20.0,5999.0,2995.0,False,False
006208,2022-10-26 10:32:08.691605,-0.0017857142857142794,0.0,-0.10000000000000142,0.0,55.95,56.0,55.9,55.95,5.0,14.0,5999.0,2995.0,False,False
006208,2022-10-26 10:32:09.503999,-0.0017857142857142794,0.0,-0.10000000000000142,0.0,55.95,56.0,55.9,55.95,5.0,14.0,5999.0,2995.0,False,False
006208,2022-10-26 10:32:09.510288,-0.0017857142857142794,0.0,-0.10000000000000142,0.0,55.95,56.0,55.9,55.95,5.0,14.0,5999.0,2995.0,False,False
006208,2022-10-26 10:32:09.632489,-0.0017857142857142794,0.0,-0.10000000000000142,0.0,55.95,56.0,55.9,55.95,5.0,14.0,5999.0,2995.0,False,False
006208,2022-10-26 10:32:09.646390,-0.0017857142857142794,0.0,-0.10000000000000142,0.0,55.95,56.0,55.9,55.95,5.0,14.0,5999.0,2995.0,False,False
006208,2022-10-26 10:32:12.737986,-0.0017857142857142794,0.0,-0.10000000000000142,0.0,55.95,56.0,55.9,55.95,4.0,14.0,5999.0,2995.0,False,False
006208,2022-10-26 10:32:13.604742,-0.0017857142857142794,0.0,-0.10000000000000142,0.0,55.95,56.0,55.9,55.95,4.0,14.0,5999.0,2995.0,False,False
006208,2022-10-26 10:32:13.604964,-0.0017857142857142794,0.0,-0.10000000000000142,0.0,55.95,56.0,55.9,55.95,4.0,14.0,5999.0,2995.0,False,False
006208,2022-10-26 10:32:15.618924,-0.0017857142857142794,0.0,-0.10000000000000142,0.0,55.95,56.0,55.9,55.95,4.0,14.0,5999.0,2995.0,False,False
006208,2022-10-26 10:32:15.619172,-0.0017857142857142794,0.0,-0.10000000000000142,0.0,55.95,56.0,55.9,55.95,4.0,14.0,5999.0,2995.0,False,False
006208,2022-10-26 10:32:15.752792,-0.0017857142857142794,0.0,-0.10000000000000142,0.0,55.95,56.0,55.9,55.95,4.0,14.0,6149.0,2935.0,True,True
006208,2022-10-26 10:32:17.273384,-0.0017857142857142794,0.0,-0.10000000000000142,0.0,55.95,56.0,55.9,55.95,4.0,14.0,6149.0,2935.0,False,False
006208,2022-10-26 10:32:17.273607,-0.0017857142857142794,0.0,-0.10000000000000142,0.0,55.95,56.0,55.9,55.95,4.0,14.0,6149.0,2935.0,False,False
006208,2022-10-26 10:32:17.519359,-0.0017857142857142794,0.0,-0.10000000000000142,0.0,55.95,56.0,55.9,55.95,5.0,14.0,6149.0,2935.0,False,False
006208,2022-10-26 10:32:19.632688,-0.0017857142857142794,0.0,-0.10000000000000142,0.0,55.95,56.0,55.9,55.95,5.0,14.0,6149.0,2935.0,False,False
006208,2022-10-26 10:32:19.636346,-0.0017857142857142794,0.0,-0.10000000000000142,0.0,55.95,56.0,55.9,55.95,5.0,14.0,6149.0,2935.0,False,False
006208,2022-10-26 10:32:19.770960,-0.0017857142857142794,0.0,-0.10000000000000142,0.0,55.95,56.0,55.9,55.95,5.0,14.0,6149.0,2935.0,False,False
006208,2022-10-26 10:32:20.127287,-0.0017857142857142794,0.0,-0.10000000000000142,0.0,55.95,56.0,55.9,55.95,5.0,13.0,6149.0,2935.0,False,False
006208,2022-10-26 10:32:20.507475,-0.0017857142857142794,0.0,-0.10000000000000142,0.0,55.95,56.0,55.9,55.95,5.0,12.0,6149.0,2935.0,False,False
006208,2022-10-26 10:32:20.535183,-0.0017857142857142794,0.0,-0.10000000000000142,0.0,55.95,56.0,55.9,55.95,5.0,12.0,6149.0,2935.0,False,False
006208,2022-10-26 10:32:20.594865,-0.0017857142857142794,0.0,-0.10000000000000142,0.0,55.95,56.0,55.9,55.95,5.0,12.0,6149.0,2935.0,False,False
006208,2022-10-26 10:32:20.626811,-0.0017857142857142794,0.0,-0.10000000000000142,0.0,55.95,56.0,55.9,55.95,5.0,12.0,6149.0,2935.0,False,False
006208,2022-10-26 10:32:21.063094,-0.0017857142857142794,0.0,-0.10000000000000142,0.0,55.95,56.0,55.9,55.95,5.0,12.0,6149.0,2935.0,False,False
006208,2022-10-26 10:32:21.063317,-0.0017857142857142794,0.0,-0.10000000000000142,0.0,55.95,56.0,55.9,55.95,5.0,87.0,6149.0,2935.0,False,False
006208,2022-10-26 10:32:21.535987,-0.0017857142857142794,0.0,-0.10000000000000142,0.0,55.95,56.0,55.9,55.95,5.0,187.0,6149.0,2935.0,False,False
006208,2022-10-26 10:32:22.255233,-0.0017857142857142794,0.0,-0.10000000000000142,0.0,55.95,56.0,55.9,55.95,5.0,187.0,6149.0,2935.0,False,False
006208,2022-10-26 10:32:22.266360,-0.0017857142857142794,0.0,-0.10000000000000142,0.0,55.95,56.0,55.9,55.95,5.0,187.0,6149.0,2935.0,False,False
006208,2022-10-26 10:32:22.803016,-0.0017857142857142794,0.0,-0.10000000000000142,0.0,55.95,56.0,55.9,55.95,5.0,187.0,6149.0,2935.0,False,False
006208,2022-10-26 10:32:22.812697,-0.0017857142857142794,0.0,-0.10000000000000142,0.0,55.95,56.0,55.9,55.95,5.0,187.0,6149.0,2935.0,False,False
006208,2022-10-26 10:32:24.311571,-0.0017857142857142794,0.0,-0.10000000000000142,0.0,55.95,56.0,55.9,55.95,5.0,187.0,6149.0,2935.0,False,False
006208,2022-10-26 10:32:24.320779,-0.0017857142857142794,0.0,-0.10000000000000142,0.0,55.95,56.0,55.9,55.95,5.0,187.0,6149.0,2935.0,False,False
006208,2022-10-26 10:32:25.792961,-0.0017857142857142794,0.0,-0.10000000000000142,0.0,55.95,56.0,55.9,55.95,5.0,187.0,6149.0,2935.0,True,True
006208,2022-10-26 10:32:27.685479,-0.0017857142857142794,0.0,-0.10000000000000142,0.0,55.95,56.0,55.9,55.95,5.0,187.0,6149.0,2935.0,False,False
006208,2022-10-26 10:32:27.985898,-0.0017857142857142794,0.0,-0.10000000000000142,0.0,55.95,56.0,55.9,55.95,5.0,187.0,6149.0,2935.0,False,False
006208,2022-10-26 10:32:29.760704,-0.0017857142857142794,0.0,-0.10000000000000142,0.0,55.95,56.0,55.9,55.95,5.0,187.0,6149.0,2935.0,False,False
006208,2022-10-26 10:32:29.763902,-0.0017857142857142794,0.0,-0.10000000000000142,0.0,55.95,56.0,55.9,55.95,5.0,187.0,6149.0,2935.0,False,False
006208,2022-10-26 10:32:29.933974,-0.0017857142857142794,0.0,-0.10000000000000142,0.0,55.95,56.0,55.9,55.95,5.0,187.0,6149.0,2935.0,False,False
006208,2022-10-26 10:32:30.375559,-0.0017857142857142794,0.0,-0.10000000000000142,0.0,55.95,56.0,55.9,55.95,5.0,187.0,6149.0,2935.0,False,False
006208,2022-10-26 10:32:30.528015,-0.0017857142857142794,0.0,-0.10000000000000142,0.0,55.95,56.0,55.9,55.95,5.0,186.0,6149.0,2935.0,False,False
006208,2022-10-26 10:32:30.550138,-0.0017857142857142794,0.0,-0.10000000000000142,0.0,55.95,56.0,55.9,55.95,5.0,186.0,6149.0,2935.0,False,False
006208,2022-10-26 10:32:30.550336,-0.0017857142857142794,0.0,-0.10000000000000142,0.0,55.95,56.0,55.9,55.95,5.0,186.0,6149.0,2935.0,False,False
006208,2022-10-26 10:32:30.910077,-0.0017857142857142794,0.0,-0.10000000000000142,0.0,55.95,56.0,55.9,55.95,5.0,186.0,6149.0,2935.0,False,False
006208,2022-10-26 10:32:30.916749,-0.0017857142857142794,0.0,-0.10000000000000142,0.0,55.95,56.0,55.9,55.95,5.0,186.0,6149.0,2935.0,False,False
006208,2022-10-26 10:32:32.541895,-0.0017857142857142794,0.0,-0.10000000000000142,0.0,55.95,56.0,55.9,55.95,5.0,111.0,6149.0,2935.0,False,False
006208,2022-10-26 10:32:32.542055,-0.0017857142857142794,0.0,-0.10000000000000142,0.0,55.95,56.0,55.9,55.95,5.0,111.0,6149.0,2935.0,False,False
006208,2022-10-26 10:32:33.016546,-0.0017857142857142794,0.0,-0.10000000000000142,0.0,55.95,56.0,55.9,55.95,5.0,111.0,6149.0,2935.0,False,False
006208,2022-10-26 10:32:33.026337,-0.0017857142857142794,0.0,-0.10000000000000142,0.0,55.95,56.0,55.9,55.95,5.0,111.0,6149.0,2935.0,False,False
006208,2022-10-26 10:32:33.618815,-0.0017857142857142794,0.0,-0.10000000000000142,0.0,55.95,56.0,55.9,55.95,5.0,111.0,6149.0,2935.0,False,False
006208,2022-10-26 10:32:33.648248,-0.0017857142857142794,0.0,-0.10000000000000142,0.0,55.95,56.0,55.9,55.95,5.0,11.0,6149.0,2935.0,False,False
006208,2022-10-26 10:32:34.118708,-0.0017857142857142794,0.0,-0.10000000000000142,0.0,55.95,56.0,55.9,55.95,5.0,11.0,6149.0,2935.0,False,False
006208,2022-10-26 10:32:34.118954,-0.0017857142857142794,0.0,-0.10000000000000142,0.0,55.95,56.0,55.9,55.95,5.0,11.0,6149.0,2935.0,False,False
006208,2022-10-26 10:32:34.649802,-0.0017857142857142794,0.0,-0.10000000000000142,0.0,55.95,56.0,55.9,55.95,5.0,11.0,6149.0,2935.0,False,False
006208,2022-10-26 10:32:34.702890,-0.0017857142857142794,0.0,-0.10000000000000142,0.0,55.95,56.0,55.9,55.95,5.0,11.0,6149.0,2935.0,False,False
006208,2022-10-26 10:32:34.723321,-0.0017857142857142794,0.0,-0.10000000000000142,0.0,55.95,56.0,55.9,55.95,5.0,11.0,6149.0,2935.0,False,False
006208,2022-10-26 10:32:35.545525,-0.0017857142857142794,0.0,-0.10000000000000142,0.0,55.95,56.0,55.9,55.95,5.0,11.0,6149.0,2935.0,False,False
006208,2022-10-26 10:32:35.545733,-0.0017857142857142794,0.0,-0.10000000000000142,0.0,55.95,56.0,55.9,55.95,5.0,11.0,6149.0,2935.0,False,False
006208,2022-10-26 10:32:35.829028,-0.0017857142857142794,0.0,-0.10000000000000142,0.0,55.95,56.0,55.9,55.95,5.0,11.0,6149.0,2935.0,True,True
006208,2022-10-26 10:32:36.164307,-0.0017857142857142794,0.0,-0.10000000000000142,0.0,55.95,56.0,55.9,55.95,5.0,11.0,6149.0,2935.0,False,False
006208,2022-10-26 10:32:36.164516,-0.0017857142857142794,0.0,-0.10000000000000142,0.0,55.95,56.0,55.9,55.95,5.0,11.0,6149.0,2935.0,False,False
006208,2022-10-26 10:32:36.702644,-0.0017857142857142794,0.0,-0.10000000000000142,0.0,55.95,56.0,55.9,55.95,5.0,11.0,6149.0,2935.0,False,False
006208,2022-10-26 10:32:36.724150,-0.0017857142857142794,0.0,-0.10000000000000142,0.0,55.95,56.0,55.9,55.95,5.0,11.0,6149.0,2935.0,False,False
006208,2022-10-26 10:32:37.170953,-0.0017857142857142794,0.0,-0.10000000000000142,0.0,55.95,56.0,55.9,55.95,5.0,11.0,6149.0,2935.0,False,False
006208,2022-10-26 10:32:37.171058,-0.0017857142857142794,0.0,-0.10000000000000142,0.0,55.95,56.0,55.9,55.95,5.0,11.0,6149.0,2935.0,False,False
006208,2022-10-26 10:32:38.428812,-0.0017857142857142794,0.0,-0.10000000000000142,0.0,55.95,56.0,55.9,55.95,5.0,11.0,6149.0,2935.0,False,False
006208,2022-10-26 10:32:38.439601,-0.0017857142857142794,0.0,-0.10000000000000142,0.0,55.95,56.0,55.9,55.95,5.0,11.0,6149.0,2935.0,False,False
006208,2022-10-26 10:32:38.461174,-0.0017857142857142794,0.0,-0.10000000000000142,0.0,55.95,56.0,55.9,55.95,5.0,11.0,6149.0,2935.0,False,False
006208,2022-10-26 10:32:38.727789,-0.0017857142857142794,0.0,-0.10000000000000142,0.0,55.95,56.0,55.9,55.95,5.0,11.0,6149.0,2935.0,False,False
006208,2022-10-26 10:32:38.836639,-0.0017857142857142794,0.0,-0.10000000000000142,0.0,55.95,56.0,55.9,55.95,5.0,11.0,6149.0,2935.0,False,False
006208,2022-10-26 10:32:38.836782,-0.0017857142857142794,0.0,-0.10000000000000142,0.0,55.95,56.0,55.9,55.95,5.0,11.0,6149.0,2935.0,False,False
006208,2022-10-26 10:32:40.365206,-0.0017857142857142794,0.0,-0.10000000000000142,0.0,55.95,56.0,55.9,55.95,5.0,11.0,6149.0,2935.0,False,False
006208,2022-10-26 10:32:40.375287,-0.0017857142857142794,0.0,-0.10000000000000142,0.0,55.95,56.0,55.9,55.95,5.0,11.0,6149.0,2935.0,False,False
006208,2022-10-26 10:32:40.517475,-0.0017857142857142794,0.0,-0.10000000000000142,0.0,55.95,56.0,55.9,55.95,5.0,10.0,6149.0,2935.0,False,False
006208,2022-10-26 10:32:40.505342,-0.0017857142857142794,0.0,-0.10000000000000142,0.0,55.95,56.0,55.9,55.95,5.0,11.0,6149.0,2935.0,False,False
006208,2022-10-26 10:32:40.943264,-0.0017857142857142794,0.0,-0.10000000000000142,0.0,55.95,56.0,55.9,55.95,5.0,10.0,6149.0,2935.0,False,False
006208,2022-10-26 10:32:40.944982,-0.0017857142857142794,0.0,-0.10000000000000142,0.0,55.95,56.0,55.9,55.95,5.0,10.0,6149.0,2935.0,False,False
006208,2022-10-26 10:32:40.945324,-0.0017857142857142794,0.0,-0.10000000000000142,0.0,55.95,56.0,55.9,55.95,5.0,10.0,6149.0,2935.0,False,False
006208,2022-10-26 10:32:41.730379,-0.0017857142857142794,0.0,-0.10000000000000142,0.0,55.95,56.0,55.9,55.95,5.0,10.0,6149.0,2935.0,False,False
006208,2022-10-26 10:32:41.730647,-0.0017857142857142794,0.0,-0.10000000000000142,0.0,55.95,56.0,55.9,55.95,5.0,10.0,6149.0,2935.0,False,False
006208,2022-10-26 10:32:42.726119,-0.0017857142857142794,0.0,-0.10000000000000142,0.0,55.95,56.0,55.9,55.95,5.0,10.0,6149.0,2935.0,False,False
006208,2022-10-26 10:32:42.748824,-0.0017857142857142794,0.0,-0.10000000000000142,0.0,55.95,56.0,55.9,55.95,5.0,10.0,6149.0,2935.0,False,False
006208,2022-10-26 10:32:43.076843,-0.0017857142857142794,0.0,-0.10000000000000142,0.0,55.95,56.0,55.9,55.95,5.0,10.0,6149.0,2935.0,False,False
006208,2022-10-26 10:32:43.076883,-0.0017857142857142794,0.0,-0.10000000000000142,0.0,55.95,56.0,55.9,55.95,5.0,10.0,6149.0,2935.0,False,False
006208,2022-10-26 10:32:43.299780,-0.0017857142857142794,0.0,-0.10000000000000142,0.0,55.95,56.0,55.9,55.95,5.0,10.0,6149.0,2935.0,False,False
006208,2022-10-26 10:32:43.351366,-0.0017857142857142794,0.0,-0.10000000000000142,0.0,55.95,56.0,55.9,55.95,5.0,10.0,6149.0,2935.0,False,False
006208,2022-10-26 10:32:45.878397,-0.0017857142857142794,0.0,-0.10000000000000142,0.0,55.95,56.0,55.9,55.95,5.0,10.0,6049.0,2749.0,True,True
006208,2022-10-26 10:32:48.017542,-0.0017857142857142794,0.0,-0.10000000000000142,0.0,55.95,56.0,55.9,55.95,5.0,10.0,6049.0,2749.0,False,False
006208,2022-10-26 10:32:50.500223,-0.0017857142857142794,0.0,-0.10000000000000142,0.0,55.95,56.0,55.9,55.95,5.0,10.0,6049.0,2749.0,False,False
006208,2022-10-26 10:32:50.553727,-0.0017857142857142794,0.0,-0.10000000000000142,0.0,55.95,56.0,55.9,55.95,5.0,9.0,6049.0,2749.0,False,False
006208,2022-10-26 10:32:50.505518,-0.0017857142857142794,0.0,-0.10000000000000142,0.0,55.95,56.0,55.9,55.95,5.0,10.0,6049.0,2749.0,False,False
006208,2022-10-26 10:32:50.658904,-0.0017857142857142794,0.0,-0.10000000000000142,0.0,55.95,56.0,55.9,55.95,5.0,9.0,6049.0,2749.0,False,False
006208,2022-10-26 10:32:50.825844,-0.0017857142857142794,0.0,-0.10000000000000142,0.0,55.95,56.0,55.9,55.95,5.0,9.0,6049.0,2749.0,False,False
006208,2022-10-26 10:32:50.903992,-0.0017857142857142794,0.0,-0.10000000000000142,0.0,55.95,56.0,55.9,55.95,5.0,9.0,6049.0,2749.0,False,False
006208,2022-10-26 10:32:51.135926,-0.0017857142857142794,0.0,-0.10000000000000142,0.0,55.95,56.0,55.9,55.95,5.0,9.0,6049.0,2749.0,False,False
006208,2022-10-26 10:32:51.136093,-0.0017857142857142794,0.0,-0.10000000000000142,0.0,55.95,56.0,55.9,55.95,5.0,9.0,6049.0,2749.0,False,False
006208,2022-10-26 10:32:51.232022,-0.0017857142857142794,0.0,-0.10000000000000142,0.0,55.95,56.0,55.9,55.95,5.0,9.0,6049.0,2749.0,False,False
006208,2022-10-26 10:32:51.232307,-0.0017857142857142794,0.0,-0.10000000000000142,0.0,55.95,56.0,55.9,55.95,5.0,9.0,6049.0,2749.0,False,False
006208,2022-10-26 10:32:51.660200,-0.0017857142857142794,0.0,-0.10000000000000142,0.0,55.95,56.0,55.9,55.95,5.0,109.0,6049.0,2749.0,False,False
006208,2022-10-26 10:32:52.166640,-0.0017857142857142794,0.0,-0.10000000000000142,0.0,55.95,56.0,55.9,55.95,5.0,107.0,6049.0,2749.0,False,False
006208,2022-10-26 10:32:52.203378,-0.0017857142857142794,0.0,-0.10000000000000142,0.0,55.95,56.0,55.9,55.95,5.0,7.0,6049.0,2749.0,False,False
006208,2022-10-26 10:32:53.176392,-0.0017857142857142794,0.0,-0.10000000000000142,0.0,55.95,56.0,55.9,55.95,5.0,6.0,6049.0,2749.0,False,False
006208,2022-10-26 10:32:53.204268,-0.0017857142857142794,0.0,-0.10000000000000142,0.0,55.95,56.0,55.9,55.95,5.0,6.0,6049.0,2749.0,False,False
006208,2022-10-26 10:32:53.248326,-0.0017857142857142794,0.0,-0.10000000000000142,0.0,55.95,56.0,55.9,55.95,5.0,6.0,6049.0,2749.0,False,False
006208,2022-10-26 10:32:53.254308,-0.0017857142857142794,0.0,-0.10000000000000142,0.0,55.95,56.0,55.9,55.95,5.0,6.0,6049.0,2749.0,False,False
006208,2022-10-26 10:32:54.521098,-0.0017857142857142794,0.0,-0.10000000000000142,0.0,55.95,56.0,55.9,55.95,5.0,6.0,6049.0,2749.0,False,False
006208,2022-10-26 10:32:54.533015,-0.0017857142857142794,0.0,-0.10000000000000142,0.0,55.95,56.0,55.9,55.95,5.0,6.0,6049.0,2749.0,False,False
006208,2022-10-26 10:32:54.609252,-0.0017857142857142794,0.0,-0.10000000000000142,0.0,55.95,56.0,55.9,55.95,5.0,6.0,6049.0,2749.0,False,False
006208,2022-10-26 10:32:55.861805,-0.0017857142857142794,0.0,-0.10000000000000142,0.0,55.95,56.0,55.9,55.95,5.0,6.0,6049.0,2749.0,False,False
006208,2022-10-26 10:32:55.923676,-0.0017857142857142794,0.0,-0.10000000000000142,0.0,55.95,56.0,55.9,55.95,5.0,6.0,6049.0,2749.0,True,True
006208,2022-10-26 10:32:55.881897,-0.0017857142857142794,0.0,-0.10000000000000142,0.0,55.95,56.0,55.9,55.95,5.0,6.0,6049.0,2749.0,False,False
006208,2022-10-26 10:32:59.931769,-0.0017857142857142794,0.0,-0.10000000000000142,0.0,55.95,56.0,55.9,55.95,5.0,6.0,6049.0,2749.0,False,False
006208,2022-10-26 10:32:59.951903,-0.0017857142857142794,0.0,-0.10000000000000142,0.0,55.95,56.0,55.9,55.95,5.0,6.0,6049.0,2749.0,False,False
006208,2022-10-26 10:32:59.962733,-0.0017857142857142794,0.0,-0.10000000000000142,0.0,55.95,56.0,55.9,55.95,5.0,6.0,6049.0,2749.0,False,False
006208,2022-10-26 10:33:00.527905,-0.0017857142857142794,0.0,-0.10000000000000142,0.0,55.95,56.0,55.9,55.95,5.0,5.0,6049.0,2749.0,False,False
006208,2022-10-26 10:33:00.628403,-0.0017857142857142794,0.0,-0.10000000000000142,0.0,55.95,56.0,55.9,55.95,5.0,5.0,6049.0,2749.0,False,False
006208,2022-10-26 10:33:00.634425,-0.0017857142857142794,0.0,-0.10000000000000142,0.0,55.95,56.0,55.9,55.95,5.0,5.0,6049.0,2749.0,False,False
006208,2022-10-26 10:33:00.766810,-0.0017857142857142794,0.0,-0.10000000000000142,0.0,55.95,56.0,55.9,55.95,5.0,5.0,6049.0,2749.0,False,False
006208,2022-10-26 10:33:01.093461,-0.0017857142857142794,0.0,-0.10000000000000142,0.0,55.95,56.0,55.9,55.95,5.0,5.0,6049.0,2749.0,False,False
006208,2022-10-26 10:33:01.093614,-0.0017857142857142794,0.0,-0.10000000000000142,0.0,55.95,56.0,55.9,55.95,5.0,5.0,6049.0,2749.0,False,False
006208,2022-10-26 10:33:01.780008,-0.0017857142857142794,0.0,-0.10000000000000142,0.0,55.95,56.0,55.9,55.95,5.0,5.0,6049.0,2749.0,False,False
006208,2022-10-26 10:33:01.780353,-0.0017857142857142794,0.0,-0.10000000000000142,0.0,55.95,56.0,55.9,55.95,5.0,5.0,6049.0,2749.0,False,False
006208,2022-10-26 10:33:01.917511,-0.0017857142857142794,0.0,-0.10000000000000142,0.0,55.95,56.0,55.9,55.95,5.0,5.0,6049.0,2749.0,False,False
006208,2022-10-26 10:33:03.518102,-0.0017857142857142794,0.0,-0.10000000000000142,0.0,55.95,56.0,55.9,55.95,5.0,5.0,6049.0,2749.0,False,False
006208,2022-10-26 10:33:03.518599,-0.0017857142857142794,0.0,-0.10000000000000142,0.0,55.95,56.0,55.9,55.95,5.0,5.0,6049.0,2749.0,False,False
006208,2022-10-26 10:33:05.963844,-0.0017857142857142794,0.0,-0.10000000000000142,0.0,55.95,56.0,55.9,55.95,5.0,5.0,6049.0,2739.0,True,True
006208,2022-10-26 10:33:06.045967,-0.0017857142857142794,0.0,-0.10000000000000142,0.0,55.95,56.0,55.9,55.95,5.0,5.0,6049.0,2739.0,False,False
006208,2022-10-26 10:33:06.046227,-0.0017857142857142794,0.0,-0.10000000000000142,0.0,55.95,56.0,55.9,55.95,5.0,5.0,6049.0,2739.0,False,False
006208,2022-10-26 10:33:06.261909,-0.0017857142857142794,0.0,-0.10000000000000142,0.0,55.95,56.0,55.9,55.95,5.0,5.0,6049.0,2739.0,False,False
006208,2022-10-26 10:33:06.262226,-0.0017857142857142794,0.0,-0.10000000000000142,0.0,55.95,56.0,55.9,55.95,5.0,5.0,6049.0,2739.0,False,False
006208,2022-10-26 10:33:07.883167,-0.0017857142857142794,0.0,-0.10000000000000142,0.0,55.95,56.0,55.9,55.95,5.0,5.0,6049.0,2739.0,False,False
006208,2022-10-26 10:33:08.742043,-0.0017857142857142794,0.0,-0.10000000000000142,0.0,55.95,56.0,55.9,55.95,5.0,5.0,6049.0,2739.0,False,False
006208,2022-10-26 10:33:09.013762,-0.0017857142857142794,0.0,-0.10000000000000142,0.0,55.95,56.0,55.9,55.95,3.0,5.0,6049.0,2739.0,False,False
006208,2022-10-26 10:33:10.645354,-0.0017857142857142794,0.0,-0.10000000000000142,0.0,55.95,56.0,55.9,55.95,3.0,5.0,6049.0,2739.0,False,False
006208,2022-10-26 10:33:10.657106,-0.0017857142857142794,0.0,-0.10000000000000142,0.0,55.95,56.0,55.9,55.95,3.0,5.0,6049.0,2739.0,False,False
006208,2022-10-26 10:33:10.761163,-0.0017857142857142794,0.0,-0.10000000000000142,0.0,55.95,56.0,55.9,55.95,3.0,5.0,6049.0,2739.0,False,False
006208,2022-10-26 10:33:10.895062,-0.0017857142857142794,0.0,-0.10000000000000142,0.0,55.95,56.0,55.9,55.95,3.0,5.0,6049.0,2739.0,False,False
006208,2022-10-26 10:33:11.042457,-0.0017857142857142794,0.0,-0.10000000000000142,0.0,55.95,56.0,55.9,55.95,78.0,5.0,6049.0,2739.0,False,False
006208,2022-10-26 10:33:13.381616,-0.0017857142857142794,0.0,-0.10000000000000142,0.0,55.95,56.0,55.9,55.95,78.0,5.0,6049.0,2739.0,False,False
006208,2022-10-26 10:33:16.003242,-0.0017857142857142794,0.0,-0.10000000000000142,0.0,55.95,56.0,55.9,55.95,78.0,5.0,6049.0,2739.0,True,True
006208,2022-10-26 10:33:16.824794,-0.0017857142857142794,0.0,-0.10000000000000142,0.0,55.95,56.0,55.9,55.95,78.0,5.0,6049.0,2739.0,False,False
006208,2022-10-26 10:33:16.824797,-0.0017857142857142794,0.0,-0.10000000000000142,0.0,55.95,56.0,55.9,55.95,78.0,5.0,6049.0,2739.0,False,False
006208,2022-10-26 10:33:16.875719,-0.0017857142857142794,0.0,-0.10000000000000142,0.0,55.95,56.0,55.9,55.95,78.0,5.0,6049.0,2739.0,False,False
006208,2022-10-26 10:33:17.000548,-0.0017857142857142794,0.0,-0.10000000000000142,0.0,55.95,56.0,55.9,55.95,78.0,5.0,6049.0,2739.0,False,False
006208,2022-10-26 10:33:17.259162,-0.0017857142857142794,0.0,-0.10000000000000142,0.0,55.95,56.0,55.9,55.95,78.0,5.0,6049.0,2739.0,False,False
006208,2022-10-26 10:33:17.288826,-0.0017857142857142794,0.0,-0.10000000000000142,0.0,55.95,56.0,55.9,55.95,78.0,5.0,6049.0,2739.0,False,False
006208,2022-10-26 10:33:17.349099,-0.0017857142857142794,0.0,-0.10000000000000142,0.0,55.95,56.0,55.9,55.95,78.0,5.0,6049.0,2739.0,False,False
006208,2022-10-26 10:33:18.290017,-0.0017857142857142794,0.0,-0.10000000000000142,0.0,55.95,56.0,55.9,55.95,78.0,5.0,6049.0,2739.0,False,False
006208,2022-10-26 10:33:18.323614,-0.0017857142857142794,0.0,-0.10000000000000142,0.0,55.95,56.0,55.9,55.95,78.0,5.0,6049.0,2739.0,False,False
006208,2022-10-26 10:33:18.416046,-0.0017857142857142794,0.0,-0.10000000000000142,0.0,55.95,56.0,55.9,55.95,78.0,5.0,6049.0,2739.0,False,False
006208,2022-10-26 10:33:18.574466,-0.0017857142857142794,0.0,-0.10000000000000142,0.0,55.95,56.0,55.9,55.95,78.0,5.0,6049.0,2739.0,False,False
006208,2022-10-26 10:33:18.752525,-0.0017857142857142794,0.0,-0.10000000000000142,0.0,55.95,56.0,55.9,55.95,78.0,5.0,6049.0,2739.0,False,False
006208,2022-10-26 10:33:18.752545,-0.0017857142857142794,0.0,-0.10000000000000142,0.0,55.95,56.0,55.9,55.95,78.0,5.0,6049.0,2739.0,False,False
006208,2022-10-26 10:33:19.145575,-0.0017857142857142794,0.0,-0.10000000000000142,0.0,55.95,56.0,55.9,55.95,78.0,5.0,6049.0,2739.0,False,False
006208,2022-10-26 10:33:19.157081,-0.0017857142857142794,0.0,-0.10000000000000142,0.0,55.95,56.0,55.9,55.95,78.0,5.0,6049.0,2739.0,False,False
006208,2022-10-26 10:33:19.325283,-0.0017857142857142794,0.0,-0.10000000000000142,0.0,55.95,56.0,55.9,55.95,178.0,5.0,6049.0,2739.0,False,False
006208,2022-10-26 10:33:19.770033,-0.0017857142857142794,0.0,-0.10000000000000142,0.0,55.95,56.0,55.9,55.95,178.0,5.0,6049.0,2739.0,False,False
006208,2022-10-26 10:33:19.770110,-0.0017857142857142794,0.0,-0.10000000000000142,0.0,55.95,56.0,55.9,55.95,178.0,5.0,6049.0,2739.0,False,False
006208,2022-10-26 10:33:20.537831,-0.0017857142857142794,0.0,-0.10000000000000142,0.0,55.95,56.0,55.9,55.95,178.0,4.0,6049.0,2739.0,False,False
006208,2022-10-26 10:33:20.889351,-0.0017857142857142794,0.0,-0.10000000000000142,0.0,55.95,56.0,55.9,55.95,178.0,4.0,6049.0,2739.0,False,False
006208,2022-10-26 10:33:20.892850,-0.0017857142857142794,0.0,-0.10000000000000142,0.0,55.95,56.0,55.9,55.95,178.0,4.0,6049.0,2739.0,False,False
006208,2022-10-26 10:33:21.026357,-0.0017857142857142794,0.0,-0.10000000000000142,0.0,55.95,56.0,55.9,55.95,178.0,4.0,6049.0,2739.0,False,False
006208,2022-10-26 10:33:24.342662,-0.0017857142857142794,0.0,-0.10000000000000142,0.0,55.95,56.0,55.9,55.95,178.0,4.0,6049.0,2739.0,False,False
006208,2022-10-26 10:33:24.343185,-0.0017857142857142794,0.0,-0.10000000000000142,0.0,55.95,56.0,55.9,55.95,178.0,4.0,6049.0,2739.0,False,False
006208,2022-10-26 10:33:25.369933,-0.0017857142857142794,0.0,-0.10000000000000142,0.0,55.95,56.0,55.9,55.95,178.0,2.0,6049.0,2739.0,False,False
006208,2022-10-26 10:33:25.661678,-0.0017857142857142794,0.0,-0.10000000000000142,0.0,55.95,56.0,55.9,55.95,103.0,2.0,6049.0,2739.0,False,False
006208,2022-10-26 10:33:25.694723,-0.0017857142857142794,0.0,-0.10000000000000142,0.0,55.95,56.0,55.9,55.95,3.0,2.0,6049.0,2739.0,False,False
006208,2022-10-26 10:33:26.042117,-0.0017857142857142794,0.0,-0.10000000000000142,0.0,55.95,56.0,55.9,55.95,3.0,2.0,6049.0,2739.0,True,True
006208,2022-10-26 10:33:26.137111,-0.0017857142857142794,0.0,-0.10000000000000142,0.0,55.95,56.0,55.9,55.95,3.0,2.0,6049.0,2739.0,False,False
006208,2022-10-26 10:33:26.137253,-0.0017857142857142794,0.0,-0.10000000000000142,0.0,55.95,56.0,55.9,55.95,3.0,2.0,6049.0,2739.0,False,False
006208,2022-10-26 10:33:26.684229,-0.0017857142857142794,0.0,-0.10000000000000142,0.0,55.95,56.0,55.9,55.95,3.0,2.0,6049.0,2739.0,False,False
006208,2022-10-26 10:33:26.695490,-0.0017857142857142794,0.0,-0.10000000000000142,0.0,55.95,56.0,55.9,55.95,3.0,2.0,6049.0,2739.0,False,False
006208,2022-10-26 10:33:26.799090,-0.0017857142857142794,0.0,-0.10000000000000142,0.0,55.95,56.0,55.9,55.95,3.0,2.0,6049.0,2739.0,False,False
006208,2022-10-26 10:33:26.885084,-0.0017857142857142794,0.0,-0.10000000000000142,0.0,55.95,56.0,55.9,55.95,3.0,2.0,6049.0,2739.0,False,False
006208,2022-10-26 10:33:27.166462,-0.0017857142857142794,0.0,-0.10000000000000142,0.0,55.95,56.0,55.9,55.95,3.0,1.0,6049.0,2739.0,False,False
006208,2022-10-26 10:33:27.169490,-0.0017857142857142794,0.0,-0.10000000000000142,0.0,55.95,56.0,55.9,55.95,3.0,1.0,6049.0,2739.0,False,False
006208,2022-10-26 10:33:27.169586,-0.0017857142857142794,0.0,-0.10000000000000142,0.0,55.95,56.0,55.9,55.95,3.0,1.0,6049.0,2739.0,False,False
006208,2022-10-26 10:33:27.242653,-0.0017857142857142794,0.0,-0.10000000000000142,0.0,55.95,56.0,55.9,55.95,3.0,1.0,6049.0,2739.0,False,False
006208,2022-10-26 10:33:27.399410,-0.0017857142857142794,0.0,-0.10000000000000142,0.0,55.95,56.0,55.9,55.95,3.0,1.0,6049.0,2739.0,False,False
006208,2022-10-26 10:33:29.794303,-0.0017857142857142794,0.0,-0.10000000000000142,0.0,55.95,56.0,55.9,55.95,3.0,1.0,6049.0,2739.0,False,False
006208,2022-10-26 10:33:29.794355,-0.0017857142857142794,0.0,-0.10000000000000142,0.0,55.95,56.0,55.9,55.95,3.0,1.0,6049.0,2739.0,False,False
006208,2022-10-26 10:33:29.890140,-0.0017857142857142794,0.0,-0.10000000000000142,0.0,55.95,56.0,55.9,55.95,3.0,1.0,6049.0,2739.0,False,False
006208,2022-10-26 10:33:30.079658,-0.0017857142857142794,0.0,-0.10000000000000142,0.0,55.95,56.0,55.9,55.95,6.0,1.0,6049.0,2739.0,False,False
006208,2022-10-26 10:33:30.543120,-0.00267618198037467,0.0,-0.14999999999999858,0.0,55.95,56.05,55.9,55.95,6.0,229.0,6049.0,2739.0,False,False
006208,2022-10-26 10:33:30.559657,-0.00267618198037467,0.0,-0.14999999999999858,0.0,55.95,56.05,55.9,55.95,6.0,229.0,6049.0,2739.0,False,False
006208,2022-10-26 10:33:30.585457,-0.00267618198037467,0.0,-0.14999999999999858,0.0,55.95,56.05,55.9,55.95,6.0,229.0,6049.0,2739.0,False,False
006208,2022-10-26 10:33:30.612551,-0.00267618198037467,0.0,-0.14999999999999858,0.0,55.95,56.05,55.9,55.95,6.0,229.0,6049.0,2739.0,False,False
006208,2022-10-26 10:33:30.779883,-0.00267618198037467,0.0,-0.14999999999999858,0.0,55.95,56.05,55.9,55.95,6.0,189.0,6049.0,2739.0,False,False
006208,2022-10-26 10:33:30.972079,-0.00267618198037467,0.0,-0.14999999999999858,0.0,55.95,56.05,55.9,55.95,6.0,189.0,6049.0,2739.0,False,False
006208,2022-10-26 10:33:31.122956,-0.00267618198037467,0.0,-0.14999999999999858,0.0,55.95,56.05,55.9,55.95,6.0,189.0,6049.0,2739.0,False,False
006208,2022-10-26 10:33:31.196928,-0.00267618198037467,0.0,-0.14999999999999858,0.0,55.95,56.05,55.9,55.95,7.0,189.0,6049.0,2739.0,False,False
006208,2022-10-26 10:33:32.231892,-0.00267618198037467,0.0,-0.14999999999999858,0.0,55.95,56.05,55.9,55.95,7.0,189.0,6049.0,2739.0,False,False
006208,2022-10-26 10:33:32.232039,-0.00267618198037467,0.0,-0.14999999999999858,0.0,55.95,56.05,55.9,55.95,7.0,189.0,6049.0,2739.0,False,False
006208,2022-10-26 10:33:33.194366,-0.00267618198037467,0.0,-0.14999999999999858,0.0,55.95,56.05,55.9,55.95,7.0,189.0,6049.0,2739.0,False,False
006208,2022-10-26 10:33:33.205159,-0.00267618198037467,0.0,-0.14999999999999858,0.0,55.95,56.05,55.9,55.95,7.0,189.0,6049.0,2739.0,False,False
006208,2022-10-26 10:33:33.303815,-0.00267618198037467,0.0,-0.14999999999999858,0.0,55.95,56.05,55.9,55.95,7.0,189.0,6049.0,2739.0,False,False
006208,2022-10-26 10:33:34.436809,-0.00267618198037467,0.0,-0.14999999999999858,0.0,55.95,56.05,55.9,55.95,7.0,189.0,6049.0,2739.0,False,False
006208,2022-10-26 10:33:34.449559,-0.00267618198037467,0.0,-0.14999999999999858,0.0,55.95,56.05,55.9,55.95,9.0,189.0,6049.0,2739.0,False,False
006208,2022-10-26 10:33:36.087930,-0.00267618198037467,0.0,-0.14999999999999858,0.0,55.95,56.05,55.9,55.95,9.0,189.0,6099.0,2718.0,True,True
006208,2022-10-26 10:33:37.715297,-0.00267618198037467,0.0,-0.14999999999999858,0.0,55.95,56.05,55.9,55.95,10.0,189.0,6099.0,2718.0,False,False
006208,2022-10-26 10:33:38.578873,-0.00267618198037467,0.0,-0.14999999999999858,0.0,55.95,56.05,55.9,55.95,10.0,189.0,6099.0,2718.0,False,False
006208,2022-10-26 10:33:38.584424,-0.00267618198037467,0.0,-0.14999999999999858,0.0,55.95,56.05,55.9,55.95,10.0,189.0,6099.0,2718.0,False,False
006208,2022-10-26 10:33:39.611060,-0.00267618198037467,0.0,-0.14999999999999858,0.0,55.95,56.05,55.9,55.95,10.0,189.0,6099.0,2718.0,False,False
006208,2022-10-26 10:33:39.616822,-0.00267618198037467,0.0,-0.14999999999999858,0.0,55.95,56.05,55.9,55.95,10.0,189.0,6099.0,2718.0,False,False
006208,2022-10-26 10:33:40.563441,-0.00267618198037467,0.0,-0.14999999999999858,0.0,55.95,56.05,55.9,55.95,10.0,188.0,6099.0,2718.0,False,False
006208,2022-10-26 10:33:40.906763,-0.00267618198037467,0.0,-0.14999999999999858,0.0,55.95,56.05,55.9,55.95,10.0,188.0,6099.0,2718.0,False,False
006208,2022-10-26 10:33:40.909790,-0.00267618198037467,0.0,-0.14999999999999858,0.0,55.95,56.05,55.9,55.95,10.0,188.0,6099.0,2718.0,False,False
006208,2022-10-26 10:33:41.041817,-0.00267618198037467,0.0,-0.14999999999999858,0.0,55.95,56.05,55.9,55.95,10.0,188.0,6099.0,2718.0,False,False
006208,2022-10-26 10:33:46.134751,-0.00267618198037467,0.0,-0.14999999999999858,0.0,55.95,56.05,55.9,55.95,10.0,188.0,6124.0,2718.0,True,True
006208,2022-10-26 10:33:46.165748,-0.00267618198037467,0.0,-0.14999999999999858,0.0,55.95,56.05,55.9,55.95,10.0,188.0,6124.0,2718.0,False,False
006208,2022-10-26 10:33:46.170505,-0.00267618198037467,0.0,-0.14999999999999858,0.0,55.95,56.05,55.9,55.95,10.0,188.0,6124.0,2718.0,False,False
006208,2022-10-26 10:33:47.566826,-0.00267618198037467,0.0,-0.14999999999999858,0.0,55.95,56.05,55.9,55.95,10.0,188.0,6124.0,2718.0,False,False
006208,2022-10-26 10:33:47.572169,-0.00267618198037467,0.0,-0.14999999999999858,0.0,55.95,56.05,55.9,55.95,10.0,188.0,6124.0,2718.0,False,False
006208,2022-10-26 10:33:50.553065,-0.00267618198037467,0.0,-0.14999999999999858,0.0,55.95,56.05,55.9,55.95,10.0,187.0,6124.0,2718.0,False,False
006208,2022-10-26 10:33:51.034579,-0.00267618198037467,0.0,-0.14999999999999858,0.0,55.95,56.05,55.9,55.95,10.0,187.0,6124.0,2718.0,False,False
006208,2022-10-26 10:33:51.037436,-0.00267618198037467,0.0,-0.14999999999999858,0.0,55.95,56.05,55.9,55.95,10.0,187.0,6124.0,2718.0,False,False
006208,2022-10-26 10:33:51.223487,-0.00267618198037467,0.0,-0.14999999999999858,0.0,55.95,56.05,55.9,55.95,10.0,187.0,6124.0,2718.0,False,False
006208,2022-10-26 10:33:51.257524,-0.00267618198037467,0.0,-0.14999999999999858,0.0,55.95,56.05,55.9,55.95,10.0,187.0,6124.0,2718.0,False,False
006208,2022-10-26 10:33:54.375830,-0.00267618198037467,0.0,-0.14999999999999858,0.0,55.95,56.05,55.9,55.95,10.0,187.0,6124.0,2718.0,False,False
006208,2022-10-26 10:33:54.381775,-0.00267618198037467,0.0,-0.14999999999999858,0.0,55.95,56.05,55.9,55.95,10.0,187.0,6124.0,2718.0,False,False
006208,2022-10-26 10:33:54.858135,-0.00267618198037467,0.0,-0.14999999999999858,0.0,55.95,56.05,55.9,55.95,10.0,187.0,6124.0,2718.0,False,False
006208,2022-10-26 10:33:54.858211,-0.00267618198037467,0.0,-0.14999999999999858,0.0,55.95,56.05,55.9,55.95,10.0,187.0,6124.0,2718.0,False,False
006208,2022-10-26 10:33:55.069310,-0.00267618198037467,0.0,-0.14999999999999858,0.0,55.95,56.05,55.9,55.95,10.0,187.0,6124.0,2718.0,False,False
006208,2022-10-26 10:33:55.335735,-0.00267618198037467,0.0,-0.14999999999999858,0.0,55.95,56.05,55.9,55.95,10.0,187.0,6124.0,2718.0,False,False
006208,2022-10-26 10:33:55.340311,-0.00267618198037467,0.0,-0.14999999999999858,0.0,55.95,56.05,55.9,55.95,10.0,187.0,6124.0,2718.0,False,False
006208,2022-10-26 10:33:56.184170,-0.00267618198037467,0.0,-0.14999999999999858,0.0,55.95,56.05,55.9,55.95,10.0,187.0,6124.0,2718.0,True,True
006208,2022-10-26 10:33:56.442983,-0.00267618198037467,0.0,-0.14999999999999858,0.0,55.95,56.05,55.9,55.95,15.0,187.0,6124.0,2718.0,False,False
006208,2022-10-26 10:33:58.041356,-0.00267618198037467,0.0,-0.14999999999999858,0.0,55.95,56.05,55.9,55.95,15.0,187.0,6124.0,2718.0,False,False
006208,2022-10-26 10:33:58.046282,-0.00267618198037467,0.0,-0.14999999999999858,0.0,55.95,56.05,55.9,55.95,15.0,187.0,6124.0,2718.0,False,False
006208,2022-10-26 10:33:58.491194,-0.00267618198037467,0.0,-0.14999999999999858,0.0,55.95,56.05,55.9,55.95,15.0,187.0,6124.0,2718.0,False,False
006208,2022-10-26 10:33:58.501881,-0.00267618198037467,0.0,-0.14999999999999858,0.0,55.95,56.05,55.9,55.95,15.0,187.0,6124.0,2718.0,False,False
006208,2022-10-26 10:33:59.025310,-0.00267618198037467,0.0,-0.14999999999999858,0.0,55.95,56.05,55.9,55.95,15.0,187.0,6124.0,2718.0,False,False
006208,2022-10-26 10:33:59.032768,-0.00267618198037467,0.0,-0.14999999999999858,0.0,55.95,56.05,55.9,55.95,15.0,187.0,6124.0,2718.0,False,False
006208,2022-10-26 10:34:00.144351,-0.00267618198037467,0.0,-0.14999999999999858,0.0,55.95,56.05,55.9,55.95,15.0,186.0,6124.0,2718.0,False,False
006208,2022-10-26 10:34:00.573610,-0.00267618198037467,0.0,-0.14999999999999858,0.0,55.95,56.05,55.9,55.95,15.0,185.0,6124.0,2718.0,False,False
006208,2022-10-26 10:34:00.794861,-0.00267618198037467,0.0,-0.14999999999999858,0.0,55.95,56.05,55.9,55.95,15.0,185.0,6124.0,2718.0,False,False
006208,2022-10-26 10:34:00.800007,-0.00267618198037467,0.0,-0.14999999999999858,0.0,55.95,56.05,55.9,55.95,15.0,185.0,6124.0,2718.0,False,False
006208,2022-10-26 10:34:01.165091,-0.00267618198037467,0.0,-0.14999999999999858,0.0,55.95,56.05,55.9,55.95,15.0,185.0,6124.0,2718.0,False,False
006208,2022-10-26 10:34:01.168848,-0.00267618198037467,0.0,-0.14999999999999858,0.0,55.95,56.05,55.9,55.95,15.0,185.0,6124.0,2718.0,False,False
006208,2022-10-26 10:34:01.306313,-0.00267618198037467,0.0,-0.14999999999999858,0.0,55.95,56.05,55.9,55.95,15.0,185.0,6124.0,2718.0,False,False
006208,2022-10-26 10:34:02.703368,-0.00267618198037467,0.0,-0.14999999999999858,0.0,55.95,56.05,55.9,55.95,15.0,185.0,6124.0,2718.0,False,False
006208,2022-10-26 10:34:04.307996,-0.00267618198037467,0.0,-0.14999999999999858,0.0,55.95,56.05,55.9,55.95,15.0,185.0,6124.0,2718.0,False,False
006208,2022-10-26 10:34:04.639295,-0.00267618198037467,0.0,-0.14999999999999858,0.0,55.95,56.05,55.9,55.95,15.0,185.0,6124.0,2718.0,False,False
006208,2022-10-26 10:34:05.624915,-0.00267618198037467,0.0,-0.14999999999999858,0.0,55.95,56.05,55.9,55.95,15.0,185.0,6124.0,2418.0,False,True
006208,2022-10-26 10:34:05.991662,-0.00267618198037467,0.0,-0.14999999999999858,0.0,55.95,56.05,55.9,55.95,15.0,185.0,6124.0,2418.0,False,False
006208,2022-10-26 10:34:06.002515,-0.00267618198037467,0.0,-0.14999999999999858,0.0,55.95,56.05,55.9,55.95,15.0,185.0,6124.0,2418.0,False,False
006208,2022-10-26 10:34:07.897391,-0.00267618198037467,0.0,-0.14999999999999858,0.0,55.95,56.05,55.9,55.95,15.0,185.0,6124.0,2418.0,False,False
006208,2022-10-26 10:34:07.897669,-0.00267618198037467,0.0,-0.14999999999999858,0.0,55.95,56.05,55.9,55.95,15.0,185.0,6124.0,2418.0,False,False
006208,2022-10-26 10:34:09.694242,-0.00267618198037467,0.0,-0.14999999999999858,0.0,55.95,56.05,55.9,55.95,15.0,185.0,6124.0,2418.0,False,False
006208,2022-10-26 10:34:09.704935,-0.00267618198037467,0.0,-0.14999999999999858,0.0,55.95,56.05,55.9,55.95,15.0,185.0,6124.0,2418.0,False,False
006208,2022-10-26 10:34:11.196384,-0.00267618198037467,0.0,-0.14999999999999858,0.0,55.95,56.05,55.9,55.95,15.0,185.0,6124.0,2418.0,False,False
006208,2022-10-26 10:34:11.196889,-0.00267618198037467,0.0,-0.14999999999999858,0.0,55.95,56.05,55.9,55.95,15.0,185.0,6124.0,2418.0,False,False
006208,2022-10-26 10:34:11.294266,-0.00267618198037467,0.0,-0.14999999999999858,0.0,55.95,56.05,55.9,55.95,15.0,185.0,6124.0,2418.0,False,False
006208,2022-10-26 10:34:11.424248,-0.00267618198037467,0.0,-0.14999999999999858,0.0,55.95,56.05,55.9,55.95,15.0,185.0,6124.0,2418.0,False,False
006208,2022-10-26 10:34:15.006989,-0.00267618198037467,0.0,-0.14999999999999858,0.0,55.95,56.05,55.9,55.95,16.0,185.0,6124.0,2418.0,False,False
006208,2022-10-26 10:34:15.666180,-0.00267618198037467,0.0,-0.14999999999999858,0.0,55.95,56.05,55.9,55.95,16.0,185.0,6224.0,2418.0,True,True
006208,2022-10-26 10:34:18.590104,-0.00267618198037467,0.0,-0.14999999999999858,0.0,55.95,56.05,55.9,55.95,16.0,185.0,6224.0,2418.0,False,False
006208,2022-10-26 10:34:18.590266,-0.00267618198037467,0.0,-0.14999999999999858,0.0,55.95,56.05,55.9,55.95,16.0,185.0,6224.0,2418.0,False,False
006208,2022-10-26 10:34:19.670146,-0.00267618198037467,0.0,-0.14999999999999858,0.0,55.95,56.05,55.9,55.95,16.0,185.0,6224.0,2418.0,False,False
006208,2022-10-26 10:34:19.916178,-0.00267618198037467,0.0,-0.14999999999999858,0.0,55.95,56.05,55.9,55.95,16.0,185.0,6224.0,2418.0,False,False
006208,2022-10-26 10:34:20.615019,-0.00267618198037467,0.0,-0.14999999999999858,0.0,55.95,56.05,55.9,55.95,16.0,184.0,6224.0,2418.0,False,False
006208,2022-10-26 10:34:21.418563,-0.00267618198037467,0.0,-0.14999999999999858,0.0,55.95,56.05,55.9,55.95,16.0,184.0,6224.0,2418.0,False,False
006208,2022-10-26 10:34:21.422130,-0.00267618198037467,0.0,-0.14999999999999858,0.0,55.95,56.05,55.9,55.95,16.0,184.0,6224.0,2418.0,False,False
006208,2022-10-26 10:34:21.554159,-0.00267618198037467,0.0,-0.14999999999999858,0.0,55.95,56.05,55.9,55.95,16.0,184.0,6224.0,2418.0,False,False
006208,2022-10-26 10:34:21.800845,-0.00267618198037467,0.0,-0.14999999999999858,0.0,55.95,56.05,55.9,55.95,16.0,184.0,6224.0,2418.0,False,False
006208,2022-10-26 10:34:21.800982,-0.00267618198037467,0.0,-0.14999999999999858,0.0,55.95,56.05,55.9,55.95,16.0,184.0,6224.0,2418.0,False,False
006208,2022-10-26 10:34:22.235993,-0.00267618198037467,0.0,-0.14999999999999858,0.0,55.95,56.05,55.9,55.95,16.0,184.0,6224.0,2418.0,False,False
006208,2022-10-26 10:34:22.236202,-0.00267618198037467,0.0,-0.14999999999999858,0.0,55.95,56.05,55.9,55.95,16.0,184.0,6224.0,2418.0,False,False
006208,2022-10-26 10:34:22.512183,-0.00267618198037467,0.0,-0.14999999999999858,0.0,55.95,56.05,55.9,55.95,16.0,184.0,6224.0,2418.0,False,False
006208,2022-10-26 10:34:22.512281,-0.00267618198037467,0.0,-0.14999999999999858,0.0,55.95,56.05,55.9,55.95,16.0,184.0,6224.0,2418.0,False,False
006208,2022-10-26 10:34:22.745392,-0.00267618198037467,0.0,-0.14999999999999858,0.0,55.95,56.05,55.9,55.95,16.0,202.0,6224.0,2418.0,False,False
006208,2022-10-26 10:34:22.796742,-0.00267618198037467,0.0,-0.14999999999999858,0.0,55.95,56.05,55.9,55.95,16.0,202.0,6224.0,2418.0,False,False
006208,2022-10-26 10:34:22.886738,-0.00267618198037467,0.0,-0.14999999999999858,0.0,55.95,56.05,55.9,55.95,16.0,202.0,6224.0,2418.0,False,False
006208,2022-10-26 10:34:24.285010,-0.00267618198037467,0.0,-0.14999999999999858,0.0,55.95,56.05,55.9,55.95,16.0,202.0,6224.0,2418.0,False,False
006208,2022-10-26 10:34:24.285108,-0.00267618198037467,0.0,-0.14999999999999858,0.0,55.95,56.05,55.9,55.95,16.0,202.0,6224.0,2418.0,False,False
006208,2022-10-26 10:34:25.471512,-0.00267618198037467,0.0,-0.14999999999999858,0.0,55.95,56.05,55.9,55.95,16.0,202.0,6224.0,2418.0,False,False
006208,2022-10-26 10:34:25.471685,-0.00267618198037467,0.0,-0.14999999999999858,0.0,55.95,56.05,55.9,55.95,16.0,202.0,6224.0,2418.0,False,False
006208,2022-10-26 10:34:25.572111,-0.00267618198037467,0.0,-0.14999999999999858,0.0,55.95,56.05,55.9,55.95,16.0,201.0,6224.0,2418.0,False,False
006208,2022-10-26 10:34:27.360154,-0.00267618198037467,0.0,-0.14999999999999858,0.0,55.95,56.05,55.9,55.95,16.0,201.0,6224.0,2418.0,False,False
006208,2022-10-26 10:34:27.365381,-0.00267618198037467,0.0,-0.14999999999999858,0.0,55.95,56.05,55.9,55.95,16.0,201.0,6224.0,2418.0,False,False
006208,2022-10-26 10:34:30.573213,-0.00267618198037467,0.0,-0.14999999999999858,0.0,55.95,56.05,55.9,55.95,16.0,200.0,6224.0,2418.0,False,False
006208,2022-10-26 10:34:30.631842,-0.00267618198037467,0.0,-0.14999999999999858,0.0,55.95,56.05,55.9,55.95,16.0,200.0,6224.0,2418.0,False,False
006208,2022-10-26 10:34:30.631994,-0.00267618198037467,0.0,-0.14999999999999858,0.0,55.95,56.05,55.9,55.95,16.0,200.0,6224.0,2418.0,False,False
006208,2022-10-26 10:34:30.650950,-0.00267618198037467,0.0,-0.14999999999999858,0.0,55.95,56.05,55.9,55.95,16.0,200.0,6224.0,2418.0,False,False
006208,2022-10-26 10:34:31.419592,-0.00267618198037467,0.0,-0.14999999999999858,0.0,55.95,56.05,55.9,55.95,16.0,200.0,6224.0,2418.0,False,False
006208,2022-10-26 10:34:31.488494,-0.00267618198037467,0.0,-0.14999999999999858,0.0,55.95,56.05,55.9,55.95,16.0,200.0,6224.0,2418.0,False,False
006208,2022-10-26 10:34:31.551069,-0.00267618198037467,0.0,-0.14999999999999858,0.0,55.95,56.05,55.9,55.95,16.0,200.0,6224.0,2418.0,False,False
006208,2022-10-26 10:34:31.683248,-0.00267618198037467,0.0,-0.14999999999999858,0.0,55.95,56.05,55.9,55.95,16.0,200.0,6224.0,2418.0,False,False
006208,2022-10-26 10:34:34.224980,-0.00267618198037467,0.0,-0.14999999999999858,0.0,55.95,56.05,55.9,55.95,16.0,199.0,6224.0,2418.0,False,False
006208,2022-10-26 10:34:35.745427,-0.00267618198037467,0.0,-0.14999999999999858,0.0,55.95,56.05,55.9,55.95,16.0,199.0,6224.0,2418.0,True,True
006208,2022-10-26 10:34:38.723125,-0.00267618198037467,0.0,-0.14999999999999858,0.0,55.95,56.05,55.9,55.95,16.0,199.0,6224.0,2418.0,False,False
006208,2022-10-26 10:34:38.739437,-0.00267618198037467,0.0,-0.14999999999999858,0.0,55.95,56.05,55.9,55.95,16.0,199.0,6224.0,2418.0,False,False
006208,2022-10-26 10:34:39.433760,-0.00267618198037467,0.0,-0.14999999999999858,0.0,55.95,56.05,55.9,55.95,16.0,199.0,6224.0,2418.0,False,False
006208,2022-10-26 10:34:39.433872,-0.00267618198037467,0.0,-0.14999999999999858,0.0,55.95,56.05,55.9,55.95,16.0,199.0,6224.0,2418.0,False,False
006208,2022-10-26 10:34:39.960225,-0.00267618198037467,0.0,-0.14999999999999858,0.0,55.95,56.05,55.9,55.95,16.0,199.0,6224.0,2418.0,False,False
006208,2022-10-26 10:34:39.970033,-0.00267618198037467,0.0,-0.14999999999999858,0.0,55.95,56.05,55.9,55.95,16.0,199.0,6224.0,2418.0,False,False
006208,2022-10-26 10:34:40.609349,-0.00267618198037467,0.0,-0.14999999999999858,0.0,55.95,56.05,55.9,55.95,16.0,198.0,6224.0,2418.0,False,False
006208,2022-10-26 10:34:41.677626,-0.00267618198037467,0.0,-0.14999999999999858,0.0,55.95,56.05,55.9,55.95,16.0,198.0,6224.0,2418.0,False,False
006208,2022-10-26 10:34:41.681353,-0.00267618198037467,0.0,-0.14999999999999858,0.0,55.95,56.05,55.9,55.95,16.0,198.0,6224.0,2418.0,False,False
006208,2022-10-26 10:34:41.824429,-0.00267618198037467,0.0,-0.14999999999999858,0.0,55.95,56.05,55.9,55.95,16.0,198.0,6224.0,2418.0,False,False
006208,2022-10-26 10:34:42.386186,-0.00267618198037467,0.0,-0.14999999999999858,0.0,55.95,56.05,55.9,55.95,16.0,199.0,6224.0,2418.0,False,False
006208,2022-10-26 10:34:44.184157,-0.00267618198037467,0.0,-0.14999999999999858,0.0,55.95,56.05,55.9,55.95,16.0,199.0,6224.0,2418.0,False,False
006208,2022-10-26 10:34:46.446656,-0.00267618198037467,0.0,-0.14999999999999858,0.0,55.95,56.05,55.9,55.95,16.0,199.0,6224.0,2418.0,False,False
006208,2022-10-26 10:34:46.446773,-0.00267618198037467,0.0,-0.14999999999999858,0.0,55.95,56.05,55.9,55.95,16.0,199.0,6224.0,2418.0,False,False
006208,2022-10-26 10:34:46.739360,-0.00267618198037467,0.0,-0.14999999999999858,0.0,55.95,56.05,55.9,55.95,16.0,199.0,6224.0,2418.0,False,False
006208,2022-10-26 10:34:46.744898,-0.00267618198037467,0.0,-0.14999999999999858,0.0,55.95,56.05,55.9,55.95,16.0,199.0,6224.0,2418.0,False,False
006208,2022-10-26 10:34:46.992990,-0.00267618198037467,0.0,-0.14999999999999858,0.0,55.95,56.05,55.9,55.95,16.0,200.0,6224.0,2418.0,False,False
006208,2022-10-26 10:34:47.251118,-0.00267618198037467,0.0,-0.14999999999999858,0.0,55.95,56.05,55.9,55.95,16.0,200.0,6224.0,2418.0,False,False
006208,2022-10-26 10:34:47.262863,-0.00267618198037467,0.0,-0.14999999999999858,0.0,55.95,56.05,55.9,55.95,16.0,200.0,6224.0,2418.0,False,False
006208,2022-10-26 10:34:47.362079,-0.00267618198037467,0.0,-0.14999999999999858,0.0,55.95,56.05,55.9,55.95,16.0,234.0,6224.0,2418.0,False,False
006208,2022-10-26 10:34:47.526598,-0.00267618198037467,0.0,-0.14999999999999858,0.0,55.95,56.05,55.9,55.95,16.0,234.0,6224.0,2418.0,False,False
006208,2022-10-26 10:34:47.568392,-0.00267618198037467,0.0,-0.14999999999999858,0.0,55.95,56.05,55.9,55.95,16.0,234.0,6224.0,2418.0,False,False
006208,2022-10-26 10:34:48.353077,-0.00267618198037467,0.0,-0.14999999999999858,0.0,55.95,56.05,55.9,55.95,16.0,234.0,6224.0,2418.0,False,False
006208,2022-10-26 10:34:48.374229,-0.00267618198037467,0.0,-0.14999999999999858,0.0,55.95,56.05,55.9,55.95,16.0,200.0,6224.0,2418.0,False,False
006208,2022-10-26 10:34:48.471110,-0.00267618198037467,0.0,-0.14999999999999858,0.0,55.95,56.05,55.9,55.95,16.0,200.0,6224.0,2418.0,False,False
006208,2022-10-26 10:34:48.874600,-0.00267618198037467,0.0,-0.14999999999999858,0.0,55.95,56.05,55.9,55.95,16.0,200.0,6224.0,2418.0,False,False
006208,2022-10-26 10:34:49.442544,-0.00267618198037467,0.0,-0.14999999999999858,0.0,55.95,56.05,55.9,55.95,13.0,200.0,6224.0,2418.0,False,False
006208,2022-10-26 10:34:50.583213,-0.00267618198037467,0.0,-0.14999999999999858,0.0,55.95,56.05,55.9,55.95,13.0,199.0,6224.0,2418.0,False,False
006208,2022-10-26 10:34:50.783528,-0.00267618198037467,0.0008936550491509543,-0.14999999999999858,0.04999999999999716,56.0,56.05,55.9,55.95,1.0,199.0,6224.0,2418.0,False,False
006208,2022-10-26 10:34:50.868153,-0.00267618198037467,0.0008936550491509543,-0.14999999999999858,0.04999999999999716,56.0,56.05,55.9,55.95,1.0,199.0,6224.0,2418.0,False,False
006208,2022-10-26 10:34:51.955324,-0.00267618198037467,0.0008936550491509543,-0.14999999999999858,0.04999999999999716,56.0,56.05,55.9,55.95,5.0,199.0,6224.0,2418.0,False,False
006208,2022-10-26 10:34:52.638102,-0.00267618198037467,0.0008936550491509543,-0.14999999999999858,0.04999999999999716,56.0,56.05,55.9,55.95,5.0,199.0,6224.0,2418.0,False,False
006208,2022-10-26 10:34:52.648168,-0.00267618198037467,0.0008936550491509543,-0.14999999999999858,0.04999999999999716,56.0,56.05,55.9,55.95,5.0,199.0,6224.0,2418.0,False,False
006208,2022-10-26 10:34:52.675873,-0.00267618198037467,0.0008936550491509543,-0.14999999999999858,0.04999999999999716,56.0,56.05,55.9,55.95,5.0,199.0,6224.0,2418.0,False,False
006208,2022-10-26 10:34:53.085141,-0.00267618198037467,0.0008936550491509543,-0.14999999999999858,0.04999999999999716,56.0,56.05,55.9,55.95,5.0,199.0,6224.0,2418.0,False,False
006208,2022-10-26 10:34:53.088336,-0.00267618198037467,0.0008936550491509543,-0.14999999999999858,0.04999999999999716,56.0,56.05,55.9,55.95,5.0,199.0,6224.0,2418.0,False,False
006208,2022-10-26 10:34:53.264596,-0.00267618198037467,0.0008936550491509543,-0.14999999999999858,0.04999999999999716,56.0,56.05,55.9,55.95,5.0,199.0,6224.0,2418.0,False,False
006208,2022-10-26 10:34:53.275137,-0.00267618198037467,0.0008936550491509543,-0.14999999999999858,0.04999999999999716,56.0,56.05,55.9,55.95,5.0,199.0,6224.0,2418.0,False,False
006208,2022-10-26 10:34:55.795940,-0.00267618198037467,0.0008936550491509543,-0.14999999999999858,0.04999999999999716,56.0,56.05,55.9,55.95,5.0,199.0,6224.0,2400.0,True,True
006208,2022-10-26 10:34:57.952443,-0.00267618198037467,0.0008936550491509543,-0.14999999999999858,0.04999999999999716,56.0,56.05,55.9,55.95,5.0,199.0,6224.0,2400.0,False,False
006208,2022-10-26 10:34:57.975250,-0.00267618198037467,0.0008936550491509543,-0.14999999999999858,0.04999999999999716,56.0,56.05,55.9,55.95,5.0,199.0,6224.0,2400.0,False,False
006208,2022-10-26 10:34:58.057880,-0.00267618198037467,0.0008936550491509543,-0.14999999999999858,0.04999999999999716,56.0,56.05,55.9,55.95,5.0,199.0,6224.0,2400.0,False,False
006208,2022-10-26 10:34:58.433089,-0.00267618198037467,0.0008936550491509543,-0.14999999999999858,0.04999999999999716,56.0,56.05,55.9,55.95,5.0,199.0,6224.0,2400.0,False,False
006208,2022-10-26 10:35:00.536941,-0.00267618198037467,0.0008936550491509543,-0.14999999999999858,0.04999999999999716,56.0,56.05,55.9,55.95,5.0,198.0,6224.0,2400.0,False,False
006208,2022-10-26 10:35:02.440032,-0.00267618198037467,0.0008936550491509543,-0.14999999999999858,0.04999999999999716,56.0,56.05,55.9,55.95,5.0,198.0,6224.0,2400.0,False,False
006208,2022-10-26 10:35:02.597687,-0.00267618198037467,0.0008936550491509543,-0.14999999999999858,0.04999999999999716,56.0,56.05,55.9,55.95,5.0,198.0,6224.0,2400.0,False,False
006208,2022-10-26 10:35:05.981341,-0.00267618198037467,0.0008936550491509543,-0.14999999999999858,0.04999999999999716,56.0,56.05,55.9,55.95,5.0,198.0,6224.0,2381.0,True,True
006208,2022-10-26 10:35:07.073379,-0.00267618198037467,0.0008936550491509543,-0.14999999999999858,0.04999999999999716,56.0,56.05,55.9,55.95,5.0,197.0,6224.0,2381.0,False,False
006208,2022-10-26 10:35:08.370824,-0.00267618198037467,0.0008936550491509543,-0.14999999999999858,0.04999999999999716,56.0,56.05,55.9,55.95,5.0,197.0,6224.0,2381.0,False,False
006208,2022-10-26 10:35:08.375111,-0.00267618198037467,0.0008936550491509543,-0.14999999999999858,0.04999999999999716,56.0,56.05,55.9,55.95,5.0,197.0,6224.0,2381.0,False,False
006208,2022-10-26 10:35:08.527696,-0.00267618198037467,0.0008936550491509543,-0.14999999999999858,0.04999999999999716,56.0,56.05,55.9,55.95,5.0,197.0,6224.0,2381.0,False,False
006208,2022-10-26 10:35:08.646046,-0.00267618198037467,0.0008936550491509543,-0.14999999999999858,0.04999999999999716,56.0,56.05,55.9,55.95,5.0,197.0,6224.0,2381.0,False,False
006208,2022-10-26 10:35:08.744375,-0.00267618198037467,0.0008936550491509543,-0.14999999999999858,0.04999999999999716,56.0,56.05,55.9,55.95,5.0,231.0,6224.0,2381.0,False,False
006208,2022-10-26 10:35:08.830483,-0.00267618198037467,0.0008936550491509543,-0.14999999999999858,0.04999999999999716,56.0,56.05,55.9,55.95,5.0,231.0,6224.0,2381.0,False,False
006208,2022-10-26 10:35:08.950939,-0.00267618198037467,0.0008936550491509543,-0.14999999999999858,0.04999999999999716,56.0,56.05,55.9,55.95,5.0,231.0,6224.0,2381.0,False,False
006208,2022-10-26 10:35:10.487974,-0.00267618198037467,0.0008936550491509543,-0.14999999999999858,0.04999999999999716,56.0,56.05,55.9,55.95,5.0,230.0,6224.0,2381.0,False,False
006208,2022-10-26 10:35:16.178717,-0.00267618198037467,0.0008936550491509543,-0.14999999999999858,0.04999999999999716,56.0,56.05,55.9,55.95,5.0,230.0,6224.0,1881.0,True,True
006208,2022-10-26 10:35:17.921384,-0.00267618198037467,0.0008936550491509543,-0.14999999999999858,0.04999999999999716,56.0,56.05,55.9,55.95,5.0,231.0,6224.0,1881.0,False,False
006208,2022-10-26 10:35:18.249492,-0.00267618198037467,0.0008936550491509543,-0.14999999999999858,0.04999999999999716,56.0,56.05,55.9,55.95,5.0,232.0,6224.0,1881.0,False,False
006208,2022-10-26 10:35:18.914138,-0.00267618198037467,0.0008936550491509543,-0.14999999999999858,0.04999999999999716,56.0,56.05,55.9,55.95,5.0,232.0,6224.0,1881.0,False,False
006208,2022-10-26 10:35:18.939347,-0.00267618198037467,0.0,-0.14999999999999858,0.0,55.95,56.05,55.9,55.95,46.0,232.0,6224.0,1881.0,False,False
006208,2022-10-26 10:35:18.969735,-0.00267618198037467,0.0,-0.14999999999999858,0.0,55.95,56.05,55.9,55.95,46.0,232.0,6224.0,1881.0,False,False
006208,2022-10-26 10:35:19.117015,-0.00267618198037467,0.0,-0.14999999999999858,0.0,55.95,56.05,55.9,55.95,46.0,232.0,6224.0,1881.0,False,False
006208,2022-10-26 10:35:19.183572,-0.00267618198037467,0.0,-0.14999999999999858,0.0,55.95,56.05,55.9,55.95,46.0,232.0,6224.0,1881.0,False,False
006208,2022-10-26 10:35:19.582376,-0.00267618198037467,0.0,-0.14999999999999858,0.0,55.95,56.05,55.9,55.95,46.0,232.0,6224.0,1881.0,False,False
006208,2022-10-26 10:35:19.598090,-0.00267618198037467,0.0,-0.14999999999999858,0.0,55.95,56.05,55.9,55.95,46.0,232.0,6224.0,1881.0,False,False
006208,2022-10-26 10:35:19.736451,-0.00267618198037467,0.0,-0.14999999999999858,0.0,55.95,56.05,55.9,55.95,46.0,232.0,6224.0,1881.0,False,False
006208,2022-10-26 10:35:20.870331,-0.00267618198037467,0.0,-0.14999999999999858,0.0,55.95,56.05,55.9,55.95,12.0,232.0,6224.0,1881.0,False,False
006208,2022-10-26 10:35:20.889804,-0.00267618198037467,0.0,-0.14999999999999858,0.0,55.95,56.05,55.9,55.95,12.0,232.0,6224.0,1881.0,False,False
006208,2022-10-26 10:35:20.973767,-0.00267618198037467,0.0,-0.14999999999999858,0.0,55.95,56.05,55.9,55.95,12.0,198.0,6224.0,1881.0,False,False
006208,2022-10-26 10:35:21.044049,-0.00267618198037467,0.0,-0.14999999999999858,0.0,55.95,56.05,55.9,55.95,12.0,198.0,6224.0,1881.0,False,False
006208,2022-10-26 10:35:24.726182,-0.00267618198037467,0.0,-0.14999999999999858,0.0,55.95,56.05,55.9,55.95,12.0,198.0,6224.0,1881.0,False,False
006208,2022-10-26 10:35:24.733902,-0.00267618198037467,0.0,-0.14999999999999858,0.0,55.95,56.05,55.9,55.95,12.0,198.0,6224.0,1881.0,False,False
006208,2022-10-26 10:35:24.840581,-0.00267618198037467,0.0,-0.14999999999999858,0.0,55.95,56.05,55.9,55.95,12.0,232.0,6224.0,1881.0,False,False
006208,2022-10-26 10:35:26.493195,-0.00267618198037467,0.0,-0.14999999999999858,0.0,55.95,56.05,55.9,55.95,12.0,232.0,6224.0,1881.0,False,False
006208,2022-10-26 10:35:26.493731,-0.00267618198037467,0.0,-0.14999999999999858,0.0,55.95,56.05,55.9,55.95,12.0,232.0,6224.0,1881.0,False,False
006208,2022-10-26 10:35:26.913811,-0.00267618198037467,0.0,-0.14999999999999858,0.0,55.95,56.05,55.9,55.95,12.0,232.0,6224.0,1881.0,False,False
006208,2022-10-26 10:35:26.959100,-0.00267618198037467,0.0,-0.14999999999999858,0.0,55.95,56.05,55.9,55.95,12.0,232.0,6224.0,1881.0,False,False
006208,2022-10-26 10:35:27.110078,-0.00267618198037467,0.0,-0.14999999999999858,0.0,55.95,56.05,55.9,55.95,12.0,232.0,6224.0,1881.0,False,False
006208,2022-10-26 10:35:27.275162,-0.00267618198037467,0.0,-0.14999999999999858,0.0,55.95,56.05,55.9,55.95,12.0,232.0,6224.0,1881.0,False,False
006208,2022-10-26 10:35:27.345252,-0.00267618198037467,0.0,-0.14999999999999858,0.0,55.95,56.05,55.9,55.95,12.0,272.0,6224.0,1881.0,False,False
006208,2022-10-26 10:35:27.413995,-0.00267618198037467,0.0,-0.14999999999999858,0.0,55.95,56.05,55.9,55.95,12.0,272.0,6224.0,1881.0,False,False
006208,2022-10-26 10:35:27.512589,-0.00267618198037467,0.0,-0.14999999999999858,0.0,55.95,56.05,55.9,55.95,12.0,312.0,6224.0,1881.0,False,False
006208,2022-10-26 10:35:29.159900,-0.00267618198037467,0.0,-0.14999999999999858,0.0,55.95,56.05,55.9,55.95,12.0,312.0,6224.0,1881.0,False,False
006208,2022-10-26 10:35:29.177570,-0.00267618198037467,0.0,-0.14999999999999858,0.0,55.95,56.05,55.9,55.95,12.0,312.0,6224.0,1881.0,False,False
006208,2022-10-26 10:35:29.338283,-0.00267618198037467,0.0,-0.14999999999999858,0.0,55.95,56.05,55.9,55.95,12.0,312.0,6224.0,1881.0,False,False
006208,2022-10-26 10:35:29.425300,-0.00267618198037467,0.0,-0.14999999999999858,0.0,55.95,56.05,55.9,55.95,12.0,312.0,6224.0,1881.0,False,False
006208,2022-10-26 10:35:29.524662,-0.00267618198037467,0.0,-0.14999999999999858,0.0,55.95,56.05,55.9,55.95,12.0,312.0,6224.0,1881.0,False,False
006208,2022-10-26 10:35:30.177091,-0.00267618198037467,0.0,-0.14999999999999858,0.0,55.95,56.05,55.9,55.95,12.0,312.0,6224.0,1881.0,False,False
006208,2022-10-26 10:35:30.473707,-0.00267618198037467,0.0,-0.14999999999999858,0.0,55.95,56.05,55.9,55.95,12.0,311.0,6224.0,1881.0,False,False
006208,2022-10-26 10:35:31.243170,-0.00267618198037467,0.0,-0.14999999999999858,0.0,55.95,56.05,55.9,55.95,12.0,311.0,6224.0,1881.0,False,False
006208,2022-10-26 10:35:31.259525,-0.00267618198037467,0.0,-0.14999999999999858,0.0,55.95,56.05,55.9,55.95,12.0,361.0,6224.0,1881.0,False,False
006208,2022-10-26 10:35:31.406928,-0.00267618198037467,0.0,-0.14999999999999858,0.0,55.95,56.05,55.9,55.95,12.0,361.0,6224.0,1881.0,False,False
006208,2022-10-26 10:35:31.534804,-0.00267618198037467,0.0,-0.14999999999999858,0.0,55.95,56.05,55.9,55.95,12.0,361.0,6224.0,1881.0,False,False
006208,2022-10-26 10:35:32.038296,-0.00267618198037467,0.0,-0.14999999999999858,0.0,55.95,56.05,55.9,55.95,12.0,341.0,6224.0,1881.0,False,False
006208,2022-10-26 10:35:32.053522,-0.00267618198037467,0.0,-0.14999999999999858,0.0,55.95,56.05,55.9,55.95,12.0,311.0,6224.0,1881.0,False,False
006208,2022-10-26 10:35:32.228697,-0.00267618198037467,0.0,-0.14999999999999858,0.0,55.95,56.05,55.9,55.95,12.0,311.0,6224.0,1881.0,False,False
006208,2022-10-26 10:35:32.242096,-0.00267618198037467,0.0,-0.14999999999999858,0.0,55.95,56.05,55.9,55.95,12.0,311.0,6224.0,1881.0,False,False
006208,2022-10-26 10:35:33.235122,-0.00267618198037467,0.0,-0.14999999999999858,0.0,55.95,56.05,55.9,55.95,12.0,311.0,6224.0,1881.0,False,False
006208,2022-10-26 10:35:33.264166,-0.00267618198037467,0.0,-0.14999999999999858,0.0,55.95,56.05,55.9,55.95,12.0,361.0,6224.0,1881.0,False,False
006208,2022-10-26 10:35:33.419817,-0.00267618198037467,0.0,-0.14999999999999858,0.0,55.95,56.05,55.9,55.95,12.0,361.0,6224.0,1881.0,False,False
006208,2022-10-26 10:35:33.528123,-0.00267618198037467,0.0,-0.14999999999999858,0.0,55.95,56.05,55.9,55.95,12.0,361.0,6224.0,1881.0,False,False
006208,2022-10-26 10:35:34.264020,-0.0017857142857142794,0.0,-0.10000000000000142,0.0,55.95,56.0,55.9,55.95,12.0,100.0,6224.0,1881.0,False,False
006208,2022-10-26 10:35:34.324294,-0.0017857142857142794,0.0,-0.10000000000000142,0.0,55.95,56.0,55.9,55.95,12.0,100.0,6224.0,1881.0,False,False
006208,2022-10-26 10:35:34.502213,-0.0017857142857142794,0.0,-0.10000000000000142,0.0,55.95,56.0,55.9,55.95,12.0,100.0,6224.0,1881.0,False,False
006208,2022-10-26 10:35:34.550649,-0.0017857142857142794,0.0,-0.10000000000000142,0.0,55.95,56.0,55.9,55.95,12.0,100.0,6224.0,1881.0,False,False
006208,2022-10-26 10:35:35.149959,-0.0017857142857142794,0.0,-0.10000000000000142,0.0,55.95,56.0,55.9,55.95,12.0,100.0,6224.0,1881.0,False,False
006208,2022-10-26 10:35:35.166747,-0.0017857142857142794,0.0,-0.10000000000000142,0.0,55.95,56.0,55.9,55.95,12.0,100.0,6224.0,1881.0,False,False
006208,2022-10-26 10:35:35.307398,-0.0017857142857142794,0.0,-0.10000000000000142,0.0,55.95,56.0,55.9,55.95,12.0,100.0,6224.0,1881.0,False,False
006208,2022-10-26 10:35:36.095443,-0.0017857142857142794,0.0,-0.10000000000000142,0.0,55.95,56.0,55.9,55.95,12.0,100.0,6224.0,1881.0,False,False
006208,2022-10-26 10:35:36.095580,-0.0017857142857142794,0.0,-0.10000000000000142,0.0,55.95,56.0,55.9,55.95,12.0,100.0,6224.0,1881.0,False,False
006208,2022-10-26 10:35:36.226710,-0.0017857142857142794,0.0,-0.10000000000000142,0.0,55.95,56.0,55.9,55.95,12.0,100.0,6224.0,1881.0,True,True
006208,2022-10-26 10:35:37.285662,-0.0017857142857142794,0.0,-0.10000000000000142,0.0,55.95,56.0,55.9,55.95,12.0,100.0,6224.0,1881.0,False,False
006208,2022-10-26 10:35:37.292996,-0.0017857142857142794,0.0,-0.10000000000000142,0.0,55.95,56.0,55.9,55.95,12.0,99.0,6224.0,1881.0,False,False
006208,2022-10-26 10:35:37.342456,-0.00267618198037467,0.0,-0.14999999999999858,0.0,55.95,56.05,55.9,55.95,12.0,351.0,6224.0,1881.0,False,False
006208,2022-10-26 10:35:37.460381,-0.00267618198037467,0.0,-0.14999999999999858,0.0,55.95,56.05,55.9,55.95,12.0,351.0,6224.0,1881.0,False,False
006208,2022-10-26 10:35:37.535345,-0.00267618198037467,0.0,-0.14999999999999858,0.0,55.95,56.05,55.9,55.95,12.0,311.0,6224.0,1881.0,False,False
006208,2022-10-26 10:35:37.667200,-0.00267618198037467,0.0,-0.14999999999999858,0.0,55.95,56.05,55.9,55.95,12.0,311.0,6224.0,1881.0,False,False
006208,2022-10-26 10:35:38.308913,-0.00267618198037467,0.0,-0.14999999999999858,0.0,55.95,56.05,55.9,55.95,12.0,311.0,6224.0,1881.0,False,False
006208,2022-10-26 10:35:39.501728,-0.00267618198037467,0.0,-0.14999999999999858,0.0,55.95,56.05,55.9,55.95,12.0,311.0,6224.0,1881.0,False,False
006208,2022-10-26 10:35:39.627237,-0.00267618198037467,0.0,-0.14999999999999858,0.0,55.95,56.05,55.9,55.95,12.0,311.0,6224.0,1881.0,False,False
006208,2022-10-26 10:35:39.658423,-0.00267618198037467,0.0,-0.14999999999999858,0.0,55.95,56.05,55.9,55.95,12.0,361.0,6224.0,1881.0,False,False
006208,2022-10-26 10:35:39.817182,-0.00267618198037467,0.0,-0.14999999999999858,0.0,55.95,56.05,55.9,55.95,12.0,361.0,6224.0,1881.0,False,False
006208,2022-10-26 10:35:39.846824,-0.00267618198037467,0.0,-0.14999999999999858,0.0,55.95,56.05,55.9,55.95,12.0,361.0,6224.0,1881.0,False,False
006208,2022-10-26 10:35:40.220418,-0.00267618198037467,0.0,-0.14999999999999858,0.0,55.95,56.05,55.9,55.95,12.0,361.0,6224.0,1881.0,False,False
006208,2022-10-26 10:35:40.235912,-0.00267618198037467,0.0,-0.14999999999999858,0.0,55.95,56.05,55.9,55.95,12.0,361.0,6224.0,1881.0,False,False
006208,2022-10-26 10:35:40.431398,-0.00267618198037467,0.0,-0.14999999999999858,0.0,55.95,56.05,55.9,55.95,12.0,360.0,6224.0,1881.0,False,False
006208,2022-10-26 10:35:40.378887,-0.00267618198037467,0.0,-0.14999999999999858,0.0,55.95,56.05,55.9,55.95,12.0,361.0,6224.0,1881.0,False,False
006208,2022-10-26 10:35:40.658392,-0.0017857142857142794,0.0,-0.10000000000000142,0.0,55.95,56.0,55.9,55.95,12.0,100.0,6224.0,1881.0,False,False
006208,2022-10-26 10:35:40.722697,-0.0017857142857142794,0.0,-0.10000000000000142,0.0,55.95,56.0,55.9,55.95,12.0,100.0,6224.0,1881.0,False,False
006208,2022-10-26 10:35:40.730068,-0.0017857142857142794,0.0,-0.10000000000000142,0.0,55.95,56.0,55.9,55.95,12.0,100.0,6224.0,1881.0,False,False
006208,2022-10-26 10:35:41.016218,-0.0017857142857142794,0.0,-0.10000000000000142,0.0,55.95,56.0,55.9,55.95,12.0,99.0,6224.0,1881.0,False,False
006208,2022-10-26 10:35:41.025870,-0.0017857142857142794,0.0,-0.10000000000000142,0.0,55.95,56.0,55.9,55.95,12.0,99.0,6224.0,1881.0,False,False
006208,2022-10-26 10:35:41.235520,-0.0017857142857142794,0.0,-0.10000000000000142,0.0,55.95,56.0,55.9,55.95,12.0,99.0,6224.0,1881.0,False,False
006208,2022-10-26 10:35:41.235664,-0.0017857142857142794,0.0,-0.10000000000000142,0.0,55.95,56.0,55.9,55.95,12.0,174.0,6224.0,1881.0,False,False
006208,2022-10-26 10:35:43.206300,-0.0017857142857142794,0.0,-0.10000000000000142,0.0,55.95,56.0,55.9,55.95,12.0,174.0,6224.0,1881.0,False,False
006208,2022-10-26 10:35:43.286607,-0.0017857142857142794,0.0,-0.10000000000000142,0.0,55.95,56.0,55.9,55.95,12.0,174.0,6224.0,1881.0,False,False
006208,2022-10-26 10:35:43.296408,-0.0017857142857142794,0.0,-0.10000000000000142,0.0,55.95,56.0,55.9,55.95,12.0,174.0,6224.0,1881.0,False,False
006208,2022-10-26 10:35:43.431423,-0.0017857142857142794,0.0,-0.10000000000000142,0.0,55.95,56.0,55.9,55.95,12.0,174.0,6224.0,1881.0,False,False
006208,2022-10-26 10:35:44.012843,-0.0017857142857142794,0.0,-0.10000000000000142,0.0,55.95,56.0,55.9,55.95,12.0,174.0,6224.0,1881.0,False,False
006208,2022-10-26 10:35:44.027405,-0.0017857142857142794,0.0,-0.10000000000000142,0.0,55.95,56.0,55.9,55.95,12.0,174.0,6224.0,1881.0,False,False
006208,2022-10-26 10:35:45.124603,-0.0017857142857142794,0.0,-0.10000000000000142,0.0,55.95,56.0,55.9,55.95,12.0,174.0,6224.0,1881.0,False,False
006208,2022-10-26 10:35:45.142003,-0.0017857142857142794,0.0,-0.10000000000000142,0.0,55.95,56.0,55.9,55.95,12.0,174.0,6224.0,1881.0,False,False
006208,2022-10-26 10:35:45.551331,-0.0017857142857142794,0.0,-0.10000000000000142,0.0,55.95,56.0,55.9,55.95,12.0,173.0,6224.0,1881.0,False,False
006208,2022-10-26 10:35:45.849547,-0.0017857142857142794,0.0,-0.10000000000000142,0.0,55.95,56.0,55.9,55.95,2.0,173.0,6224.0,1881.0,False,False
006208,2022-10-26 10:35:46.241518,-0.0017857142857142794,0.0,-0.10000000000000142,0.0,55.95,56.0,55.9,55.95,2.0,173.0,6224.0,1881.0,False,False
006208,2022-10-26 10:35:46.249517,-0.0017857142857142794,0.0,-0.10000000000000142,0.0,55.95,56.0,55.9,55.95,2.0,173.0,6259.0,1881.0,True,True
006208,2022-10-26 10:35:46.275179,-0.0017857142857142794,-0.0008936550491510653,-0.10000000000000142,-0.05000000000000426,55.9,56.0,55.9,55.95,84.0,173.0,6259.0,1881.0,False,False
006208,2022-10-26 10:35:46.331455,-0.0017857142857142794,-0.0008936550491510653,-0.10000000000000142,-0.05000000000000426,55.9,56.0,55.9,55.95,84.0,173.0,6259.0,1881.0,False,False
006208,2022-10-26 10:35:46.369458,-0.0017857142857142794,-0.0008936550491510653,-0.10000000000000142,-0.05000000000000426,55.9,56.0,55.9,55.95,84.0,213.0,6259.0,1881.0,False,False
006208,2022-10-26 10:35:46.542442,-0.0008936550491510653,-0.0008936550491510653,-0.05000000000000426,-0.05000000000000426,55.9,55.95,55.9,55.95,44.0,10.0,6259.0,1881.0,False,False
006208,2022-10-26 10:35:46.613441,-0.0008936550491510653,-0.0008936550491510653,-0.05000000000000426,-0.05000000000000426,55.9,55.95,55.9,55.95,44.0,10.0,6259.0,1881.0,False,False
006208,2022-10-26 10:35:46.927109,-0.0008936550491510653,-0.0008936550491510653,-0.05000000000000426,-0.05000000000000426,55.9,55.95,55.9,55.95,44.0,10.0,6259.0,1881.0,False,False
006208,2022-10-26 10:35:47.495886,-0.0017857142857142794,-0.0008936550491510653,-0.10000000000000142,-0.05000000000000426,55.9,56.0,55.9,55.95,44.0,293.0,6259.0,1881.0,False,False
006208,2022-10-26 10:35:47.522168,-0.0017857142857142794,-0.0008936550491510653,-0.10000000000000142,-0.05000000000000426,55.9,56.0,55.9,55.95,44.0,293.0,6259.0,1881.0,False,False
006208,2022-10-26 10:35:47.714995,-0.0017857142857142794,-0.0008936550491510653,-0.10000000000000142,-0.05000000000000426,55.9,56.0,55.9,55.95,44.0,253.0,6259.0,1881.0,False,False
006208,2022-10-26 10:35:47.847067,-0.0017857142857142794,-0.0008936550491510653,-0.10000000000000142,-0.05000000000000426,55.9,56.0,55.9,55.95,10.0,253.0,6259.0,1881.0,False,False
006208,2022-10-26 10:35:47.850185,-0.0017857142857142794,-0.0008936550491510653,-0.10000000000000142,-0.05000000000000426,55.9,56.0,55.9,55.95,10.0,253.0,6259.0,1881.0,False,False
006208,2022-10-26 10:35:49.109254,-0.0017857142857142794,-0.0008936550491510653,-0.10000000000000142,-0.05000000000000426,55.9,56.0,55.9,55.95,10.0,253.0,6259.0,1881.0,False,False
006208,2022-10-26 10:35:49.210036,-0.0017857142857142794,-0.0008936550491510653,-0.10000000000000142,-0.05000000000000426,55.9,56.0,55.9,55.95,10.0,253.0,6259.0,1881.0,False,False
006208,2022-10-26 10:35:49.230656,-0.0017857142857142794,-0.0008936550491510653,-0.10000000000000142,-0.05000000000000426,55.9,56.0,55.9,55.95,10.0,253.0,6259.0,1881.0,False,False
006208,2022-10-26 10:35:50.423061,-0.0017857142857142794,-0.0008936550491510653,-0.10000000000000142,-0.05000000000000426,55.9,56.0,55.9,55.95,10.0,252.0,6259.0,1881.0,False,False
006208,2022-10-26 10:35:51.538571,-0.0017857142857142794,-0.0008936550491510653,-0.10000000000000142,-0.05000000000000426,55.9,56.0,55.9,55.95,10.0,252.0,6259.0,1881.0,False,False
006208,2022-10-26 10:35:51.568335,-0.0017857142857142794,-0.0008936550491510653,-0.10000000000000142,-0.05000000000000426,55.9,56.0,55.9,55.95,10.0,252.0,6259.0,1881.0,False,False
006208,2022-10-26 10:35:52.104064,-0.0017857142857142794,-0.0008936550491510653,-0.10000000000000142,-0.05000000000000426,55.9,56.0,55.9,55.95,10.0,252.0,6259.0,1881.0,False,False
006208,2022-10-26 10:35:52.135926,-0.0017857142857142794,-0.0008936550491510653,-0.10000000000000142,-0.05000000000000426,55.9,56.0,55.9,55.95,10.0,302.0,6259.0,1881.0,False,False
006208,2022-10-26 10:35:52.263778,-0.0017857142857142794,-0.0008936550491510653,-0.10000000000000142,-0.05000000000000426,55.9,56.0,55.9,55.95,10.0,252.0,6259.0,1881.0,False,False
006208,2022-10-26 10:35:53.135972,-0.0017857142857142794,-0.0008936550491510653,-0.10000000000000142,-0.05000000000000426,55.9,56.0,55.9,55.95,10.0,252.0,6259.0,1881.0,False,False
006208,2022-10-26 10:35:56.293166,-0.0017857142857142794,-0.0008936550491510653,-0.10000000000000142,-0.05000000000000426,55.9,56.0,55.9,55.95,10.0,252.0,6259.0,1881.0,True,True
006208,2022-10-26 10:35:56.294510,-0.0017857142857142794,-0.0008936550491510653,-0.10000000000000142,-0.05000000000000426,55.9,56.0,55.9,55.95,10.0,252.0,6259.0,1881.0,False,False
006208,2022-10-26 10:35:56.877684,-0.0017857142857142794,-0.0008936550491510653,-0.10000000000000142,-0.05000000000000426,55.9,56.0,55.9,55.95,10.0,252.0,6259.0,1881.0,False,False
006208,2022-10-26 10:35:56.955020,-0.0017857142857142794,-0.0008936550491510653,-0.10000000000000142,-0.05000000000000426,55.9,56.0,55.9,55.95,10.0,286.0,6259.0,1881.0,False,False
006208,2022-10-26 10:35:57.830064,-0.0017857142857142794,-0.0008936550491510653,-0.10000000000000142,-0.05000000000000426,55.9,56.0,55.9,55.95,10.0,286.0,6259.0,1881.0,False,False
006208,2022-10-26 10:35:57.832710,-0.0017857142857142794,-0.0008936550491510653,-0.10000000000000142,-0.05000000000000426,55.9,56.0,55.9,55.95,10.0,286.0,6259.0,1881.0,False,False
006208,2022-10-26 10:35:57.836621,-0.0017857142857142794,-0.0008936550491510653,-0.10000000000000142,-0.05000000000000426,55.9,56.0,55.9,55.95,10.0,286.0,6259.0,1881.0,False,False
006208,2022-10-26 10:35:57.979602,-0.0017857142857142794,-0.0008936550491510653,-0.10000000000000142,-0.05000000000000426,55.9,56.0,55.9,55.95,10.0,286.0,6259.0,1881.0,False,False
006208,2022-10-26 10:36:00.400702,-0.0017857142857142794,-0.0008936550491510653,-0.10000000000000142,-0.05000000000000426,55.9,56.0,55.9,55.95,10.0,285.0,6259.0,1881.0,False,False
006208,2022-10-26 10:36:03.645264,-0.0017857142857142794,-0.0008936550491510653,-0.10000000000000142,-0.05000000000000426,55.9,56.0,55.9,55.95,10.0,285.0,6259.0,1881.0,False,False
006208,2022-10-26 10:36:03.656454,-0.0017857142857142794,-0.0008936550491510653,-0.10000000000000142,-0.05000000000000426,55.9,56.0,55.9,55.95,10.0,335.0,6259.0,1881.0,False,False
006208,2022-10-26 10:36:05.094876,-0.0017857142857142794,-0.0008936550491510653,-0.10000000000000142,-0.05000000000000426,55.9,56.0,55.9,55.95,10.0,335.0,6259.0,1881.0,False,False
006208,2022-10-26 10:36:05.102934,-0.0017857142857142794,-0.0008936550491510653,-0.10000000000000142,-0.05000000000000426,55.9,56.0,55.9,55.95,10.0,285.0,6259.0,1881.0,False,False
006208,2022-10-26 10:36:06.324733,-0.0017857142857142794,-0.0008936550491510653,-0.10000000000000142,-0.05000000000000426,55.9,56.0,55.9,55.95,10.0,285.0,6259.0,1831.0,True,True
006208,2022-10-26 10:36:07.270665,-0.0017857142857142794,-0.0008936550491510653,-0.10000000000000142,-0.05000000000000426,55.9,56.0,55.9,55.95,10.0,285.0,6259.0,1831.0,False,False
006208,2022-10-26 10:36:07.281681,-0.0017857142857142794,-0.0008936550491510653,-0.10000000000000142,-0.05000000000000426,55.9,56.0,55.9,55.95,10.0,335.0,6259.0,1831.0,False,False
006208,2022-10-26 10:36:07.946873,-0.0017857142857142794,-0.0008936550491510653,-0.10000000000000142,-0.05000000000000426,55.9,56.0,55.9,55.95,10.0,335.0,6259.0,1831.0,False,False
006208,2022-10-26 10:36:07.950557,-0.0017857142857142794,-0.0008936550491510653,-0.10000000000000142,-0.05000000000000426,55.9,56.0,55.9,55.95,10.0,335.0,6259.0,1831.0,False,False
006208,2022-10-26 10:36:07.951683,-0.0017857142857142794,-0.0008936550491510653,-0.10000000000000142,-0.05000000000000426,55.9,56.0,55.9,55.95,10.0,335.0,6259.0,1831.0,False,False
006208,2022-10-26 10:36:08.082710,-0.0017857142857142794,-0.0008936550491510653,-0.10000000000000142,-0.05000000000000426,55.9,56.0,55.9,55.95,10.0,335.0,6259.0,1831.0,False,False
006208,2022-10-26 10:36:09.605226,-0.0017857142857142794,-0.0008936550491510653,-0.10000000000000142,-0.05000000000000426,55.9,56.0,55.9,55.95,10.0,335.0,6259.0,1831.0,False,False
006208,2022-10-26 10:36:10.410400,-0.0017857142857142794,-0.0008936550491510653,-0.10000000000000142,-0.05000000000000426,55.9,56.0,55.9,55.95,10.0,334.0,6259.0,1831.0,False,False
006208,2022-10-26 10:36:12.481238,-0.0008936550491510653,-0.0008936550491510653,-0.05000000000000426,-0.05000000000000426,55.9,55.95,55.9,55.95,10.0,10.0,6259.0,1831.0,False,False
006208,2022-10-26 10:36:12.507180,-0.0008936550491510653,-0.0008936550491510653,-0.05000000000000426,-0.05000000000000426,55.9,55.95,55.9,55.95,10.0,10.0,6259.0,1831.0,False,False
006208,2022-10-26 10:36:12.714819,-0.0008936550491510653,-0.0008936550491510653,-0.05000000000000426,-0.05000000000000426,55.9,55.95,55.9,55.95,10.0,10.0,6259.0,1831.0,False,False
006208,2022-10-26 10:36:14.279671,-0.0008936550491510653,-0.0008936550491510653,-0.05000000000000426,-0.05000000000000426,55.9,55.95,55.9,55.95,10.0,10.0,6259.0,1831.0,False,False
006208,2022-10-26 10:36:14.301393,-0.0008936550491510653,-0.0008936550491510653,-0.05000000000000426,-0.05000000000000426,55.9,55.95,55.9,55.95,10.0,10.0,6259.0,1831.0,False,False
006208,2022-10-26 10:36:14.453275,-0.0008936550491510653,-0.0008936550491510653,-0.05000000000000426,-0.05000000000000426,55.9,55.95,55.9,55.95,10.0,10.0,6259.0,1831.0,False,False
006208,2022-10-26 10:36:14.465514,-0.0008936550491510653,-0.0008936550491510653,-0.05000000000000426,-0.05000000000000426,55.9,55.95,55.9,55.95,10.0,10.0,6259.0,1831.0,False,False
006208,2022-10-26 10:36:15.640162,-0.0008936550491510653,-0.0008936550491510653,-0.05000000000000426,-0.05000000000000426,55.9,55.95,55.9,55.95,10.0,10.0,6259.0,1831.0,False,False
006208,2022-10-26 10:36:15.694805,-0.0008936550491510653,-0.0008936550491510653,-0.05000000000000426,-0.05000000000000426,55.9,55.95,55.9,55.95,10.0,10.0,6259.0,1831.0,False,False
006208,2022-10-26 10:36:15.737416,-0.0008936550491510653,-0.0008936550491510653,-0.05000000000000426,-0.05000000000000426,55.9,55.95,55.9,55.95,10.0,10.0,6259.0,1831.0,False,False
006208,2022-10-26 10:36:16.368610,-0.0008936550491510653,-0.0008936550491510653,-0.05000000000000426,-0.05000000000000426,55.9,55.95,55.9,55.95,10.0,10.0,6259.0,1431.0,True,True
006208,2022-10-26 10:36:17.437777,-0.0017857142857142794,-0.0008936550491510653,-0.10000000000000142,-0.05000000000000426,55.9,56.0,55.9,55.95,10.0,324.0,6259.0,1431.0,False,False
006208,2022-10-26 10:36:17.466420,-0.0017857142857142794,-0.0008936550491510653,-0.10000000000000142,-0.05000000000000426,55.9,56.0,55.9,55.95,10.0,324.0,6259.0,1431.0,False,False
006208,2022-10-26 10:36:17.566914,-0.0017857142857142794,-0.0008936550491510653,-0.10000000000000142,-0.05000000000000426,55.9,56.0,55.9,55.95,10.0,284.0,6259.0,1431.0,False,False
006208,2022-10-26 10:36:17.696024,-0.0017857142857142794,-0.0008936550491510653,-0.10000000000000142,-0.05000000000000426,55.9,56.0,55.9,55.95,10.0,334.0,6259.0,1431.0,False,False
006208,2022-10-26 10:36:17.869030,-0.0017857142857142794,-0.0008936550491510653,-0.10000000000000142,-0.05000000000000426,55.9,56.0,55.9,55.95,10.0,344.0,6259.0,1431.0,False,False
006208,2022-10-26 10:36:19.157022,-0.0017857142857142794,-0.0008936550491510653,-0.10000000000000142,-0.05000000000000426,55.9,56.0,55.9,55.95,10.0,334.0,6259.0,1431.0,False,False
006208,2022-10-26 10:36:20.026771,-0.0017857142857142794,-0.0008936550491510653,-0.10000000000000142,-0.05000000000000426,55.9,56.0,55.9,55.95,10.0,334.0,6259.0,1431.0,False,False
006208,2022-10-26 10:36:20.026902,-0.0017857142857142794,-0.0008936550491510653,-0.10000000000000142,-0.05000000000000426,55.9,56.0,55.9,55.95,10.0,334.0,6259.0,1431.0,False,False
006208,2022-10-26 10:36:20.205018,-0.0017857142857142794,-0.0008936550491510653,-0.10000000000000142,-0.05000000000000426,55.9,56.0,55.9,55.95,10.0,334.0,6259.0,1431.0,False,False
006208,2022-10-26 10:36:20.219892,-0.0017857142857142794,-0.0008936550491510653,-0.10000000000000142,-0.05000000000000426,55.9,56.0,55.9,55.95,10.0,334.0,6259.0,1431.0,False,False
006208,2022-10-26 10:36:20.389512,-0.0017857142857142794,-0.0008936550491510653,-0.10000000000000142,-0.05000000000000426,55.9,56.0,55.9,55.95,10.0,333.0,6259.0,1431.0,False,False
006208,2022-10-26 10:36:20.337723,-0.0017857142857142794,-0.0008936550491510653,-0.10000000000000142,-0.05000000000000426,55.9,56.0,55.9,55.95,10.0,334.0,6259.0,1431.0,False,False
006208,2022-10-26 10:36:22.328991,-0.0017857142857142794,-0.0008936550491510653,-0.10000000000000142,-0.05000000000000426,55.9,56.0,55.9,55.95,10.0,313.0,6259.0,1431.0,False,False
006208,2022-10-26 10:36:22.345869,-0.0017857142857142794,-0.0008936550491510653,-0.10000000000000142,-0.05000000000000426,55.9,56.0,55.9,55.95,10.0,283.0,6259.0,1431.0,False,False
006208,2022-10-26 10:36:23.006407,-0.0017857142857142794,-0.0008936550491510653,-0.10000000000000142,-0.05000000000000426,55.9,56.0,55.9,55.95,10.0,282.0,6259.0,1431.0,False,False
006208,2022-10-26 10:36:24.643470,-0.0017857142857142794,-0.0008936550491510653,-0.10000000000000142,-0.05000000000000426,55.9,56.0,55.9,55.95,10.0,282.0,6259.0,1431.0,False,False
006208,2022-10-26 10:36:24.659617,-0.0017857142857142794,-0.0008936550491510653,-0.10000000000000142,-0.05000000000000426,55.9,56.0,55.9,55.95,10.0,332.0,6259.0,1431.0,False,False
006208,2022-10-26 10:36:24.808791,-0.0017857142857142794,-0.0008936550491510653,-0.10000000000000142,-0.05000000000000426,55.9,56.0,55.9,55.95,10.0,332.0,6259.0,1431.0,False,False
006208,2022-10-26 10:36:26.420895,-0.0017857142857142794,-0.0008936550491510653,-0.10000000000000142,-0.05000000000000426,55.9,56.0,55.9,55.95,10.0,332.0,6409.0,1821.0,True,True
006208,2022-10-26 10:36:26.968559,-0.0017857142857142794,-0.0008936550491510653,-0.10000000000000142,-0.05000000000000426,55.9,56.0,55.9,55.95,10.0,332.0,6409.0,1821.0,False,False
006208,2022-10-26 10:36:27.504668,-0.0017857142857142794,-0.0008936550491510653,-0.10000000000000142,-0.05000000000000426,55.9,56.0,55.9,55.95,10.0,332.0,6409.0,1821.0,False,False
006208,2022-10-26 10:36:27.685280,-0.0017857142857142794,-0.0008936550491510653,-0.10000000000000142,-0.05000000000000426,55.9,56.0,55.9,55.95,10.0,332.0,6409.0,1821.0,False,False
006208,2022-10-26 10:36:27.691017,-0.0017857142857142794,-0.0008936550491510653,-0.10000000000000142,-0.05000000000000426,55.9,56.0,55.9,55.95,10.0,332.0,6409.0,1821.0,False,False
006208,2022-10-26 10:36:27.815932,-0.0017857142857142794,-0.0008936550491510653,-0.10000000000000142,-0.05000000000000426,55.9,56.0,55.9,55.95,10.0,332.0,6409.0,1821.0,False,False
006208,2022-10-26 10:36:27.818117,-0.0017857142857142794,-0.0008936550491510653,-0.10000000000000142,-0.05000000000000426,55.9,56.0,55.9,55.95,10.0,332.0,6409.0,1821.0,False,False
006208,2022-10-26 10:36:30.487034,-0.0017857142857142794,-0.0008936550491510653,-0.10000000000000142,-0.05000000000000426,55.9,56.0,55.9,55.95,10.0,332.0,6409.0,1821.0,False,False
006208,2022-10-26 10:36:34.005662,-0.0017857142857142794,-0.0008936550491510653,-0.10000000000000142,-0.05000000000000426,55.9,56.0,55.9,55.95,10.0,332.0,6409.0,1821.0,False,False
006208,2022-10-26 10:36:34.402284,-0.0017857142857142794,-0.0008936550491510653,-0.10000000000000142,-0.05000000000000426,55.9,56.0,55.9,55.95,10.0,332.0,6409.0,1821.0,False,False
006208,2022-10-26 10:36:34.891812,-0.0017857142857142794,-0.0008936550491510653,-0.10000000000000142,-0.05000000000000426,55.9,56.0,55.9,55.95,10.0,332.0,6409.0,1821.0,False,False
006208,2022-10-26 10:36:35.630204,-0.0017857142857142794,-0.0008936550491510653,-0.10000000000000142,-0.05000000000000426,55.9,56.0,55.9,55.95,10.0,332.0,6409.0,1821.0,False,False
006208,2022-10-26 10:36:36.458229,-0.0017857142857142794,-0.0008936550491510653,-0.10000000000000142,-0.05000000000000426,55.9,56.0,55.9,55.95,10.0,332.0,6429.0,1809.0,True,True
006208,2022-10-26 10:36:37.186070,-0.0017857142857142794,-0.0008936550491510653,-0.10000000000000142,-0.05000000000000426,55.9,56.0,55.9,55.95,10.0,332.0,6429.0,1809.0,False,False
006208,2022-10-26 10:36:37.801999,-0.0017857142857142794,-0.0008936550491510653,-0.10000000000000142,-0.05000000000000426,55.9,56.0,55.9,55.95,10.0,332.0,6429.0,1809.0,False,False
006208,2022-10-26 10:36:37.806808,-0.0017857142857142794,-0.0008936550491510653,-0.10000000000000142,-0.05000000000000426,55.9,56.0,55.9,55.95,10.0,332.0,6429.0,1809.0,False,False
006208,2022-10-26 10:36:37.930941,-0.0017857142857142794,-0.0008936550491510653,-0.10000000000000142,-0.05000000000000426,55.9,56.0,55.9,55.95,10.0,332.0,6429.0,1809.0,False,False
006208,2022-10-26 10:36:37.938018,-0.0017857142857142794,-0.0008936550491510653,-0.10000000000000142,-0.05000000000000426,55.9,56.0,55.9,55.95,10.0,332.0,6429.0,1809.0,False,False
006208,2022-10-26 10:36:39.044579,-0.0017857142857142794,-0.0008936550491510653,-0.10000000000000142,-0.05000000000000426,55.9,56.0,55.9,55.95,11.0,332.0,6429.0,1809.0,False,False
006208,2022-10-26 10:36:39.967535,-0.0017857142857142794,-0.0008936550491510653,-0.10000000000000142,-0.05000000000000426,55.9,56.0,55.9,55.95,11.0,332.0,6429.0,1809.0,False,False
006208,2022-10-26 10:36:39.967709,-0.0017857142857142794,-0.0008936550491510653,-0.10000000000000142,-0.05000000000000426,55.9,56.0,55.9,55.95,11.0,332.0,6429.0,1809.0,False,False
006208,2022-10-26 10:36:40.394591,-0.0017857142857142794,-0.0008936550491510653,-0.10000000000000142,-0.05000000000000426,55.9,56.0,55.9,55.95,11.0,331.0,6429.0,1809.0,False,False
006208,2022-10-26 10:36:41.321503,-0.0017857142857142794,-0.0008936550491510653,-0.10000000000000142,-0.05000000000000426,55.9,56.0,55.9,55.95,11.0,331.0,6429.0,1809.0,False,False
006208,2022-10-26 10:36:41.321549,-0.0017857142857142794,-0.0008936550491510653,-0.10000000000000142,-0.05000000000000426,55.9,56.0,55.9,55.95,11.0,331.0,6429.0,1809.0,False,False
006208,2022-10-26 10:36:41.888180,-0.0017857142857142794,-0.0008936550491510653,-0.10000000000000142,-0.05000000000000426,55.9,56.0,55.9,55.95,11.0,331.0,6429.0,1809.0,False,False
006208,2022-10-26 10:36:42.248348,-0.0017857142857142794,-0.0008936550491510653,-0.10000000000000142,-0.05000000000000426,55.9,56.0,55.9,55.95,12.0,331.0,6429.0,1809.0,False,False
006208,2022-10-26 10:36:46.488065,-0.0017857142857142794,-0.0008936550491510653,-0.10000000000000142,-0.05000000000000426,55.9,56.0,55.9,55.95,12.0,331.0,6679.0,1359.0,True,True
006208,2022-10-26 10:36:46.680296,-0.0017857142857142794,-0.0008936550491510653,-0.10000000000000142,-0.05000000000000426,55.9,56.0,55.9,55.95,12.0,331.0,6679.0,1359.0,False,False
006208,2022-10-26 10:36:46.749680,-0.0017857142857142794,-0.0008936550491510653,-0.10000000000000142,-0.05000000000000426,55.9,56.0,55.9,55.95,12.0,331.0,6679.0,1359.0,False,False
006208,2022-10-26 10:36:46.831694,-0.0017857142857142794,-0.0008936550491510653,-0.10000000000000142,-0.05000000000000426,55.9,56.0,55.9,55.95,12.0,331.0,6679.0,1359.0,False,False
006208,2022-10-26 10:36:46.992578,-0.0017857142857142794,-0.0008936550491510653,-0.10000000000000142,-0.05000000000000426,55.9,56.0,55.9,55.95,12.0,311.0,6679.0,1359.0,False,False
006208,2022-10-26 10:36:47.680793,-0.0017857142857142794,-0.0008936550491510653,-0.10000000000000142,-0.05000000000000426,55.9,56.0,55.9,55.95,12.0,311.0,6679.0,1359.0,False,False
006208,2022-10-26 10:36:47.748635,-0.0017857142857142794,-0.0008936550491510653,-0.10000000000000142,-0.05000000000000426,55.9,56.0,55.9,55.95,12.0,311.0,6679.0,1359.0,False,False
006208,2022-10-26 10:36:47.924090,-0.0017857142857142794,-0.0008936550491510653,-0.10000000000000142,-0.05000000000000426,55.9,56.0,55.9,55.95,12.0,311.0,6679.0,1359.0,False,False
006208,2022-10-26 10:36:47.961546,-0.0017857142857142794,-0.0008936550491510653,-0.10000000000000142,-0.05000000000000426,55.9,56.0,55.9,55.95,12.0,311.0,6679.0,1359.0,False,False
006208,2022-10-26 10:36:48.056501,-0.0017857142857142794,-0.0008936550491510653,-0.10000000000000142,-0.05000000000000426,55.9,56.0,55.9,55.95,12.0,311.0,6679.0,1359.0,False,False
006208,2022-10-26 10:36:48.121784,-0.0017857142857142794,-0.0008936550491510653,-0.10000000000000142,-0.05000000000000426,55.9,56.0,55.9,55.95,12.0,311.0,6679.0,1359.0,False,False
006208,2022-10-26 10:36:48.245112,-0.0017857142857142794,-0.0008936550491510653,-0.10000000000000142,-0.05000000000000426,55.9,56.0,55.9,55.95,12.0,311.0,6679.0,1359.0,False,False
006208,2022-10-26 10:36:48.368727,-0.0017857142857142794,-0.0008936550491510653,-0.10000000000000142,-0.05000000000000426,55.9,56.0,55.9,55.95,12.0,331.0,6679.0,1359.0,False,False
006208,2022-10-26 10:36:48.961160,-0.0008936550491510653,-0.0008936550491510653,-0.05000000000000426,-0.05000000000000426,55.9,55.95,55.9,55.95,12.0,100.0,6679.0,1359.0,False,False
006208,2022-10-26 10:36:49.019433,-0.0008936550491510653,-0.0008936550491510653,-0.05000000000000426,-0.05000000000000426,55.9,55.95,55.9,55.95,12.0,100.0,6679.0,1359.0,False,False
006208,2022-10-26 10:36:49.107190,-0.0008936550491510653,-0.0008936550491510653,-0.05000000000000426,-0.05000000000000426,55.9,55.95,55.9,55.95,12.0,100.0,6679.0,1359.0,False,False
006208,2022-10-26 10:36:49.266193,-0.0008936550491510653,-0.0008936550491510653,-0.05000000000000426,-0.05000000000000426,55.9,55.95,55.9,55.95,12.0,100.0,6679.0,1359.0,False,False
006208,2022-10-26 10:36:49.756908,-0.0008936550491510653,-0.0008936550491510653,-0.05000000000000426,-0.05000000000000426,55.9,55.95,55.9,55.95,12.0,100.0,6679.0,1359.0,False,False
006208,2022-10-26 10:36:49.843513,-0.0008936550491510653,-0.0008936550491510653,-0.05000000000000426,-0.05000000000000426,55.9,55.95,55.9,55.95,12.0,100.0,6679.0,1359.0,False,False
006208,2022-10-26 10:36:49.855245,-0.0008936550491510653,-0.0008936550491510653,-0.05000000000000426,-0.05000000000000426,55.9,55.95,55.9,55.95,12.0,100.0,6679.0,1359.0,False,False
006208,2022-10-26 10:36:50.374274,-0.0008936550491510653,-0.0008936550491510653,-0.05000000000000426,-0.05000000000000426,55.9,55.95,55.9,55.95,12.0,99.0,6679.0,1359.0,False,False
006208,2022-10-26 10:36:56.022694,-0.0008936550491510653,-0.0008936550491510653,-0.05000000000000426,-0.05000000000000426,55.9,55.95,55.9,55.95,12.0,98.0,6679.0,1359.0,False,False
006208,2022-10-26 10:36:56.051334,-0.0017857142857142794,-0.0008936550491510653,-0.10000000000000142,-0.05000000000000426,55.9,56.0,55.9,55.95,12.0,371.0,6679.0,1359.0,False,False
006208,2022-10-26 10:36:56.148247,-0.0017857142857142794,-0.0008936550491510653,-0.10000000000000142,-0.05000000000000426,55.9,56.0,55.9,55.95,12.0,331.0,6679.0,1359.0,False,False
006208,2022-10-26 10:36:56.288585,-0.0017857142857142794,-0.0008936550491510653,-0.10000000000000142,-0.05000000000000426,55.9,56.0,55.9,55.95,12.0,331.0,6679.0,1359.0,False,False
006208,2022-10-26 10:36:57.051158,-0.0008936550491510653,-0.0008936550491510653,-0.05000000000000426,-0.05000000000000426,55.9,55.95,55.9,55.95,12.0,100.0,6679.0,1359.0,False,False
006208,2022-10-26 10:36:57.067233,-0.0008936550491510653,-0.0008936550491510653,-0.05000000000000426,-0.05000000000000426,55.9,55.95,55.9,55.95,12.0,100.0,6679.0,1359.0,False,False
006208,2022-10-26 10:36:57.121325,-0.0008936550491510653,-0.0008936550491510653,-0.05000000000000426,-0.05000000000000426,55.9,55.95,55.9,55.95,12.0,100.0,6679.0,1359.0,False,False
006208,2022-10-26 10:36:57.400976,-0.0008936550491510653,-0.0008936550491510653,-0.05000000000000426,-0.05000000000000426,55.9,55.95,55.9,55.95,12.0,100.0,6679.0,1359.0,False,False
006208,2022-10-26 10:37:00.384746,-0.0008936550491510653,-0.0008936550491510653,-0.05000000000000426,-0.05000000000000426,55.9,55.95,55.9,55.95,12.0,99.0,6679.0,1359.0,False,False
006208,2022-10-26 10:37:02.312785,-0.0008936550491510653,-0.0008936550491510653,-0.05000000000000426,-0.05000000000000426,55.9,55.95,55.9,55.95,12.0,99.0,6679.0,1359.0,False,False
006208,2022-10-26 10:37:05.747874,-0.0008936550491510653,-0.0008936550491510653,-0.05000000000000426,-0.05000000000000426,55.9,55.95,55.9,55.95,12.0,99.0,6679.0,1409.0,False,True
006208,2022-10-26 10:37:07.390543,-0.0008936550491510653,-0.0008936550491510653,-0.05000000000000426,-0.05000000000000426,55.9,55.95,55.9,55.95,12.0,99.0,6679.0,1409.0,False,False
006208,2022-10-26 10:37:07.401312,-0.0008936550491510653,-0.0008936550491510653,-0.05000000000000426,-0.05000000000000426,55.9,55.95,55.9,55.95,12.0,99.0,6679.0,1409.0,False,False
006208,2022-10-26 10:37:07.525360,-0.0008936550491510653,-0.0008936550491510653,-0.05000000000000426,-0.05000000000000426,55.9,55.95,55.9,55.95,12.0,99.0,6679.0,1409.0,False,False
006208,2022-10-26 10:37:08.152181,-0.0008936550491510653,-0.0008936550491510653,-0.05000000000000426,-0.05000000000000426,55.9,55.95,55.9,55.95,12.0,99.0,6679.0,1409.0,False,False
006208,2022-10-26 10:37:08.383116,-0.0008936550491510653,-0.0008936550491510653,-0.05000000000000426,-0.05000000000000426,55.9,55.95,55.9,55.95,12.0,99.0,6679.0,1409.0,False,False
006208,2022-10-26 10:37:08.467733,-0.0008936550491510653,-0.0008936550491510653,-0.05000000000000426,-0.05000000000000426,55.9,55.95,55.9,55.95,12.0,99.0,6679.0,1409.0,False,False
006208,2022-10-26 10:37:09.724260,-0.0008936550491510653,-0.0008936550491510653,-0.05000000000000426,-0.05000000000000426,55.9,55.95,55.9,55.95,12.0,99.0,6679.0,1409.0,False,False
006208,2022-10-26 10:37:09.728864,-0.0008936550491510653,-0.0008936550491510653,-0.05000000000000426,-0.05000000000000426,55.9,55.95,55.9,55.95,12.0,99.0,6679.0,1409.0,False,False
006208,2022-10-26 10:37:10.379715,-0.0008936550491510653,-0.0008936550491510653,-0.05000000000000426,-0.05000000000000426,55.9,55.95,55.9,55.95,12.0,98.0,6679.0,1409.0,False,False
006208,2022-10-26 10:37:15.786566,-0.0008936550491510653,-0.0008936550491510653,-0.05000000000000426,-0.05000000000000426,55.9,55.95,55.9,55.95,12.0,98.0,6779.0,1109.0,True,True
006208,2022-10-26 10:37:17.507596,-0.0008936550491510653,-0.0008936550491510653,-0.05000000000000426,-0.05000000000000426,55.9,55.95,55.9,55.95,12.0,98.0,6779.0,1109.0,False,False
006208,2022-10-26 10:37:17.512196,-0.0008936550491510653,-0.0008936550491510653,-0.05000000000000426,-0.05000000000000426,55.9,55.95,55.9,55.95,12.0,98.0,6779.0,1109.0,False,False
006208,2022-10-26 10:37:17.644279,-0.0008936550491510653,-0.0008936550491510653,-0.05000000000000426,-0.05000000000000426,55.9,55.95,55.9,55.95,12.0,98.0,6779.0,1109.0,False,False
006208,2022-10-26 10:37:20.351506,-0.0008936550491510653,-0.0008936550491510653,-0.05000000000000426,-0.05000000000000426,55.9,55.95,55.9,55.95,12.0,98.0,6779.0,1109.0,False,False
006208,2022-10-26 10:37:20.374625,-0.0008936550491510653,-0.0008936550491510653,-0.05000000000000426,-0.05000000000000426,55.9,55.95,55.9,55.95,12.0,172.0,6779.0,1109.0,False,False
006208,2022-10-26 10:37:20.351655,-0.0008936550491510653,-0.0008936550491510653,-0.05000000000000426,-0.05000000000000426,55.9,55.95,55.9,55.95,12.0,173.0,6779.0,1109.0,False,False
006208,2022-10-26 10:37:25.784355,-0.0008936550491510653,-0.0008936550491510653,-0.05000000000000426,-0.05000000000000426,55.9,55.95,55.9,55.95,12.0,172.0,6779.0,1109.0,False,False
006208,2022-10-26 10:37:25.814273,-0.0008936550491510653,-0.0008936550491510653,-0.05000000000000426,-0.05000000000000426,55.9,55.95,55.9,55.95,12.0,172.0,6779.0,609.0,True,True
006208,2022-10-26 10:37:26.510865,-0.0008936550491510653,-0.0008936550491510653,-0.05000000000000426,-0.05000000000000426,55.9,55.95,55.9,55.95,7.0,172.0,6779.0,609.0,False,False
006208,2022-10-26 10:37:27.626815,-0.0008936550491510653,-0.0008936550491510653,-0.05000000000000426,-0.05000000000000426,55.9,55.95,55.9,55.95,7.0,172.0,6779.0,609.0,False,False
006208,2022-10-26 10:37:27.630967,-0.0008936550491510653,-0.0008936550491510653,-0.05000000000000426,-0.05000000000000426,55.9,55.95,55.9,55.95,7.0,172.0,6779.0,609.0,False,False
006208,2022-10-26 10:37:27.663018,-0.0008936550491510653,-0.0017873100983021306,-0.05000000000000426,-0.10000000000000142,55.85,55.95,55.9,55.95,118.0,172.0,6779.0,609.0,False,False
006208,2022-10-26 10:37:27.772437,-0.0008936550491510653,-0.0017873100983021306,-0.05000000000000426,-0.10000000000000142,55.85,55.95,55.9,55.95,118.0,172.0,6779.0,609.0,False,False
006208,2022-10-26 10:37:27.863999,-0.0008936550491510653,-0.0017873100983021306,-0.05000000000000426,-0.10000000000000142,55.85,55.95,55.9,55.95,118.0,172.0,6779.0,609.0,False,False
006208,2022-10-26 10:37:28.969769,-0.0008936550491510653,-0.0017873100983021306,-0.05000000000000426,-0.10000000000000142,55.85,55.95,55.9,55.95,118.0,171.0,6779.0,609.0,False,False
006208,2022-10-26 10:37:29.399679,-0.0008936550491510653,-0.0017873100983021306,-0.05000000000000426,-0.10000000000000142,55.85,55.95,55.9,55.95,84.0,171.0,6779.0,609.0,False,False
006208,2022-10-26 10:37:29.422216,-0.0008936550491510653,-0.0017873100983021306,-0.05000000000000426,-0.10000000000000142,55.85,55.95,55.9,55.95,84.0,171.0,6779.0,609.0,False,False
006208,2022-10-26 10:37:29.474547,-0.0008936550491510653,-0.0017873100983021306,-0.05000000000000426,-0.10000000000000142,55.85,55.95,55.9,55.95,84.0,171.0,6779.0,609.0,False,False
006208,2022-10-26 10:37:29.650223,-0.0008936550491510653,-0.0017873100983021306,-0.05000000000000426,-0.10000000000000142,55.85,55.95,55.9,55.95,84.0,171.0,6779.0,609.0,False,False
006208,2022-10-26 10:37:29.692265,-0.0008936550491510653,-0.0017873100983021306,-0.05000000000000426,-0.10000000000000142,55.85,55.95,55.9,55.95,84.0,171.0,6779.0,609.0,False,False
006208,2022-10-26 10:37:31.147519,-0.0008936550491510653,-0.0017873100983021306,-0.05000000000000426,-0.10000000000000142,55.85,55.95,55.9,55.95,84.0,171.0,6779.0,609.0,False,False
006208,2022-10-26 10:37:31.150355,-0.0008936550491510653,-0.0017873100983021306,-0.05000000000000426,-0.10000000000000142,55.85,55.95,55.9,55.95,84.0,171.0,6779.0,609.0,False,False
006208,2022-10-26 10:37:31.285461,-0.0008936550491510653,-0.0017873100983021306,-0.05000000000000426,-0.10000000000000142,55.85,55.95,55.9,55.95,84.0,171.0,6779.0,609.0,False,False
006208,2022-10-26 10:37:31.295247,-0.0008936550491510653,-0.0017873100983021306,-0.05000000000000426,-0.10000000000000142,55.85,55.95,55.9,55.95,84.0,171.0,6779.0,609.0,False,False
006208,2022-10-26 10:37:33.355839,-0.0008936550491510653,-0.0017873100983021306,-0.05000000000000426,-0.10000000000000142,55.85,55.95,55.9,55.95,84.0,171.0,6779.0,609.0,False,False
006208,2022-10-26 10:37:37.739805,-0.0008936550491510653,-0.0017873100983021306,-0.05000000000000426,-0.10000000000000142,55.85,55.95,55.9,55.95,84.0,171.0,6779.0,609.0,False,False
006208,2022-10-26 10:37:37.853720,-0.0008936550491510653,-0.0017873100983021306,-0.05000000000000426,-0.10000000000000142,55.85,55.95,55.9,55.95,84.0,171.0,6779.0,609.0,False,False
006208,2022-10-26 10:37:37.856777,-0.0008936550491510653,-0.0017873100983021306,-0.05000000000000426,-0.10000000000000142,55.85,55.95,55.9,55.95,84.0,171.0,6779.0,609.0,False,False
006208,2022-10-26 10:37:37.989751,-0.0008936550491510653,-0.0017873100983021306,-0.05000000000000426,-0.10000000000000142,55.85,55.95,55.9,55.95,84.0,171.0,6779.0,609.0,False,False
006208,2022-10-26 10:37:40.364884,-0.0008936550491510653,-0.0017873100983021306,-0.05000000000000426,-0.10000000000000142,55.85,55.95,55.9,55.95,84.0,170.0,6779.0,609.0,False,False
006208,2022-10-26 10:37:43.260811,-0.0008936550491510653,-0.0017873100983021306,-0.05000000000000426,-0.10000000000000142,55.85,55.95,55.9,55.95,84.0,170.0,6779.0,609.0,False,False
006208,2022-10-26 10:37:43.276595,-0.0008936550491510653,-0.0017873100983021306,-0.05000000000000426,-0.10000000000000142,55.85,55.95,55.9,55.95,84.0,170.0,6779.0,609.0,False,False
006208,2022-10-26 10:37:44.425390,-0.0008936550491510653,-0.0017873100983021306,-0.05000000000000426,-0.10000000000000142,55.85,55.95,55.9,55.95,84.0,170.0,6779.0,609.0,False,False
006208,2022-10-26 10:37:44.425513,-0.0008936550491510653,-0.0017873100983021306,-0.05000000000000426,-0.10000000000000142,55.85,55.95,55.9,55.95,84.0,170.0,6779.0,609.0,False,False
006208,2022-10-26 10:37:45.171423,-0.0008936550491510653,-0.0017873100983021306,-0.05000000000000426,-0.10000000000000142,55.85,55.95,55.9,55.95,84.0,170.0,6779.0,609.0,False,False
006208,2022-10-26 10:37:45.179565,-0.0008936550491510653,-0.0017873100983021306,-0.05000000000000426,-0.10000000000000142,55.85,55.95,55.9,55.95,84.0,170.0,6779.0,609.0,False,False
006208,2022-10-26 10:37:45.877563,0.0,-0.002678571428571419,0.0,-0.14999999999999858,55.85,55.95,55.95,56.0,84.0,170.0,57.0,2463.0,True,True
006208,2022-10-26 10:37:47.400753,0.0,-0.002678571428571419,0.0,-0.14999999999999858,55.85,55.95,55.95,56.0,84.0,95.0,57.0,2463.0,False,False
006208,2022-10-26 10:37:47.400874,0.0,-0.002678571428571419,0.0,-0.14999999999999858,55.85,55.95,55.95,56.0,84.0,95.0,57.0,2463.0,False,False
006208,2022-10-26 10:37:47.481966,-0.0008928571428571397,-0.002678571428571419,-0.04999999999999716,-0.14999999999999858,55.85,56.0,55.95,56.0,84.0,405.0,57.0,2463.0,False,False
006208,2022-10-26 10:37:47.555163,-0.0008928571428571397,-0.002678571428571419,-0.04999999999999716,-0.14999999999999858,55.85,56.0,55.95,56.0,84.0,365.0,57.0,2463.0,False,False
006208,2022-10-26 10:37:47.663320,-0.0008928571428571397,-0.002678571428571419,-0.04999999999999716,-0.14999999999999858,55.85,56.0,55.95,56.0,84.0,365.0,57.0,2463.0,False,False
006208,2022-10-26 10:37:48.422749,-0.0008928571428571397,-0.002678571428571419,-0.04999999999999716,-0.14999999999999858,55.85,56.0,55.95,56.0,184.0,365.0,57.0,2463.0,False,False
006208,2022-10-26 10:37:48.871894,-0.0008928571428571397,-0.002678571428571419,-0.04999999999999716,-0.14999999999999858,55.85,56.0,55.95,56.0,184.0,365.0,57.0,2463.0,False,False
006208,2022-10-26 10:37:48.884417,-0.0008928571428571397,-0.002678571428571419,-0.04999999999999716,-0.14999999999999858,55.85,56.0,55.95,56.0,184.0,365.0,57.0,2463.0,False,False
006208,2022-10-26 10:37:49.089014,-0.0008928571428571397,-0.002678571428571419,-0.04999999999999716,-0.14999999999999858,55.85,56.0,55.95,56.0,184.0,365.0,57.0,2463.0,False,False
006208,2022-10-26 10:37:49.095992,-0.0008928571428571397,-0.002678571428571419,-0.04999999999999716,-0.14999999999999858,55.85,56.0,55.95,56.0,184.0,365.0,57.0,2463.0,False,False
006208,2022-10-26 10:37:49.348427,-0.0008928571428571397,-0.002678571428571419,-0.04999999999999716,-0.14999999999999858,55.85,56.0,55.95,56.0,184.0,365.0,57.0,2463.0,False,False
006208,2022-10-26 10:37:49.354662,-0.0008928571428571397,-0.002678571428571419,-0.04999999999999716,-0.14999999999999858,55.85,56.0,55.95,56.0,184.0,331.0,57.0,2463.0,False,False
006208,2022-10-26 10:37:50.359869,-0.0008928571428571397,-0.002678571428571419,-0.04999999999999716,-0.14999999999999858,55.85,56.0,55.95,56.0,184.0,330.0,57.0,2463.0,False,False
006208,2022-10-26 10:37:51.115178,-0.0008928571428571397,-0.002678571428571419,-0.04999999999999716,-0.14999999999999858,55.85,56.0,55.95,56.0,184.0,330.0,57.0,2463.0,False,False
006208,2022-10-26 10:37:51.124925,-0.0008928571428571397,-0.002678571428571419,-0.04999999999999716,-0.14999999999999858,55.85,56.0,55.95,56.0,184.0,330.0,57.0,2463.0,False,False
006208,2022-10-26 10:37:55.910455,-0.0008928571428571397,-0.002678571428571419,-0.04999999999999716,-0.14999999999999858,55.85,56.0,55.95,56.0,184.0,330.0,57.0,2463.0,True,True
006208,2022-10-26 10:37:55.922721,-0.0008928571428571397,-0.002678571428571419,-0.04999999999999716,-0.14999999999999858,55.85,56.0,55.95,56.0,184.0,330.0,57.0,2463.0,False,False
006208,2022-10-26 10:37:57.651318,-0.0008928571428571397,-0.002678571428571419,-0.04999999999999716,-0.14999999999999858,55.85,56.0,55.95,56.0,184.0,330.0,57.0,2463.0,False,False
006208,2022-10-26 10:37:57.654630,-0.0008928571428571397,-0.002678571428571419,-0.04999999999999716,-0.14999999999999858,55.85,56.0,55.95,56.0,184.0,330.0,57.0,2463.0,False,False
006208,2022-10-26 10:37:57.782930,-0.0008928571428571397,-0.002678571428571419,-0.04999999999999716,-0.14999999999999858,55.85,56.0,55.95,56.0,184.0,330.0,57.0,2463.0,False,False
006208,2022-10-26 10:37:57.786056,-0.0008928571428571397,-0.002678571428571419,-0.04999999999999716,-0.14999999999999858,55.85,56.0,55.95,56.0,184.0,330.0,57.0,2463.0,False,False
006208,2022-10-26 10:38:00.354995,-0.0008928571428571397,-0.002678571428571419,-0.04999999999999716,-0.14999999999999858,55.85,56.0,55.95,56.0,184.0,329.0,57.0,2463.0,False,False
006208,2022-10-26 10:38:00.380672,-0.0008928571428571397,-0.002678571428571419,-0.04999999999999716,-0.14999999999999858,55.85,56.0,55.95,56.0,84.0,329.0,57.0,2463.0,False,False
006208,2022-10-26 10:38:01.381107,0.0,-0.002678571428571419,0.0,-0.14999999999999858,55.85,55.95,55.95,56.0,84.0,100.0,57.0,2463.0,False,False
006208,2022-10-26 10:38:01.416745,0.0,-0.002678571428571419,0.0,-0.14999999999999858,55.85,55.95,55.95,56.0,84.0,100.0,57.0,2463.0,False,False
006208,2022-10-26 10:38:01.462207,0.0,-0.002678571428571419,0.0,-0.14999999999999858,55.85,55.95,55.95,56.0,84.0,100.0,57.0,2463.0,False,False
006208,2022-10-26 10:38:01.591775,0.0,-0.002678571428571419,0.0,-0.14999999999999858,55.85,55.95,55.95,56.0,84.0,100.0,57.0,2463.0,False,False
006208,2022-10-26 10:38:01.788466,0.0,-0.002678571428571419,0.0,-0.14999999999999858,55.85,55.95,55.95,56.0,84.0,100.0,57.0,2463.0,False,False
006208,2022-10-26 10:38:01.877561,-0.0008928571428571397,-0.002678571428571419,-0.04999999999999716,-0.14999999999999858,55.85,56.0,55.95,56.0,84.0,369.0,57.0,2463.0,False,False
006208,2022-10-26 10:38:01.979861,-0.0008928571428571397,-0.002678571428571419,-0.04999999999999716,-0.14999999999999858,55.85,56.0,55.95,56.0,84.0,363.0,57.0,2463.0,False,False
006208,2022-10-26 10:38:02.106605,-0.0008928571428571397,-0.002678571428571419,-0.04999999999999716,-0.14999999999999858,55.85,56.0,55.95,56.0,84.0,363.0,57.0,2463.0,False,False
006208,2022-10-26 10:38:02.817229,-0.0008928571428571397,-0.002678571428571419,-0.04999999999999716,-0.14999999999999858,55.85,56.0,55.95,56.0,184.0,363.0,57.0,2463.0,False,False
006208,2022-10-26 10:38:02.996517,-0.0008928571428571397,-0.002678571428571419,-0.04999999999999716,-0.14999999999999858,55.85,56.0,55.95,56.0,184.0,362.0,57.0,2463.0,False,False
006208,2022-10-26 10:38:05.004665,-0.0008928571428571397,-0.002678571428571419,-0.04999999999999716,-0.14999999999999858,55.85,56.0,55.95,56.0,184.0,362.0,57.0,2463.0,False,False
006208,2022-10-26 10:38:05.035838,-0.0008928571428571397,-0.002678571428571419,-0.04999999999999716,-0.14999999999999858,55.85,56.0,55.95,56.0,184.0,328.0,57.0,2463.0,False,False
006208,2022-10-26 10:38:05.942018,-0.0008928571428571397,-0.002678571428571419,-0.04999999999999716,-0.14999999999999858,55.85,56.0,55.95,56.0,184.0,328.0,57.0,2463.0,True,True
006208,2022-10-26 10:38:07.239971,-0.0008928571428571397,-0.002678571428571419,-0.04999999999999716,-0.14999999999999858,55.85,56.0,55.95,56.0,184.0,328.0,57.0,2463.0,False,False
006208,2022-10-26 10:38:07.249985,-0.0008928571428571397,-0.002678571428571419,-0.04999999999999716,-0.14999999999999858,55.85,56.0,55.95,56.0,184.0,328.0,57.0,2463.0,False,False
006208,2022-10-26 10:38:10.334608,-0.0008928571428571397,-0.002678571428571419,-0.04999999999999716,-0.14999999999999858,55.85,56.0,55.95,56.0,184.0,327.0,57.0,2463.0,False,False
006208,2022-10-26 10:38:11.701678,-0.0008928571428571397,-0.002678571428571419,-0.04999999999999716,-0.14999999999999858,55.85,56.0,55.95,56.0,184.0,307.0,57.0,2463.0,False,False
006208,2022-10-26 10:38:11.710347,-0.0008928571428571397,-0.002678571428571419,-0.04999999999999716,-0.14999999999999858,55.85,56.0,55.95,56.0,184.0,277.0,57.0,2463.0,False,False
006208,2022-10-26 10:38:12.092441,-0.0008928571428571397,-0.002678571428571419,-0.04999999999999716,-0.14999999999999858,55.85,56.0,55.95,56.0,184.0,277.0,57.0,2463.0,False,False
006208,2022-10-26 10:38:12.097698,-0.0008928571428571397,-0.002678571428571419,-0.04999999999999716,-0.14999999999999858,55.85,56.0,55.95,56.0,184.0,277.0,57.0,2463.0,False,False
006208,2022-10-26 10:38:12.236515,-0.0008928571428571397,-0.002678571428571419,-0.04999999999999716,-0.14999999999999858,55.85,56.0,55.95,56.0,184.0,277.0,57.0,2463.0,False,False
006208,2022-10-26 10:38:14.162066,-0.0008928571428571397,-0.002678571428571419,-0.04999999999999716,-0.14999999999999858,55.85,56.0,55.95,56.0,184.0,277.0,57.0,2463.0,False,False
006208,2022-10-26 10:38:14.175178,-0.0008928571428571397,-0.002678571428571419,-0.04999999999999716,-0.14999999999999858,55.85,56.0,55.95,56.0,184.0,327.0,57.0,2463.0,False,False
006208,2022-10-26 10:38:19.248409,-0.0008928571428571397,-0.002678571428571419,-0.04999999999999716,-0.14999999999999858,55.85,56.0,55.95,56.0,184.0,327.0,57.0,2463.0,False,False
006208,2022-10-26 10:38:19.260476,-0.0008928571428571397,-0.002678571428571419,-0.04999999999999716,-0.14999999999999858,55.85,56.0,55.95,56.0,184.0,293.0,57.0,2463.0,False,False
006208,2022-10-26 10:38:20.329625,-0.0008928571428571397,-0.002678571428571419,-0.04999999999999716,-0.14999999999999858,55.85,56.0,55.95,56.0,184.0,292.0,57.0,2463.0,False,False
006208,2022-10-26 10:38:22.212299,-0.0008928571428571397,-0.002678571428571419,-0.04999999999999716,-0.14999999999999858,55.85,56.0,55.95,56.0,184.0,292.0,57.0,2463.0,False,False
006208,2022-10-26 10:38:22.223513,-0.0008928571428571397,-0.002678571428571419,-0.04999999999999716,-0.14999999999999858,55.85,56.0,55.95,56.0,184.0,292.0,57.0,2463.0,False,False
006208,2022-10-26 10:38:22.348526,-0.0008928571428571397,-0.002678571428571419,-0.04999999999999716,-0.14999999999999858,55.85,56.0,55.95,56.0,184.0,292.0,57.0,2463.0,False,False
006208,2022-10-26 10:38:23.309014,-0.0008928571428571397,-0.002678571428571419,-0.04999999999999716,-0.14999999999999858,55.85,56.0,55.95,56.0,184.0,292.0,57.0,2463.0,False,False
006208,2022-10-26 10:38:23.320878,-0.0008928571428571397,-0.002678571428571419,-0.04999999999999716,-0.14999999999999858,55.85,56.0,55.95,56.0,184.0,326.0,57.0,2463.0,False,False
006208,2022-10-26 10:38:26.010389,-0.0017857142857142794,-0.0017873100983021306,-0.10000000000000142,-0.10000000000000142,55.85,56.0,55.9,55.95,184.0,326.0,6779.0,423.0,True,True
006208,2022-10-26 10:38:32.332891,-0.0017857142857142794,-0.0017873100983021306,-0.10000000000000142,-0.10000000000000142,55.85,56.0,55.9,55.95,184.0,326.0,6779.0,423.0,False,False
006208,2022-10-26 10:38:32.334743,-0.0017857142857142794,-0.0017873100983021306,-0.10000000000000142,-0.10000000000000142,55.85,56.0,55.9,55.95,184.0,326.0,6779.0,423.0,False,False
006208,2022-10-26 10:38:32.468526,-0.0017857142857142794,-0.0017873100983021306,-0.10000000000000142,-0.10000000000000142,55.85,56.0,55.9,55.95,184.0,326.0,6779.0,423.0,False,False
006208,2022-10-26 10:38:33.019218,-0.0017857142857142794,-0.0017873100983021306,-0.10000000000000142,-0.10000000000000142,55.85,56.0,55.9,55.95,184.0,326.0,6779.0,423.0,False,False
006208,2022-10-26 10:38:33.030007,-0.0017857142857142794,-0.0017873100983021306,-0.10000000000000142,-0.10000000000000142,55.85,56.0,55.9,55.95,184.0,292.0,6779.0,423.0,False,False
006208,2022-10-26 10:38:34.049344,-0.0017857142857142794,-0.0017873100983021306,-0.10000000000000142,-0.10000000000000142,55.85,56.0,55.9,55.95,184.0,292.0,6779.0,423.0,False,False
006208,2022-10-26 10:38:34.061501,-0.0017857142857142794,-0.0017873100983021306,-0.10000000000000142,-0.10000000000000142,55.85,56.0,55.9,55.95,184.0,292.0,6779.0,423.0,False,False
006208,2022-10-26 10:38:35.984296,-0.0017857142857142794,-0.0017873100983021306,-0.10000000000000142,-0.10000000000000142,55.85,56.0,55.9,55.95,184.0,291.0,6779.0,423.0,False,False
006208,2022-10-26 10:38:36.040446,-0.0017857142857142794,-0.0017873100983021306,-0.10000000000000142,-0.10000000000000142,55.85,56.0,55.9,55.95,184.0,291.0,6779.0,193.0,True,True
006208,2022-10-26 10:38:39.348951,-0.0017857142857142794,-0.0017873100983021306,-0.10000000000000142,-0.10000000000000142,55.85,56.0,55.9,55.95,184.0,291.0,6779.0,193.0,False,False
006208,2022-10-26 10:38:39.554756,-0.0017857142857142794,-0.0017873100983021306,-0.10000000000000142,-0.10000000000000142,55.85,56.0,55.9,55.95,184.0,325.0,6779.0,193.0,False,False
006208,2022-10-26 10:38:39.607441,-0.0017857142857142794,-0.0017873100983021306,-0.10000000000000142,-0.10000000000000142,55.85,56.0,55.9,55.95,184.0,325.0,6779.0,193.0,False,False
006208,2022-10-26 10:38:40.335258,-0.0017857142857142794,-0.0017873100983021306,-0.10000000000000142,-0.10000000000000142,55.85,56.0,55.9,55.95,184.0,324.0,6779.0,193.0,False,False
006208,2022-10-26 10:38:42.448309,-0.0017857142857142794,-0.0017873100983021306,-0.10000000000000142,-0.10000000000000142,55.85,56.0,55.9,55.95,184.0,324.0,6779.0,193.0,False,False
006208,2022-10-26 10:38:42.451574,-0.0017857142857142794,-0.0017873100983021306,-0.10000000000000142,-0.10000000000000142,55.85,56.0,55.9,55.95,184.0,324.0,6779.0,193.0,False,False
006208,2022-10-26 10:38:42.585454,-0.0017857142857142794,-0.0017873100983021306,-0.10000000000000142,-0.10000000000000142,55.85,56.0,55.9,55.95,184.0,324.0,6779.0,193.0,False,False
006208,2022-10-26 10:38:42.704689,-0.0017857142857142794,-0.0017873100983021306,-0.10000000000000142,-0.10000000000000142,55.85,56.0,55.9,55.95,184.0,270.0,6779.0,193.0,False,False
006208,2022-10-26 10:38:43.280480,-0.0017857142857142794,-0.0017873100983021306,-0.10000000000000142,-0.10000000000000142,55.85,56.0,55.9,55.95,184.0,270.0,6779.0,193.0,False,False
006208,2022-10-26 10:38:43.280532,-0.0017857142857142794,-0.0017873100983021306,-0.10000000000000142,-0.10000000000000142,55.85,56.0,55.9,55.95,184.0,290.0,6779.0,193.0,False,False
006208,2022-10-26 10:38:44.742290,-0.0017857142857142794,-0.0017873100983021306,-0.10000000000000142,-0.10000000000000142,55.85,56.0,55.9,55.95,184.0,290.0,6779.0,193.0,False,False
006208,2022-10-26 10:38:44.746873,-0.0017857142857142794,-0.0017873100983021306,-0.10000000000000142,-0.10000000000000142,55.85,56.0,55.9,55.95,184.0,290.0,6779.0,193.0,False,False
006208,2022-10-26 10:38:46.077768,-0.0017857142857142794,-0.0017873100983021306,-0.10000000000000142,-0.10000000000000142,55.85,56.0,55.9,55.95,184.0,290.0,6779.0,158.0,True,True
006208,2022-10-26 10:38:50.035271,-0.0017857142857142794,-0.0017873100983021306,-0.10000000000000142,-0.10000000000000142,55.85,56.0,55.9,55.95,184.0,290.0,6779.0,158.0,False,False
006208,2022-10-26 10:38:50.084769,-0.0017857142857142794,-0.0017873100983021306,-0.10000000000000142,-0.10000000000000142,55.85,56.0,55.9,55.95,184.0,290.0,6779.0,158.0,False,False
006208,2022-10-26 10:38:50.193547,-0.0017857142857142794,-0.0017873100983021306,-0.10000000000000142,-0.10000000000000142,55.85,56.0,55.9,55.95,184.0,324.0,6779.0,158.0,False,False
006208,2022-10-26 10:38:50.345953,-0.0017857142857142794,-0.0017873100983021306,-0.10000000000000142,-0.10000000000000142,55.85,56.0,55.9,55.95,184.0,323.0,6779.0,158.0,False,False
006208,2022-10-26 10:38:52.561713,-0.0017857142857142794,-0.0017873100983021306,-0.10000000000000142,-0.10000000000000142,55.85,56.0,55.9,55.95,184.0,323.0,6779.0,158.0,False,False
006208,2022-10-26 10:38:52.569873,-0.0017857142857142794,-0.0017873100983021306,-0.10000000000000142,-0.10000000000000142,55.85,56.0,55.9,55.95,184.0,323.0,6779.0,158.0,False,False
006208,2022-10-26 10:38:52.702826,-0.0017857142857142794,-0.0017873100983021306,-0.10000000000000142,-0.10000000000000142,55.85,56.0,55.9,55.95,184.0,323.0,6779.0,158.0,False,False
006208,2022-10-26 10:38:53.031263,-0.0017857142857142794,-0.0017873100983021306,-0.10000000000000142,-0.10000000000000142,55.85,56.0,55.9,55.95,184.0,323.0,6779.0,158.0,False,False
006208,2022-10-26 10:38:53.031419,-0.0017857142857142794,-0.0017873100983021306,-0.10000000000000142,-0.10000000000000142,55.85,56.0,55.9,55.95,184.0,323.0,6779.0,158.0,False,False
006208,2022-10-26 10:38:53.930048,-0.0017857142857142794,-0.0017873100983021306,-0.10000000000000142,-0.10000000000000142,55.85,56.0,55.9,55.95,184.0,323.0,6779.0,158.0,False,False
006208,2022-10-26 10:38:53.930074,-0.0017857142857142794,-0.0017873100983021306,-0.10000000000000142,-0.10000000000000142,55.85,56.0,55.9,55.95,184.0,323.0,6779.0,158.0,False,False
006208,2022-10-26 10:38:56.116030,-0.0017857142857142794,-0.0017873100983021306,-0.10000000000000142,-0.10000000000000142,55.85,56.0,55.9,55.95,184.0,323.0,6779.0,108.0,True,True
006208,2022-10-26 10:38:56.580504,-0.0017857142857142794,-0.0017873100983021306,-0.10000000000000142,-0.10000000000000142,55.85,56.0,55.9,55.95,184.0,314.0,6779.0,108.0,False,False
006208,2022-10-26 10:38:58.204236,-0.0017857142857142794,-0.0017873100983021306,-0.10000000000000142,-0.10000000000000142,55.85,56.0,55.9,55.95,184.0,315.0,6779.0,108.0,False,False
006208,2022-10-26 10:38:59.504868,-0.0017857142857142794,-0.0017873100983021306,-0.10000000000000142,-0.10000000000000142,55.85,56.0,55.9,55.95,184.0,315.0,6779.0,108.0,False,False
006208,2022-10-26 10:38:59.505164,-0.0017857142857142794,-0.0017873100983021306,-0.10000000000000142,-0.10000000000000142,55.85,56.0,55.9,55.95,184.0,315.0,6779.0,108.0,False,False
006208,2022-10-26 10:39:00.309974,-0.0017857142857142794,-0.0017873100983021306,-0.10000000000000142,-0.10000000000000142,55.85,56.0,55.9,55.95,184.0,314.0,6779.0,108.0,False,False
006208,2022-10-26 10:39:02.678454,-0.0017857142857142794,-0.0017873100983021306,-0.10000000000000142,-0.10000000000000142,55.85,56.0,55.9,55.95,184.0,314.0,6779.0,108.0,False,False
006208,2022-10-26 10:39:02.746128,-0.0017857142857142794,-0.0017873100983021306,-0.10000000000000142,-0.10000000000000142,55.85,56.0,55.9,55.95,184.0,280.0,6779.0,108.0,False,False
006208,2022-10-26 10:39:02.819017,-0.0017857142857142794,-0.0017873100983021306,-0.10000000000000142,-0.10000000000000142,55.85,56.0,55.9,55.95,184.0,280.0,6779.0,108.0,False,False
006208,2022-10-26 10:39:03.856335,-0.0017857142857142794,-0.0017873100983021306,-0.10000000000000142,-0.10000000000000142,55.85,56.0,55.9,55.95,184.0,281.0,6779.0,108.0,False,False
006208,2022-10-26 10:39:05.248348,-0.0017857142857142794,-0.0017873100983021306,-0.10000000000000142,-0.10000000000000142,55.85,56.0,55.9,55.95,244.0,281.0,6779.0,108.0,False,False
006208,2022-10-26 10:39:05.319830,-0.0017857142857142794,-0.0017873100983021306,-0.10000000000000142,-0.10000000000000142,55.85,56.0,55.9,55.95,244.0,281.0,6779.0,108.0,False,False
006208,2022-10-26 10:39:05.420668,-0.0017857142857142794,-0.0017873100983021306,-0.10000000000000142,-0.10000000000000142,55.85,56.0,55.9,55.95,244.0,281.0,6779.0,108.0,False,False
006208,2022-10-26 10:39:05.598229,-0.0017857142857142794,-0.0017873100983021306,-0.10000000000000142,-0.10000000000000142,55.85,56.0,55.9,55.95,244.0,261.0,6779.0,108.0,False,False
006208,2022-10-26 10:39:05.757559,-0.0017857142857142794,-0.0017873100983021306,-0.10000000000000142,-0.10000000000000142,55.85,56.0,55.9,55.95,169.0,261.0,6779.0,108.0,False,False
006208,2022-10-26 10:39:05.850608,-0.0017857142857142794,-0.0008936550491510653,-0.10000000000000142,-0.05000000000000426,55.9,56.0,55.9,55.95,75.0,187.0,6779.0,108.0,False,False
006208,2022-10-26 10:39:05.953268,-0.0017857142857142794,-0.0008936550491510653,-0.10000000000000142,-0.05000000000000426,55.9,56.0,55.9,55.95,75.0,207.0,6779.0,108.0,False,False
006208,2022-10-26 10:39:06.067966,-0.0017857142857142794,-0.0008936550491510653,-0.10000000000000142,-0.05000000000000426,55.9,56.0,55.9,55.95,75.0,207.0,6779.0,108.0,False,False
006208,2022-10-26 10:39:06.146164,-0.0008928571428571397,-0.0017857142857142794,-0.04999999999999716,-0.10000000000000142,55.9,56.0,55.95,56.0,75.0,207.0,392.0,2463.0,True,True
006208,2022-10-26 10:39:06.184889,-0.0008928571428571397,-0.0017857142857142794,-0.04999999999999716,-0.10000000000000142,55.9,56.0,55.95,56.0,75.0,207.0,392.0,2463.0,False,False
006208,2022-10-26 10:39:06.762090,-0.0008928571428571397,-0.0017857142857142794,-0.04999999999999716,-0.10000000000000142,55.9,56.0,55.95,56.0,75.0,207.0,392.0,2463.0,False,False
006208,2022-10-26 10:39:06.762124,-0.0008928571428571397,-0.0017857142857142794,-0.04999999999999716,-0.10000000000000142,55.9,56.0,55.95,56.0,175.0,207.0,392.0,2463.0,False,False
006208,2022-10-26 10:39:07.064636,-0.0008928571428571397,-0.0017857142857142794,-0.04999999999999716,-0.10000000000000142,55.9,56.0,55.95,56.0,175.0,187.0,392.0,2463.0,False,False
006208,2022-10-26 10:39:07.064752,-0.0008928571428571397,-0.0017857142857142794,-0.04999999999999716,-0.10000000000000142,55.9,56.0,55.95,56.0,175.0,187.0,392.0,2463.0,False,False
006208,2022-10-26 10:39:07.131024,-0.0008928571428571397,-0.0017857142857142794,-0.04999999999999716,-0.10000000000000142,55.9,56.0,55.95,56.0,175.0,187.0,392.0,2463.0,False,False
006208,2022-10-26 10:39:07.172761,-0.0008928571428571397,-0.0017857142857142794,-0.04999999999999716,-0.10000000000000142,55.9,56.0,55.95,56.0,175.0,187.0,392.0,2463.0,False,False
006208,2022-10-26 10:39:07.253824,-0.0008928571428571397,-0.0017857142857142794,-0.04999999999999716,-0.10000000000000142,55.9,56.0,55.95,56.0,175.0,207.0,392.0,2463.0,False,False
006208,2022-10-26 10:39:08.684781,-0.0008928571428571397,-0.0017857142857142794,-0.04999999999999716,-0.10000000000000142,55.9,56.0,55.95,56.0,175.0,207.0,392.0,2463.0,False,False
006208,2022-10-26 10:39:08.736392,-0.0008928571428571397,-0.0017857142857142794,-0.04999999999999716,-0.10000000000000142,55.9,56.0,55.95,56.0,175.0,207.0,392.0,2463.0,False,False
006208,2022-10-26 10:39:08.873810,-0.0008928571428571397,-0.0017857142857142794,-0.04999999999999716,-0.10000000000000142,55.9,56.0,55.95,56.0,175.0,207.0,392.0,2463.0,False,False
006208,2022-10-26 10:39:08.882992,-0.0008928571428571397,-0.0017857142857142794,-0.04999999999999716,-0.10000000000000142,55.9,56.0,55.95,56.0,175.0,207.0,392.0,2463.0,False,False
006208,2022-10-26 10:39:09.971164,-0.0008928571428571397,-0.0017857142857142794,-0.04999999999999716,-0.10000000000000142,55.9,56.0,55.95,56.0,175.0,206.0,392.0,2463.0,False,False
006208,2022-10-26 10:39:10.101066,-0.0008928571428571397,-0.0017857142857142794,-0.04999999999999716,-0.10000000000000142,55.9,56.0,55.95,56.0,175.0,207.0,392.0,2463.0,False,False
006208,2022-10-26 10:39:10.150977,-0.0008928571428571397,-0.0017857142857142794,-0.04999999999999716,-0.10000000000000142,55.9,56.0,55.95,56.0,175.0,207.0,392.0,2463.0,False,False
006208,2022-10-26 10:39:10.273657,-0.0008928571428571397,-0.0017857142857142794,-0.04999999999999716,-0.10000000000000142,55.9,56.0,55.95,56.0,175.0,207.0,392.0,2463.0,False,False
006208,2022-10-26 10:39:10.320362,-0.0008928571428571397,-0.0017857142857142794,-0.04999999999999716,-0.10000000000000142,55.9,56.0,55.95,56.0,175.0,206.0,392.0,2463.0,False,False
006208,2022-10-26 10:39:10.391447,-0.0008928571428571397,-0.0017857142857142794,-0.04999999999999716,-0.10000000000000142,55.9,56.0,55.95,56.0,175.0,206.0,392.0,2463.0,False,False
006208,2022-10-26 10:39:10.514330,-0.0008928571428571397,-0.0017857142857142794,-0.04999999999999716,-0.10000000000000142,55.9,56.0,55.95,56.0,175.0,206.0,392.0,2463.0,False,False
006208,2022-10-26 10:39:10.832659,-0.0008928571428571397,-0.0017857142857142794,-0.04999999999999716,-0.10000000000000142,55.9,56.0,55.95,56.0,175.0,206.0,392.0,2463.0,False,False
006208,2022-10-26 10:39:10.832920,-0.0008928571428571397,-0.0017857142857142794,-0.04999999999999716,-0.10000000000000142,55.9,56.0,55.95,56.0,175.0,186.0,392.0,2463.0,False,False
006208,2022-10-26 10:39:10.976016,-0.0008928571428571397,-0.0017857142857142794,-0.04999999999999716,-0.10000000000000142,55.9,56.0,55.95,56.0,175.0,186.0,392.0,2463.0,False,False
006208,2022-10-26 10:39:11.370611,-0.0008928571428571397,-0.0017857142857142794,-0.04999999999999716,-0.10000000000000142,55.9,56.0,55.95,56.0,175.0,186.0,392.0,2463.0,False,False
006208,2022-10-26 10:39:11.380692,-0.0008928571428571397,-0.0017857142857142794,-0.04999999999999716,-0.10000000000000142,55.9,56.0,55.95,56.0,175.0,186.0,392.0,2463.0,False,False
006208,2022-10-26 10:39:11.540318,-0.0008928571428571397,-0.0017857142857142794,-0.04999999999999716,-0.10000000000000142,55.9,56.0,55.95,56.0,175.0,206.0,392.0,2463.0,False,False
006208,2022-10-26 10:39:12.204153,-0.0008928571428571397,-0.0017857142857142794,-0.04999999999999716,-0.10000000000000142,55.9,56.0,55.95,56.0,175.0,206.0,392.0,2463.0,False,False
006208,2022-10-26 10:39:12.229684,-0.0008928571428571397,-0.0017857142857142794,-0.04999999999999716,-0.10000000000000142,55.9,56.0,55.95,56.0,75.0,206.0,392.0,2463.0,False,False
006208,2022-10-26 10:39:12.268411,-0.0008928571428571397,-0.0017857142857142794,-0.04999999999999716,-0.10000000000000142,55.9,56.0,55.95,56.0,75.0,206.0,392.0,2463.0,False,False
006208,2022-10-26 10:39:13.230085,-0.0008928571428571397,-0.0017857142857142794,-0.04999999999999716,-0.10000000000000142,55.9,56.0,55.95,56.0,75.0,306.0,392.0,2463.0,False,False
006208,2022-10-26 10:39:13.243506,-0.0008928571428571397,-0.0017857142857142794,-0.04999999999999716,-0.10000000000000142,55.9,56.0,55.95,56.0,75.0,306.0,392.0,2463.0,False,False
006208,2022-10-26 10:39:13.741827,-0.0008928571428571397,-0.002678571428571419,-0.04999999999999716,-0.14999999999999858,55.85,56.0,55.95,56.0,244.0,306.0,392.0,2463.0,False,False
006208,2022-10-26 10:39:13.835053,-0.0008928571428571397,-0.002678571428571419,-0.04999999999999716,-0.14999999999999858,55.85,56.0,55.95,56.0,319.0,306.0,392.0,2463.0,False,False
006208,2022-10-26 10:39:13.972403,-0.0008928571428571397,-0.002678571428571419,-0.04999999999999716,-0.14999999999999858,55.85,56.0,55.95,56.0,219.0,306.0,392.0,2463.0,False,False
006208,2022-10-26 10:39:14.073144,-0.0008928571428571397,-0.002678571428571419,-0.04999999999999716,-0.14999999999999858,55.85,56.0,55.95,56.0,219.0,306.0,392.0,2463.0,False,False
006208,2022-10-26 10:39:14.602558,-0.0008928571428571397,-0.002678571428571419,-0.04999999999999716,-0.14999999999999858,55.85,56.0,55.95,56.0,219.0,306.0,392.0,2463.0,False,False
006208,2022-10-26 10:39:14.614059,-0.0008928571428571397,-0.002678571428571419,-0.04999999999999716,-0.14999999999999858,55.85,56.0,55.95,56.0,219.0,306.0,392.0,2463.0,False,False
006208,2022-10-26 10:39:14.617306,-0.0008928571428571397,-0.002678571428571419,-0.04999999999999716,-0.14999999999999858,55.85,56.0,55.95,56.0,219.0,306.0,392.0,2463.0,False,False
006208,2022-10-26 10:39:14.792754,-0.0008928571428571397,-0.002678571428571419,-0.04999999999999716,-0.14999999999999858,55.85,56.0,55.95,56.0,219.0,306.0,392.0,2463.0,False,False
006208,2022-10-26 10:39:16.184473,-0.0008928571428571397,-0.002678571428571419,-0.04999999999999716,-0.14999999999999858,55.85,56.0,55.95,56.0,219.0,306.0,646.0,2463.0,True,True
006208,2022-10-26 10:39:16.940728,-0.0008928571428571397,-0.002678571428571419,-0.04999999999999716,-0.14999999999999858,55.85,56.0,55.95,56.0,219.0,306.0,646.0,2463.0,False,False
006208,2022-10-26 10:39:16.952543,-0.0008928571428571397,-0.002678571428571419,-0.04999999999999716,-0.14999999999999858,55.85,56.0,55.95,56.0,219.0,306.0,646.0,2463.0,False,False
006208,2022-10-26 10:39:17.347692,-0.0008928571428571397,-0.002678571428571419,-0.04999999999999716,-0.14999999999999858,55.85,56.0,55.95,56.0,185.0,306.0,646.0,2463.0,False,False
006208,2022-10-26 10:39:17.361891,-0.0008928571428571397,-0.002678571428571419,-0.04999999999999716,-0.14999999999999858,55.85,56.0,55.95,56.0,185.0,306.0,646.0,2463.0,False,False
006208,2022-10-26 10:39:17.420201,-0.0008928571428571397,-0.002678571428571419,-0.04999999999999716,-0.14999999999999858,55.85,56.0,55.95,56.0,245.0,306.0,646.0,2463.0,False,False
006208,2022-10-26 10:39:18.174507,-0.0008928571428571397,-0.002678571428571419,-0.04999999999999716,-0.14999999999999858,55.85,56.0,55.95,56.0,245.0,306.0,646.0,2463.0,False,False
006208,2022-10-26 10:39:18.174669,-0.0008928571428571397,-0.002678571428571419,-0.04999999999999716,-0.14999999999999858,55.85,56.0,55.95,56.0,245.0,306.0,646.0,2463.0,False,False
006208,2022-10-26 10:39:18.766520,0.0,-0.002678571428571419,0.0,-0.14999999999999858,55.85,55.95,55.95,56.0,245.0,100.0,646.0,2463.0,False,False
006208,2022-10-26 10:39:18.792668,0.0,-0.002678571428571419,0.0,-0.14999999999999858,55.85,55.95,55.95,56.0,245.0,100.0,646.0,2463.0,False,False
006208,2022-10-26 10:39:18.957327,0.0,-0.002678571428571419,0.0,-0.14999999999999858,55.85,55.95,55.95,56.0,245.0,100.0,646.0,2463.0,False,False
006208,2022-10-26 10:39:19.053468,0.0,-0.002678571428571419,0.0,-0.14999999999999858,55.85,55.95,55.95,56.0,245.0,100.0,646.0,2463.0,False,False
006208,2022-10-26 10:39:20.315718,0.0,-0.002678571428571419,0.0,-0.14999999999999858,55.85,55.95,55.95,56.0,245.0,99.0,646.0,2463.0,False,False
006208,2022-10-26 10:39:20.475683,0.0,-0.002678571428571419,0.0,-0.14999999999999858,55.85,55.95,55.95,56.0,245.0,99.0,646.0,2463.0,False,False
006208,2022-10-26 10:39:20.797887,0.0,-0.002678571428571419,0.0,-0.14999999999999858,55.85,55.95,55.95,56.0,245.0,99.0,646.0,2463.0,False,False
006208,2022-10-26 10:39:20.806331,0.0,-0.002678571428571419,0.0,-0.14999999999999858,55.85,55.95,55.95,56.0,245.0,99.0,646.0,2463.0,False,False
006208,2022-10-26 10:39:22.253567,0.0,-0.002678571428571419,0.0,-0.14999999999999858,55.85,55.95,55.95,56.0,245.0,99.0,646.0,2463.0,False,False
006208,2022-10-26 10:39:22.296242,0.0,-0.002678571428571419,0.0,-0.14999999999999858,55.85,55.95,55.95,56.0,245.0,99.0,646.0,2463.0,False,False
006208,2022-10-26 10:39:23.578106,0.0,-0.002678571428571419,0.0,-0.14999999999999858,55.85,55.95,55.95,56.0,185.0,99.0,646.0,2463.0,False,False
006208,2022-10-26 10:39:23.649578,0.0,-0.002678571428571419,0.0,-0.14999999999999858,55.85,55.95,55.95,56.0,185.0,99.0,646.0,2463.0,False,False
006208,2022-10-26 10:39:23.663268,0.0,-0.002678571428571419,0.0,-0.14999999999999858,55.85,55.95,55.95,56.0,185.0,99.0,646.0,2463.0,False,False
006208,2022-10-26 10:39:24.451067,0.0,-0.002678571428571419,0.0,-0.14999999999999858,55.85,55.95,55.95,56.0,245.0,99.0,646.0,2463.0,False,False
006208,2022-10-26 10:39:24.508576,0.0,-0.002678571428571419,0.0,-0.14999999999999858,55.85,55.95,55.95,56.0,245.0,99.0,646.0,2463.0,False,False
006208,2022-10-26 10:39:24.601884,0.0,-0.002678571428571419,0.0,-0.14999999999999858,55.85,55.95,55.95,56.0,245.0,99.0,646.0,2463.0,False,False
006208,2022-10-26 10:39:24.638630,0.0,-0.002678571428571419,0.0,-0.14999999999999858,55.85,55.95,55.95,56.0,245.0,99.0,646.0,2463.0,False,False
006208,2022-10-26 10:39:25.171958,0.0,-0.002678571428571419,0.0,-0.14999999999999858,55.85,55.95,55.95,56.0,185.0,99.0,646.0,2463.0,False,False
006208,2022-10-26 10:39:25.221972,0.0,-0.002678571428571419,0.0,-0.14999999999999858,55.85,55.95,55.95,56.0,185.0,99.0,646.0,2463.0,False,False
006208,2022-10-26 10:39:25.387362,0.0,-0.002678571428571419,0.0,-0.14999999999999858,55.85,55.95,55.95,56.0,185.0,99.0,646.0,2463.0,False,False
006208,2022-10-26 10:39:25.387448,0.0,-0.002678571428571419,0.0,-0.14999999999999858,55.85,55.95,55.95,56.0,185.0,99.0,646.0,2463.0,False,False
006208,2022-10-26 10:39:26.216706,0.0,-0.002678571428571419,0.0,-0.14999999999999858,55.85,55.95,55.95,56.0,185.0,99.0,256.0,2463.0,True,True
006208,2022-10-26 10:39:28.108451,0.0,-0.002678571428571419,0.0,-0.14999999999999858,55.85,55.95,55.95,56.0,245.0,99.0,256.0,2463.0,False,False
006208,2022-10-26 10:39:28.182060,0.0,-0.002678571428571419,0.0,-0.14999999999999858,55.85,55.95,55.95,56.0,245.0,99.0,256.0,2463.0,False,False
006208,2022-10-26 10:39:28.722540,0.0,-0.002678571428571419,0.0,-0.14999999999999858,55.85,55.95,55.95,56.0,185.0,99.0,256.0,2463.0,False,False
006208,2022-10-26 10:39:28.781421,0.0,-0.002678571428571419,0.0,-0.14999999999999858,55.85,55.95,55.95,56.0,185.0,99.0,256.0,2463.0,False,False
006208,2022-10-26 10:39:28.831276,0.0,-0.002678571428571419,0.0,-0.14999999999999858,55.85,55.95,55.95,56.0,185.0,99.0,256.0,2463.0,False,False
006208,2022-10-26 10:39:29.042520,0.0,-0.002678571428571419,0.0,-0.14999999999999858,55.85,55.95,55.95,56.0,185.0,99.0,256.0,2463.0,False,False
006208,2022-10-26 10:39:29.050795,0.0,-0.002678571428571419,0.0,-0.14999999999999858,55.85,55.95,55.95,56.0,185.0,99.0,256.0,2463.0,False,False
006208,2022-10-26 10:39:29.176019,0.0,-0.002678571428571419,0.0,-0.14999999999999858,55.85,55.95,55.95,56.0,185.0,99.0,256.0,2463.0,False,False
006208,2022-10-26 10:39:30.310533,0.0,-0.002678571428571419,0.0,-0.14999999999999858,55.85,55.95,55.95,56.0,185.0,98.0,256.0,2463.0,False,False
006208,2022-10-26 10:39:36.246872,0.0,-0.002678571428571419,0.0,-0.14999999999999858,55.85,55.95,55.95,56.0,185.0,98.0,316.0,2613.0,True,True
006208,2022-10-26 10:39:37.208606,0.0,-0.002678571428571419,0.0,-0.14999999999999858,55.85,55.95,55.95,56.0,245.0,98.0,316.0,2613.0,False,False
006208,2022-10-26 10:39:37.275241,0.0,-0.002678571428571419,0.0,-0.14999999999999858,55.85,55.95,55.95,56.0,245.0,98.0,316.0,2613.0,False,False
006208,2022-10-26 10:39:37.281567,0.0,-0.002678571428571419,0.0,-0.14999999999999858,55.85,55.95,55.95,56.0,245.0,98.0,316.0,2613.0,False,False
006208,2022-10-26 10:39:37.489245,0.0,-0.002678571428571419,0.0,-0.14999999999999858,55.85,55.95,55.95,56.0,245.0,98.0,316.0,2613.0,False,False
006208,2022-10-26 10:39:38.470166,0.0,-0.002678571428571419,0.0,-0.14999999999999858,55.85,55.95,55.95,56.0,185.0,98.0,316.0,2613.0,False,False
006208,2022-10-26 10:39:38.524398,0.0,-0.002678571428571419,0.0,-0.14999999999999858,55.85,55.95,55.95,56.0,185.0,98.0,316.0,2613.0,False,False
006208,2022-10-26 10:39:38.524621,0.0,-0.002678571428571419,0.0,-0.14999999999999858,55.85,55.95,55.95,56.0,185.0,98.0,316.0,2613.0,False,False
006208,2022-10-26 10:39:38.625185,0.0,-0.002678571428571419,0.0,-0.14999999999999858,55.85,55.95,55.95,56.0,185.0,98.0,316.0,2613.0,False,False
006208,2022-10-26 10:39:38.625294,0.0,-0.002678571428571419,0.0,-0.14999999999999858,55.85,55.95,55.95,56.0,185.0,98.0,316.0,2613.0,False,False
006208,2022-10-26 10:39:39.158756,0.0,-0.002678571428571419,0.0,-0.14999999999999858,55.85,55.95,55.95,56.0,185.0,98.0,316.0,2613.0,False,False
006208,2022-10-26 10:39:39.161752,0.0,-0.002678571428571419,0.0,-0.14999999999999858,55.85,55.95,55.95,56.0,185.0,98.0,316.0,2613.0,False,False
006208,2022-10-26 10:39:39.307125,0.0,-0.002678571428571419,0.0,-0.14999999999999858,55.85,55.95,55.95,56.0,185.0,98.0,316.0,2613.0,False,False
006208,2022-10-26 10:39:39.691934,0.0,-0.002678571428571419,0.0,-0.14999999999999858,55.85,55.95,55.95,56.0,245.0,98.0,316.0,2613.0,False,False
006208,2022-10-26 10:39:39.758099,0.0,-0.002678571428571419,0.0,-0.14999999999999858,55.85,55.95,55.95,56.0,245.0,98.0,316.0,2613.0,False,False
006208,2022-10-26 10:39:39.758373,0.0,-0.002678571428571419,0.0,-0.14999999999999858,55.85,55.95,55.95,56.0,245.0,98.0,316.0,2613.0,False,False
006208,2022-10-26 10:39:39.888403,0.0,-0.002678571428571419,0.0,-0.14999999999999858,55.85,55.95,55.95,56.0,245.0,98.0,316.0,2613.0,False,False
006208,2022-10-26 10:39:41.253660,0.0,-0.002678571428571419,0.0,-0.14999999999999858,55.85,55.95,55.95,56.0,185.0,98.0,316.0,2613.0,False,False
006208,2022-10-26 10:39:41.341877,0.0,-0.002678571428571419,0.0,-0.14999999999999858,55.85,55.95,55.95,56.0,185.0,98.0,316.0,2613.0,False,False
006208,2022-10-26 10:39:42.925412,0.0,-0.002678571428571419,0.0,-0.14999999999999858,55.85,55.95,55.95,56.0,185.0,97.0,316.0,2613.0,False,False
006208,2022-10-26 10:39:46.288234,-0.0008936550491510653,-0.0017873100983021306,-0.05000000000000426,-0.10000000000000142,55.85,55.95,55.9,55.95,185.0,97.0,6779.0,350.0,True,True
006208,2022-10-26 10:39:46.881252,-0.0008936550491510653,-0.0017873100983021306,-0.05000000000000426,-0.10000000000000142,55.85,55.95,55.9,55.95,185.0,97.0,6779.0,350.0,False,False
006208,2022-10-26 10:39:46.890247,-0.0008936550491510653,-0.0017873100983021306,-0.05000000000000426,-0.10000000000000142,55.85,55.95,55.9,55.95,185.0,97.0,6779.0,350.0,False,False
006208,2022-10-26 10:39:47.524598,-0.0008936550491510653,-0.0017873100983021306,-0.05000000000000426,-0.10000000000000142,55.85,55.95,55.9,55.95,185.0,97.0,6779.0,350.0,False,False
006208,2022-10-26 10:39:47.929689,-0.0008936550491510653,-0.0017873100983021306,-0.05000000000000426,-0.10000000000000142,55.85,55.95,55.9,55.95,185.0,97.0,6779.0,350.0,False,False
006208,2022-10-26 10:39:47.929867,-0.0008936550491510653,-0.0017873100983021306,-0.05000000000000426,-0.10000000000000142,55.85,55.95,55.9,55.95,185.0,97.0,6779.0,350.0,False,False
006208,2022-10-26 10:39:49.293506,-0.0008936550491510653,-0.0017873100983021306,-0.05000000000000426,-0.10000000000000142,55.85,55.95,55.9,55.95,185.0,97.0,6779.0,350.0,False,False
006208,2022-10-26 10:39:49.297036,-0.0008936550491510653,-0.0017873100983021306,-0.05000000000000426,-0.10000000000000142,55.85,55.95,55.9,55.95,185.0,97.0,6779.0,350.0,False,False
006208,2022-10-26 10:39:49.430149,-0.0008936550491510653,-0.0017873100983021306,-0.05000000000000426,-0.10000000000000142,55.85,55.95,55.9,55.95,185.0,97.0,6779.0,350.0,False,False
006208,2022-10-26 10:39:49.938184,-0.0008936550491510653,-0.0017873100983021306,-0.05000000000000426,-0.10000000000000142,55.85,55.95,55.9,55.95,186.0,97.0,6779.0,350.0,False,False
006208,2022-10-26 10:39:50.095700,-0.0008936550491510653,-0.0008936550491510653,-0.05000000000000426,-0.05000000000000426,55.9,55.95,55.9,55.95,1.0,97.0,6779.0,350.0,False,False
006208,2022-10-26 10:39:50.123409,-0.0008936550491510653,-0.0008936550491510653,-0.05000000000000426,-0.05000000000000426,55.9,55.95,55.9,55.95,1.0,97.0,6779.0,350.0,False,False
006208,2022-10-26 10:39:50.300526,-0.0008936550491510653,-0.0008936550491510653,-0.05000000000000426,-0.05000000000000426,55.9,55.95,55.9,55.95,1.0,96.0,6779.0,350.0,False,False
006208,2022-10-26 10:39:50.358790,-0.0008936550491510653,-0.0008936550491510653,-0.05000000000000426,-0.05000000000000426,55.9,55.95,55.9,55.95,1.0,96.0,6779.0,350.0,False,False
006208,2022-10-26 10:39:50.420884,-0.0008936550491510653,-0.0008936550491510653,-0.05000000000000426,-0.05000000000000426,55.9,55.95,55.9,55.95,1.0,96.0,6779.0,350.0,False,False
006208,2022-10-26 10:39:50.498100,-0.0008936550491510653,-0.0008936550491510653,-0.05000000000000426,-0.05000000000000426,55.9,55.95,55.9,55.95,1.0,96.0,6779.0,350.0,False,False
006208,2022-10-26 10:39:51.219337,-0.0008936550491510653,-0.0008936550491510653,-0.05000000000000426,-0.05000000000000426,55.9,55.95,55.9,55.95,3.0,96.0,6779.0,350.0,False,False
006208,2022-10-26 10:39:51.306406,-0.0008936550491510653,-0.0008936550491510653,-0.05000000000000426,-0.05000000000000426,55.9,55.95,55.9,55.95,3.0,96.0,6779.0,350.0,False,False
006208,2022-10-26 10:39:53.025361,-0.0008936550491510653,-0.0008936550491510653,-0.05000000000000426,-0.05000000000000426,55.9,55.95,55.9,55.95,3.0,96.0,6779.0,350.0,False,False
006208,2022-10-26 10:39:53.114435,-0.0008936550491510653,-0.0008936550491510653,-0.05000000000000426,-0.05000000000000426,55.9,55.95,55.9,55.95,3.0,96.0,6779.0,350.0,False,False
006208,2022-10-26 10:39:53.138875,-0.0008936550491510653,-0.0008936550491510653,-0.05000000000000426,-0.05000000000000426,55.9,55.95,55.9,55.95,3.0,96.0,6779.0,350.0,False,False
006208,2022-10-26 10:39:53.555767,-0.0008936550491510653,-0.0008936550491510653,-0.05000000000000426,-0.05000000000000426,55.9,55.95,55.9,55.95,3.0,96.0,6779.0,350.0,False,False
006208,2022-10-26 10:39:53.567465,-0.0008936550491510653,-0.0008936550491510653,-0.05000000000000426,-0.05000000000000426,55.9,55.95,55.9,55.95,3.0,96.0,6779.0,350.0,False,False
006208,2022-10-26 10:39:54.467718,-0.0008936550491510653,-0.0008936550491510653,-0.05000000000000426,-0.05000000000000426,55.9,55.95,55.9,55.95,3.0,96.0,6779.0,350.0,False,False
006208,2022-10-26 10:39:54.477357,-0.0008936550491510653,-0.0008936550491510653,-0.05000000000000426,-0.05000000000000426,55.9,55.95,55.9,55.95,3.0,96.0,6779.0,350.0,False,False
006208,2022-10-26 10:39:54.606670,-0.0008936550491510653,-0.0008936550491510653,-0.05000000000000426,-0.05000000000000426,55.9,55.95,55.9,55.95,3.0,96.0,6779.0,350.0,False,False
006208,2022-10-26 10:39:54.696438,-0.0008936550491510653,-0.0008936550491510653,-0.05000000000000426,-0.05000000000000426,55.9,55.95,55.9,55.95,3.0,97.0,6779.0,350.0,False,False
006208,2022-10-26 10:39:56.359468,-0.0008936550491510653,-0.0008936550491510653,-0.05000000000000426,-0.05000000000000426,55.9,55.95,55.9,55.95,3.0,97.0,6779.0,350.0,True,True
006208,2022-10-26 10:40:00.413000,-0.0008936550491510653,-0.0008936550491510653,-0.05000000000000426,-0.05000000000000426,55.9,55.95,55.9,55.95,3.0,96.0,6779.0,350.0,False,False
006208,2022-10-26 10:40:00.482818,-0.0008936550491510653,-0.0008936550491510653,-0.05000000000000426,-0.05000000000000426,55.9,55.95,55.9,55.95,3.0,96.0,6779.0,350.0,False,False
006208,2022-10-26 10:40:00.486700,-0.0008936550491510653,-0.0008936550491510653,-0.05000000000000426,-0.05000000000000426,55.9,55.95,55.9,55.95,3.0,96.0,6779.0,350.0,False,False
006208,2022-10-26 10:40:00.620855,-0.0008936550491510653,-0.0008936550491510653,-0.05000000000000426,-0.05000000000000426,55.9,55.95,55.9,55.95,3.0,96.0,6779.0,350.0,False,False
006208,2022-10-26 10:40:03.166185,-0.0008936550491510653,-0.0008936550491510653,-0.05000000000000426,-0.05000000000000426,55.9,55.95,55.9,55.95,3.0,96.0,6779.0,350.0,False,False
006208,2022-10-26 10:40:03.169402,-0.0008936550491510653,-0.0008936550491510653,-0.05000000000000426,-0.05000000000000426,55.9,55.95,55.9,55.95,3.0,96.0,6779.0,350.0,False,False
006208,2022-10-26 10:40:03.209865,-0.0008936550491510653,-0.0008936550491510653,-0.05000000000000426,-0.05000000000000426,55.9,55.95,55.9,55.95,3.0,96.0,6779.0,350.0,False,False
006208,2022-10-26 10:40:03.806970,-0.0008936550491510653,-0.0008936550491510653,-0.05000000000000426,-0.05000000000000426,55.9,55.95,55.9,55.95,3.0,96.0,6779.0,350.0,False,False
006208,2022-10-26 10:40:03.921536,-0.0008936550491510653,-0.0008936550491510653,-0.05000000000000426,-0.05000000000000426,55.9,55.95,55.9,55.95,78.0,96.0,6779.0,350.0,False,False
006208,2022-10-26 10:40:04.836038,-0.0008936550491510653,-0.0008936550491510653,-0.05000000000000426,-0.05000000000000426,55.9,55.95,55.9,55.95,78.0,96.0,6779.0,350.0,False,False
006208,2022-10-26 10:40:04.992429,-0.0008936550491510653,-0.0008936550491510653,-0.05000000000000426,-0.05000000000000426,55.9,55.95,55.9,55.95,78.0,96.0,6779.0,350.0,False,False
006208,2022-10-26 10:40:05.028899,-0.0008936550491510653,-0.0008936550491510653,-0.05000000000000426,-0.05000000000000426,55.9,55.95,55.9,55.95,78.0,96.0,6779.0,350.0,False,False
006208,2022-10-26 10:40:05.327685,-0.0008936550491510653,-0.0008936550491510653,-0.05000000000000426,-0.05000000000000426,55.9,55.95,55.9,55.95,78.0,96.0,6779.0,350.0,False,False
006208,2022-10-26 10:40:05.363978,-0.0008936550491510653,-0.0008936550491510653,-0.05000000000000426,-0.05000000000000426,55.9,55.95,55.9,55.95,78.0,96.0,6779.0,350.0,False,False
006208,2022-10-26 10:40:05.714512,-0.0008936550491510653,-0.0008936550491510653,-0.05000000000000426,-0.05000000000000426,55.9,55.95,55.9,55.95,78.0,96.0,6779.0,350.0,False,False
006208,2022-10-26 10:40:05.729447,-0.0008936550491510653,-0.0008936550491510653,-0.05000000000000426,-0.05000000000000426,55.9,55.95,55.9,55.95,78.0,96.0,6779.0,350.0,False,False
006208,2022-10-26 10:40:05.854729,-0.0008936550491510653,-0.0008936550491510653,-0.05000000000000426,-0.05000000000000426,55.9,55.95,55.9,55.95,78.0,96.0,6779.0,345.0,False,True
006208,2022-10-26 10:40:06.020867,-0.0008936550491510653,-0.0008936550491510653,-0.05000000000000426,-0.05000000000000426,55.9,55.95,55.9,55.95,178.0,96.0,6779.0,345.0,False,False
006208,2022-10-26 10:40:07.590815,-0.0008936550491510653,-0.0008936550491510653,-0.05000000000000426,-0.05000000000000426,55.9,55.95,55.9,55.95,178.0,97.0,6779.0,345.0,False,False
006208,2022-10-26 10:40:07.617836,-0.0008936550491510653,-0.0008936550491510653,-0.05000000000000426,-0.05000000000000426,55.9,55.95,55.9,55.95,78.0,97.0,6779.0,345.0,False,False
006208,2022-10-26 10:40:08.187468,-0.0008936550491510653,-0.0008936550491510653,-0.05000000000000426,-0.05000000000000426,55.9,55.95,55.9,55.95,78.0,97.0,6779.0,345.0,False,False
006208,2022-10-26 10:40:08.198593,-0.0008936550491510653,-0.0008936550491510653,-0.05000000000000426,-0.05000000000000426,55.9,55.95,55.9,55.95,78.0,97.0,6779.0,345.0,False,False
006208,2022-10-26 10:40:08.622370,-0.0008936550491510653,-0.0008936550491510653,-0.05000000000000426,-0.05000000000000426,55.9,55.95,55.9,55.95,78.0,97.0,6779.0,345.0,False,False
006208,2022-10-26 10:40:10.396929,-0.0008936550491510653,-0.0008936550491510653,-0.05000000000000426,-0.05000000000000426,55.9,55.95,55.9,55.95,78.0,96.0,6779.0,345.0,False,False
006208,2022-10-26 10:40:10.649806,-0.0008936550491510653,-0.0008936550491510653,-0.05000000000000426,-0.05000000000000426,55.9,55.95,55.9,55.95,78.0,96.0,6779.0,345.0,False,False
006208,2022-10-26 10:40:10.652715,-0.0008936550491510653,-0.0008936550491510653,-0.05000000000000426,-0.05000000000000426,55.9,55.95,55.9,55.95,78.0,96.0,6779.0,345.0,False,False
006208,2022-10-26 10:40:10.784198,-0.0008936550491510653,-0.0008936550491510653,-0.05000000000000426,-0.05000000000000426,55.9,55.95,55.9,55.95,78.0,96.0,6779.0,345.0,False,False
006208,2022-10-26 10:40:15.923969,-0.0008936550491510653,-0.0008936550491510653,-0.05000000000000426,-0.05000000000000426,55.9,55.95,55.9,55.95,78.0,96.0,6779.0,82.0,True,True
006208,2022-10-26 10:40:16.282825,-0.0008936550491510653,-0.0008936550491510653,-0.05000000000000426,-0.05000000000000426,55.9,55.95,55.9,55.95,3.0,96.0,6779.0,82.0,False,False
006208,2022-10-26 10:40:16.337730,-0.0008936550491510653,-0.0008936550491510653,-0.05000000000000426,-0.05000000000000426,55.9,55.95,55.9,55.95,3.0,96.0,6779.0,82.0,False,False
006208,2022-10-26 10:40:16.415714,-0.0008936550491510653,-0.0008936550491510653,-0.05000000000000426,-0.05000000000000426,55.9,55.95,55.9,55.95,3.0,96.0,6779.0,82.0,False,False
006208,2022-10-26 10:40:17.028147,-0.0008936550491510653,-0.0008936550491510653,-0.05000000000000426,-0.05000000000000426,55.9,55.95,55.9,55.95,3.0,95.0,6779.0,82.0,False,False
006208,2022-10-26 10:40:20.423393,-0.0008936550491510653,-0.0008936550491510653,-0.05000000000000426,-0.05000000000000426,55.9,55.95,55.9,55.95,3.0,94.0,6779.0,82.0,False,False
006208,2022-10-26 10:40:20.800901,-0.0008936550491510653,-0.0008936550491510653,-0.05000000000000426,-0.05000000000000426,55.9,55.95,55.9,55.95,3.0,94.0,6779.0,82.0,False,False
006208,2022-10-26 10:40:20.804058,-0.0008936550491510653,-0.0008936550491510653,-0.05000000000000426,-0.05000000000000426,55.9,55.95,55.9,55.95,3.0,94.0,6779.0,82.0,False,False
006208,2022-10-26 10:40:20.936200,-0.0008936550491510653,-0.0008936550491510653,-0.05000000000000426,-0.05000000000000426,55.9,55.95,55.9,55.95,3.0,94.0,6779.0,82.0,False,False
006208,2022-10-26 10:40:21.423740,-0.0008936550491510653,-0.0008936550491510653,-0.05000000000000426,-0.05000000000000426,55.9,55.95,55.9,55.95,3.0,94.0,6779.0,82.0,False,False
006208,2022-10-26 10:40:21.544268,-0.0008936550491510653,-0.0008936550491510653,-0.05000000000000426,-0.05000000000000426,55.9,55.95,55.9,55.95,3.0,94.0,6779.0,82.0,False,False
006208,2022-10-26 10:40:23.588209,-0.0008936550491510653,-0.0008936550491510653,-0.05000000000000426,-0.05000000000000426,55.9,55.95,55.9,55.95,3.0,94.0,6779.0,82.0,False,False
006208,2022-10-26 10:40:25.981782,0.0,-0.0017857142857142794,0.0,-0.10000000000000142,55.9,55.95,55.95,56.0,3.0,94.0,263.0,2850.0,True,True
006208,2022-10-26 10:40:29.237206,0.0,-0.0017857142857142794,0.0,-0.10000000000000142,55.9,55.95,55.95,56.0,3.0,94.0,263.0,2850.0,False,False
006208,2022-10-26 10:40:30.439865,0.0,-0.0017857142857142794,0.0,-0.10000000000000142,55.9,55.95,55.95,56.0,3.0,93.0,263.0,2850.0,False,False
006208,2022-10-26 10:40:30.945253,0.0,-0.0017857142857142794,0.0,-0.10000000000000142,55.9,55.95,55.95,56.0,3.0,93.0,263.0,2850.0,False,False
006208,2022-10-26 10:40:30.948412,0.0,-0.0017857142857142794,0.0,-0.10000000000000142,55.9,55.95,55.95,56.0,3.0,93.0,263.0,2850.0,False,False
006208,2022-10-26 10:40:31.075838,0.0,-0.0017857142857142794,0.0,-0.10000000000000142,55.9,55.95,55.95,56.0,3.0,93.0,263.0,2850.0,False,False
006208,2022-10-26 10:40:32.116447,0.0,-0.0017857142857142794,0.0,-0.10000000000000142,55.9,55.95,55.95,56.0,3.0,93.0,263.0,2850.0,False,False
006208,2022-10-26 10:40:32.126433,0.0,-0.0017857142857142794,0.0,-0.10000000000000142,55.9,55.95,55.95,56.0,3.0,93.0,263.0,2850.0,False,False
006208,2022-10-26 10:40:32.235921,0.0,-0.0017857142857142794,0.0,-0.10000000000000142,55.9,55.95,55.95,56.0,3.0,93.0,263.0,2850.0,False,False
006208,2022-10-26 10:40:34.030735,0.0,-0.0017857142857142794,0.0,-0.10000000000000142,55.9,55.95,55.95,56.0,3.0,93.0,263.0,2850.0,False,False
006208,2022-10-26 10:40:34.373373,0.0,-0.0017857142857142794,0.0,-0.10000000000000142,55.9,55.95,55.95,56.0,3.0,92.0,263.0,2850.0,False,False
006208,2022-10-26 10:40:35.189238,0.0,-0.0017857142857142794,0.0,-0.10000000000000142,55.9,55.95,55.95,56.0,3.0,92.0,263.0,2850.0,False,False
006208,2022-10-26 10:40:35.189695,0.0,-0.0017857142857142794,0.0,-0.10000000000000142,55.9,55.95,55.95,56.0,3.0,92.0,263.0,2850.0,False,False
006208,2022-10-26 10:40:35.412433,0.0,-0.0017857142857142794,0.0,-0.10000000000000142,55.9,55.95,55.95,56.0,3.0,92.0,263.0,2850.0,False,False
006208,2022-10-26 10:40:35.412758,0.0,-0.0017857142857142794,0.0,-0.10000000000000142,55.9,55.95,55.95,56.0,3.0,92.0,263.0,2850.0,False,False
006208,2022-10-26 10:40:36.971004,0.0,-0.0017857142857142794,0.0,-0.10000000000000142,55.9,55.95,55.95,56.0,3.0,92.0,263.0,2850.0,False,False
006208,2022-10-26 10:40:36.995296,0.0,-0.0017857142857142794,0.0,-0.10000000000000142,55.9,55.95,55.95,56.0,3.0,92.0,263.0,2850.0,False,False
006208,2022-10-26 10:40:37.000137,0.0,-0.0017857142857142794,0.0,-0.10000000000000142,55.9,55.95,55.95,56.0,3.0,92.0,263.0,2850.0,False,False
006208,2022-10-26 10:40:37.096159,0.0,-0.0017857142857142794,0.0,-0.10000000000000142,55.9,55.95,55.95,56.0,78.0,92.0,263.0,2850.0,False,False
006208,2022-10-26 10:40:37.122469,0.0,-0.0017857142857142794,0.0,-0.10000000000000142,55.9,55.95,55.95,56.0,78.0,92.0,263.0,2850.0,False,False
006208,2022-10-26 10:40:37.318037,0.0,-0.0017857142857142794,0.0,-0.10000000000000142,55.9,55.95,55.95,56.0,3.0,92.0,263.0,2850.0,False,False
006208,2022-10-26 10:40:37.318293,0.0,-0.0017857142857142794,0.0,-0.10000000000000142,55.9,55.95,55.95,56.0,3.0,92.0,263.0,2850.0,False,False
006208,2022-10-26 10:40:37.725034,0.0,-0.0017857142857142794,0.0,-0.10000000000000142,55.9,55.95,55.95,56.0,3.0,92.0,263.0,2850.0,False,False
006208,2022-10-26 10:40:37.737475,0.0,-0.0017857142857142794,0.0,-0.10000000000000142,55.9,55.95,55.95,56.0,3.0,92.0,263.0,2850.0,False,False
006208,2022-10-26 10:40:37.823281,0.0,-0.0017857142857142794,0.0,-0.10000000000000142,55.9,55.95,55.95,56.0,3.0,92.0,263.0,2850.0,False,False
006208,2022-10-26 10:40:38.039904,0.0,-0.0017857142857142794,0.0,-0.10000000000000142,55.9,55.95,55.95,56.0,3.0,92.0,263.0,2850.0,False,False
006208,2022-10-26 10:40:39.272888,0.0,-0.0017857142857142794,0.0,-0.10000000000000142,55.9,55.95,55.95,56.0,3.0,92.0,263.0,2850.0,False,False
006208,2022-10-26 10:40:39.346309,0.0,-0.0017857142857142794,0.0,-0.10000000000000142,55.9,55.95,55.95,56.0,78.0,92.0,263.0,2850.0,False,False
006208,2022-10-26 10:40:39.425117,0.0,-0.0017857142857142794,0.0,-0.10000000000000142,55.9,55.95,55.95,56.0,78.0,92.0,263.0,2850.0,False,False
006208,2022-10-26 10:40:39.635186,0.0,-0.0017857142857142794,0.0,-0.10000000000000142,55.9,55.95,55.95,56.0,78.0,93.0,263.0,2850.0,False,False
006208,2022-10-26 10:40:40.280750,0.0,-0.0017857142857142794,0.0,-0.10000000000000142,55.9,55.95,55.95,56.0,78.0,93.0,263.0,2850.0,False,False
006208,2022-10-26 10:40:40.325332,0.0,-0.0017857142857142794,0.0,-0.10000000000000142,55.9,55.95,55.95,56.0,78.0,93.0,263.0,2850.0,False,False
006208,2022-10-26 10:40:41.068113,0.0,-0.0017857142857142794,0.0,-0.10000000000000142,55.9,55.95,55.95,56.0,78.0,93.0,263.0,2850.0,False,False
006208,2022-10-26 10:40:41.078064,0.0,-0.0017857142857142794,0.0,-0.10000000000000142,55.9,55.95,55.95,56.0,78.0,93.0,263.0,2850.0,False,False
006208,2022-10-26 10:40:41.212656,0.0,-0.0017857142857142794,0.0,-0.10000000000000142,55.9,55.95,55.95,56.0,78.0,93.0,263.0,2850.0,False,False
006208,2022-10-26 10:40:42.724555,0.0,-0.0017857142857142794,0.0,-0.10000000000000142,55.9,55.95,55.95,56.0,78.0,93.0,263.0,2850.0,False,False
006208,2022-10-26 10:40:42.727578,0.0,-0.0017857142857142794,0.0,-0.10000000000000142,55.9,55.95,55.95,56.0,78.0,93.0,263.0,2850.0,False,False
006208,2022-10-26 10:40:44.035762,0.0,-0.0017857142857142794,0.0,-0.10000000000000142,55.9,55.95,55.95,56.0,78.0,93.0,263.0,2850.0,False,False
006208,2022-10-26 10:40:44.045415,0.0,-0.0017857142857142794,0.0,-0.10000000000000142,55.9,55.95,55.95,56.0,78.0,93.0,263.0,2850.0,False,False
006208,2022-10-26 10:40:44.242743,0.0,-0.0017857142857142794,0.0,-0.10000000000000142,55.9,55.95,55.95,56.0,78.0,93.0,263.0,2850.0,False,False
006208,2022-10-26 10:40:46.097742,0.0,-0.0017857142857142794,0.0,-0.10000000000000142,55.9,55.95,55.95,56.0,78.0,93.0,613.0,2850.0,True,True
006208,2022-10-26 10:40:47.979901,0.0,-0.0017857142857142794,0.0,-0.10000000000000142,55.9,55.95,55.95,56.0,78.0,93.0,613.0,2850.0,False,False
006208,2022-10-26 10:40:48.336222,0.0,-0.0017857142857142794,0.0,-0.10000000000000142,55.9,55.95,55.95,56.0,78.0,93.0,613.0,2850.0,False,False
006208,2022-10-26 10:40:48.339816,0.0,-0.0017857142857142794,0.0,-0.10000000000000142,55.9,55.95,55.95,56.0,78.0,93.0,613.0,2850.0,False,False
006208,2022-10-26 10:40:48.510913,0.0,-0.0017857142857142794,0.0,-0.10000000000000142,55.9,55.95,55.95,56.0,78.0,93.0,613.0,2850.0,False,False
006208,2022-10-26 10:40:48.580171,0.0,-0.0017857142857142794,0.0,-0.10000000000000142,55.9,55.95,55.95,56.0,78.0,93.0,613.0,2850.0,False,False
006208,2022-10-26 10:40:48.648655,0.0,-0.0017857142857142794,0.0,-0.10000000000000142,55.9,55.95,55.95,56.0,78.0,93.0,613.0,2850.0,False,False
006208,2022-10-26 10:40:48.729650,0.0,-0.0017857142857142794,0.0,-0.10000000000000142,55.9,55.95,55.95,56.0,78.0,93.0,613.0,2850.0,False,False
006208,2022-10-26 10:40:48.980680,0.0,-0.0017857142857142794,0.0,-0.10000000000000142,55.9,55.95,55.95,56.0,178.0,93.0,613.0,2850.0,False,False
006208,2022-10-26 10:40:49.039243,0.0,-0.0017857142857142794,0.0,-0.10000000000000142,55.9,55.95,55.95,56.0,178.0,93.0,613.0,2850.0,False,False
006208,2022-10-26 10:40:49.104130,0.0,-0.0017857142857142794,0.0,-0.10000000000000142,55.9,55.95,55.95,56.0,178.0,93.0,613.0,2850.0,False,False
006208,2022-10-26 10:40:50.458988,0.0,-0.0017857142857142794,0.0,-0.10000000000000142,55.9,55.95,55.95,56.0,178.0,92.0,613.0,2850.0,False,False
006208,2022-10-26 10:40:50.796322,0.0,-0.0017857142857142794,0.0,-0.10000000000000142,55.9,55.95,55.95,56.0,178.0,92.0,613.0,2850.0,False,False
006208,2022-10-26 10:40:50.802412,0.0,-0.0017857142857142794,0.0,-0.10000000000000142,55.9,55.95,55.95,56.0,178.0,92.0,613.0,2850.0,False,False
006208,2022-10-26 10:40:50.924323,0.0,-0.0017857142857142794,0.0,-0.10000000000000142,55.9,55.95,55.95,56.0,178.0,92.0,613.0,2850.0,False,False
006208,2022-10-26 10:40:50.924340,0.0,-0.0017857142857142794,0.0,-0.10000000000000142,55.9,55.95,55.95,56.0,178.0,92.0,613.0,2850.0,False,False
006208,2022-10-26 10:40:51.069615,0.0,-0.0017857142857142794,0.0,-0.10000000000000142,55.9,55.95,55.95,56.0,178.0,92.0,613.0,2850.0,False,False
006208,2022-10-26 10:40:51.209496,0.0,-0.0017857142857142794,0.0,-0.10000000000000142,55.9,55.95,55.95,56.0,178.0,92.0,613.0,2850.0,False,False
006208,2022-10-26 10:40:51.382170,0.0,-0.0017857142857142794,0.0,-0.10000000000000142,55.9,55.95,55.95,56.0,178.0,92.0,613.0,2850.0,False,False
006208,2022-10-26 10:40:51.727703,0.0,-0.0017857142857142794,0.0,-0.10000000000000142,55.9,55.95,55.95,56.0,178.0,92.0,613.0,2850.0,False,False
006208,2022-10-26 10:40:51.825415,0.0,-0.0017857142857142794,0.0,-0.10000000000000142,55.9,55.95,55.95,56.0,178.0,92.0,613.0,2850.0,False,False
006208,2022-10-26 10:40:51.907678,0.0,-0.0017857142857142794,0.0,-0.10000000000000142,55.9,55.95,55.95,56.0,178.0,90.0,613.0,2850.0,False,False
006208,2022-10-26 10:40:54.075887,0.0,-0.0017857142857142794,0.0,-0.10000000000000142,55.9,55.95,55.95,56.0,178.0,90.0,613.0,2850.0,False,False
006208,2022-10-26 10:40:54.076183,0.0,-0.0017857142857142794,0.0,-0.10000000000000142,55.9,55.95,55.95,56.0,178.0,90.0,613.0,2850.0,False,False
006208,2022-10-26 10:40:56.163373,0.0,-0.0017857142857142794,0.0,-0.10000000000000142,55.9,55.95,55.95,56.0,178.0,90.0,613.0,2850.0,True,True
006208,2022-10-26 10:40:59.088621,0.0,-0.0017857142857142794,0.0,-0.10000000000000142,55.9,55.95,55.95,56.0,178.0,90.0,613.0,2850.0,False,False
006208,2022-10-26 10:40:59.090947,0.0,-0.0017857142857142794,0.0,-0.10000000000000142,55.9,55.95,55.95,56.0,178.0,89.0,613.0,2850.0,False,False
006208,2022-10-26 10:40:59.088840,0.0,-0.0017857142857142794,0.0,-0.10000000000000142,55.9,55.95,55.95,56.0,178.0,90.0,613.0,2850.0,False,False
006208,2022-10-26 10:40:59.293532,0.0,-0.0017857142857142794,0.0,-0.10000000000000142,55.9,55.95,55.95,56.0,178.0,89.0,613.0,2850.0,False,False
006208,2022-10-26 10:40:59.294129,0.0,-0.0017857142857142794,0.0,-0.10000000000000142,55.9,55.95,55.95,56.0,178.0,89.0,613.0,2850.0,False,False
006208,2022-10-26 10:41:00.129763,0.0,-0.0017857142857142794,0.0,-0.10000000000000142,55.9,55.95,55.95,56.0,178.0,89.0,613.0,2850.0,False,False
006208,2022-10-26 10:41:00.129958,0.0,-0.0017857142857142794,0.0,-0.10000000000000142,55.9,55.95,55.95,56.0,178.0,89.0,613.0,2850.0,False,False
006208,2022-10-26 10:41:00.481357,0.0,-0.0017857142857142794,0.0,-0.10000000000000142,55.9,55.95,55.95,56.0,178.0,88.0,613.0,2850.0,False,False
006208,2022-10-26 10:41:01.738237,0.0,-0.0017857142857142794,0.0,-0.10000000000000142,55.9,55.95,55.95,56.0,178.0,88.0,613.0,2850.0,False,False
006208,2022-10-26 10:41:01.738770,0.0,-0.0017857142857142794,0.0,-0.10000000000000142,55.9,55.95,55.95,56.0,178.0,88.0,613.0,2850.0,False,False
006208,2022-10-26 10:41:01.824125,0.0,-0.0017857142857142794,0.0,-0.10000000000000142,55.9,55.95,55.95,56.0,178.0,88.0,613.0,2850.0,False,False
006208,2022-10-26 10:41:01.996099,0.0,-0.0017857142857142794,0.0,-0.10000000000000142,55.9,55.95,55.95,56.0,178.0,88.0,613.0,2850.0,False,False
006208,2022-10-26 10:41:02.405127,0.0,-0.0017857142857142794,0.0,-0.10000000000000142,55.9,55.95,55.95,56.0,178.0,88.0,613.0,2850.0,False,False
006208,2022-10-26 10:41:04.966931,0.0,-0.0017857142857142794,0.0,-0.10000000000000142,55.9,55.95,55.95,56.0,178.0,88.0,613.0,2850.0,False,False
006208,2022-10-26 10:41:04.967263,0.0,-0.0017857142857142794,0.0,-0.10000000000000142,55.9,55.95,55.95,56.0,178.0,88.0,613.0,2850.0,False,False
006208,2022-10-26 10:41:05.966274,0.0,-0.0017857142857142794,0.0,-0.10000000000000142,55.9,55.95,55.95,56.0,178.0,88.0,613.0,2850.0,False,False
006208,2022-10-26 10:41:05.966562,0.0,-0.0017857142857142794,0.0,-0.10000000000000142,55.9,55.95,55.95,56.0,178.0,88.0,613.0,2850.0,False,False
006208,2022-10-26 10:41:06.217024,0.0,-0.0017857142857142794,0.0,-0.10000000000000142,55.9,55.95,55.95,56.0,178.0,88.0,613.0,2557.0,True,True
006208,2022-10-26 10:41:10.487263,0.0,-0.0017857142857142794,0.0,-0.10000000000000142,55.9,55.95,55.95,56.0,178.0,87.0,613.0,2557.0,False,False
006208,2022-10-26 10:41:12.401960,0.0,-0.0017857142857142794,0.0,-0.10000000000000142,55.9,55.95,55.95,56.0,178.0,87.0,613.0,2557.0,False,False
006208,2022-10-26 10:41:12.404576,0.0,-0.0017857142857142794,0.0,-0.10000000000000142,55.9,55.95,55.95,56.0,178.0,87.0,613.0,2557.0,False,False
006208,2022-10-26 10:41:12.558999,0.0,-0.0017857142857142794,0.0,-0.10000000000000142,55.9,55.95,55.95,56.0,178.0,87.0,613.0,2557.0,False,False
006208,2022-10-26 10:41:12.986155,0.0,-0.0017857142857142794,0.0,-0.10000000000000142,55.9,55.95,55.95,56.0,178.0,87.0,613.0,2557.0,False,False
006208,2022-10-26 10:41:13.194357,0.0,-0.0017857142857142794,0.0,-0.10000000000000142,55.9,55.95,55.95,56.0,178.0,87.0,613.0,2557.0,False,False
006208,2022-10-26 10:41:13.220853,0.0,-0.0017857142857142794,0.0,-0.10000000000000142,55.9,55.95,55.95,56.0,78.0,87.0,613.0,2557.0,False,False
006208,2022-10-26 10:41:13.362438,0.0,-0.0017857142857142794,0.0,-0.10000000000000142,55.9,55.95,55.95,56.0,78.0,87.0,613.0,2557.0,False,False
006208,2022-10-26 10:41:13.833107,0.0,-0.0017857142857142794,0.0,-0.10000000000000142,55.9,55.95,55.95,56.0,78.0,87.0,613.0,2557.0,False,False
006208,2022-10-26 10:41:13.833222,0.0,-0.0017857142857142794,0.0,-0.10000000000000142,55.9,55.95,55.95,56.0,78.0,87.0,613.0,2557.0,False,False
006208,2022-10-26 10:41:14.221571,0.0,-0.0017857142857142794,0.0,-0.10000000000000142,55.9,55.95,55.95,56.0,78.0,87.0,613.0,2557.0,False,False
006208,2022-10-26 10:41:16.270096,0.0,-0.0017857142857142794,0.0,-0.10000000000000142,55.9,55.95,55.95,56.0,78.0,87.0,923.0,2557.0,True,True
006208,2022-10-26 10:41:17.488892,0.0,-0.0017857142857142794,0.0,-0.10000000000000142,55.9,55.95,55.95,56.0,78.0,87.0,923.0,2557.0,False,False
006208,2022-10-26 10:41:17.494418,0.0,-0.0017857142857142794,0.0,-0.10000000000000142,55.9,55.95,55.95,56.0,78.0,87.0,923.0,2557.0,False,False
006208,2022-10-26 10:41:19.329473,0.0,-0.0017857142857142794,0.0,-0.10000000000000142,55.9,55.95,55.95,56.0,155.0,87.0,923.0,2557.0,False,False
006208,2022-10-26 10:41:20.492757,0.0,-0.0017857142857142794,0.0,-0.10000000000000142,55.9,55.95,55.95,56.0,155.0,86.0,923.0,2557.0,False,False
006208,2022-10-26 10:41:20.540793,0.0,-0.0017857142857142794,0.0,-0.10000000000000142,55.9,55.95,55.95,56.0,155.0,86.0,923.0,2557.0,False,False
006208,2022-10-26 10:41:20.545720,0.0,-0.0017857142857142794,0.0,-0.10000000000000142,55.9,55.95,55.95,56.0,155.0,86.0,923.0,2557.0,False,False
006208,2022-10-26 10:41:22.980869,0.0,-0.0017857142857142794,0.0,-0.10000000000000142,55.9,55.95,55.95,56.0,155.0,86.0,923.0,2557.0,False,False
006208,2022-10-26 10:41:22.986014,0.0,-0.0017857142857142794,0.0,-0.10000000000000142,55.9,55.95,55.95,56.0,155.0,86.0,923.0,2557.0,False,False
006208,2022-10-26 10:41:23.125682,0.0,-0.0017857142857142794,0.0,-0.10000000000000142,55.9,55.95,55.95,56.0,155.0,86.0,923.0,2557.0,False,False
006208,2022-10-26 10:41:25.155703,0.0,-0.0017857142857142794,0.0,-0.10000000000000142,55.9,55.95,55.95,56.0,155.0,86.0,923.0,2557.0,False,False
006208,2022-10-26 10:41:25.178567,0.0,-0.0017857142857142794,0.0,-0.10000000000000142,55.9,55.95,55.95,56.0,155.0,86.0,923.0,2557.0,False,False
006208,2022-10-26 10:41:26.179942,0.0,-0.0017857142857142794,0.0,-0.10000000000000142,55.9,55.95,55.95,56.0,255.0,86.0,923.0,2557.0,False,False
006208,2022-10-26 10:41:26.263553,0.0,-0.0017857142857142794,0.0,-0.10000000000000142,55.9,55.95,55.95,56.0,255.0,86.0,923.0,2557.0,False,False
006208,2022-10-26 10:41:27.832914,0.0,-0.0017857142857142794,0.0,-0.10000000000000142,55.9,55.95,55.95,56.0,255.0,86.0,923.0,2557.0,False,False
006208,2022-10-26 10:41:27.832965,0.0,-0.0017857142857142794,0.0,-0.10000000000000142,55.9,55.95,55.95,56.0,255.0,86.0,923.0,2557.0,False,False
006208,2022-10-26 10:41:30.497951,0.0,-0.0017857142857142794,0.0,-0.10000000000000142,55.9,55.95,55.95,56.0,255.0,85.0,923.0,2557.0,False,False
006208,2022-10-26 10:41:32.082071,0.0,-0.0017857142857142794,0.0,-0.10000000000000142,55.9,55.95,55.95,56.0,255.0,84.0,923.0,2557.0,False,False
006208,2022-10-26 10:41:33.114081,0.0,-0.0017857142857142794,0.0,-0.10000000000000142,55.9,55.95,55.95,56.0,255.0,84.0,923.0,2557.0,False,False
006208,2022-10-26 10:41:33.115603,0.0,-0.0017857142857142794,0.0,-0.10000000000000142,55.9,55.95,55.95,56.0,255.0,84.0,923.0,2557.0,False,False
006208,2022-10-26 10:41:33.247889,0.0,-0.0017857142857142794,0.0,-0.10000000000000142,55.9,55.95,55.95,56.0,255.0,84.0,923.0,2557.0,False,False
006208,2022-10-26 10:41:36.377616,0.0,-0.0017857142857142794,0.0,-0.10000000000000142,55.9,55.95,55.95,56.0,255.0,84.0,923.0,2557.0,True,True
006208,2022-10-26 10:41:39.672335,0.0,-0.0017857142857142794,0.0,-0.10000000000000142,55.9,55.95,55.95,56.0,332.0,84.0,923.0,2557.0,False,False
006208,2022-10-26 10:41:40.487538,0.0,-0.0017857142857142794,0.0,-0.10000000000000142,55.9,55.95,55.95,56.0,332.0,83.0,923.0,2557.0,False,False
006208,2022-10-26 10:41:41.161665,0.0,-0.0017857142857142794,0.0,-0.10000000000000142,55.9,55.95,55.95,56.0,332.0,83.0,923.0,2557.0,False,False
006208,2022-10-26 10:41:41.168058,0.0,-0.0017857142857142794,0.0,-0.10000000000000142,55.9,55.95,55.95,56.0,332.0,83.0,923.0,2557.0,False,False
006208,2022-10-26 10:41:41.546731,0.0,-0.0017857142857142794,0.0,-0.10000000000000142,55.9,55.95,55.95,56.0,332.0,83.0,923.0,2557.0,False,False
006208,2022-10-26 10:41:41.797809,0.0,-0.0017857142857142794,0.0,-0.10000000000000142,55.9,55.95,55.95,56.0,332.0,83.0,923.0,2557.0,False,False
006208,2022-10-26 10:41:41.916386,0.0,-0.0017857142857142794,0.0,-0.10000000000000142,55.9,55.95,55.95,56.0,332.0,83.0,923.0,2557.0,False,False
006208,2022-10-26 10:41:41.965383,0.0,-0.0017857142857142794,0.0,-0.10000000000000142,55.9,55.95,55.95,56.0,332.0,83.0,923.0,2557.0,False,False
006208,2022-10-26 10:41:43.072402,0.0,-0.0017857142857142794,0.0,-0.10000000000000142,55.9,55.95,55.95,56.0,332.0,83.0,923.0,2557.0,False,False
006208,2022-10-26 10:41:43.143440,-0.0008928571428571397,-0.0017857142857142794,-0.04999999999999716,-0.10000000000000142,55.9,56.0,55.95,56.0,257.0,145.0,923.0,2557.0,False,False
006208,2022-10-26 10:41:43.145986,-0.0008928571428571397,-0.0008928571428571397,-0.04999999999999716,-0.04999999999999716,55.95,56.0,55.95,56.0,75.0,145.0,923.0,2557.0,False,False
006208,2022-10-26 10:41:43.158821,-0.0008928571428571397,-0.0008928571428571397,-0.04999999999999716,-0.04999999999999716,55.95,56.0,55.95,56.0,75.0,145.0,923.0,2557.0,False,False
006208,2022-10-26 10:41:43.244902,-0.0008928571428571397,-0.0008928571428571397,-0.04999999999999716,-0.04999999999999716,55.95,56.0,55.95,56.0,75.0,145.0,923.0,2557.0,False,False
006208,2022-10-26 10:41:43.385659,-0.0008928571428571397,-0.0008928571428571397,-0.04999999999999716,-0.04999999999999716,55.95,56.0,55.95,56.0,75.0,105.0,923.0,2557.0,False,False
006208,2022-10-26 10:41:43.495292,-0.0008928571428571397,-0.0008928571428571397,-0.04999999999999716,-0.04999999999999716,55.95,56.0,55.95,56.0,75.0,105.0,923.0,2557.0,False,False
006208,2022-10-26 10:41:44.298840,-0.0008928571428571397,-0.0008928571428571397,-0.04999999999999716,-0.04999999999999716,55.95,56.0,55.95,56.0,75.0,105.0,923.0,2557.0,False,False
006208,2022-10-26 10:41:44.339420,-0.0008928571428571397,-0.0008928571428571397,-0.04999999999999716,-0.04999999999999716,55.95,56.0,55.95,56.0,75.0,105.0,923.0,2557.0,False,False
006208,2022-10-26 10:41:44.405543,-0.0008928571428571397,-0.0017857142857142794,-0.04999999999999716,-0.10000000000000142,55.9,56.0,55.95,56.0,412.0,105.0,923.0,2557.0,False,False
006208,2022-10-26 10:41:44.544908,-0.0008928571428571397,-0.0017857142857142794,-0.04999999999999716,-0.10000000000000142,55.9,56.0,55.95,56.0,372.0,55.0,923.0,2557.0,False,False
006208,2022-10-26 10:41:44.619840,-0.0008928571428571397,-0.0017857142857142794,-0.04999999999999716,-0.10000000000000142,55.9,56.0,55.95,56.0,372.0,55.0,923.0,2557.0,False,False
006208,2022-10-26 10:41:44.687960,-0.0008928571428571397,-0.0017857142857142794,-0.04999999999999716,-0.10000000000000142,55.9,56.0,55.95,56.0,372.0,55.0,923.0,2557.0,False,False
006208,2022-10-26 10:41:45.135842,-0.0008928571428571397,-0.0017857142857142794,-0.04999999999999716,-0.10000000000000142,55.9,56.0,55.95,56.0,372.0,55.0,923.0,2557.0,False,False
006208,2022-10-26 10:41:45.138970,-0.0008928571428571397,-0.0017857142857142794,-0.04999999999999716,-0.10000000000000142,55.9,56.0,55.95,56.0,372.0,55.0,923.0,2557.0,False,False
006208,2022-10-26 10:41:45.275189,-0.0008928571428571397,-0.0017857142857142794,-0.04999999999999716,-0.10000000000000142,55.9,56.0,55.95,56.0,372.0,55.0,923.0,2557.0,False,False
006208,2022-10-26 10:41:45.373274,-0.0008928571428571397,-0.0017857142857142794,-0.04999999999999716,-0.10000000000000142,55.9,56.0,55.95,56.0,372.0,55.0,923.0,2557.0,False,False
006208,2022-10-26 10:41:45.723134,-0.0008928571428571397,-0.0017857142857142794,-0.04999999999999716,-0.10000000000000142,55.9,56.0,55.95,56.0,372.0,55.0,923.0,2557.0,False,False
006208,2022-10-26 10:41:46.382486,-0.0008928571428571397,-0.0017857142857142794,-0.04999999999999716,-0.10000000000000142,55.9,56.0,55.95,56.0,372.0,55.0,923.0,2557.0,False,False
006208,2022-10-26 10:41:46.382608,-0.0008928571428571397,-0.0017857142857142794,-0.04999999999999716,-0.10000000000000142,55.9,56.0,55.95,56.0,372.0,55.0,923.0,2557.0,False,False
006208,2022-10-26 10:41:46.807006,-0.0008928571428571397,-0.0017857142857142794,-0.04999999999999716,-0.10000000000000142,55.9,56.0,55.95,56.0,372.0,55.0,923.0,2557.0,False,False
006208,2022-10-26 10:41:46.807040,-0.0008928571428571397,-0.0017857142857142794,-0.04999999999999716,-0.10000000000000142,55.9,56.0,55.95,56.0,372.0,55.0,923.0,2557.0,False,False
006208,2022-10-26 10:41:47.199841,-0.0008928571428571397,-0.0017857142857142794,-0.04999999999999716,-0.10000000000000142,55.9,56.0,55.95,56.0,372.0,55.0,923.0,2557.0,False,False
006208,2022-10-26 10:41:48.587456,-0.0008928571428571397,-0.0017857142857142794,-0.04999999999999716,-0.10000000000000142,55.9,56.0,55.95,56.0,372.0,55.0,923.0,2557.0,False,False
006208,2022-10-26 10:41:50.000029,-0.0008928571428571397,-0.0017857142857142794,-0.04999999999999716,-0.10000000000000142,55.9,56.0,55.95,56.0,372.0,55.0,923.0,2557.0,False,False
006208,2022-10-26 10:41:50.032255,-0.0008928571428571397,-0.0017857142857142794,-0.04999999999999716,-0.10000000000000142,55.9,56.0,55.95,56.0,372.0,55.0,923.0,2557.0,False,False
006208,2022-10-26 10:41:52.608239,-0.0008928571428571397,-0.0017857142857142794,-0.04999999999999716,-0.10000000000000142,55.9,56.0,55.95,56.0,372.0,55.0,923.0,2557.0,False,False
006208,2022-10-26 10:41:52.608626,-0.0008928571428571397,-0.0017857142857142794,-0.04999999999999716,-0.10000000000000142,55.9,56.0,55.95,56.0,372.0,55.0,923.0,2557.0,False,False
006208,2022-10-26 10:41:52.990166,-0.0008928571428571397,-0.0017857142857142794,-0.04999999999999716,-0.10000000000000142,55.9,56.0,55.95,56.0,372.0,54.0,923.0,2557.0,False,False
006208,2022-10-26 10:41:52.993637,-0.0008928571428571397,-0.0017857142857142794,-0.04999999999999716,-0.10000000000000142,55.9,56.0,55.95,56.0,372.0,54.0,923.0,2557.0,False,False
006208,2022-10-26 10:41:52.993971,-0.0008928571428571397,-0.0017857142857142794,-0.04999999999999716,-0.10000000000000142,55.9,56.0,55.95,56.0,372.0,54.0,923.0,2557.0,False,False
006208,2022-10-26 10:41:53.241855,-0.0008928571428571397,-0.0017857142857142794,-0.04999999999999716,-0.10000000000000142,55.9,56.0,55.95,56.0,372.0,54.0,923.0,2557.0,False,False
006208,2022-10-26 10:41:53.241881,-0.0008928571428571397,-0.0017857142857142794,-0.04999999999999716,-0.10000000000000142,55.9,56.0,55.95,56.0,372.0,54.0,923.0,2557.0,False,False
006208,2022-10-26 10:41:54.617877,-0.0008928571428571397,-0.0017857142857142794,-0.04999999999999716,-0.10000000000000142,55.9,56.0,55.95,56.0,372.0,54.0,923.0,2557.0,False,False
006208,2022-10-26 10:41:54.622645,-0.0008928571428571397,-0.0017857142857142794,-0.04999999999999716,-0.10000000000000142,55.9,56.0,55.95,56.0,372.0,54.0,923.0,2557.0,False,False
006208,2022-10-26 10:41:54.746299,-0.0008928571428571397,-0.0017857142857142794,-0.04999999999999716,-0.10000000000000142,55.9,56.0,55.95,56.0,372.0,54.0,923.0,2557.0,False,False
006208,2022-10-26 10:41:54.762984,-0.0008928571428571397,-0.0017857142857142794,-0.04999999999999716,-0.10000000000000142,55.9,56.0,55.95,56.0,372.0,54.0,923.0,2557.0,False,False
006208,2022-10-26 10:41:55.074627,-0.0008928571428571397,-0.0017857142857142794,-0.04999999999999716,-0.10000000000000142,55.9,56.0,55.95,56.0,272.0,54.0,923.0,2557.0,False,False
006208,2022-10-26 10:41:56.075556,-0.0008928571428571397,-0.0017857142857142794,-0.04999999999999716,-0.10000000000000142,55.9,56.0,55.95,56.0,272.0,154.0,923.0,2557.0,False,False
006208,2022-10-26 10:41:56.461122,-0.0008928571428571397,-0.0017857142857142794,-0.04999999999999716,-0.10000000000000142,55.9,56.0,55.95,56.0,272.0,154.0,973.0,2507.0,True,True
006208,2022-10-26 10:41:56.874844,-0.0008928571428571397,-0.0017857142857142794,-0.04999999999999716,-0.10000000000000142,55.9,56.0,55.95,56.0,272.0,154.0,973.0,2507.0,False,False
006208,2022-10-26 10:41:56.979825,-0.0008928571428571397,-0.0017857142857142794,-0.04999999999999716,-0.10000000000000142,55.9,56.0,55.95,56.0,272.0,154.0,973.0,2507.0,False,False
006208,2022-10-26 10:42:00.498044,-0.0008928571428571397,-0.0017857142857142794,-0.04999999999999716,-0.10000000000000142,55.9,56.0,55.95,56.0,272.0,153.0,973.0,2507.0,False,False
006208,2022-10-26 10:42:00.678736,-0.0008928571428571397,-0.0017857142857142794,-0.04999999999999716,-0.10000000000000142,55.9,56.0,55.95,56.0,272.0,153.0,973.0,2507.0,False,False
006208,2022-10-26 10:42:00.790118,-0.0008928571428571397,-0.0017857142857142794,-0.04999999999999716,-0.10000000000000142,55.9,56.0,55.95,56.0,272.0,153.0,973.0,2507.0,False,False
006208,2022-10-26 10:42:03.246990,-0.0008928571428571397,-0.0017857142857142794,-0.04999999999999716,-0.10000000000000142,55.9,56.0,55.95,56.0,272.0,153.0,973.0,2507.0,False,False
006208,2022-10-26 10:42:04.745962,-0.0008928571428571397,-0.0017857142857142794,-0.04999999999999716,-0.10000000000000142,55.9,56.0,55.95,56.0,272.0,153.0,973.0,2507.0,False,False
006208,2022-10-26 10:42:04.749598,-0.0008928571428571397,-0.0017857142857142794,-0.04999999999999716,-0.10000000000000142,55.9,56.0,55.95,56.0,272.0,153.0,973.0,2507.0,False,False
006208,2022-10-26 10:42:04.886650,-0.0008928571428571397,-0.0017857142857142794,-0.04999999999999716,-0.10000000000000142,55.9,56.0,55.95,56.0,272.0,153.0,973.0,2507.0,False,False
006208,2022-10-26 10:42:06.175682,-0.0008928571428571397,-0.0017857142857142794,-0.04999999999999716,-0.10000000000000142,55.9,56.0,55.95,56.0,272.0,152.0,973.0,2507.0,False,False
006208,2022-10-26 10:42:06.507464,-0.0008928571428571397,-0.0017857142857142794,-0.04999999999999716,-0.10000000000000142,55.9,56.0,55.95,56.0,272.0,152.0,973.0,2307.0,True,True
006208,2022-10-26 10:42:10.518599,-0.0008928571428571397,-0.0017857142857142794,-0.04999999999999716,-0.10000000000000142,55.9,56.0,55.95,56.0,272.0,151.0,973.0,2307.0,False,False
006208,2022-10-26 10:42:14.718754,-0.0008928571428571397,-0.0017857142857142794,-0.04999999999999716,-0.10000000000000142,55.9,56.0,55.95,56.0,272.0,151.0,973.0,2307.0,False,False
006208,2022-10-26 10:42:14.719042,-0.0008928571428571397,-0.0017857142857142794,-0.04999999999999716,-0.10000000000000142,55.9,56.0,55.95,56.0,272.0,226.0,973.0,2307.0,False,False
006208,2022-10-26 10:42:14.940605,-0.0008928571428571397,-0.0017857142857142794,-0.04999999999999716,-0.10000000000000142,55.9,56.0,55.95,56.0,272.0,226.0,973.0,2307.0,False,False
006208,2022-10-26 10:42:15.014628,-0.0008928571428571397,-0.0017857142857142794,-0.04999999999999716,-0.10000000000000142,55.9,56.0,55.95,56.0,272.0,226.0,973.0,2307.0,False,False
006208,2022-10-26 10:42:15.124948,-0.0008928571428571397,-0.0017857142857142794,-0.04999999999999716,-0.10000000000000142,55.9,56.0,55.95,56.0,272.0,226.0,973.0,2307.0,False,False
006208,2022-10-26 10:42:20.523671,-0.0008928571428571397,-0.0017857142857142794,-0.04999999999999716,-0.10000000000000142,55.9,56.0,55.95,56.0,272.0,225.0,973.0,2307.0,False,False
006208,2022-10-26 10:42:20.835432,-0.0008928571428571397,-0.0017857142857142794,-0.04999999999999716,-0.10000000000000142,55.9,56.0,55.95,56.0,272.0,150.0,973.0,2307.0,False,False
006208,2022-10-26 10:42:22.542014,-0.0008928571428571397,-0.0017857142857142794,-0.04999999999999716,-0.10000000000000142,55.9,56.0,55.95,56.0,272.0,150.0,973.0,2307.0,False,False
006208,2022-10-26 10:42:22.542448,-0.0008928571428571397,-0.0017857142857142794,-0.04999999999999716,-0.10000000000000142,55.9,56.0,55.95,56.0,272.0,150.0,973.0,2307.0,False,False
006208,2022-10-26 10:42:22.617362,-0.0008928571428571397,-0.0017857142857142794,-0.04999999999999716,-0.10000000000000142,55.9,56.0,55.95,56.0,272.0,150.0,973.0,2307.0,False,False
006208,2022-10-26 10:42:25.002646,-0.0008928571428571397,-0.0017857142857142794,-0.04999999999999716,-0.10000000000000142,55.9,56.0,55.95,56.0,272.0,150.0,973.0,2307.0,False,False
006208,2022-10-26 10:42:25.006013,-0.0008928571428571397,-0.0017857142857142794,-0.04999999999999716,-0.10000000000000142,55.9,56.0,55.95,56.0,272.0,150.0,973.0,2307.0,False,False
006208,2022-10-26 10:42:25.146407,-0.0008928571428571397,-0.0017857142857142794,-0.04999999999999716,-0.10000000000000142,55.9,56.0,55.95,56.0,272.0,150.0,973.0,2307.0,False,False
006208,2022-10-26 10:42:26.481547,-0.0008928571428571397,-0.0017857142857142794,-0.04999999999999716,-0.10000000000000142,55.9,56.0,55.95,56.0,272.0,150.0,973.0,2307.0,False,False
006208,2022-10-26 10:42:26.588738,-0.0008928571428571397,-0.0017857142857142794,-0.04999999999999716,-0.10000000000000142,55.9,56.0,55.95,56.0,272.0,150.0,973.0,2700.0,True,True
006208,2022-10-26 10:42:27.624533,-0.0008928571428571397,-0.0017857142857142794,-0.04999999999999716,-0.10000000000000142,55.9,56.0,55.95,56.0,272.0,150.0,973.0,2700.0,False,False
006208,2022-10-26 10:42:27.631201,-0.0008928571428571397,-0.0017857142857142794,-0.04999999999999716,-0.10000000000000142,55.9,56.0,55.95,56.0,272.0,150.0,973.0,2700.0,False,False
006208,2022-10-26 10:42:30.528641,-0.0008928571428571397,-0.0017857142857142794,-0.04999999999999716,-0.10000000000000142,55.9,56.0,55.95,56.0,272.0,149.0,973.0,2700.0,False,False
006208,2022-10-26 10:42:31.282816,-0.0008928571428571397,-0.0017857142857142794,-0.04999999999999716,-0.10000000000000142,55.9,56.0,55.95,56.0,272.0,149.0,973.0,2700.0,False,False
006208,2022-10-26 10:42:31.293637,-0.0008928571428571397,-0.0017857142857142794,-0.04999999999999716,-0.10000000000000142,55.9,56.0,55.95,56.0,272.0,179.0,973.0,2700.0,False,False
006208,2022-10-26 10:42:35.129451,-0.0008928571428571397,-0.0017857142857142794,-0.04999999999999716,-0.10000000000000142,55.9,56.0,55.95,56.0,272.0,179.0,973.0,2700.0,False,False
006208,2022-10-26 10:42:35.164332,-0.0008928571428571397,-0.0017857142857142794,-0.04999999999999716,-0.10000000000000142,55.9,56.0,55.95,56.0,272.0,79.0,973.0,2700.0,False,False
006208,2022-10-26 10:42:35.270044,-0.0008928571428571397,-0.0017857142857142794,-0.04999999999999716,-0.10000000000000142,55.9,56.0,55.95,56.0,272.0,79.0,973.0,2700.0,False,False
006208,2022-10-26 10:42:36.165859,-0.0008928571428571397,-0.0017857142857142794,-0.04999999999999716,-0.10000000000000142,55.9,56.0,55.95,56.0,372.0,79.0,973.0,2700.0,False,False
006208,2022-10-26 10:42:37.052067,-0.0008928571428571397,-0.0017857142857142794,-0.04999999999999716,-0.10000000000000142,55.9,56.0,55.95,56.0,372.0,79.0,973.0,2700.0,False,False
006208,2022-10-26 10:42:37.074743,-0.0008928571428571397,-0.0017857142857142794,-0.04999999999999716,-0.10000000000000142,55.9,56.0,55.95,56.0,372.0,79.0,973.0,2700.0,False,False
006208,2022-10-26 10:42:37.085083,-0.0008928571428571397,-0.0017857142857142794,-0.04999999999999716,-0.10000000000000142,55.9,56.0,55.95,56.0,372.0,79.0,973.0,2700.0,False,False
006208,2022-10-26 10:42:38.398764,-0.0008928571428571397,-0.0017857142857142794,-0.04999999999999716,-0.10000000000000142,55.9,56.0,55.95,56.0,372.0,79.0,973.0,2700.0,False,False
006208,2022-10-26 10:42:38.429930,-0.0008928571428571397,-0.0017857142857142794,-0.04999999999999716,-0.10000000000000142,55.9,56.0,55.95,56.0,372.0,79.0,973.0,2700.0,False,False
006208,2022-10-26 10:42:39.152509,-0.0008928571428571397,-0.0017857142857142794,-0.04999999999999716,-0.10000000000000142,55.9,56.0,55.95,56.0,372.0,78.0,973.0,2700.0,False,False
006208,2022-10-26 10:42:40.518154,-0.0008928571428571397,-0.0017857142857142794,-0.04999999999999716,-0.10000000000000142,55.9,56.0,55.95,56.0,372.0,77.0,973.0,2700.0,False,False
006208,2022-10-26 10:42:42.417101,-0.0008928571428571397,-0.0017857142857142794,-0.04999999999999716,-0.10000000000000142,55.9,56.0,55.95,56.0,372.0,77.0,973.0,2700.0,False,False
006208,2022-10-26 10:42:42.434496,-0.0008928571428571397,-0.0017857142857142794,-0.04999999999999716,-0.10000000000000142,55.9,56.0,55.95,56.0,372.0,47.0,973.0,2700.0,False,False
006208,2022-10-26 10:42:44.513277,-0.0008928571428571397,-0.0017857142857142794,-0.04999999999999716,-0.10000000000000142,55.9,56.0,55.95,56.0,297.0,47.0,973.0,2700.0,False,False
006208,2022-10-26 10:42:44.552467,-0.0008928571428571397,-0.0008928571428571397,-0.04999999999999716,-0.04999999999999716,55.95,56.0,55.95,56.0,75.0,47.0,973.0,2700.0,False,False
006208,2022-10-26 10:42:44.697471,-0.0008928571428571397,-0.0008928571428571397,-0.04999999999999716,-0.04999999999999716,55.95,56.0,55.95,56.0,75.0,47.0,973.0,2700.0,False,False
006208,2022-10-26 10:42:44.778390,-0.0008928571428571397,-0.0008928571428571397,-0.04999999999999716,-0.04999999999999716,55.95,56.0,55.95,56.0,75.0,47.0,973.0,2700.0,False,False
006208,2022-10-26 10:42:45.781790,-0.0008928571428571397,-0.0008928571428571397,-0.04999999999999716,-0.04999999999999716,55.95,56.0,55.95,56.0,75.0,47.0,973.0,2700.0,False,False
006208,2022-10-26 10:42:45.786516,-0.0008928571428571397,-0.0008928571428571397,-0.04999999999999716,-0.04999999999999716,55.95,56.0,55.95,56.0,75.0,47.0,973.0,2700.0,False,False
006208,2022-10-26 10:42:46.667084,-0.0008928571428571397,-0.0008928571428571397,-0.04999999999999716,-0.04999999999999716,55.95,56.0,55.95,56.0,75.0,47.0,1473.0,2700.0,True,True
006208,2022-10-26 10:42:47.093809,-0.0008928571428571397,-0.0008928571428571397,-0.04999999999999716,-0.04999999999999716,55.95,56.0,55.95,56.0,75.0,47.0,1473.0,2700.0,False,False
006208,2022-10-26 10:42:47.109878,-0.0008928571428571397,-0.0008928571428571397,-0.04999999999999716,-0.04999999999999716,55.95,56.0,55.95,56.0,75.0,47.0,1473.0,2700.0,False,False
006208,2022-10-26 10:42:47.347491,-0.0008928571428571397,-0.0008928571428571397,-0.04999999999999716,-0.04999999999999716,55.95,56.0,55.95,56.0,75.0,47.0,1473.0,2700.0,False,False
006208,2022-10-26 10:42:47.486985,-0.0008928571428571397,-0.0008928571428571397,-0.04999999999999716,-0.04999999999999716,55.95,56.0,55.95,56.0,75.0,47.0,1473.0,2700.0,False,False
006208,2022-10-26 10:42:47.506601,-0.0008928571428571397,-0.0008928571428571397,-0.04999999999999716,-0.04999999999999716,55.95,56.0,55.95,56.0,75.0,47.0,1473.0,2700.0,False,False
006208,2022-10-26 10:42:49.092133,-0.0008928571428571397,-0.0008928571428571397,-0.04999999999999716,-0.04999999999999716,55.95,56.0,55.95,56.0,75.0,47.0,1473.0,2700.0,False,False
006208,2022-10-26 10:42:49.200572,-0.0008928571428571397,-0.0008928571428571397,-0.04999999999999716,-0.04999999999999716,55.95,56.0,55.95,56.0,75.0,47.0,1473.0,2700.0,False,False
006208,2022-10-26 10:42:49.221303,-0.0008928571428571397,-0.0008928571428571397,-0.04999999999999716,-0.04999999999999716,55.95,56.0,55.95,56.0,75.0,47.0,1473.0,2700.0,False,False
006208,2022-10-26 10:42:49.957808,-0.0008928571428571397,-0.0008928571428571397,-0.04999999999999716,-0.04999999999999716,55.95,56.0,55.95,56.0,75.0,46.0,1473.0,2700.0,False,False
006208,2022-10-26 10:42:52.203703,-0.0008928571428571397,-0.0008928571428571397,-0.04999999999999716,-0.04999999999999716,55.95,56.0,55.95,56.0,75.0,46.0,1473.0,2700.0,False,False
006208,2022-10-26 10:42:52.251423,-0.0008928571428571397,-0.0008928571428571397,-0.04999999999999716,-0.04999999999999716,55.95,56.0,55.95,56.0,75.0,46.0,1473.0,2700.0,False,False
006208,2022-10-26 10:42:52.335765,-0.0008928571428571397,-0.0008928571428571397,-0.04999999999999716,-0.04999999999999716,55.95,56.0,55.95,56.0,75.0,46.0,1473.0,2700.0,False,False
006208,2022-10-26 10:42:52.412613,-0.0008928571428571397,-0.0008928571428571397,-0.04999999999999716,-0.04999999999999716,55.95,56.0,55.95,56.0,76.0,46.0,1473.0,2700.0,False,False
006208,2022-10-26 10:42:53.987527,-0.0008928571428571397,-0.0008928571428571397,-0.04999999999999716,-0.04999999999999716,55.95,56.0,55.95,56.0,76.0,46.0,1473.0,2700.0,False,False
006208,2022-10-26 10:42:54.056064,-0.0008928571428571397,-0.0008928571428571397,-0.04999999999999716,-0.04999999999999716,55.95,56.0,55.95,56.0,76.0,46.0,1473.0,2700.0,False,False
006208,2022-10-26 10:42:54.129057,-0.0008928571428571397,-0.0008928571428571397,-0.04999999999999716,-0.04999999999999716,55.95,56.0,55.95,56.0,76.0,46.0,1473.0,2700.0,False,False
006208,2022-10-26 10:42:54.272516,-0.0008928571428571397,-0.0008928571428571397,-0.04999999999999716,-0.04999999999999716,55.95,56.0,55.95,56.0,76.0,46.0,1473.0,2700.0,False,False
006208,2022-10-26 10:42:54.277245,-0.0008928571428571397,-0.0008928571428571397,-0.04999999999999716,-0.04999999999999716,55.95,56.0,55.95,56.0,76.0,46.0,1473.0,2700.0,False,False
006208,2022-10-26 10:42:54.773575,-0.0008928571428571397,-0.0008928571428571397,-0.04999999999999716,-0.04999999999999716,55.95,56.0,55.95,56.0,76.0,46.0,1473.0,2700.0,False,False
006208,2022-10-26 10:42:54.783080,-0.0008928571428571397,-0.0008928571428571397,-0.04999999999999716,-0.04999999999999716,55.95,56.0,55.95,56.0,76.0,46.0,1473.0,2700.0,False,False
006208,2022-10-26 10:42:54.920481,-0.0008928571428571397,-0.0008928571428571397,-0.04999999999999716,-0.04999999999999716,55.95,56.0,55.95,56.0,76.0,46.0,1473.0,2700.0,False,False
006208,2022-10-26 10:42:55.025463,-0.0008928571428571397,-0.0008928571428571397,-0.04999999999999716,-0.04999999999999716,55.95,56.0,55.95,56.0,176.0,46.0,1473.0,2700.0,False,False
006208,2022-10-26 10:42:55.133018,-0.0008928571428571397,-0.0008928571428571397,-0.04999999999999716,-0.04999999999999716,55.95,56.0,55.95,56.0,176.0,46.0,1473.0,2700.0,False,False
006208,2022-10-26 10:42:55.143605,-0.0008928571428571397,-0.0008928571428571397,-0.04999999999999716,-0.04999999999999716,55.95,56.0,55.95,56.0,176.0,46.0,1473.0,2700.0,False,False
006208,2022-10-26 10:42:55.611954,-0.0008928571428571397,-0.0008928571428571397,-0.04999999999999716,-0.04999999999999716,55.95,56.0,55.95,56.0,76.0,46.0,1473.0,2700.0,False,False
006208,2022-10-26 10:42:56.612708,-0.0008928571428571397,-0.0008928571428571397,-0.04999999999999716,-0.04999999999999716,55.95,56.0,55.95,56.0,76.0,46.0,1473.0,2700.0,False,False
006208,2022-10-26 10:42:56.706702,-0.0008928571428571397,-0.0008928571428571397,-0.04999999999999716,-0.04999999999999716,55.95,56.0,55.95,56.0,76.0,46.0,1473.0,2700.0,False,False
006208,2022-10-26 10:42:56.709229,-0.0008928571428571397,-0.0008928571428571397,-0.04999999999999716,-0.04999999999999716,55.95,56.0,55.95,56.0,76.0,46.0,1571.0,2908.0,True,True
006208,2022-10-26 10:42:57.018619,-0.0008928571428571397,-0.0008928571428571397,-0.04999999999999716,-0.04999999999999716,55.95,56.0,55.95,56.0,76.0,46.0,1571.0,2908.0,False,False
006208,2022-10-26 10:42:57.643670,-0.0008928571428571397,-0.0008928571428571397,-0.04999999999999716,-0.04999999999999716,55.95,56.0,55.95,56.0,176.0,46.0,1571.0,2908.0,False,False
006208,2022-10-26 10:43:00.513456,-0.0008928571428571397,-0.0008928571428571397,-0.04999999999999716,-0.04999999999999716,55.95,56.0,55.95,56.0,176.0,45.0,1571.0,2908.0,False,False
006208,2022-10-26 10:43:04.906065,-0.0008928571428571397,-0.0008928571428571397,-0.04999999999999716,-0.04999999999999716,55.95,56.0,55.95,56.0,176.0,45.0,1571.0,2908.0,False,False
006208,2022-10-26 10:43:04.937152,-0.0008928571428571397,-0.0008928571428571397,-0.04999999999999716,-0.04999999999999716,55.95,56.0,55.95,56.0,76.0,45.0,1571.0,2908.0,False,False
006208,2022-10-26 10:43:05.047606,-0.0008928571428571397,-0.0008928571428571397,-0.04999999999999716,-0.04999999999999716,55.95,56.0,55.95,56.0,76.0,45.0,1571.0,2908.0,False,False
006208,2022-10-26 10:43:05.938650,-0.0008928571428571397,-0.0008928571428571397,-0.04999999999999716,-0.04999999999999716,55.95,56.0,55.95,56.0,76.0,45.0,1571.0,2908.0,False,False
006208,2022-10-26 10:43:05.957107,-0.0008928571428571397,-0.0008928571428571397,-0.04999999999999716,-0.04999999999999716,55.95,56.0,55.95,56.0,76.0,45.0,1571.0,3159.0,False,True
006208,2022-10-26 10:43:06.554316,-0.0008928571428571397,-0.0008928571428571397,-0.04999999999999716,-0.04999999999999716,55.95,56.0,55.95,56.0,76.0,45.0,1571.0,3159.0,False,False
006208,2022-10-26 10:43:06.599650,-0.0008928571428571397,-0.0008928571428571397,-0.04999999999999716,-0.04999999999999716,55.95,56.0,55.95,56.0,76.0,45.0,1571.0,3159.0,False,False
006208,2022-10-26 10:43:06.783533,-0.0008928571428571397,-0.0008928571428571397,-0.04999999999999716,-0.04999999999999716,55.95,56.0,55.95,56.0,76.0,45.0,1571.0,3159.0,False,False
006208,2022-10-26 10:43:06.802808,-0.0008928571428571397,-0.0008928571428571397,-0.04999999999999716,-0.04999999999999716,55.95,56.0,55.95,56.0,76.0,45.0,1571.0,3159.0,False,False
006208,2022-10-26 10:43:07.803437,-0.0008928571428571397,-0.0008928571428571397,-0.04999999999999716,-0.04999999999999716,55.95,56.0,55.95,56.0,76.0,45.0,1571.0,3159.0,False,False
006208,2022-10-26 10:43:07.865837,-0.0008928571428571397,-0.0008928571428571397,-0.04999999999999716,-0.04999999999999716,55.95,56.0,55.95,56.0,76.0,45.0,1571.0,3159.0,False,False
006208,2022-10-26 10:43:07.931397,-0.0008928571428571397,-0.0008928571428571397,-0.04999999999999716,-0.04999999999999716,55.95,56.0,55.95,56.0,76.0,45.0,1571.0,3159.0,False,False
006208,2022-10-26 10:43:10.520618,-0.0008928571428571397,-0.0008928571428571397,-0.04999999999999716,-0.04999999999999716,55.95,56.0,55.95,56.0,76.0,44.0,1571.0,3159.0,False,False
006208,2022-10-26 10:43:10.674147,-0.0008928571428571397,-0.0008928571428571397,-0.04999999999999716,-0.04999999999999716,55.95,56.0,55.95,56.0,76.0,44.0,1571.0,3159.0,False,False
006208,2022-10-26 10:43:10.674241,-0.0008928571428571397,-0.0008928571428571397,-0.04999999999999716,-0.04999999999999716,55.95,56.0,55.95,56.0,76.0,44.0,1571.0,3159.0,False,False
006208,2022-10-26 10:43:11.043668,-0.0008928571428571397,-0.0008928571428571397,-0.04999999999999716,-0.04999999999999716,55.95,56.0,55.95,56.0,76.0,43.0,1571.0,3159.0,False,False
006208,2022-10-26 10:43:12.124762,-0.0008928571428571397,-0.0008928571428571397,-0.04999999999999716,-0.04999999999999716,55.95,56.0,55.95,56.0,76.0,42.0,1571.0,3159.0,False,False
006208,2022-10-26 10:43:13.927054,-0.0008928571428571397,-0.0008928571428571397,-0.04999999999999716,-0.04999999999999716,55.95,56.0,55.95,56.0,76.0,42.0,1571.0,3159.0,False,False
006208,2022-10-26 10:43:13.935384,-0.0008928571428571397,-0.0008928571428571397,-0.04999999999999716,-0.04999999999999716,55.95,56.0,55.95,56.0,76.0,42.0,1571.0,3159.0,False,False
006208,2022-10-26 10:43:14.800932,-0.0008928571428571397,-0.0008928571428571397,-0.04999999999999716,-0.04999999999999716,55.95,56.0,55.95,56.0,76.0,42.0,1571.0,3159.0,False,False
006208,2022-10-26 10:43:14.801192,-0.0008928571428571397,-0.0008928571428571397,-0.04999999999999716,-0.04999999999999716,55.95,56.0,55.95,56.0,76.0,42.0,1571.0,3159.0,False,False
006208,2022-10-26 10:43:15.034174,-0.0008928571428571397,-0.0008928571428571397,-0.04999999999999716,-0.04999999999999716,55.95,56.0,55.95,56.0,76.0,42.0,1571.0,3159.0,False,False
006208,2022-10-26 10:43:15.040998,-0.0008928571428571397,-0.0008928571428571397,-0.04999999999999716,-0.04999999999999716,55.95,56.0,55.95,56.0,76.0,42.0,1571.0,3159.0,False,False
006208,2022-10-26 10:43:15.203071,-0.0008928571428571397,-0.0008928571428571397,-0.04999999999999716,-0.04999999999999716,55.95,56.0,55.95,56.0,76.0,42.0,1571.0,3159.0,False,False
006208,2022-10-26 10:43:15.224385,-0.0008928571428571397,-0.0008928571428571397,-0.04999999999999716,-0.04999999999999716,55.95,56.0,55.95,56.0,76.0,42.0,1571.0,3159.0,False,False
006208,2022-10-26 10:43:15.586180,-0.0008928571428571397,-0.0008928571428571397,-0.04999999999999716,-0.04999999999999716,55.95,56.0,55.95,56.0,86.0,42.0,1571.0,3159.0,False,False
006208,2022-10-26 10:43:15.997643,-0.0008928571428571397,-0.0008928571428571397,-0.04999999999999716,-0.04999999999999716,55.95,56.0,55.95,56.0,86.0,42.0,1571.0,3159.0,True,True
006208,2022-10-26 10:43:20.313704,-0.0008928571428571397,-0.0008928571428571397,-0.04999999999999716,-0.04999999999999716,55.95,56.0,55.95,56.0,86.0,42.0,1571.0,3159.0,False,False
006208,2022-10-26 10:43:20.313778,-0.0008928571428571397,-0.0008928571428571397,-0.04999999999999716,-0.04999999999999716,55.95,56.0,55.95,56.0,86.0,42.0,1571.0,3159.0,False,False
006208,2022-10-26 10:43:20.346216,-0.0008928571428571397,-0.0008928571428571397,-0.04999999999999716,-0.04999999999999716,55.95,56.0,55.95,56.0,86.0,42.0,1571.0,3159.0,False,False
006208,2022-10-26 10:43:20.553703,-0.0008928571428571397,-0.0008928571428571397,-0.04999999999999716,-0.04999999999999716,55.95,56.0,55.95,56.0,86.0,41.0,1571.0,3159.0,False,False
006208,2022-10-26 10:43:20.619147,-0.0008928571428571397,-0.0008928571428571397,-0.04999999999999716,-0.04999999999999716,55.95,56.0,55.95,56.0,86.0,41.0,1571.0,3159.0,False,False
006208,2022-10-26 10:43:20.661712,-0.0008928571428571397,-0.0008928571428571397,-0.04999999999999716,-0.04999999999999716,55.95,56.0,55.95,56.0,86.0,41.0,1571.0,3159.0,False,False
006208,2022-10-26 10:43:21.146421,-0.0008928571428571397,-0.0008928571428571397,-0.04999999999999716,-0.04999999999999716,55.95,56.0,55.95,56.0,86.0,41.0,1571.0,3159.0,False,False
006208,2022-10-26 10:43:21.159432,-0.0008928571428571397,-0.0008928571428571397,-0.04999999999999716,-0.04999999999999716,55.95,56.0,55.95,56.0,86.0,41.0,1571.0,3159.0,False,False
006208,2022-10-26 10:43:21.347731,-0.0008928571428571397,-0.0008928571428571397,-0.04999999999999716,-0.04999999999999716,55.95,56.0,55.95,56.0,186.0,41.0,1571.0,3159.0,False,False
006208,2022-10-26 10:43:25.160553,-0.0008928571428571397,-0.0008928571428571397,-0.04999999999999716,-0.04999999999999716,55.95,56.0,55.95,56.0,186.0,41.0,1571.0,3159.0,False,False
006208,2022-10-26 10:43:25.165673,-0.0008928571428571397,-0.0008928571428571397,-0.04999999999999716,-0.04999999999999716,55.95,56.0,55.95,56.0,186.0,41.0,1571.0,3159.0,False,False
006208,2022-10-26 10:43:25.295801,-0.0008928571428571397,-0.0008928571428571397,-0.04999999999999716,-0.04999999999999716,55.95,56.0,55.95,56.0,186.0,41.0,1571.0,3159.0,False,False
006208,2022-10-26 10:43:26.037774,-0.0008928571428571397,-0.0008928571428571397,-0.04999999999999716,-0.04999999999999716,55.95,56.0,55.95,56.0,186.0,41.0,1221.0,2655.0,True,True
006208,2022-10-26 10:43:29.686368,-0.0008928571428571397,-0.0008928571428571397,-0.04999999999999716,-0.04999999999999716,55.95,56.0,55.95,56.0,186.0,41.0,1221.0,2655.0,False,False
006208,2022-10-26 10:43:29.686429,-0.0008928571428571397,-0.0008928571428571397,-0.04999999999999716,-0.04999999999999716,55.95,56.0,55.95,56.0,186.0,41.0,1221.0,2655.0,False,False
006208,2022-10-26 10:43:29.835296,-0.0008928571428571397,-0.0008928571428571397,-0.04999999999999716,-0.04999999999999716,55.95,56.0,55.95,56.0,186.0,41.0,1221.0,2655.0,False,False
006208,2022-10-26 10:43:30.558937,-0.0008928571428571397,-0.0008928571428571397,-0.04999999999999716,-0.04999999999999716,55.95,56.0,55.95,56.0,186.0,40.0,1221.0,2655.0,False,False
006208,2022-10-26 10:43:35.289570,-0.0008928571428571397,-0.0008928571428571397,-0.04999999999999716,-0.04999999999999716,55.95,56.0,55.95,56.0,186.0,40.0,1221.0,2655.0,False,False
006208,2022-10-26 10:43:35.293200,-0.0008928571428571397,-0.0008928571428571397,-0.04999999999999716,-0.04999999999999716,55.95,56.0,55.95,56.0,186.0,40.0,1221.0,2655.0,False,False
006208,2022-10-26 10:43:35.427153,-0.0008928571428571397,-0.0008928571428571397,-0.04999999999999716,-0.04999999999999716,55.95,56.0,55.95,56.0,186.0,40.0,1221.0,2655.0,False,False
006208,2022-10-26 10:43:36.077368,-0.0008928571428571397,-0.0008928571428571397,-0.04999999999999716,-0.04999999999999716,55.95,56.0,55.95,56.0,186.0,40.0,1221.0,2655.0,True,True
006208,2022-10-26 10:43:36.609173,-0.0008928571428571397,-0.0008928571428571397,-0.04999999999999716,-0.04999999999999716,55.95,56.0,55.95,56.0,186.0,39.0,1221.0,2655.0,False,False
006208,2022-10-26 10:43:37.356583,-0.0008928571428571397,-0.0008928571428571397,-0.04999999999999716,-0.04999999999999716,55.95,56.0,55.95,56.0,186.0,39.0,1221.0,2655.0,False,False
006208,2022-10-26 10:43:38.994445,-0.0008928571428571397,-0.0008928571428571397,-0.04999999999999716,-0.04999999999999716,55.95,56.0,55.95,56.0,186.0,44.0,1221.0,2655.0,False,False
006208,2022-10-26 10:43:40.050608,-0.0008928571428571397,-0.0008928571428571397,-0.04999999999999716,-0.04999999999999716,55.95,56.0,55.95,56.0,186.0,34.0,1221.0,2655.0,False,False
006208,2022-10-26 10:43:40.563960,-0.0008928571428571397,-0.0008928571428571397,-0.04999999999999716,-0.04999999999999716,55.95,56.0,55.95,56.0,186.0,33.0,1221.0,2655.0,False,False
006208,2022-10-26 10:43:41.224307,-0.0008928571428571397,-0.0008928571428571397,-0.04999999999999716,-0.04999999999999716,55.95,56.0,55.95,56.0,186.0,33.0,1221.0,2655.0,False,False
006208,2022-10-26 10:43:41.224611,-0.0008928571428571397,-0.0008928571428571397,-0.04999999999999716,-0.04999999999999716,55.95,56.0,55.95,56.0,186.0,33.0,1221.0,2655.0,False,False
006208,2022-10-26 10:43:42.205658,-0.0008928571428571397,-0.0008928571428571397,-0.04999999999999716,-0.04999999999999716,55.95,56.0,55.95,56.0,186.0,33.0,1221.0,2655.0,False,False
006208,2022-10-26 10:43:42.205948,-0.0008928571428571397,-0.0008928571428571397,-0.04999999999999716,-0.04999999999999716,55.95,56.0,55.95,56.0,186.0,33.0,1221.0,2655.0,False,False
006208,2022-10-26 10:43:44.237082,-0.0008928571428571397,-0.0008928571428571397,-0.04999999999999716,-0.04999999999999716,55.95,56.0,55.95,56.0,186.0,33.0,1221.0,2655.0,False,False
006208,2022-10-26 10:43:44.237311,-0.0008928571428571397,-0.0008928571428571397,-0.04999999999999716,-0.04999999999999716,55.95,56.0,55.95,56.0,186.0,33.0,1221.0,2655.0,False,False
006208,2022-10-26 10:43:45.421584,-0.0008928571428571397,-0.0008928571428571397,-0.04999999999999716,-0.04999999999999716,55.95,56.0,55.95,56.0,186.0,33.0,1221.0,2655.0,False,False
006208,2022-10-26 10:43:45.427864,-0.0008928571428571397,-0.0008928571428571397,-0.04999999999999716,-0.04999999999999716,55.95,56.0,55.95,56.0,186.0,33.0,1221.0,2655.0,False,False
006208,2022-10-26 10:43:45.555503,-0.0008928571428571397,-0.0008928571428571397,-0.04999999999999716,-0.04999999999999716,55.95,56.0,55.95,56.0,186.0,33.0,1221.0,2655.0,False,False
006208,2022-10-26 10:43:46.127783,-0.0008928571428571397,-0.0008928571428571397,-0.04999999999999716,-0.04999999999999716,55.95,56.0,55.95,56.0,186.0,33.0,1323.0,2655.0,True,True
006208,2022-10-26 10:43:46.140061,-0.0008928571428571397,-0.0008928571428571397,-0.04999999999999716,-0.04999999999999716,55.95,56.0,55.95,56.0,186.0,32.0,1323.0,2655.0,False,False
006208,2022-10-26 10:43:48.223438,-0.0008928571428571397,-0.0008928571428571397,-0.04999999999999716,-0.04999999999999716,55.95,56.0,55.95,56.0,186.0,32.0,1323.0,2655.0,False,False
006208,2022-10-26 10:43:48.223839,-0.0008928571428571397,-0.0008928571428571397,-0.04999999999999716,-0.04999999999999716,55.95,56.0,55.95,56.0,186.0,32.0,1323.0,2655.0,False,False
006208,2022-10-26 10:43:49.265252,-0.0008928571428571397,-0.0008928571428571397,-0.04999999999999716,-0.04999999999999716,55.95,56.0,55.95,56.0,186.0,32.0,1323.0,2655.0,False,False
006208,2022-10-26 10:43:49.265738,-0.0008928571428571397,-0.0008928571428571397,-0.04999999999999716,-0.04999999999999716,55.95,56.0,55.95,56.0,186.0,32.0,1323.0,2655.0,False,False
006208,2022-10-26 10:43:50.155165,-0.0008928571428571397,-0.0008928571428571397,-0.04999999999999716,-0.04999999999999716,55.95,56.0,55.95,56.0,186.0,32.0,1323.0,2655.0,False,False
006208,2022-10-26 10:43:50.155664,-0.0008928571428571397,-0.0008928571428571397,-0.04999999999999716,-0.04999999999999716,55.95,56.0,55.95,56.0,186.0,32.0,1323.0,2655.0,False,False
006208,2022-10-26 10:43:52.178722,-0.0008928571428571397,-0.0008928571428571397,-0.04999999999999716,-0.04999999999999716,55.95,56.0,55.95,56.0,86.0,32.0,1323.0,2655.0,False,False
006208,2022-10-26 10:43:52.321070,-0.0008928571428571397,-0.0008928571428571397,-0.04999999999999716,-0.04999999999999716,55.95,56.0,55.95,56.0,86.0,32.0,1323.0,2655.0,False,False
006208,2022-10-26 10:43:52.321163,-0.0008928571428571397,-0.0008928571428571397,-0.04999999999999716,-0.04999999999999716,55.95,56.0,55.95,56.0,86.0,32.0,1323.0,2655.0,False,False
006208,2022-10-26 10:43:52.992094,-0.0008928571428571397,-0.0008928571428571397,-0.04999999999999716,-0.04999999999999716,55.95,56.0,55.95,56.0,86.0,32.0,1323.0,2655.0,False,False
006208,2022-10-26 10:43:52.992280,-0.0008928571428571397,-0.0008928571428571397,-0.04999999999999716,-0.04999999999999716,55.95,56.0,55.95,56.0,86.0,32.0,1323.0,2655.0,False,False
006208,2022-10-26 10:43:53.180134,-0.0008928571428571397,-0.0008928571428571397,-0.04999999999999716,-0.04999999999999716,55.95,56.0,55.95,56.0,86.0,32.0,1323.0,2655.0,False,False
006208,2022-10-26 10:43:55.545681,-0.0008928571428571397,-0.0008928571428571397,-0.04999999999999716,-0.04999999999999716,55.95,56.0,55.95,56.0,86.0,32.0,1323.0,2655.0,False,False
006208,2022-10-26 10:43:55.613512,-0.0008928571428571397,-0.0008928571428571397,-0.04999999999999716,-0.04999999999999716,55.95,56.0,55.95,56.0,86.0,32.0,1323.0,2655.0,False,False
006208,2022-10-26 10:43:55.690621,-0.0008928571428571397,-0.0008928571428571397,-0.04999999999999716,-0.04999999999999716,55.95,56.0,55.95,56.0,86.0,32.0,1323.0,2655.0,False,False
006208,2022-10-26 10:43:56.172170,-0.0008928571428571397,-0.0008928571428571397,-0.04999999999999716,-0.04999999999999716,55.95,56.0,55.95,56.0,86.0,32.0,1323.0,2655.0,False,False
006208,2022-10-26 10:43:56.172741,-0.0008928571428571397,-0.0008928571428571397,-0.04999999999999716,-0.04999999999999716,55.95,56.0,55.95,56.0,86.0,32.0,1328.0,2105.0,True,True
006208,2022-10-26 10:43:56.187155,-0.0008928571428571397,-0.0008928571428571397,-0.04999999999999716,-0.04999999999999716,55.95,56.0,55.95,56.0,86.0,32.0,1328.0,2105.0,False,False
006208,2022-10-26 10:43:56.621275,-0.0008928571428571397,-0.0008928571428571397,-0.04999999999999716,-0.04999999999999716,55.95,56.0,55.95,56.0,86.0,32.0,1328.0,2105.0,False,False
006208,2022-10-26 10:43:56.637882,-0.0008928571428571397,-0.0008928571428571397,-0.04999999999999716,-0.04999999999999716,55.95,56.0,55.95,56.0,86.0,32.0,1328.0,2105.0,False,False
006208,2022-10-26 10:43:57.895298,-0.0008928571428571397,-0.0008928571428571397,-0.04999999999999716,-0.04999999999999716,55.95,56.0,55.95,56.0,86.0,31.0,1328.0,2105.0,False,False
006208,2022-10-26 10:43:59.247798,-0.0008928571428571397,-0.0008928571428571397,-0.04999999999999716,-0.04999999999999716,55.95,56.0,55.95,56.0,96.0,31.0,1328.0,2105.0,False,False
006208,2022-10-26 10:44:00.226762,-0.0008928571428571397,-0.0008928571428571397,-0.04999999999999716,-0.04999999999999716,55.95,56.0,55.95,56.0,96.0,30.0,1328.0,2105.0,False,False
006208,2022-10-26 10:44:00.574143,-0.0008928571428571397,-0.0008928571428571397,-0.04999999999999716,-0.04999999999999716,55.95,56.0,55.95,56.0,96.0,29.0,1328.0,2105.0,False,False
006208,2022-10-26 10:44:00.951309,-0.0008928571428571397,-0.0008928571428571397,-0.04999999999999716,-0.04999999999999716,55.95,56.0,55.95,56.0,96.0,29.0,1328.0,2105.0,False,False
006208,2022-10-26 10:44:00.951769,-0.0008928571428571397,-0.0008928571428571397,-0.04999999999999716,-0.04999999999999716,55.95,56.0,55.95,56.0,96.0,29.0,1328.0,2105.0,False,False
006208,2022-10-26 10:44:01.106496,-0.0008928571428571397,-0.0008928571428571397,-0.04999999999999716,-0.04999999999999716,55.95,56.0,55.95,56.0,96.0,29.0,1328.0,2105.0,False,False
006208,2022-10-26 10:44:01.120573,-0.0008928571428571397,-0.0008928571428571397,-0.04999999999999716,-0.04999999999999716,55.95,56.0,55.95,56.0,96.0,29.0,1328.0,2105.0,False,False
006208,2022-10-26 10:44:01.787736,-0.0008928571428571397,-0.0008928571428571397,-0.04999999999999716,-0.04999999999999716,55.95,56.0,55.95,56.0,96.0,29.0,1328.0,2105.0,False,False
006208,2022-10-26 10:44:01.798679,-0.0008928571428571397,-0.0008928571428571397,-0.04999999999999716,-0.04999999999999716,55.95,56.0,55.95,56.0,96.0,29.0,1328.0,2105.0,False,False
006208,2022-10-26 10:44:03.400256,-0.0008928571428571397,-0.0008928571428571397,-0.04999999999999716,-0.04999999999999716,55.95,56.0,55.95,56.0,96.0,29.0,1328.0,2105.0,False,False
006208,2022-10-26 10:44:03.409504,-0.0008928571428571397,-0.0008928571428571397,-0.04999999999999716,-0.04999999999999716,55.95,56.0,55.95,56.0,96.0,29.0,1328.0,2105.0,False,False
006208,2022-10-26 10:44:05.674921,-0.0008928571428571397,-0.0008928571428571397,-0.04999999999999716,-0.04999999999999716,55.95,56.0,55.95,56.0,96.0,29.0,1328.0,2105.0,False,False
006208,2022-10-26 10:44:05.687188,-0.0008928571428571397,-0.0008928571428571397,-0.04999999999999716,-0.04999999999999716,55.95,56.0,55.95,56.0,96.0,29.0,1328.0,2105.0,False,False
006208,2022-10-26 10:44:05.817603,-0.0008928571428571397,-0.0008928571428571397,-0.04999999999999716,-0.04999999999999716,55.95,56.0,55.95,56.0,96.0,29.0,1328.0,2105.0,False,False
006208,2022-10-26 10:44:09.079309,-0.0008928571428571397,-0.0008928571428571397,-0.04999999999999716,-0.04999999999999716,55.95,56.0,55.95,56.0,96.0,28.0,1328.0,2105.0,False,False
006208,2022-10-26 10:44:10.169582,-0.0008928571428571397,-0.0008928571428571397,-0.04999999999999716,-0.04999999999999716,55.95,56.0,55.95,56.0,96.0,28.0,1328.0,2105.0,False,False
006208,2022-10-26 10:44:10.179397,-0.0008928571428571397,-0.0008928571428571397,-0.04999999999999716,-0.04999999999999716,55.95,56.0,55.95,56.0,96.0,28.0,1328.0,2105.0,False,False
006208,2022-10-26 10:44:10.448211,-0.0008928571428571397,-0.0008928571428571397,-0.04999999999999716,-0.04999999999999716,55.95,56.0,55.95,56.0,96.0,19.0,1328.0,2105.0,False,False
006208,2022-10-26 10:44:10.563675,-0.0008928571428571397,-0.0008928571428571397,-0.04999999999999716,-0.04999999999999716,55.95,56.0,55.95,56.0,96.0,18.0,1328.0,2105.0,False,False
006208,2022-10-26 10:44:10.709844,-0.0008928571428571397,-0.0008928571428571397,-0.04999999999999716,-0.04999999999999716,55.95,56.0,55.95,56.0,96.0,18.0,1328.0,2105.0,False,False
006208,2022-10-26 10:44:10.720897,-0.0008928571428571397,-0.0008928571428571397,-0.04999999999999716,-0.04999999999999716,55.95,56.0,55.95,56.0,96.0,18.0,1328.0,2105.0,False,False
006208,2022-10-26 10:44:12.324704,-0.0008928571428571397,-0.0008928571428571397,-0.04999999999999716,-0.04999999999999716,55.95,56.0,55.95,56.0,96.0,18.0,1328.0,2105.0,False,False
006208,2022-10-26 10:44:12.355409,-0.0008928571428571397,-0.0008928571428571397,-0.04999999999999716,-0.04999999999999716,55.95,56.0,55.95,56.0,96.0,18.0,1328.0,2105.0,False,False
006208,2022-10-26 10:44:13.356951,-0.0008928571428571397,-0.0008928571428571397,-0.04999999999999716,-0.04999999999999716,55.95,56.0,55.95,56.0,196.0,18.0,1328.0,2105.0,False,False
006208,2022-10-26 10:44:13.449244,-0.0008928571428571397,-0.0008928571428571397,-0.04999999999999716,-0.04999999999999716,55.95,56.0,55.95,56.0,196.0,18.0,1328.0,2105.0,False,False
006208,2022-10-26 10:44:13.467824,-0.0008928571428571397,-0.0008928571428571397,-0.04999999999999716,-0.04999999999999716,55.95,56.0,55.95,56.0,196.0,18.0,1328.0,2105.0,False,False
006208,2022-10-26 10:44:14.166951,-0.0008928571428571397,-0.0008928571428571397,-0.04999999999999716,-0.04999999999999716,55.95,56.0,55.95,56.0,196.0,18.0,1328.0,2105.0,False,False
006208,2022-10-26 10:44:14.417771,-0.0008928571428571397,-0.0008928571428571397,-0.04999999999999716,-0.04999999999999716,55.95,56.0,55.95,56.0,196.0,18.0,1328.0,2105.0,False,False
006208,2022-10-26 10:44:14.803977,-0.0008928571428571397,-0.0008928571428571397,-0.04999999999999716,-0.04999999999999716,55.95,56.0,55.95,56.0,236.0,18.0,1328.0,2105.0,False,False
006208,2022-10-26 10:44:14.871193,-0.0008928571428571397,-0.0008928571428571397,-0.04999999999999716,-0.04999999999999716,55.95,56.0,55.95,56.0,236.0,18.0,1328.0,2105.0,False,False
006208,2022-10-26 10:44:15.001011,-0.0008928571428571397,-0.0008928571428571397,-0.04999999999999716,-0.04999999999999716,55.95,56.0,55.95,56.0,236.0,18.0,1328.0,2105.0,False,False
006208,2022-10-26 10:44:15.067928,-0.0008928571428571397,-0.0008928571428571397,-0.04999999999999716,-0.04999999999999716,55.95,56.0,55.95,56.0,236.0,18.0,1328.0,2105.0,False,False
006208,2022-10-26 10:44:15.445007,-0.0008928571428571397,-0.0008928571428571397,-0.04999999999999716,-0.04999999999999716,55.95,56.0,55.95,56.0,236.0,18.0,1328.0,2105.0,False,False
006208,2022-10-26 10:44:15.555293,-0.0008928571428571397,-0.0008928571428571397,-0.04999999999999716,-0.04999999999999716,55.95,56.0,55.95,56.0,236.0,18.0,1328.0,2105.0,False,False
006208,2022-10-26 10:44:15.592117,-0.0008928571428571397,-0.0008928571428571397,-0.04999999999999716,-0.04999999999999716,55.95,56.0,55.95,56.0,236.0,18.0,1328.0,2105.0,False,False
006208,2022-10-26 10:44:15.648307,-0.0008928571428571397,-0.0008928571428571397,-0.04999999999999716,-0.04999999999999716,55.95,56.0,55.95,56.0,236.0,18.0,1328.0,2105.0,False,False
006208,2022-10-26 10:44:15.808236,-0.0008928571428571397,-0.0008928571428571397,-0.04999999999999716,-0.04999999999999716,55.95,56.0,55.95,56.0,296.0,18.0,1328.0,2105.0,False,False
006208,2022-10-26 10:44:15.973422,-0.0008928571428571397,-0.0008928571428571397,-0.04999999999999716,-0.04999999999999716,55.95,56.0,55.95,56.0,296.0,18.0,1328.0,2105.0,False,False
006208,2022-10-26 10:44:16.251850,-0.0008928571428571397,-0.0008928571428571397,-0.04999999999999716,-0.04999999999999716,55.95,56.0,55.95,56.0,296.0,18.0,1378.0,2105.0,True,True
006208,2022-10-26 10:44:16.417091,-0.0008928571428571397,-0.0008928571428571397,-0.04999999999999716,-0.04999999999999716,55.95,56.0,55.95,56.0,296.0,18.0,1378.0,2105.0,False,False
006208,2022-10-26 10:44:16.484640,-0.0008928571428571397,-0.0008928571428571397,-0.04999999999999716,-0.04999999999999716,55.95,56.0,55.95,56.0,236.0,18.0,1378.0,2105.0,False,False
006208,2022-10-26 10:44:19.237887,-0.0008928571428571397,-0.0008928571428571397,-0.04999999999999716,-0.04999999999999716,55.95,56.0,55.95,56.0,236.0,17.0,1378.0,2105.0,False,False
006208,2022-10-26 10:44:19.384031,-0.0008928571428571397,-0.0008928571428571397,-0.04999999999999716,-0.04999999999999716,55.95,56.0,55.95,56.0,236.0,7.0,1378.0,2105.0,False,False
006208,2022-10-26 10:44:20.599735,-0.0008928571428571397,-0.0008928571428571397,-0.04999999999999716,-0.04999999999999716,55.95,56.0,55.95,56.0,236.0,6.0,1378.0,2105.0,False,False
006208,2022-10-26 10:44:21.385783,-0.001784121320249632,-0.0008928571428571397,-0.09999999999999432,-0.04999999999999716,55.95,56.05,55.95,56.0,236.0,67.0,1378.0,2105.0,False,False
006208,2022-10-26 10:44:21.410349,-0.001784121320249632,-0.0008928571428571397,-0.09999999999999432,-0.04999999999999716,55.95,56.05,55.95,56.0,236.0,67.0,1378.0,2105.0,False,False
006208,2022-10-26 10:44:21.492609,-0.001784121320249632,-0.0008928571428571397,-0.09999999999999432,-0.04999999999999716,55.95,56.05,55.95,56.0,236.0,27.0,1378.0,2105.0,False,False
006208,2022-10-26 10:44:21.620111,-0.001784121320249632,-0.0008928571428571397,-0.09999999999999432,-0.04999999999999716,55.95,56.05,55.95,56.0,296.0,27.0,1378.0,2105.0,False,False
006208,2022-10-26 10:44:21.989363,-0.001784121320249632,-0.0008928571428571397,-0.09999999999999432,-0.04999999999999716,55.95,56.05,55.95,56.0,236.0,27.0,1378.0,2105.0,False,False
006208,2022-10-26 10:44:22.805789,-0.001784121320249632,-0.0008928571428571397,-0.09999999999999432,-0.04999999999999716,55.95,56.05,55.95,56.0,236.0,27.0,1378.0,2105.0,False,False
006208,2022-10-26 10:44:22.817269,-0.001784121320249632,-0.0008928571428571397,-0.09999999999999432,-0.04999999999999716,55.95,56.05,55.95,56.0,236.0,27.0,1378.0,2105.0,False,False
006208,2022-10-26 10:44:22.908119,-0.001784121320249632,-0.0008928571428571397,-0.09999999999999432,-0.04999999999999716,55.95,56.05,55.95,56.0,236.0,27.0,1378.0,2105.0,False,False
006208,2022-10-26 10:44:23.985377,-0.001784121320249632,-0.0008928571428571397,-0.09999999999999432,-0.04999999999999716,55.95,56.05,55.95,56.0,236.0,27.0,1378.0,2105.0,False,False
006208,2022-10-26 10:44:23.996116,-0.001784121320249632,-0.0008928571428571397,-0.09999999999999432,-0.04999999999999716,55.95,56.05,55.95,56.0,236.0,27.0,1378.0,2105.0,False,False
006208,2022-10-26 10:44:24.006284,-0.001784121320249632,-0.0008928571428571397,-0.09999999999999432,-0.04999999999999716,55.95,56.05,55.95,56.0,236.0,27.0,1378.0,2105.0,False,False
006208,2022-10-26 10:44:25.841925,-0.001784121320249632,-0.0008928571428571397,-0.09999999999999432,-0.04999999999999716,55.95,56.05,55.95,56.0,236.0,27.0,1378.0,2105.0,False,False
006208,2022-10-26 10:44:25.853407,-0.001784121320249632,-0.0008928571428571397,-0.09999999999999432,-0.04999999999999716,55.95,56.05,55.95,56.0,266.0,27.0,1378.0,2105.0,False,False
006208,2022-10-26 10:44:26.294048,-0.001784121320249632,-0.0008928571428571397,-0.09999999999999432,-0.04999999999999716,55.95,56.05,55.95,56.0,266.0,27.0,1378.0,2263.0,True,True
006208,2022-10-26 10:44:26.634708,-0.001784121320249632,-0.0008928571428571397,-0.09999999999999432,-0.04999999999999716,55.95,56.05,55.95,56.0,266.0,27.0,1378.0,2263.0,False,False
006208,2022-10-26 10:44:26.680546,-0.001784121320249632,-0.0008928571428571397,-0.09999999999999432,-0.04999999999999716,55.95,56.05,55.95,56.0,266.0,27.0,1378.0,2263.0,False,False
006208,2022-10-26 10:44:27.001605,-0.001784121320249632,-0.0008928571428571397,-0.09999999999999432,-0.04999999999999716,55.95,56.05,55.95,56.0,326.0,27.0,1378.0,2263.0,False,False
006208,2022-10-26 10:44:27.617792,-0.001784121320249632,-0.0008928571428571397,-0.09999999999999432,-0.04999999999999716,55.95,56.05,55.95,56.0,326.0,27.0,1378.0,2263.0,False,False
006208,2022-10-26 10:44:27.628480,-0.001784121320249632,-0.0008928571428571397,-0.09999999999999432,-0.04999999999999716,55.95,56.05,55.95,56.0,296.0,27.0,1378.0,2263.0,False,False
006208,2022-10-26 10:44:29.843363,-0.001784121320249632,-0.0008928571428571397,-0.09999999999999432,-0.04999999999999716,55.95,56.05,55.95,56.0,297.0,27.0,1378.0,2263.0,False,False
006208,2022-10-26 10:44:30.604799,-0.001784121320249632,-0.0008928571428571397,-0.09999999999999432,-0.04999999999999716,55.95,56.05,55.95,56.0,297.0,26.0,1378.0,2263.0,False,False
006208,2022-10-26 10:44:31.611441,-0.001784121320249632,-0.0008928571428571397,-0.09999999999999432,-0.04999999999999716,55.95,56.05,55.95,56.0,297.0,26.0,1378.0,2263.0,False,False
006208,2022-10-26 10:44:31.622828,-0.001784121320249632,-0.0008928571428571397,-0.09999999999999432,-0.04999999999999716,55.95,56.05,55.95,56.0,297.0,26.0,1378.0,2263.0,False,False
006208,2022-10-26 10:44:31.745513,-0.001784121320249632,-0.0008928571428571397,-0.09999999999999432,-0.04999999999999716,55.95,56.05,55.95,56.0,297.0,26.0,1378.0,2263.0,False,False
006208,2022-10-26 10:44:31.758433,-0.001784121320249632,-0.0008928571428571397,-0.09999999999999432,-0.04999999999999716,55.95,56.05,55.95,56.0,297.0,26.0,1378.0,2263.0,False,False
006208,2022-10-26 10:44:33.516658,-0.001784121320249632,0.0,-0.09999999999999432,0.0,56.0,56.05,55.95,56.0,2.0,26.0,1378.0,2263.0,False,False
006208,2022-10-26 10:44:33.574025,-0.001784121320249632,0.0,-0.09999999999999432,0.0,56.0,56.05,55.95,56.0,2.0,26.0,1378.0,2263.0,False,False
006208,2022-10-26 10:44:33.739554,-0.001784121320249632,0.0,-0.09999999999999432,0.0,56.0,56.05,55.95,56.0,2.0,26.0,1378.0,2263.0,False,False
006208,2022-10-26 10:44:34.626653,-0.001784121320249632,0.0,-0.09999999999999432,0.0,56.0,56.05,55.95,56.0,2.0,26.0,1378.0,2263.0,False,False
006208,2022-10-26 10:44:34.629336,-0.001784121320249632,0.0,-0.09999999999999432,0.0,56.0,56.05,55.95,56.0,2.0,26.0,1378.0,2263.0,False,False
006208,2022-10-26 10:44:35.273197,-0.001784121320249632,0.0,-0.09999999999999432,0.0,56.0,56.05,55.95,56.0,2.0,38.0,1378.0,2263.0,False,False
006208,2022-10-26 10:44:35.322106,-0.001784121320249632,0.0,-0.09999999999999432,0.0,56.0,56.05,55.95,56.0,2.0,38.0,1378.0,2263.0,False,False
006208,2022-10-26 10:44:35.605817,-0.001784121320249632,0.0,-0.09999999999999432,0.0,56.0,56.05,55.95,56.0,2.0,38.0,1378.0,2263.0,False,False
006208,2022-10-26 10:44:36.339417,-0.001784121320249632,0.0,-0.09999999999999432,0.0,56.0,56.05,55.95,56.0,2.0,38.0,1378.0,2263.0,True,True
006208,2022-10-26 10:44:36.483760,-0.001784121320249632,0.0,-0.09999999999999432,0.0,56.0,56.05,55.95,56.0,2.0,39.0,1378.0,2263.0,False,False
006208,2022-10-26 10:44:37.263880,-0.001784121320249632,0.0,-0.09999999999999432,0.0,56.0,56.05,55.95,56.0,2.0,39.0,1378.0,2263.0,False,False
006208,2022-10-26 10:44:37.267010,-0.001784121320249632,0.0,-0.09999999999999432,0.0,56.0,56.05,55.95,56.0,2.0,39.0,1378.0,2263.0,False,False
006208,2022-10-26 10:44:37.416129,-0.001784121320249632,0.0,-0.09999999999999432,0.0,56.0,56.05,55.95,56.0,2.0,39.0,1378.0,2263.0,False,False
006208,2022-10-26 10:44:37.783931,-0.001784121320249632,0.0,-0.09999999999999432,0.0,56.0,56.05,55.95,56.0,2.0,39.0,1378.0,2263.0,False,False
006208,2022-10-26 10:44:38.001177,-0.001784121320249632,0.0,-0.09999999999999432,0.0,56.0,56.05,55.95,56.0,2.0,39.0,1378.0,2263.0,False,False
006208,2022-10-26 10:44:40.594309,-0.001784121320249632,0.0,-0.09999999999999432,0.0,56.0,56.05,55.95,56.0,2.0,38.0,1378.0,2263.0,False,False
006208,2022-10-26 10:44:43.136586,-0.001784121320249632,0.0,-0.09999999999999432,0.0,56.0,56.05,55.95,56.0,2.0,38.0,1378.0,2263.0,False,False
006208,2022-10-26 10:44:43.732126,-0.001784121320249632,0.0,-0.09999999999999432,0.0,56.0,56.05,55.95,56.0,2.0,38.0,1378.0,2263.0,False,False
006208,2022-10-26 10:44:43.735454,-0.001784121320249632,0.0,-0.09999999999999432,0.0,56.0,56.05,55.95,56.0,2.0,38.0,1378.0,2263.0,False,False
006208,2022-10-26 10:44:43.866134,-0.001784121320249632,0.0,-0.09999999999999432,0.0,56.0,56.05,55.95,56.0,2.0,38.0,1378.0,2263.0,False,False
006208,2022-10-26 10:44:44.205626,-0.001784121320249632,0.0,-0.09999999999999432,0.0,56.0,56.05,55.95,56.0,2.0,38.0,1378.0,2263.0,False,False
006208,2022-10-26 10:44:44.205643,-0.001784121320249632,0.0,-0.09999999999999432,0.0,56.0,56.05,55.95,56.0,2.0,38.0,1378.0,2263.0,False,False
006208,2022-10-26 10:44:45.326708,-0.001784121320249632,0.0,-0.09999999999999432,0.0,56.0,56.05,55.95,56.0,2.0,38.0,1378.0,2263.0,False,False
006208,2022-10-26 10:44:46.206874,-0.001784121320249632,0.0,-0.09999999999999432,0.0,56.0,56.05,55.95,56.0,2.0,38.0,1378.0,2263.0,False,False
006208,2022-10-26 10:44:46.383618,-0.001784121320249632,0.0,-0.09999999999999432,0.0,56.0,56.05,55.95,56.0,2.0,38.0,1378.0,2063.0,True,True
006208,2022-10-26 10:44:47.630979,-0.001784121320249632,0.0,-0.09999999999999432,0.0,56.0,56.05,55.95,56.0,3.0,38.0,1378.0,2063.0,False,False
006208,2022-10-26 10:44:49.831352,-0.001784121320249632,0.0,-0.09999999999999432,0.0,56.0,56.05,55.95,56.0,3.0,38.0,1378.0,2063.0,False,False
006208,2022-10-26 10:44:50.141352,-0.001784121320249632,0.0,-0.09999999999999432,0.0,56.0,56.05,55.95,56.0,3.0,38.0,1378.0,2063.0,False,False
006208,2022-10-26 10:44:50.141459,-0.001784121320249632,0.0,-0.09999999999999432,0.0,56.0,56.05,55.95,56.0,3.0,38.0,1378.0,2063.0,False,False
006208,2022-10-26 10:44:50.583796,-0.001784121320249632,0.0,-0.09999999999999432,0.0,56.0,56.05,55.95,56.0,3.0,37.0,1378.0,2063.0,False,False
006208,2022-10-26 10:44:51.014311,-0.001784121320249632,0.0,-0.09999999999999432,0.0,56.0,56.05,55.95,56.0,3.0,37.0,1378.0,2063.0,False,False
006208,2022-10-26 10:44:51.024220,-0.001784121320249632,0.0,-0.09999999999999432,0.0,56.0,56.05,55.95,56.0,3.0,37.0,1378.0,2063.0,False,False
006208,2022-10-26 10:44:52.390368,-0.001784121320249632,0.0,-0.09999999999999432,0.0,56.0,56.05,55.95,56.0,3.0,37.0,1378.0,2063.0,False,False
006208,2022-10-26 10:44:52.390698,-0.001784121320249632,0.0,-0.09999999999999432,0.0,56.0,56.05,55.95,56.0,78.0,37.0,1378.0,2063.0,False,False
006208,2022-10-26 10:44:52.417424,-0.001784121320249632,0.0,-0.09999999999999432,0.0,56.0,56.05,55.95,56.0,78.0,37.0,1378.0,2063.0,False,False
006208,2022-10-26 10:44:53.169484,-0.001784121320249632,0.0,-0.09999999999999432,0.0,56.0,56.05,55.95,56.0,78.0,36.0,1378.0,2063.0,False,False
006208,2022-10-26 10:44:53.232258,-0.001784121320249632,0.0,-0.09999999999999432,0.0,56.0,56.05,55.95,56.0,78.0,36.0,1378.0,2063.0,False,False
006208,2022-10-26 10:44:53.232408,-0.001784121320249632,0.0,-0.09999999999999432,0.0,56.0,56.05,55.95,56.0,78.0,36.0,1378.0,2063.0,False,False
006208,2022-10-26 10:44:53.267178,-0.001784121320249632,0.0,-0.09999999999999432,0.0,56.0,56.05,55.95,56.0,78.0,36.0,1378.0,2063.0,False,False
006208,2022-10-26 10:44:53.413718,-0.001784121320249632,0.0,-0.09999999999999432,0.0,56.0,56.05,55.95,56.0,78.0,36.0,1378.0,2063.0,False,False
006208,2022-10-26 10:44:53.702911,-0.001784121320249632,0.0,-0.09999999999999432,0.0,56.0,56.05,55.95,56.0,78.0,36.0,1378.0,2063.0,False,False
006208,2022-10-26 10:44:53.723574,-0.001784121320249632,0.0,-0.09999999999999432,0.0,56.0,56.05,55.95,56.0,78.0,36.0,1378.0,2063.0,False,False
006208,2022-10-26 10:44:53.757723,-0.001784121320249632,0.0,-0.09999999999999432,0.0,56.0,56.05,55.95,56.0,78.0,36.0,1378.0,2063.0,False,False
006208,2022-10-26 10:44:53.864930,-0.001784121320249632,0.0,-0.09999999999999432,0.0,56.0,56.05,55.95,56.0,78.0,36.0,1378.0,2063.0,False,False
006208,2022-10-26 10:44:53.983401,-0.001784121320249632,0.0,-0.09999999999999432,0.0,56.0,56.05,55.95,56.0,78.0,36.0,1378.0,2063.0,False,False
006208,2022-10-26 10:44:54.714577,-0.001784121320249632,0.0,-0.09999999999999432,0.0,56.0,56.05,55.95,56.0,78.0,36.0,1378.0,2063.0,False,False
006208,2022-10-26 10:44:54.714616,-0.001784121320249632,0.0,-0.09999999999999432,0.0,56.0,56.05,55.95,56.0,178.0,36.0,1378.0,2063.0,False,False
006208,2022-10-26 10:44:55.742947,-0.001784121320249632,0.0,-0.09999999999999432,0.0,56.0,56.05,55.95,56.0,178.0,36.0,1378.0,2063.0,False,False
006208,2022-10-26 10:44:55.768036,-0.001784121320249632,0.0,-0.09999999999999432,0.0,56.0,56.05,55.95,56.0,78.0,36.0,1378.0,2063.0,False,False
006208,2022-10-26 10:44:56.392969,-0.001784121320249632,0.0,-0.09999999999999432,0.0,56.0,56.05,55.95,56.0,78.0,36.0,1378.0,2063.0,True,True
006208,2022-10-26 10:44:56.759953,-0.001784121320249632,0.0,-0.09999999999999432,0.0,56.0,56.05,55.95,56.0,78.0,36.0,1378.0,2063.0,False,False
006208,2022-10-26 10:44:59.691046,-0.001784121320249632,0.0,-0.09999999999999432,0.0,56.0,56.05,55.95,56.0,79.0,36.0,1378.0,2063.0,False,False
006208,2022-10-26 10:44:59.766057,-0.001784121320249632,0.0,-0.09999999999999432,0.0,56.0,56.05,55.95,56.0,79.0,36.0,1378.0,2063.0,False,False
006208,2022-10-26 10:44:59.895091,-0.001784121320249632,0.0,-0.09999999999999432,0.0,56.0,56.05,55.95,56.0,79.0,36.0,1378.0,2063.0,False,False
006208,2022-10-26 10:44:59.895300,-0.001784121320249632,0.0,-0.09999999999999432,0.0,56.0,56.05,55.95,56.0,79.0,36.0,1378.0,2063.0,False,False
006208,2022-10-26 10:45:00.345588,-0.001784121320249632,0.0,-0.09999999999999432,0.0,56.0,56.05,55.95,56.0,79.0,36.0,1378.0,2063.0,False,False
006208,2022-10-26 10:45:00.381897,-0.001784121320249632,0.0,-0.09999999999999432,0.0,56.0,56.05,55.95,56.0,79.0,36.0,1378.0,2063.0,False,False
006208,2022-10-26 10:45:00.763007,-0.001784121320249632,0.0,-0.09999999999999432,0.0,56.0,56.05,55.95,56.0,79.0,36.0,1378.0,2063.0,False,False
006208,2022-10-26 10:45:00.821550,-0.001784121320249632,0.0,-0.09999999999999432,0.0,56.0,56.05,55.95,56.0,79.0,36.0,1378.0,2063.0,False,False
006208,2022-10-26 10:45:01.376397,-0.001784121320249632,0.0,-0.09999999999999432,0.0,56.0,56.05,55.95,56.0,179.0,36.0,1378.0,2063.0,False,False
006208,2022-10-26 10:45:01.414392,-0.001784121320249632,0.0,-0.09999999999999432,0.0,56.0,56.05,55.95,56.0,179.0,36.0,1378.0,2063.0,False,False
006208,2022-10-26 10:45:01.620395,-0.001784121320249632,0.0,-0.09999999999999432,0.0,56.0,56.05,55.95,56.0,179.0,36.0,1378.0,2063.0,False,False
006208,2022-10-26 10:45:02.174332,-0.001784121320249632,0.0,-0.09999999999999432,0.0,56.0,56.05,55.95,56.0,179.0,36.0,1378.0,2063.0,False,False
006208,2022-10-26 10:45:02.184749,-0.001784121320249632,0.0,-0.09999999999999432,0.0,56.0,56.05,55.95,56.0,179.0,36.0,1378.0,2063.0,False,False
006208,2022-10-26 10:45:03.900107,-0.001784121320249632,0.0,-0.09999999999999432,0.0,56.0,56.05,55.95,56.0,179.0,36.0,1378.0,2063.0,False,False
006208,2022-10-26 10:45:03.903385,-0.001784121320249632,0.0,-0.09999999999999432,0.0,56.0,56.05,55.95,56.0,179.0,36.0,1378.0,2063.0,False,False
006208,2022-10-26 10:45:04.039539,-0.001784121320249632,0.0,-0.09999999999999432,0.0,56.0,56.05,55.95,56.0,180.0,36.0,1378.0,2063.0,False,False
006208,2022-10-26 10:45:06.565298,-0.001784121320249632,0.0,-0.09999999999999432,0.0,56.0,56.05,55.95,56.0,180.0,36.0,1378.0,2033.0,True,True
006208,2022-10-26 10:45:06.648065,-0.001784121320249632,0.0,-0.09999999999999432,0.0,56.0,56.05,55.95,56.0,180.0,14.0,1378.0,2033.0,False,False
006208,2022-10-26 10:45:06.814385,-0.001784121320249632,0.0,-0.09999999999999432,0.0,56.0,56.05,55.95,56.0,180.0,14.0,1378.0,2033.0,False,False
006208,2022-10-26 10:45:06.848301,-0.001784121320249632,0.0,-0.09999999999999432,0.0,56.0,56.05,55.95,56.0,180.0,14.0,1378.0,2033.0,False,False
006208,2022-10-26 10:45:08.406492,-0.001784121320249632,0.0,-0.09999999999999432,0.0,56.0,56.05,55.95,56.0,180.0,14.0,1378.0,2033.0,False,False
006208,2022-10-26 10:45:09.186305,-0.001784121320249632,0.0,-0.09999999999999432,0.0,56.0,56.05,55.95,56.0,180.0,14.0,1378.0,2033.0,False,False
006208,2022-10-26 10:45:09.186587,-0.001784121320249632,0.0,-0.09999999999999432,0.0,56.0,56.05,55.95,56.0,180.0,14.0,1378.0,2033.0,False,False
006208,2022-10-26 10:45:10.298735,-0.001784121320249632,0.0,-0.09999999999999432,0.0,56.0,56.05,55.95,56.0,180.0,14.0,1378.0,2033.0,False,False
006208,2022-10-26 10:45:10.298879,-0.001784121320249632,0.0,-0.09999999999999432,0.0,56.0,56.05,55.95,56.0,180.0,14.0,1378.0,2033.0,False,False
006208,2022-10-26 10:45:10.313261,-0.001784121320249632,0.0,-0.09999999999999432,0.0,56.0,56.05,55.95,56.0,180.0,14.0,1378.0,2033.0,False,False
006208,2022-10-26 10:45:10.488349,-0.001784121320249632,0.0,-0.09999999999999432,0.0,56.0,56.05,55.95,56.0,180.0,13.0,1378.0,2033.0,False,False
006208,2022-10-26 10:45:11.257840,-0.001784121320249632,0.0,-0.09999999999999432,0.0,56.0,56.05,55.95,56.0,180.0,13.0,1378.0,2033.0,False,False
006208,2022-10-26 10:45:11.258279,-0.001784121320249632,0.0,-0.09999999999999432,0.0,56.0,56.05,55.95,56.0,180.0,13.0,1378.0,2033.0,False,False
006208,2022-10-26 10:45:11.349458,-0.001784121320249632,0.0,-0.09999999999999432,0.0,56.0,56.05,55.95,56.0,180.0,13.0,1378.0,2033.0,False,False
006208,2022-10-26 10:45:11.449848,-0.001784121320249632,0.0,-0.09999999999999432,0.0,56.0,56.05,55.95,56.0,180.0,13.0,1378.0,2033.0,False,False
006208,2022-10-26 10:45:12.795755,-0.001784121320249632,0.0,-0.09999999999999432,0.0,56.0,56.05,55.95,56.0,180.0,13.0,1378.0,2033.0,False,False
006208,2022-10-26 10:45:12.798860,-0.001784121320249632,0.0,-0.09999999999999432,0.0,56.0,56.05,55.95,56.0,180.0,13.0,1378.0,2033.0,False,False
006208,2022-10-26 10:45:13.983004,-0.001784121320249632,0.0,-0.09999999999999432,0.0,56.0,56.05,55.95,56.0,180.0,13.0,1378.0,2033.0,False,False
006208,2022-10-26 10:45:13.985666,-0.001784121320249632,0.0,-0.09999999999999432,0.0,56.0,56.05,55.95,56.0,180.0,13.0,1378.0,2033.0,False,False
006208,2022-10-26 10:45:14.117894,-0.001784121320249632,0.0,-0.09999999999999432,0.0,56.0,56.05,55.95,56.0,180.0,13.0,1378.0,2033.0,False,False
006208,2022-10-26 10:45:14.861885,-0.001784121320249632,0.0,-0.09999999999999432,0.0,56.0,56.05,55.95,56.0,180.0,13.0,1378.0,2033.0,False,False
006208,2022-10-26 10:45:14.877774,-0.001784121320249632,0.0,-0.09999999999999432,0.0,56.0,56.05,55.95,56.0,180.0,13.0,1378.0,2033.0,False,False
006208,2022-10-26 10:45:15.895872,-0.001784121320249632,0.0,-0.09999999999999432,0.0,56.0,56.05,55.95,56.0,180.0,13.0,1378.0,2033.0,False,False
006208,2022-10-26 10:45:15.904468,-0.001784121320249632,0.0,-0.09999999999999432,0.0,56.0,56.05,55.95,56.0,180.0,13.0,1378.0,2033.0,False,False
006208,2022-10-26 10:45:16.568666,-0.001784121320249632,0.0,-0.09999999999999432,0.0,56.0,56.05,55.95,56.0,180.0,13.0,1378.0,2005.0,True,True
006208,2022-10-26 10:45:20.445045,-0.001784121320249632,0.0,-0.09999999999999432,0.0,56.0,56.05,55.95,56.0,180.0,12.0,1378.0,2005.0,False,False
006208,2022-10-26 10:45:20.647261,-0.001784121320249632,0.0,-0.09999999999999432,0.0,56.0,56.05,55.95,56.0,180.0,12.0,1378.0,2005.0,False,False
006208,2022-10-26 10:45:20.751662,-0.001784121320249632,0.0,-0.09999999999999432,0.0,56.0,56.05,55.95,56.0,180.0,12.0,1378.0,2005.0,False,False
006208,2022-10-26 10:45:20.762985,-0.001784121320249632,0.0,-0.09999999999999432,0.0,56.0,56.05,55.95,56.0,180.0,12.0,1378.0,2005.0,False,False
006208,2022-10-26 10:45:23.938541,-0.001784121320249632,0.0,-0.09999999999999432,0.0,56.0,56.05,55.95,56.0,180.0,12.0,1378.0,2005.0,False,False
006208,2022-10-26 10:45:23.968981,-0.001784121320249632,0.0,-0.09999999999999432,0.0,56.0,56.05,55.95,56.0,80.0,12.0,1378.0,2005.0,False,False
006208,2022-10-26 10:45:24.087030,-0.001784121320249632,0.0,-0.09999999999999432,0.0,56.0,56.05,55.95,56.0,80.0,12.0,1378.0,2005.0,False,False
006208,2022-10-26 10:45:24.219411,-0.001784121320249632,0.0,-0.09999999999999432,0.0,56.0,56.05,55.95,56.0,80.0,12.0,1378.0,2005.0,False,False
006208,2022-10-26 10:45:24.496863,-0.001784121320249632,0.0,-0.09999999999999432,0.0,56.0,56.05,55.95,56.0,80.0,12.0,1378.0,2005.0,False,False
006208,2022-10-26 10:45:24.508435,-0.001784121320249632,0.0,-0.09999999999999432,0.0,56.0,56.05,55.95,56.0,80.0,12.0,1378.0,2005.0,False,False
006208,2022-10-26 10:45:24.967902,-0.001784121320249632,0.0,-0.09999999999999432,0.0,56.0,56.05,55.95,56.0,180.0,12.0,1378.0,2005.0,False,False
006208,2022-10-26 10:45:26.071766,-0.001784121320249632,0.0,-0.09999999999999432,0.0,56.0,56.05,55.95,56.0,180.0,11.0,1378.0,2005.0,False,False
006208,2022-10-26 10:45:26.585757,-0.001784121320249632,0.0,-0.09999999999999432,0.0,56.0,56.05,55.95,56.0,180.0,11.0,1378.0,1987.0,True,True
006208,2022-10-26 10:45:30.443141,-0.001784121320249632,0.0,-0.09999999999999432,0.0,56.0,56.05,55.95,56.0,180.0,10.0,1378.0,1987.0,False,False
006208,2022-10-26 10:45:30.469319,-0.001784121320249632,0.0,-0.09999999999999432,0.0,56.0,56.05,55.95,56.0,80.0,10.0,1378.0,1987.0,False,False
006208,2022-10-26 10:45:30.506455,-0.001784121320249632,0.0,-0.09999999999999432,0.0,56.0,56.05,55.95,56.0,78.0,8.0,1378.0,1987.0,False,False
006208,2022-10-26 10:45:31.383102,-0.001784121320249632,0.0,-0.09999999999999432,0.0,56.0,56.05,55.95,56.0,78.0,3.0,1378.0,1987.0,False,False
006208,2022-10-26 10:45:31.468521,-0.001784121320249632,0.0,-0.09999999999999432,0.0,56.0,56.05,55.95,56.0,78.0,3.0,1378.0,1987.0,False,False
006208,2022-10-26 10:45:34.190150,-0.001784121320249632,0.0,-0.09999999999999432,0.0,56.0,56.05,55.95,56.0,78.0,3.0,1378.0,1987.0,False,False
006208,2022-10-26 10:45:34.192712,-0.001784121320249632,0.0,-0.09999999999999432,0.0,56.0,56.05,55.95,56.0,78.0,3.0,1378.0,1987.0,False,False
006208,2022-10-26 10:45:34.328283,-0.001784121320249632,0.0,-0.09999999999999432,0.0,56.0,56.05,55.95,56.0,78.0,3.0,1378.0,1987.0,False,False
006208,2022-10-26 10:45:34.407183,-0.001784121320249632,0.0,-0.09999999999999432,0.0,56.0,56.05,55.95,56.0,78.0,3.0,1378.0,1987.0,False,False
006208,2022-10-26 10:45:34.640063,-0.001784121320249632,0.0,-0.09999999999999432,0.0,56.0,56.05,55.95,56.0,78.0,3.0,1378.0,1987.0,False,False
006208,2022-10-26 10:45:34.650064,-0.001784121320249632,0.0,-0.09999999999999432,0.0,56.0,56.05,55.95,56.0,78.0,3.0,1378.0,1987.0,False,False
006208,2022-10-26 10:45:35.297774,-0.001784121320249632,0.0,-0.09999999999999432,0.0,56.0,56.05,55.95,56.0,78.0,3.0,1378.0,1987.0,False,False
006208,2022-10-26 10:45:36.633519,-0.001784121320249632,0.0,-0.09999999999999432,0.0,56.0,56.05,55.95,56.0,78.0,3.0,1388.0,1987.0,True,True
006208,2022-10-26 10:45:40.431740,-0.001784121320249632,0.0,-0.09999999999999432,0.0,56.0,56.05,55.95,56.0,78.0,2.0,1388.0,1987.0,False,False
006208,2022-10-26 10:45:40.489111,-0.001784121320249632,0.0,-0.09999999999999432,0.0,56.0,56.05,55.95,56.0,78.0,2.0,1388.0,1987.0,False,False
006208,2022-10-26 10:45:40.494099,-0.001784121320249632,0.0,-0.09999999999999432,0.0,56.0,56.05,55.95,56.0,78.0,2.0,1388.0,1987.0,False,False
006208,2022-10-26 10:45:44.301914,-0.001784121320249632,0.0,-0.09999999999999432,0.0,56.0,56.05,55.95,56.0,78.0,2.0,1388.0,1987.0,False,False
006208,2022-10-26 10:45:44.305647,-0.001784121320249632,0.0,-0.09999999999999432,0.0,56.0,56.05,55.95,56.0,78.0,2.0,1388.0,1987.0,False,False
006208,2022-10-26 10:45:44.436087,-0.001784121320249632,0.0,-0.09999999999999432,0.0,56.0,56.05,55.95,56.0,78.0,2.0,1388.0,1987.0,False,False
006208,2022-10-26 10:45:44.577740,-0.001784121320249632,0.0,-0.09999999999999432,0.0,56.0,56.05,55.95,56.0,78.0,2.0,1388.0,1987.0,False,False
006208,2022-10-26 10:45:44.749164,-0.001784121320249632,0.0,-0.09999999999999432,0.0,56.0,56.05,55.95,56.0,78.0,2.0,1388.0,1987.0,False,False
006208,2022-10-26 10:45:44.812093,-0.001784121320249632,0.0,-0.09999999999999432,0.0,56.0,56.05,55.95,56.0,78.0,2.0,1388.0,1987.0,False,False
006208,2022-10-26 10:45:44.874799,-0.001784121320249632,0.0,-0.09999999999999432,0.0,56.0,56.05,55.95,56.0,78.0,2.0,1388.0,1987.0,False,False
006208,2022-10-26 10:45:45.083646,-0.001784121320249632,0.0,-0.09999999999999432,0.0,56.0,56.05,55.95,56.0,78.0,2.0,1388.0,1987.0,False,False
006208,2022-10-26 10:45:46.659549,-0.001784121320249632,0.0,-0.09999999999999432,0.0,56.0,56.05,55.95,56.0,78.0,2.0,1388.0,1627.0,True,True
006208,2022-10-26 10:45:50.439285,-0.001784121320249632,0.0,-0.09999999999999432,0.0,56.0,56.05,55.95,56.0,78.0,1.0,1388.0,1627.0,False,False
006208,2022-10-26 10:45:53.364069,-0.002673796791443861,0.0,-0.14999999999999858,0.0,56.0,56.1,55.95,56.0,78.0,206.0,1388.0,1627.0,False,False
006208,2022-10-26 10:45:53.395325,-0.002673796791443861,0.0,-0.14999999999999858,0.0,56.0,56.1,55.95,56.0,78.0,106.0,1388.0,1627.0,False,False
006208,2022-10-26 10:45:53.460385,-0.002673796791443861,0.0,-0.14999999999999858,0.0,56.0,56.1,55.95,56.0,78.0,106.0,1388.0,1627.0,False,False
006208,2022-10-26 10:45:53.545904,-0.002673796791443861,0.0,-0.14999999999999858,0.0,56.0,56.1,55.95,56.0,78.0,106.0,1388.0,1627.0,False,False
006208,2022-10-26 10:45:53.593274,-0.002673796791443861,0.0,-0.14999999999999858,0.0,56.0,56.1,55.95,56.0,78.0,66.0,1388.0,1627.0,False,False
006208,2022-10-26 10:45:53.722223,-0.002673796791443861,0.0,-0.14999999999999858,0.0,56.0,56.1,55.95,56.0,78.0,66.0,1388.0,1627.0,False,False
006208,2022-10-26 10:45:54.394783,-0.002673796791443861,0.0,-0.14999999999999858,0.0,56.0,56.1,55.95,56.0,178.0,66.0,1388.0,1627.0,False,False
006208,2022-10-26 10:45:55.081459,-0.002673796791443861,0.0,-0.14999999999999858,0.0,56.0,56.1,55.95,56.0,178.0,66.0,1388.0,1627.0,False,False
006208,2022-10-26 10:45:55.091017,-0.002673796791443861,0.0,-0.14999999999999858,0.0,56.0,56.1,55.95,56.0,178.0,66.0,1388.0,1627.0,False,False
006208,2022-10-26 10:45:55.212437,-0.002673796791443861,0.0,-0.14999999999999858,0.0,56.0,56.1,55.95,56.0,178.0,66.0,1388.0,1627.0,False,False
006208,2022-10-26 10:45:55.222425,-0.002673796791443861,0.0,-0.14999999999999858,0.0,56.0,56.1,55.95,56.0,178.0,66.0,1388.0,1627.0,False,False
006208,2022-10-26 10:45:56.133573,-0.002673796791443861,0.0,-0.14999999999999858,0.0,56.0,56.1,55.95,56.0,178.0,66.0,1388.0,1627.0,False,False
006208,2022-10-26 10:45:56.143663,-0.002673796791443861,0.0,-0.14999999999999858,0.0,56.0,56.1,55.95,56.0,178.0,66.0,1388.0,1627.0,False,False
006208,2022-10-26 10:45:56.687466,-0.002673796791443861,0.0,-0.14999999999999858,0.0,56.0,56.1,55.95,56.0,178.0,66.0,1388.0,1427.0,True,True
006208,2022-10-26 10:45:58.250231,-0.002673796791443861,0.0,-0.14999999999999858,0.0,56.0,56.1,55.95,56.0,178.0,66.0,1388.0,1427.0,False,False
006208,2022-10-26 10:45:58.268663,-0.002673796791443861,0.0,-0.14999999999999858,0.0,56.0,56.1,55.95,56.0,178.0,66.0,1388.0,1427.0,False,False
006208,2022-10-26 10:45:58.982605,-0.002673796791443861,0.0,-0.14999999999999858,0.0,56.0,56.1,55.95,56.0,178.0,66.0,1388.0,1427.0,False,False
006208,2022-10-26 10:45:58.982906,-0.002673796791443861,0.0,-0.14999999999999858,0.0,56.0,56.1,55.95,56.0,178.0,66.0,1388.0,1427.0,False,False
006208,2022-10-26 10:45:59.435848,-0.002673796791443861,0.0,-0.14999999999999858,0.0,56.0,56.1,55.95,56.0,178.0,66.0,1388.0,1427.0,False,False
006208,2022-10-26 10:45:59.440841,-0.002673796791443861,0.0,-0.14999999999999858,0.0,56.0,56.1,55.95,56.0,178.0,66.0,1388.0,1427.0,False,False
006208,2022-10-26 10:46:01.212784,-0.002673796791443861,0.0,-0.14999999999999858,0.0,56.0,56.1,55.95,56.0,178.0,66.0,1388.0,1427.0,False,False
006208,2022-10-26 10:46:01.217196,-0.002673796791443861,0.0,-0.14999999999999858,0.0,56.0,56.1,55.95,56.0,178.0,66.0,1388.0,1427.0,False,False
006208,2022-10-26 10:46:01.228539,-0.002673796791443861,0.0,-0.14999999999999858,0.0,56.0,56.1,55.95,56.0,178.0,96.0,1388.0,1427.0,False,False
006208,2022-10-26 10:46:01.554060,-0.002673796791443861,0.0,-0.14999999999999858,0.0,56.0,56.1,55.95,56.0,178.0,96.0,1388.0,1427.0,False,False
006208,2022-10-26 10:46:01.568419,-0.002673796791443861,0.0,-0.14999999999999858,0.0,56.0,56.1,55.95,56.0,178.0,66.0,1388.0,1427.0,False,False
006208,2022-10-26 10:46:03.706739,-0.002673796791443861,0.0,-0.14999999999999858,0.0,56.0,56.1,55.95,56.0,178.0,66.0,1388.0,1427.0,False,False
006208,2022-10-26 10:46:03.710316,-0.002673796791443861,0.0,-0.14999999999999858,0.0,56.0,56.1,55.95,56.0,178.0,66.0,1388.0,1427.0,False,False
006208,2022-10-26 10:46:03.838272,-0.002673796791443861,0.0,-0.14999999999999858,0.0,56.0,56.1,55.95,56.0,178.0,66.0,1388.0,1427.0,False,False
006208,2022-10-26 10:46:03.845455,-0.002673796791443861,0.0,-0.14999999999999858,0.0,56.0,56.1,55.95,56.0,178.0,66.0,1388.0,1427.0,False,False
006208,2022-10-26 10:46:06.115800,-0.002673796791443861,0.0,-0.14999999999999858,0.0,56.0,56.1,55.95,56.0,178.0,66.0,1388.0,1269.0,False,True
006208,2022-10-26 10:46:08.012315,-0.002673796791443861,0.0,-0.14999999999999858,0.0,56.0,56.1,55.95,56.0,178.0,65.0,1388.0,1269.0,False,False
006208,2022-10-26 10:46:08.281887,-0.002673796791443861,0.0,-0.14999999999999858,0.0,56.0,56.1,55.95,56.0,178.0,65.0,1388.0,1269.0,False,False
006208,2022-10-26 10:46:08.295857,-0.002673796791443861,0.0,-0.14999999999999858,0.0,56.0,56.1,55.95,56.0,178.0,95.0,1388.0,1269.0,False,False
006208,2022-10-26 10:46:10.386687,-0.002673796791443861,0.0,-0.14999999999999858,0.0,56.0,56.1,55.95,56.0,178.0,95.0,1388.0,1269.0,False,False
006208,2022-10-26 10:46:10.395283,-0.002673796791443861,0.0,-0.14999999999999858,0.0,56.0,56.1,55.95,56.0,178.0,64.0,1388.0,1269.0,False,False
006208,2022-10-26 10:46:10.401193,-0.002673796791443861,0.0,-0.14999999999999858,0.0,56.0,56.1,55.95,56.0,178.0,64.0,1388.0,1269.0,False,False
006208,2022-10-26 10:46:10.636220,-0.002673796791443861,0.0,-0.14999999999999858,0.0,56.0,56.1,55.95,56.0,178.0,64.0,1388.0,1269.0,False,False
006208,2022-10-26 10:46:10.645432,-0.002673796791443861,0.0,-0.14999999999999858,0.0,56.0,56.1,55.95,56.0,178.0,64.0,1388.0,1269.0,False,False
006208,2022-10-26 10:46:11.065475,-0.002673796791443861,0.0,-0.14999999999999858,0.0,56.0,56.1,55.95,56.0,178.0,64.0,1388.0,1269.0,False,False
006208,2022-10-26 10:46:11.076094,-0.002673796791443861,0.0,-0.14999999999999858,0.0,56.0,56.1,55.95,56.0,178.0,64.0,1388.0,1269.0,False,False
006208,2022-10-26 10:46:12.327855,-0.002673796791443861,0.0,-0.14999999999999858,0.0,56.0,56.1,55.95,56.0,178.0,64.0,1388.0,1269.0,False,False
006208,2022-10-26 10:46:12.338529,-0.002673796791443861,0.0,-0.14999999999999858,0.0,56.0,56.1,55.95,56.0,178.0,64.0,1388.0,1269.0,False,False
006208,2022-10-26 10:46:13.824835,-0.002673796791443861,0.0,-0.14999999999999858,0.0,56.0,56.1,55.95,56.0,178.0,64.0,1388.0,1269.0,False,False
006208,2022-10-26 10:46:13.827510,-0.002673796791443861,0.0,-0.14999999999999858,0.0,56.0,56.1,55.95,56.0,178.0,64.0,1388.0,1269.0,False,False
006208,2022-10-26 10:46:13.959134,-0.002673796791443861,0.0,-0.14999999999999858,0.0,56.0,56.1,55.95,56.0,178.0,64.0,1388.0,1269.0,False,False
006208,2022-10-26 10:46:16.159612,-0.002673796791443861,0.0,-0.14999999999999858,0.0,56.0,56.1,55.95,56.0,178.0,64.0,1388.0,1269.0,True,True
006208,2022-10-26 10:46:20.389917,-0.002673796791443861,0.0,-0.14999999999999858,0.0,56.0,56.1,55.95,56.0,178.0,63.0,1388.0,1269.0,False,False
006208,2022-10-26 10:46:23.945901,-0.002673796791443861,0.0,-0.14999999999999858,0.0,56.0,56.1,55.95,56.0,178.0,63.0,1388.0,1269.0,False,False
006208,2022-10-26 10:46:23.948769,-0.002673796791443861,0.0,-0.14999999999999858,0.0,56.0,56.1,55.95,56.0,178.0,63.0,1388.0,1269.0,False,False
006208,2022-10-26 10:46:24.079980,-0.002673796791443861,0.0,-0.14999999999999858,0.0,56.0,56.1,55.95,56.0,178.0,63.0,1388.0,1269.0,False,False
006208,2022-10-26 10:46:26.195572,-0.002673796791443861,0.0,-0.14999999999999858,0.0,56.0,56.1,55.95,56.0,178.0,63.0,1388.0,1121.0,True,True
006208,2022-10-26 10:46:27.310594,-0.002673796791443861,0.0,-0.14999999999999858,0.0,56.0,56.1,55.95,56.0,178.0,63.0,1388.0,1121.0,False,False
006208,2022-10-26 10:46:27.351767,-0.002673796791443861,0.0,-0.14999999999999858,0.0,56.0,56.1,55.95,56.0,78.0,63.0,1388.0,1121.0,False,False
006208,2022-10-26 10:46:28.352035,-0.002673796791443861,0.0,-0.14999999999999858,0.0,56.0,56.1,55.95,56.0,78.0,163.0,1388.0,1121.0,False,False
006208,2022-10-26 10:46:29.178724,-0.002673796791443861,0.0,-0.14999999999999858,0.0,56.0,56.1,55.95,56.0,78.0,163.0,1388.0,1121.0,False,False
006208,2022-10-26 10:46:29.179370,-0.002673796791443861,0.0,-0.14999999999999858,0.0,56.0,56.1,55.95,56.0,78.0,163.0,1388.0,1121.0,False,False
006208,2022-10-26 10:46:30.384671,-0.002673796791443861,0.0,-0.14999999999999858,0.0,56.0,56.1,55.95,56.0,78.0,162.0,1388.0,1121.0,False,False
006208,2022-10-26 10:46:32.604286,-0.002673796791443861,0.0,-0.14999999999999858,0.0,56.0,56.1,55.95,56.0,78.0,162.0,1388.0,1121.0,False,False
006208,2022-10-26 10:46:34.080184,-0.002673796791443861,0.0,-0.14999999999999858,0.0,56.0,56.1,55.95,56.0,78.0,162.0,1388.0,1121.0,False,False
006208,2022-10-26 10:46:34.086845,-0.002673796791443861,0.0,-0.14999999999999858,0.0,56.0,56.1,55.95,56.0,78.0,162.0,1388.0,1121.0,False,False
006208,2022-10-26 10:46:34.217982,-0.002673796791443861,0.0,-0.14999999999999858,0.0,56.0,56.1,55.95,56.0,78.0,162.0,1388.0,1121.0,False,False
006208,2022-10-26 10:46:35.316524,-0.002673796791443861,0.0,-0.14999999999999858,0.0,56.0,56.1,55.95,56.0,78.0,162.0,1388.0,1121.0,False,False
006208,2022-10-26 10:46:35.316540,-0.002673796791443861,0.0,-0.14999999999999858,0.0,56.0,56.1,55.95,56.0,78.0,237.0,1388.0,1121.0,False,False
006208,2022-10-26 10:46:35.908452,-0.002673796791443861,0.0,-0.14999999999999858,0.0,56.0,56.1,55.95,56.0,78.0,237.0,1388.0,1121.0,False,False
006208,2022-10-26 10:46:35.974917,-0.002673796791443861,0.0,-0.14999999999999858,0.0,56.0,56.1,55.95,56.0,78.0,237.0,1388.0,1121.0,False,False
006208,2022-10-26 10:46:35.983206,-0.002673796791443861,0.0,-0.14999999999999858,0.0,56.0,56.1,55.95,56.0,78.0,237.0,1388.0,1121.0,False,False
006208,2022-10-26 10:46:36.215436,-0.002673796791443861,0.0,-0.14999999999999858,0.0,56.0,56.1,55.95,56.0,78.0,237.0,1388.0,1121.0,False,False
006208,2022-10-26 10:46:36.227510,-0.002673796791443861,0.0,-0.14999999999999858,0.0,56.0,56.1,55.95,56.0,78.0,237.0,1388.0,621.0,True,True
006208,2022-10-26 10:46:36.625319,-0.002673796791443861,0.0,-0.14999999999999858,0.0,56.0,56.1,55.95,56.0,78.0,237.0,1388.0,621.0,False,False
006208,2022-10-26 10:46:36.625336,-0.002673796791443861,0.0,-0.14999999999999858,0.0,56.0,56.1,55.95,56.0,78.0,237.0,1388.0,621.0,False,False
006208,2022-10-26 10:46:36.935493,-0.002673796791443861,0.0,-0.14999999999999858,0.0,56.0,56.1,55.95,56.0,78.0,237.0,1388.0,621.0,False,False
006208,2022-10-26 10:46:40.379624,-0.002673796791443861,0.0,-0.14999999999999858,0.0,56.0,56.1,55.95,56.0,78.0,236.0,1388.0,621.0,False,False
006208,2022-10-26 10:46:41.386299,-0.002673796791443861,0.0,-0.14999999999999858,0.0,56.0,56.1,55.95,56.0,78.0,236.0,1388.0,621.0,False,False
006208,2022-10-26 10:46:41.729508,-0.002673796791443861,0.0,-0.14999999999999858,0.0,56.0,56.1,55.95,56.0,78.0,236.0,1388.0,621.0,False,False
006208,2022-10-26 10:46:42.064715,-0.002673796791443861,0.0,-0.14999999999999858,0.0,56.0,56.1,55.95,56.0,78.0,235.0,1388.0,621.0,False,False
006208,2022-10-26 10:46:42.928346,-0.002673796791443861,0.0,-0.14999999999999858,0.0,56.0,56.1,55.95,56.0,78.0,235.0,1388.0,621.0,False,False
006208,2022-10-26 10:46:42.944882,-0.002673796791443861,0.0,-0.14999999999999858,0.0,56.0,56.1,55.95,56.0,78.0,235.0,1388.0,621.0,False,False
006208,2022-10-26 10:46:44.196445,-0.002673796791443861,0.0,-0.14999999999999858,0.0,56.0,56.1,55.95,56.0,78.0,235.0,1388.0,621.0,False,False
006208,2022-10-26 10:46:44.200798,-0.002673796791443861,0.0,-0.14999999999999858,0.0,56.0,56.1,55.95,56.0,78.0,235.0,1388.0,621.0,False,False
006208,2022-10-26 10:46:44.329169,-0.002673796791443861,0.0,-0.14999999999999858,0.0,56.0,56.1,55.95,56.0,78.0,235.0,1388.0,621.0,False,False
006208,2022-10-26 10:46:46.256554,-0.002673796791443861,0.0,-0.14999999999999858,0.0,56.0,56.1,55.95,56.0,78.0,235.0,1388.0,621.0,True,True
006208,2022-10-26 10:46:46.769195,-0.002673796791443861,0.0,-0.14999999999999858,0.0,56.0,56.1,55.95,56.0,78.0,235.0,1388.0,621.0,False,False
006208,2022-10-26 10:46:46.774641,-0.002673796791443861,0.0,-0.14999999999999858,0.0,56.0,56.1,55.95,56.0,78.0,235.0,1388.0,621.0,False,False
006208,2022-10-26 10:46:47.160076,-0.002673796791443861,0.0,-0.14999999999999858,0.0,56.0,56.1,55.95,56.0,78.0,235.0,1388.0,621.0,False,False
006208,2022-10-26 10:46:48.133072,-0.002673796791443861,0.0,-0.14999999999999858,0.0,56.0,56.1,55.95,56.0,78.0,236.0,1388.0,621.0,False,False
006208,2022-10-26 10:46:50.390049,-0.002673796791443861,0.0,-0.14999999999999858,0.0,56.0,56.1,55.95,56.0,78.0,235.0,1388.0,621.0,False,False
006208,2022-10-26 10:46:50.397944,-0.002673796791443861,0.0,-0.14999999999999858,0.0,56.0,56.1,55.95,56.0,78.0,235.0,1388.0,621.0,False,False
006208,2022-10-26 10:46:50.597744,-0.002673796791443861,0.0,-0.14999999999999858,0.0,56.0,56.1,55.95,56.0,78.0,235.0,1388.0,621.0,False,False
006208,2022-10-26 10:46:51.555993,-0.002673796791443861,0.0,-0.14999999999999858,0.0,56.0,56.1,55.95,56.0,78.0,235.0,1388.0,621.0,False,False
006208,2022-10-26 10:46:54.313125,-0.002673796791443861,0.0,-0.14999999999999858,0.0,56.0,56.1,55.95,56.0,78.0,235.0,1388.0,621.0,False,False
006208,2022-10-26 10:46:54.315549,-0.002673796791443861,0.0,-0.14999999999999858,0.0,56.0,56.1,55.95,56.0,78.0,235.0,1388.0,621.0,False,False
006208,2022-10-26 10:46:54.318830,-0.002673796791443861,0.0,-0.14999999999999858,0.0,56.0,56.1,55.95,56.0,78.0,235.0,1388.0,621.0,False,False
006208,2022-10-26 10:46:54.464359,-0.002673796791443861,0.0,-0.14999999999999858,0.0,56.0,56.1,55.95,56.0,78.0,160.0,1388.0,621.0,False,False
006208,2022-10-26 10:46:54.694715,-0.002673796791443861,0.0,-0.14999999999999858,0.0,56.0,56.1,55.95,56.0,78.0,160.0,1388.0,621.0,False,False
006208,2022-10-26 10:46:55.584248,-0.002673796791443861,0.0,-0.14999999999999858,0.0,56.0,56.1,55.95,56.0,78.0,160.0,1388.0,621.0,False,False
006208,2022-10-26 10:46:55.584344,-0.002673796791443861,0.0,-0.14999999999999858,0.0,56.0,56.1,55.95,56.0,78.0,160.0,1388.0,621.0,False,False
006208,2022-10-26 10:46:56.282502,-0.002673796791443861,0.0,-0.14999999999999858,0.0,56.0,56.1,55.95,56.0,78.0,160.0,1388.0,591.0,True,True
006208,2022-10-26 10:46:56.970317,-0.002673796791443861,0.0,-0.14999999999999858,0.0,56.0,56.1,55.95,56.0,79.0,160.0,1388.0,591.0,False,False
006208,2022-10-26 10:46:59.378226,-0.002673796791443861,0.0,-0.14999999999999858,0.0,56.0,56.1,55.95,56.0,79.0,160.0,1388.0,591.0,False,False
006208,2022-10-26 10:46:59.378468,-0.002673796791443861,0.0,-0.14999999999999858,0.0,56.0,56.1,55.95,56.0,79.0,160.0,1388.0,591.0,False,False
006208,2022-10-26 10:47:00.385242,-0.002673796791443861,0.0,-0.14999999999999858,0.0,56.0,56.1,55.95,56.0,79.0,159.0,1388.0,591.0,False,False
006208,2022-10-26 10:47:00.419220,-0.002673796791443861,0.0,-0.14999999999999858,0.0,56.0,56.1,55.95,56.0,79.0,59.0,1388.0,591.0,False,False
006208,2022-10-26 10:47:00.617763,-0.002673796791443861,0.0,-0.14999999999999858,0.0,56.0,56.1,55.95,56.0,79.0,59.0,1388.0,591.0,False,False
006208,2022-10-26 10:47:00.620476,-0.002673796791443861,0.0,-0.14999999999999858,0.0,56.0,56.1,55.95,56.0,79.0,59.0,1388.0,591.0,False,False
006208,2022-10-26 10:47:01.419674,-0.002673796791443861,0.0,-0.14999999999999858,0.0,56.0,56.1,55.95,56.0,179.0,59.0,1388.0,591.0,False,False
006208,2022-10-26 10:47:02.832680,-0.002673796791443861,0.0,-0.14999999999999858,0.0,56.0,56.1,55.95,56.0,179.0,59.0,1388.0,591.0,False,False
006208,2022-10-26 10:47:02.842800,-0.002673796791443861,0.0,-0.14999999999999858,0.0,56.0,56.1,55.95,56.0,179.0,59.0,1388.0,591.0,False,False
006208,2022-10-26 10:47:04.432823,-0.002673796791443861,0.0,-0.14999999999999858,0.0,56.0,56.1,55.95,56.0,179.0,59.0,1388.0,591.0,False,False
006208,2022-10-26 10:47:04.437159,-0.002673796791443861,0.0,-0.14999999999999858,0.0,56.0,56.1,55.95,56.0,179.0,59.0,1388.0,591.0,False,False
006208,2022-10-26 10:47:04.565054,-0.002673796791443861,0.0,-0.14999999999999858,0.0,56.0,56.1,55.95,56.0,179.0,59.0,1388.0,591.0,False,False
006208,2022-10-26 10:47:05.696885,-0.002673796791443861,0.0,-0.14999999999999858,0.0,56.0,56.1,55.95,56.0,179.0,59.0,1388.0,591.0,False,False
006208,2022-10-26 10:47:05.702363,-0.002673796791443861,0.0,-0.14999999999999858,0.0,56.0,56.1,55.95,56.0,179.0,59.0,1388.0,591.0,False,False
006208,2022-10-26 10:47:06.309526,-0.002673796791443861,0.0,-0.14999999999999858,0.0,56.0,56.1,55.95,56.0,179.0,59.0,1388.0,397.0,True,True
006208,2022-10-26 10:47:06.871273,-0.002673796791443861,0.0,-0.14999999999999858,0.0,56.0,56.1,55.95,56.0,179.0,59.0,1388.0,397.0,False,False
006208,2022-10-26 10:47:06.885783,-0.002673796791443861,0.0,-0.14999999999999858,0.0,56.0,56.1,55.95,56.0,179.0,89.0,1388.0,397.0,False,False
006208,2022-10-26 10:47:10.312310,-0.002673796791443861,0.0,-0.14999999999999858,0.0,56.0,56.1,55.95,56.0,179.0,88.0,1388.0,397.0,False,False
006208,2022-10-26 10:47:10.800772,-0.002673796791443861,0.0,-0.14999999999999858,0.0,56.0,56.1,55.95,56.0,179.0,88.0,1388.0,397.0,False,False
006208,2022-10-26 10:47:10.801061,-0.002673796791443861,0.0,-0.14999999999999858,0.0,56.0,56.1,55.95,56.0,179.0,88.0,1388.0,397.0,False,False
006208,2022-10-26 10:47:14.025652,-0.002673796791443861,0.0,-0.14999999999999858,0.0,56.0,56.1,55.95,56.0,179.0,88.0,1388.0,397.0,False,False
006208,2022-10-26 10:47:14.048051,-0.002673796791443861,0.0,-0.14999999999999858,0.0,56.0,56.1,55.95,56.0,179.0,88.0,1388.0,397.0,False,False
006208,2022-10-26 10:47:14.283994,-0.002673796791443861,0.0,-0.14999999999999858,0.0,56.0,56.1,55.95,56.0,179.0,88.0,1388.0,397.0,False,False
006208,2022-10-26 10:47:14.284173,-0.002673796791443861,0.0,-0.14999999999999858,0.0,56.0,56.1,55.95,56.0,179.0,88.0,1388.0,397.0,False,False
006208,2022-10-26 10:47:14.551338,-0.002673796791443861,0.0,-0.14999999999999858,0.0,56.0,56.1,55.95,56.0,179.0,88.0,1388.0,397.0,False,False
006208,2022-10-26 10:47:14.554787,-0.002673796791443861,0.0,-0.14999999999999858,0.0,56.0,56.1,55.95,56.0,179.0,88.0,1388.0,397.0,False,False
006208,2022-10-26 10:47:14.756902,-0.002673796791443861,0.0,-0.14999999999999858,0.0,56.0,56.1,55.95,56.0,179.0,88.0,1388.0,397.0,False,False
006208,2022-10-26 10:47:14.955111,-0.002673796791443861,0.0,-0.14999999999999858,0.0,56.0,56.1,55.95,56.0,179.0,87.0,1388.0,397.0,False,False
006208,2022-10-26 10:47:16.190168,-0.002673796791443861,0.0,-0.14999999999999858,0.0,56.0,56.1,55.95,56.0,104.0,87.0,1388.0,397.0,False,False
006208,2022-10-26 10:47:16.225132,-0.002673796791443861,0.0008928571428570287,-0.14999999999999858,0.04999999999999716,56.05,56.1,55.95,56.0,75.0,87.0,1388.0,397.0,False,False
006208,2022-10-26 10:47:16.345769,-0.002673796791443861,0.0008928571428570287,-0.14999999999999858,0.04999999999999716,56.05,56.1,55.95,56.0,75.0,87.0,1388.0,47.0,True,True
006208,2022-10-26 10:47:16.410536,-0.002673796791443861,0.0008928571428570287,-0.14999999999999858,0.04999999999999716,56.05,56.1,55.95,56.0,75.0,87.0,1388.0,47.0,False,False
006208,2022-10-26 10:47:16.481247,-0.002673796791443861,0.0008928571428570287,-0.14999999999999858,0.04999999999999716,56.05,56.1,55.95,56.0,75.0,87.0,1388.0,47.0,False,False
006208,2022-10-26 10:47:17.928047,-0.002673796791443861,0.0008928571428570287,-0.14999999999999858,0.04999999999999716,56.05,56.1,55.95,56.0,75.0,87.0,1388.0,47.0,False,False
006208,2022-10-26 10:47:17.947290,-0.002673796791443861,0.0008928571428570287,-0.14999999999999858,0.04999999999999716,56.05,56.1,55.95,56.0,75.0,87.0,1388.0,47.0,False,False
006208,2022-10-26 10:47:18.077094,-0.002673796791443861,0.0008928571428570287,-0.14999999999999858,0.04999999999999716,56.05,56.1,55.95,56.0,75.0,87.0,1388.0,47.0,False,False
006208,2022-10-26 10:47:18.097324,-0.002673796791443861,0.0008928571428570287,-0.14999999999999858,0.04999999999999716,56.05,56.1,55.95,56.0,75.0,87.0,1388.0,47.0,False,False
006208,2022-10-26 10:47:18.952299,-0.002673796791443861,0.0008928571428570287,-0.14999999999999858,0.04999999999999716,56.05,56.1,55.95,56.0,75.0,87.0,1388.0,47.0,False,False
006208,2022-10-26 10:47:18.958687,-0.002673796791443861,0.0008928571428570287,-0.14999999999999858,0.04999999999999716,56.05,56.1,55.95,56.0,75.0,87.0,1388.0,47.0,False,False
006208,2022-10-26 10:47:19.231280,-0.002673796791443861,0.0008928571428570287,-0.14999999999999858,0.04999999999999716,56.05,56.1,55.95,56.0,75.0,87.0,1388.0,47.0,False,False
006208,2022-10-26 10:47:19.243946,-0.002673796791443861,0.0008928571428570287,-0.14999999999999858,0.04999999999999716,56.05,56.1,55.95,56.0,75.0,57.0,1388.0,47.0,False,False
006208,2022-10-26 10:47:20.003327,-0.002673796791443861,0.0008928571428570287,-0.14999999999999858,0.04999999999999716,56.05,56.1,55.95,56.0,75.0,57.0,1388.0,47.0,False,False
006208,2022-10-26 10:47:20.375870,-0.002673796791443861,0.0008928571428570287,-0.14999999999999858,0.04999999999999716,56.05,56.1,55.95,56.0,75.0,56.0,1388.0,47.0,False,False
006208,2022-10-26 10:47:20.664158,-0.002673796791443861,0.0008928571428570287,-0.14999999999999858,0.04999999999999716,56.05,56.1,55.95,56.0,75.0,56.0,1388.0,47.0,False,False
006208,2022-10-26 10:47:21.585774,-0.002673796791443861,0.0008928571428570287,-0.14999999999999858,0.04999999999999716,56.05,56.1,55.95,56.0,75.0,56.0,1388.0,47.0,False,False
006208,2022-10-26 10:47:21.585797,-0.002673796791443861,0.0008928571428570287,-0.14999999999999858,0.04999999999999716,56.05,56.1,55.95,56.0,75.0,56.0,1388.0,47.0,False,False
006208,2022-10-26 10:47:24.287931,-0.002673796791443861,0.0008928571428570287,-0.14999999999999858,0.04999999999999716,56.05,56.1,55.95,56.0,75.0,56.0,1388.0,47.0,False,False
006208,2022-10-26 10:47:24.290869,-0.002673796791443861,0.0008928571428570287,-0.14999999999999858,0.04999999999999716,56.05,56.1,55.95,56.0,75.0,56.0,1388.0,47.0,False,False
006208,2022-10-26 10:47:24.679856,-0.002673796791443861,0.0008928571428570287,-0.14999999999999858,0.04999999999999716,56.05,56.1,55.95,56.0,75.0,56.0,1388.0,47.0,False,False
006208,2022-10-26 10:47:24.692804,-0.002673796791443861,0.0008928571428570287,-0.14999999999999858,0.04999999999999716,56.05,56.1,55.95,56.0,75.0,56.0,1388.0,47.0,False,False
006208,2022-10-26 10:47:24.829722,-0.002673796791443861,0.0008928571428570287,-0.14999999999999858,0.04999999999999716,56.05,56.1,55.95,56.0,75.0,56.0,1388.0,47.0,False,False
006208,2022-10-26 10:47:26.369756,-0.0017825311942959443,0.0,-0.10000000000000142,0.0,56.05,56.1,56.0,56.05,75.0,56.0,53.0,510.0,True,True
006208,2022-10-26 10:47:26.400204,-0.0017825311942959443,0.0,-0.10000000000000142,0.0,56.05,56.1,56.0,56.05,75.0,56.0,53.0,510.0,False,False
006208,2022-10-26 10:47:26.403466,-0.0017825311942959443,0.0,-0.10000000000000142,0.0,56.05,56.1,56.0,56.05,75.0,56.0,53.0,510.0,False,False
006208,2022-10-26 10:47:26.540756,-0.0017825311942959443,0.0,-0.10000000000000142,0.0,56.05,56.1,56.0,56.05,75.0,56.0,53.0,510.0,False,False
006208,2022-10-26 10:47:27.118874,-0.0017825311942959443,0.0,-0.10000000000000142,0.0,56.05,56.1,56.0,56.05,75.0,56.0,53.0,510.0,False,False
006208,2022-10-26 10:47:27.357125,-0.0017825311942959443,0.0,-0.10000000000000142,0.0,56.05,56.1,56.0,56.05,75.0,56.0,53.0,510.0,False,False
006208,2022-10-26 10:47:27.357256,-0.0017825311942959443,0.0,-0.10000000000000142,0.0,56.05,56.1,56.0,56.05,75.0,56.0,53.0,510.0,False,False
006208,2022-10-26 10:47:30.339813,-0.0017825311942959443,0.0,-0.10000000000000142,0.0,56.05,56.1,56.0,56.05,75.0,55.0,53.0,510.0,False,False
006208,2022-10-26 10:47:30.731726,-0.0017825311942959443,0.0,-0.10000000000000142,0.0,56.05,56.1,56.0,56.05,75.0,55.0,53.0,510.0,False,False
006208,2022-10-26 10:47:30.741987,-0.0017825311942959443,0.0,-0.10000000000000142,0.0,56.05,56.1,56.0,56.05,75.0,85.0,53.0,510.0,False,False
006208,2022-10-26 10:47:32.442811,-0.0017825311942959443,0.0,-0.10000000000000142,0.0,56.05,56.1,56.0,56.05,75.0,85.0,53.0,510.0,False,False
006208,2022-10-26 10:47:32.467675,-0.0017825311942959443,0.0,-0.10000000000000142,0.0,56.05,56.1,56.0,56.05,75.0,55.0,53.0,510.0,False,False
006208,2022-10-26 10:47:33.751055,-0.0017825311942959443,0.0,-0.10000000000000142,0.0,56.05,56.1,56.0,56.05,75.0,55.0,53.0,510.0,False,False
006208,2022-10-26 10:47:33.756926,-0.0017825311942959443,0.0,-0.10000000000000142,0.0,56.05,56.1,56.0,56.05,75.0,55.0,53.0,510.0,False,False
006208,2022-10-26 10:47:34.572013,-0.0017825311942959443,0.0,-0.10000000000000142,0.0,56.05,56.1,56.0,56.05,75.0,55.0,53.0,510.0,False,False
006208,2022-10-26 10:47:34.651127,-0.0017825311942959443,0.0,-0.10000000000000142,0.0,56.05,56.1,56.0,56.05,75.0,55.0,53.0,510.0,False,False
006208,2022-10-26 10:47:35.000847,-0.0017825311942959443,0.0,-0.10000000000000142,0.0,56.05,56.1,56.0,56.05,75.0,55.0,53.0,510.0,False,False
006208,2022-10-26 10:47:35.001065,-0.0017825311942959443,0.0,-0.10000000000000142,0.0,56.05,56.1,56.0,56.05,75.0,55.0,53.0,510.0,False,False
006208,2022-10-26 10:47:35.320079,-0.0017825311942959443,0.0,-0.10000000000000142,0.0,56.05,56.1,56.0,56.05,75.0,55.0,53.0,510.0,False,False
006208,2022-10-26 10:47:35.402995,-0.0017825311942959443,0.0,-0.10000000000000142,0.0,56.05,56.1,56.0,56.05,75.0,55.0,53.0,510.0,False,False
006208,2022-10-26 10:47:35.564194,-0.0017825311942959443,0.0,-0.10000000000000142,0.0,56.05,56.1,56.0,56.05,75.0,55.0,53.0,510.0,False,False
006208,2022-10-26 10:47:35.600516,-0.0017825311942959443,0.0,-0.10000000000000142,0.0,56.05,56.1,56.0,56.05,75.0,55.0,53.0,510.0,False,False
006208,2022-10-26 10:47:35.789909,-0.0017825311942959443,0.0,-0.10000000000000142,0.0,56.05,56.1,56.0,56.05,75.0,55.0,53.0,510.0,False,False
006208,2022-10-26 10:47:35.847133,-0.0017825311942959443,0.0,-0.10000000000000142,0.0,56.05,56.1,56.0,56.05,75.0,5.0,53.0,510.0,False,False
006208,2022-10-26 10:47:35.904040,-0.0017825311942959443,0.0,-0.10000000000000142,0.0,56.05,56.1,56.0,56.05,75.0,5.0,53.0,510.0,False,False
006208,2022-10-26 10:47:36.022308,-0.0017825311942959443,0.0,-0.10000000000000142,0.0,56.05,56.1,56.0,56.05,75.0,5.0,53.0,510.0,False,False
006208,2022-10-26 10:47:36.186311,-0.0017825311942959443,0.0,-0.10000000000000142,0.0,56.05,56.1,56.0,56.05,75.0,5.0,53.0,510.0,False,False
006208,2022-10-26 10:47:36.398945,-0.0017825311942959443,0.0,-0.10000000000000142,0.0,56.05,56.1,56.0,56.05,75.0,5.0,53.0,510.0,True,True
006208,2022-10-26 10:47:36.518451,-0.0017825311942959443,0.0,-0.10000000000000142,0.0,56.05,56.1,56.0,56.05,75.0,5.0,53.0,510.0,False,False
006208,2022-10-26 10:47:36.530542,-0.0017825311942959443,0.0,-0.10000000000000142,0.0,56.05,56.1,56.0,56.05,75.0,5.0,53.0,510.0,False,False
006208,2022-10-26 10:47:36.658056,-0.0017825311942959443,0.0,-0.10000000000000142,0.0,56.05,56.1,56.0,56.05,175.0,5.0,53.0,510.0,False,False
006208,2022-10-26 10:47:39.996795,-0.0017825311942959443,0.0,-0.10000000000000142,0.0,56.05,56.1,56.0,56.05,175.0,5.0,53.0,510.0,False,False
006208,2022-10-26 10:47:40.026297,-0.0017825311942959443,0.0,-0.10000000000000142,0.0,56.05,56.1,56.0,56.05,75.0,5.0,53.0,510.0,False,False
006208,2022-10-26 10:47:40.194177,-0.0017825311942959443,0.0,-0.10000000000000142,0.0,56.05,56.1,56.0,56.05,75.0,5.0,53.0,510.0,False,False
006208,2022-10-26 10:47:40.194324,-0.0017825311942959443,0.0,-0.10000000000000142,0.0,56.05,56.1,56.0,56.05,75.0,5.0,53.0,510.0,False,False
006208,2022-10-26 10:47:40.365267,-0.0017825311942959443,0.0,-0.10000000000000142,0.0,56.05,56.1,56.0,56.05,75.0,4.0,53.0,510.0,False,False
006208,2022-10-26 10:47:41.025871,-0.0017825311942959443,0.0,-0.10000000000000142,0.0,56.05,56.1,56.0,56.05,175.0,4.0,53.0,510.0,False,False
006208,2022-10-26 10:47:44.774936,-0.0017825311942959443,0.0,-0.10000000000000142,0.0,56.05,56.1,56.0,56.05,175.0,4.0,53.0,510.0,False,False
006208,2022-10-26 10:47:44.775221,-0.0017825311942959443,0.0,-0.10000000000000142,0.0,56.05,56.1,56.0,56.05,175.0,4.0,53.0,510.0,False,False
006208,2022-10-26 10:47:44.804021,-0.0017825311942959443,0.0,-0.10000000000000142,0.0,56.05,56.1,56.0,56.05,75.0,4.0,53.0,510.0,False,False
006208,2022-10-26 10:47:45.104973,-0.0017825311942959443,0.0,-0.10000000000000142,0.0,56.05,56.1,56.0,56.05,75.0,3.0,53.0,510.0,False,False
006208,2022-10-26 10:47:45.804421,-0.0017825311942959443,0.0,-0.10000000000000142,0.0,56.05,56.1,56.0,56.05,75.0,3.0,53.0,510.0,False,False
006208,2022-10-26 10:47:46.445345,-0.0017825311942959443,0.0,-0.10000000000000142,0.0,56.05,56.1,56.0,56.05,75.0,3.0,157.0,510.0,True,True
006208,2022-10-26 10:47:46.639050,-0.0017825311942959443,0.0,-0.10000000000000142,0.0,56.05,56.1,56.0,56.05,75.0,3.0,157.0,510.0,False,False
006208,2022-10-26 10:47:46.641133,-0.0017825311942959443,0.0,-0.10000000000000142,0.0,56.05,56.1,56.0,56.05,75.0,3.0,157.0,510.0,False,False
006208,2022-10-26 10:47:46.774872,-0.0017825311942959443,0.0,-0.10000000000000142,0.0,56.05,56.1,56.0,56.05,75.0,3.0,157.0,510.0,False,False
006208,2022-10-26 10:47:46.782321,-0.0017825311942959443,0.0,-0.10000000000000142,0.0,56.05,56.1,56.0,56.05,75.0,3.0,157.0,510.0,False,False
006208,2022-10-26 10:47:47.001667,-0.0017825311942959443,0.0,-0.10000000000000142,0.0,56.05,56.1,56.0,56.05,75.0,3.0,157.0,510.0,False,False
006208,2022-10-26 10:47:48.947234,-0.0017825311942959443,0.0,-0.10000000000000142,0.0,56.05,56.1,56.0,56.05,75.0,2.0,157.0,510.0,False,False
006208,2022-10-26 10:47:49.718153,-0.0017825311942959443,0.0,-0.10000000000000142,0.0,56.05,56.1,56.0,56.05,75.0,2.0,157.0,510.0,False,False
006208,2022-10-26 10:47:49.747418,-0.0017825311942959443,0.0,-0.10000000000000142,0.0,56.05,56.1,56.0,56.05,75.0,2.0,157.0,510.0,False,False
006208,2022-10-26 10:47:49.902474,-0.0017825311942959443,0.0,-0.10000000000000142,0.0,56.05,56.1,56.0,56.05,78.0,2.0,157.0,510.0,False,False
006208,2022-10-26 10:47:49.987472,-0.0017825311942959443,0.0,-0.10000000000000142,0.0,56.05,56.1,56.0,56.05,78.0,2.0,157.0,510.0,False,False
006208,2022-10-26 10:47:50.344917,-0.0017825311942959443,0.0,-0.10000000000000142,0.0,56.05,56.1,56.0,56.05,78.0,1.0,157.0,510.0,False,False
006208,2022-10-26 10:47:50.747353,-0.0017825311942959443,0.0,-0.10000000000000142,0.0,56.05,56.1,56.0,56.05,78.0,1.0,157.0,510.0,False,False
006208,2022-10-26 10:47:50.800172,-0.0017825311942959443,0.0,-0.10000000000000142,0.0,56.05,56.1,56.0,56.05,78.0,1.0,157.0,510.0,False,False
006208,2022-10-26 10:47:50.854605,-0.0017825311942959443,0.0,-0.10000000000000142,0.0,56.05,56.1,56.0,56.05,78.0,1.0,157.0,510.0,False,False
006208,2022-10-26 10:47:51.104734,-0.0017825311942959443,0.0,-0.10000000000000142,0.0,56.05,56.1,56.0,56.05,78.0,1.0,157.0,510.0,False,False
006208,2022-10-26 10:47:51.109832,-0.0017825311942959443,0.0,-0.10000000000000142,0.0,56.05,56.1,56.0,56.05,78.0,1.0,157.0,510.0,False,False
006208,2022-10-26 10:47:51.415719,-0.0017825311942959443,0.0,-0.10000000000000142,0.0,56.05,56.1,56.0,56.05,78.0,1.0,157.0,510.0,False,False
006208,2022-10-26 10:47:51.421100,-0.0017825311942959443,0.0,-0.10000000000000142,0.0,56.05,56.1,56.0,56.05,78.0,1.0,157.0,510.0,False,False
006208,2022-10-26 10:47:53.987648,-0.0017825311942959443,0.0,-0.10000000000000142,0.0,56.05,56.1,56.0,56.05,78.0,1.0,157.0,510.0,False,False
006208,2022-10-26 10:47:54.016631,-0.0017825311942959443,0.0,-0.10000000000000142,0.0,56.05,56.1,56.0,56.05,78.0,1.0,157.0,510.0,False,False
006208,2022-10-26 10:47:54.390704,-0.0017825311942959443,0.0,-0.10000000000000142,0.0,56.05,56.1,56.0,56.05,78.0,1.0,157.0,510.0,False,False
006208,2022-10-26 10:47:54.453586,-0.0017825311942959443,0.0,-0.10000000000000142,0.0,56.05,56.1,56.0,56.05,78.0,1.0,157.0,510.0,False,False
006208,2022-10-26 10:47:54.463354,-0.0017825311942959443,0.0,-0.10000000000000142,0.0,56.05,56.1,56.0,56.05,78.0,1.0,157.0,510.0,False,False
006208,2022-10-26 10:47:54.613969,-0.002671415850400649,0.0,-0.14999999999999858,0.0,56.05,56.15,56.0,56.05,78.0,102.0,157.0,510.0,False,False
006208,2022-10-26 10:47:54.649221,-0.002671415850400649,0.0,-0.14999999999999858,0.0,56.05,56.15,56.0,56.05,78.0,102.0,157.0,510.0,False,False
006208,2022-10-26 10:47:54.731542,-0.002671415850400649,0.0,-0.14999999999999858,0.0,56.05,56.15,56.0,56.05,78.0,102.0,157.0,510.0,False,False
006208,2022-10-26 10:47:54.869026,-0.002671415850400649,0.0,-0.14999999999999858,0.0,56.05,56.15,56.0,56.05,78.0,62.0,157.0,510.0,False,False
006208,2022-10-26 10:47:55.016465,-0.002671415850400649,0.0,-0.14999999999999858,0.0,56.05,56.15,56.0,56.05,178.0,62.0,157.0,510.0,False,False
006208,2022-10-26 10:47:55.131485,-0.002671415850400649,0.0,-0.14999999999999858,0.0,56.05,56.15,56.0,56.05,178.0,62.0,157.0,510.0,False,False
006208,2022-10-26 10:47:55.913569,-0.002671415850400649,0.0,-0.14999999999999858,0.0,56.05,56.15,56.0,56.05,179.0,62.0,157.0,510.0,False,False
006208,2022-10-26 10:47:56.478534,-0.002671415850400649,0.0,-0.14999999999999858,0.0,56.05,56.15,56.0,56.05,179.0,62.0,1157.0,510.0,True,True
006208,2022-10-26 10:47:56.763141,-0.002671415850400649,0.0,-0.14999999999999858,0.0,56.05,56.15,56.0,56.05,179.0,62.0,1157.0,510.0,False,False
006208,2022-10-26 10:47:56.763306,-0.002671415850400649,0.0,-0.14999999999999858,0.0,56.05,56.15,56.0,56.05,179.0,62.0,1157.0,510.0,False,False
006208,2022-10-26 10:47:56.963718,-0.002671415850400649,0.0,-0.14999999999999858,0.0,56.05,56.15,56.0,56.05,179.0,62.0,1157.0,510.0,False,False
006208,2022-10-26 10:47:57.007858,-0.002671415850400649,0.0,-0.14999999999999858,0.0,56.05,56.15,56.0,56.05,179.0,62.0,1157.0,510.0,False,False
006208,2022-10-26 10:47:57.206961,-0.002671415850400649,0.0,-0.14999999999999858,0.0,56.05,56.15,56.0,56.05,179.0,62.0,1157.0,510.0,False,False
006208,2022-10-26 10:47:57.213679,-0.002671415850400649,0.0,-0.14999999999999858,0.0,56.05,56.15,56.0,56.05,179.0,62.0,1157.0,510.0,False,False
006208,2022-10-26 10:47:57.450693,-0.002671415850400649,0.0,-0.14999999999999858,0.0,56.05,56.15,56.0,56.05,179.0,63.0,1157.0,510.0,False,False
006208,2022-10-26 10:47:57.516106,-0.002671415850400649,0.0,-0.14999999999999858,0.0,56.05,56.15,56.0,56.05,179.0,63.0,1157.0,510.0,False,False
006208,2022-10-26 10:48:00.172664,-0.002671415850400649,0.0,-0.14999999999999858,0.0,56.05,56.15,56.0,56.05,179.0,63.0,1157.0,510.0,False,False
006208,2022-10-26 10:48:00.172761,-0.002671415850400649,0.0,-0.14999999999999858,0.0,56.05,56.15,56.0,56.05,179.0,63.0,1157.0,510.0,False,False
006208,2022-10-26 10:48:00.355578,-0.002671415850400649,0.0,-0.14999999999999858,0.0,56.05,56.15,56.0,56.05,179.0,62.0,1157.0,510.0,False,False
006208,2022-10-26 10:48:01.101193,-0.002671415850400649,0.0,-0.14999999999999858,0.0,56.05,56.15,56.0,56.05,179.0,62.0,1157.0,510.0,False,False
006208,2022-10-26 10:48:01.101320,-0.002671415850400649,0.0,-0.14999999999999858,0.0,56.05,56.15,56.0,56.05,179.0,62.0,1157.0,510.0,False,False
006208,2022-10-26 10:48:01.185139,-0.002671415850400649,0.0,-0.14999999999999858,0.0,56.05,56.15,56.0,56.05,179.0,62.0,1157.0,510.0,False,False
006208,2022-10-26 10:48:01.409849,-0.002671415850400649,0.0,-0.14999999999999858,0.0,56.05,56.15,56.0,56.05,179.0,62.0,1157.0,510.0,False,False
006208,2022-10-26 10:48:01.410071,-0.002671415850400649,0.0,-0.14999999999999858,0.0,56.05,56.15,56.0,56.05,179.0,62.0,1157.0,510.0,False,False
006208,2022-10-26 10:48:01.710303,-0.002671415850400649,0.0,-0.14999999999999858,0.0,56.05,56.15,56.0,56.05,104.0,62.0,1157.0,510.0,False,False
006208,2022-10-26 10:48:01.734168,-0.002671415850400649,0.000892060660125038,-0.14999999999999858,0.05000000000000426,56.1,56.15,56.0,56.05,75.0,62.0,1157.0,510.0,False,False
006208,2022-10-26 10:48:01.821440,-0.002671415850400649,0.000892060660125038,-0.14999999999999858,0.05000000000000426,56.1,56.15,56.0,56.05,75.0,62.0,1157.0,510.0,False,False
006208,2022-10-26 10:48:02.000142,-0.002671415850400649,0.000892060660125038,-0.14999999999999858,0.05000000000000426,56.1,56.15,56.0,56.05,75.0,62.0,1157.0,510.0,False,False
006208,2022-10-26 10:48:02.056542,-0.002671415850400649,0.000892060660125038,-0.14999999999999858,0.05000000000000426,56.1,56.15,56.0,56.05,75.0,62.0,1157.0,510.0,False,False
006208,2022-10-26 10:48:02.116837,-0.002671415850400649,0.000892060660125038,-0.14999999999999858,0.05000000000000426,56.1,56.15,56.0,56.05,75.0,62.0,1157.0,510.0,False,False
006208,2022-10-26 10:48:02.989774,-0.002671415850400649,0.000892060660125038,-0.14999999999999858,0.05000000000000426,56.1,56.15,56.0,56.05,75.0,62.0,1157.0,510.0,False,False
006208,2022-10-26 10:48:02.992963,-0.002671415850400649,0.000892060660125038,-0.14999999999999858,0.05000000000000426,56.1,56.15,56.0,56.05,75.0,62.0,1157.0,510.0,False,False
006208,2022-10-26 10:48:03.250411,-0.002671415850400649,0.000892060660125038,-0.14999999999999858,0.05000000000000426,56.1,56.15,56.0,56.05,75.0,62.0,1157.0,510.0,False,False
006208,2022-10-26 10:48:03.269921,-0.002671415850400649,0.000892060660125038,-0.14999999999999858,0.05000000000000426,56.1,56.15,56.0,56.05,75.0,62.0,1157.0,510.0,False,False
006208,2022-10-26 10:48:04.561076,-0.002671415850400649,0.000892060660125038,-0.14999999999999858,0.05000000000000426,56.1,56.15,56.0,56.05,75.0,62.0,1157.0,510.0,False,False
006208,2022-10-26 10:48:04.561226,-0.002671415850400649,0.000892060660125038,-0.14999999999999858,0.05000000000000426,56.1,56.15,56.0,56.05,75.0,62.0,1157.0,510.0,False,False
006208,2022-10-26 10:48:05.410519,-0.002671415850400649,0.000892060660125038,-0.14999999999999858,0.05000000000000426,56.1,56.15,56.0,56.05,75.0,62.0,1157.0,510.0,False,False
006208,2022-10-26 10:48:05.413908,-0.002671415850400649,0.000892060660125038,-0.14999999999999858,0.05000000000000426,56.1,56.15,56.0,56.05,75.0,62.0,1157.0,510.0,False,False
006208,2022-10-26 10:48:05.971360,-0.002671415850400649,0.000892060660125038,-0.14999999999999858,0.05000000000000426,56.1,56.15,56.0,56.05,75.0,62.0,1157.0,510.0,False,False
006208,2022-10-26 10:48:05.971377,-0.002671415850400649,0.000892060660125038,-0.14999999999999858,0.05000000000000426,56.1,56.15,56.0,56.05,75.0,62.0,1157.0,510.0,False,False
006208,2022-10-26 10:48:06.509684,-0.002671415850400649,0.000892060660125038,-0.14999999999999858,0.05000000000000426,56.1,56.15,56.0,56.05,75.0,62.0,1207.0,510.0,True,True
006208,2022-10-26 10:48:06.595886,-0.002671415850400649,0.000892060660125038,-0.14999999999999858,0.05000000000000426,56.1,56.15,56.0,56.05,75.0,62.0,1207.0,510.0,False,False
006208,2022-10-26 10:48:06.595985,-0.002671415850400649,0.000892060660125038,-0.14999999999999858,0.05000000000000426,56.1,56.15,56.0,56.05,75.0,62.0,1207.0,510.0,False,False
006208,2022-10-26 10:48:07.728640,-0.002671415850400649,0.000892060660125038,-0.14999999999999858,0.05000000000000426,56.1,56.15,56.0,56.05,75.0,62.0,1207.0,510.0,False,False
006208,2022-10-26 10:48:07.763963,-0.002671415850400649,0.000892060660125038,-0.14999999999999858,0.05000000000000426,56.1,56.15,56.0,56.05,75.0,62.0,1207.0,510.0,False,False
006208,2022-10-26 10:48:08.456463,-0.002671415850400649,0.000892060660125038,-0.14999999999999858,0.05000000000000426,56.1,56.15,56.0,56.05,75.0,62.0,1207.0,510.0,False,False
006208,2022-10-26 10:48:09.230826,-0.002671415850400649,0.000892060660125038,-0.14999999999999858,0.05000000000000426,56.1,56.15,56.0,56.05,75.0,62.0,1207.0,510.0,False,False
006208,2022-10-26 10:48:09.240806,-0.002671415850400649,0.000892060660125038,-0.14999999999999858,0.05000000000000426,56.1,56.15,56.0,56.05,75.0,62.0,1207.0,510.0,False,False
006208,2022-10-26 10:48:09.628292,-0.002671415850400649,0.000892060660125038,-0.14999999999999858,0.05000000000000426,56.1,56.15,56.0,56.05,75.0,62.0,1207.0,510.0,False,False
006208,2022-10-26 10:48:09.628525,-0.002671415850400649,0.000892060660125038,-0.14999999999999858,0.05000000000000426,56.1,56.15,56.0,56.05,75.0,62.0,1207.0,510.0,False,False
006208,2022-10-26 10:48:09.928064,-0.002671415850400649,0.000892060660125038,-0.14999999999999858,0.05000000000000426,56.1,56.15,56.0,56.05,75.0,67.0,1207.0,510.0,False,False
006208,2022-10-26 10:48:11.059298,-0.002671415850400649,0.000892060660125038,-0.14999999999999858,0.05000000000000426,56.1,56.15,56.0,56.05,75.0,67.0,1207.0,510.0,False,False
006208,2022-10-26 10:48:11.059761,-0.002671415850400649,0.000892060660125038,-0.14999999999999858,0.05000000000000426,56.1,56.15,56.0,56.05,75.0,67.0,1207.0,510.0,False,False
006208,2022-10-26 10:48:11.976839,-0.002671415850400649,0.000892060660125038,-0.14999999999999858,0.05000000000000426,56.1,56.15,56.0,56.05,75.0,67.0,1207.0,510.0,False,False
006208,2022-10-26 10:48:11.999006,-0.002671415850400649,0.000892060660125038,-0.14999999999999858,0.05000000000000426,56.1,56.15,56.0,56.05,75.0,67.0,1207.0,510.0,False,False
006208,2022-10-26 10:48:12.122376,-0.002671415850400649,0.000892060660125038,-0.14999999999999858,0.05000000000000426,56.1,56.15,56.0,56.05,75.0,67.0,1207.0,510.0,False,False
006208,2022-10-26 10:48:12.182814,-0.002671415850400649,0.000892060660125038,-0.14999999999999858,0.05000000000000426,56.1,56.15,56.0,56.05,75.0,67.0,1207.0,510.0,False,False
006208,2022-10-26 10:48:12.321743,-0.002671415850400649,0.000892060660125038,-0.14999999999999858,0.05000000000000426,56.1,56.15,56.0,56.05,75.0,67.0,1207.0,510.0,False,False
006208,2022-10-26 10:48:12.438444,-0.002671415850400649,0.000892060660125038,-0.14999999999999858,0.05000000000000426,56.1,56.15,56.0,56.05,75.0,67.0,1207.0,510.0,False,False
006208,2022-10-26 10:48:15.280528,-0.002671415850400649,0.000892060660125038,-0.14999999999999858,0.05000000000000426,56.1,56.15,56.0,56.05,75.0,67.0,1207.0,510.0,False,False
006208,2022-10-26 10:48:15.378385,-0.002671415850400649,0.000892060660125038,-0.14999999999999858,0.05000000000000426,56.1,56.15,56.0,56.05,75.0,17.0,1207.0,510.0,False,False
006208,2022-10-26 10:48:15.467582,-0.002671415850400649,0.000892060660125038,-0.14999999999999858,0.05000000000000426,56.1,56.15,56.0,56.05,75.0,17.0,1207.0,510.0,False,False
006208,2022-10-26 10:48:16.642151,-0.002671415850400649,0.000892060660125038,-0.14999999999999858,0.05000000000000426,56.1,56.15,56.0,56.05,75.0,17.0,707.0,510.0,True,True
006208,2022-10-26 10:48:17.525096,-0.002671415850400649,0.000892060660125038,-0.14999999999999858,0.05000000000000426,56.1,56.15,56.0,56.05,75.0,17.0,707.0,510.0,False,False
006208,2022-10-26 10:48:17.546772,-0.002671415850400649,0.000892060660125038,-0.14999999999999858,0.05000000000000426,56.1,56.15,56.0,56.05,75.0,17.0,707.0,510.0,False,False
006208,2022-10-26 10:48:18.547158,-0.002671415850400649,0.000892060660125038,-0.14999999999999858,0.05000000000000426,56.1,56.15,56.0,56.05,75.0,17.0,707.0,510.0,False,False
006208,2022-10-26 10:48:18.618462,-0.002671415850400649,0.000892060660125038,-0.14999999999999858,0.05000000000000426,56.1,56.15,56.0,56.05,175.0,17.0,707.0,510.0,False,False
006208,2022-10-26 10:48:19.222917,-0.002671415850400649,0.000892060660125038,-0.14999999999999858,0.05000000000000426,56.1,56.15,56.0,56.05,175.0,17.0,707.0,510.0,False,False
006208,2022-10-26 10:48:19.244206,-0.002671415850400649,0.000892060660125038,-0.14999999999999858,0.05000000000000426,56.1,56.15,56.0,56.05,175.0,17.0,707.0,510.0,False,False
006208,2022-10-26 10:48:19.618998,-0.002671415850400649,0.000892060660125038,-0.14999999999999858,0.05000000000000426,56.1,56.15,56.0,56.05,175.0,17.0,707.0,510.0,False,False
006208,2022-10-26 10:48:19.619024,-0.002671415850400649,0.000892060660125038,-0.14999999999999858,0.05000000000000426,56.1,56.15,56.0,56.05,175.0,17.0,707.0,510.0,False,False
006208,2022-10-26 10:48:19.672077,-0.002671415850400649,0.000892060660125038,-0.14999999999999858,0.05000000000000426,56.1,56.15,56.0,56.05,175.0,17.0,707.0,510.0,False,False
006208,2022-10-26 10:48:20.330075,-0.002671415850400649,0.000892060660125038,-0.14999999999999858,0.05000000000000426,56.1,56.15,56.0,56.05,175.0,16.0,707.0,510.0,False,False
006208,2022-10-26 10:48:21.233575,-0.002671415850400649,0.000892060660125038,-0.14999999999999858,0.05000000000000426,56.1,56.15,56.0,56.05,175.0,16.0,707.0,510.0,False,False
006208,2022-10-26 10:48:21.254876,-0.002671415850400649,0.000892060660125038,-0.14999999999999858,0.05000000000000426,56.1,56.15,56.0,56.05,175.0,16.0,707.0,510.0,False,False
006208,2022-10-26 10:48:21.361208,-0.002671415850400649,0.000892060660125038,-0.14999999999999858,0.05000000000000426,56.1,56.15,56.0,56.05,175.0,16.0,707.0,510.0,False,False
006208,2022-10-26 10:48:21.654657,-0.002671415850400649,0.000892060660125038,-0.14999999999999858,0.05000000000000426,56.1,56.15,56.0,56.05,175.0,16.0,707.0,510.0,False,False
006208,2022-10-26 10:48:21.735068,-0.002671415850400649,0.000892060660125038,-0.14999999999999858,0.05000000000000426,56.1,56.15,56.0,56.05,75.0,16.0,707.0,510.0,False,False
006208,2022-10-26 10:48:21.959026,-0.002671415850400649,0.000892060660125038,-0.14999999999999858,0.05000000000000426,56.1,56.15,56.0,56.05,75.0,15.0,707.0,510.0,False,False
006208,2022-10-26 10:48:22.109458,-0.002671415850400649,0.000892060660125038,-0.14999999999999858,0.05000000000000426,56.1,56.15,56.0,56.05,75.0,15.0,707.0,510.0,False,False
006208,2022-10-26 10:48:22.122992,-0.002671415850400649,0.000892060660125038,-0.14999999999999858,0.05000000000000426,56.1,56.15,56.0,56.05,75.0,15.0,707.0,510.0,False,False
006208,2022-10-26 10:48:22.252123,-0.002671415850400649,0.000892060660125038,-0.14999999999999858,0.05000000000000426,56.1,56.15,56.0,56.05,75.0,15.0,707.0,510.0,False,False
006208,2022-10-26 10:48:22.694211,-0.002671415850400649,0.000892060660125038,-0.14999999999999858,0.05000000000000426,56.1,56.15,56.0,56.05,75.0,15.0,707.0,510.0,False,False
006208,2022-10-26 10:48:22.875532,-0.002671415850400649,0.000892060660125038,-0.14999999999999858,0.05000000000000426,56.1,56.15,56.0,56.05,75.0,15.0,707.0,510.0,False,False
006208,2022-10-26 10:48:22.880588,-0.002671415850400649,0.000892060660125038,-0.14999999999999858,0.05000000000000426,56.1,56.15,56.0,56.05,75.0,15.0,707.0,510.0,False,False
006208,2022-10-26 10:48:22.931834,-0.002671415850400649,0.000892060660125038,-0.14999999999999858,0.05000000000000426,56.1,56.15,56.0,56.05,75.0,15.0,707.0,510.0,False,False
006208,2022-10-26 10:48:23.118472,-0.002671415850400649,0.000892060660125038,-0.14999999999999858,0.05000000000000426,56.1,56.15,56.0,56.05,75.0,15.0,707.0,510.0,False,False
006208,2022-10-26 10:48:24.085449,-0.002671415850400649,0.000892060660125038,-0.14999999999999858,0.05000000000000426,56.1,56.15,56.0,56.05,75.0,11.0,707.0,510.0,False,False
006208,2022-10-26 10:48:24.709745,-0.002671415850400649,0.000892060660125038,-0.14999999999999858,0.05000000000000426,56.1,56.15,56.0,56.05,75.0,11.0,707.0,510.0,False,False
006208,2022-10-26 10:48:24.728057,-0.002671415850400649,0.000892060660125038,-0.14999999999999858,0.05000000000000426,56.1,56.15,56.0,56.05,75.0,11.0,707.0,510.0,False,False
006208,2022-10-26 10:48:26.672286,-0.002671415850400649,0.000892060660125038,-0.14999999999999858,0.05000000000000426,56.1,56.15,56.0,56.05,75.0,11.0,768.0,500.0,True,True
006208,2022-10-26 10:48:30.057159,-0.002671415850400649,0.000892060660125038,-0.14999999999999858,0.05000000000000426,56.1,56.15,56.0,56.05,75.0,11.0,768.0,500.0,False,False
006208,2022-10-26 10:48:30.325129,-0.002671415850400649,0.000892060660125038,-0.14999999999999858,0.05000000000000426,56.1,56.15,56.0,56.05,75.0,10.0,768.0,500.0,False,False
006208,2022-10-26 10:48:30.421158,-0.002671415850400649,0.000892060660125038,-0.14999999999999858,0.05000000000000426,56.1,56.15,56.0,56.05,75.0,10.0,768.0,500.0,False,False
006208,2022-10-26 10:48:30.447068,-0.002671415850400649,0.000892060660125038,-0.14999999999999858,0.05000000000000426,56.1,56.15,56.0,56.05,75.0,10.0,768.0,500.0,False,False
006208,2022-10-26 10:48:30.804365,-0.002671415850400649,0.000892060660125038,-0.14999999999999858,0.05000000000000426,56.1,56.15,56.0,56.05,75.0,10.0,768.0,500.0,False,False
006208,2022-10-26 10:48:30.863550,-0.002671415850400649,0.000892060660125038,-0.14999999999999858,0.05000000000000426,56.1,56.15,56.0,56.05,75.0,10.0,768.0,500.0,False,False
006208,2022-10-26 10:48:30.931494,-0.002671415850400649,0.000892060660125038,-0.14999999999999858,0.05000000000000426,56.1,56.15,56.0,56.05,75.0,10.0,768.0,500.0,False,False
006208,2022-10-26 10:48:31.446754,-0.002671415850400649,0.000892060660125038,-0.14999999999999858,0.05000000000000426,56.1,56.15,56.0,56.05,175.0,10.0,768.0,500.0,False,False
006208,2022-10-26 10:48:32.230890,-0.002671415850400649,0.000892060660125038,-0.14999999999999858,0.05000000000000426,56.1,56.15,56.0,56.05,175.0,10.0,768.0,500.0,False,False
006208,2022-10-26 10:48:32.235309,-0.002671415850400649,0.000892060660125038,-0.14999999999999858,0.05000000000000426,56.1,56.15,56.0,56.05,175.0,10.0,768.0,500.0,False,False
006208,2022-10-26 10:48:32.369255,-0.002671415850400649,0.000892060660125038,-0.14999999999999858,0.05000000000000426,56.1,56.15,56.0,56.05,75.0,10.0,768.0,500.0,False,False
006208,2022-10-26 10:48:32.785743,-0.002671415850400649,0.000892060660125038,-0.14999999999999858,0.05000000000000426,56.1,56.15,56.0,56.05,75.0,10.0,768.0,500.0,False,False
006208,2022-10-26 10:48:32.868202,-0.002671415850400649,0.000892060660125038,-0.14999999999999858,0.05000000000000426,56.1,56.15,56.0,56.05,76.0,10.0,768.0,500.0,False,False
006208,2022-10-26 10:48:33.268074,-0.002671415850400649,0.000892060660125038,-0.14999999999999858,0.05000000000000426,56.1,56.15,56.0,56.05,76.0,10.0,768.0,500.0,False,False
006208,2022-10-26 10:48:34.313635,-0.002671415850400649,0.000892060660125038,-0.14999999999999858,0.05000000000000426,56.1,56.15,56.0,56.05,76.0,10.0,768.0,500.0,False,False
006208,2022-10-26 10:48:34.373383,-0.002671415850400649,0.000892060660125038,-0.14999999999999858,0.05000000000000426,56.1,56.15,56.0,56.05,76.0,10.0,768.0,500.0,False,False
006208,2022-10-26 10:48:34.479459,-0.002671415850400649,0.000892060660125038,-0.14999999999999858,0.05000000000000426,56.1,56.15,56.0,56.05,76.0,10.0,768.0,500.0,False,False
006208,2022-10-26 10:48:35.242460,-0.002671415850400649,0.000892060660125038,-0.14999999999999858,0.05000000000000426,56.1,56.15,56.0,56.05,76.0,10.0,768.0,500.0,False,False
006208,2022-10-26 10:48:35.242657,-0.002671415850400649,0.000892060660125038,-0.14999999999999858,0.05000000000000426,56.1,56.15,56.0,56.05,76.0,10.0,768.0,500.0,False,False
006208,2022-10-26 10:48:35.461925,-0.002671415850400649,0.000892060660125038,-0.14999999999999858,0.05000000000000426,56.1,56.15,56.0,56.05,76.0,10.0,768.0,500.0,False,False
006208,2022-10-26 10:48:35.475305,-0.002671415850400649,0.000892060660125038,-0.14999999999999858,0.05000000000000426,56.1,56.15,56.0,56.05,76.0,10.0,768.0,500.0,False,False
006208,2022-10-26 10:48:36.700466,-0.002671415850400649,0.000892060660125038,-0.14999999999999858,0.05000000000000426,56.1,56.15,56.0,56.05,76.0,10.0,1418.0,500.0,True,True
006208,2022-10-26 10:48:39.052105,-0.002671415850400649,0.000892060660125038,-0.14999999999999858,0.05000000000000426,56.1,56.15,56.0,56.05,76.0,9.0,1418.0,500.0,False,False
006208,2022-10-26 10:48:39.073229,-0.002671415850400649,0.000892060660125038,-0.14999999999999858,0.05000000000000426,56.1,56.15,56.0,56.05,76.0,9.0,1418.0,500.0,False,False
006208,2022-10-26 10:48:40.073526,-0.002671415850400649,0.000892060660125038,-0.14999999999999858,0.05000000000000426,56.1,56.15,56.0,56.05,176.0,9.0,1418.0,500.0,False,False
006208,2022-10-26 10:48:40.134490,-0.002671415850400649,0.000892060660125038,-0.14999999999999858,0.05000000000000426,56.1,56.15,56.0,56.05,176.0,9.0,1418.0,500.0,False,False
006208,2022-10-26 10:48:40.145005,-0.002671415850400649,0.000892060660125038,-0.14999999999999858,0.05000000000000426,56.1,56.15,56.0,56.05,176.0,9.0,1418.0,500.0,False,False
006208,2022-10-26 10:48:40.335601,-0.002671415850400649,0.000892060660125038,-0.14999999999999858,0.05000000000000426,56.1,56.15,56.0,56.05,176.0,8.0,1418.0,500.0,False,False
006208,2022-10-26 10:48:41.434625,-0.002671415850400649,0.000892060660125038,-0.14999999999999858,0.05000000000000426,56.1,56.15,56.0,56.05,176.0,7.0,1418.0,500.0,False,False
006208,2022-10-26 10:48:42.347576,-0.002671415850400649,0.000892060660125038,-0.14999999999999858,0.05000000000000426,56.1,56.15,56.0,56.05,176.0,7.0,1418.0,500.0,False,False
006208,2022-10-26 10:48:42.365870,-0.002671415850400649,0.000892060660125038,-0.14999999999999858,0.05000000000000426,56.1,56.15,56.0,56.05,76.0,7.0,1418.0,500.0,False,False
006208,2022-10-26 10:48:42.485602,-0.002671415850400649,0.000892060660125038,-0.14999999999999858,0.05000000000000426,56.1,56.15,56.0,56.05,76.0,7.0,1418.0,500.0,False,False
006208,2022-10-26 10:48:43.365781,-0.002671415850400649,0.000892060660125038,-0.14999999999999858,0.05000000000000426,56.1,56.15,56.0,56.05,76.0,7.0,1418.0,500.0,False,False
006208,2022-10-26 10:48:44.473410,-0.002671415850400649,0.000892060660125038,-0.14999999999999858,0.05000000000000426,56.1,56.15,56.0,56.05,76.0,2.0,1418.0,500.0,False,False
006208,2022-10-26 10:48:44.523794,-0.002671415850400649,0.000892060660125038,-0.14999999999999858,0.05000000000000426,56.1,56.15,56.0,56.05,76.0,2.0,1418.0,500.0,False,False
006208,2022-10-26 10:48:44.544492,-0.002671415850400649,0.000892060660125038,-0.14999999999999858,0.05000000000000426,56.1,56.15,56.0,56.05,76.0,2.0,1418.0,500.0,False,False
006208,2022-10-26 10:48:44.895852,-0.002671415850400649,0.000892060660125038,-0.14999999999999858,0.05000000000000426,56.1,56.15,56.0,56.05,76.0,1.0,1418.0,500.0,False,False
006208,2022-10-26 10:48:46.739677,-0.002671415850400649,0.000892060660125038,-0.14999999999999858,0.05000000000000426,56.1,56.15,56.0,56.05,76.0,1.0,1872.0,336.0,True,True
006208,2022-10-26 10:48:49.921246,-0.002671415850400649,0.000892060660125038,-0.14999999999999858,0.05000000000000426,56.1,56.15,56.0,56.05,76.0,1.0,1872.0,336.0,False,False
006208,2022-10-26 10:48:50.330649,-0.003558718861210064,0.000892060660125038,-0.20000000000000284,0.05000000000000426,56.1,56.2,56.0,56.05,76.0,215.0,1872.0,336.0,False,False
006208,2022-10-26 10:48:50.357575,-0.003558718861210064,0.000892060660125038,-0.20000000000000284,0.05000000000000426,56.1,56.2,56.0,56.05,76.0,215.0,1872.0,336.0,False,False
006208,2022-10-26 10:48:50.373025,-0.003558718861210064,0.000892060660125038,-0.20000000000000284,0.05000000000000426,56.1,56.2,56.0,56.05,76.0,175.0,1872.0,336.0,False,False
006208,2022-10-26 10:48:50.466356,-0.003558718861210064,0.000892060660125038,-0.20000000000000284,0.05000000000000426,56.1,56.2,56.0,56.05,76.0,175.0,1872.0,336.0,False,False
006208,2022-10-26 10:48:50.572546,-0.003558718861210064,0.000892060660125038,-0.20000000000000284,0.05000000000000426,56.1,56.2,56.0,56.05,76.0,175.0,1872.0,336.0,False,False
006208,2022-10-26 10:48:50.976369,-0.003558718861210064,0.000892060660125038,-0.20000000000000284,0.05000000000000426,56.1,56.2,56.0,56.05,76.0,175.0,1872.0,336.0,False,False
006208,2022-10-26 10:48:50.988057,-0.003558718861210064,0.000892060660125038,-0.20000000000000284,0.05000000000000426,56.1,56.2,56.0,56.05,76.0,175.0,1872.0,336.0,False,False
006208,2022-10-26 10:48:51.082286,-0.003558718861210064,0.000892060660125038,-0.20000000000000284,0.05000000000000426,56.1,56.2,56.0,56.05,76.0,175.0,1872.0,336.0,False,False
006208,2022-10-26 10:48:54.263382,-0.003558718861210064,0.000892060660125038,-0.20000000000000284,0.05000000000000426,56.1,56.2,56.0,56.05,76.0,175.0,1872.0,336.0,False,False
006208,2022-10-26 10:48:54.263565,-0.003558718861210064,0.000892060660125038,-0.20000000000000284,0.05000000000000426,56.1,56.2,56.0,56.05,76.0,175.0,1872.0,336.0,False,False
006208,2022-10-26 10:48:54.669754,-0.003558718861210064,0.000892060660125038,-0.20000000000000284,0.05000000000000426,56.1,56.2,56.0,56.05,76.0,175.0,1872.0,336.0,False,False
006208,2022-10-26 10:48:54.946237,-0.003558718861210064,0.000892060660125038,-0.20000000000000284,0.05000000000000426,56.1,56.2,56.0,56.05,76.0,174.0,1872.0,336.0,False,False
006208,2022-10-26 10:48:55.709343,-0.003558718861210064,0.000892060660125038,-0.20000000000000284,0.05000000000000426,56.1,56.2,56.0,56.05,76.0,174.0,1872.0,336.0,False,False
006208,2022-10-26 10:48:55.709506,-0.003558718861210064,0.000892060660125038,-0.20000000000000284,0.05000000000000426,56.1,56.2,56.0,56.05,76.0,174.0,1872.0,336.0,False,False
006208,2022-10-26 10:48:56.777133,-0.003558718861210064,0.000892060660125038,-0.20000000000000284,0.05000000000000426,56.1,56.2,56.0,56.05,76.0,174.0,1646.0,500.0,True,True
006208,2022-10-26 10:49:00.310466,-0.003558718861210064,0.000892060660125038,-0.20000000000000284,0.05000000000000426,56.1,56.2,56.0,56.05,76.0,173.0,1646.0,500.0,False,False
006208,2022-10-26 10:49:00.490713,-0.003558718861210064,0.000892060660125038,-0.20000000000000284,0.05000000000000426,56.1,56.2,56.0,56.05,76.0,173.0,1646.0,500.0,False,False
006208,2022-10-26 10:49:00.495894,-0.003558718861210064,0.000892060660125038,-0.20000000000000284,0.05000000000000426,56.1,56.2,56.0,56.05,76.0,173.0,1646.0,500.0,False,False
006208,2022-10-26 10:49:00.635068,-0.003558718861210064,0.000892060660125038,-0.20000000000000284,0.05000000000000426,56.1,56.2,56.0,56.05,76.0,173.0,1646.0,500.0,False,False
006208,2022-10-26 10:49:04.534768,-0.003558718861210064,0.000892060660125038,-0.20000000000000284,0.05000000000000426,56.1,56.2,56.0,56.05,76.0,173.0,1646.0,500.0,False,False
006208,2022-10-26 10:49:04.551180,-0.003558718861210064,0.000892060660125038,-0.20000000000000284,0.05000000000000426,56.1,56.2,56.0,56.05,76.0,73.0,1646.0,500.0,False,False
006208,2022-10-26 10:49:05.551333,-0.003558718861210064,0.000892060660125038,-0.20000000000000284,0.05000000000000426,56.1,56.2,56.0,56.05,176.0,73.0,1646.0,500.0,False,False
006208,2022-10-26 10:49:05.605268,-0.003558718861210064,0.000892060660125038,-0.20000000000000284,0.05000000000000426,56.1,56.2,56.0,56.05,176.0,73.0,1646.0,500.0,False,False
006208,2022-10-26 10:49:06.205384,-0.003558718861210064,0.000892060660125038,-0.20000000000000284,0.05000000000000426,56.1,56.2,56.0,56.05,176.0,73.0,1324.0,500.0,False,True
006208,2022-10-26 10:49:09.286360,-0.003558718861210064,0.000892060660125038,-0.20000000000000284,0.05000000000000426,56.1,56.2,56.0,56.05,176.0,73.0,1324.0,500.0,False,False
006208,2022-10-26 10:49:09.317805,-0.003558718861210064,0.000892060660125038,-0.20000000000000284,0.05000000000000426,56.1,56.2,56.0,56.05,76.0,73.0,1324.0,500.0,False,False
006208,2022-10-26 10:49:10.012139,-0.003558718861210064,0.000892060660125038,-0.20000000000000284,0.05000000000000426,56.1,56.2,56.0,56.05,76.0,73.0,1324.0,500.0,False,False
006208,2022-10-26 10:49:10.017550,-0.003558718861210064,0.000892060660125038,-0.20000000000000284,0.05000000000000426,56.1,56.2,56.0,56.05,76.0,103.0,1324.0,500.0,False,False
006208,2022-10-26 10:49:10.318421,-0.003558718861210064,0.000892060660125038,-0.20000000000000284,0.05000000000000426,56.1,56.2,56.0,56.05,76.0,203.0,1324.0,500.0,False,False
006208,2022-10-26 10:49:10.352212,-0.003558718861210064,0.000892060660125038,-0.20000000000000284,0.05000000000000426,56.1,56.2,56.0,56.05,76.0,202.0,1324.0,500.0,False,False
006208,2022-10-26 10:49:10.424278,-0.003558718861210064,0.000892060660125038,-0.20000000000000284,0.05000000000000426,56.1,56.2,56.0,56.05,76.0,202.0,1324.0,500.0,False,False
006208,2022-10-26 10:49:10.430473,-0.003558718861210064,0.000892060660125038,-0.20000000000000284,0.05000000000000426,56.1,56.2,56.0,56.05,76.0,202.0,1324.0,500.0,False,False
006208,2022-10-26 10:49:10.611452,-0.003558718861210064,0.000892060660125038,-0.20000000000000284,0.05000000000000426,56.1,56.2,56.0,56.05,76.0,202.0,1324.0,500.0,False,False
006208,2022-10-26 10:49:10.744439,-0.003558718861210064,0.000892060660125038,-0.20000000000000284,0.05000000000000426,56.1,56.2,56.0,56.05,76.0,202.0,1324.0,500.0,False,False
006208,2022-10-26 10:49:10.771134,-0.003558718861210064,0.000892060660125038,-0.20000000000000284,0.05000000000000426,56.1,56.2,56.0,56.05,76.0,172.0,1324.0,500.0,False,False
006208,2022-10-26 10:49:10.939665,-0.003558718861210064,0.000892060660125038,-0.20000000000000284,0.05000000000000426,56.1,56.2,56.0,56.05,76.0,172.0,1324.0,500.0,False,False
006208,2022-10-26 10:49:11.015231,-0.003558718861210064,0.000892060660125038,-0.20000000000000284,0.05000000000000426,56.1,56.2,56.0,56.05,76.0,172.0,1324.0,500.0,False,False
006208,2022-10-26 10:49:11.375705,-0.003558718861210064,0.000892060660125038,-0.20000000000000284,0.05000000000000426,56.1,56.2,56.0,56.05,76.0,172.0,1324.0,500.0,False,False
006208,2022-10-26 10:49:11.380672,-0.003558718861210064,0.000892060660125038,-0.20000000000000284,0.05000000000000426,56.1,56.2,56.0,56.05,76.0,202.0,1324.0,500.0,False,False
006208,2022-10-26 10:49:11.903705,-0.003558718861210064,0.000892060660125038,-0.20000000000000284,0.05000000000000426,56.1,56.2,56.0,56.05,76.0,203.0,1324.0,500.0,False,False
006208,2022-10-26 10:49:11.954557,-0.003558718861210064,0.000892060660125038,-0.20000000000000284,0.05000000000000426,56.1,56.2,56.0,56.05,76.0,203.0,1324.0,500.0,False,False
006208,2022-10-26 10:49:12.024924,-0.003558718861210064,0.000892060660125038,-0.20000000000000284,0.05000000000000426,56.1,56.2,56.0,56.05,76.0,203.0,1324.0,500.0,False,False
006208,2022-10-26 10:49:12.872502,-0.003558718861210064,0.000892060660125038,-0.20000000000000284,0.05000000000000426,56.1,56.2,56.0,56.05,76.0,204.0,1324.0,500.0,False,False
006208,2022-10-26 10:49:13.827255,-0.003558718861210064,0.000892060660125038,-0.20000000000000284,0.05000000000000426,56.1,56.2,56.0,56.05,77.0,204.0,1324.0,500.0,False,False
006208,2022-10-26 10:49:16.178099,-0.003558718861210064,0.000892060660125038,-0.20000000000000284,0.05000000000000426,56.1,56.2,56.0,56.05,77.0,174.0,1324.0,500.0,False,False
006208,2022-10-26 10:49:16.240557,-0.003558718861210064,0.000892060660125038,-0.20000000000000284,0.05000000000000426,56.1,56.2,56.0,56.05,77.0,174.0,1414.0,150.0,True,True
006208,2022-10-26 10:49:16.248221,-0.003558718861210064,0.000892060660125038,-0.20000000000000284,0.05000000000000426,56.1,56.2,56.0,56.05,77.0,174.0,1414.0,150.0,False,False
006208,2022-10-26 10:49:16.253908,-0.003558718861210064,0.000892060660125038,-0.20000000000000284,0.05000000000000426,56.1,56.2,56.0,56.05,77.0,174.0,1414.0,150.0,False,False
006208,2022-10-26 10:49:20.727663,-0.003558718861210064,0.000892060660125038,-0.20000000000000284,0.05000000000000426,56.1,56.2,56.0,56.05,77.0,174.0,1414.0,150.0,False,False
006208,2022-10-26 10:49:20.737019,-0.003558718861210064,0.000892060660125038,-0.20000000000000284,0.05000000000000426,56.1,56.2,56.0,56.05,77.0,204.0,1414.0,150.0,False,False
006208,2022-10-26 10:49:20.963433,-0.003558718861210064,0.000892060660125038,-0.20000000000000284,0.05000000000000426,56.1,56.2,56.0,56.05,77.0,204.0,1414.0,150.0,False,False
006208,2022-10-26 10:49:21.053303,-0.003558718861210064,0.000892060660125038,-0.20000000000000284,0.05000000000000426,56.1,56.2,56.0,56.05,77.0,204.0,1414.0,150.0,False,False
006208,2022-10-26 10:49:23.470436,-0.003558718861210064,0.000892060660125038,-0.20000000000000284,0.05000000000000426,56.1,56.2,56.0,56.05,77.0,174.0,1414.0,150.0,False,False
006208,2022-10-26 10:49:23.476052,-0.003558718861210064,0.000892060660125038,-0.20000000000000284,0.05000000000000426,56.1,56.2,56.0,56.05,77.0,174.0,1414.0,150.0,False,False
006208,2022-10-26 10:49:23.555230,-0.003558718861210064,0.000892060660125038,-0.20000000000000284,0.05000000000000426,56.1,56.2,56.0,56.05,77.0,174.0,1414.0,150.0,False,False
006208,2022-10-26 10:49:23.687210,-0.003558718861210064,0.000892060660125038,-0.20000000000000284,0.05000000000000426,56.1,56.2,56.0,56.05,77.0,174.0,1414.0,150.0,False,False
006208,2022-10-26 10:49:23.807456,-0.003558718861210064,0.000892060660125038,-0.20000000000000284,0.05000000000000426,56.1,56.2,56.0,56.05,77.0,249.0,1414.0,150.0,False,False
006208,2022-10-26 10:49:23.968769,-0.003558718861210064,0.000892060660125038,-0.20000000000000284,0.05000000000000426,56.1,56.2,56.0,56.05,77.0,249.0,1414.0,150.0,False,False
006208,2022-10-26 10:49:24.618598,-0.003558718861210064,0.000892060660125038,-0.20000000000000284,0.05000000000000426,56.1,56.2,56.0,56.05,77.0,249.0,1414.0,150.0,False,False
006208,2022-10-26 10:49:24.798462,-0.003558718861210064,0.000892060660125038,-0.20000000000000284,0.05000000000000426,56.1,56.2,56.0,56.05,77.0,249.0,1414.0,150.0,False,False
006208,2022-10-26 10:49:24.851990,-0.003558718861210064,0.000892060660125038,-0.20000000000000284,0.05000000000000426,56.1,56.2,56.0,56.05,77.0,249.0,1414.0,150.0,False,False
006208,2022-10-26 10:49:26.265543,-0.002669039145907548,0.0,-0.15000000000000568,0.0,56.1,56.2,56.05,56.1,77.0,249.0,350.0,1039.0,True,True
006208,2022-10-26 10:49:28.230867,-0.002669039145907548,0.0,-0.15000000000000568,0.0,56.1,56.2,56.05,56.1,77.0,249.0,350.0,1039.0,False,False
006208,2022-10-26 10:49:28.921557,-0.002669039145907548,0.0,-0.15000000000000568,0.0,56.1,56.2,56.05,56.1,77.0,248.0,350.0,1039.0,False,False
006208,2022-10-26 10:49:29.337254,-0.002669039145907548,0.0,-0.15000000000000568,0.0,56.1,56.2,56.05,56.1,77.0,248.0,350.0,1039.0,False,False
006208,2022-10-26 10:49:29.349412,-0.002669039145907548,0.0,-0.15000000000000568,0.0,56.1,56.2,56.05,56.1,77.0,248.0,350.0,1039.0,False,False
006208,2022-10-26 10:49:29.631688,-0.002669039145907548,0.0,-0.15000000000000568,0.0,56.1,56.2,56.05,56.1,77.0,173.0,350.0,1039.0,False,False
006208,2022-10-26 10:49:29.706215,-0.002669039145907548,0.0,-0.15000000000000568,0.0,56.1,56.2,56.05,56.1,77.0,173.0,350.0,1039.0,False,False
006208,2022-10-26 10:49:29.821635,-0.002669039145907548,0.0,-0.15000000000000568,0.0,56.1,56.2,56.05,56.1,77.0,173.0,350.0,1039.0,False,False
006208,2022-10-26 10:49:30.311078,-0.002669039145907548,0.0,-0.15000000000000568,0.0,56.1,56.2,56.05,56.1,77.0,172.0,350.0,1039.0,False,False
006208,2022-10-26 10:49:30.845533,-0.002669039145907548,0.0,-0.15000000000000568,0.0,56.1,56.2,56.05,56.1,77.0,172.0,350.0,1039.0,False,False
006208,2022-10-26 10:49:30.848180,-0.002669039145907548,0.0,-0.15000000000000568,0.0,56.1,56.2,56.05,56.1,77.0,172.0,350.0,1039.0,False,False
006208,2022-10-26 10:49:30.974147,-0.002669039145907548,0.0,-0.15000000000000568,0.0,56.1,56.2,56.05,56.1,77.0,172.0,350.0,1039.0,False,False
006208,2022-10-26 10:49:30.982233,-0.002669039145907548,0.0,-0.15000000000000568,0.0,56.1,56.2,56.05,56.1,77.0,172.0,350.0,1039.0,False,False
006208,2022-10-26 10:49:32.697768,-0.002669039145907548,0.0,-0.15000000000000568,0.0,56.1,56.2,56.05,56.1,77.0,172.0,350.0,1039.0,False,False
006208,2022-10-26 10:49:32.698065,-0.002669039145907548,0.0,-0.15000000000000568,0.0,56.1,56.2,56.05,56.1,77.0,172.0,350.0,1039.0,False,False
006208,2022-10-26 10:49:34.424621,-0.002669039145907548,0.0,-0.15000000000000568,0.0,56.1,56.2,56.05,56.1,77.0,172.0,350.0,1039.0,False,False
006208,2022-10-26 10:49:34.433476,-0.002669039145907548,0.0,-0.15000000000000568,0.0,56.1,56.2,56.05,56.1,77.0,172.0,350.0,1039.0,False,False
006208,2022-10-26 10:49:34.682795,-0.002669039145907548,0.0,-0.15000000000000568,0.0,56.1,56.2,56.05,56.1,77.0,172.0,350.0,1039.0,False,False
006208,2022-10-26 10:49:34.682828,-0.002669039145907548,0.0,-0.15000000000000568,0.0,56.1,56.2,56.05,56.1,77.0,172.0,350.0,1039.0,False,False
006208,2022-10-26 10:49:35.165180,-0.002669039145907548,0.0,-0.15000000000000568,0.0,56.1,56.2,56.05,56.1,77.0,172.0,350.0,1039.0,False,False
006208,2022-10-26 10:49:35.965894,-0.002669039145907548,0.0,-0.15000000000000568,0.0,56.1,56.2,56.05,56.1,77.0,172.0,350.0,1039.0,False,False
006208,2022-10-26 10:49:35.966287,-0.002669039145907548,0.0,-0.15000000000000568,0.0,56.1,56.2,56.05,56.1,77.0,172.0,350.0,1039.0,False,False
006208,2022-10-26 10:49:36.293617,-0.003558718861210064,0.000892060660125038,-0.20000000000000284,0.05000000000000426,56.1,56.2,56.0,56.05,77.0,172.0,1226.0,150.0,True,True
006208,2022-10-26 10:49:36.771974,-0.003558718861210064,0.000892060660125038,-0.20000000000000284,0.05000000000000426,56.1,56.2,56.0,56.05,78.0,172.0,1226.0,150.0,False,False
006208,2022-10-26 10:49:40.277365,-0.003558718861210064,0.000892060660125038,-0.20000000000000284,0.05000000000000426,56.1,56.2,56.0,56.05,78.0,171.0,1226.0,150.0,False,False
006208,2022-10-26 10:49:40.963503,-0.003558718861210064,0.000892060660125038,-0.20000000000000284,0.05000000000000426,56.1,56.2,56.0,56.05,78.0,171.0,1226.0,150.0,False,False
006208,2022-10-26 10:49:40.966470,-0.003558718861210064,0.000892060660125038,-0.20000000000000284,0.05000000000000426,56.1,56.2,56.0,56.05,78.0,171.0,1226.0,150.0,False,False
006208,2022-10-26 10:49:41.098389,-0.003558718861210064,0.000892060660125038,-0.20000000000000284,0.05000000000000426,56.1,56.2,56.0,56.05,78.0,171.0,1226.0,150.0,False,False
006208,2022-10-26 10:49:42.334609,-0.003558718861210064,0.000892060660125038,-0.20000000000000284,0.05000000000000426,56.1,56.2,56.0,56.05,78.0,171.0,1226.0,150.0,False,False
006208,2022-10-26 10:49:42.334658,-0.003558718861210064,0.000892060660125038,-0.20000000000000284,0.05000000000000426,56.1,56.2,56.0,56.05,78.0,171.0,1226.0,150.0,False,False
006208,2022-10-26 10:49:43.121161,-0.003558718861210064,0.000892060660125038,-0.20000000000000284,0.05000000000000426,56.1,56.2,56.0,56.05,78.0,171.0,1226.0,150.0,False,False
006208,2022-10-26 10:49:43.127101,-0.003558718861210064,0.000892060660125038,-0.20000000000000284,0.05000000000000426,56.1,56.2,56.0,56.05,78.0,201.0,1226.0,150.0,False,False
006208,2022-10-26 10:49:43.838122,-0.003558718861210064,0.000892060660125038,-0.20000000000000284,0.05000000000000426,56.1,56.2,56.0,56.05,78.0,171.0,1226.0,150.0,False,False
006208,2022-10-26 10:49:43.843257,-0.003558718861210064,0.000892060660125038,-0.20000000000000284,0.05000000000000426,56.1,56.2,56.0,56.05,78.0,171.0,1226.0,150.0,False,False
006208,2022-10-26 10:49:43.976497,-0.003558718861210064,0.000892060660125038,-0.20000000000000284,0.05000000000000426,56.1,56.2,56.0,56.05,78.0,171.0,1226.0,150.0,False,False
006208,2022-10-26 10:49:44.012914,-0.003558718861210064,0.000892060660125038,-0.20000000000000284,0.05000000000000426,56.1,56.2,56.0,56.05,78.0,171.0,1226.0,150.0,False,False
006208,2022-10-26 10:49:45.744619,-0.003558718861210064,0.000892060660125038,-0.20000000000000284,0.05000000000000426,56.1,56.2,56.0,56.05,78.0,171.0,1226.0,150.0,False,False
006208,2022-10-26 10:49:45.813694,-0.003558718861210064,0.000892060660125038,-0.20000000000000284,0.05000000000000426,56.1,56.2,56.0,56.05,78.0,171.0,1226.0,150.0,False,False
006208,2022-10-26 10:49:45.925790,-0.003558718861210064,0.000892060660125038,-0.20000000000000284,0.05000000000000426,56.1,56.2,56.0,56.05,78.0,171.0,1226.0,150.0,False,False
006208,2022-10-26 10:49:46.323755,-0.002669039145907548,0.0,-0.15000000000000568,0.0,56.1,56.2,56.05,56.1,78.0,171.0,90.0,1039.0,True,True
006208,2022-10-26 10:49:48.677205,-0.002669039145907548,0.0,-0.15000000000000568,0.0,56.1,56.2,56.05,56.1,78.0,171.0,90.0,1039.0,False,False
006208,2022-10-26 10:49:48.683267,-0.002669039145907548,0.0,-0.15000000000000568,0.0,56.1,56.2,56.05,56.1,78.0,201.0,90.0,1039.0,False,False
006208,2022-10-26 10:49:48.794339,-0.002669039145907548,0.0,-0.15000000000000568,0.0,56.1,56.2,56.05,56.1,78.0,171.0,90.0,1039.0,False,False
006208,2022-10-26 10:49:48.917114,-0.002669039145907548,0.0,-0.15000000000000568,0.0,56.1,56.2,56.05,56.1,78.0,171.0,90.0,1039.0,False,False
006208,2022-10-26 10:49:49.059642,-0.002669039145907548,0.0,-0.15000000000000568,0.0,56.1,56.2,56.05,56.1,78.0,171.0,90.0,1039.0,False,False
006208,2022-10-26 10:49:49.522481,-0.002669039145907548,0.0,-0.15000000000000568,0.0,56.1,56.2,56.05,56.1,78.0,169.0,90.0,1039.0,False,False
006208,2022-10-26 10:49:50.270526,-0.002669039145907548,0.0,-0.15000000000000568,0.0,56.1,56.2,56.05,56.1,78.0,168.0,90.0,1039.0,False,False
006208,2022-10-26 10:49:51.083562,-0.002669039145907548,0.0,-0.15000000000000568,0.0,56.1,56.2,56.05,56.1,78.0,168.0,90.0,1039.0,False,False
006208,2022-10-26 10:49:51.085771,-0.002669039145907548,0.0,-0.15000000000000568,0.0,56.1,56.2,56.05,56.1,78.0,168.0,90.0,1039.0,False,False
006208,2022-10-26 10:49:51.209541,-0.002669039145907548,0.0,-0.15000000000000568,0.0,56.1,56.2,56.05,56.1,78.0,68.0,90.0,1039.0,False,False
006208,2022-10-26 10:49:51.221641,-0.002669039145907548,0.0,-0.15000000000000568,0.0,56.1,56.2,56.05,56.1,78.0,68.0,90.0,1039.0,False,False
006208,2022-10-26 10:49:52.112743,-0.002669039145907548,0.0,-0.15000000000000568,0.0,56.1,56.2,56.05,56.1,178.0,68.0,90.0,1039.0,False,False
006208,2022-10-26 10:49:52.211306,-0.002669039145907548,0.0,-0.15000000000000568,0.0,56.1,56.2,56.05,56.1,218.0,68.0,90.0,1039.0,False,False
006208,2022-10-26 10:49:52.281205,-0.002669039145907548,0.0,-0.15000000000000568,0.0,56.1,56.2,56.05,56.1,218.0,68.0,90.0,1039.0,False,False
006208,2022-10-26 10:49:52.385623,-0.002669039145907548,0.0,-0.15000000000000568,0.0,56.1,56.2,56.05,56.1,218.0,18.0,90.0,1039.0,False,False
006208,2022-10-26 10:49:53.354344,-0.002669039145907548,0.0,-0.15000000000000568,0.0,56.1,56.2,56.05,56.1,218.0,18.0,90.0,1039.0,False,False
006208,2022-10-26 10:49:53.354468,-0.002669039145907548,0.0,-0.15000000000000568,0.0,56.1,56.2,56.05,56.1,218.0,18.0,90.0,1039.0,False,False
006208,2022-10-26 10:49:54.083472,-0.002669039145907548,0.0,-0.15000000000000568,0.0,56.1,56.2,56.05,56.1,218.0,18.0,90.0,1039.0,False,False
006208,2022-10-26 10:49:54.160800,-0.002669039145907548,0.0,-0.15000000000000568,0.0,56.1,56.2,56.05,56.1,218.0,18.0,90.0,1039.0,False,False
006208,2022-10-26 10:49:54.529708,-0.002669039145907548,0.0,-0.15000000000000568,0.0,56.1,56.2,56.05,56.1,218.0,18.0,90.0,1039.0,False,False
006208,2022-10-26 10:49:54.547210,-0.002669039145907548,0.0,-0.15000000000000568,0.0,56.1,56.2,56.05,56.1,218.0,18.0,90.0,1039.0,False,False
006208,2022-10-26 10:49:55.960933,-0.002669039145907548,0.0,-0.15000000000000568,0.0,56.1,56.2,56.05,56.1,218.0,18.0,90.0,1039.0,False,False
006208,2022-10-26 10:49:55.983173,-0.002669039145907548,0.0,-0.15000000000000568,0.0,56.1,56.2,56.05,56.1,218.0,18.0,90.0,1039.0,False,False
006208,2022-10-26 10:49:56.089699,-0.002669039145907548,0.0,-0.15000000000000568,0.0,56.1,56.2,56.05,56.1,218.0,18.0,90.0,1039.0,False,False
006208,2022-10-26 10:49:56.225623,-0.002669039145907548,0.0,-0.15000000000000568,0.0,56.1,56.2,56.05,56.1,218.0,17.0,90.0,1039.0,False,False
006208,2022-10-26 10:49:56.399473,-0.002669039145907548,0.0,-0.15000000000000568,0.0,56.1,56.2,56.05,56.1,218.0,17.0,320.0,1039.0,True,True
006208,2022-10-26 10:50:00.382039,-0.002669039145907548,0.0,-0.15000000000000568,0.0,56.1,56.2,56.05,56.1,218.0,16.0,320.0,1039.0,False,False
006208,2022-10-26 10:50:01.273805,-0.002669039145907548,0.0,-0.15000000000000568,0.0,56.1,56.2,56.05,56.1,218.0,16.0,320.0,1039.0,False,False
006208,2022-10-26 10:50:01.275322,-0.002669039145907548,0.0,-0.15000000000000568,0.0,56.1,56.2,56.05,56.1,218.0,16.0,320.0,1039.0,False,False
006208,2022-10-26 10:50:01.283262,-0.002669039145907548,0.0,-0.15000000000000568,0.0,56.1,56.2,56.05,56.1,218.0,16.0,320.0,1039.0,False,False
006208,2022-10-26 10:50:01.420061,-0.002669039145907548,0.0,-0.15000000000000568,0.0,56.1,56.2,56.05,56.1,218.0,16.0,320.0,1039.0,False,False
006208,2022-10-26 10:50:01.627955,-0.002669039145907548,0.0,-0.15000000000000568,0.0,56.1,56.2,56.05,56.1,218.0,15.0,320.0,1039.0,False,False
006208,2022-10-26 10:50:02.004823,-0.002669039145907548,0.0,-0.15000000000000568,0.0,56.1,56.2,56.05,56.1,218.0,14.0,320.0,1039.0,False,False
006208,2022-10-26 10:50:04.258005,-0.002669039145907548,0.0008912655971478056,-0.15000000000000568,0.04999999999999716,56.15,56.2,56.05,56.1,1.0,14.0,320.0,1039.0,False,False
006208,2022-10-26 10:50:04.288313,-0.002669039145907548,0.0008912655971478056,-0.15000000000000568,0.04999999999999716,56.15,56.2,56.05,56.1,1.0,14.0,320.0,1039.0,False,False
006208,2022-10-26 10:50:04.424478,-0.002669039145907548,0.0008912655971478056,-0.15000000000000568,0.04999999999999716,56.15,56.2,56.05,56.1,1.0,14.0,320.0,1039.0,False,False
006208,2022-10-26 10:50:04.576353,-0.002669039145907548,0.0008912655971478056,-0.15000000000000568,0.04999999999999716,56.15,56.2,56.05,56.1,1.0,14.0,320.0,1039.0,False,False
006208,2022-10-26 10:50:04.961657,-0.002669039145907548,0.0008912655971478056,-0.15000000000000568,0.04999999999999716,56.15,56.2,56.05,56.1,1.0,14.0,320.0,1039.0,False,False
006208,2022-10-26 10:50:05.050167,-0.002669039145907548,0.0008912655971478056,-0.15000000000000568,0.04999999999999716,56.15,56.2,56.05,56.1,1.0,14.0,320.0,1039.0,False,False
006208,2022-10-26 10:50:05.529426,-0.002669039145907548,0.0008912655971478056,-0.15000000000000568,0.04999999999999716,56.15,56.2,56.05,56.1,1.0,14.0,320.0,1039.0,False,False
006208,2022-10-26 10:50:05.529604,-0.002669039145907548,0.0008912655971478056,-0.15000000000000568,0.04999999999999716,56.15,56.2,56.05,56.1,1.0,14.0,320.0,1039.0,False,False
006208,2022-10-26 10:50:05.646111,-0.002669039145907548,0.0008912655971478056,-0.15000000000000568,0.04999999999999716,56.15,56.2,56.05,56.1,1.0,14.0,320.0,1039.0,False,False
006208,2022-10-26 10:50:06.492070,-0.002669039145907548,0.0008912655971478056,-0.15000000000000568,0.04999999999999716,56.15,56.2,56.05,56.1,1.0,14.0,645.0,1039.0,True,True
006208,2022-10-26 10:50:06.729300,-0.002669039145907548,0.0008912655971478056,-0.15000000000000568,0.04999999999999716,56.15,56.2,56.05,56.1,1.0,14.0,645.0,1039.0,False,False
006208,2022-10-26 10:50:06.750908,-0.002669039145907548,0.0008912655971478056,-0.15000000000000568,0.04999999999999716,56.15,56.2,56.05,56.1,1.0,14.0,645.0,1039.0,False,False
006208,2022-10-26 10:50:06.931503,-0.002669039145907548,0.0008912655971478056,-0.15000000000000568,0.04999999999999716,56.15,56.2,56.05,56.1,1.0,14.0,645.0,1039.0,False,False
006208,2022-10-26 10:50:07.098665,-0.002669039145907548,0.0008912655971478056,-0.15000000000000568,0.04999999999999716,56.15,56.2,56.05,56.1,1.0,14.0,645.0,1039.0,False,False
006208,2022-10-26 10:50:07.613881,-0.002669039145907548,0.0008912655971478056,-0.15000000000000568,0.04999999999999716,56.15,56.2,56.05,56.1,1.0,14.0,645.0,1039.0,False,False
006208,2022-10-26 10:50:07.613926,-0.002669039145907548,0.0008912655971478056,-0.15000000000000568,0.04999999999999716,56.15,56.2,56.05,56.1,1.0,14.0,645.0,1039.0,False,False
006208,2022-10-26 10:50:08.071675,-0.002669039145907548,0.0008912655971478056,-0.15000000000000568,0.04999999999999716,56.15,56.2,56.05,56.1,1.0,14.0,645.0,1039.0,False,False
006208,2022-10-26 10:50:08.182614,-0.002669039145907548,0.0008912655971478056,-0.15000000000000568,0.04999999999999716,56.15,56.2,56.05,56.1,1.0,14.0,645.0,1039.0,False,False
006208,2022-10-26 10:50:08.278655,-0.002669039145907548,0.0008912655971478056,-0.15000000000000568,0.04999999999999716,56.15,56.2,56.05,56.1,1.0,14.0,645.0,1039.0,False,False
006208,2022-10-26 10:50:08.432682,-0.002669039145907548,0.0008912655971478056,-0.15000000000000568,0.04999999999999716,56.15,56.2,56.05,56.1,1.0,14.0,645.0,1039.0,False,False
006208,2022-10-26 10:50:09.107674,-0.002669039145907548,0.0008912655971478056,-0.15000000000000568,0.04999999999999716,56.15,56.2,56.05,56.1,1.0,114.0,645.0,1039.0,False,False
006208,2022-10-26 10:50:09.172473,-0.002669039145907548,0.0008912655971478056,-0.15000000000000568,0.04999999999999716,56.15,56.2,56.05,56.1,1.0,114.0,645.0,1039.0,False,False
006208,2022-10-26 10:50:09.207026,-0.002669039145907548,0.0008912655971478056,-0.15000000000000568,0.04999999999999716,56.15,56.2,56.05,56.1,1.0,114.0,645.0,1039.0,False,False
006208,2022-10-26 10:50:10.397376,-0.002669039145907548,0.0008912655971478056,-0.15000000000000568,0.04999999999999716,56.15,56.2,56.05,56.1,1.0,113.0,645.0,1039.0,False,False
006208,2022-10-26 10:50:11.848813,-0.002669039145907548,0.0008912655971478056,-0.15000000000000568,0.04999999999999716,56.15,56.2,56.05,56.1,1.0,113.0,645.0,1039.0,False,False
006208,2022-10-26 10:50:11.880667,-0.002669039145907548,0.0008912655971478056,-0.15000000000000568,0.04999999999999716,56.15,56.2,56.05,56.1,1.0,13.0,645.0,1039.0,False,False
006208,2022-10-26 10:50:12.103374,-0.002669039145907548,0.0008912655971478056,-0.15000000000000568,0.04999999999999716,56.15,56.2,56.05,56.1,1.0,13.0,645.0,1039.0,False,False
006208,2022-10-26 10:50:12.135219,-0.002669039145907548,0.0008912655971478056,-0.15000000000000568,0.04999999999999716,56.15,56.2,56.05,56.1,1.0,13.0,645.0,1039.0,False,False
006208,2022-10-26 10:50:12.730003,-0.002669039145907548,0.0008912655971478056,-0.15000000000000568,0.04999999999999716,56.15,56.2,56.05,56.1,1.0,13.0,645.0,1039.0,False,False
006208,2022-10-26 10:50:12.884725,-0.002669039145907548,0.0008912655971478056,-0.15000000000000568,0.04999999999999716,56.15,56.2,56.05,56.1,1.0,13.0,645.0,1039.0,False,False
006208,2022-10-26 10:50:12.940345,-0.002669039145907548,0.0008912655971478056,-0.15000000000000568,0.04999999999999716,56.15,56.2,56.05,56.1,1.0,13.0,645.0,1039.0,False,False
006208,2022-10-26 10:50:14.607015,-0.002669039145907548,0.0008912655971478056,-0.15000000000000568,0.04999999999999716,56.15,56.2,56.05,56.1,1.0,13.0,645.0,1039.0,False,False
006208,2022-10-26 10:50:14.610523,-0.002669039145907548,0.0008912655971478056,-0.15000000000000568,0.04999999999999716,56.15,56.2,56.05,56.1,1.0,13.0,645.0,1039.0,False,False
006208,2022-10-26 10:50:14.743526,-0.002669039145907548,0.0008912655971478056,-0.15000000000000568,0.04999999999999716,56.15,56.2,56.05,56.1,1.0,13.0,645.0,1039.0,False,False
006208,2022-10-26 10:50:14.934975,-0.002669039145907548,0.0008912655971478056,-0.15000000000000568,0.04999999999999716,56.15,56.2,56.05,56.1,1.0,14.0,645.0,1039.0,False,False
006208,2022-10-26 10:50:15.202081,-0.002669039145907548,0.0008912655971478056,-0.15000000000000568,0.04999999999999716,56.15,56.2,56.05,56.1,5.0,14.0,645.0,1039.0,False,False
006208,2022-10-26 10:50:17.452333,-0.002669039145907548,0.0008912655971478056,-0.15000000000000568,0.04999999999999716,56.15,56.2,56.05,56.1,5.0,14.0,645.0,1039.0,False,False
006208,2022-10-26 10:50:17.460803,-0.002669039145907548,0.0008912655971478056,-0.15000000000000568,0.04999999999999716,56.15,56.2,56.05,56.1,5.0,14.0,645.0,1039.0,False,False
006208,2022-10-26 10:50:17.521460,-0.002669039145907548,0.0008912655971478056,-0.15000000000000568,0.04999999999999716,56.15,56.2,56.05,56.1,5.0,14.0,645.0,1039.0,False,False
006208,2022-10-26 10:50:18.182084,-0.002669039145907548,0.0008912655971478056,-0.15000000000000568,0.04999999999999716,56.15,56.2,56.05,56.1,5.0,14.0,645.0,1039.0,False,False
006208,2022-10-26 10:50:18.190266,-0.002669039145907548,0.0008912655971478056,-0.15000000000000568,0.04999999999999716,56.15,56.2,56.05,56.1,5.0,14.0,645.0,1039.0,False,False
006208,2022-10-26 10:50:19.108645,-0.002669039145907548,0.0008912655971478056,-0.15000000000000568,0.04999999999999716,56.15,56.2,56.05,56.1,5.0,15.0,645.0,1039.0,False,False
006208,2022-10-26 10:50:20.402381,-0.002669039145907548,0.0008912655971478056,-0.15000000000000568,0.04999999999999716,56.15,56.2,56.05,56.1,5.0,16.0,645.0,1039.0,False,False
006208,2022-10-26 10:50:21.546086,-0.002669039145907548,0.0008912655971478056,-0.15000000000000568,0.04999999999999716,56.15,56.2,56.05,56.1,5.0,16.0,645.0,1039.0,False,False
006208,2022-10-26 10:50:21.549604,-0.002669039145907548,0.0008912655971478056,-0.15000000000000568,0.04999999999999716,56.15,56.2,56.05,56.1,5.0,16.0,645.0,1039.0,False,False
006208,2022-10-26 10:50:22.425930,-0.002669039145907548,0.0008912655971478056,-0.15000000000000568,0.04999999999999716,56.15,56.2,56.05,56.1,6.0,16.0,645.0,1039.0,False,False
006208,2022-10-26 10:50:24.331905,-0.002669039145907548,0.0008912655971478056,-0.15000000000000568,0.04999999999999716,56.15,56.2,56.05,56.1,6.0,16.0,645.0,1039.0,False,False
006208,2022-10-26 10:50:24.751698,-0.002669039145907548,0.0008912655971478056,-0.15000000000000568,0.04999999999999716,56.15,56.2,56.05,56.1,6.0,16.0,645.0,1039.0,False,False
006208,2022-10-26 10:50:24.760445,-0.002669039145907548,0.0008912655971478056,-0.15000000000000568,0.04999999999999716,56.15,56.2,56.05,56.1,6.0,16.0,645.0,1039.0,False,False
006208,2022-10-26 10:50:24.942338,-0.002669039145907548,0.0008912655971478056,-0.15000000000000568,0.04999999999999716,56.15,56.2,56.05,56.1,6.0,66.0,645.0,1039.0,False,False
006208,2022-10-26 10:50:26.615599,-0.002669039145907548,0.0008912655971478056,-0.15000000000000568,0.04999999999999716,56.15,56.2,56.05,56.1,6.0,66.0,700.0,834.0,True,True
006208,2022-10-26 10:50:28.221207,-0.002669039145907548,0.0008912655971478056,-0.15000000000000568,0.04999999999999716,56.15,56.2,56.05,56.1,6.0,66.0,700.0,834.0,False,False
006208,2022-10-26 10:50:28.235454,-0.002669039145907548,0.0008912655971478056,-0.15000000000000568,0.04999999999999716,56.15,56.2,56.05,56.1,6.0,66.0,700.0,834.0,False,False
006208,2022-10-26 10:50:28.295982,-0.002669039145907548,0.0008912655971478056,-0.15000000000000568,0.04999999999999716,56.15,56.2,56.05,56.1,6.0,66.0,700.0,834.0,False,False
006208,2022-10-26 10:50:28.587562,-0.002669039145907548,0.0008912655971478056,-0.15000000000000568,0.04999999999999716,56.15,56.2,56.05,56.1,6.0,66.0,700.0,834.0,False,False
006208,2022-10-26 10:50:28.595245,-0.002669039145907548,0.0008912655971478056,-0.15000000000000568,0.04999999999999716,56.15,56.2,56.05,56.1,6.0,66.0,700.0,834.0,False,False
006208,2022-10-26 10:50:29.237398,-0.002669039145907548,0.0008912655971478056,-0.15000000000000568,0.04999999999999716,56.15,56.2,56.05,56.1,6.0,166.0,700.0,834.0,False,False
006208,2022-10-26 10:50:30.424880,-0.002669039145907548,0.0008912655971478056,-0.15000000000000568,0.04999999999999716,56.15,56.2,56.05,56.1,6.0,165.0,700.0,834.0,False,False
006208,2022-10-26 10:50:30.801396,-0.002669039145907548,0.0008912655971478056,-0.15000000000000568,0.04999999999999716,56.15,56.2,56.05,56.1,7.0,165.0,700.0,834.0,False,False
006208,2022-10-26 10:50:34.020470,-0.002669039145907548,0.0008912655971478056,-0.15000000000000568,0.04999999999999716,56.15,56.2,56.05,56.1,7.0,165.0,700.0,834.0,False,False
006208,2022-10-26 10:50:34.046052,-0.002669039145907548,0.0008912655971478056,-0.15000000000000568,0.04999999999999716,56.15,56.2,56.05,56.1,7.0,65.0,700.0,834.0,False,False
006208,2022-10-26 10:50:34.253516,-0.002669039145907548,0.0008912655971478056,-0.15000000000000568,0.04999999999999716,56.15,56.2,56.05,56.1,7.0,65.0,700.0,834.0,False,False
006208,2022-10-26 10:50:34.889697,-0.002669039145907548,0.0008912655971478056,-0.15000000000000568,0.04999999999999716,56.15,56.2,56.05,56.1,7.0,65.0,700.0,834.0,False,False
006208,2022-10-26 10:50:34.890945,-0.002669039145907548,0.0008912655971478056,-0.15000000000000568,0.04999999999999716,56.15,56.2,56.05,56.1,7.0,65.0,700.0,834.0,False,False
006208,2022-10-26 10:50:34.893689,-0.002669039145907548,0.0008912655971478056,-0.15000000000000568,0.04999999999999716,56.15,56.2,56.05,56.1,7.0,65.0,700.0,834.0,False,False
006208,2022-10-26 10:50:35.047213,-0.002669039145907548,0.0008912655971478056,-0.15000000000000568,0.04999999999999716,56.15,56.2,56.05,56.1,7.0,65.0,700.0,834.0,False,False
006208,2022-10-26 10:50:35.188383,-0.002669039145907548,0.0008912655971478056,-0.15000000000000568,0.04999999999999716,56.15,56.2,56.05,56.1,7.0,65.0,700.0,834.0,False,False
006208,2022-10-26 10:50:35.614557,-0.002669039145907548,0.0008912655971478056,-0.15000000000000568,0.04999999999999716,56.15,56.2,56.05,56.1,7.0,65.0,700.0,834.0,False,False
006208,2022-10-26 10:50:35.614709,-0.002669039145907548,0.0008912655971478056,-0.15000000000000568,0.04999999999999716,56.15,56.2,56.05,56.1,7.0,65.0,700.0,834.0,False,False
006208,2022-10-26 10:50:36.661590,-0.002669039145907548,0.0008912655971478056,-0.15000000000000568,0.04999999999999716,56.15,56.2,56.05,56.1,7.0,65.0,700.0,234.0,True,True
006208,2022-10-26 10:50:37.875312,-0.002669039145907548,0.0008912655971478056,-0.15000000000000568,0.04999999999999716,56.15,56.2,56.05,56.1,7.0,65.0,700.0,234.0,False,False
006208,2022-10-26 10:50:38.982926,-0.002669039145907548,0.0008912655971478056,-0.15000000000000568,0.04999999999999716,56.15,56.2,56.05,56.1,7.0,65.0,700.0,234.0,False,False
006208,2022-10-26 10:50:39.002433,-0.002669039145907548,0.0008912655971478056,-0.15000000000000568,0.04999999999999716,56.15,56.2,56.05,56.1,7.0,65.0,700.0,234.0,False,False
006208,2022-10-26 10:50:39.014017,-0.002669039145907548,0.0008912655971478056,-0.15000000000000568,0.04999999999999716,56.15,56.2,56.05,56.1,7.0,65.0,700.0,234.0,False,False
006208,2022-10-26 10:50:40.451187,-0.002669039145907548,0.0008912655971478056,-0.15000000000000568,0.04999999999999716,56.15,56.2,56.05,56.1,7.0,64.0,700.0,234.0,False,False
006208,2022-10-26 10:50:41.080837,-0.002669039145907548,0.0008912655971478056,-0.15000000000000568,0.04999999999999716,56.15,56.2,56.05,56.1,7.0,64.0,700.0,234.0,False,False
006208,2022-10-26 10:50:41.081197,-0.002669039145907548,0.0008912655971478056,-0.15000000000000568,0.04999999999999716,56.15,56.2,56.05,56.1,7.0,64.0,700.0,234.0,False,False
006208,2022-10-26 10:50:43.850225,-0.002669039145907548,0.0008912655971478056,-0.15000000000000568,0.04999999999999716,56.15,56.2,56.05,56.1,7.0,64.0,700.0,234.0,False,False
006208,2022-10-26 10:50:43.850493,-0.002669039145907548,0.0008912655971478056,-0.15000000000000568,0.04999999999999716,56.15,56.2,56.05,56.1,7.0,64.0,700.0,234.0,False,False
006208,2022-10-26 10:50:44.094760,-0.002669039145907548,0.0008912655971478056,-0.15000000000000568,0.04999999999999716,56.15,56.2,56.05,56.1,7.0,63.0,700.0,234.0,False,False
006208,2022-10-26 10:50:44.343822,-0.002669039145907548,0.0008912655971478056,-0.15000000000000568,0.04999999999999716,56.15,56.2,56.05,56.1,7.0,63.0,700.0,234.0,False,False
006208,2022-10-26 10:50:44.356619,-0.002669039145907548,0.0008912655971478056,-0.15000000000000568,0.04999999999999716,56.15,56.2,56.05,56.1,7.0,63.0,700.0,234.0,False,False
006208,2022-10-26 10:50:44.586765,-0.002669039145907548,0.0008912655971478056,-0.15000000000000568,0.04999999999999716,56.15,56.2,56.05,56.1,7.0,63.0,700.0,234.0,False,False
006208,2022-10-26 10:50:44.595493,-0.002669039145907548,0.0008912655971478056,-0.15000000000000568,0.04999999999999716,56.15,56.2,56.05,56.1,7.0,63.0,700.0,234.0,False,False
006208,2022-10-26 10:50:45.016159,-0.002669039145907548,0.0008912655971478056,-0.15000000000000568,0.04999999999999716,56.15,56.2,56.05,56.1,7.0,63.0,700.0,234.0,False,False
006208,2022-10-26 10:50:45.024456,-0.002669039145907548,0.0008912655971478056,-0.15000000000000568,0.04999999999999716,56.15,56.2,56.05,56.1,7.0,63.0,700.0,234.0,False,False
006208,2022-10-26 10:50:45.171728,-0.002669039145907548,0.0008912655971478056,-0.15000000000000568,0.04999999999999716,56.15,56.2,56.05,56.1,7.0,63.0,700.0,234.0,False,False
006208,2022-10-26 10:50:46.397035,-0.002669039145907548,0.0008912655971478056,-0.15000000000000568,0.04999999999999716,56.15,56.2,56.05,56.1,7.0,63.0,700.0,234.0,False,False
006208,2022-10-26 10:50:46.417252,-0.002669039145907548,0.0008912655971478056,-0.15000000000000568,0.04999999999999716,56.15,56.2,56.05,56.1,7.0,63.0,700.0,234.0,False,False
006208,2022-10-26 10:50:46.640261,-0.002669039145907548,0.0008912655971478056,-0.15000000000000568,0.04999999999999716,56.15,56.2,56.05,56.1,7.0,63.0,700.0,234.0,False,False
006208,2022-10-26 10:50:46.706941,-0.002669039145907548,0.0008912655971478056,-0.15000000000000568,0.04999999999999716,56.15,56.2,56.05,56.1,7.0,63.0,700.0,234.0,True,True
006208,2022-10-26 10:50:46.677916,-0.002669039145907548,0.0008912655971478056,-0.15000000000000568,0.04999999999999716,56.15,56.2,56.05,56.1,7.0,63.0,700.0,234.0,False,False
006208,2022-10-26 10:50:47.419183,-0.002669039145907548,0.0008912655971478056,-0.15000000000000568,0.04999999999999716,56.15,56.2,56.05,56.1,7.0,63.0,700.0,234.0,False,False
006208,2022-10-26 10:50:47.501842,-0.002669039145907548,0.0008912655971478056,-0.15000000000000568,0.04999999999999716,56.15,56.2,56.05,56.1,7.0,13.0,700.0,234.0,False,False
006208,2022-10-26 10:50:47.543649,-0.002669039145907548,0.0008912655971478056,-0.15000000000000568,0.04999999999999716,56.15,56.2,56.05,56.1,7.0,13.0,700.0,234.0,False,False
006208,2022-10-26 10:50:47.782138,-0.002669039145907548,0.0008912655971478056,-0.15000000000000568,0.04999999999999716,56.15,56.2,56.05,56.1,7.0,13.0,700.0,234.0,False,False
006208,2022-10-26 10:50:47.825518,-0.002669039145907548,0.0008912655971478056,-0.15000000000000568,0.04999999999999716,56.15,56.2,56.05,56.1,7.0,13.0,700.0,234.0,False,False
006208,2022-10-26 10:50:48.008281,-0.002669039145907548,0.0008912655971478056,-0.15000000000000568,0.04999999999999716,56.15,56.2,56.05,56.1,7.0,13.0,700.0,234.0,False,False
006208,2022-10-26 10:50:48.013179,-0.002669039145907548,0.0008912655971478056,-0.15000000000000568,0.04999999999999716,56.15,56.2,56.05,56.1,7.0,13.0,700.0,234.0,False,False
006208,2022-10-26 10:50:49.750918,-0.002669039145907548,0.0008912655971478056,-0.15000000000000568,0.04999999999999716,56.15,56.2,56.05,56.1,7.0,13.0,700.0,234.0,False,False
006208,2022-10-26 10:50:49.775683,-0.002669039145907548,0.0008912655971478056,-0.15000000000000568,0.04999999999999716,56.15,56.2,56.05,56.1,7.0,13.0,700.0,234.0,False,False
006208,2022-10-26 10:50:50.459688,-0.002669039145907548,0.0008912655971478056,-0.15000000000000568,0.04999999999999716,56.15,56.2,56.05,56.1,7.0,12.0,700.0,234.0,False,False
006208,2022-10-26 10:50:50.630124,-0.002669039145907548,0.0008912655971478056,-0.15000000000000568,0.04999999999999716,56.15,56.2,56.05,56.1,84.0,12.0,700.0,234.0,False,False
006208,2022-10-26 10:50:55.151195,-0.002669039145907548,0.0008912655971478056,-0.15000000000000568,0.04999999999999716,56.15,56.2,56.05,56.1,84.0,12.0,700.0,234.0,False,False
006208,2022-10-26 10:50:55.166769,-0.002669039145907548,0.0008912655971478056,-0.15000000000000568,0.04999999999999716,56.15,56.2,56.05,56.1,84.0,12.0,700.0,234.0,False,False
006208,2022-10-26 10:50:55.293789,-0.002669039145907548,0.0008912655971478056,-0.15000000000000568,0.04999999999999716,56.15,56.2,56.05,56.1,84.0,12.0,700.0,234.0,False,False
006208,2022-10-26 10:50:55.806410,-0.002669039145907548,0.0008912655971478056,-0.15000000000000568,0.04999999999999716,56.15,56.2,56.05,56.1,84.0,12.0,700.0,234.0,False,False
006208,2022-10-26 10:50:56.767716,-0.002669039145907548,0.0008912655971478056,-0.15000000000000568,0.04999999999999716,56.15,56.2,56.05,56.1,84.0,12.0,1200.0,34.0,True,True
006208,2022-10-26 10:50:57.150326,-0.002669039145907548,0.0008912655971478056,-0.15000000000000568,0.04999999999999716,56.15,56.2,56.05,56.1,84.0,12.0,1200.0,34.0,False,False
006208,2022-10-26 10:50:57.150583,-0.002669039145907548,0.0008912655971478056,-0.15000000000000568,0.04999999999999716,56.15,56.2,56.05,56.1,84.0,12.0,1200.0,34.0,False,False
006208,2022-10-26 10:50:57.166597,-0.002669039145907548,0.0008912655971478056,-0.15000000000000568,0.04999999999999716,56.15,56.2,56.05,56.1,84.0,12.0,1200.0,34.0,False,False
006208,2022-10-26 10:50:57.553386,-0.002669039145907548,0.0008912655971478056,-0.15000000000000568,0.04999999999999716,56.15,56.2,56.05,56.1,84.0,12.0,1200.0,34.0,False,False
006208,2022-10-26 10:50:57.553553,-0.002669039145907548,0.0008912655971478056,-0.15000000000000568,0.04999999999999716,56.15,56.2,56.05,56.1,159.0,12.0,1200.0,34.0,False,False
006208,2022-10-26 10:50:58.080854,-0.002669039145907548,0.0008912655971478056,-0.15000000000000568,0.04999999999999716,56.15,56.2,56.05,56.1,159.0,12.0,1200.0,34.0,False,False
006208,2022-10-26 10:50:58.081107,-0.002669039145907548,0.0008912655971478056,-0.15000000000000568,0.04999999999999716,56.15,56.2,56.05,56.1,159.0,12.0,1200.0,34.0,False,False
006208,2022-10-26 10:50:58.742058,-0.002669039145907548,0.0008912655971478056,-0.15000000000000568,0.04999999999999716,56.15,56.2,56.05,56.1,159.0,12.0,1200.0,34.0,False,False
006208,2022-10-26 10:50:58.747187,-0.002669039145907548,0.0008912655971478056,-0.15000000000000568,0.04999999999999716,56.15,56.2,56.05,56.1,159.0,12.0,1200.0,34.0,False,False
006208,2022-10-26 10:50:59.846889,-0.002669039145907548,0.0008912655971478056,-0.15000000000000568,0.04999999999999716,56.15,56.2,56.05,56.1,159.0,12.0,1200.0,34.0,False,False
006208,2022-10-26 10:50:59.876425,-0.002669039145907548,0.0008912655971478056,-0.15000000000000568,0.04999999999999716,56.15,56.2,56.05,56.1,159.0,12.0,1200.0,34.0,False,False
006208,2022-10-26 10:51:00.481861,-0.002669039145907548,0.0008912655971478056,-0.15000000000000568,0.04999999999999716,56.15,56.2,56.05,56.1,159.0,11.0,1200.0,34.0,False,False
006208,2022-10-26 10:51:00.554614,-0.002669039145907548,0.0008912655971478056,-0.15000000000000568,0.04999999999999716,56.15,56.2,56.05,56.1,159.0,11.0,1200.0,34.0,False,False
006208,2022-10-26 10:51:00.591768,-0.002669039145907548,0.0008912655971478056,-0.15000000000000568,0.04999999999999716,56.15,56.2,56.05,56.1,159.0,11.0,1200.0,34.0,False,False
006208,2022-10-26 10:51:00.877810,-0.002669039145907548,0.0008912655971478056,-0.15000000000000568,0.04999999999999716,56.15,56.2,56.05,56.1,159.0,11.0,1200.0,34.0,False,False
006208,2022-10-26 10:51:00.877836,-0.002669039145907548,0.0008912655971478056,-0.15000000000000568,0.04999999999999716,56.15,56.2,56.05,56.1,259.0,11.0,1200.0,34.0,False,False
006208,2022-10-26 10:51:00.962088,-0.002669039145907548,0.0008912655971478056,-0.15000000000000568,0.04999999999999716,56.15,56.2,56.05,56.1,259.0,11.0,1200.0,34.0,False,False
006208,2022-10-26 10:51:01.064707,-0.002669039145907548,0.0008912655971478056,-0.15000000000000568,0.04999999999999716,56.15,56.2,56.05,56.1,259.0,11.0,1200.0,34.0,False,False
006208,2022-10-26 10:51:01.784586,-0.002669039145907548,0.0008912655971478056,-0.15000000000000568,0.04999999999999716,56.15,56.2,56.05,56.1,259.0,11.0,1200.0,34.0,False,False
006208,2022-10-26 10:51:01.785111,-0.002669039145907548,0.0008912655971478056,-0.15000000000000568,0.04999999999999716,56.15,56.2,56.05,56.1,259.0,11.0,1200.0,34.0,False,False
006208,2022-10-26 10:51:03.928096,-0.002669039145907548,0.0008912655971478056,-0.15000000000000568,0.04999999999999716,56.15,56.2,56.05,56.1,259.0,12.0,1200.0,34.0,False,False
006208,2022-10-26 10:51:04.670073,-0.002669039145907548,0.0008912655971478056,-0.15000000000000568,0.04999999999999716,56.15,56.2,56.05,56.1,259.0,12.0,1200.0,34.0,False,False
006208,2022-10-26 10:51:04.670101,-0.002669039145907548,0.0008912655971478056,-0.15000000000000568,0.04999999999999716,56.15,56.2,56.05,56.1,259.0,12.0,1200.0,34.0,False,False
006208,2022-10-26 10:51:05.275707,-0.002669039145907548,0.0008912655971478056,-0.15000000000000568,0.04999999999999716,56.15,56.2,56.05,56.1,259.0,12.0,1200.0,34.0,False,False
006208,2022-10-26 10:51:05.286521,-0.002669039145907548,0.0008912655971478056,-0.15000000000000568,0.04999999999999716,56.15,56.2,56.05,56.1,259.0,12.0,1200.0,34.0,False,False
006208,2022-10-26 10:51:05.415468,-0.002669039145907548,0.0008912655971478056,-0.15000000000000568,0.04999999999999716,56.15,56.2,56.05,56.1,259.0,12.0,1200.0,34.0,False,False
006208,2022-10-26 10:51:05.424575,-0.002669039145907548,0.0008912655971478056,-0.15000000000000568,0.04999999999999716,56.15,56.2,56.05,56.1,259.0,12.0,1200.0,34.0,False,False
006208,2022-10-26 10:51:06.670357,-0.002669039145907548,0.0008912655971478056,-0.15000000000000568,0.04999999999999716,56.15,56.2,56.05,56.1,259.0,12.0,1200.0,34.0,False,False
006208,2022-10-26 10:51:06.775732,-0.002669039145907548,0.0008912655971478056,-0.15000000000000568,0.04999999999999716,56.15,56.2,56.05,56.1,159.0,12.0,1200.0,34.0,False,False
006208,2022-10-26 10:51:06.809470,-0.001779359430605032,0.0,-0.10000000000000142,0.0,56.15,56.2,56.1,56.15,159.0,12.0,155.0,804.0,True,True
006208,2022-10-26 10:51:06.847338,-0.001779359430605032,0.0,-0.10000000000000142,0.0,56.15,56.2,56.1,56.15,159.0,12.0,155.0,804.0,False,False
006208,2022-10-26 10:51:07.703941,-0.001779359430605032,0.0,-0.10000000000000142,0.0,56.15,56.2,56.1,56.15,159.0,12.0,155.0,804.0,False,False
006208,2022-10-26 10:51:08.707081,-0.001779359430605032,0.0,-0.10000000000000142,0.0,56.15,56.2,56.1,56.15,159.0,12.0,155.0,804.0,False,False
006208,2022-10-26 10:51:08.776151,-0.001779359430605032,0.0,-0.10000000000000142,0.0,56.15,56.2,56.1,56.15,159.0,12.0,155.0,804.0,False,False
006208,2022-10-26 10:51:08.842729,-0.001779359430605032,0.0,-0.10000000000000142,0.0,56.15,56.2,56.1,56.15,159.0,12.0,155.0,804.0,False,False
006208,2022-10-26 10:51:09.748405,-0.001779359430605032,0.0,-0.10000000000000142,0.0,56.15,56.2,56.1,56.15,259.0,12.0,155.0,804.0,False,False
006208,2022-10-26 10:51:09.807540,-0.001779359430605032,0.0,-0.10000000000000142,0.0,56.15,56.2,56.1,56.15,259.0,12.0,155.0,804.0,False,False
006208,2022-10-26 10:51:09.867734,-0.001779359430605032,0.0,-0.10000000000000142,0.0,56.15,56.2,56.1,56.15,259.0,12.0,155.0,804.0,False,False
006208,2022-10-26 10:51:09.939749,-0.001779359430605032,0.0,-0.10000000000000142,0.0,56.15,56.2,56.1,56.15,259.0,12.0,155.0,804.0,False,False
006208,2022-10-26 10:51:10.381803,-0.001779359430605032,0.0,-0.10000000000000142,0.0,56.15,56.2,56.1,56.15,259.0,12.0,155.0,804.0,False,False
006208,2022-10-26 10:51:10.402235,-0.001779359430605032,0.0,-0.10000000000000142,0.0,56.15,56.2,56.1,56.15,259.0,12.0,155.0,804.0,False,False
006208,2022-10-26 10:51:10.457839,-0.001779359430605032,0.0,-0.10000000000000142,0.0,56.15,56.2,56.1,56.15,259.0,11.0,155.0,804.0,False,False
006208,2022-10-26 10:51:10.456670,-0.001779359430605032,0.0,-0.10000000000000142,0.0,56.15,56.2,56.1,56.15,259.0,12.0,155.0,804.0,False,False
006208,2022-10-26 10:51:11.003391,-0.001779359430605032,0.0,-0.10000000000000142,0.0,56.15,56.2,56.1,56.15,259.0,11.0,155.0,804.0,False,False
006208,2022-10-26 10:51:11.215320,-0.001779359430605032,0.0,-0.10000000000000142,0.0,56.15,56.2,56.1,56.15,259.0,11.0,155.0,804.0,False,False
006208,2022-10-26 10:51:11.238135,-0.001779359430605032,0.0,-0.10000000000000142,0.0,56.15,56.2,56.1,56.15,259.0,11.0,155.0,804.0,False,False
006208,2022-10-26 10:51:11.887845,-0.001779359430605032,0.0,-0.10000000000000142,0.0,56.15,56.2,56.1,56.15,259.0,11.0,155.0,804.0,False,False
006208,2022-10-26 10:51:11.888112,-0.001779359430605032,0.0,-0.10000000000000142,0.0,56.15,56.2,56.1,56.15,259.0,11.0,155.0,804.0,False,False
006208,2022-10-26 10:51:13.078334,-0.001779359430605032,0.0,-0.10000000000000142,0.0,56.15,56.2,56.1,56.15,259.0,11.0,155.0,804.0,False,False
006208,2022-10-26 10:51:13.101905,-0.001779359430605032,0.0,-0.10000000000000142,0.0,56.15,56.2,56.1,56.15,259.0,11.0,155.0,804.0,False,False
006208,2022-10-26 10:51:13.209781,-0.001779359430605032,0.0,-0.10000000000000142,0.0,56.15,56.2,56.1,56.15,259.0,6.0,155.0,804.0,False,False
006208,2022-10-26 10:51:13.892206,-0.001779359430605032,0.0,-0.10000000000000142,0.0,56.15,56.2,56.1,56.15,259.0,6.0,155.0,804.0,False,False
006208,2022-10-26 10:51:13.892583,-0.001779359430605032,0.0,-0.10000000000000142,0.0,56.15,56.2,56.1,56.15,259.0,6.0,155.0,804.0,False,False
006208,2022-10-26 10:51:14.028377,-0.001779359430605032,0.0,-0.10000000000000142,0.0,56.15,56.2,56.1,56.15,159.0,6.0,155.0,804.0,False,False
006208,2022-10-26 10:51:14.069521,-0.001779359430605032,0.0,-0.10000000000000142,0.0,56.15,56.2,56.1,56.15,159.0,6.0,155.0,804.0,False,False
006208,2022-10-26 10:51:14.934849,-0.001779359430605032,0.0,-0.10000000000000142,0.0,56.15,56.2,56.1,56.15,159.0,6.0,155.0,804.0,False,False
006208,2022-10-26 10:51:15.410098,-0.001779359430605032,0.0,-0.10000000000000142,0.0,56.15,56.2,56.1,56.15,159.0,6.0,155.0,804.0,False,False
006208,2022-10-26 10:51:15.413381,-0.001779359430605032,0.0,-0.10000000000000142,0.0,56.15,56.2,56.1,56.15,159.0,6.0,155.0,804.0,False,False
006208,2022-10-26 10:51:15.541976,-0.001779359430605032,0.0,-0.10000000000000142,0.0,56.15,56.2,56.1,56.15,159.0,6.0,155.0,804.0,False,False
006208,2022-10-26 10:51:15.545315,-0.001779359430605032,0.0,-0.10000000000000142,0.0,56.15,56.2,56.1,56.15,159.0,6.0,155.0,804.0,False,False
006208,2022-10-26 10:51:16.024104,-0.001779359430605032,0.0,-0.10000000000000142,0.0,56.15,56.2,56.1,56.15,159.0,6.0,155.0,804.0,False,False
006208,2022-10-26 10:51:16.024266,-0.001779359430605032,0.0,-0.10000000000000142,0.0,56.15,56.2,56.1,56.15,159.0,6.0,155.0,804.0,False,False
006208,2022-10-26 10:51:16.849726,-0.001779359430605032,0.0,-0.10000000000000142,0.0,56.15,56.2,56.1,56.15,159.0,6.0,355.0,405.0,True,True
006208,2022-10-26 10:51:17.160710,-0.001779359430605032,0.0,-0.10000000000000142,0.0,56.15,56.2,56.1,56.15,159.0,6.0,355.0,405.0,False,False
006208,2022-10-26 10:51:17.166648,-0.001779359430605032,0.0,-0.10000000000000142,0.0,56.15,56.2,56.1,56.15,159.0,6.0,355.0,405.0,False,False
006208,2022-10-26 10:51:17.185939,-0.001779359430605032,0.0,-0.10000000000000142,0.0,56.15,56.2,56.1,56.15,159.0,6.0,355.0,405.0,False,False
006208,2022-10-26 10:51:18.104277,-0.001779359430605032,0.0,-0.10000000000000142,0.0,56.15,56.2,56.1,56.15,159.0,5.0,355.0,405.0,False,False
006208,2022-10-26 10:51:18.169391,-0.001779359430605032,0.0,-0.10000000000000142,0.0,56.15,56.2,56.1,56.15,159.0,5.0,355.0,405.0,False,False
006208,2022-10-26 10:51:18.169537,-0.001779359430605032,0.0,-0.10000000000000142,0.0,56.15,56.2,56.1,56.15,159.0,5.0,355.0,405.0,False,False
006208,2022-10-26 10:51:18.248040,-0.001779359430605032,0.0,-0.10000000000000142,0.0,56.15,56.2,56.1,56.15,259.0,5.0,355.0,405.0,False,False
006208,2022-10-26 10:51:18.356843,-0.001779359430605032,0.0,-0.10000000000000142,0.0,56.15,56.2,56.1,56.15,259.0,5.0,355.0,405.0,False,False
006208,2022-10-26 10:51:20.493395,-0.001779359430605032,0.0,-0.10000000000000142,0.0,56.15,56.2,56.1,56.15,259.0,4.0,355.0,405.0,False,False
006208,2022-10-26 10:51:20.704874,-0.001779359430605032,0.0,-0.10000000000000142,0.0,56.15,56.2,56.1,56.15,259.0,4.0,355.0,405.0,False,False
006208,2022-10-26 10:51:20.746606,-0.001779359430605032,0.0,-0.10000000000000142,0.0,56.15,56.2,56.1,56.15,259.0,4.0,355.0,405.0,False,False
006208,2022-10-26 10:51:20.822181,-0.001779359430605032,0.0,-0.10000000000000142,0.0,56.15,56.2,56.1,56.15,259.0,4.0,355.0,405.0,False,False
006208,2022-10-26 10:51:21.014644,-0.001779359430605032,0.0,-0.10000000000000142,0.0,56.15,56.2,56.1,56.15,259.0,4.0,355.0,405.0,False,False
006208,2022-10-26 10:51:21.075635,-0.001779359430605032,0.0,-0.10000000000000142,0.0,56.15,56.2,56.1,56.15,259.0,4.0,355.0,405.0,False,False
006208,2022-10-26 10:51:21.331763,-0.002666666666666595,0.0008904719501336977,-0.14999999999999858,0.05000000000000426,56.2,56.25,56.1,56.15,66.0,216.0,355.0,405.0,False,False
006208,2022-10-26 10:51:21.359137,-0.002666666666666595,0.0008904719501336977,-0.14999999999999858,0.05000000000000426,56.2,56.25,56.1,56.15,66.0,216.0,355.0,405.0,False,False
006208,2022-10-26 10:51:21.414354,-0.002666666666666595,0.0008904719501336977,-0.14999999999999858,0.05000000000000426,56.2,56.25,56.1,56.15,66.0,176.0,355.0,405.0,False,False
006208,2022-10-26 10:51:21.463106,-0.002666666666666595,0.0008904719501336977,-0.14999999999999858,0.05000000000000426,56.2,56.25,56.1,56.15,66.0,176.0,355.0,405.0,False,False
006208,2022-10-26 10:51:21.570515,-0.002666666666666595,0.0008904719501336977,-0.14999999999999858,0.05000000000000426,56.2,56.25,56.1,56.15,66.0,176.0,355.0,405.0,False,False
006208,2022-10-26 10:51:21.775952,-0.002666666666666595,0.0008904719501336977,-0.14999999999999858,0.05000000000000426,56.2,56.25,56.1,56.15,66.0,176.0,355.0,405.0,False,False
006208,2022-10-26 10:51:21.931987,-0.002666666666666595,0.0008904719501336977,-0.14999999999999858,0.05000000000000426,56.2,56.25,56.1,56.15,66.0,176.0,355.0,405.0,False,False
006208,2022-10-26 10:51:22.035563,-0.002666666666666595,0.0008904719501336977,-0.14999999999999858,0.05000000000000426,56.2,56.25,56.1,56.15,66.0,176.0,355.0,405.0,False,False
006208,2022-10-26 10:51:22.053979,-0.002666666666666595,0.0008904719501336977,-0.14999999999999858,0.05000000000000426,56.2,56.25,56.1,56.15,66.0,176.0,355.0,405.0,False,False
006208,2022-10-26 10:51:23.384598,-0.002666666666666595,0.0008904719501336977,-0.14999999999999858,0.05000000000000426,56.2,56.25,56.1,56.15,66.0,176.0,355.0,405.0,False,False
006208,2022-10-26 10:51:25.326215,-0.002666666666666595,0.0008904719501336977,-0.14999999999999858,0.05000000000000426,56.2,56.25,56.1,56.15,66.0,176.0,355.0,405.0,False,False
006208,2022-10-26 10:51:25.331508,-0.002666666666666595,0.0008904719501336977,-0.14999999999999858,0.05000000000000426,56.2,56.25,56.1,56.15,66.0,176.0,355.0,405.0,False,False
006208,2022-10-26 10:51:25.769165,-0.002666666666666595,0.0008904719501336977,-0.14999999999999858,0.05000000000000426,56.2,56.25,56.1,56.15,66.0,176.0,355.0,405.0,False,False
006208,2022-10-26 10:51:25.778996,-0.002666666666666595,0.0008904719501336977,-0.14999999999999858,0.05000000000000426,56.2,56.25,56.1,56.15,66.0,176.0,355.0,405.0,False,False
006208,2022-10-26 10:51:25.798549,-0.002666666666666595,0.0008904719501336977,-0.14999999999999858,0.05000000000000426,56.2,56.25,56.1,56.15,66.0,176.0,355.0,405.0,False,False
006208,2022-10-26 10:51:26.799500,-0.002666666666666595,0.0008904719501336977,-0.14999999999999858,0.05000000000000426,56.2,56.25,56.1,56.15,66.0,276.0,355.0,405.0,False,False
006208,2022-10-26 10:51:26.886095,-0.002666666666666595,0.0008904719501336977,-0.14999999999999858,0.05000000000000426,56.2,56.25,56.1,56.15,66.0,276.0,1017.0,405.0,True,True
006208,2022-10-26 10:51:27.300900,-0.002666666666666595,0.0008904719501336977,-0.14999999999999858,0.05000000000000426,56.2,56.25,56.1,56.15,66.0,276.0,1017.0,405.0,False,False
006208,2022-10-26 10:51:27.303690,-0.002666666666666595,0.0008904719501336977,-0.14999999999999858,0.05000000000000426,56.2,56.25,56.1,56.15,66.0,276.0,1017.0,405.0,False,False
006208,2022-10-26 10:51:27.388090,-0.002666666666666595,0.0008904719501336977,-0.14999999999999858,0.05000000000000426,56.2,56.25,56.1,56.15,66.0,276.0,1017.0,405.0,False,False
006208,2022-10-26 10:51:27.713834,-0.002666666666666595,0.0008904719501336977,-0.14999999999999858,0.05000000000000426,56.2,56.25,56.1,56.15,66.0,276.0,1017.0,405.0,False,False
006208,2022-10-26 10:51:27.721776,-0.002666666666666595,0.0008904719501336977,-0.14999999999999858,0.05000000000000426,56.2,56.25,56.1,56.15,66.0,276.0,1017.0,405.0,False,False
006208,2022-10-26 10:51:31.154936,-0.002666666666666595,0.0008904719501336977,-0.14999999999999858,0.05000000000000426,56.2,56.25,56.1,56.15,66.0,276.0,1017.0,405.0,False,False
006208,2022-10-26 10:51:31.155174,-0.002666666666666595,0.0008904719501336977,-0.14999999999999858,0.05000000000000426,56.2,56.25,56.1,56.15,66.0,276.0,1017.0,405.0,False,False
006208,2022-10-26 10:51:31.542718,-0.002666666666666595,0.0008904719501336977,-0.14999999999999858,0.05000000000000426,56.2,56.25,56.1,56.15,66.0,276.0,1017.0,405.0,False,False
006208,2022-10-26 10:51:31.546220,-0.002666666666666595,0.0008904719501336977,-0.14999999999999858,0.05000000000000426,56.2,56.25,56.1,56.15,66.0,276.0,1017.0,405.0,False,False
006208,2022-10-26 10:51:31.672320,-0.002666666666666595,0.0008904719501336977,-0.14999999999999858,0.05000000000000426,56.2,56.25,56.1,56.15,66.0,276.0,1017.0,405.0,False,False
006208,2022-10-26 10:51:31.755152,-0.002666666666666595,0.0008904719501336977,-0.14999999999999858,0.05000000000000426,56.2,56.25,56.1,56.15,66.0,306.0,1017.0,405.0,False,False
006208,2022-10-26 10:51:32.070431,-0.002666666666666595,0.0008904719501336977,-0.14999999999999858,0.05000000000000426,56.2,56.25,56.1,56.15,66.0,306.0,1017.0,405.0,False,False
006208,2022-10-26 10:51:32.122296,-0.002666666666666595,0.0008904719501336977,-0.14999999999999858,0.05000000000000426,56.2,56.25,56.1,56.15,66.0,276.0,1017.0,405.0,False,False
006208,2022-10-26 10:51:36.828019,-0.002666666666666595,0.0008904719501336977,-0.14999999999999858,0.05000000000000426,56.2,56.25,56.1,56.15,66.0,276.0,1017.0,405.0,False,False
006208,2022-10-26 10:51:36.923355,-0.002666666666666595,0.0008904719501336977,-0.14999999999999858,0.05000000000000426,56.2,56.25,56.1,56.15,66.0,276.0,1117.0,405.0,True,True
006208,2022-10-26 10:51:37.226428,-0.002666666666666595,0.0008904719501336977,-0.14999999999999858,0.05000000000000426,56.2,56.25,56.1,56.15,66.0,275.0,1117.0,405.0,False,False
006208,2022-10-26 10:51:38.576152,-0.002666666666666595,0.0008904719501336977,-0.14999999999999858,0.05000000000000426,56.2,56.25,56.1,56.15,66.0,235.0,1117.0,405.0,False,False
006208,2022-10-26 10:51:38.664768,-0.002666666666666595,0.0008904719501336977,-0.14999999999999858,0.05000000000000426,56.2,56.25,56.1,56.15,66.0,235.0,1117.0,405.0,False,False
006208,2022-10-26 10:51:38.881911,-0.002666666666666595,0.0008904719501336977,-0.14999999999999858,0.05000000000000426,56.2,56.25,56.1,56.15,66.0,185.0,1117.0,405.0,False,False
006208,2022-10-26 10:51:38.906363,-0.002666666666666595,0.0008904719501336977,-0.14999999999999858,0.05000000000000426,56.2,56.25,56.1,56.15,66.0,85.0,1117.0,405.0,False,False
006208,2022-10-26 10:51:39.026030,-0.002666666666666595,0.0008904719501336977,-0.14999999999999858,0.05000000000000426,56.2,56.25,56.1,56.15,66.0,85.0,1117.0,405.0,False,False
006208,2022-10-26 10:51:39.745210,-0.002666666666666595,0.0008904719501336977,-0.14999999999999858,0.05000000000000426,56.2,56.25,56.1,56.15,66.0,85.0,1117.0,405.0,False,False
006208,2022-10-26 10:51:39.907763,-0.002666666666666595,0.0008904719501336977,-0.14999999999999858,0.05000000000000426,56.2,56.25,56.1,56.15,66.0,185.0,1117.0,405.0,False,False
006208,2022-10-26 10:51:40.168852,-0.002666666666666595,0.0008904719501336977,-0.14999999999999858,0.05000000000000426,56.2,56.25,56.1,56.15,66.0,185.0,1117.0,405.0,False,False
006208,2022-10-26 10:51:40.519375,-0.002666666666666595,0.0008904719501336977,-0.14999999999999858,0.05000000000000426,56.2,56.25,56.1,56.15,66.0,184.0,1117.0,405.0,False,False
006208,2022-10-26 10:51:41.667354,-0.002666666666666595,0.0008904719501336977,-0.14999999999999858,0.05000000000000426,56.2,56.25,56.1,56.15,66.0,184.0,1117.0,405.0,False,False
006208,2022-10-26 10:51:41.671260,-0.002666666666666595,0.0008904719501336977,-0.14999999999999858,0.05000000000000426,56.2,56.25,56.1,56.15,66.0,184.0,1117.0,405.0,False,False
006208,2022-10-26 10:51:41.799672,-0.002666666666666595,0.0008904719501336977,-0.14999999999999858,0.05000000000000426,56.2,56.25,56.1,56.15,66.0,84.0,1117.0,405.0,False,False
006208,2022-10-26 10:51:41.869860,-0.002666666666666595,0.0008904719501336977,-0.14999999999999858,0.05000000000000426,56.2,56.25,56.1,56.15,67.0,84.0,1117.0,405.0,False,False
006208,2022-10-26 10:51:42.053736,-0.002666666666666595,0.0008904719501336977,-0.14999999999999858,0.05000000000000426,56.2,56.25,56.1,56.15,67.0,84.0,1117.0,405.0,False,False
006208,2022-10-26 10:51:42.177622,-0.002666666666666595,0.0008904719501336977,-0.14999999999999858,0.05000000000000426,56.2,56.25,56.1,56.15,67.0,84.0,1117.0,405.0,False,False
006208,2022-10-26 10:51:42.694418,-0.002666666666666595,0.0008904719501336977,-0.14999999999999858,0.05000000000000426,56.2,56.25,56.1,56.15,67.0,184.0,1117.0,405.0,False,False
006208,2022-10-26 10:51:43.035223,-0.002666666666666595,0.0008904719501336977,-0.14999999999999858,0.05000000000000426,56.2,56.25,56.1,56.15,67.0,184.0,1117.0,405.0,False,False
006208,2022-10-26 10:51:45.708127,-0.002666666666666595,0.0008904719501336977,-0.14999999999999858,0.05000000000000426,56.2,56.25,56.1,56.15,67.0,184.0,1117.0,405.0,False,False
006208,2022-10-26 10:51:45.755978,-0.002666666666666595,0.0008904719501336977,-0.14999999999999858,0.05000000000000426,56.2,56.25,56.1,56.15,67.0,84.0,1117.0,405.0,False,False
006208,2022-10-26 10:51:45.919397,-0.002666666666666595,0.0008904719501336977,-0.14999999999999858,0.05000000000000426,56.2,56.25,56.1,56.15,67.0,85.0,1117.0,405.0,False,False
006208,2022-10-26 10:51:46.749112,-0.002666666666666595,0.0008904719501336977,-0.14999999999999858,0.05000000000000426,56.2,56.25,56.1,56.15,67.0,185.0,1117.0,405.0,False,False
006208,2022-10-26 10:51:46.983086,-0.002666666666666595,0.0008904719501336977,-0.14999999999999858,0.05000000000000426,56.2,56.25,56.1,56.15,67.0,185.0,1368.0,405.0,True,True
006208,2022-10-26 10:51:48.344449,-0.002666666666666595,0.0008904719501336977,-0.14999999999999858,0.05000000000000426,56.2,56.25,56.1,56.15,67.0,185.0,1368.0,405.0,False,False
006208,2022-10-26 10:51:48.350529,-0.002666666666666595,0.0008904719501336977,-0.14999999999999858,0.05000000000000426,56.2,56.25,56.1,56.15,67.0,185.0,1368.0,405.0,False,False
006208,2022-10-26 10:51:48.490916,-0.002666666666666595,0.0008904719501336977,-0.14999999999999858,0.05000000000000426,56.2,56.25,56.1,56.15,67.0,225.0,1368.0,405.0,False,False
006208,2022-10-26 10:51:49.077161,-0.002666666666666595,0.0008904719501336977,-0.14999999999999858,0.05000000000000426,56.2,56.25,56.1,56.15,67.0,225.0,1368.0,405.0,False,False
006208,2022-10-26 10:51:49.156404,-0.002666666666666595,0.0008904719501336977,-0.14999999999999858,0.05000000000000426,56.2,56.25,56.1,56.15,67.0,225.0,1368.0,405.0,False,False
006208,2022-10-26 10:51:49.232671,-0.002666666666666595,0.0008904719501336977,-0.14999999999999858,0.05000000000000426,56.2,56.25,56.1,56.15,67.0,225.0,1368.0,405.0,False,False
006208,2022-10-26 10:51:49.876517,-0.002666666666666595,0.0008904719501336977,-0.14999999999999858,0.05000000000000426,56.2,56.25,56.1,56.15,67.0,225.0,1368.0,405.0,False,False
006208,2022-10-26 10:51:49.881640,-0.002666666666666595,0.0008904719501336977,-0.14999999999999858,0.05000000000000426,56.2,56.25,56.1,56.15,67.0,225.0,1368.0,405.0,False,False
006208,2022-10-26 10:51:50.024328,-0.002666666666666595,0.0008904719501336977,-0.14999999999999858,0.05000000000000426,56.2,56.25,56.1,56.15,67.0,185.0,1368.0,405.0,False,False
006208,2022-10-26 10:51:50.055377,-0.002666666666666595,0.0008904719501336977,-0.14999999999999858,0.05000000000000426,56.2,56.25,56.1,56.15,67.0,185.0,1368.0,405.0,False,False
006208,2022-10-26 10:51:50.508720,-0.002666666666666595,0.0008904719501336977,-0.14999999999999858,0.05000000000000426,56.2,56.25,56.1,56.15,67.0,184.0,1368.0,405.0,False,False
006208,2022-10-26 10:51:50.662322,-0.002666666666666595,0.0008904719501336977,-0.14999999999999858,0.05000000000000426,56.2,56.25,56.1,56.15,67.0,184.0,1368.0,405.0,False,False
006208,2022-10-26 10:51:50.671442,-0.002666666666666595,0.0008904719501336977,-0.14999999999999858,0.05000000000000426,56.2,56.25,56.1,56.15,67.0,184.0,1368.0,405.0,False,False
006208,2022-10-26 10:51:50.697057,-0.002666666666666595,0.0008904719501336977,-0.14999999999999858,0.05000000000000426,56.2,56.25,56.1,56.15,67.0,84.0,1368.0,405.0,False,False
006208,2022-10-26 10:51:51.105121,-0.002666666666666595,0.0008904719501336977,-0.14999999999999858,0.05000000000000426,56.2,56.25,56.1,56.15,67.0,83.0,1368.0,405.0,False,False
006208,2022-10-26 10:51:51.697891,-0.002666666666666595,0.0008904719501336977,-0.14999999999999858,0.05000000000000426,56.2,56.25,56.1,56.15,67.0,83.0,1368.0,405.0,False,False
006208,2022-10-26 10:51:51.744401,-0.002666666666666595,0.0008904719501336977,-0.14999999999999858,0.05000000000000426,56.2,56.25,56.1,56.15,67.0,8.0,1368.0,405.0,False,False
006208,2022-10-26 10:51:51.929018,-0.002666666666666595,0.0008904719501336977,-0.14999999999999858,0.05000000000000426,56.2,56.25,56.1,56.15,67.0,8.0,1368.0,405.0,False,False
006208,2022-10-26 10:51:51.931503,-0.002666666666666595,0.0008904719501336977,-0.14999999999999858,0.05000000000000426,56.2,56.25,56.1,56.15,67.0,8.0,1368.0,405.0,False,False
006208,2022-10-26 10:51:52.576709,-0.002666666666666595,0.0008904719501336977,-0.14999999999999858,0.05000000000000426,56.2,56.25,56.1,56.15,67.0,8.0,1368.0,405.0,False,False
006208,2022-10-26 10:51:52.648001,-0.002666666666666595,0.0008904719501336977,-0.14999999999999858,0.05000000000000426,56.2,56.25,56.1,56.15,67.0,8.0,1368.0,405.0,False,False
006208,2022-10-26 10:51:52.934601,-0.002666666666666595,0.0008904719501336977,-0.14999999999999858,0.05000000000000426,56.2,56.25,56.1,56.15,67.0,8.0,1368.0,405.0,False,False
006208,2022-10-26 10:51:52.938960,-0.002666666666666595,0.0008904719501336977,-0.14999999999999858,0.05000000000000426,56.2,56.25,56.1,56.15,67.0,8.0,1368.0,405.0,False,False
006208,2022-10-26 10:51:53.802280,-0.002666666666666595,0.0008904719501336977,-0.14999999999999858,0.05000000000000426,56.2,56.25,56.1,56.15,67.0,8.0,1368.0,405.0,False,False
006208,2022-10-26 10:51:54.201330,-0.002666666666666595,0.0008904719501336977,-0.14999999999999858,0.05000000000000426,56.2,56.25,56.1,56.15,67.0,8.0,1368.0,405.0,False,False
006208,2022-10-26 10:51:54.206971,-0.002666666666666595,0.0008904719501336977,-0.14999999999999858,0.05000000000000426,56.2,56.25,56.1,56.15,67.0,8.0,1368.0,405.0,False,False
006208,2022-10-26 10:51:54.664655,-0.002666666666666595,0.0008904719501336977,-0.14999999999999858,0.05000000000000426,56.2,56.25,56.1,56.15,67.0,8.0,1368.0,405.0,False,False
006208,2022-10-26 10:51:54.677489,-0.002666666666666595,0.0008904719501336977,-0.14999999999999858,0.05000000000000426,56.2,56.25,56.1,56.15,67.0,8.0,1368.0,405.0,False,False
006208,2022-10-26 10:51:55.771247,-0.002666666666666595,0.0008904719501336977,-0.14999999999999858,0.05000000000000426,56.2,56.25,56.1,56.15,67.0,8.0,1368.0,405.0,False,False
006208,2022-10-26 10:51:55.776437,-0.002666666666666595,0.0008904719501336977,-0.14999999999999858,0.05000000000000426,56.2,56.25,56.1,56.15,67.0,8.0,1368.0,405.0,False,False
006208,2022-10-26 10:51:56.412348,-0.002666666666666595,0.0008904719501336977,-0.14999999999999858,0.05000000000000426,56.2,56.25,56.1,56.15,67.0,9.0,1368.0,405.0,False,False
006208,2022-10-26 10:51:56.583430,-0.002666666666666595,0.0008904719501336977,-0.14999999999999858,0.05000000000000426,56.2,56.25,56.1,56.15,67.0,10.0,1368.0,405.0,False,False
006208,2022-10-26 10:51:57.027358,-0.002666666666666595,0.0008904719501336977,-0.14999999999999858,0.05000000000000426,56.2,56.25,56.1,56.15,67.0,10.0,1622.0,405.0,True,True
006208,2022-10-26 10:51:57.787047,-0.002666666666666595,0.0008904719501336977,-0.14999999999999858,0.05000000000000426,56.2,56.25,56.1,56.15,67.0,10.0,1622.0,405.0,False,False
006208,2022-10-26 10:51:59.122645,-0.002666666666666595,0.0008904719501336977,-0.14999999999999858,0.05000000000000426,56.2,56.25,56.1,56.15,67.0,10.0,1622.0,405.0,False,False
006208,2022-10-26 10:51:59.128208,-0.002666666666666595,0.0008904719501336977,-0.14999999999999858,0.05000000000000426,56.2,56.25,56.1,56.15,67.0,10.0,1622.0,405.0,False,False
006208,2022-10-26 10:51:59.321644,-0.002666666666666595,0.0008904719501336977,-0.14999999999999858,0.05000000000000426,56.2,56.25,56.1,56.15,67.0,10.0,1622.0,405.0,False,False
006208,2022-10-26 10:51:59.418414,-0.002666666666666595,0.0008904719501336977,-0.14999999999999858,0.05000000000000426,56.2,56.25,56.1,56.15,67.0,10.0,1622.0,405.0,False,False
006208,2022-10-26 10:51:59.551801,-0.002666666666666595,0.0008904719501336977,-0.14999999999999858,0.05000000000000426,56.2,56.25,56.1,56.15,67.0,10.0,1622.0,405.0,False,False
006208,2022-10-26 10:51:59.583005,-0.002666666666666595,0.0008904719501336977,-0.14999999999999858,0.05000000000000426,56.2,56.25,56.1,56.15,67.0,10.0,1622.0,405.0,False,False
006208,2022-10-26 10:52:00.498430,-0.002666666666666595,0.0008904719501336977,-0.14999999999999858,0.05000000000000426,56.2,56.25,56.1,56.15,67.0,9.0,1622.0,405.0,False,False
006208,2022-10-26 10:52:01.011816,-0.002666666666666595,0.0008904719501336977,-0.14999999999999858,0.05000000000000426,56.2,56.25,56.1,56.15,67.0,9.0,1622.0,405.0,False,False
006208,2022-10-26 10:52:01.017102,-0.002666666666666595,0.0008904719501336977,-0.14999999999999858,0.05000000000000426,56.2,56.25,56.1,56.15,67.0,9.0,1622.0,405.0,False,False
006208,2022-10-26 10:52:01.923803,-0.002666666666666595,0.0008904719501336977,-0.14999999999999858,0.05000000000000426,56.2,56.25,56.1,56.15,67.0,9.0,1622.0,405.0,False,False
006208,2022-10-26 10:52:01.939791,-0.002666666666666595,0.0008904719501336977,-0.14999999999999858,0.05000000000000426,56.2,56.25,56.1,56.15,67.0,9.0,1622.0,405.0,False,False
006208,2022-10-26 10:52:02.055951,-0.002666666666666595,0.0008904719501336977,-0.14999999999999858,0.05000000000000426,56.2,56.25,56.1,56.15,67.0,9.0,1622.0,405.0,False,False
006208,2022-10-26 10:52:02.070969,-0.002666666666666595,0.0008904719501336977,-0.14999999999999858,0.05000000000000426,56.2,56.25,56.1,56.15,67.0,9.0,1622.0,405.0,False,False
006208,2022-10-26 10:52:02.384117,-0.002666666666666595,0.0008904719501336977,-0.14999999999999858,0.05000000000000426,56.2,56.25,56.1,56.15,67.0,9.0,1622.0,405.0,False,False
006208,2022-10-26 10:52:02.389521,-0.002666666666666595,0.0008904719501336977,-0.14999999999999858,0.05000000000000426,56.2,56.25,56.1,56.15,67.0,9.0,1622.0,405.0,False,False
006208,2022-10-26 10:52:05.832429,-0.002666666666666595,0.0008904719501336977,-0.14999999999999858,0.05000000000000426,56.2,56.25,56.1,56.15,67.0,9.0,1622.0,405.0,False,False
006208,2022-10-26 10:52:05.842510,-0.002666666666666595,0.0008904719501336977,-0.14999999999999858,0.05000000000000426,56.2,56.25,56.1,56.15,67.0,9.0,1622.0,405.0,False,False
006208,2022-10-26 10:52:06.075385,-0.002666666666666595,0.0008904719501336977,-0.14999999999999858,0.05000000000000426,56.2,56.25,56.1,56.15,67.0,9.0,1622.0,405.0,False,False
006208,2022-10-26 10:52:06.084835,-0.002666666666666595,0.0008904719501336977,-0.14999999999999858,0.05000000000000426,56.2,56.25,56.1,56.15,67.0,9.0,1622.0,405.0,False,False
006208,2022-10-26 10:52:06.261261,-0.002666666666666595,0.0008904719501336977,-0.14999999999999858,0.05000000000000426,56.2,56.25,56.1,56.15,67.0,9.0,1641.0,405.0,False,True
006208,2022-10-26 10:52:07.198289,-0.002666666666666595,0.0008904719501336977,-0.14999999999999858,0.05000000000000426,56.2,56.25,56.1,56.15,67.0,9.0,1641.0,405.0,False,False
006208,2022-10-26 10:52:07.209609,-0.002666666666666595,0.0008904719501336977,-0.14999999999999858,0.05000000000000426,56.2,56.25,56.1,56.15,67.0,9.0,1641.0,405.0,False,False
006208,2022-10-26 10:52:09.958237,-0.002666666666666595,0.0008904719501336977,-0.14999999999999858,0.05000000000000426,56.2,56.25,56.1,56.15,67.0,9.0,1641.0,405.0,False,False
006208,2022-10-26 10:52:10.497276,-0.002666666666666595,0.0008904719501336977,-0.14999999999999858,0.05000000000000426,56.2,56.25,56.1,56.15,67.0,9.0,1641.0,405.0,False,False
006208,2022-10-26 10:52:10.503431,-0.002666666666666595,0.0008904719501336977,-0.14999999999999858,0.05000000000000426,56.2,56.25,56.1,56.15,67.0,8.0,1641.0,405.0,False,False
006208,2022-10-26 10:52:10.508736,-0.002666666666666595,0.0008904719501336977,-0.14999999999999858,0.05000000000000426,56.2,56.25,56.1,56.15,67.0,8.0,1641.0,405.0,False,False
006208,2022-10-26 10:52:12.055218,-0.002666666666666595,0.0008904719501336977,-0.14999999999999858,0.05000000000000426,56.2,56.25,56.1,56.15,67.0,8.0,1641.0,405.0,False,False
006208,2022-10-26 10:52:12.057593,-0.002666666666666595,0.0008904719501336977,-0.14999999999999858,0.05000000000000426,56.2,56.25,56.1,56.15,67.0,8.0,1641.0,405.0,False,False
006208,2022-10-26 10:52:12.186858,-0.002666666666666595,0.0008904719501336977,-0.14999999999999858,0.05000000000000426,56.2,56.25,56.1,56.15,67.0,8.0,1641.0,405.0,False,False
006208,2022-10-26 10:52:12.895071,-0.002666666666666595,0.0008904719501336977,-0.14999999999999858,0.05000000000000426,56.2,56.25,56.1,56.15,67.0,8.0,1641.0,405.0,False,False
006208,2022-10-26 10:52:12.901755,-0.002666666666666595,0.0008904719501336977,-0.14999999999999858,0.05000000000000426,56.2,56.25,56.1,56.15,67.0,8.0,1641.0,405.0,False,False
006208,2022-10-26 10:52:16.373115,-0.002666666666666595,0.0008904719501336977,-0.14999999999999858,0.05000000000000426,56.2,56.25,56.1,56.15,67.0,8.0,1641.0,405.0,True,True
006208,2022-10-26 10:52:16.416880,-0.002666666666666595,0.0008904719501336977,-0.14999999999999858,0.05000000000000426,56.2,56.25,56.1,56.15,67.0,8.0,1641.0,405.0,False,False
006208,2022-10-26 10:52:16.422114,-0.002666666666666595,0.0008904719501336977,-0.14999999999999858,0.05000000000000426,56.2,56.25,56.1,56.15,67.0,8.0,1641.0,405.0,False,False
006208,2022-10-26 10:52:16.637986,-0.002666666666666595,0.0008904719501336977,-0.14999999999999858,0.05000000000000426,56.2,56.25,56.1,56.15,67.0,8.0,1641.0,405.0,False,False
006208,2022-10-26 10:52:16.869461,-0.002666666666666595,0.0008904719501336977,-0.14999999999999858,0.05000000000000426,56.2,56.25,56.1,56.15,67.0,7.0,1641.0,405.0,False,False
006208,2022-10-26 10:52:20.508521,-0.002666666666666595,0.0008904719501336977,-0.14999999999999858,0.05000000000000426,56.2,56.25,56.1,56.15,67.0,6.0,1641.0,405.0,False,False
006208,2022-10-26 10:52:22.049006,-0.002666666666666595,0.0008904719501336977,-0.14999999999999858,0.05000000000000426,56.2,56.25,56.1,56.15,66.0,5.0,1641.0,405.0,False,False
006208,2022-10-26 10:52:22.095255,-0.002666666666666595,0.0008904719501336977,-0.14999999999999858,0.05000000000000426,56.2,56.25,56.1,56.15,66.0,5.0,1641.0,405.0,False,False
006208,2022-10-26 10:52:22.183810,-0.002666666666666595,0.0008904719501336977,-0.14999999999999858,0.05000000000000426,56.2,56.25,56.1,56.15,66.0,5.0,1641.0,405.0,False,False
006208,2022-10-26 10:52:22.311397,-0.002666666666666595,0.0008904719501336977,-0.14999999999999858,0.05000000000000426,56.2,56.25,56.1,56.15,66.0,5.0,1641.0,405.0,False,False
006208,2022-10-26 10:52:22.319235,-0.002666666666666595,0.0008904719501336977,-0.14999999999999858,0.05000000000000426,56.2,56.25,56.1,56.15,66.0,5.0,1641.0,405.0,False,False
006208,2022-10-26 10:52:22.633352,-0.002666666666666595,0.0008904719501336977,-0.14999999999999858,0.05000000000000426,56.2,56.25,56.1,56.15,66.0,5.0,1641.0,405.0,False,False
006208,2022-10-26 10:52:22.639038,-0.002666666666666595,0.0008904719501336977,-0.14999999999999858,0.05000000000000426,56.2,56.25,56.1,56.15,66.0,5.0,1641.0,405.0,False,False
006208,2022-10-26 10:52:22.967845,-0.002666666666666595,0.0008904719501336977,-0.14999999999999858,0.05000000000000426,56.2,56.25,56.1,56.15,66.0,5.0,1641.0,405.0,False,False
006208,2022-10-26 10:52:22.973435,-0.002666666666666595,0.0008904719501336977,-0.14999999999999858,0.05000000000000426,56.2,56.25,56.1,56.15,66.0,5.0,1641.0,405.0,False,False
006208,2022-10-26 10:52:24.293465,-0.002666666666666595,0.0008904719501336977,-0.14999999999999858,0.05000000000000426,56.2,56.25,56.1,56.15,66.0,5.0,1641.0,405.0,False,False
006208,2022-10-26 10:52:25.139365,-0.002666666666666595,0.0008904719501336977,-0.14999999999999858,0.05000000000000426,56.2,56.25,56.1,56.15,66.0,4.0,1641.0,405.0,False,False
006208,2022-10-26 10:52:26.397036,-0.003552397868561208,0.0017809439002671734,-0.19999999999999574,0.10000000000000142,56.25,56.3,56.1,56.15,1.0,325.0,1641.0,405.0,False,False
006208,2022-10-26 10:52:26.412604,-0.003552397868561208,0.0017809439002671734,-0.19999999999999574,0.10000000000000142,56.25,56.3,56.1,56.15,1.0,325.0,1661.0,184.0,True,True
006208,2022-10-26 10:52:26.420639,-0.003552397868561208,0.0017809439002671734,-0.19999999999999574,0.10000000000000142,56.25,56.3,56.1,56.15,1.0,325.0,1661.0,184.0,False,False
006208,2022-10-26 10:52:26.465576,-0.003552397868561208,0.0017809439002671734,-0.19999999999999574,0.10000000000000142,56.25,56.3,56.1,56.15,1.0,325.0,1661.0,184.0,False,False
006208,2022-10-26 10:52:26.496759,-0.003552397868561208,0.0017809439002671734,-0.19999999999999574,0.10000000000000142,56.25,56.3,56.1,56.15,1.0,325.0,1661.0,184.0,False,False
006208,2022-10-26 10:52:26.620065,-0.003552397868561208,0.0017809439002671734,-0.19999999999999574,0.10000000000000142,56.25,56.3,56.1,56.15,1.0,285.0,1661.0,184.0,False,False
006208,2022-10-26 10:52:26.748163,-0.003552397868561208,0.0017809439002671734,-0.19999999999999574,0.10000000000000142,56.25,56.3,56.1,56.15,1.0,285.0,1661.0,184.0,False,False
006208,2022-10-26 10:52:27.051054,-0.003552397868561208,0.0017809439002671734,-0.19999999999999574,0.10000000000000142,56.25,56.3,56.1,56.15,1.0,285.0,1661.0,184.0,False,False
006208,2022-10-26 10:52:27.072603,-0.003552397868561208,0.0017809439002671734,-0.19999999999999574,0.10000000000000142,56.25,56.3,56.1,56.15,1.0,285.0,1661.0,184.0,False,False
006208,2022-10-26 10:52:27.195475,-0.003552397868561208,0.0017809439002671734,-0.19999999999999574,0.10000000000000142,56.25,56.3,56.1,56.15,1.0,285.0,1661.0,184.0,False,False
006208,2022-10-26 10:52:27.217794,-0.003552397868561208,0.0017809439002671734,-0.19999999999999574,0.10000000000000142,56.25,56.3,56.1,56.15,3.0,285.0,1661.0,184.0,False,False
006208,2022-10-26 10:52:27.587527,-0.003552397868561208,0.0017809439002671734,-0.19999999999999574,0.10000000000000142,56.25,56.3,56.1,56.15,3.0,315.0,1661.0,184.0,False,False
006208,2022-10-26 10:52:27.958789,-0.003552397868561208,0.0017809439002671734,-0.19999999999999574,0.10000000000000142,56.25,56.3,56.1,56.15,3.0,285.0,1661.0,184.0,False,False
006208,2022-10-26 10:52:27.963912,-0.003552397868561208,0.0017809439002671734,-0.19999999999999574,0.10000000000000142,56.25,56.3,56.1,56.15,3.0,285.0,1661.0,184.0,False,False
006208,2022-10-26 10:52:28.696138,-0.003552397868561208,0.0017809439002671734,-0.19999999999999574,0.10000000000000142,56.25,56.3,56.1,56.15,3.0,285.0,1661.0,184.0,False,False
006208,2022-10-26 10:52:28.701767,-0.003552397868561208,0.0017809439002671734,-0.19999999999999574,0.10000000000000142,56.25,56.3,56.1,56.15,3.0,315.0,1661.0,184.0,False,False
006208,2022-10-26 10:52:30.189113,-0.003552397868561208,0.0017809439002671734,-0.19999999999999574,0.10000000000000142,56.25,56.3,56.1,56.15,3.0,314.0,1661.0,184.0,False,False
006208,2022-10-26 10:52:30.832744,-0.003552397868561208,0.0017809439002671734,-0.19999999999999574,0.10000000000000142,56.25,56.3,56.1,56.15,3.0,284.0,1661.0,184.0,False,False
006208,2022-10-26 10:52:30.838499,-0.003552397868561208,0.0017809439002671734,-0.19999999999999574,0.10000000000000142,56.25,56.3,56.1,56.15,3.0,284.0,1661.0,184.0,False,False
006208,2022-10-26 10:52:31.112365,-0.003552397868561208,0.0017809439002671734,-0.19999999999999574,0.10000000000000142,56.25,56.3,56.1,56.15,3.0,284.0,1661.0,184.0,False,False
006208,2022-10-26 10:52:31.117931,-0.003552397868561208,0.0017809439002671734,-0.19999999999999574,0.10000000000000142,56.25,56.3,56.1,56.15,3.0,314.0,1661.0,184.0,False,False
006208,2022-10-26 10:52:31.770072,-0.003552397868561208,0.0017809439002671734,-0.19999999999999574,0.10000000000000142,56.25,56.3,56.1,56.15,3.0,314.0,1661.0,184.0,False,False
006208,2022-10-26 10:52:31.780476,-0.003552397868561208,0.0017809439002671734,-0.19999999999999574,0.10000000000000142,56.25,56.3,56.1,56.15,3.0,314.0,1661.0,184.0,False,False
006208,2022-10-26 10:52:31.898901,-0.003552397868561208,0.0017809439002671734,-0.19999999999999574,0.10000000000000142,56.25,56.3,56.1,56.15,3.0,314.0,1661.0,184.0,False,False
006208,2022-10-26 10:52:32.105128,-0.003552397868561208,0.0017809439002671734,-0.19999999999999574,0.10000000000000142,56.25,56.3,56.1,56.15,4.0,314.0,1661.0,184.0,False,False
006208,2022-10-26 10:52:35.928460,-0.003552397868561208,0.0017809439002671734,-0.19999999999999574,0.10000000000000142,56.25,56.3,56.1,56.15,4.0,314.0,1661.0,184.0,False,False
006208,2022-10-26 10:52:35.940053,-0.003552397868561208,0.0017809439002671734,-0.19999999999999574,0.10000000000000142,56.25,56.3,56.1,56.15,4.0,315.0,1661.0,184.0,False,False
006208,2022-10-26 10:52:36.451666,-0.003552397868561208,0.0017809439002671734,-0.19999999999999574,0.10000000000000142,56.25,56.3,56.1,56.15,4.0,315.0,1661.0,104.0,True,True
006208,2022-10-26 10:52:36.743351,-0.003552397868561208,0.0017809439002671734,-0.19999999999999574,0.10000000000000142,56.25,56.3,56.1,56.15,4.0,315.0,1661.0,104.0,False,False
006208,2022-10-26 10:52:36.751944,-0.003552397868561208,0.0017809439002671734,-0.19999999999999574,0.10000000000000142,56.25,56.3,56.1,56.15,4.0,315.0,1661.0,104.0,False,False
006208,2022-10-26 10:52:36.880601,-0.003552397868561208,0.0017809439002671734,-0.19999999999999574,0.10000000000000142,56.25,56.3,56.1,56.15,4.0,315.0,1661.0,104.0,False,False
006208,2022-10-26 10:52:37.138787,-0.003552397868561208,0.0017809439002671734,-0.19999999999999574,0.10000000000000142,56.25,56.3,56.1,56.15,4.0,315.0,1661.0,104.0,False,False
006208,2022-10-26 10:52:37.150682,-0.003552397868561208,0.0017809439002671734,-0.19999999999999574,0.10000000000000142,56.25,56.3,56.1,56.15,4.0,315.0,1661.0,104.0,False,False
006208,2022-10-26 10:52:40.518661,-0.003552397868561208,0.0017809439002671734,-0.19999999999999574,0.10000000000000142,56.25,56.3,56.1,56.15,4.0,314.0,1661.0,104.0,False,False
006208,2022-10-26 10:52:41.191517,-0.003552397868561208,0.0017809439002671734,-0.19999999999999574,0.10000000000000142,56.25,56.3,56.1,56.15,4.0,284.0,1661.0,104.0,False,False
006208,2022-10-26 10:52:41.202283,-0.003552397868561208,0.0017809439002671734,-0.19999999999999574,0.10000000000000142,56.25,56.3,56.1,56.15,4.0,284.0,1661.0,104.0,False,False
006208,2022-10-26 10:52:41.804258,-0.003552397868561208,0.0017809439002671734,-0.19999999999999574,0.10000000000000142,56.25,56.3,56.1,56.15,4.0,284.0,1661.0,104.0,False,False
006208,2022-10-26 10:52:41.814799,-0.003552397868561208,0.0017809439002671734,-0.19999999999999574,0.10000000000000142,56.25,56.3,56.1,56.15,4.0,314.0,1661.0,104.0,False,False
006208,2022-10-26 10:52:45.204567,-0.003552397868561208,0.0017809439002671734,-0.19999999999999574,0.10000000000000142,56.25,56.3,56.1,56.15,5.0,314.0,1661.0,104.0,False,False
006208,2022-10-26 10:52:45.785865,-0.003552397868561208,0.0017809439002671734,-0.19999999999999574,0.10000000000000142,56.25,56.3,56.1,56.15,5.0,284.0,1661.0,104.0,False,False
006208,2022-10-26 10:52:45.813208,-0.003552397868561208,0.0017809439002671734,-0.19999999999999574,0.10000000000000142,56.25,56.3,56.1,56.15,5.0,314.0,1661.0,104.0,False,False
006208,2022-10-26 10:52:46.493619,-0.003552397868561208,0.0017809439002671734,-0.19999999999999574,0.10000000000000142,56.25,56.3,56.1,56.15,5.0,314.0,1721.0,104.0,True,True
006208,2022-10-26 10:52:46.887752,-0.003552397868561208,0.0017809439002671734,-0.19999999999999574,0.10000000000000142,56.25,56.3,56.1,56.15,5.0,314.0,1721.0,104.0,False,False
006208,2022-10-26 10:52:46.890621,-0.003552397868561208,0.0017809439002671734,-0.19999999999999574,0.10000000000000142,56.25,56.3,56.1,56.15,5.0,314.0,1721.0,104.0,False,False
006208,2022-10-26 10:52:47.026903,-0.003552397868561208,0.0017809439002671734,-0.19999999999999574,0.10000000000000142,56.25,56.3,56.1,56.15,5.0,314.0,1721.0,104.0,False,False
006208,2022-10-26 10:52:50.523589,-0.003552397868561208,0.0017809439002671734,-0.19999999999999574,0.10000000000000142,56.25,56.3,56.1,56.15,5.0,313.0,1721.0,104.0,False,False
006208,2022-10-26 10:52:53.780646,-0.003552397868561208,0.0017809439002671734,-0.19999999999999574,0.10000000000000142,56.25,56.3,56.1,56.15,5.0,283.0,1721.0,104.0,False,False
006208,2022-10-26 10:52:53.785333,-0.003552397868561208,0.0017809439002671734,-0.19999999999999574,0.10000000000000142,56.25,56.3,56.1,56.15,5.0,283.0,1721.0,104.0,False,False
006208,2022-10-26 10:52:55.124331,-0.003552397868561208,0.0017809439002671734,-0.19999999999999574,0.10000000000000142,56.25,56.3,56.1,56.15,5.0,283.0,1721.0,104.0,False,False
006208,2022-10-26 10:52:55.720442,-0.003552397868561208,0.0017809439002671734,-0.19999999999999574,0.10000000000000142,56.25,56.3,56.1,56.15,6.0,283.0,1721.0,104.0,False,False
006208,2022-10-26 10:52:56.132268,-0.003552397868561208,0.0017809439002671734,-0.19999999999999574,0.10000000000000142,56.25,56.3,56.1,56.15,6.0,283.0,1721.0,104.0,False,False
006208,2022-10-26 10:52:56.137678,-0.003552397868561208,0.0017809439002671734,-0.19999999999999574,0.10000000000000142,56.25,56.3,56.1,56.15,6.0,313.0,1721.0,104.0,False,False
006208,2022-10-26 10:52:56.533560,-0.003552397868561208,0.0017809439002671734,-0.19999999999999574,0.10000000000000142,56.25,56.3,56.1,56.15,6.0,313.0,1632.0,104.0,True,True
006208,2022-10-26 10:52:57.013103,-0.003552397868561208,0.0017809439002671734,-0.19999999999999574,0.10000000000000142,56.25,56.3,56.1,56.15,6.0,313.0,1632.0,104.0,False,False
006208,2022-10-26 10:52:57.021009,-0.003552397868561208,0.0017809439002671734,-0.19999999999999574,0.10000000000000142,56.25,56.3,56.1,56.15,6.0,313.0,1632.0,104.0,False,False
006208,2022-10-26 10:52:57.155534,-0.003552397868561208,0.0017809439002671734,-0.19999999999999574,0.10000000000000142,56.25,56.3,56.1,56.15,6.0,313.0,1632.0,104.0,False,False
006208,2022-10-26 10:52:58.152640,-0.003552397868561208,0.0017809439002671734,-0.19999999999999574,0.10000000000000142,56.25,56.3,56.1,56.15,6.0,312.0,1632.0,104.0,False,False
006208,2022-10-26 10:52:58.468481,-0.003552397868561208,0.0017809439002671734,-0.19999999999999574,0.10000000000000142,56.25,56.3,56.1,56.15,6.0,282.0,1632.0,104.0,False,False
006208,2022-10-26 10:52:58.474003,-0.003552397868561208,0.0017809439002671734,-0.19999999999999574,0.10000000000000142,56.25,56.3,56.1,56.15,6.0,282.0,1632.0,104.0,False,False
006208,2022-10-26 10:52:58.638220,-0.003552397868561208,0.0017809439002671734,-0.19999999999999574,0.10000000000000142,56.25,56.3,56.1,56.15,6.0,312.0,1632.0,104.0,False,False
006208,2022-10-26 10:52:59.600155,-0.003552397868561208,0.0017809439002671734,-0.19999999999999574,0.10000000000000142,56.25,56.3,56.1,56.15,6.0,282.0,1632.0,104.0,False,False
006208,2022-10-26 10:52:59.611032,-0.003552397868561208,0.0017809439002671734,-0.19999999999999574,0.10000000000000142,56.25,56.3,56.1,56.15,6.0,282.0,1632.0,104.0,False,False
006208,2022-10-26 10:53:00.169114,-0.003552397868561208,0.0017809439002671734,-0.19999999999999574,0.10000000000000142,56.25,56.3,56.1,56.15,6.0,282.0,1632.0,104.0,False,False
006208,2022-10-26 10:53:00.178575,-0.003552397868561208,0.0017809439002671734,-0.19999999999999574,0.10000000000000142,56.25,56.3,56.1,56.15,6.0,312.0,1632.0,104.0,False,False
006208,2022-10-26 10:53:00.522037,-0.003552397868561208,0.0017809439002671734,-0.19999999999999574,0.10000000000000142,56.25,56.3,56.1,56.15,6.0,282.0,1632.0,104.0,False,False
006208,2022-10-26 10:53:00.544345,-0.003552397868561208,0.0017809439002671734,-0.19999999999999574,0.10000000000000142,56.25,56.3,56.1,56.15,6.0,281.0,1632.0,104.0,False,False
006208,2022-10-26 10:53:00.531832,-0.003552397868561208,0.0017809439002671734,-0.19999999999999574,0.10000000000000142,56.25,56.3,56.1,56.15,6.0,282.0,1632.0,104.0,False,False
006208,2022-10-26 10:53:03.965637,-0.003552397868561208,0.0017809439002671734,-0.19999999999999574,0.10000000000000142,56.25,56.3,56.1,56.15,6.0,281.0,1632.0,104.0,False,False
006208,2022-10-26 10:53:04.042924,-0.003552397868561208,0.0017809439002671734,-0.19999999999999574,0.10000000000000142,56.25,56.3,56.1,56.15,6.0,281.0,1632.0,104.0,False,False
006208,2022-10-26 10:53:04.747167,-0.003552397868561208,0.0017809439002671734,-0.19999999999999574,0.10000000000000142,56.25,56.3,56.1,56.15,6.0,280.0,1632.0,104.0,False,False
006208,2022-10-26 10:53:05.724026,-0.003552397868561208,0.0017809439002671734,-0.19999999999999574,0.10000000000000142,56.25,56.3,56.1,56.15,6.0,280.0,1632.0,104.0,False,False
006208,2022-10-26 10:53:05.724215,-0.003552397868561208,0.0017809439002671734,-0.19999999999999574,0.10000000000000142,56.25,56.3,56.1,56.15,6.0,280.0,1632.0,104.0,False,False
006208,2022-10-26 10:53:05.900128,-0.003552397868561208,0.0017809439002671734,-0.19999999999999574,0.10000000000000142,56.25,56.3,56.1,56.15,6.0,280.0,1632.0,104.0,False,False
006208,2022-10-26 10:53:05.915740,-0.003552397868561208,0.0017809439002671734,-0.19999999999999574,0.10000000000000142,56.25,56.3,56.1,56.15,6.0,310.0,1632.0,104.0,False,False
006208,2022-10-26 10:53:06.453682,-0.003552397868561208,0.0017809439002671734,-0.19999999999999574,0.10000000000000142,56.25,56.3,56.1,56.15,6.0,310.0,1632.0,104.0,False,False
006208,2022-10-26 10:53:06.460884,-0.003552397868561208,0.0017809439002671734,-0.19999999999999574,0.10000000000000142,56.25,56.3,56.1,56.15,6.0,280.0,1632.0,104.0,False,False
006208,2022-10-26 10:53:06.588301,-0.002664298401420906,0.000889679715302405,-0.14999999999999858,0.04999999999999716,56.25,56.3,56.15,56.2,6.0,280.0,153.0,1264.0,True,True
006208,2022-10-26 10:53:06.550595,-0.002664298401420906,0.000889679715302405,-0.14999999999999858,0.04999999999999716,56.25,56.3,56.15,56.2,6.0,281.0,153.0,1264.0,False,False
006208,2022-10-26 10:53:06.656793,-0.002664298401420906,0.000889679715302405,-0.14999999999999858,0.04999999999999716,56.25,56.3,56.15,56.2,6.0,311.0,153.0,1264.0,False,False
006208,2022-10-26 10:53:07.142754,-0.002664298401420906,0.000889679715302405,-0.14999999999999858,0.04999999999999716,56.25,56.3,56.15,56.2,6.0,311.0,153.0,1264.0,False,False
006208,2022-10-26 10:53:07.165143,-0.002664298401420906,0.0,-0.14999999999999858,0.0,56.2,56.3,56.15,56.2,101.0,311.0,153.0,1264.0,False,False
006208,2022-10-26 10:53:07.189572,-0.002664298401420906,0.0,-0.14999999999999858,0.0,56.2,56.3,56.15,56.2,101.0,311.0,153.0,1264.0,False,False
006208,2022-10-26 10:53:07.324048,-0.002664298401420906,0.0,-0.14999999999999858,0.0,56.2,56.3,56.15,56.2,101.0,311.0,153.0,1264.0,False,False
006208,2022-10-26 10:53:07.456797,-0.002664298401420906,0.0,-0.14999999999999858,0.0,56.2,56.3,56.15,56.2,101.0,311.0,153.0,1264.0,False,False
006208,2022-10-26 10:53:08.440924,-0.002664298401420906,0.0,-0.14999999999999858,0.0,56.2,56.3,56.15,56.2,101.0,311.0,153.0,1264.0,False,False
006208,2022-10-26 10:53:08.443792,-0.002664298401420906,0.0,-0.14999999999999858,0.0,56.2,56.3,56.15,56.2,101.0,311.0,153.0,1264.0,False,False
006208,2022-10-26 10:53:08.465252,-0.002664298401420906,0.0,-0.14999999999999858,0.0,56.2,56.3,56.15,56.2,101.0,311.0,153.0,1264.0,False,False
006208,2022-10-26 10:53:08.895373,-0.002664298401420906,0.0,-0.14999999999999858,0.0,56.2,56.3,56.15,56.2,101.0,311.0,153.0,1264.0,False,False
006208,2022-10-26 10:53:08.956088,-0.002664298401420906,0.0,-0.14999999999999858,0.0,56.2,56.3,56.15,56.2,67.0,311.0,153.0,1264.0,False,False
006208,2022-10-26 10:53:09.316359,-0.002664298401420906,0.0,-0.14999999999999858,0.0,56.2,56.3,56.15,56.2,67.0,311.0,153.0,1264.0,False,False
006208,2022-10-26 10:53:09.329431,-0.002664298401420906,0.0,-0.14999999999999858,0.0,56.2,56.3,56.15,56.2,67.0,311.0,153.0,1264.0,False,False
006208,2022-10-26 10:53:09.346558,-0.002664298401420906,0.0,-0.14999999999999858,0.0,56.2,56.3,56.15,56.2,67.0,311.0,153.0,1264.0,False,False
006208,2022-10-26 10:53:10.094882,-0.002664298401420906,0.0,-0.14999999999999858,0.0,56.2,56.3,56.15,56.2,67.0,331.0,153.0,1264.0,False,False
006208,2022-10-26 10:53:10.135912,-0.002664298401420906,0.0,-0.14999999999999858,0.0,56.2,56.3,56.15,56.2,67.0,311.0,153.0,1264.0,False,False
006208,2022-10-26 10:53:10.343165,-0.002664298401420906,0.0,-0.14999999999999858,0.0,56.2,56.3,56.15,56.2,67.0,311.0,153.0,1264.0,False,False
006208,2022-10-26 10:53:10.343291,-0.002664298401420906,0.0,-0.14999999999999858,0.0,56.2,56.3,56.15,56.2,67.0,331.0,153.0,1264.0,False,False
006208,2022-10-26 10:53:10.533867,-0.002664298401420906,0.0,-0.14999999999999858,0.0,56.2,56.3,56.15,56.2,67.0,310.0,153.0,1264.0,False,False
006208,2022-10-26 10:53:10.467756,-0.002664298401420906,0.0,-0.14999999999999858,0.0,56.2,56.3,56.15,56.2,67.0,311.0,153.0,1264.0,False,False
006208,2022-10-26 10:53:12.238965,-0.002664298401420906,0.0,-0.14999999999999858,0.0,56.2,56.3,56.15,56.2,67.0,310.0,153.0,1264.0,False,False
006208,2022-10-26 10:53:12.901364,-0.002664298401420906,0.0,-0.14999999999999858,0.0,56.2,56.3,56.15,56.2,67.0,350.0,153.0,1264.0,False,False
006208,2022-10-26 10:53:13.240222,-0.001777777777777767,0.0,-0.10000000000000142,0.0,56.2,56.25,56.15,56.2,67.0,100.0,153.0,1264.0,False,False
006208,2022-10-26 10:53:13.341273,-0.001777777777777767,0.0,-0.10000000000000142,0.0,56.2,56.25,56.15,56.2,67.0,100.0,153.0,1264.0,False,False
006208,2022-10-26 10:53:13.450250,-0.001777777777777767,0.0,-0.10000000000000142,0.0,56.2,56.25,56.15,56.2,67.0,100.0,153.0,1264.0,False,False
006208,2022-10-26 10:53:13.591802,-0.001777777777777767,0.0,-0.10000000000000142,0.0,56.2,56.25,56.15,56.2,67.0,100.0,153.0,1264.0,False,False
006208,2022-10-26 10:53:14.373351,-0.001777777777777767,0.0,-0.10000000000000142,0.0,56.2,56.25,56.15,56.2,67.0,100.0,153.0,1264.0,False,False
006208,2022-10-26 10:53:14.452733,-0.001777777777777767,0.0,-0.10000000000000142,0.0,56.2,56.25,56.15,56.2,67.0,100.0,153.0,1264.0,False,False
006208,2022-10-26 10:53:14.461367,-0.001777777777777767,0.0,-0.10000000000000142,0.0,56.2,56.25,56.15,56.2,67.0,100.0,153.0,1264.0,False,False
006208,2022-10-26 10:53:16.626388,-0.001777777777777767,0.0,-0.10000000000000142,0.0,56.2,56.25,56.15,56.2,67.0,100.0,153.0,1264.0,True,True
006208,2022-10-26 10:53:17.137395,-0.001777777777777767,0.0,-0.10000000000000142,0.0,56.2,56.25,56.15,56.2,67.0,100.0,153.0,1264.0,False,False
006208,2022-10-26 10:53:18.358747,-0.001777777777777767,0.0,-0.10000000000000142,0.0,56.2,56.25,56.15,56.2,67.0,104.0,153.0,1264.0,False,False
006208,2022-10-26 10:53:19.870179,-0.001777777777777767,0.0,-0.10000000000000142,0.0,56.2,56.25,56.15,56.2,67.0,104.0,153.0,1264.0,False,False
006208,2022-10-26 10:53:20.181559,-0.001777777777777767,0.0,-0.10000000000000142,0.0,56.2,56.25,56.15,56.2,67.0,104.0,153.0,1264.0,False,False
006208,2022-10-26 10:53:20.181575,-0.001777777777777767,0.0,-0.10000000000000142,0.0,56.2,56.25,56.15,56.2,67.0,104.0,153.0,1264.0,False,False
006208,2022-10-26 10:53:20.570064,-0.001777777777777767,0.0,-0.10000000000000142,0.0,56.2,56.25,56.15,56.2,67.0,103.0,153.0,1264.0,False,False
006208,2022-10-26 10:53:22.471479,-0.001777777777777767,0.0,-0.10000000000000142,0.0,56.2,56.25,56.15,56.2,67.0,103.0,153.0,1264.0,False,False
006208,2022-10-26 10:53:23.587116,-0.001777777777777767,0.0,-0.10000000000000142,0.0,56.2,56.25,56.15,56.2,67.0,103.0,153.0,1264.0,False,False
006208,2022-10-26 10:53:23.590192,-0.001777777777777767,0.0,-0.10000000000000142,0.0,56.2,56.25,56.15,56.2,67.0,103.0,153.0,1264.0,False,False
006208,2022-10-26 10:53:23.726479,-0.001777777777777767,0.0,-0.10000000000000142,0.0,56.2,56.25,56.15,56.2,67.0,103.0,153.0,1264.0,False,False
006208,2022-10-26 10:53:23.797958,-0.001777777777777767,0.0,-0.10000000000000142,0.0,56.2,56.25,56.15,56.2,67.0,103.0,153.0,1264.0,False,False
006208,2022-10-26 10:53:25.150792,-0.001777777777777767,0.0,-0.10000000000000142,0.0,56.2,56.25,56.15,56.2,67.0,103.0,153.0,1264.0,False,False
006208,2022-10-26 10:53:25.197045,-0.001777777777777767,0.0,-0.10000000000000142,0.0,56.2,56.25,56.15,56.2,67.0,103.0,153.0,1264.0,False,False
006208,2022-10-26 10:53:25.557919,-0.001777777777777767,0.0,-0.10000000000000142,0.0,56.2,56.25,56.15,56.2,67.0,103.0,153.0,1264.0,False,False
006208,2022-10-26 10:53:25.635978,-0.001777777777777767,0.0,-0.10000000000000142,0.0,56.2,56.25,56.15,56.2,67.0,103.0,153.0,1264.0,False,False
006208,2022-10-26 10:53:26.667587,-0.001777777777777767,0.0,-0.10000000000000142,0.0,56.2,56.25,56.15,56.2,67.0,103.0,252.0,1264.0,True,True
006208,2022-10-26 10:53:27.138899,-0.001777777777777767,0.0,-0.10000000000000142,0.0,56.2,56.25,56.15,56.2,67.0,103.0,252.0,1264.0,False,False
006208,2022-10-26 10:53:27.139023,-0.001777777777777767,0.0,-0.10000000000000142,0.0,56.2,56.25,56.15,56.2,67.0,103.0,252.0,1264.0,False,False
006208,2022-10-26 10:53:27.606305,-0.001777777777777767,0.0,-0.10000000000000142,0.0,56.2,56.25,56.15,56.2,67.0,103.0,252.0,1264.0,False,False
006208,2022-10-26 10:53:27.606458,-0.001777777777777767,0.0,-0.10000000000000142,0.0,56.2,56.25,56.15,56.2,67.0,103.0,252.0,1264.0,False,False
006208,2022-10-26 10:53:29.226983,-0.001777777777777767,0.0,-0.10000000000000142,0.0,56.2,56.25,56.15,56.2,67.0,103.0,252.0,1264.0,False,False
006208,2022-10-26 10:53:29.227126,-0.001777777777777767,0.0,-0.10000000000000142,0.0,56.2,56.25,56.15,56.2,67.0,103.0,252.0,1264.0,False,False
006208,2022-10-26 10:53:29.530520,-0.001777777777777767,0.0,-0.10000000000000142,0.0,56.2,56.25,56.15,56.2,67.0,103.0,252.0,1264.0,False,False
006208,2022-10-26 10:53:29.530684,-0.001777777777777767,0.0,-0.10000000000000142,0.0,56.2,56.25,56.15,56.2,67.0,103.0,252.0,1264.0,False,False
006208,2022-10-26 10:53:30.290032,-0.001777777777777767,0.0,-0.10000000000000142,0.0,56.2,56.25,56.15,56.2,67.0,103.0,252.0,1264.0,False,False
006208,2022-10-26 10:53:30.290182,-0.001777777777777767,0.0,-0.10000000000000142,0.0,56.2,56.25,56.15,56.2,67.0,103.0,252.0,1264.0,False,False
006208,2022-10-26 10:53:30.409127,-0.001777777777777767,0.0,-0.10000000000000142,0.0,56.2,56.25,56.15,56.2,67.0,103.0,252.0,1264.0,False,False
006208,2022-10-26 10:53:30.543965,-0.001777777777777767,0.0,-0.10000000000000142,0.0,56.2,56.25,56.15,56.2,67.0,102.0,252.0,1264.0,False,False
006208,2022-10-26 10:53:32.209222,-0.001777777777777767,0.0,-0.10000000000000142,0.0,56.2,56.25,56.15,56.2,67.0,101.0,252.0,1264.0,False,False
006208,2022-10-26 10:53:33.162024,-0.001777777777777767,0.0,-0.10000000000000142,0.0,56.2,56.25,56.15,56.2,57.0,101.0,252.0,1264.0,False,False
006208,2022-10-26 10:53:33.641438,-0.001777777777777767,0.0,-0.10000000000000142,0.0,56.2,56.25,56.15,56.2,47.0,101.0,252.0,1264.0,False,False
006208,2022-10-26 10:53:33.715576,-0.001777777777777767,0.0,-0.10000000000000142,0.0,56.2,56.25,56.15,56.2,47.0,101.0,252.0,1264.0,False,False
006208,2022-10-26 10:53:33.719749,-0.001777777777777767,0.0,-0.10000000000000142,0.0,56.2,56.25,56.15,56.2,47.0,101.0,252.0,1264.0,False,False
006208,2022-10-26 10:53:33.851911,-0.001777777777777767,0.0,-0.10000000000000142,0.0,56.2,56.25,56.15,56.2,47.0,101.0,252.0,1264.0,False,False
006208,2022-10-26 10:53:34.041548,-0.001777777777777767,0.0,-0.10000000000000142,0.0,56.2,56.25,56.15,56.2,37.0,101.0,252.0,1264.0,False,False
006208,2022-10-26 10:53:34.473593,-0.001777777777777767,0.0,-0.10000000000000142,0.0,56.2,56.25,56.15,56.2,27.0,101.0,252.0,1264.0,False,False
006208,2022-10-26 10:53:34.570482,-0.001777777777777767,0.0,-0.10000000000000142,0.0,56.2,56.25,56.15,56.2,28.0,101.0,252.0,1264.0,False,False
006208,2022-10-26 10:53:34.882304,-0.001777777777777767,0.0,-0.10000000000000142,0.0,56.2,56.25,56.15,56.2,18.0,101.0,252.0,1264.0,False,False
006208,2022-10-26 10:53:35.329145,-0.001777777777777767,0.0,-0.10000000000000142,0.0,56.2,56.25,56.15,56.2,8.0,101.0,252.0,1264.0,False,False
006208,2022-10-26 10:53:35.813978,-0.001777777777777767,0.0,-0.10000000000000142,0.0,56.2,56.25,56.15,56.2,8.0,101.0,252.0,1264.0,False,False
006208,2022-10-26 10:53:35.814136,-0.001777777777777767,0.0,-0.10000000000000142,0.0,56.2,56.25,56.15,56.2,8.0,101.0,252.0,1264.0,False,False
006208,2022-10-26 10:53:35.897466,-0.000889679715302516,-0.000889679715302516,-0.05000000000000426,-0.05000000000000426,56.15,56.2,56.15,56.2,231.0,2.0,252.0,1264.0,False,False
006208,2022-10-26 10:53:35.977503,-0.000889679715302516,-0.000889679715302516,-0.05000000000000426,-0.05000000000000426,56.15,56.2,56.15,56.2,231.0,2.0,252.0,1264.0,False,False
006208,2022-10-26 10:53:35.987553,-0.000889679715302516,-0.000889679715302516,-0.05000000000000426,-0.05000000000000426,56.15,56.2,56.15,56.2,231.0,2.0,252.0,1264.0,False,False
006208,2022-10-26 10:53:36.185294,-0.000889679715302516,-0.000889679715302516,-0.05000000000000426,-0.05000000000000426,56.15,56.2,56.15,56.2,191.0,2.0,252.0,1264.0,False,False
006208,2022-10-26 10:53:36.251243,-0.000889679715302516,-0.000889679715302516,-0.05000000000000426,-0.05000000000000426,56.15,56.2,56.15,56.2,191.0,2.0,252.0,1264.0,False,False
006208,2022-10-26 10:53:36.291832,-0.000889679715302516,-0.000889679715302516,-0.05000000000000426,-0.05000000000000426,56.15,56.2,56.15,56.2,191.0,2.0,252.0,1264.0,False,False
006208,2022-10-26 10:53:36.705687,-0.000889679715302516,-0.000889679715302516,-0.05000000000000426,-0.05000000000000426,56.15,56.2,56.15,56.2,191.0,2.0,552.0,1564.0,True,True
006208,2022-10-26 10:53:36.850428,-0.001777777777777767,-0.000889679715302516,-0.10000000000000142,-0.05000000000000426,56.15,56.25,56.15,56.2,191.0,141.0,552.0,1564.0,False,False
006208,2022-10-26 10:53:36.884309,-0.001777777777777767,-0.000889679715302516,-0.10000000000000142,-0.05000000000000426,56.15,56.25,56.15,56.2,191.0,141.0,552.0,1564.0,False,False
006208,2022-10-26 10:53:37.033255,-0.001777777777777767,-0.000889679715302516,-0.10000000000000142,-0.05000000000000426,56.15,56.25,56.15,56.2,191.0,101.0,552.0,1564.0,False,False
006208,2022-10-26 10:53:37.101002,-0.001777777777777767,-0.000889679715302516,-0.10000000000000142,-0.05000000000000426,56.15,56.25,56.15,56.2,157.0,101.0,552.0,1564.0,False,False
006208,2022-10-26 10:53:37.175636,-0.001777777777777767,-0.000889679715302516,-0.10000000000000142,-0.05000000000000426,56.15,56.25,56.15,56.2,157.0,101.0,552.0,1564.0,False,False
006208,2022-10-26 10:53:37.332056,-0.001777777777777767,-0.000889679715302516,-0.10000000000000142,-0.05000000000000426,56.15,56.25,56.15,56.2,157.0,101.0,552.0,1564.0,False,False
006208,2022-10-26 10:53:37.836907,-0.001777777777777767,-0.000889679715302516,-0.10000000000000142,-0.05000000000000426,56.15,56.25,56.15,56.2,157.0,101.0,552.0,1564.0,False,False
006208,2022-10-26 10:53:37.842647,-0.001777777777777767,-0.000889679715302516,-0.10000000000000142,-0.05000000000000426,56.15,56.25,56.15,56.2,157.0,101.0,552.0,1564.0,False,False
006208,2022-10-26 10:53:38.219123,-0.001777777777777767,-0.000889679715302516,-0.10000000000000142,-0.05000000000000426,56.15,56.25,56.15,56.2,157.0,101.0,552.0,1564.0,False,False
006208,2022-10-26 10:53:38.226401,-0.001777777777777767,-0.000889679715302516,-0.10000000000000142,-0.05000000000000426,56.15,56.25,56.15,56.2,157.0,101.0,552.0,1564.0,False,False
006208,2022-10-26 10:53:38.848928,-0.001777777777777767,-0.000889679715302516,-0.10000000000000142,-0.05000000000000426,56.15,56.25,56.15,56.2,157.0,101.0,552.0,1564.0,False,False
006208,2022-10-26 10:53:38.870446,-0.001777777777777767,-0.000889679715302516,-0.10000000000000142,-0.05000000000000426,56.15,56.25,56.15,56.2,157.0,101.0,552.0,1564.0,False,False
006208,2022-10-26 10:53:40.208431,-0.001777777777777767,-0.000889679715302516,-0.10000000000000142,-0.05000000000000426,56.15,56.25,56.15,56.2,157.0,101.0,552.0,1564.0,False,False
006208,2022-10-26 10:53:40.208650,-0.001777777777777767,-0.000889679715302516,-0.10000000000000142,-0.05000000000000426,56.15,56.25,56.15,56.2,157.0,101.0,552.0,1564.0,False,False
006208,2022-10-26 10:53:40.262303,-0.001777777777777767,-0.000889679715302516,-0.10000000000000142,-0.05000000000000426,56.15,56.25,56.15,56.2,157.0,101.0,552.0,1564.0,False,False
006208,2022-10-26 10:53:40.653160,-0.001777777777777767,-0.000889679715302516,-0.10000000000000142,-0.05000000000000426,56.15,56.25,56.15,56.2,157.0,101.0,552.0,1564.0,False,False
006208,2022-10-26 10:53:40.653265,-0.001777777777777767,-0.000889679715302516,-0.10000000000000142,-0.05000000000000426,56.15,56.25,56.15,56.2,157.0,101.0,552.0,1564.0,False,False
006208,2022-10-26 10:53:40.743999,-0.001777777777777767,-0.000889679715302516,-0.10000000000000142,-0.05000000000000426,56.15,56.25,56.15,56.2,157.0,101.0,552.0,1564.0,False,False
006208,2022-10-26 10:53:41.640629,-0.001777777777777767,-0.000889679715302516,-0.10000000000000142,-0.05000000000000426,56.15,56.25,56.15,56.2,157.0,101.0,552.0,1564.0,False,False
006208,2022-10-26 10:53:41.663120,-0.001777777777777767,-0.000889679715302516,-0.10000000000000142,-0.05000000000000426,56.15,56.25,56.15,56.2,157.0,101.0,552.0,1564.0,False,False
006208,2022-10-26 10:53:44.684422,-0.001777777777777767,-0.000889679715302516,-0.10000000000000142,-0.05000000000000426,56.15,56.25,56.15,56.2,157.0,98.0,552.0,1564.0,False,False
006208,2022-10-26 10:53:45.939872,-0.001777777777777767,-0.000889679715302516,-0.10000000000000142,-0.05000000000000426,56.15,56.25,56.15,56.2,157.0,98.0,552.0,1564.0,False,False
006208,2022-10-26 10:53:46.670847,-0.001777777777777767,0.0,-0.10000000000000142,0.0,56.2,56.25,56.15,56.2,1.0,98.0,552.0,1564.0,False,False
006208,2022-10-26 10:53:46.724837,-0.001777777777777767,0.0,-0.10000000000000142,0.0,56.2,56.25,56.15,56.2,1.0,98.0,552.0,1564.0,False,False
006208,2022-10-26 10:53:47.037656,-0.001777777777777767,0.0,-0.10000000000000142,0.0,56.2,56.25,56.15,56.2,1.0,98.0,552.0,1564.0,False,False
006208,2022-10-26 10:53:47.043133,-0.001777777777777767,0.0,-0.10000000000000142,0.0,56.2,56.25,56.15,56.2,1.0,98.0,552.0,1564.0,False,False
006208,2022-10-26 10:53:50.105070,-0.001777777777777767,0.0,-0.10000000000000142,0.0,56.2,56.25,56.15,56.2,1.0,98.0,552.0,1564.0,False,False
006208,2022-10-26 10:53:50.192577,-0.001777777777777767,0.0,-0.10000000000000142,0.0,56.2,56.25,56.15,56.2,1.0,98.0,552.0,1564.0,False,False
006208,2022-10-26 10:53:50.202161,-0.001777777777777767,0.0,-0.10000000000000142,0.0,56.2,56.25,56.15,56.2,1.0,98.0,552.0,1564.0,False,False
006208,2022-10-26 10:53:50.554306,-0.001777777777777767,0.0,-0.10000000000000142,0.0,56.2,56.25,56.15,56.2,1.0,97.0,552.0,1564.0,False,False
006208,2022-10-26 10:53:51.142835,-0.001777777777777767,0.0,-0.10000000000000142,0.0,56.2,56.25,56.15,56.2,1.0,97.0,552.0,1564.0,False,False
006208,2022-10-26 10:53:51.158007,-0.001777777777777767,0.0,-0.10000000000000142,0.0,56.2,56.25,56.15,56.2,1.0,97.0,552.0,1564.0,False,False
006208,2022-10-26 10:53:51.292672,-0.001777777777777767,0.0,-0.10000000000000142,0.0,56.2,56.25,56.15,56.2,1.0,97.0,552.0,1564.0,False,False
006208,2022-10-26 10:53:52.358837,-0.001777777777777767,0.0,-0.10000000000000142,0.0,56.2,56.25,56.15,56.2,1.0,97.0,552.0,1564.0,False,False
006208,2022-10-26 10:53:52.369074,-0.001777777777777767,0.0,-0.10000000000000142,0.0,56.2,56.25,56.15,56.2,1.0,97.0,552.0,1564.0,False,False
006208,2022-10-26 10:53:52.470688,-0.001777777777777767,0.0,-0.10000000000000142,0.0,56.2,56.25,56.15,56.2,1.0,97.0,552.0,1564.0,False,False
006208,2022-10-26 10:53:54.438453,-0.001777777777777767,0.0,-0.10000000000000142,0.0,56.2,56.25,56.15,56.2,1.0,97.0,552.0,1564.0,False,False
006208,2022-10-26 10:53:54.478110,-0.001777777777777767,0.0,-0.10000000000000142,0.0,56.2,56.25,56.15,56.2,1.0,97.0,552.0,1564.0,False,False
006208,2022-10-26 10:53:54.764911,-0.001777777777777767,0.0,-0.10000000000000142,0.0,56.2,56.25,56.15,56.2,1.0,137.0,552.0,1564.0,False,False
006208,2022-10-26 10:53:56.227749,-0.001777777777777767,0.0,-0.10000000000000142,0.0,56.2,56.25,56.15,56.2,1.0,137.0,552.0,1564.0,False,False
006208,2022-10-26 10:53:56.233227,-0.001777777777777767,0.0,-0.10000000000000142,0.0,56.2,56.25,56.15,56.2,1.0,212.0,552.0,1564.0,False,False
006208,2022-10-26 10:53:56.789076,-0.001777777777777767,0.0,-0.10000000000000142,0.0,56.2,56.25,56.15,56.2,1.0,212.0,552.0,984.0,True,True
006208,2022-10-26 10:53:57.035833,-0.001777777777777767,0.0,-0.10000000000000142,0.0,56.2,56.25,56.15,56.2,1.0,212.0,552.0,984.0,False,False
006208,2022-10-26 10:53:57.039059,-0.001777777777777767,0.0,-0.10000000000000142,0.0,56.2,56.25,56.15,56.2,1.0,212.0,552.0,984.0,False,False
006208,2022-10-26 10:53:57.237285,-0.001777777777777767,0.0,-0.10000000000000142,0.0,56.2,56.25,56.15,56.2,1.0,212.0,552.0,984.0,False,False
006208,2022-10-26 10:53:58.018616,-0.001777777777777767,0.0,-0.10000000000000142,0.0,56.2,56.25,56.15,56.2,1.0,172.0,552.0,984.0,False,False
006208,2022-10-26 10:53:58.058020,-0.001777777777777767,0.0,-0.10000000000000142,0.0,56.2,56.25,56.15,56.2,1.0,172.0,552.0,984.0,False,False
006208,2022-10-26 10:53:58.155500,-0.001777777777777767,0.0,-0.10000000000000142,0.0,56.2,56.25,56.15,56.2,1.0,172.0,552.0,984.0,False,False
006208,2022-10-26 10:54:00.402093,-0.001777777777777767,0.0,-0.10000000000000142,0.0,56.2,56.25,56.15,56.2,1.0,172.0,552.0,984.0,False,False
006208,2022-10-26 10:54:00.402125,-0.001777777777777767,0.0,-0.10000000000000142,0.0,56.2,56.25,56.15,56.2,1.0,172.0,552.0,984.0,False,False
006208,2022-10-26 10:54:00.574666,-0.001777777777777767,0.0,-0.10000000000000142,0.0,56.2,56.25,56.15,56.2,1.0,211.0,552.0,984.0,False,False
006208,2022-10-26 10:54:00.525549,-0.001777777777777767,0.0,-0.10000000000000142,0.0,56.2,56.25,56.15,56.2,1.0,212.0,552.0,984.0,False,False
006208,2022-10-26 10:54:00.733101,-0.001777777777777767,0.0,-0.10000000000000142,0.0,56.2,56.25,56.15,56.2,1.0,211.0,552.0,984.0,False,False
006208,2022-10-26 10:54:00.738107,-0.001777777777777767,0.0,-0.10000000000000142,0.0,56.2,56.25,56.15,56.2,1.0,211.0,552.0,984.0,False,False
006208,2022-10-26 10:54:03.878756,-0.001777777777777767,0.0,-0.10000000000000142,0.0,56.2,56.25,56.15,56.2,1.0,211.0,552.0,984.0,False,False
006208,2022-10-26 10:54:03.879437,-0.001777777777777767,0.0,-0.10000000000000142,0.0,56.2,56.25,56.15,56.2,1.0,211.0,552.0,984.0,False,False
006208,2022-10-26 10:54:03.888411,-0.001777777777777767,0.0,-0.10000000000000142,0.0,56.2,56.25,56.15,56.2,1.0,211.0,552.0,984.0,False,False
006208,2022-10-26 10:54:05.261841,-0.001777777777777767,0.0,-0.10000000000000142,0.0,56.2,56.25,56.15,56.2,1.0,210.0,552.0,984.0,False,False
006208,2022-10-26 10:54:06.058360,-0.001777777777777767,0.0,-0.10000000000000142,0.0,56.2,56.25,56.15,56.2,1.0,210.0,552.0,984.0,False,False
006208,2022-10-26 10:54:06.059033,-0.001777777777777767,0.0,-0.10000000000000142,0.0,56.2,56.25,56.15,56.2,1.0,210.0,552.0,984.0,False,False
006208,2022-10-26 10:54:06.834572,-0.001777777777777767,0.0,-0.10000000000000142,0.0,56.2,56.25,56.15,56.2,1.0,210.0,752.0,984.0,True,True
006208,2022-10-26 10:54:07.164321,-0.001777777777777767,0.0,-0.10000000000000142,0.0,56.2,56.25,56.15,56.2,1.0,210.0,752.0,984.0,False,False
006208,2022-10-26 10:54:07.168675,-0.001777777777777767,0.0,-0.10000000000000142,0.0,56.2,56.25,56.15,56.2,1.0,210.0,752.0,984.0,False,False
006208,2022-10-26 10:54:07.298452,-0.001777777777777767,0.0,-0.10000000000000142,0.0,56.2,56.25,56.15,56.2,1.0,210.0,752.0,984.0,False,False
006208,2022-10-26 10:54:07.397852,-0.001777777777777767,0.0,-0.10000000000000142,0.0,56.2,56.25,56.15,56.2,1.0,210.0,752.0,984.0,False,False
006208,2022-10-26 10:54:07.702464,-0.001777777777777767,0.0,-0.10000000000000142,0.0,56.2,56.25,56.15,56.2,1.0,210.0,752.0,984.0,False,False
006208,2022-10-26 10:54:07.714321,-0.001777777777777767,0.0,-0.10000000000000142,0.0,56.2,56.25,56.15,56.2,1.0,210.0,752.0,984.0,False,False
006208,2022-10-26 10:54:09.521429,-0.001777777777777767,0.0,-0.10000000000000142,0.0,56.2,56.25,56.15,56.2,1.0,210.0,752.0,984.0,False,False
006208,2022-10-26 10:54:09.532685,-0.001777777777777767,0.0,-0.10000000000000142,0.0,56.2,56.25,56.15,56.2,1.0,210.0,752.0,984.0,False,False
006208,2022-10-26 10:54:10.548446,-0.001777777777777767,0.0,-0.10000000000000142,0.0,56.2,56.25,56.15,56.2,1.0,209.0,752.0,984.0,False,False
006208,2022-10-26 10:54:11.076708,-0.001777777777777767,0.0,-0.10000000000000142,0.0,56.2,56.25,56.15,56.2,1.0,209.0,752.0,984.0,False,False
006208,2022-10-26 10:54:11.577350,-0.001777777777777767,0.0,-0.10000000000000142,0.0,56.2,56.25,56.15,56.2,1.0,209.0,752.0,984.0,False,False
006208,2022-10-26 10:54:11.582142,-0.001777777777777767,0.0,-0.10000000000000142,0.0,56.2,56.25,56.15,56.2,1.0,209.0,752.0,984.0,False,False
006208,2022-10-26 10:54:12.142502,-0.001777777777777767,0.0,-0.10000000000000142,0.0,56.2,56.25,56.15,56.2,1.0,209.0,752.0,984.0,False,False
006208,2022-10-26 10:54:12.147570,-0.001777777777777767,0.0,-0.10000000000000142,0.0,56.2,56.25,56.15,56.2,1.0,209.0,752.0,984.0,False,False
006208,2022-10-26 10:54:13.721071,-0.001777777777777767,0.0,-0.10000000000000142,0.0,56.2,56.25,56.15,56.2,1.0,209.0,752.0,984.0,False,False
006208,2022-10-26 10:54:13.726092,-0.001777777777777767,0.0,-0.10000000000000142,0.0,56.2,56.25,56.15,56.2,1.0,209.0,752.0,984.0,False,False
006208,2022-10-26 10:54:14.731410,-0.001777777777777767,0.0,-0.10000000000000142,0.0,56.2,56.25,56.15,56.2,1.0,209.0,752.0,984.0,False,False
006208,2022-10-26 10:54:14.736715,-0.001777777777777767,0.0,-0.10000000000000142,0.0,56.2,56.25,56.15,56.2,1.0,209.0,752.0,984.0,False,False
006208,2022-10-26 10:54:16.382547,-0.001777777777777767,0.0,-0.10000000000000142,0.0,56.2,56.25,56.15,56.2,1.0,134.0,752.0,984.0,False,False
006208,2022-10-26 10:54:16.489266,-0.001777777777777767,0.0,-0.10000000000000142,0.0,56.2,56.25,56.15,56.2,1.0,134.0,752.0,984.0,False,False
006208,2022-10-26 10:54:16.875537,-0.001777777777777767,0.0,-0.10000000000000142,0.0,56.2,56.25,56.15,56.2,1.0,134.0,752.0,784.0,True,True
006208,2022-10-26 10:54:17.295838,-0.001777777777777767,0.0,-0.10000000000000142,0.0,56.2,56.25,56.15,56.2,1.0,134.0,752.0,784.0,False,False
006208,2022-10-26 10:54:17.358643,-0.001777777777777767,0.0,-0.10000000000000142,0.0,56.2,56.25,56.15,56.2,1.0,134.0,752.0,784.0,False,False
006208,2022-10-26 10:54:17.426172,-0.001777777777777767,0.0,-0.10000000000000142,0.0,56.2,56.25,56.15,56.2,1.0,134.0,752.0,784.0,False,False
006208,2022-10-26 10:54:17.625712,-0.001777777777777767,0.0,-0.10000000000000142,0.0,56.2,56.25,56.15,56.2,1.0,134.0,752.0,784.0,False,False
006208,2022-10-26 10:54:20.600372,-0.001777777777777767,0.0,-0.10000000000000142,0.0,56.2,56.25,56.15,56.2,1.0,133.0,752.0,784.0,False,False
006208,2022-10-26 10:54:25.556763,-0.001777777777777767,0.0,-0.10000000000000142,0.0,56.2,56.25,56.15,56.2,2.0,133.0,752.0,784.0,False,False
006208,2022-10-26 10:54:26.913645,-0.001777777777777767,0.0,-0.10000000000000142,0.0,56.2,56.25,56.15,56.2,2.0,133.0,752.0,984.0,True,True
006208,2022-10-26 10:54:27.411365,-0.001777777777777767,0.0,-0.10000000000000142,0.0,56.2,56.25,56.15,56.2,2.0,133.0,752.0,984.0,False,False
006208,2022-10-26 10:54:27.490683,-0.001777777777777767,0.0,-0.10000000000000142,0.0,56.2,56.25,56.15,56.2,2.0,133.0,752.0,984.0,False,False
006208,2022-10-26 10:54:27.623555,-0.001777777777777767,0.0,-0.10000000000000142,0.0,56.2,56.25,56.15,56.2,2.0,133.0,752.0,984.0,False,False
006208,2022-10-26 10:54:27.691122,-0.001777777777777767,0.0,-0.10000000000000142,0.0,56.2,56.25,56.15,56.2,2.0,133.0,752.0,984.0,False,False
006208,2022-10-26 10:54:27.823347,-0.001777777777777767,0.0,-0.10000000000000142,0.0,56.2,56.25,56.15,56.2,2.0,133.0,752.0,984.0,False,False
006208,2022-10-26 10:54:30.264498,-0.001777777777777767,0.0,-0.10000000000000142,0.0,56.2,56.25,56.15,56.2,2.0,133.0,752.0,984.0,False,False
006208,2022-10-26 10:54:30.264629,-0.001777777777777767,0.0,-0.10000000000000142,0.0,56.2,56.25,56.15,56.2,2.0,133.0,752.0,984.0,False,False
006208,2022-10-26 10:54:30.574074,-0.001777777777777767,0.0,-0.10000000000000142,0.0,56.2,56.25,56.15,56.2,2.0,132.0,752.0,984.0,False,False
006208,2022-10-26 10:54:31.358970,-0.001777777777777767,0.0,-0.10000000000000142,0.0,56.2,56.25,56.15,56.2,2.0,132.0,752.0,984.0,False,False
006208,2022-10-26 10:54:31.359136,-0.001777777777777767,0.0,-0.10000000000000142,0.0,56.2,56.25,56.15,56.2,2.0,132.0,752.0,984.0,False,False
006208,2022-10-26 10:54:32.653193,-0.001777777777777767,0.0,-0.10000000000000142,0.0,56.2,56.25,56.15,56.2,2.0,132.0,752.0,984.0,False,False
006208,2022-10-26 10:54:32.665778,-0.001777777777777767,0.0,-0.10000000000000142,0.0,56.2,56.25,56.15,56.2,2.0,132.0,752.0,984.0,False,False
006208,2022-10-26 10:54:33.711601,-0.001777777777777767,0.0,-0.10000000000000142,0.0,56.2,56.25,56.15,56.2,2.0,132.0,752.0,984.0,False,False
006208,2022-10-26 10:54:33.756927,-0.001777777777777767,0.0,-0.10000000000000142,0.0,56.2,56.25,56.15,56.2,2.0,131.0,752.0,984.0,False,False
006208,2022-10-26 10:54:33.711832,-0.001777777777777767,0.0,-0.10000000000000142,0.0,56.2,56.25,56.15,56.2,2.0,132.0,752.0,984.0,False,False
006208,2022-10-26 10:54:34.406426,-0.001777777777777767,0.0,-0.10000000000000142,0.0,56.2,56.25,56.15,56.2,2.0,131.0,752.0,984.0,False,False
006208,2022-10-26 10:54:34.406650,-0.001777777777777767,0.0,-0.10000000000000142,0.0,56.2,56.25,56.15,56.2,2.0,131.0,752.0,984.0,False,False
006208,2022-10-26 10:54:35.243711,-0.001777777777777767,0.0,-0.10000000000000142,0.0,56.2,56.25,56.15,56.2,2.0,131.0,752.0,984.0,False,False
006208,2022-10-26 10:54:35.248935,-0.001777777777777767,0.0,-0.10000000000000142,0.0,56.2,56.25,56.15,56.2,2.0,131.0,752.0,984.0,False,False
006208,2022-10-26 10:54:35.260201,-0.001777777777777767,0.0,-0.10000000000000142,0.0,56.2,56.25,56.15,56.2,2.0,161.0,752.0,984.0,False,False
006208,2022-10-26 10:54:35.814844,-0.001777777777777767,0.0,-0.10000000000000142,0.0,56.2,56.25,56.15,56.2,2.0,161.0,752.0,984.0,False,False
006208,2022-10-26 10:54:35.815072,-0.001777777777777767,0.0,-0.10000000000000142,0.0,56.2,56.25,56.15,56.2,2.0,161.0,752.0,984.0,False,False
006208,2022-10-26 10:54:36.365726,-0.001777777777777767,0.0,-0.10000000000000142,0.0,56.2,56.25,56.15,56.2,2.0,161.0,752.0,984.0,False,False
006208,2022-10-26 10:54:36.540966,-0.001777777777777767,0.0,-0.10000000000000142,0.0,56.2,56.25,56.15,56.2,2.0,131.0,752.0,984.0,False,False
006208,2022-10-26 10:54:36.551664,-0.001777777777777767,0.0,-0.10000000000000142,0.0,56.2,56.25,56.15,56.2,2.0,131.0,752.0,984.0,False,False
006208,2022-10-26 10:54:37.545683,-0.001777777777777767,0.0,-0.10000000000000142,0.0,56.2,56.25,56.15,56.2,2.0,131.0,752.0,984.0,False,False
006208,2022-10-26 10:54:37.549109,-0.001777777777777767,0.0,-0.10000000000000142,0.0,56.2,56.25,56.15,56.2,2.0,131.0,752.0,984.0,False,False
006208,2022-10-26 10:54:37.748086,-0.001777777777777767,0.0,-0.10000000000000142,0.0,56.2,56.25,56.15,56.2,2.0,131.0,752.0,984.0,False,False
006208,2022-10-26 10:54:37.824082,-0.001777777777777767,0.0,-0.10000000000000142,0.0,56.2,56.25,56.15,56.2,2.0,131.0,752.0,984.0,False,False
006208,2022-10-26 10:54:37.888599,-0.001777777777777767,0.0,-0.10000000000000142,0.0,56.2,56.25,56.15,56.2,2.0,131.0,752.0,984.0,False,False
006208,2022-10-26 10:54:38.188689,-0.001777777777777767,0.0,-0.10000000000000142,0.0,56.2,56.25,56.15,56.2,2.0,130.0,752.0,984.0,False,False
006208,2022-10-26 10:54:38.781589,-0.001777777777777767,0.0,-0.10000000000000142,0.0,56.2,56.25,56.15,56.2,2.0,130.0,752.0,984.0,False,False
006208,2022-10-26 10:54:40.372986,-0.001777777777777767,0.0,-0.10000000000000142,0.0,56.2,56.25,56.15,56.2,2.0,129.0,752.0,984.0,False,False
006208,2022-10-26 10:54:40.398865,-0.001777777777777767,0.0,-0.10000000000000142,0.0,56.2,56.25,56.15,56.2,2.0,44.0,752.0,984.0,False,False
006208,2022-10-26 10:54:40.522609,-0.001777777777777767,0.0,-0.10000000000000142,0.0,56.2,56.25,56.15,56.2,2.0,44.0,752.0,984.0,False,False
006208,2022-10-26 10:54:41.399606,-0.001777777777777767,0.0,-0.10000000000000142,0.0,56.2,56.25,56.15,56.2,2.0,44.0,752.0,984.0,False,False
006208,2022-10-26 10:54:41.869585,-0.001777777777777767,0.0,-0.10000000000000142,0.0,56.2,56.25,56.15,56.2,2.0,44.0,752.0,984.0,False,False
006208,2022-10-26 10:54:42.069898,-0.001777777777777767,0.0,-0.10000000000000142,0.0,56.2,56.25,56.15,56.2,2.0,44.0,752.0,984.0,False,False
006208,2022-10-26 10:54:42.083711,-0.001777777777777767,0.0,-0.10000000000000142,0.0,56.2,56.25,56.15,56.2,2.0,74.0,752.0,984.0,False,False
006208,2022-10-26 10:54:42.785570,-0.001777777777777767,0.0,-0.10000000000000142,0.0,56.2,56.25,56.15,56.2,2.0,74.0,752.0,984.0,False,False
006208,2022-10-26 10:54:44.253488,-0.001777777777777767,0.0,-0.10000000000000142,0.0,56.2,56.25,56.15,56.2,2.0,74.0,752.0,984.0,False,False
006208,2022-10-26 10:54:44.264614,-0.001777777777777767,0.0,-0.10000000000000142,0.0,56.2,56.25,56.15,56.2,2.0,74.0,752.0,984.0,False,False
006208,2022-10-26 10:54:44.862996,-0.001777777777777767,0.0,-0.10000000000000142,0.0,56.2,56.25,56.15,56.2,2.0,74.0,752.0,984.0,False,False
006208,2022-10-26 10:54:44.877197,-0.001777777777777767,0.0,-0.10000000000000142,0.0,56.2,56.25,56.15,56.2,2.0,44.0,752.0,984.0,False,False
006208,2022-10-26 10:54:46.073013,-0.001777777777777767,0.0,-0.10000000000000142,0.0,56.2,56.25,56.15,56.2,2.0,44.0,752.0,984.0,False,False
006208,2022-10-26 10:54:46.085753,-0.001777777777777767,0.0,-0.10000000000000142,0.0,56.2,56.25,56.15,56.2,2.0,44.0,752.0,984.0,False,False
006208,2022-10-26 10:54:46.994994,-0.001777777777777767,0.0,-0.10000000000000142,0.0,56.2,56.25,56.15,56.2,2.0,44.0,752.0,685.0,True,True
006208,2022-10-26 10:54:47.536080,-0.001777777777777767,0.0,-0.10000000000000142,0.0,56.2,56.25,56.15,56.2,2.0,44.0,752.0,685.0,False,False
006208,2022-10-26 10:54:47.675174,-0.001777777777777767,0.0,-0.10000000000000142,0.0,56.2,56.25,56.15,56.2,2.0,44.0,752.0,685.0,False,False
006208,2022-10-26 10:54:47.677945,-0.001777777777777767,0.0,-0.10000000000000142,0.0,56.2,56.25,56.15,56.2,2.0,44.0,752.0,685.0,False,False
006208,2022-10-26 10:54:47.807710,-0.001777777777777767,0.0,-0.10000000000000142,0.0,56.2,56.25,56.15,56.2,2.0,44.0,752.0,685.0,False,False
006208,2022-10-26 10:54:48.800760,-0.001777777777777767,0.0,-0.10000000000000142,0.0,56.2,56.25,56.15,56.2,2.0,44.0,752.0,685.0,False,False
006208,2022-10-26 10:54:48.811319,-0.001777777777777767,0.0,-0.10000000000000142,0.0,56.2,56.25,56.15,56.2,2.0,44.0,752.0,685.0,False,False
006208,2022-10-26 10:54:49.566549,-0.001777777777777767,0.0,-0.10000000000000142,0.0,56.2,56.25,56.15,56.2,2.0,44.0,752.0,685.0,False,False
006208,2022-10-26 10:54:49.574829,-0.001777777777777767,0.0,-0.10000000000000142,0.0,56.2,56.25,56.15,56.2,2.0,44.0,752.0,685.0,False,False
006208,2022-10-26 10:54:49.728675,-0.001777777777777767,0.0,-0.10000000000000142,0.0,56.2,56.25,56.15,56.2,2.0,44.0,752.0,685.0,False,False
006208,2022-10-26 10:54:50.599870,-0.001777777777777767,0.0,-0.10000000000000142,0.0,56.2,56.25,56.15,56.2,2.0,43.0,752.0,685.0,False,False
006208,2022-10-26 10:54:52.894961,-0.001777777777777767,0.0,-0.10000000000000142,0.0,56.2,56.25,56.15,56.2,2.0,43.0,752.0,685.0,False,False
006208,2022-10-26 10:54:52.895227,-0.001777777777777767,0.0,-0.10000000000000142,0.0,56.2,56.25,56.15,56.2,2.0,43.0,752.0,685.0,False,False
006208,2022-10-26 10:54:54.833625,-0.001777777777777767,0.0,-0.10000000000000142,0.0,56.2,56.25,56.15,56.2,2.0,43.0,752.0,685.0,False,False
006208,2022-10-26 10:54:54.833810,-0.001777777777777767,0.0,-0.10000000000000142,0.0,56.2,56.25,56.15,56.2,2.0,43.0,752.0,685.0,False,False
006208,2022-10-26 10:54:55.353256,-0.001777777777777767,0.0,-0.10000000000000142,0.0,56.2,56.25,56.15,56.2,2.0,43.0,752.0,685.0,False,False
006208,2022-10-26 10:54:55.353503,-0.001777777777777767,0.0,-0.10000000000000142,0.0,56.2,56.25,56.15,56.2,2.0,43.0,752.0,685.0,False,False
006208,2022-10-26 10:54:55.934820,-0.001777777777777767,0.0,-0.10000000000000142,0.0,56.2,56.25,56.15,56.2,2.0,43.0,752.0,685.0,False,False
006208,2022-10-26 10:54:56.385272,-0.001777777777777767,0.0,-0.10000000000000142,0.0,56.2,56.25,56.15,56.2,1.0,43.0,752.0,685.0,False,False
006208,2022-10-26 10:54:56.533439,-0.001777777777777767,0.0,-0.10000000000000142,0.0,56.2,56.25,56.15,56.2,1.0,43.0,752.0,685.0,False,False
006208,2022-10-26 10:54:56.995427,-0.001777777777777767,0.0,-0.10000000000000142,0.0,56.2,56.25,56.15,56.2,1.0,43.0,653.0,585.0,True,True
006208,2022-10-26 10:54:57.737842,-0.001777777777777767,0.0,-0.10000000000000142,0.0,56.2,56.25,56.15,56.2,1.0,43.0,653.0,585.0,False,False
006208,2022-10-26 10:54:57.761169,-0.001777777777777767,0.0,-0.10000000000000142,0.0,56.2,56.25,56.15,56.2,1.0,43.0,653.0,585.0,False,False
006208,2022-10-26 10:54:57.890163,-0.001777777777777767,0.0,-0.10000000000000142,0.0,56.2,56.25,56.15,56.2,1.0,43.0,653.0,585.0,False,False
006208,2022-10-26 10:54:58.835448,-0.001777777777777767,0.0,-0.10000000000000142,0.0,56.2,56.25,56.15,56.2,1.0,43.0,653.0,585.0,False,False
006208,2022-10-26 10:54:58.849971,-0.001777777777777767,0.0,-0.10000000000000142,0.0,56.2,56.25,56.15,56.2,1.0,73.0,653.0,585.0,False,False
006208,2022-10-26 10:55:00.522483,-0.001777777777777767,0.0,-0.10000000000000142,0.0,56.2,56.25,56.15,56.2,1.0,72.0,653.0,585.0,False,False
006208,2022-10-26 10:55:00.554750,-0.001777777777777767,0.0,-0.10000000000000142,0.0,56.2,56.25,56.15,56.2,1.0,72.0,653.0,585.0,False,False
006208,2022-10-26 10:55:01.549081,-0.001777777777777767,0.0,-0.10000000000000142,0.0,56.2,56.25,56.15,56.2,1.0,72.0,653.0,585.0,False,False
006208,2022-10-26 10:55:01.627151,-0.001777777777777767,0.0,-0.10000000000000142,0.0,56.2,56.25,56.15,56.2,1.0,72.0,653.0,585.0,False,False
006208,2022-10-26 10:55:01.669661,-0.001777777777777767,0.0,-0.10000000000000142,0.0,56.2,56.25,56.15,56.2,1.0,42.0,653.0,585.0,False,False
006208,2022-10-26 10:55:01.968408,-0.001777777777777767,0.0,-0.10000000000000142,0.0,56.2,56.25,56.15,56.2,1.0,42.0,653.0,585.0,False,False
006208,2022-10-26 10:55:01.972659,-0.001777777777777767,0.0,-0.10000000000000142,0.0,56.2,56.25,56.15,56.2,1.0,42.0,653.0,585.0,False,False
006208,2022-10-26 10:55:02.288059,-0.001777777777777767,0.0,-0.10000000000000142,0.0,56.2,56.25,56.15,56.2,2.0,42.0,653.0,585.0,False,False
006208,2022-10-26 10:55:02.890232,-0.001777777777777767,0.0,-0.10000000000000142,0.0,56.2,56.25,56.15,56.2,3.0,42.0,653.0,585.0,False,False
006208,2022-10-26 10:55:05.673173,-0.001777777777777767,0.0,-0.10000000000000142,0.0,56.2,56.25,56.15,56.2,3.0,47.0,653.0,585.0,False,False
006208,2022-10-26 10:55:05.920251,-0.001777777777777767,0.0,-0.10000000000000142,0.0,56.2,56.25,56.15,56.2,3.0,47.0,653.0,585.0,False,False
006208,2022-10-26 10:55:05.928319,-0.001777777777777767,0.0,-0.10000000000000142,0.0,56.2,56.25,56.15,56.2,3.0,47.0,653.0,585.0,False,False
006208,2022-10-26 10:55:06.374451,-0.001777777777777767,0.0,-0.10000000000000142,0.0,56.2,56.25,56.15,56.2,3.0,47.0,653.0,585.0,False,True
006208,2022-10-26 10:55:07.823016,-0.001777777777777767,0.0,-0.10000000000000142,0.0,56.2,56.25,56.15,56.2,3.0,47.0,653.0,585.0,False,False
006208,2022-10-26 10:55:07.828127,-0.001777777777777767,0.0,-0.10000000000000142,0.0,56.2,56.25,56.15,56.2,3.0,47.0,653.0,585.0,False,False
006208,2022-10-26 10:55:08.009218,-0.001777777777777767,0.0,-0.10000000000000142,0.0,56.2,56.25,56.15,56.2,3.0,47.0,653.0,585.0,False,False
006208,2022-10-26 10:55:10.473476,-0.001777777777777767,0.0,-0.10000000000000142,0.0,56.2,56.25,56.15,56.2,3.0,46.0,653.0,585.0,False,False
006208,2022-10-26 10:55:11.332203,-0.001777777777777767,0.0,-0.10000000000000142,0.0,56.2,56.25,56.15,56.2,3.0,46.0,653.0,585.0,False,False
006208,2022-10-26 10:55:11.376367,-0.001777777777777767,0.0,-0.10000000000000142,0.0,56.2,56.25,56.15,56.2,3.0,46.0,653.0,585.0,False,False
006208,2022-10-26 10:55:14.897722,-0.001777777777777767,0.0,-0.10000000000000142,0.0,56.2,56.25,56.15,56.2,3.0,46.0,653.0,585.0,False,False
006208,2022-10-26 10:55:14.897962,-0.001777777777777767,0.0,-0.10000000000000142,0.0,56.2,56.25,56.15,56.2,3.0,46.0,653.0,585.0,False,False
006208,2022-10-26 10:55:15.189779,-0.001777777777777767,0.0,-0.10000000000000142,0.0,56.2,56.25,56.15,56.2,3.0,46.0,653.0,585.0,False,False
006208,2022-10-26 10:55:15.190008,-0.001777777777777767,0.0,-0.10000000000000142,0.0,56.2,56.25,56.15,56.2,3.0,46.0,653.0,585.0,False,False
006208,2022-10-26 10:55:15.624727,-0.001777777777777767,0.0,-0.10000000000000142,0.0,56.2,56.25,56.15,56.2,3.0,46.0,653.0,585.0,False,False
006208,2022-10-26 10:55:15.634666,-0.001777777777777767,0.0,-0.10000000000000142,0.0,56.2,56.25,56.15,56.2,3.0,46.0,653.0,585.0,False,False
006208,2022-10-26 10:55:16.375382,-0.001777777777777767,0.0,-0.10000000000000142,0.0,56.2,56.25,56.15,56.2,3.0,46.0,653.0,585.0,True,True
006208,2022-10-26 10:55:17.912155,-0.001777777777777767,0.0,-0.10000000000000142,0.0,56.2,56.25,56.15,56.2,3.0,46.0,653.0,585.0,False,False
006208,2022-10-26 10:55:17.930595,-0.001777777777777767,0.0,-0.10000000000000142,0.0,56.2,56.25,56.15,56.2,3.0,46.0,653.0,585.0,False,False
006208,2022-10-26 10:55:18.139288,-0.001777777777777767,0.0,-0.10000000000000142,0.0,56.2,56.25,56.15,56.2,3.0,46.0,653.0,585.0,False,False
006208,2022-10-26 10:55:18.166612,-0.001777777777777767,0.0,-0.10000000000000142,0.0,56.2,56.25,56.15,56.2,3.0,46.0,653.0,585.0,False,False
006208,2022-10-26 10:55:18.928302,-0.001777777777777767,0.0,-0.10000000000000142,0.0,56.2,56.25,56.15,56.2,3.0,146.0,653.0,585.0,False,False
006208,2022-10-26 10:55:20.076047,-0.001777777777777767,0.0,-0.10000000000000142,0.0,56.2,56.25,56.15,56.2,3.0,145.0,653.0,585.0,False,False
006208,2022-10-26 10:55:20.429682,-0.001777777777777767,0.0,-0.10000000000000142,0.0,56.2,56.25,56.15,56.2,3.0,144.0,653.0,585.0,False,False
006208,2022-10-26 10:55:20.529840,-0.001777777777777767,0.0,-0.10000000000000142,0.0,56.2,56.25,56.15,56.2,3.0,144.0,653.0,585.0,False,False
006208,2022-10-26 10:55:20.655021,-0.001777777777777767,0.0,-0.10000000000000142,0.0,56.2,56.25,56.15,56.2,3.0,144.0,653.0,585.0,False,False
006208,2022-10-26 10:55:22.338976,-0.001777777777777767,0.0,-0.10000000000000142,0.0,56.2,56.25,56.15,56.2,73.0,144.0,653.0,585.0,False,False
006208,2022-10-26 10:55:23.489300,-0.001777777777777767,0.0,-0.10000000000000142,0.0,56.2,56.25,56.15,56.2,73.0,144.0,653.0,585.0,False,False
006208,2022-10-26 10:55:23.999405,-0.001777777777777767,0.0,-0.10000000000000142,0.0,56.2,56.25,56.15,56.2,73.0,144.0,653.0,585.0,False,False
006208,2022-10-26 10:55:26.135877,-0.001777777777777767,0.0,-0.10000000000000142,0.0,56.2,56.25,56.15,56.2,73.0,144.0,653.0,585.0,False,False
006208,2022-10-26 10:55:26.136234,-0.001777777777777767,0.0,-0.10000000000000142,0.0,56.2,56.25,56.15,56.2,73.0,144.0,653.0,585.0,False,False
006208,2022-10-26 10:55:26.354771,-0.001777777777777767,0.0,-0.10000000000000142,0.0,56.2,56.25,56.15,56.2,73.0,144.0,653.0,585.0,False,False
006208,2022-10-26 10:55:26.388166,-0.001777777777777767,0.0,-0.10000000000000142,0.0,56.2,56.25,56.15,56.2,73.0,144.0,653.0,585.0,True,True
006208,2022-10-26 10:55:28.016783,-0.001777777777777767,0.0,-0.10000000000000142,0.0,56.2,56.25,56.15,56.2,73.0,144.0,653.0,585.0,False,False
006208,2022-10-26 10:55:28.025701,-0.001777777777777767,0.0,-0.10000000000000142,0.0,56.2,56.25,56.15,56.2,73.0,144.0,653.0,585.0,False,False
006208,2022-10-26 10:55:28.159113,-0.001777777777777767,0.0,-0.10000000000000142,0.0,56.2,56.25,56.15,56.2,73.0,144.0,653.0,585.0,False,False
006208,2022-10-26 10:55:29.951193,-0.001777777777777767,0.0,-0.10000000000000142,0.0,56.2,56.25,56.15,56.2,73.0,144.0,653.0,585.0,False,False
006208,2022-10-26 10:55:29.951449,-0.001777777777777767,0.0,-0.10000000000000142,0.0,56.2,56.25,56.15,56.2,73.0,144.0,653.0,585.0,False,False
006208,2022-10-26 10:55:30.421784,-0.001777777777777767,0.0,-0.10000000000000142,0.0,56.2,56.25,56.15,56.2,73.0,144.0,653.0,585.0,False,False
006208,2022-10-26 10:55:30.459308,-0.001777777777777767,0.0,-0.10000000000000142,0.0,56.2,56.25,56.15,56.2,73.0,143.0,653.0,585.0,False,False
006208,2022-10-26 10:55:30.422013,-0.001777777777777767,0.0,-0.10000000000000142,0.0,56.2,56.25,56.15,56.2,73.0,144.0,653.0,585.0,False,False
006208,2022-10-26 10:55:30.512695,-0.001777777777777767,0.0,-0.10000000000000142,0.0,56.2,56.25,56.15,56.2,73.0,143.0,653.0,585.0,False,False
006208,2022-10-26 10:55:30.636996,-0.001777777777777767,0.0,-0.10000000000000142,0.0,56.2,56.25,56.15,56.2,73.0,143.0,653.0,585.0,False,False
006208,2022-10-26 10:55:35.359474,-0.001777777777777767,0.0,-0.10000000000000142,0.0,56.2,56.25,56.15,56.2,73.0,143.0,653.0,585.0,False,False
006208,2022-10-26 10:55:35.388804,-0.001777777777777767,0.0,-0.10000000000000142,0.0,56.2,56.25,56.15,56.2,73.0,43.0,653.0,585.0,False,False
006208,2022-10-26 10:55:35.730659,-0.001777777777777767,0.0,-0.10000000000000142,0.0,56.2,56.25,56.15,56.2,73.0,43.0,653.0,585.0,False,False
006208,2022-10-26 10:55:35.730939,-0.001777777777777767,0.0,-0.10000000000000142,0.0,56.2,56.25,56.15,56.2,73.0,43.0,653.0,585.0,False,False
006208,2022-10-26 10:55:36.388206,-0.001777777777777767,0.0,-0.10000000000000142,0.0,56.2,56.25,56.15,56.2,73.0,43.0,653.0,585.0,False,False
006208,2022-10-26 10:55:36.971139,-0.001777777777777767,0.0,-0.10000000000000142,0.0,56.2,56.25,56.15,56.2,73.0,43.0,653.0,585.0,False,False
006208,2022-10-26 10:55:36.974118,-0.001777777777777767,0.0,-0.10000000000000142,0.0,56.2,56.25,56.15,56.2,73.0,43.0,653.0,585.0,False,False
006208,2022-10-26 10:55:38.128089,-0.001777777777777767,0.0,-0.10000000000000142,0.0,56.2,56.25,56.15,56.2,73.0,43.0,653.0,585.0,False,False
006208,2022-10-26 10:55:38.130360,-0.001777777777777767,0.0,-0.10000000000000142,0.0,56.2,56.25,56.15,56.2,73.0,43.0,653.0,585.0,False,False
006208,2022-10-26 10:55:38.264188,-0.001777777777777767,0.0,-0.10000000000000142,0.0,56.2,56.25,56.15,56.2,73.0,43.0,653.0,585.0,False,False
006208,2022-10-26 10:55:38.537048,-0.001777777777777767,0.0,-0.10000000000000142,0.0,56.2,56.25,56.15,56.2,73.0,43.0,653.0,585.0,False,False
006208,2022-10-26 10:55:38.537283,-0.001777777777777767,0.0,-0.10000000000000142,0.0,56.2,56.25,56.15,56.2,148.0,43.0,653.0,585.0,False,False
006208,2022-10-26 10:55:39.590340,-0.001777777777777767,0.0,-0.10000000000000142,0.0,56.2,56.25,56.15,56.2,148.0,43.0,653.0,585.0,False,False
006208,2022-10-26 10:55:39.598228,-0.001777777777777767,0.0,-0.10000000000000142,0.0,56.2,56.25,56.15,56.2,148.0,43.0,653.0,585.0,False,False
006208,2022-10-26 10:55:40.679648,-0.001777777777777767,0.0,-0.10000000000000142,0.0,56.2,56.25,56.15,56.2,148.0,43.0,653.0,585.0,False,False
006208,2022-10-26 10:55:44.521230,-0.001777777777777767,0.0,-0.10000000000000142,0.0,56.2,56.25,56.15,56.2,148.0,42.0,653.0,585.0,False,False
006208,2022-10-26 10:55:44.629004,-0.001777777777777767,0.0,-0.10000000000000142,0.0,56.2,56.25,56.15,56.2,148.0,42.0,653.0,585.0,False,False
006208,2022-10-26 10:55:44.746629,-0.001777777777777767,0.0,-0.10000000000000142,0.0,56.2,56.25,56.15,56.2,148.0,42.0,653.0,585.0,False,False
006208,2022-10-26 10:55:46.431161,-0.001777777777777767,0.0,-0.10000000000000142,0.0,56.2,56.25,56.15,56.2,148.0,42.0,753.0,585.0,True,True
006208,2022-10-26 10:55:46.432329,-0.001777777777777767,0.0,-0.10000000000000142,0.0,56.2,56.25,56.15,56.2,148.0,42.0,753.0,585.0,False,False
006208,2022-10-26 10:55:46.432523,-0.001777777777777767,0.0,-0.10000000000000142,0.0,56.2,56.25,56.15,56.2,148.0,42.0,753.0,585.0,False,False
006208,2022-10-26 10:55:47.430911,-0.001777777777777767,0.0,-0.10000000000000142,0.0,56.2,56.25,56.15,56.2,148.0,40.0,753.0,585.0,False,False
006208,2022-10-26 10:55:47.494500,-0.001777777777777767,0.0,-0.10000000000000142,0.0,56.2,56.25,56.15,56.2,148.0,40.0,753.0,585.0,False,False
006208,2022-10-26 10:55:47.763302,-0.001777777777777767,0.0,-0.10000000000000142,0.0,56.2,56.25,56.15,56.2,148.0,40.0,753.0,585.0,False,False
006208,2022-10-26 10:55:48.127349,-0.001777777777777767,0.0,-0.10000000000000142,0.0,56.2,56.25,56.15,56.2,148.0,40.0,753.0,585.0,False,False
006208,2022-10-26 10:55:48.127640,-0.001777777777777767,0.0,-0.10000000000000142,0.0,56.2,56.25,56.15,56.2,148.0,40.0,753.0,585.0,False,False
006208,2022-10-26 10:55:48.245914,-0.001777777777777767,0.0,-0.10000000000000142,0.0,56.2,56.25,56.15,56.2,148.0,40.0,753.0,585.0,False,False
006208,2022-10-26 10:55:48.374014,-0.001777777777777767,0.0,-0.10000000000000142,0.0,56.2,56.25,56.15,56.2,148.0,40.0,753.0,585.0,False,False
006208,2022-10-26 10:55:50.020306,-0.001777777777777767,0.0,-0.10000000000000142,0.0,56.2,56.25,56.15,56.2,148.0,40.0,753.0,585.0,False,False
006208,2022-10-26 10:55:50.020524,-0.001777777777777767,0.0,-0.10000000000000142,0.0,56.2,56.25,56.15,56.2,148.0,40.0,753.0,585.0,False,False
006208,2022-10-26 10:55:50.290255,-0.001777777777777767,0.0,-0.10000000000000142,0.0,56.2,56.25,56.15,56.2,148.0,40.0,753.0,585.0,False,False
006208,2022-10-26 10:55:50.424067,-0.001777777777777767,0.0,-0.10000000000000142,0.0,56.2,56.25,56.15,56.2,148.0,39.0,753.0,585.0,False,False
006208,2022-10-26 10:55:50.461425,-0.001777777777777767,0.0,-0.10000000000000142,0.0,56.2,56.25,56.15,56.2,148.0,39.0,753.0,585.0,False,False
006208,2022-10-26 10:55:50.609632,-0.001777777777777767,0.0,-0.10000000000000142,0.0,56.2,56.25,56.15,56.2,148.0,39.0,753.0,585.0,False,False
006208,2022-10-26 10:55:50.616868,-0.001777777777777767,0.0,-0.10000000000000142,0.0,56.2,56.25,56.15,56.2,148.0,39.0,753.0,585.0,False,False
006208,2022-10-26 10:55:51.191370,-0.001777777777777767,0.0,-0.10000000000000142,0.0,56.2,56.25,56.15,56.2,148.0,38.0,753.0,585.0,False,False
006208,2022-10-26 10:55:51.248426,-0.001777777777777767,0.0,-0.10000000000000142,0.0,56.2,56.25,56.15,56.2,148.0,38.0,753.0,585.0,False,False
006208,2022-10-26 10:55:51.365890,-0.001777777777777767,0.0,-0.10000000000000142,0.0,56.2,56.25,56.15,56.2,148.0,38.0,753.0,585.0,False,False
006208,2022-10-26 10:55:51.455628,-0.001777777777777767,0.0,-0.10000000000000142,0.0,56.2,56.25,56.15,56.2,148.0,38.0,753.0,585.0,False,False
006208,2022-10-26 10:55:52.446785,-0.001777777777777767,0.0,-0.10000000000000142,0.0,56.2,56.25,56.15,56.2,148.0,38.0,753.0,585.0,False,False
006208,2022-10-26 10:55:52.467457,-0.001777777777777767,0.0,-0.10000000000000142,0.0,56.2,56.25,56.15,56.2,148.0,38.0,753.0,585.0,False,False
006208,2022-10-26 10:55:54.019817,-0.001777777777777767,0.0,-0.10000000000000142,0.0,56.2,56.25,56.15,56.2,148.0,37.0,753.0,585.0,False,False
006208,2022-10-26 10:55:54.074233,-0.001777777777777767,0.0,-0.10000000000000142,0.0,56.2,56.25,56.15,56.2,148.0,37.0,753.0,585.0,False,False
006208,2022-10-26 10:55:54.243892,-0.001777777777777767,0.0,-0.10000000000000142,0.0,56.2,56.25,56.15,56.2,148.0,37.0,753.0,585.0,False,False
006208,2022-10-26 10:55:55.621965,-0.001777777777777767,0.0,-0.10000000000000142,0.0,56.2,56.25,56.15,56.2,148.0,37.0,753.0,585.0,False,False
006208,2022-10-26 10:55:55.657729,-0.001777777777777767,0.0,-0.10000000000000142,0.0,56.2,56.25,56.15,56.2,148.0,37.0,753.0,585.0,False,False
006208,2022-10-26 10:55:56.467238,-0.001777777777777767,0.0,-0.10000000000000142,0.0,56.2,56.25,56.15,56.2,148.0,37.0,753.0,75.0,True,True
006208,2022-10-26 10:55:57.206760,-0.001777777777777767,0.0,-0.10000000000000142,0.0,56.2,56.25,56.15,56.2,148.0,37.0,753.0,75.0,False,False
006208,2022-10-26 10:55:57.206929,-0.001777777777777767,0.0,-0.10000000000000142,0.0,56.2,56.25,56.15,56.2,148.0,37.0,753.0,75.0,False,False
006208,2022-10-26 10:55:58.349903,-0.001777777777777767,0.0,-0.10000000000000142,0.0,56.2,56.25,56.15,56.2,148.0,37.0,753.0,75.0,False,False
006208,2022-10-26 10:55:58.356929,-0.001777777777777767,0.0,-0.10000000000000142,0.0,56.2,56.25,56.15,56.2,148.0,37.0,753.0,75.0,False,False
006208,2022-10-26 10:55:58.491701,-0.001777777777777767,0.0,-0.10000000000000142,0.0,56.2,56.25,56.15,56.2,148.0,37.0,753.0,75.0,False,False
006208,2022-10-26 10:55:59.237361,-0.001777777777777767,0.0,-0.10000000000000142,0.0,56.2,56.25,56.15,56.2,149.0,37.0,753.0,75.0,False,False
006208,2022-10-26 10:56:00.401922,-0.001777777777777767,0.0,-0.10000000000000142,0.0,56.2,56.25,56.15,56.2,149.0,36.0,753.0,75.0,False,False
006208,2022-10-26 10:56:00.493826,-0.001777777777777767,0.0,-0.10000000000000142,0.0,56.2,56.25,56.15,56.2,149.0,36.0,753.0,75.0,False,False
006208,2022-10-26 10:56:00.617240,-0.001777777777777767,0.0,-0.10000000000000142,0.0,56.2,56.25,56.15,56.2,149.0,36.0,753.0,75.0,False,False
006208,2022-10-26 10:56:00.872426,-0.001777777777777767,0.0,-0.10000000000000142,0.0,56.2,56.25,56.15,56.2,150.0,36.0,753.0,75.0,False,False
006208,2022-10-26 10:56:01.017719,-0.001777777777777767,0.0,-0.10000000000000142,0.0,56.2,56.25,56.15,56.2,150.0,36.0,753.0,75.0,False,False
006208,2022-10-26 10:56:01.017993,-0.001777777777777767,0.0,-0.10000000000000142,0.0,56.2,56.25,56.15,56.2,150.0,36.0,753.0,75.0,False,False
006208,2022-10-26 10:56:02.959309,-0.001777777777777767,0.0,-0.10000000000000142,0.0,56.2,56.25,56.15,56.2,150.0,36.0,753.0,75.0,False,False
006208,2022-10-26 10:56:02.959560,-0.001777777777777767,0.0,-0.10000000000000142,0.0,56.2,56.25,56.15,56.2,150.0,36.0,753.0,75.0,False,False
006208,2022-10-26 10:56:03.488204,-0.001777777777777767,0.0,-0.10000000000000142,0.0,56.2,56.25,56.15,56.2,150.0,36.0,753.0,75.0,False,False
006208,2022-10-26 10:56:03.499287,-0.001777777777777767,0.0,-0.10000000000000142,0.0,56.2,56.25,56.15,56.2,150.0,36.0,753.0,75.0,False,False
006208,2022-10-26 10:56:05.184230,-0.001777777777777767,0.0,-0.10000000000000142,0.0,56.2,56.25,56.15,56.2,150.0,36.0,753.0,75.0,False,False
006208,2022-10-26 10:56:05.189889,-0.001777777777777767,0.0,-0.10000000000000142,0.0,56.2,56.25,56.15,56.2,150.0,36.0,753.0,75.0,False,False
006208,2022-10-26 10:56:05.371725,-0.001777777777777767,0.0,-0.10000000000000142,0.0,56.2,56.25,56.15,56.2,150.0,36.0,753.0,75.0,False,False
006208,2022-10-26 10:56:05.377124,-0.001777777777777767,0.0,-0.10000000000000142,0.0,56.2,56.25,56.15,56.2,150.0,36.0,753.0,75.0,False,False
006208,2022-10-26 10:56:06.495210,-0.001777777777777767,0.0,-0.10000000000000142,0.0,56.2,56.25,56.15,56.2,150.0,36.0,824.0,75.0,True,True
006208,2022-10-26 10:56:06.520608,-0.001777777777777767,0.0,-0.10000000000000142,0.0,56.2,56.25,56.15,56.2,150.0,34.0,824.0,75.0,False,False
006208,2022-10-26 10:56:06.608375,-0.001777777777777767,0.0,-0.10000000000000142,0.0,56.2,56.25,56.15,56.2,150.0,34.0,824.0,75.0,False,False
006208,2022-10-26 10:56:06.870202,-0.001777777777777767,0.0,-0.10000000000000142,0.0,56.2,56.25,56.15,56.2,150.0,34.0,824.0,75.0,False,False
006208,2022-10-26 10:56:07.053075,-0.001777777777777767,0.0,-0.10000000000000142,0.0,56.2,56.25,56.15,56.2,150.0,39.0,824.0,75.0,False,False
006208,2022-10-26 10:56:07.648995,-0.001777777777777767,0.0,-0.10000000000000142,0.0,56.2,56.25,56.15,56.2,150.0,40.0,824.0,75.0,False,False
006208,2022-10-26 10:56:08.164637,-0.001777777777777767,0.0,-0.10000000000000142,0.0,56.2,56.25,56.15,56.2,150.0,45.0,824.0,75.0,False,False
006208,2022-10-26 10:56:08.474898,-0.001777777777777767,0.0,-0.10000000000000142,0.0,56.2,56.25,56.15,56.2,150.0,45.0,824.0,75.0,False,False
006208,2022-10-26 10:56:08.476663,-0.001777777777777767,0.0,-0.10000000000000142,0.0,56.2,56.25,56.15,56.2,150.0,45.0,824.0,75.0,False,False
006208,2022-10-26 10:56:08.607409,-0.001777777777777767,0.0,-0.10000000000000142,0.0,56.2,56.25,56.15,56.2,150.0,45.0,824.0,75.0,False,False
006208,2022-10-26 10:56:09.443604,-0.001777777777777767,0.0,-0.10000000000000142,0.0,56.2,56.25,56.15,56.2,150.0,45.0,824.0,75.0,False,False
006208,2022-10-26 10:56:09.443846,-0.001777777777777767,0.0,-0.10000000000000142,0.0,56.2,56.25,56.15,56.2,150.0,45.0,824.0,75.0,False,False
006208,2022-10-26 10:56:10.395977,-0.001777777777777767,0.0,-0.10000000000000142,0.0,56.2,56.25,56.15,56.2,150.0,44.0,824.0,75.0,False,False
006208,2022-10-26 10:56:10.483699,-0.001777777777777767,0.0,-0.10000000000000142,0.0,56.2,56.25,56.15,56.2,150.0,44.0,824.0,75.0,False,False
006208,2022-10-26 10:56:10.607801,-0.001777777777777767,0.0,-0.10000000000000142,0.0,56.2,56.25,56.15,56.2,150.0,44.0,824.0,75.0,False,False
006208,2022-10-26 10:56:10.758216,-0.001777777777777767,0.0,-0.10000000000000142,0.0,56.2,56.25,56.15,56.2,150.0,44.0,824.0,75.0,False,False
006208,2022-10-26 10:56:11.783498,-0.001777777777777767,0.0,-0.10000000000000142,0.0,56.2,56.25,56.15,56.2,150.0,44.0,824.0,75.0,False,False
006208,2022-10-26 10:56:13.958007,-0.001777777777777767,0.0,-0.10000000000000142,0.0,56.2,56.25,56.15,56.2,150.0,44.0,824.0,75.0,False,False
006208,2022-10-26 10:56:13.984423,-0.001777777777777767,0.0,-0.10000000000000142,0.0,56.2,56.25,56.15,56.2,150.0,44.0,824.0,75.0,False,False
006208,2022-10-26 10:56:14.500175,-0.001777777777777767,0.0,-0.10000000000000142,0.0,56.2,56.25,56.15,56.2,150.0,44.0,824.0,75.0,False,False
006208,2022-10-26 10:56:14.509595,-0.001777777777777767,0.0,-0.10000000000000142,0.0,56.2,56.25,56.15,56.2,150.0,44.0,824.0,75.0,False,False
006208,2022-10-26 10:56:14.922500,-0.001777777777777767,0.0,-0.10000000000000142,0.0,56.2,56.25,56.15,56.2,150.0,45.0,824.0,75.0,False,False
006208,2022-10-26 10:56:15.315827,-0.001777777777777767,0.0,-0.10000000000000142,0.0,56.2,56.25,56.15,56.2,150.0,45.0,824.0,75.0,False,False
006208,2022-10-26 10:56:16.521618,-0.001777777777777767,0.0,-0.10000000000000142,0.0,56.2,56.25,56.15,56.2,150.0,45.0,824.0,48.0,True,True
006208,2022-10-26 10:56:17.104133,-0.001777777777777767,0.0,-0.10000000000000142,0.0,56.2,56.25,56.15,56.2,150.0,17.0,824.0,48.0,False,False
006208,2022-10-26 10:56:17.104157,-0.001777777777777767,0.0,-0.10000000000000142,0.0,56.2,56.25,56.15,56.2,150.0,17.0,824.0,48.0,False,False
006208,2022-10-26 10:56:17.227647,-0.001777777777777767,0.0,-0.10000000000000142,0.0,56.2,56.25,56.15,56.2,150.0,17.0,824.0,48.0,False,False
006208,2022-10-26 10:56:17.691632,-0.001777777777777767,0.0,-0.10000000000000142,0.0,56.2,56.25,56.15,56.2,150.0,17.0,824.0,48.0,False,False
006208,2022-10-26 10:56:17.718761,-0.001777777777777767,0.0,-0.10000000000000142,0.0,56.2,56.25,56.15,56.2,150.0,17.0,824.0,48.0,False,False
006208,2022-10-26 10:56:17.993398,-0.001777777777777767,0.0,-0.10000000000000142,0.0,56.2,56.25,56.15,56.2,150.0,17.0,824.0,48.0,False,False
006208,2022-10-26 10:56:18.056708,-0.001777777777777767,0.0,-0.10000000000000142,0.0,56.2,56.25,56.15,56.2,150.0,17.0,824.0,48.0,False,False
006208,2022-10-26 10:56:18.588733,-0.001777777777777767,0.0,-0.10000000000000142,0.0,56.2,56.25,56.15,56.2,150.0,17.0,824.0,48.0,False,False
006208,2022-10-26 10:56:18.592170,-0.001777777777777767,0.0,-0.10000000000000142,0.0,56.2,56.25,56.15,56.2,150.0,17.0,824.0,48.0,False,False
006208,2022-10-26 10:56:18.790479,-0.001777777777777767,0.0,-0.10000000000000142,0.0,56.2,56.25,56.15,56.2,250.0,17.0,824.0,48.0,False,False
006208,2022-10-26 10:56:19.372886,-0.001777777777777767,0.0,-0.10000000000000142,0.0,56.2,56.25,56.15,56.2,250.0,17.0,824.0,48.0,False,False
006208,2022-10-26 10:56:20.213402,-0.001777777777777767,0.0,-0.10000000000000142,0.0,56.2,56.25,56.15,56.2,250.0,17.0,824.0,48.0,False,False
006208,2022-10-26 10:56:20.213784,-0.001777777777777767,0.0,-0.10000000000000142,0.0,56.2,56.25,56.15,56.2,250.0,17.0,824.0,48.0,False,False
006208,2022-10-26 10:56:20.390425,-0.001777777777777767,0.0,-0.10000000000000142,0.0,56.2,56.25,56.15,56.2,250.0,16.0,824.0,48.0,False,False
006208,2022-10-26 10:56:26.552562,-0.001777777777777767,0.0,-0.10000000000000142,0.0,56.2,56.25,56.15,56.2,250.0,16.0,837.0,108.0,True,True
006208,2022-10-26 10:56:27.014220,-0.001777777777777767,0.0,-0.10000000000000142,0.0,56.2,56.25,56.15,56.2,250.0,15.0,837.0,108.0,False,False
006208,2022-10-26 10:56:27.171850,-0.001777777777777767,0.0,-0.10000000000000142,0.0,56.2,56.25,56.15,56.2,249.0,14.0,837.0,108.0,False,False
006208,2022-10-26 10:56:28.704341,-0.001777777777777767,0.0,-0.10000000000000142,0.0,56.2,56.25,56.15,56.2,249.0,14.0,837.0,108.0,False,False
006208,2022-10-26 10:56:28.707743,-0.001777777777777767,0.0,-0.10000000000000142,0.0,56.2,56.25,56.15,56.2,249.0,14.0,837.0,108.0,False,False
006208,2022-10-26 10:56:28.710620,-0.001777777777777767,0.0,-0.10000000000000142,0.0,56.2,56.25,56.15,56.2,249.0,14.0,837.0,108.0,False,False
006208,2022-10-26 10:56:28.843253,-0.001777777777777767,0.0,-0.10000000000000142,0.0,56.2,56.25,56.15,56.2,249.0,14.0,837.0,108.0,False,False
006208,2022-10-26 10:56:30.385389,-0.001777777777777767,0.0,-0.10000000000000142,0.0,56.2,56.25,56.15,56.2,249.0,13.0,837.0,108.0,False,False
006208,2022-10-26 10:56:31.618568,-0.001777777777777767,0.0,-0.10000000000000142,0.0,56.2,56.25,56.15,56.2,249.0,8.0,837.0,108.0,False,False
006208,2022-10-26 10:56:31.702102,-0.001777777777777767,0.0,-0.10000000000000142,0.0,56.2,56.25,56.15,56.2,149.0,8.0,837.0,108.0,False,False
006208,2022-10-26 10:56:31.795925,-0.001777777777777767,0.0,-0.10000000000000142,0.0,56.2,56.25,56.15,56.2,149.0,8.0,837.0,108.0,False,False
006208,2022-10-26 10:56:31.904229,-0.001777777777777767,0.0,-0.10000000000000142,0.0,56.2,56.25,56.15,56.2,149.0,3.0,837.0,108.0,False,False
006208,2022-10-26 10:56:32.204692,-0.001777777777777767,0.0,-0.10000000000000142,0.0,56.2,56.25,56.15,56.2,149.0,3.0,837.0,108.0,False,False
006208,2022-10-26 10:56:32.591511,-0.001777777777777767,0.0,-0.10000000000000142,0.0,56.2,56.25,56.15,56.2,149.0,3.0,837.0,108.0,False,False
006208,2022-10-26 10:56:32.641198,-0.001777777777777767,0.0,-0.10000000000000142,0.0,56.2,56.25,56.15,56.2,149.0,3.0,837.0,108.0,False,False
006208,2022-10-26 10:56:33.136804,-0.001777777777777767,0.0,-0.10000000000000142,0.0,56.2,56.25,56.15,56.2,149.0,3.0,837.0,108.0,False,False
006208,2022-10-26 10:56:33.150723,-0.001777777777777767,0.0,-0.10000000000000142,0.0,56.2,56.25,56.15,56.2,149.0,3.0,837.0,108.0,False,False
006208,2022-10-26 10:56:33.201015,-0.001777777777777767,0.0,-0.10000000000000142,0.0,56.2,56.25,56.15,56.2,149.0,3.0,837.0,108.0,False,False
006208,2022-10-26 10:56:33.561254,-0.001777777777777767,0.0,-0.10000000000000142,0.0,56.2,56.25,56.15,56.2,149.0,3.0,837.0,108.0,False,False
006208,2022-10-26 10:56:33.561674,-0.001777777777777767,0.0,-0.10000000000000142,0.0,56.2,56.25,56.15,56.2,149.0,3.0,837.0,108.0,False,False
006208,2022-10-26 10:56:33.578668,-0.001777777777777767,0.0,-0.10000000000000142,0.0,56.2,56.25,56.15,56.2,149.0,3.0,837.0,108.0,False,False
006208,2022-10-26 10:56:34.010465,-0.001777777777777767,0.0,-0.10000000000000142,0.0,56.2,56.25,56.15,56.2,149.0,3.0,837.0,108.0,False,False
006208,2022-10-26 10:56:34.010579,-0.001777777777777767,0.0,-0.10000000000000142,0.0,56.2,56.25,56.15,56.2,149.0,3.0,837.0,108.0,False,False
006208,2022-10-26 10:56:34.075498,-0.001777777777777767,0.0,-0.10000000000000142,0.0,56.2,56.25,56.15,56.2,149.0,3.0,837.0,108.0,False,False
006208,2022-10-26 10:56:34.199458,-0.001777777777777767,0.0,-0.10000000000000142,0.0,56.2,56.25,56.15,56.2,149.0,3.0,837.0,108.0,False,False
006208,2022-10-26 10:56:34.578325,-0.001777777777777767,0.0,-0.10000000000000142,0.0,56.2,56.25,56.15,56.2,249.0,3.0,837.0,108.0,False,False
006208,2022-10-26 10:56:34.653307,-0.001777777777777767,0.0,-0.10000000000000142,0.0,56.2,56.25,56.15,56.2,249.0,3.0,837.0,108.0,False,False
006208,2022-10-26 10:56:34.768963,-0.001777777777777767,0.0,-0.10000000000000142,0.0,56.2,56.25,56.15,56.2,249.0,3.0,837.0,108.0,False,False
006208,2022-10-26 10:56:35.218396,-0.001777777777777767,0.0,-0.10000000000000142,0.0,56.2,56.25,56.15,56.2,249.0,3.0,837.0,108.0,False,False
006208,2022-10-26 10:56:35.229936,-0.001777777777777767,0.0,-0.10000000000000142,0.0,56.2,56.25,56.15,56.2,249.0,3.0,837.0,108.0,False,False
006208,2022-10-26 10:56:36.033677,-0.001777777777777767,0.0,-0.10000000000000142,0.0,56.2,56.25,56.15,56.2,249.0,3.0,837.0,108.0,False,False
006208,2022-10-26 10:56:36.069813,-0.001777777777777767,0.0,-0.10000000000000142,0.0,56.2,56.25,56.15,56.2,149.0,3.0,837.0,108.0,False,False
006208,2022-10-26 10:56:36.184336,-0.001777777777777767,0.0,-0.10000000000000142,0.0,56.2,56.25,56.15,56.2,149.0,3.0,837.0,108.0,False,False
006208,2022-10-26 10:56:36.241608,-0.001777777777777767,0.0,-0.10000000000000142,0.0,56.2,56.25,56.15,56.2,149.0,3.0,837.0,108.0,False,False
006208,2022-10-26 10:56:36.577396,0.0,-0.001776198934280493,0.0,-0.09999999999999432,56.2,56.25,56.25,56.3,149.0,3.0,458.0,723.0,True,True
006208,2022-10-26 10:56:37.069684,0.0,-0.001776198934280493,0.0,-0.09999999999999432,56.2,56.25,56.25,56.3,149.0,3.0,458.0,723.0,False,False
006208,2022-10-26 10:56:38.840984,0.0,-0.001776198934280493,0.0,-0.09999999999999432,56.2,56.25,56.25,56.3,149.0,3.0,458.0,723.0,False,False
006208,2022-10-26 10:56:38.908528,0.0,-0.001776198934280493,0.0,-0.09999999999999432,56.2,56.25,56.25,56.3,149.0,3.0,458.0,723.0,False,False
006208,2022-10-26 10:56:38.977578,0.0,-0.001776198934280493,0.0,-0.09999999999999432,56.2,56.25,56.25,56.3,149.0,3.0,458.0,723.0,False,False
006208,2022-10-26 10:56:39.173360,0.0,-0.001776198934280493,0.0,-0.09999999999999432,56.2,56.25,56.25,56.3,149.0,3.0,458.0,723.0,False,False
006208,2022-10-26 10:56:39.313829,0.0,-0.001776198934280493,0.0,-0.09999999999999432,56.2,56.25,56.25,56.3,149.0,3.0,458.0,723.0,False,False
006208,2022-10-26 10:56:39.396404,0.0,-0.001776198934280493,0.0,-0.09999999999999432,56.2,56.25,56.25,56.3,149.0,3.0,458.0,723.0,False,False
006208,2022-10-26 10:56:40.380198,0.0,-0.001776198934280493,0.0,-0.09999999999999432,56.2,56.25,56.25,56.3,149.0,2.0,458.0,723.0,False,False
006208,2022-10-26 10:56:41.179964,0.0,-0.001776198934280493,0.0,-0.09999999999999432,56.2,56.25,56.25,56.3,149.0,2.0,458.0,723.0,False,False
006208,2022-10-26 10:56:42.051353,-0.000888099467140302,-0.000888099467140302,-0.04999999999999716,-0.04999999999999716,56.25,56.3,56.25,56.3,1.0,280.0,458.0,723.0,False,False
006208,2022-10-26 10:56:42.080719,-0.000888099467140302,-0.000888099467140302,-0.04999999999999716,-0.04999999999999716,56.25,56.3,56.25,56.3,1.0,280.0,458.0,723.0,False,False
006208,2022-10-26 10:56:42.155576,-0.000888099467140302,-0.000888099467140302,-0.04999999999999716,-0.04999999999999716,56.25,56.3,56.25,56.3,1.0,280.0,458.0,723.0,False,False
006208,2022-10-26 10:56:42.247748,-0.000888099467140302,-0.000888099467140302,-0.04999999999999716,-0.04999999999999716,56.25,56.3,56.25,56.3,1.0,240.0,458.0,723.0,False,False
006208,2022-10-26 10:56:42.321383,-0.000888099467140302,-0.000888099467140302,-0.04999999999999716,-0.04999999999999716,56.25,56.3,56.25,56.3,1.0,240.0,458.0,723.0,False,False
006208,2022-10-26 10:56:42.392477,-0.000888099467140302,-0.000888099467140302,-0.04999999999999716,-0.04999999999999716,56.25,56.3,56.25,56.3,1.0,210.0,458.0,723.0,False,False
006208,2022-10-26 10:56:43.895799,-0.000888099467140302,-0.000888099467140302,-0.04999999999999716,-0.04999999999999716,56.25,56.3,56.25,56.3,1.0,210.0,458.0,723.0,False,False
006208,2022-10-26 10:56:43.918516,-0.000888099467140302,-0.000888099467140302,-0.04999999999999716,-0.04999999999999716,56.25,56.3,56.25,56.3,1.0,210.0,458.0,723.0,False,False
006208,2022-10-26 10:56:44.036728,-0.000888099467140302,-0.000888099467140302,-0.04999999999999716,-0.04999999999999716,56.25,56.3,56.25,56.3,1.0,210.0,458.0,723.0,False,False
006208,2022-10-26 10:56:44.091783,-0.000888099467140302,-0.000888099467140302,-0.04999999999999716,-0.04999999999999716,56.25,56.3,56.25,56.3,1.0,210.0,458.0,723.0,False,False
006208,2022-10-26 10:56:44.315405,-0.000888099467140302,-0.000888099467140302,-0.04999999999999716,-0.04999999999999716,56.25,56.3,56.25,56.3,1.0,210.0,458.0,723.0,False,False
006208,2022-10-26 10:56:44.325415,-0.000888099467140302,-0.000888099467140302,-0.04999999999999716,-0.04999999999999716,56.25,56.3,56.25,56.3,1.0,210.0,458.0,723.0,False,False
006208,2022-10-26 10:56:44.502312,-0.000888099467140302,-0.000888099467140302,-0.04999999999999716,-0.04999999999999716,56.25,56.3,56.25,56.3,1.0,210.0,458.0,723.0,False,False
006208,2022-10-26 10:56:45.180897,-0.000888099467140302,-0.000888099467140302,-0.04999999999999716,-0.04999999999999716,56.25,56.3,56.25,56.3,1.0,210.0,458.0,723.0,False,False
006208,2022-10-26 10:56:45.180982,-0.000888099467140302,-0.000888099467140302,-0.04999999999999716,-0.04999999999999716,56.25,56.3,56.25,56.3,1.0,210.0,458.0,723.0,False,False
006208,2022-10-26 10:56:48.371796,-0.000888099467140302,-0.000888099467140302,-0.04999999999999716,-0.04999999999999716,56.25,56.3,56.25,56.3,5.0,210.0,458.0,723.0,False,False
006208,2022-10-26 10:56:50.709647,-0.000888099467140302,-0.000888099467140302,-0.04999999999999716,-0.04999999999999716,56.25,56.3,56.25,56.3,5.0,210.0,458.0,723.0,False,False
006208,2022-10-26 10:56:50.709857,-0.000888099467140302,-0.000888099467140302,-0.04999999999999716,-0.04999999999999716,56.25,56.3,56.25,56.3,5.0,210.0,458.0,723.0,False,False
006208,2022-10-26 10:56:51.840932,-0.000888099467140302,-0.000888099467140302,-0.04999999999999716,-0.04999999999999716,56.25,56.3,56.25,56.3,6.0,210.0,458.0,723.0,False,False
006208,2022-10-26 10:56:52.363707,-0.000888099467140302,-0.000888099467140302,-0.04999999999999716,-0.04999999999999716,56.25,56.3,56.25,56.3,6.0,210.0,458.0,723.0,False,False
006208,2022-10-26 10:56:52.369744,-0.000888099467140302,-0.000888099467140302,-0.04999999999999716,-0.04999999999999716,56.25,56.3,56.25,56.3,6.0,210.0,458.0,723.0,False,False
006208,2022-10-26 10:56:52.552301,-0.000888099467140302,-0.000888099467140302,-0.04999999999999716,-0.04999999999999716,56.25,56.3,56.25,56.3,6.0,210.0,458.0,723.0,False,False
006208,2022-10-26 10:56:52.622474,-0.000888099467140302,-0.000888099467140302,-0.04999999999999716,-0.04999999999999716,56.25,56.3,56.25,56.3,6.0,210.0,458.0,723.0,False,False
006208,2022-10-26 10:56:55.982623,-0.000888099467140302,-0.000888099467140302,-0.04999999999999716,-0.04999999999999716,56.25,56.3,56.25,56.3,6.0,210.0,458.0,723.0,False,False
006208,2022-10-26 10:56:55.982705,-0.000888099467140302,-0.000888099467140302,-0.04999999999999716,-0.04999999999999716,56.25,56.3,56.25,56.3,6.0,210.0,458.0,723.0,False,False
006208,2022-10-26 10:56:56.406993,-0.000888099467140302,-0.000888099467140302,-0.04999999999999716,-0.04999999999999716,56.25,56.3,56.25,56.3,6.0,210.0,458.0,723.0,False,False
006208,2022-10-26 10:56:56.407137,-0.000888099467140302,-0.000888099467140302,-0.04999999999999716,-0.04999999999999716,56.25,56.3,56.25,56.3,6.0,210.0,458.0,723.0,False,False
006208,2022-10-26 10:56:56.638443,-0.000888099467140302,-0.000888099467140302,-0.04999999999999716,-0.04999999999999716,56.25,56.3,56.25,56.3,6.0,210.0,8.0,723.0,True,True
006208,2022-10-26 10:57:00.066268,-0.000888099467140302,-0.000888099467140302,-0.04999999999999716,-0.04999999999999716,56.25,56.3,56.25,56.3,6.0,210.0,8.0,723.0,False,False
006208,2022-10-26 10:57:00.066570,-0.000888099467140302,-0.000888099467140302,-0.04999999999999716,-0.04999999999999716,56.25,56.3,56.25,56.3,6.0,210.0,8.0,723.0,False,False
006208,2022-10-26 10:57:00.370093,-0.000888099467140302,-0.000888099467140302,-0.04999999999999716,-0.04999999999999716,56.25,56.3,56.25,56.3,6.0,209.0,8.0,723.0,False,False
006208,2022-10-26 10:57:00.900023,-0.000888099467140302,-0.000888099467140302,-0.04999999999999716,-0.04999999999999716,56.25,56.3,56.25,56.3,6.0,209.0,8.0,723.0,False,False
006208,2022-10-26 10:57:00.908646,-0.000888099467140302,-0.000888099467140302,-0.04999999999999716,-0.04999999999999716,56.25,56.3,56.25,56.3,6.0,209.0,8.0,723.0,False,False
006208,2022-10-26 10:57:00.970176,-0.000888099467140302,-0.000888099467140302,-0.04999999999999716,-0.04999999999999716,56.25,56.3,56.25,56.3,6.0,208.0,8.0,723.0,False,False
006208,2022-10-26 10:57:00.979363,-0.000888099467140302,-0.000888099467140302,-0.04999999999999716,-0.04999999999999716,56.25,56.3,56.25,56.3,6.0,208.0,8.0,723.0,False,False
006208,2022-10-26 10:57:01.115702,-0.000888099467140302,-0.000888099467140302,-0.04999999999999716,-0.04999999999999716,56.25,56.3,56.25,56.3,6.0,208.0,8.0,723.0,False,False
006208,2022-10-26 10:57:02.479096,-0.000888099467140302,-0.000888099467140302,-0.04999999999999716,-0.04999999999999716,56.25,56.3,56.25,56.3,6.0,208.0,8.0,723.0,False,False
006208,2022-10-26 10:57:02.509927,-0.000888099467140302,-0.000888099467140302,-0.04999999999999716,-0.04999999999999716,56.25,56.3,56.25,56.3,6.0,108.0,8.0,723.0,False,False
006208,2022-10-26 10:57:02.624834,-0.000888099467140302,-0.000888099467140302,-0.04999999999999716,-0.04999999999999716,56.25,56.3,56.25,56.3,6.0,108.0,8.0,723.0,False,False
006208,2022-10-26 10:57:02.687062,-0.000888099467140302,-0.000888099467140302,-0.04999999999999716,-0.04999999999999716,56.25,56.3,56.25,56.3,6.0,108.0,8.0,723.0,False,False
006208,2022-10-26 10:57:02.831601,-0.000888099467140302,-0.000888099467140302,-0.04999999999999716,-0.04999999999999716,56.25,56.3,56.25,56.3,6.0,108.0,8.0,723.0,False,False
006208,2022-10-26 10:57:03.510288,-0.000888099467140302,-0.000888099467140302,-0.04999999999999716,-0.04999999999999716,56.25,56.3,56.25,56.3,6.0,108.0,8.0,723.0,False,False
006208,2022-10-26 10:57:03.577105,-0.000888099467140302,-0.000888099467140302,-0.04999999999999716,-0.04999999999999716,56.25,56.3,56.25,56.3,6.0,108.0,8.0,723.0,False,False
006208,2022-10-26 10:57:03.582494,-0.000888099467140302,-0.000888099467140302,-0.04999999999999716,-0.04999999999999716,56.25,56.3,56.25,56.3,6.0,108.0,8.0,723.0,False,False
006208,2022-10-26 10:57:04.667628,-0.000888099467140302,-0.000888099467140302,-0.04999999999999716,-0.04999999999999716,56.25,56.3,56.25,56.3,6.0,108.0,8.0,723.0,False,False
006208,2022-10-26 10:57:04.673008,-0.000888099467140302,-0.000888099467140302,-0.04999999999999716,-0.04999999999999716,56.25,56.3,56.25,56.3,6.0,138.0,8.0,723.0,False,False
006208,2022-10-26 10:57:04.738569,-0.000888099467140302,-0.000888099467140302,-0.04999999999999716,-0.04999999999999716,56.25,56.3,56.25,56.3,6.0,108.0,8.0,723.0,False,False
006208,2022-10-26 10:57:05.344793,-0.000888099467140302,-0.000888099467140302,-0.04999999999999716,-0.04999999999999716,56.25,56.3,56.25,56.3,6.0,108.0,8.0,723.0,False,False
006208,2022-10-26 10:57:05.356697,-0.000888099467140302,-0.000888099467140302,-0.04999999999999716,-0.04999999999999716,56.25,56.3,56.25,56.3,6.0,108.0,8.0,723.0,False,False
006208,2022-10-26 10:57:06.666492,-0.000888099467140302,-0.000888099467140302,-0.04999999999999716,-0.04999999999999716,56.25,56.3,56.25,56.3,6.0,108.0,8.0,723.0,True,True
006208,2022-10-26 10:57:09.140501,-0.000888099467140302,-0.000888099467140302,-0.04999999999999716,-0.04999999999999716,56.25,56.3,56.25,56.3,6.0,108.0,8.0,723.0,False,False
006208,2022-10-26 10:57:09.140706,-0.000888099467140302,-0.000888099467140302,-0.04999999999999716,-0.04999999999999716,56.25,56.3,56.25,56.3,81.0,108.0,8.0,723.0,False,False
006208,2022-10-26 10:57:10.380781,-0.000888099467140302,-0.000888099467140302,-0.04999999999999716,-0.04999999999999716,56.25,56.3,56.25,56.3,81.0,107.0,8.0,723.0,False,False
006208,2022-10-26 10:57:12.600635,-0.000888099467140302,-0.000888099467140302,-0.04999999999999716,-0.04999999999999716,56.25,56.3,56.25,56.3,81.0,107.0,8.0,723.0,False,False
006208,2022-10-26 10:57:12.609447,-0.000888099467140302,-0.000888099467140302,-0.04999999999999716,-0.04999999999999716,56.25,56.3,56.25,56.3,81.0,107.0,8.0,723.0,False,False
006208,2022-10-26 10:57:12.756208,-0.000888099467140302,-0.000888099467140302,-0.04999999999999716,-0.04999999999999716,56.25,56.3,56.25,56.3,81.0,107.0,8.0,723.0,False,False
006208,2022-10-26 10:57:13.571022,-0.000888099467140302,-0.000888099467140302,-0.04999999999999716,-0.04999999999999716,56.25,56.3,56.25,56.3,81.0,107.0,8.0,723.0,False,False
006208,2022-10-26 10:57:15.169318,-0.000888099467140302,-0.000888099467140302,-0.04999999999999716,-0.04999999999999716,56.25,56.3,56.25,56.3,81.0,106.0,8.0,723.0,False,False
006208,2022-10-26 10:57:15.530600,-0.000888099467140302,-0.000888099467140302,-0.04999999999999716,-0.04999999999999716,56.25,56.3,56.25,56.3,82.0,106.0,8.0,723.0,False,False
006208,2022-10-26 10:57:16.043917,-0.000888099467140302,-0.000888099467140302,-0.04999999999999716,-0.04999999999999716,56.25,56.3,56.25,56.3,82.0,105.0,8.0,723.0,False,False
006208,2022-10-26 10:57:16.695575,-0.000888099467140302,-0.000888099467140302,-0.04999999999999716,-0.04999999999999716,56.25,56.3,56.25,56.3,82.0,105.0,8.0,723.0,True,True
006208,2022-10-26 10:57:18.234177,-0.000888099467140302,-0.000888099467140302,-0.04999999999999716,-0.04999999999999716,56.25,56.3,56.25,56.3,7.0,105.0,8.0,723.0,False,False
006208,2022-10-26 10:57:19.631782,-0.000888099467140302,-0.000888099467140302,-0.04999999999999716,-0.04999999999999716,56.25,56.3,56.25,56.3,7.0,105.0,8.0,723.0,False,False
006208,2022-10-26 10:57:19.632040,-0.000888099467140302,-0.000888099467140302,-0.04999999999999716,-0.04999999999999716,56.25,56.3,56.25,56.3,7.0,105.0,8.0,723.0,False,False
006208,2022-10-26 10:57:20.360146,-0.000888099467140302,-0.000888099467140302,-0.04999999999999716,-0.04999999999999716,56.25,56.3,56.25,56.3,7.0,104.0,8.0,723.0,False,False
006208,2022-10-26 10:57:22.718177,-0.000888099467140302,-0.000888099467140302,-0.04999999999999716,-0.04999999999999716,56.25,56.3,56.25,56.3,7.0,104.0,8.0,723.0,False,False
006208,2022-10-26 10:57:22.721777,-0.000888099467140302,-0.000888099467140302,-0.04999999999999716,-0.04999999999999716,56.25,56.3,56.25,56.3,7.0,104.0,8.0,723.0,False,False
006208,2022-10-26 10:57:22.863766,-0.000888099467140302,-0.000888099467140302,-0.04999999999999716,-0.04999999999999716,56.25,56.3,56.25,56.3,7.0,104.0,8.0,723.0,False,False
006208,2022-10-26 10:57:24.580333,-0.000888099467140302,-0.000888099467140302,-0.04999999999999716,-0.04999999999999716,56.25,56.3,56.25,56.3,7.0,104.0,8.0,723.0,False,False
006208,2022-10-26 10:57:24.580562,-0.000888099467140302,-0.000888099467140302,-0.04999999999999716,-0.04999999999999716,56.25,56.3,56.25,56.3,7.0,104.0,8.0,723.0,False,False
006208,2022-10-26 10:57:24.965853,-0.000888099467140302,-0.000888099467140302,-0.04999999999999716,-0.04999999999999716,56.25,56.3,56.25,56.3,7.0,104.0,8.0,723.0,False,False
006208,2022-10-26 10:57:26.540550,-0.000888099467140302,-0.000888099467140302,-0.04999999999999716,-0.04999999999999716,56.25,56.3,56.25,56.3,9.0,104.0,8.0,723.0,False,False
006208,2022-10-26 10:57:26.722665,-0.000888099467140302,-0.000888099467140302,-0.04999999999999716,-0.04999999999999716,56.25,56.3,56.25,56.3,9.0,104.0,22.0,723.0,True,True
006208,2022-10-26 10:57:29.284091,-0.000888099467140302,-0.000888099467140302,-0.04999999999999716,-0.04999999999999716,56.25,56.3,56.25,56.3,9.0,104.0,22.0,723.0,False,False
006208,2022-10-26 10:57:30.339916,-0.000888099467140302,-0.000888099467140302,-0.04999999999999716,-0.04999999999999716,56.25,56.3,56.25,56.3,9.0,103.0,22.0,723.0,False,False
006208,2022-10-26 10:57:31.267018,-0.000888099467140302,-0.000888099467140302,-0.04999999999999716,-0.04999999999999716,56.25,56.3,56.25,56.3,9.0,103.0,22.0,723.0,False,False
006208,2022-10-26 10:57:31.267204,-0.000888099467140302,-0.000888099467140302,-0.04999999999999716,-0.04999999999999716,56.25,56.3,56.25,56.3,84.0,103.0,22.0,723.0,False,False
006208,2022-10-26 10:57:32.418234,-0.000888099467140302,-0.000888099467140302,-0.04999999999999716,-0.04999999999999716,56.25,56.3,56.25,56.3,84.0,103.0,22.0,723.0,False,False
006208,2022-10-26 10:57:32.835792,-0.000888099467140302,-0.000888099467140302,-0.04999999999999716,-0.04999999999999716,56.25,56.3,56.25,56.3,84.0,103.0,22.0,723.0,False,False
006208,2022-10-26 10:57:32.839393,-0.000888099467140302,-0.000888099467140302,-0.04999999999999716,-0.04999999999999716,56.25,56.3,56.25,56.3,84.0,103.0,22.0,723.0,False,False
006208,2022-10-26 10:57:32.969682,-0.000888099467140302,-0.000888099467140302,-0.04999999999999716,-0.04999999999999716,56.25,56.3,56.25,56.3,84.0,103.0,22.0,723.0,False,False
006208,2022-10-26 10:57:33.982301,-0.000888099467140302,-0.000888099467140302,-0.04999999999999716,-0.04999999999999716,56.25,56.3,56.25,56.3,84.0,102.0,22.0,723.0,False,False
006208,2022-10-26 10:57:35.792651,-0.000888099467140302,-0.000888099467140302,-0.04999999999999716,-0.04999999999999716,56.25,56.3,56.25,56.3,84.0,52.0,22.0,723.0,False,False
006208,2022-10-26 10:57:35.827718,-0.000888099467140302,-0.000888099467140302,-0.04999999999999716,-0.04999999999999716,56.25,56.3,56.25,56.3,84.0,52.0,22.0,723.0,False,False
006208,2022-10-26 10:57:36.030495,-0.000888099467140302,-0.000888099467140302,-0.04999999999999716,-0.04999999999999716,56.25,56.3,56.25,56.3,84.0,52.0,22.0,723.0,False,False
006208,2022-10-26 10:57:36.064787,-0.000888099467140302,-0.000888099467140302,-0.04999999999999716,-0.04999999999999716,56.25,56.3,56.25,56.3,84.0,52.0,22.0,723.0,False,False
006208,2022-10-26 10:57:36.398844,-0.000888099467140302,-0.000888099467140302,-0.04999999999999716,-0.04999999999999716,56.25,56.3,56.25,56.3,84.0,52.0,22.0,723.0,False,False
006208,2022-10-26 10:57:36.490867,-0.000888099467140302,-0.000888099467140302,-0.04999999999999716,-0.04999999999999716,56.25,56.3,56.25,56.3,84.0,52.0,22.0,723.0,False,False
006208,2022-10-26 10:57:36.747622,-0.002664298401420906,0.000889679715302405,-0.14999999999999858,0.04999999999999716,56.25,56.3,56.15,56.2,84.0,52.0,850.0,694.0,True,True
006208,2022-10-26 10:57:37.011062,-0.002664298401420906,0.000889679715302405,-0.14999999999999858,0.04999999999999716,56.25,56.3,56.15,56.2,85.0,52.0,850.0,694.0,False,False
006208,2022-10-26 10:57:37.029889,-0.002664298401420906,0.000889679715302405,-0.14999999999999858,0.04999999999999716,56.25,56.3,56.15,56.2,85.0,52.0,850.0,694.0,False,False
006208,2022-10-26 10:57:37.043870,-0.002664298401420906,0.000889679715302405,-0.14999999999999858,0.04999999999999716,56.25,56.3,56.15,56.2,85.0,52.0,850.0,694.0,False,False
006208,2022-10-26 10:57:38.091847,-0.002664298401420906,0.000889679715302405,-0.14999999999999858,0.04999999999999716,56.25,56.3,56.15,56.2,85.0,52.0,850.0,694.0,False,False
006208,2022-10-26 10:57:39.627860,-0.002664298401420906,0.000889679715302405,-0.14999999999999858,0.04999999999999716,56.25,56.3,56.15,56.2,85.0,52.0,850.0,694.0,False,False
006208,2022-10-26 10:57:39.627876,-0.002664298401420906,0.000889679715302405,-0.14999999999999858,0.04999999999999716,56.25,56.3,56.15,56.2,85.0,52.0,850.0,694.0,False,False
006208,2022-10-26 10:57:39.882948,-0.002664298401420906,0.000889679715302405,-0.14999999999999858,0.04999999999999716,56.25,56.3,56.15,56.2,85.0,52.0,850.0,694.0,False,False
006208,2022-10-26 10:57:39.905474,-0.002664298401420906,0.000889679715302405,-0.14999999999999858,0.04999999999999716,56.25,56.3,56.15,56.2,85.0,52.0,850.0,694.0,False,False
006208,2022-10-26 10:57:40.350598,-0.002664298401420906,0.000889679715302405,-0.14999999999999858,0.04999999999999716,56.25,56.3,56.15,56.2,85.0,51.0,850.0,694.0,False,False
006208,2022-10-26 10:57:41.371660,-0.002664298401420906,0.000889679715302405,-0.14999999999999858,0.04999999999999716,56.25,56.3,56.15,56.2,85.0,51.0,850.0,694.0,False,False
006208,2022-10-26 10:57:41.553694,-0.002664298401420906,0.000889679715302405,-0.14999999999999858,0.04999999999999716,56.25,56.3,56.15,56.2,85.0,51.0,850.0,694.0,False,False
006208,2022-10-26 10:57:41.569283,-0.002664298401420906,0.000889679715302405,-0.14999999999999858,0.04999999999999716,56.25,56.3,56.15,56.2,85.0,51.0,850.0,694.0,False,False
006208,2022-10-26 10:57:41.894740,-0.002664298401420906,0.000889679715302405,-0.14999999999999858,0.04999999999999716,56.25,56.3,56.15,56.2,10.0,51.0,850.0,694.0,False,False
006208,2022-10-26 10:57:41.894928,-0.002664298401420906,0.000889679715302405,-0.14999999999999858,0.04999999999999716,56.25,56.3,56.15,56.2,10.0,51.0,850.0,694.0,False,False
006208,2022-10-26 10:57:42.856916,-0.002664298401420906,0.000889679715302405,-0.14999999999999858,0.04999999999999716,56.25,56.3,56.15,56.2,10.0,51.0,850.0,694.0,False,False
006208,2022-10-26 10:57:42.868090,-0.002664298401420906,0.000889679715302405,-0.14999999999999858,0.04999999999999716,56.25,56.3,56.15,56.2,10.0,51.0,850.0,694.0,False,False
006208,2022-10-26 10:57:42.957363,-0.002664298401420906,0.000889679715302405,-0.14999999999999858,0.04999999999999716,56.25,56.3,56.15,56.2,10.0,51.0,850.0,694.0,False,False
006208,2022-10-26 10:57:43.098992,-0.002664298401420906,0.000889679715302405,-0.14999999999999858,0.04999999999999716,56.25,56.3,56.15,56.2,10.0,51.0,850.0,694.0,False,False
006208,2022-10-26 10:57:46.442863,-0.002664298401420906,0.000889679715302405,-0.14999999999999858,0.04999999999999716,56.25,56.3,56.15,56.2,10.0,66.0,850.0,694.0,False,False
006208,2022-10-26 10:57:46.776742,-0.002664298401420906,0.000889679715302405,-0.14999999999999858,0.04999999999999716,56.25,56.3,56.15,56.2,10.0,66.0,850.0,694.0,True,True
006208,2022-10-26 10:57:49.648915,-0.002664298401420906,0.000889679715302405,-0.14999999999999858,0.04999999999999716,56.25,56.3,56.15,56.2,10.0,66.0,850.0,694.0,False,False
006208,2022-10-26 10:57:50.634718,-0.002664298401420906,0.000889679715302405,-0.14999999999999858,0.04999999999999716,56.25,56.3,56.15,56.2,10.0,66.0,850.0,694.0,False,False
006208,2022-10-26 10:57:50.951900,-0.002664298401420906,0.000889679715302405,-0.14999999999999858,0.04999999999999716,56.25,56.3,56.15,56.2,10.0,66.0,850.0,694.0,False,False
006208,2022-10-26 10:57:50.961421,-0.002664298401420906,0.000889679715302405,-0.14999999999999858,0.04999999999999716,56.25,56.3,56.15,56.2,10.0,66.0,850.0,694.0,False,False
006208,2022-10-26 10:57:53.074428,-0.002664298401420906,0.000889679715302405,-0.14999999999999858,0.04999999999999716,56.25,56.3,56.15,56.2,10.0,66.0,850.0,694.0,False,False
006208,2022-10-26 10:57:53.076916,-0.002664298401420906,0.000889679715302405,-0.14999999999999858,0.04999999999999716,56.25,56.3,56.15,56.2,10.0,66.0,850.0,694.0,False,False
006208,2022-10-26 10:57:53.211711,-0.002664298401420906,0.000889679715302405,-0.14999999999999858,0.04999999999999716,56.25,56.3,56.15,56.2,10.0,66.0,850.0,694.0,False,False
006208,2022-10-26 10:57:53.681285,-0.002664298401420906,0.000889679715302405,-0.14999999999999858,0.04999999999999716,56.25,56.3,56.15,56.2,80.0,66.0,850.0,694.0,False,False
006208,2022-10-26 10:57:54.714954,-0.002664298401420906,0.000889679715302405,-0.14999999999999858,0.04999999999999716,56.25,56.3,56.15,56.2,80.0,66.0,850.0,694.0,False,False
006208,2022-10-26 10:57:55.397369,-0.002664298401420906,0.000889679715302405,-0.14999999999999858,0.04999999999999716,56.25,56.3,56.15,56.2,80.0,66.0,850.0,694.0,False,False
006208,2022-10-26 10:57:56.216487,-0.002664298401420906,0.000889679715302405,-0.14999999999999858,0.04999999999999716,56.25,56.3,56.15,56.2,80.0,66.0,850.0,694.0,False,False
006208,2022-10-26 10:57:56.249716,-0.002664298401420906,0.000889679715302405,-0.14999999999999858,0.04999999999999716,56.25,56.3,56.15,56.2,80.0,66.0,850.0,694.0,False,False
006208,2022-10-26 10:57:56.809945,-0.002664298401420906,0.000889679715302405,-0.14999999999999858,0.04999999999999716,56.25,56.3,56.15,56.2,80.0,66.0,801.0,645.0,True,True
006208,2022-10-26 10:57:59.077916,-0.002664298401420906,0.000889679715302405,-0.14999999999999858,0.04999999999999716,56.25,56.3,56.15,56.2,80.0,66.0,801.0,645.0,False,False
006208,2022-10-26 10:57:59.975522,-0.002664298401420906,0.000889679715302405,-0.14999999999999858,0.04999999999999716,56.25,56.3,56.15,56.2,80.0,66.0,801.0,645.0,False,False
006208,2022-10-26 10:58:00.135178,-0.002664298401420906,0.000889679715302405,-0.14999999999999858,0.04999999999999716,56.25,56.3,56.15,56.2,80.0,66.0,801.0,645.0,False,False
006208,2022-10-26 10:58:00.324887,-0.002664298401420906,0.000889679715302405,-0.14999999999999858,0.04999999999999716,56.25,56.3,56.15,56.2,80.0,65.0,801.0,645.0,False,False
006208,2022-10-26 10:58:00.954641,-0.002664298401420906,0.000889679715302405,-0.14999999999999858,0.04999999999999716,56.25,56.3,56.15,56.2,80.0,65.0,801.0,645.0,False,False
006208,2022-10-26 10:58:00.959818,-0.002664298401420906,0.000889679715302405,-0.14999999999999858,0.04999999999999716,56.25,56.3,56.15,56.2,80.0,65.0,801.0,645.0,False,False
006208,2022-10-26 10:58:01.493625,-0.002664298401420906,0.000889679715302405,-0.14999999999999858,0.04999999999999716,56.25,56.3,56.15,56.2,80.0,65.0,801.0,645.0,False,False
006208,2022-10-26 10:58:01.498599,-0.002664298401420906,0.000889679715302405,-0.14999999999999858,0.04999999999999716,56.25,56.3,56.15,56.2,80.0,65.0,801.0,645.0,False,False
006208,2022-10-26 10:58:01.635478,-0.002664298401420906,0.000889679715302405,-0.14999999999999858,0.04999999999999716,56.25,56.3,56.15,56.2,155.0,65.0,801.0,645.0,False,False
006208,2022-10-26 10:58:01.651024,-0.002664298401420906,0.000889679715302405,-0.14999999999999858,0.04999999999999716,56.25,56.3,56.15,56.2,155.0,65.0,801.0,645.0,False,False
006208,2022-10-26 10:58:03.185219,-0.002664298401420906,0.000889679715302405,-0.14999999999999858,0.04999999999999716,56.25,56.3,56.15,56.2,155.0,65.0,801.0,645.0,False,False
006208,2022-10-26 10:58:03.193240,-0.002664298401420906,0.000889679715302405,-0.14999999999999858,0.04999999999999716,56.25,56.3,56.15,56.2,155.0,65.0,801.0,645.0,False,False
006208,2022-10-26 10:58:03.331624,-0.002664298401420906,0.000889679715302405,-0.14999999999999858,0.04999999999999716,56.25,56.3,56.15,56.2,155.0,65.0,801.0,645.0,False,False
006208,2022-10-26 10:58:06.122010,-0.002664298401420906,0.000889679715302405,-0.14999999999999858,0.04999999999999716,56.25,56.3,56.15,56.2,155.0,65.0,801.0,645.0,False,False
006208,2022-10-26 10:58:06.124933,-0.002664298401420906,0.000889679715302405,-0.14999999999999858,0.04999999999999716,56.25,56.3,56.15,56.2,155.0,65.0,801.0,645.0,False,False
006208,2022-10-26 10:58:06.439898,-0.002664298401420906,0.000889679715302405,-0.14999999999999858,0.04999999999999716,56.25,56.3,56.15,56.2,155.0,65.0,850.0,194.0,False,True
006208,2022-10-26 10:58:07.121927,-0.002664298401420906,0.000889679715302405,-0.14999999999999858,0.04999999999999716,56.25,56.3,56.15,56.2,155.0,65.0,850.0,194.0,False,False
006208,2022-10-26 10:58:07.126975,-0.002664298401420906,0.000889679715302405,-0.14999999999999858,0.04999999999999716,56.25,56.3,56.15,56.2,155.0,65.0,850.0,194.0,False,False
006208,2022-10-26 10:58:07.973567,-0.002664298401420906,0.000889679715302405,-0.14999999999999858,0.04999999999999716,56.25,56.3,56.15,56.2,155.0,64.0,850.0,194.0,False,False
006208,2022-10-26 10:58:08.928166,-0.002664298401420906,0.000889679715302405,-0.14999999999999858,0.04999999999999716,56.25,56.3,56.15,56.2,155.0,64.0,850.0,194.0,False,False
006208,2022-10-26 10:58:08.928274,-0.002664298401420906,0.000889679715302405,-0.14999999999999858,0.04999999999999716,56.25,56.3,56.15,56.2,155.0,64.0,850.0,194.0,False,False
006208,2022-10-26 10:58:09.061537,-0.002664298401420906,0.000889679715302405,-0.14999999999999858,0.04999999999999716,56.25,56.3,56.15,56.2,155.0,64.0,850.0,194.0,False,False
006208,2022-10-26 10:58:09.771169,-0.002664298401420906,0.000889679715302405,-0.14999999999999858,0.04999999999999716,56.25,56.3,56.15,56.2,155.0,64.0,850.0,194.0,False,False
006208,2022-10-26 10:58:09.777646,-0.002664298401420906,0.000889679715302405,-0.14999999999999858,0.04999999999999716,56.25,56.3,56.15,56.2,155.0,64.0,850.0,194.0,False,False
006208,2022-10-26 10:58:10.366647,-0.002664298401420906,0.000889679715302405,-0.14999999999999858,0.04999999999999716,56.25,56.3,56.15,56.2,155.0,63.0,850.0,194.0,False,False
006208,2022-10-26 10:58:11.926237,-0.002664298401420906,0.000889679715302405,-0.14999999999999858,0.04999999999999716,56.25,56.3,56.15,56.2,155.0,63.0,850.0,194.0,False,False
006208,2022-10-26 10:58:11.926365,-0.002664298401420906,0.000889679715302405,-0.14999999999999858,0.04999999999999716,56.25,56.3,56.15,56.2,155.0,63.0,850.0,194.0,False,False
006208,2022-10-26 10:58:12.568681,-0.002664298401420906,0.000889679715302405,-0.14999999999999858,0.04999999999999716,56.25,56.3,56.15,56.2,155.0,63.0,850.0,194.0,False,False
006208,2022-10-26 10:58:12.568797,-0.002664298401420906,0.000889679715302405,-0.14999999999999858,0.04999999999999716,56.25,56.3,56.15,56.2,155.0,63.0,850.0,194.0,False,False
006208,2022-10-26 10:58:13.307834,-0.002664298401420906,0.000889679715302405,-0.14999999999999858,0.04999999999999716,56.25,56.3,56.15,56.2,155.0,63.0,850.0,194.0,False,False
006208,2022-10-26 10:58:13.310823,-0.002664298401420906,0.000889679715302405,-0.14999999999999858,0.04999999999999716,56.25,56.3,56.15,56.2,155.0,63.0,850.0,194.0,False,False
006208,2022-10-26 10:58:13.447730,-0.002664298401420906,0.000889679715302405,-0.14999999999999858,0.04999999999999716,56.25,56.3,56.15,56.2,155.0,63.0,850.0,194.0,False,False
006208,2022-10-26 10:58:15.758711,-0.002664298401420906,0.000889679715302405,-0.14999999999999858,0.04999999999999716,56.25,56.3,56.15,56.2,153.0,61.0,850.0,194.0,False,False
006208,2022-10-26 10:58:16.473092,-0.002664298401420906,0.000889679715302405,-0.14999999999999858,0.04999999999999716,56.25,56.3,56.15,56.2,153.0,61.0,850.0,94.0,True,True
006208,2022-10-26 10:58:16.884351,-0.002664298401420906,0.000889679715302405,-0.14999999999999858,0.04999999999999716,56.25,56.3,56.15,56.2,153.0,61.0,850.0,94.0,False,False
006208,2022-10-26 10:58:17.843662,-0.002664298401420906,0.000889679715302405,-0.14999999999999858,0.04999999999999716,56.25,56.3,56.15,56.2,153.0,61.0,850.0,94.0,False,False
006208,2022-10-26 10:58:17.919043,-0.002664298401420906,0.000889679715302405,-0.14999999999999858,0.04999999999999716,56.25,56.3,56.15,56.2,153.0,61.0,850.0,94.0,False,False
006208,2022-10-26 10:58:17.919059,-0.002664298401420906,0.000889679715302405,-0.14999999999999858,0.04999999999999716,56.25,56.3,56.15,56.2,153.0,61.0,850.0,94.0,False,False
006208,2022-10-26 10:58:19.480050,-0.002664298401420906,0.000889679715302405,-0.14999999999999858,0.04999999999999716,56.25,56.3,56.15,56.2,153.0,61.0,850.0,94.0,False,False
006208,2022-10-26 10:58:20.270132,-0.002664298401420906,0.000889679715302405,-0.14999999999999858,0.04999999999999716,56.25,56.3,56.15,56.2,153.0,62.0,850.0,94.0,False,False
006208,2022-10-26 10:58:20.315049,-0.002664298401420906,0.000889679715302405,-0.14999999999999858,0.04999999999999716,56.25,56.3,56.15,56.2,153.0,61.0,850.0,94.0,False,False
006208,2022-10-26 10:58:20.413682,-0.002664298401420906,0.000889679715302405,-0.14999999999999858,0.04999999999999716,56.25,56.3,56.15,56.2,153.0,61.0,850.0,94.0,False,False
006208,2022-10-26 10:58:20.446478,-0.002664298401420906,0.000889679715302405,-0.14999999999999858,0.04999999999999716,56.25,56.3,56.15,56.2,153.0,61.0,850.0,94.0,False,False
006208,2022-10-26 10:58:20.538905,-0.002664298401420906,0.000889679715302405,-0.14999999999999858,0.04999999999999716,56.25,56.3,56.15,56.2,153.0,61.0,850.0,94.0,False,False
006208,2022-10-26 10:58:20.865282,-0.002664298401420906,0.000889679715302405,-0.14999999999999858,0.04999999999999716,56.25,56.3,56.15,56.2,153.0,61.0,850.0,94.0,False,False
006208,2022-10-26 10:58:21.243100,-0.002664298401420906,0.000889679715302405,-0.14999999999999858,0.04999999999999716,56.25,56.3,56.15,56.2,153.0,61.0,850.0,94.0,False,False
006208,2022-10-26 10:58:22.348340,-0.002664298401420906,0.000889679715302405,-0.14999999999999858,0.04999999999999716,56.25,56.3,56.15,56.2,153.0,61.0,850.0,94.0,False,False
006208,2022-10-26 10:58:23.243388,-0.002664298401420906,0.000889679715302405,-0.14999999999999858,0.04999999999999716,56.25,56.3,56.15,56.2,153.0,61.0,850.0,94.0,False,False
006208,2022-10-26 10:58:23.426772,-0.002664298401420906,0.000889679715302405,-0.14999999999999858,0.04999999999999716,56.25,56.3,56.15,56.2,153.0,61.0,850.0,94.0,False,False
006208,2022-10-26 10:58:23.432990,-0.002664298401420906,0.000889679715302405,-0.14999999999999858,0.04999999999999716,56.25,56.3,56.15,56.2,153.0,61.0,850.0,94.0,False,False
006208,2022-10-26 10:58:23.561920,-0.002664298401420906,0.000889679715302405,-0.14999999999999858,0.04999999999999716,56.25,56.3,56.15,56.2,153.0,61.0,850.0,94.0,False,False
006208,2022-10-26 10:58:24.363269,-0.002664298401420906,0.000889679715302405,-0.14999999999999858,0.04999999999999716,56.25,56.3,56.15,56.2,153.0,61.0,850.0,94.0,False,False
006208,2022-10-26 10:58:24.517572,-0.002664298401420906,0.000889679715302405,-0.14999999999999858,0.04999999999999716,56.25,56.3,56.15,56.2,153.0,61.0,850.0,94.0,False,False
006208,2022-10-26 10:58:24.517589,-0.002664298401420906,0.000889679715302405,-0.14999999999999858,0.04999999999999716,56.25,56.3,56.15,56.2,153.0,61.0,850.0,94.0,False,False
006208,2022-10-26 10:58:25.174396,-0.002664298401420906,0.000889679715302405,-0.14999999999999858,0.04999999999999716,56.25,56.3,56.15,56.2,153.0,61.0,850.0,94.0,False,False
006208,2022-10-26 10:58:25.174414,-0.002664298401420906,0.000889679715302405,-0.14999999999999858,0.04999999999999716,56.25,56.3,56.15,56.2,153.0,61.0,850.0,94.0,False,False
006208,2022-10-26 10:58:25.728744,-0.002664298401420906,0.000889679715302405,-0.14999999999999858,0.04999999999999716,56.25,56.3,56.15,56.2,153.0,61.0,850.0,94.0,False,False
006208,2022-10-26 10:58:26.504206,-0.001776198934280493,0.0,-0.09999999999999432,0.0,56.25,56.3,56.2,56.25,153.0,61.0,2.0,110.0,True,True
006208,2022-10-26 10:58:27.447751,-0.001776198934280493,0.0,-0.09999999999999432,0.0,56.25,56.3,56.2,56.25,153.0,61.0,2.0,110.0,False,False
006208,2022-10-26 10:58:30.026271,-0.001776198934280493,0.0,-0.09999999999999432,0.0,56.25,56.3,56.2,56.25,153.0,61.0,2.0,110.0,False,False
006208,2022-10-26 10:58:30.325489,-0.001776198934280493,0.0,-0.09999999999999432,0.0,56.25,56.3,56.2,56.25,153.0,60.0,2.0,110.0,False,False
006208,2022-10-26 10:58:30.642198,-0.001776198934280493,0.0,-0.09999999999999432,0.0,56.25,56.3,56.2,56.25,153.0,60.0,2.0,110.0,False,False
006208,2022-10-26 10:58:30.824887,-0.001776198934280493,0.0,-0.09999999999999432,0.0,56.25,56.3,56.2,56.25,153.0,60.0,2.0,110.0,False,False
006208,2022-10-26 10:58:31.887054,-0.001776198934280493,0.0,-0.09999999999999432,0.0,56.25,56.3,56.2,56.25,153.0,60.0,2.0,110.0,False,False
006208,2022-10-26 10:58:32.595660,-0.001776198934280493,0.0,-0.09999999999999432,0.0,56.25,56.3,56.2,56.25,153.0,60.0,2.0,110.0,False,False
006208,2022-10-26 10:58:32.729003,-0.001776198934280493,0.0,-0.09999999999999432,0.0,56.25,56.3,56.2,56.25,153.0,60.0,2.0,110.0,False,False
006208,2022-10-26 10:58:32.729246,-0.001776198934280493,0.0,-0.09999999999999432,0.0,56.25,56.3,56.2,56.25,153.0,60.0,2.0,110.0,False,False
006208,2022-10-26 10:58:32.887258,-0.001776198934280493,0.0,-0.09999999999999432,0.0,56.25,56.3,56.2,56.25,153.0,60.0,2.0,110.0,False,False
006208,2022-10-26 10:58:33.460522,-0.001776198934280493,0.0,-0.09999999999999432,0.0,56.25,56.3,56.2,56.25,153.0,60.0,2.0,110.0,False,False
006208,2022-10-26 10:58:33.548913,-0.001776198934280493,0.0,-0.09999999999999432,0.0,56.25,56.3,56.2,56.25,153.0,60.0,2.0,110.0,False,False
006208,2022-10-26 10:58:33.552168,-0.001776198934280493,0.0,-0.09999999999999432,0.0,56.25,56.3,56.2,56.25,153.0,60.0,2.0,110.0,False,False
006208,2022-10-26 10:58:33.689346,-0.001776198934280493,0.0,-0.09999999999999432,0.0,56.25,56.3,56.2,56.25,153.0,60.0,2.0,110.0,False,False
006208,2022-10-26 10:58:36.530260,-0.002664298401420906,0.000889679715302405,-0.14999999999999858,0.04999999999999716,56.25,56.3,56.15,56.2,153.0,60.0,850.0,19.0,True,True
006208,2022-10-26 10:58:40.336471,-0.002664298401420906,0.000889679715302405,-0.14999999999999858,0.04999999999999716,56.25,56.3,56.15,56.2,153.0,59.0,850.0,19.0,False,False
006208,2022-10-26 10:58:40.408517,-0.002664298401420906,0.000889679715302405,-0.14999999999999858,0.04999999999999716,56.25,56.3,56.15,56.2,153.0,59.0,850.0,19.0,False,False
006208,2022-10-26 10:58:40.528933,-0.002664298401420906,0.000889679715302405,-0.14999999999999858,0.04999999999999716,56.25,56.3,56.15,56.2,153.0,59.0,850.0,19.0,False,False
006208,2022-10-26 10:58:40.943859,-0.002664298401420906,0.000889679715302405,-0.14999999999999858,0.04999999999999716,56.25,56.3,56.15,56.2,153.0,58.0,850.0,19.0,False,False
006208,2022-10-26 10:58:41.030258,-0.002664298401420906,0.000889679715302405,-0.14999999999999858,0.04999999999999716,56.25,56.3,56.15,56.2,153.0,58.0,850.0,19.0,False,False
006208,2022-10-26 10:58:41.153648,-0.002664298401420906,0.000889679715302405,-0.14999999999999858,0.04999999999999716,56.25,56.3,56.15,56.2,153.0,58.0,850.0,19.0,False,False
006208,2022-10-26 10:58:43.655556,-0.002664298401420906,0.000889679715302405,-0.14999999999999858,0.04999999999999716,56.25,56.3,56.15,56.2,152.0,57.0,850.0,19.0,False,False
006208,2022-10-26 10:58:43.662218,-0.002664298401420906,0.000889679715302405,-0.14999999999999858,0.04999999999999716,56.25,56.3,56.15,56.2,152.0,57.0,850.0,19.0,False,False
006208,2022-10-26 10:58:43.665554,-0.002664298401420906,0.000889679715302405,-0.14999999999999858,0.04999999999999716,56.25,56.3,56.15,56.2,152.0,57.0,850.0,19.0,False,False
006208,2022-10-26 10:58:43.797917,-0.002664298401420906,0.000889679715302405,-0.14999999999999858,0.04999999999999716,56.25,56.3,56.15,56.2,152.0,57.0,850.0,19.0,False,False
006208,2022-10-26 10:58:43.908878,-0.002664298401420906,0.000889679715302405,-0.14999999999999858,0.04999999999999716,56.25,56.3,56.15,56.2,152.0,57.0,850.0,19.0,False,False
006208,2022-10-26 10:58:45.153315,-0.002664298401420906,0.000889679715302405,-0.14999999999999858,0.04999999999999716,56.25,56.3,56.15,56.2,152.0,22.0,850.0,19.0,False,False
006208,2022-10-26 10:58:45.275895,-0.002664298401420906,0.000889679715302405,-0.14999999999999858,0.04999999999999716,56.25,56.3,56.15,56.2,152.0,62.0,850.0,19.0,False,False
006208,2022-10-26 10:58:45.275938,-0.002664298401420906,0.000889679715302405,-0.14999999999999858,0.04999999999999716,56.25,56.3,56.15,56.2,152.0,62.0,850.0,19.0,False,False
006208,2022-10-26 10:58:46.276063,-0.002664298401420906,0.000889679715302405,-0.14999999999999858,0.04999999999999716,56.25,56.3,56.15,56.2,152.0,22.0,850.0,19.0,False,False
006208,2022-10-26 10:58:46.304258,-0.002664298401420906,0.000889679715302405,-0.14999999999999858,0.04999999999999716,56.25,56.3,56.15,56.2,152.0,22.0,850.0,19.0,False,False
006208,2022-10-26 10:58:46.479471,-0.002664298401420906,0.000889679715302405,-0.14999999999999858,0.04999999999999716,56.25,56.3,56.15,56.2,152.0,62.0,850.0,19.0,False,False
006208,2022-10-26 10:58:47.294506,-0.002664298401420906,0.000889679715302405,-0.14999999999999858,0.04999999999999716,56.25,56.3,56.15,56.2,152.0,62.0,850.0,19.0,False,False
006208,2022-10-26 10:58:47.294623,-0.002664298401420906,0.000889679715302405,-0.14999999999999858,0.04999999999999716,56.25,56.3,56.15,56.2,152.0,62.0,850.0,19.0,False,False
006208,2022-10-26 10:58:48.105056,-0.002664298401420906,0.000889679715302405,-0.14999999999999858,0.04999999999999716,56.25,56.3,56.15,56.2,152.0,63.0,850.0,19.0,False,False
006208,2022-10-26 10:58:49.178723,-0.002664298401420906,0.000889679715302405,-0.14999999999999858,0.04999999999999716,56.25,56.3,56.15,56.2,152.0,63.0,850.0,19.0,False,False
006208,2022-10-26 10:58:49.190080,-0.002664298401420906,0.000889679715302405,-0.14999999999999858,0.04999999999999716,56.25,56.3,56.15,56.2,152.0,63.0,850.0,19.0,False,False
006208,2022-10-26 10:58:49.531328,-0.002664298401420906,0.000889679715302405,-0.14999999999999858,0.04999999999999716,56.25,56.3,56.15,56.2,152.0,63.0,850.0,19.0,False,False
006208,2022-10-26 10:58:49.574932,-0.002664298401420906,0.000889679715302405,-0.14999999999999858,0.04999999999999716,56.25,56.3,56.15,56.2,152.0,23.0,850.0,19.0,False,False
006208,2022-10-26 10:58:49.903863,-0.002664298401420906,0.000889679715302405,-0.14999999999999858,0.04999999999999716,56.25,56.3,56.15,56.2,152.0,23.0,850.0,19.0,False,False
006208,2022-10-26 10:58:49.918730,-0.002664298401420906,0.000889679715302405,-0.14999999999999858,0.04999999999999716,56.25,56.3,56.15,56.2,152.0,63.0,850.0,19.0,False,False
006208,2022-10-26 10:58:50.025274,-0.002664298401420906,0.000889679715302405,-0.14999999999999858,0.04999999999999716,56.25,56.3,56.15,56.2,152.0,63.0,850.0,19.0,False,False
006208,2022-10-26 10:58:50.227357,-0.002664298401420906,0.000889679715302405,-0.14999999999999858,0.04999999999999716,56.25,56.3,56.15,56.2,152.0,63.0,850.0,19.0,False,False
006208,2022-10-26 10:58:50.315680,-0.002664298401420906,0.000889679715302405,-0.14999999999999858,0.04999999999999716,56.25,56.3,56.15,56.2,152.0,22.0,850.0,19.0,False,False
006208,2022-10-26 10:58:50.361001,-0.002664298401420906,0.000889679715302405,-0.14999999999999858,0.04999999999999716,56.25,56.3,56.15,56.2,152.0,22.0,850.0,19.0,False,False
006208,2022-10-26 10:58:51.602403,-0.002664298401420906,0.000889679715302405,-0.14999999999999858,0.04999999999999716,56.25,56.3,56.15,56.2,152.0,22.0,850.0,19.0,False,False
006208,2022-10-26 10:58:51.602461,-0.002664298401420906,0.000889679715302405,-0.14999999999999858,0.04999999999999716,56.25,56.3,56.15,56.2,152.0,22.0,850.0,19.0,False,False
006208,2022-10-26 10:58:52.178640,-0.002664298401420906,0.000889679715302405,-0.14999999999999858,0.04999999999999716,56.25,56.3,56.15,56.2,152.0,22.0,850.0,19.0,False,False
006208,2022-10-26 10:58:52.178787,-0.002664298401420906,0.000889679715302405,-0.14999999999999858,0.04999999999999716,56.25,56.3,56.15,56.2,152.0,22.0,850.0,19.0,False,False
006208,2022-10-26 10:58:53.779848,-0.002664298401420906,0.000889679715302405,-0.14999999999999858,0.04999999999999716,56.25,56.3,56.15,56.2,152.0,22.0,850.0,19.0,False,False
006208,2022-10-26 10:58:53.783047,-0.002664298401420906,0.000889679715302405,-0.14999999999999858,0.04999999999999716,56.25,56.3,56.15,56.2,152.0,22.0,850.0,19.0,False,False
006208,2022-10-26 10:58:53.929726,-0.002664298401420906,0.000889679715302405,-0.14999999999999858,0.04999999999999716,56.25,56.3,56.15,56.2,152.0,22.0,850.0,19.0,False,False
006208,2022-10-26 10:58:54.997545,-0.002664298401420906,0.000889679715302405,-0.14999999999999858,0.04999999999999716,56.25,56.3,56.15,56.2,152.0,22.0,850.0,19.0,False,False
006208,2022-10-26 10:58:56.593527,-0.001776198934280493,0.0,-0.09999999999999432,0.0,56.25,56.3,56.2,56.25,152.0,22.0,183.0,110.0,True,True
006208,2022-10-26 10:58:58.019163,-0.001776198934280493,0.0,-0.09999999999999432,0.0,56.25,56.3,56.2,56.25,152.0,22.0,183.0,110.0,False,False
006208,2022-10-26 10:58:58.049036,-0.001776198934280493,0.0,-0.09999999999999432,0.0,56.25,56.3,56.2,56.25,152.0,22.0,183.0,110.0,False,False
006208,2022-10-26 10:58:59.049631,-0.001776198934280493,0.0,-0.09999999999999432,0.0,56.25,56.3,56.2,56.25,152.0,22.0,183.0,110.0,False,False
006208,2022-10-26 10:58:59.270336,-0.001776198934280493,0.0,-0.09999999999999432,0.0,56.25,56.3,56.2,56.25,152.0,22.0,183.0,110.0,False,False
006208,2022-10-26 10:58:59.307583,-0.001776198934280493,0.0,-0.09999999999999432,0.0,56.25,56.3,56.2,56.25,152.0,62.0,183.0,110.0,False,False
006208,2022-10-26 10:58:59.394828,-0.001776198934280493,0.0,-0.09999999999999432,0.0,56.25,56.3,56.2,56.25,152.0,62.0,183.0,110.0,False,False
006208,2022-10-26 10:59:00.369551,-0.001776198934280493,0.0,-0.09999999999999432,0.0,56.25,56.3,56.2,56.25,152.0,62.0,183.0,110.0,False,False
006208,2022-10-26 10:59:00.369703,-0.001776198934280493,0.0,-0.09999999999999432,0.0,56.25,56.3,56.2,56.25,152.0,62.0,183.0,110.0,False,False
006208,2022-10-26 10:59:00.373315,-0.001776198934280493,0.0,-0.09999999999999432,0.0,56.25,56.3,56.2,56.25,152.0,62.0,183.0,110.0,False,False
006208,2022-10-26 10:59:01.297892,-0.001776198934280493,0.0,-0.09999999999999432,0.0,56.25,56.3,56.2,56.25,152.0,62.0,183.0,110.0,False,False
006208,2022-10-26 10:59:01.345849,-0.001776198934280493,0.0,-0.09999999999999432,0.0,56.25,56.3,56.2,56.25,152.0,62.0,183.0,110.0,False,False
006208,2022-10-26 10:59:01.381463,-0.001776198934280493,0.0,-0.09999999999999432,0.0,56.25,56.3,56.2,56.25,152.0,61.0,183.0,110.0,False,False
006208,2022-10-26 10:59:02.024893,-0.001776198934280493,0.0,-0.09999999999999432,0.0,56.25,56.3,56.2,56.25,152.0,61.0,183.0,110.0,False,False
006208,2022-10-26 10:59:02.028257,-0.001776198934280493,0.0,-0.09999999999999432,0.0,56.25,56.3,56.2,56.25,152.0,61.0,183.0,110.0,False,False
006208,2022-10-26 10:59:02.345466,-0.001776198934280493,0.0,-0.09999999999999432,0.0,56.25,56.3,56.2,56.25,152.0,61.0,183.0,110.0,False,False
006208,2022-10-26 10:59:02.796435,-0.001776198934280493,0.0,-0.09999999999999432,0.0,56.25,56.3,56.2,56.25,152.0,61.0,183.0,110.0,False,False
006208,2022-10-26 10:59:02.796596,-0.001776198934280493,0.0,-0.09999999999999432,0.0,56.25,56.3,56.2,56.25,152.0,61.0,183.0,110.0,False,False
006208,2022-10-26 10:59:03.071771,-0.001776198934280493,0.0,-0.09999999999999432,0.0,56.25,56.3,56.2,56.25,152.0,21.0,183.0,110.0,False,False
006208,2022-10-26 10:59:03.101090,-0.001776198934280493,0.0,-0.09999999999999432,0.0,56.25,56.3,56.2,56.25,152.0,21.0,183.0,110.0,False,False
006208,2022-10-26 10:59:03.147235,-0.001776198934280493,0.0,-0.09999999999999432,0.0,56.25,56.3,56.2,56.25,152.0,21.0,183.0,110.0,False,False
006208,2022-10-26 10:59:03.566448,-0.001776198934280493,0.0,-0.09999999999999432,0.0,56.25,56.3,56.2,56.25,152.0,21.0,183.0,110.0,False,False
006208,2022-10-26 10:59:03.566602,-0.001776198934280493,0.0,-0.09999999999999432,0.0,56.25,56.3,56.2,56.25,152.0,21.0,183.0,110.0,False,False
006208,2022-10-26 10:59:03.900309,-0.001776198934280493,0.0,-0.09999999999999432,0.0,56.25,56.3,56.2,56.25,152.0,21.0,183.0,110.0,False,False
006208,2022-10-26 10:59:03.909277,-0.001776198934280493,0.0,-0.09999999999999432,0.0,56.25,56.3,56.2,56.25,152.0,21.0,183.0,110.0,False,False
006208,2022-10-26 10:59:04.101645,-0.001776198934280493,0.0,-0.09999999999999432,0.0,56.25,56.3,56.2,56.25,252.0,21.0,183.0,110.0,False,False
006208,2022-10-26 10:59:04.237389,-0.001776198934280493,0.0,-0.09999999999999432,0.0,56.25,56.3,56.2,56.25,252.0,21.0,183.0,110.0,False,False
006208,2022-10-26 10:59:04.335919,-0.001776198934280493,0.0,-0.09999999999999432,0.0,56.25,56.3,56.2,56.25,252.0,21.0,183.0,110.0,False,False
006208,2022-10-26 10:59:04.440282,-0.001776198934280493,0.0,-0.09999999999999432,0.0,56.25,56.3,56.2,56.25,252.0,21.0,183.0,110.0,False,False
006208,2022-10-26 10:59:04.503142,-0.001776198934280493,0.0,-0.09999999999999432,0.0,56.25,56.3,56.2,56.25,252.0,21.0,183.0,110.0,False,False
006208,2022-10-26 10:59:05.900053,-0.001776198934280493,0.0,-0.09999999999999432,0.0,56.25,56.3,56.2,56.25,252.0,21.0,183.0,110.0,False,False
006208,2022-10-26 10:59:05.900244,-0.001776198934280493,0.0,-0.09999999999999432,0.0,56.25,56.3,56.2,56.25,252.0,21.0,183.0,110.0,False,False
006208,2022-10-26 10:59:06.623647,-0.001776198934280493,0.0,-0.09999999999999432,0.0,56.25,56.3,56.2,56.25,252.0,21.0,179.0,110.0,True,True
006208,2022-10-26 10:59:09.903067,-0.001776198934280493,0.0,-0.09999999999999432,0.0,56.25,56.3,56.2,56.25,252.0,21.0,179.0,110.0,False,False
006208,2022-10-26 10:59:10.305973,-0.001776198934280493,0.0,-0.09999999999999432,0.0,56.25,56.3,56.2,56.25,252.0,20.0,179.0,110.0,False,False
006208,2022-10-26 10:59:11.976381,-0.001776198934280493,0.0,-0.09999999999999432,0.0,56.25,56.3,56.2,56.25,252.0,20.0,179.0,110.0,False,False
006208,2022-10-26 10:59:12.037106,-0.001776198934280493,0.0,-0.09999999999999432,0.0,56.25,56.3,56.2,56.25,252.0,20.0,179.0,110.0,False,False
006208,2022-10-26 10:59:12.886964,-0.001776198934280493,0.0,-0.09999999999999432,0.0,56.25,56.3,56.2,56.25,252.0,20.0,179.0,110.0,False,False
006208,2022-10-26 10:59:12.887299,-0.001776198934280493,0.0,-0.09999999999999432,0.0,56.25,56.3,56.2,56.25,252.0,20.0,179.0,110.0,False,False
006208,2022-10-26 10:59:13.140025,-0.001776198934280493,0.0,-0.09999999999999432,0.0,56.25,56.3,56.2,56.25,252.0,20.0,179.0,110.0,False,False
006208,2022-10-26 10:59:13.518439,-0.001776198934280493,0.0,-0.09999999999999432,0.0,56.25,56.3,56.2,56.25,252.0,19.0,179.0,110.0,False,False
006208,2022-10-26 10:59:14.013319,-0.001776198934280493,0.0,-0.09999999999999432,0.0,56.25,56.3,56.2,56.25,252.0,19.0,179.0,110.0,False,False
006208,2022-10-26 10:59:14.020705,-0.001776198934280493,0.0,-0.09999999999999432,0.0,56.25,56.3,56.2,56.25,252.0,19.0,179.0,110.0,False,False
006208,2022-10-26 10:59:14.153696,-0.001776198934280493,0.0,-0.09999999999999432,0.0,56.25,56.3,56.2,56.25,252.0,19.0,179.0,110.0,False,False
006208,2022-10-26 10:59:14.942646,-0.001776198934280493,0.0,-0.09999999999999432,0.0,56.25,56.3,56.2,56.25,252.0,18.0,179.0,110.0,False,False
006208,2022-10-26 10:59:15.221054,-0.001776198934280493,0.0,-0.09999999999999432,0.0,56.25,56.3,56.2,56.25,252.0,18.0,179.0,110.0,False,False
006208,2022-10-26 10:59:15.234328,-0.001776198934280493,0.0,-0.09999999999999432,0.0,56.25,56.3,56.2,56.25,252.0,18.0,179.0,110.0,False,False
006208,2022-10-26 10:59:15.892201,-0.001776198934280493,0.0,-0.09999999999999432,0.0,56.25,56.3,56.2,56.25,252.0,18.0,179.0,110.0,False,False
006208,2022-10-26 10:59:15.962976,-0.001776198934280493,0.0,-0.09999999999999432,0.0,56.25,56.3,56.2,56.25,252.0,18.0,179.0,110.0,False,False
006208,2022-10-26 10:59:16.176721,-0.001776198934280493,0.0,-0.09999999999999432,0.0,56.25,56.3,56.2,56.25,252.0,18.0,179.0,110.0,False,False
006208,2022-10-26 10:59:16.648727,-0.001776198934280493,0.0,-0.09999999999999432,0.0,56.25,56.3,56.2,56.25,252.0,18.0,179.0,110.0,True,True
006208,2022-10-26 10:59:17.542247,-0.001776198934280493,0.0,-0.09999999999999432,0.0,56.25,56.3,56.2,56.25,252.0,18.0,179.0,110.0,False,False
006208,2022-10-26 10:59:17.542276,-0.001776198934280493,0.0,-0.09999999999999432,0.0,56.25,56.3,56.2,56.25,252.0,18.0,179.0,110.0,False,False
006208,2022-10-26 10:59:18.238614,-0.001776198934280493,0.0,-0.09999999999999432,0.0,56.25,56.3,56.2,56.25,252.0,18.0,179.0,110.0,False,False
006208,2022-10-26 10:59:18.931543,-0.001776198934280493,0.0,-0.09999999999999432,0.0,56.25,56.3,56.2,56.25,252.0,18.0,179.0,110.0,False,False
006208,2022-10-26 10:59:19.289200,-0.001776198934280493,0.0,-0.09999999999999432,0.0,56.25,56.3,56.2,56.25,252.0,18.0,179.0,110.0,False,False
006208,2022-10-26 10:59:19.299881,-0.001776198934280493,0.0,-0.09999999999999432,0.0,56.25,56.3,56.2,56.25,312.0,18.0,179.0,110.0,False,False
006208,2022-10-26 10:59:19.369118,-0.001776198934280493,0.0,-0.09999999999999432,0.0,56.25,56.3,56.2,56.25,312.0,18.0,179.0,110.0,False,False
006208,2022-10-26 10:59:19.664982,-0.001776198934280493,0.0,-0.09999999999999432,0.0,56.25,56.3,56.2,56.25,312.0,18.0,179.0,110.0,False,False
006208,2022-10-26 10:59:20.300968,-0.001776198934280493,0.0,-0.09999999999999432,0.0,56.25,56.3,56.2,56.25,312.0,17.0,179.0,110.0,False,False
006208,2022-10-26 10:59:20.487893,-0.001776198934280493,0.0,-0.09999999999999432,0.0,56.25,56.3,56.2,56.25,312.0,17.0,179.0,110.0,False,False
006208,2022-10-26 10:59:20.534715,-0.001776198934280493,0.0,-0.09999999999999432,0.0,56.25,56.3,56.2,56.25,312.0,17.0,179.0,110.0,False,False
006208,2022-10-26 10:59:20.654951,-0.001776198934280493,0.0,-0.09999999999999432,0.0,56.25,56.3,56.2,56.25,312.0,17.0,179.0,110.0,False,False
006208,2022-10-26 10:59:20.910496,-0.001776198934280493,0.0,-0.09999999999999432,0.0,56.25,56.3,56.2,56.25,312.0,17.0,179.0,110.0,False,False
006208,2022-10-26 10:59:21.076742,-0.001776198934280493,0.0,-0.09999999999999432,0.0,56.25,56.3,56.2,56.25,312.0,17.0,179.0,110.0,False,False
006208,2022-10-26 10:59:21.076850,-0.001776198934280493,0.0,-0.09999999999999432,0.0,56.25,56.3,56.2,56.25,312.0,17.0,179.0,110.0,False,False
006208,2022-10-26 10:59:21.120347,-0.001776198934280493,0.0,-0.09999999999999432,0.0,56.25,56.3,56.2,56.25,312.0,17.0,179.0,110.0,False,False
006208,2022-10-26 10:59:24.029897,-0.001776198934280493,0.0,-0.09999999999999432,0.0,56.25,56.3,56.2,56.25,312.0,17.0,179.0,110.0,False,False
006208,2022-10-26 10:59:24.150279,-0.001776198934280493,0.0,-0.09999999999999432,0.0,56.25,56.3,56.2,56.25,312.0,17.0,179.0,110.0,False,False
006208,2022-10-26 10:59:24.180895,-0.001776198934280493,0.0,-0.09999999999999432,0.0,56.25,56.3,56.2,56.25,312.0,17.0,179.0,110.0,False,False
006208,2022-10-26 10:59:24.301133,-0.001776198934280493,0.0,-0.09999999999999432,0.0,56.25,56.3,56.2,56.25,312.0,17.0,179.0,110.0,False,False
006208,2022-10-26 10:59:25.012904,-0.001776198934280493,0.0,-0.09999999999999432,0.0,56.25,56.3,56.2,56.25,312.0,17.0,179.0,110.0,False,False
006208,2022-10-26 10:59:25.798885,-0.001776198934280493,0.0,-0.09999999999999432,0.0,56.25,56.3,56.2,56.25,312.0,17.0,179.0,110.0,False,False
006208,2022-10-26 10:59:26.677859,-0.001776198934280493,0.0,-0.09999999999999432,0.0,56.25,56.3,56.2,56.25,312.0,17.0,229.0,110.0,True,True
006208,2022-10-26 10:59:27.148899,-0.001776198934280493,0.0,-0.09999999999999432,0.0,56.25,56.3,56.2,56.25,312.0,17.0,229.0,110.0,False,False
006208,2022-10-26 10:59:28.695751,-0.001776198934280493,0.0,-0.09999999999999432,0.0,56.25,56.3,56.2,56.25,312.0,17.0,229.0,110.0,False,False
006208,2022-10-26 10:59:30.296133,-0.001776198934280493,0.0,-0.09999999999999432,0.0,56.25,56.3,56.2,56.25,312.0,16.0,229.0,110.0,False,False
006208,2022-10-26 10:59:30.367838,-0.001776198934280493,0.0,-0.09999999999999432,0.0,56.25,56.3,56.2,56.25,312.0,16.0,229.0,110.0,False,False
006208,2022-10-26 10:59:30.816434,-0.001776198934280493,0.0,-0.09999999999999432,0.0,56.25,56.3,56.2,56.25,312.0,16.0,229.0,110.0,False,False
006208,2022-10-26 10:59:30.908950,-0.001776198934280493,0.0,-0.09999999999999432,0.0,56.25,56.3,56.2,56.25,237.0,16.0,229.0,110.0,False,False
006208,2022-10-26 10:59:30.909231,-0.002661934338952898,0.000888888888888939,-0.14999999999999858,0.04999999999999716,56.3,56.35,56.2,56.25,59.0,104.0,229.0,110.0,False,False
006208,2022-10-26 10:59:30.909108,-0.001776198934280493,0.0,-0.09999999999999432,0.0,56.25,56.3,56.2,56.25,237.0,16.0,229.0,110.0,False,False
006208,2022-10-26 10:59:31.103649,-0.002661934338952898,0.000888888888888939,-0.14999999999999858,0.04999999999999716,56.3,56.35,56.2,56.25,59.0,104.0,229.0,110.0,False,False
006208,2022-10-26 10:59:31.189965,-0.002661934338952898,0.000888888888888939,-0.14999999999999858,0.04999999999999716,56.3,56.35,56.2,56.25,59.0,64.0,229.0,110.0,False,False
006208,2022-10-26 10:59:31.301409,-0.002661934338952898,0.000888888888888939,-0.14999999999999858,0.04999999999999716,56.3,56.35,56.2,56.25,59.0,64.0,229.0,110.0,False,False
006208,2022-10-26 10:59:32.626333,-0.002661934338952898,0.000888888888888939,-0.14999999999999858,0.04999999999999716,56.3,56.35,56.2,56.25,59.0,64.0,229.0,110.0,False,False
006208,2022-10-26 10:59:33.059224,-0.002661934338952898,0.000888888888888939,-0.14999999999999858,0.04999999999999716,56.3,56.35,56.2,56.25,59.0,64.0,229.0,110.0,False,False
006208,2022-10-26 10:59:33.086200,-0.002661934338952898,0.000888888888888939,-0.14999999999999858,0.04999999999999716,56.3,56.35,56.2,56.25,59.0,64.0,229.0,110.0,False,False
006208,2022-10-26 10:59:33.116515,-0.002661934338952898,0.000888888888888939,-0.14999999999999858,0.04999999999999716,56.3,56.35,56.2,56.25,59.0,64.0,229.0,110.0,False,False
006208,2022-10-26 10:59:34.073998,-0.002661934338952898,0.000888888888888939,-0.14999999999999858,0.04999999999999716,56.3,56.35,56.2,56.25,59.0,64.0,229.0,110.0,False,False
006208,2022-10-26 10:59:34.256817,-0.002661934338952898,0.000888888888888939,-0.14999999999999858,0.04999999999999716,56.3,56.35,56.2,56.25,59.0,64.0,229.0,110.0,False,False
006208,2022-10-26 10:59:34.350823,-0.002661934338952898,0.000888888888888939,-0.14999999999999858,0.04999999999999716,56.3,56.35,56.2,56.25,59.0,64.0,229.0,110.0,False,False
006208,2022-10-26 10:59:34.440035,-0.002661934338952898,0.000888888888888939,-0.14999999999999858,0.04999999999999716,56.3,56.35,56.2,56.25,59.0,64.0,229.0,110.0,False,False
006208,2022-10-26 10:59:35.417302,-0.002661934338952898,0.000888888888888939,-0.14999999999999858,0.04999999999999716,56.3,56.35,56.2,56.25,59.0,64.0,229.0,110.0,False,False
006208,2022-10-26 10:59:35.490387,-0.002661934338952898,0.000888888888888939,-0.14999999999999858,0.04999999999999716,56.3,56.35,56.2,56.25,59.0,64.0,229.0,110.0,False,False
006208,2022-10-26 10:59:35.502264,-0.002661934338952898,0.000888888888888939,-0.14999999999999858,0.04999999999999716,56.3,56.35,56.2,56.25,59.0,64.0,229.0,110.0,False,False
006208,2022-10-26 10:59:35.978443,-0.002661934338952898,0.000888888888888939,-0.14999999999999858,0.04999999999999716,56.3,56.35,56.2,56.25,59.0,64.0,229.0,110.0,False,False
006208,2022-10-26 10:59:36.018823,-0.002661934338952898,0.000888888888888939,-0.14999999999999858,0.04999999999999716,56.3,56.35,56.2,56.25,59.0,64.0,229.0,110.0,False,False
006208,2022-10-26 10:59:36.257825,-0.002661934338952898,0.000888888888888939,-0.14999999999999858,0.04999999999999716,56.3,56.35,56.2,56.25,59.0,64.0,229.0,110.0,False,False
006208,2022-10-26 10:59:36.284534,-0.002661934338952898,0.000888888888888939,-0.14999999999999858,0.04999999999999716,56.3,56.35,56.2,56.25,59.0,64.0,229.0,110.0,False,False
006208,2022-10-26 10:59:36.726223,-0.002661934338952898,0.000888888888888939,-0.14999999999999858,0.04999999999999716,56.3,56.35,56.2,56.25,59.0,64.0,229.0,110.0,False,False
006208,2022-10-26 10:59:36.716059,-0.003549245785270716,0.00177935943060481,-0.20000000000000284,0.09999999999999432,56.3,56.35,56.15,56.2,59.0,64.0,850.0,71.0,True,True
006208,2022-10-26 10:59:36.726239,-0.003549245785270716,0.00177935943060481,-0.20000000000000284,0.09999999999999432,56.3,56.35,56.15,56.2,59.0,64.0,850.0,71.0,False,False
006208,2022-10-26 10:59:37.491525,-0.003549245785270716,0.00177935943060481,-0.20000000000000284,0.09999999999999432,56.3,56.35,56.15,56.2,59.0,64.0,850.0,71.0,False,False
006208,2022-10-26 10:59:38.689015,-0.003549245785270716,0.00177935943060481,-0.20000000000000284,0.09999999999999432,56.3,56.35,56.15,56.2,59.0,64.0,850.0,71.0,False,False
006208,2022-10-26 10:59:38.698893,-0.003549245785270716,0.00177935943060481,-0.20000000000000284,0.09999999999999432,56.3,56.35,56.15,56.2,59.0,64.0,850.0,71.0,False,False
006208,2022-10-26 10:59:38.942828,-0.003549245785270716,0.00177935943060481,-0.20000000000000284,0.09999999999999432,56.3,56.35,56.15,56.2,59.0,64.0,850.0,71.0,False,False
006208,2022-10-26 10:59:38.948477,-0.003549245785270716,0.00177935943060481,-0.20000000000000284,0.09999999999999432,56.3,56.35,56.15,56.2,59.0,64.0,850.0,71.0,False,False
006208,2022-10-26 10:59:38.996694,-0.003549245785270716,0.00177935943060481,-0.20000000000000284,0.09999999999999432,56.3,56.35,56.15,56.2,59.0,64.0,850.0,71.0,False,False
006208,2022-10-26 10:59:39.395957,-0.003549245785270716,0.00177935943060481,-0.20000000000000284,0.09999999999999432,56.3,56.35,56.15,56.2,59.0,64.0,850.0,71.0,False,False
006208,2022-10-26 10:59:39.688805,-0.003549245785270716,0.00177935943060481,-0.20000000000000284,0.09999999999999432,56.3,56.35,56.15,56.2,59.0,64.0,850.0,71.0,False,False
006208,2022-10-26 10:59:40.306634,-0.003549245785270716,0.00177935943060481,-0.20000000000000284,0.09999999999999432,56.3,56.35,56.15,56.2,59.0,63.0,850.0,71.0,False,False
006208,2022-10-26 10:59:41.277554,-0.003549245785270716,0.00177935943060481,-0.20000000000000284,0.09999999999999432,56.3,56.35,56.15,56.2,59.0,63.0,850.0,71.0,False,False
006208,2022-10-26 10:59:41.288941,-0.003549245785270716,0.00177935943060481,-0.20000000000000284,0.09999999999999432,56.3,56.35,56.15,56.2,59.0,63.0,850.0,71.0,False,False
006208,2022-10-26 10:59:41.416763,-0.003549245785270716,0.00177935943060481,-0.20000000000000284,0.09999999999999432,56.3,56.35,56.15,56.2,59.0,63.0,850.0,71.0,False,False
006208,2022-10-26 10:59:42.289046,-0.003549245785270716,0.00177935943060481,-0.20000000000000284,0.09999999999999432,56.3,56.35,56.15,56.2,59.0,63.0,850.0,71.0,False,False
006208,2022-10-26 10:59:42.296908,-0.003549245785270716,0.00177935943060481,-0.20000000000000284,0.09999999999999432,56.3,56.35,56.15,56.2,59.0,63.0,850.0,71.0,False,False
006208,2022-10-26 10:59:42.921269,-0.003549245785270716,0.00177935943060481,-0.20000000000000284,0.09999999999999432,56.3,56.35,56.15,56.2,59.0,63.0,850.0,71.0,False,False
006208,2022-10-26 10:59:43.100111,-0.003549245785270716,0.00177935943060481,-0.20000000000000284,0.09999999999999432,56.3,56.35,56.15,56.2,59.0,63.0,850.0,71.0,False,False
006208,2022-10-26 10:59:44.985678,-0.003549245785270716,0.00177935943060481,-0.20000000000000284,0.09999999999999432,56.3,56.35,56.15,56.2,59.0,63.0,850.0,71.0,False,False
006208,2022-10-26 10:59:45.079771,-0.003549245785270716,0.00177935943060481,-0.20000000000000284,0.09999999999999432,56.3,56.35,56.15,56.2,59.0,63.0,850.0,71.0,False,False
006208,2022-10-26 10:59:45.841439,-0.003549245785270716,0.00177935943060481,-0.20000000000000284,0.09999999999999432,56.3,56.35,56.15,56.2,58.0,63.0,850.0,71.0,False,False
006208,2022-10-26 10:59:45.865003,-0.003549245785270716,0.00177935943060481,-0.20000000000000284,0.09999999999999432,56.3,56.35,56.15,56.2,58.0,63.0,850.0,71.0,False,False
006208,2022-10-26 10:59:46.686464,-0.003549245785270716,0.00177935943060481,-0.20000000000000284,0.09999999999999432,56.3,56.35,56.15,56.2,58.0,63.0,850.0,71.0,False,False
006208,2022-10-26 10:59:46.693937,-0.003549245785270716,0.00177935943060481,-0.20000000000000284,0.09999999999999432,56.3,56.35,56.15,56.2,58.0,63.0,850.0,71.0,False,False
006208,2022-10-26 10:59:46.757434,-0.003549245785270716,0.00177935943060481,-0.20000000000000284,0.09999999999999432,56.3,56.35,56.15,56.2,58.0,63.0,850.0,71.0,True,True
006208,2022-10-26 10:59:46.864929,-0.003549245785270716,0.00177935943060481,-0.20000000000000284,0.09999999999999432,56.3,56.35,56.15,56.2,58.0,63.0,850.0,71.0,False,False
006208,2022-10-26 10:59:46.864966,-0.003549245785270716,0.00177935943060481,-0.20000000000000284,0.09999999999999432,56.3,56.35,56.15,56.2,158.0,63.0,850.0,71.0,False,False
006208,2022-10-26 10:59:50.074640,-0.003549245785270716,0.00177935943060481,-0.20000000000000284,0.09999999999999432,56.3,56.35,56.15,56.2,158.0,63.0,850.0,71.0,False,False
006208,2022-10-26 10:59:50.271884,-0.003549245785270716,0.00177935943060481,-0.20000000000000284,0.09999999999999432,56.3,56.35,56.15,56.2,158.0,62.0,850.0,71.0,False,False
006208,2022-10-26 10:59:50.307993,-0.003549245785270716,0.00177935943060481,-0.20000000000000284,0.09999999999999432,56.3,56.35,56.15,56.2,58.0,62.0,850.0,71.0,False,False
006208,2022-10-26 10:59:50.825209,-0.003549245785270716,0.00177935943060481,-0.20000000000000284,0.09999999999999432,56.3,56.35,56.15,56.2,58.0,62.0,850.0,71.0,False,False
006208,2022-10-26 10:59:50.828556,-0.003549245785270716,0.00177935943060481,-0.20000000000000284,0.09999999999999432,56.3,56.35,56.15,56.2,58.0,62.0,850.0,71.0,False,False
006208,2022-10-26 10:59:50.929113,-0.003549245785270716,0.00177935943060481,-0.20000000000000284,0.09999999999999432,56.3,56.35,56.15,56.2,58.0,62.0,850.0,71.0,False,False
006208,2022-10-26 10:59:51.308085,-0.003549245785270716,0.00177935943060481,-0.20000000000000284,0.09999999999999432,56.3,56.35,56.15,56.2,158.0,62.0,850.0,71.0,False,False
006208,2022-10-26 10:59:51.395953,-0.003549245785270716,0.00177935943060481,-0.20000000000000284,0.09999999999999432,56.3,56.35,56.15,56.2,158.0,62.0,850.0,71.0,False,False
006208,2022-10-26 10:59:51.400012,-0.003549245785270716,0.00177935943060481,-0.20000000000000284,0.09999999999999432,56.3,56.35,56.15,56.2,158.0,62.0,850.0,71.0,False,False
006208,2022-10-26 10:59:51.529992,-0.003549245785270716,0.00177935943060481,-0.20000000000000284,0.09999999999999432,56.3,56.35,56.15,56.2,158.0,62.0,850.0,71.0,False,False
006208,2022-10-26 10:59:51.701270,-0.003549245785270716,0.00177935943060481,-0.20000000000000284,0.09999999999999432,56.3,56.35,56.15,56.2,58.0,62.0,850.0,71.0,False,False
006208,2022-10-26 10:59:51.917813,-0.003549245785270716,0.00177935943060481,-0.20000000000000284,0.09999999999999432,56.3,56.35,56.15,56.2,58.0,61.0,850.0,71.0,False,False
006208,2022-10-26 10:59:52.032910,-0.003549245785270716,0.00177935943060481,-0.20000000000000284,0.09999999999999432,56.3,56.35,56.15,56.2,58.0,61.0,850.0,71.0,False,False
006208,2022-10-26 10:59:52.032954,-0.003549245785270716,0.00177935943060481,-0.20000000000000284,0.09999999999999432,56.3,56.35,56.15,56.2,58.0,61.0,850.0,71.0,False,False
006208,2022-10-26 10:59:52.659466,-0.003549245785270716,0.00177935943060481,-0.20000000000000284,0.09999999999999432,56.3,56.35,56.15,56.2,58.0,61.0,850.0,71.0,False,False
006208,2022-10-26 10:59:52.708411,-0.003549245785270716,0.00177935943060481,-0.20000000000000284,0.09999999999999432,56.3,56.35,56.15,56.2,58.0,61.0,850.0,71.0,False,False
006208,2022-10-26 10:59:54.667015,-0.003549245785270716,0.00177935943060481,-0.20000000000000284,0.09999999999999432,56.3,56.35,56.15,56.2,58.0,61.0,850.0,71.0,False,False
006208,2022-10-26 10:59:54.667130,-0.003549245785270716,0.00177935943060481,-0.20000000000000284,0.09999999999999432,56.3,56.35,56.15,56.2,58.0,61.0,850.0,71.0,False,False
006208,2022-10-26 10:59:54.992239,-0.003549245785270716,0.00177935943060481,-0.20000000000000284,0.09999999999999432,56.3,56.35,56.15,56.2,58.0,61.0,850.0,71.0,False,False
006208,2022-10-26 10:59:55.455782,-0.003549245785270716,0.00177935943060481,-0.20000000000000284,0.09999999999999432,56.3,56.35,56.15,56.2,58.0,61.0,850.0,71.0,False,False
006208,2022-10-26 10:59:56.004986,-0.003549245785270716,0.00177935943060481,-0.20000000000000284,0.09999999999999432,56.3,56.35,56.15,56.2,58.0,61.0,850.0,71.0,False,False
006208,2022-10-26 10:59:56.005152,-0.003549245785270716,0.00177935943060481,-0.20000000000000284,0.09999999999999432,56.3,56.35,56.15,56.2,58.0,61.0,850.0,71.0,False,False
006208,2022-10-26 10:59:56.031854,-0.003549245785270716,0.00177935943060481,-0.20000000000000284,0.09999999999999432,56.3,56.35,56.15,56.2,58.0,60.0,850.0,71.0,False,False
006208,2022-10-26 10:59:56.014967,-0.003549245785270716,0.00177935943060481,-0.20000000000000284,0.09999999999999432,56.3,56.35,56.15,56.2,58.0,61.0,850.0,71.0,False,False
006208,2022-10-26 10:59:57.433950,-0.003549245785270716,0.00177935943060481,-0.20000000000000284,0.09999999999999432,56.3,56.35,56.15,56.2,58.0,60.0,850.0,71.0,False,False
006208,2022-10-26 10:59:57.523399,-0.003549245785270716,0.00177935943060481,-0.20000000000000284,0.09999999999999432,56.3,56.35,56.15,56.2,58.0,60.0,850.0,71.0,False,False
006208,2022-10-26 11:00:00.790497,-0.003549245785270716,0.00177935943060481,-0.20000000000000284,0.09999999999999432,56.3,56.35,56.15,56.2,58.0,61.0,850.0,71.0,False,False
006208,2022-10-26 11:00:01.596329,-0.003549245785270716,0.00177935943060481,-0.20000000000000284,0.09999999999999432,56.3,56.35,56.15,56.2,58.0,61.0,850.0,71.0,False,False
006208,2022-10-26 11:00:01.600077,-0.003549245785270716,0.00177935943060481,-0.20000000000000284,0.09999999999999432,56.3,56.35,56.15,56.2,58.0,61.0,850.0,71.0,False,False
006208,2022-10-26 11:00:01.733936,-0.003549245785270716,0.00177935943060481,-0.20000000000000284,0.09999999999999432,56.3,56.35,56.15,56.2,58.0,61.0,850.0,71.0,False,False
006208,2022-10-26 11:00:01.981594,-0.003549245785270716,0.00177935943060481,-0.20000000000000284,0.09999999999999432,56.3,56.35,56.15,56.2,58.0,61.0,850.0,71.0,False,False
006208,2022-10-26 11:00:01.985464,-0.003549245785270716,0.00177935943060481,-0.20000000000000284,0.09999999999999432,56.3,56.35,56.15,56.2,58.0,61.0,850.0,71.0,False,False
006208,2022-10-26 11:00:02.833391,-0.003549245785270716,0.00177935943060481,-0.20000000000000284,0.09999999999999432,56.3,56.35,56.15,56.2,58.0,61.0,850.0,71.0,False,False
006208,2022-10-26 11:00:02.833506,-0.003549245785270716,0.00177935943060481,-0.20000000000000284,0.09999999999999432,56.3,56.35,56.15,56.2,58.0,61.0,850.0,71.0,False,False
006208,2022-10-26 11:00:04.457920,-0.003549245785270716,0.000889679715302405,-0.20000000000000284,0.04999999999999716,56.25,56.35,56.15,56.2,242.0,61.0,850.0,71.0,False,False
006208,2022-10-26 11:00:04.487161,-0.003549245785270716,0.000889679715302405,-0.20000000000000284,0.04999999999999716,56.25,56.35,56.15,56.2,317.0,61.0,850.0,71.0,False,False
006208,2022-10-26 11:00:04.653909,-0.003549245785270716,0.000889679715302405,-0.20000000000000284,0.04999999999999716,56.25,56.35,56.15,56.2,277.0,61.0,850.0,71.0,False,False
006208,2022-10-26 11:00:04.786139,-0.003549245785270716,0.000889679715302405,-0.20000000000000284,0.04999999999999716,56.25,56.35,56.15,56.2,277.0,61.0,850.0,71.0,False,False
006208,2022-10-26 11:00:04.913292,-0.003549245785270716,0.000889679715302405,-0.20000000000000284,0.04999999999999716,56.25,56.35,56.15,56.2,277.0,61.0,850.0,71.0,False,False
006208,2022-10-26 11:00:05.014848,-0.003549245785270716,0.000889679715302405,-0.20000000000000284,0.04999999999999716,56.25,56.35,56.15,56.2,277.0,61.0,850.0,71.0,False,False
006208,2022-10-26 11:00:05.238805,-0.003549245785270716,0.000889679715302405,-0.20000000000000284,0.04999999999999716,56.25,56.35,56.15,56.2,277.0,61.0,850.0,71.0,False,False
006208,2022-10-26 11:00:05.239067,-0.003549245785270716,0.000889679715302405,-0.20000000000000284,0.04999999999999716,56.25,56.35,56.15,56.2,277.0,61.0,850.0,71.0,False,False
006208,2022-10-26 11:00:05.356796,-0.003549245785270716,0.000889679715302405,-0.20000000000000284,0.04999999999999716,56.25,56.35,56.15,56.2,277.0,61.0,850.0,71.0,False,False
006208,2022-10-26 11:00:05.904311,-0.003549245785270716,0.000889679715302405,-0.20000000000000284,0.04999999999999716,56.25,56.35,56.15,56.2,277.0,61.0,850.0,71.0,False,False
006208,2022-10-26 11:00:05.914954,-0.003549245785270716,0.000889679715302405,-0.20000000000000284,0.04999999999999716,56.25,56.35,56.15,56.2,277.0,61.0,850.0,71.0,False,False
006208,2022-10-26 11:00:06.013625,-0.003549245785270716,0.000889679715302405,-0.20000000000000284,0.04999999999999716,56.25,56.35,56.15,56.2,277.0,61.0,850.0,71.0,False,False
006208,2022-10-26 11:00:06.248306,-0.003549245785270716,0.000889679715302405,-0.20000000000000284,0.04999999999999716,56.25,56.35,56.15,56.2,243.0,61.0,850.0,71.0,False,False
006208,2022-10-26 11:00:06.275339,-0.003549245785270716,0.000889679715302405,-0.20000000000000284,0.04999999999999716,56.25,56.35,56.15,56.2,243.0,61.0,850.0,71.0,False,False
006208,2022-10-26 11:00:06.927248,-0.003549245785270716,0.000889679715302405,-0.20000000000000284,0.04999999999999716,56.25,56.35,56.15,56.2,243.0,61.0,850.0,969.0,True,True
006208,2022-10-26 11:00:08.330500,-0.003549245785270716,0.000889679715302405,-0.20000000000000284,0.04999999999999716,56.25,56.35,56.15,56.2,243.0,61.0,850.0,969.0,False,False
006208,2022-10-26 11:00:08.353036,-0.003549245785270716,0.000889679715302405,-0.20000000000000284,0.04999999999999716,56.25,56.35,56.15,56.2,243.0,61.0,850.0,969.0,False,False
006208,2022-10-26 11:00:10.397738,-0.003549245785270716,0.000889679715302405,-0.20000000000000284,0.04999999999999716,56.25,56.35,56.15,56.2,243.0,60.0,850.0,969.0,False,False
006208,2022-10-26 11:00:13.708786,-0.003549245785270716,0.000889679715302405,-0.20000000000000284,0.04999999999999716,56.25,56.35,56.15,56.2,243.0,60.0,850.0,969.0,False,False
006208,2022-10-26 11:00:13.798228,-0.003549245785270716,0.000889679715302405,-0.20000000000000284,0.04999999999999716,56.25,56.35,56.15,56.2,243.0,60.0,850.0,969.0,False,False
006208,2022-10-26 11:00:14.137049,-0.003549245785270716,0.000889679715302405,-0.20000000000000284,0.04999999999999716,56.25,56.35,56.15,56.2,243.0,60.0,850.0,969.0,False,False
006208,2022-10-26 11:00:14.146163,-0.003549245785270716,0.000889679715302405,-0.20000000000000284,0.04999999999999716,56.25,56.35,56.15,56.2,243.0,60.0,850.0,969.0,False,False
006208,2022-10-26 11:00:14.815075,-0.003549245785270716,0.000889679715302405,-0.20000000000000284,0.04999999999999716,56.25,56.35,56.15,56.2,243.0,60.0,850.0,969.0,False,False
006208,2022-10-26 11:00:14.817138,-0.003549245785270716,0.000889679715302405,-0.20000000000000284,0.04999999999999716,56.25,56.35,56.15,56.2,243.0,60.0,850.0,969.0,False,False
006208,2022-10-26 11:00:14.953230,-0.003549245785270716,0.000889679715302405,-0.20000000000000284,0.04999999999999716,56.25,56.35,56.15,56.2,243.0,60.0,850.0,969.0,False,False
006208,2022-10-26 11:00:15.228121,-0.003549245785270716,0.000889679715302405,-0.20000000000000284,0.04999999999999716,56.25,56.35,56.15,56.2,243.0,60.0,850.0,969.0,False,False
006208,2022-10-26 11:00:15.228301,-0.003549245785270716,0.000889679715302405,-0.20000000000000284,0.04999999999999716,56.25,56.35,56.15,56.2,243.0,60.0,850.0,969.0,False,False
006208,2022-10-26 11:00:16.518774,-0.003549245785270716,0.000889679715302405,-0.20000000000000284,0.04999999999999716,56.25,56.35,56.15,56.2,243.0,60.0,850.0,969.0,False,False
006208,2022-10-26 11:00:16.518956,-0.003549245785270716,0.000889679715302405,-0.20000000000000284,0.04999999999999716,56.25,56.35,56.15,56.2,243.0,60.0,850.0,969.0,False,False
006208,2022-10-26 11:00:17.009662,-0.003549245785270716,0.000889679715302405,-0.20000000000000284,0.04999999999999716,56.25,56.35,56.15,56.2,243.0,60.0,850.0,519.0,True,True
006208,2022-10-26 11:00:17.241690,-0.003549245785270716,0.00177935943060481,-0.20000000000000284,0.09999999999999432,56.3,56.35,56.15,56.2,2.0,60.0,850.0,519.0,False,False
006208,2022-10-26 11:00:17.275297,-0.003549245785270716,0.00177935943060481,-0.20000000000000284,0.09999999999999432,56.3,56.35,56.15,56.2,2.0,60.0,850.0,519.0,False,False
006208,2022-10-26 11:00:17.527763,-0.003549245785270716,0.00177935943060481,-0.20000000000000284,0.09999999999999432,56.3,56.35,56.15,56.2,2.0,60.0,850.0,519.0,False,False
006208,2022-10-26 11:00:17.693334,-0.003549245785270716,0.00177935943060481,-0.20000000000000284,0.09999999999999432,56.3,56.35,56.15,56.2,72.0,60.0,850.0,519.0,False,False
006208,2022-10-26 11:00:17.697183,-0.003549245785270716,0.00177935943060481,-0.20000000000000284,0.09999999999999432,56.3,56.35,56.15,56.2,72.0,60.0,850.0,519.0,False,False
006208,2022-10-26 11:00:17.843386,-0.003549245785270716,0.00177935943060481,-0.20000000000000284,0.09999999999999432,56.3,56.35,56.15,56.2,72.0,60.0,850.0,519.0,False,False
006208,2022-10-26 11:00:19.288227,-0.003549245785270716,0.00177935943060481,-0.20000000000000284,0.09999999999999432,56.3,56.35,56.15,56.2,72.0,60.0,850.0,519.0,False,False
006208,2022-10-26 11:00:19.346946,-0.003549245785270716,0.00177935943060481,-0.20000000000000284,0.09999999999999432,56.3,56.35,56.15,56.2,72.0,60.0,850.0,519.0,False,False
006208,2022-10-26 11:00:19.408517,-0.003549245785270716,0.00177935943060481,-0.20000000000000284,0.09999999999999432,56.3,56.35,56.15,56.2,72.0,60.0,850.0,519.0,False,False
006208,2022-10-26 11:00:20.314286,-0.003549245785270716,0.00177935943060481,-0.20000000000000284,0.09999999999999432,56.3,56.35,56.15,56.2,72.0,160.0,850.0,519.0,False,False
006208,2022-10-26 11:00:20.314307,-0.003549245785270716,0.00177935943060481,-0.20000000000000284,0.09999999999999432,56.3,56.35,56.15,56.2,72.0,160.0,850.0,519.0,False,False
006208,2022-10-26 11:00:20.440056,-0.003549245785270716,0.00177935943060481,-0.20000000000000284,0.09999999999999432,56.3,56.35,56.15,56.2,72.0,159.0,850.0,519.0,False,False
006208,2022-10-26 11:00:20.443968,-0.003549245785270716,0.00177935943060481,-0.20000000000000284,0.09999999999999432,56.3,56.35,56.15,56.2,72.0,159.0,850.0,519.0,False,False
006208,2022-10-26 11:00:23.634291,-0.003549245785270716,0.00177935943060481,-0.20000000000000284,0.09999999999999432,56.3,56.35,56.15,56.2,72.0,159.0,850.0,519.0,False,False
006208,2022-10-26 11:00:23.638146,-0.003549245785270716,0.00177935943060481,-0.20000000000000284,0.09999999999999432,56.3,56.35,56.15,56.2,72.0,159.0,850.0,519.0,False,False
006208,2022-10-26 11:00:24.463726,-0.003549245785270716,0.00177935943060481,-0.20000000000000284,0.09999999999999432,56.3,56.35,56.15,56.2,72.0,159.0,850.0,519.0,False,False
006208,2022-10-26 11:00:24.478941,-0.003549245785270716,0.00177935943060481,-0.20000000000000284,0.09999999999999432,56.3,56.35,56.15,56.2,72.0,159.0,850.0,519.0,False,False
006208,2022-10-26 11:00:25.042093,-0.003549245785270716,0.00177935943060481,-0.20000000000000284,0.09999999999999432,56.3,56.35,56.15,56.2,72.0,159.0,850.0,519.0,False,False
006208,2022-10-26 11:00:25.054145,-0.003549245785270716,0.00177935943060481,-0.20000000000000284,0.09999999999999432,56.3,56.35,56.15,56.2,72.0,159.0,850.0,519.0,False,False
006208,2022-10-26 11:00:25.720545,-0.003549245785270716,0.00177935943060481,-0.20000000000000284,0.09999999999999432,56.3,56.35,56.15,56.2,72.0,159.0,850.0,519.0,False,False
006208,2022-10-26 11:00:27.073162,-0.003549245785270716,0.00177935943060481,-0.20000000000000284,0.09999999999999432,56.3,56.35,56.15,56.2,72.0,159.0,850.0,515.0,True,True
006208,2022-10-26 11:00:27.534095,-0.003549245785270716,0.00177935943060481,-0.20000000000000284,0.09999999999999432,56.3,56.35,56.15,56.2,72.0,159.0,850.0,515.0,False,False
006208,2022-10-26 11:00:27.545427,-0.003549245785270716,0.00177935943060481,-0.20000000000000284,0.09999999999999432,56.3,56.35,56.15,56.2,72.0,159.0,850.0,515.0,False,False
006208,2022-10-26 11:00:27.681631,-0.003549245785270716,0.00177935943060481,-0.20000000000000284,0.09999999999999432,56.3,56.35,56.15,56.2,72.0,159.0,850.0,515.0,False,False
006208,2022-10-26 11:00:27.897322,-0.003549245785270716,0.00177935943060481,-0.20000000000000284,0.09999999999999432,56.3,56.35,56.15,56.2,72.0,159.0,850.0,515.0,False,False
006208,2022-10-26 11:00:27.991396,-0.003549245785270716,0.00177935943060481,-0.20000000000000284,0.09999999999999432,56.3,56.35,56.15,56.2,72.0,234.0,850.0,515.0,False,False
006208,2022-10-26 11:00:28.016143,-0.003549245785270716,0.00177935943060481,-0.20000000000000284,0.09999999999999432,56.3,56.35,56.15,56.2,72.0,234.0,850.0,515.0,False,False
006208,2022-10-26 11:00:28.529965,-0.003549245785270716,0.00177935943060481,-0.20000000000000284,0.09999999999999432,56.3,56.35,56.15,56.2,72.0,234.0,850.0,515.0,False,False
006208,2022-10-26 11:00:28.983625,-0.003549245785270716,0.00177935943060481,-0.20000000000000284,0.09999999999999432,56.3,56.35,56.15,56.2,72.0,234.0,850.0,515.0,False,False
006208,2022-10-26 11:00:29.089916,-0.003549245785270716,0.00177935943060481,-0.20000000000000284,0.09999999999999432,56.3,56.35,56.15,56.2,72.0,234.0,850.0,515.0,False,False
006208,2022-10-26 11:00:30.150715,-0.003549245785270716,0.00177935943060481,-0.20000000000000284,0.09999999999999432,56.3,56.35,56.15,56.2,72.0,233.0,850.0,515.0,False,False
006208,2022-10-26 11:00:30.196687,-0.003549245785270716,0.00177935943060481,-0.20000000000000284,0.09999999999999432,56.3,56.35,56.15,56.2,72.0,233.0,850.0,515.0,False,False
006208,2022-10-26 11:00:30.456410,-0.003549245785270716,0.00177935943060481,-0.20000000000000284,0.09999999999999432,56.3,56.35,56.15,56.2,72.0,232.0,850.0,515.0,False,False
006208,2022-10-26 11:00:30.552729,-0.003549245785270716,0.00177935943060481,-0.20000000000000284,0.09999999999999432,56.3,56.35,56.15,56.2,72.0,232.0,850.0,515.0,False,False
006208,2022-10-26 11:00:30.552834,-0.003549245785270716,0.00177935943060481,-0.20000000000000284,0.09999999999999432,56.3,56.35,56.15,56.2,72.0,232.0,850.0,515.0,False,False
006208,2022-10-26 11:00:31.397965,-0.003549245785270716,0.00177935943060481,-0.20000000000000284,0.09999999999999432,56.3,56.35,56.15,56.2,72.0,232.0,850.0,515.0,False,False
006208,2022-10-26 11:00:31.463995,-0.003549245785270716,0.00177935943060481,-0.20000000000000284,0.09999999999999432,56.3,56.35,56.15,56.2,72.0,232.0,850.0,515.0,False,False
006208,2022-10-26 11:00:31.514127,-0.003549245785270716,0.00177935943060481,-0.20000000000000284,0.09999999999999432,56.3,56.35,56.15,56.2,72.0,232.0,850.0,515.0,False,False
006208,2022-10-26 11:00:32.579359,-0.003549245785270716,0.00177935943060481,-0.20000000000000284,0.09999999999999432,56.3,56.35,56.15,56.2,72.0,232.0,850.0,515.0,False,False
006208,2022-10-26 11:00:32.579532,-0.003549245785270716,0.00177935943060481,-0.20000000000000284,0.09999999999999432,56.3,56.35,56.15,56.2,72.0,232.0,850.0,515.0,False,False
006208,2022-10-26 11:00:32.813748,-0.003549245785270716,0.00177935943060481,-0.20000000000000284,0.09999999999999432,56.3,56.35,56.15,56.2,72.0,232.0,850.0,515.0,False,False
006208,2022-10-26 11:00:32.813918,-0.003549245785270716,0.00177935943060481,-0.20000000000000284,0.09999999999999432,56.3,56.35,56.15,56.2,72.0,232.0,850.0,515.0,False,False
006208,2022-10-26 11:00:33.089621,-0.003549245785270716,0.00177935943060481,-0.20000000000000284,0.09999999999999432,56.3,56.35,56.15,56.2,72.0,232.0,850.0,515.0,False,False
006208,2022-10-26 11:00:33.100717,-0.003549245785270716,0.00177935943060481,-0.20000000000000284,0.09999999999999432,56.3,56.35,56.15,56.2,72.0,232.0,850.0,515.0,False,False
006208,2022-10-26 11:00:34.509988,-0.003549245785270716,0.00177935943060481,-0.20000000000000284,0.09999999999999432,56.3,56.35,56.15,56.2,72.0,232.0,850.0,515.0,False,False
006208,2022-10-26 11:00:34.515712,-0.003549245785270716,0.00177935943060481,-0.20000000000000284,0.09999999999999432,56.3,56.35,56.15,56.2,72.0,232.0,850.0,515.0,False,False
006208,2022-10-26 11:00:37.125678,-0.003549245785270716,0.00177935943060481,-0.20000000000000284,0.09999999999999432,56.3,56.35,56.15,56.2,72.0,232.0,890.0,415.0,True,True
006208,2022-10-26 11:00:37.678174,-0.003549245785270716,0.00177935943060481,-0.20000000000000284,0.09999999999999432,56.3,56.35,56.15,56.2,72.0,232.0,890.0,415.0,False,False
006208,2022-10-26 11:00:37.750826,-0.003549245785270716,0.00177935943060481,-0.20000000000000284,0.09999999999999432,56.3,56.35,56.15,56.2,72.0,232.0,890.0,415.0,False,False
006208,2022-10-26 11:00:37.813127,-0.003549245785270716,0.00177935943060481,-0.20000000000000284,0.09999999999999432,56.3,56.35,56.15,56.2,72.0,232.0,890.0,415.0,False,False
006208,2022-10-26 11:00:38.000989,-0.003549245785270716,0.00177935943060481,-0.20000000000000284,0.09999999999999432,56.3,56.35,56.15,56.2,72.0,232.0,890.0,415.0,False,False
006208,2022-10-26 11:00:38.021648,-0.003549245785270716,0.00177935943060481,-0.20000000000000284,0.09999999999999432,56.3,56.35,56.15,56.2,72.0,232.0,890.0,415.0,False,False
006208,2022-10-26 11:00:38.560932,-0.003549245785270716,0.00177935943060481,-0.20000000000000284,0.09999999999999432,56.3,56.35,56.15,56.2,72.0,232.0,890.0,415.0,False,False
006208,2022-10-26 11:00:38.561142,-0.003549245785270716,0.00177935943060481,-0.20000000000000284,0.09999999999999432,56.3,56.35,56.15,56.2,72.0,232.0,890.0,415.0,False,False
006208,2022-10-26 11:00:38.643463,-0.003549245785270716,0.00177935943060481,-0.20000000000000284,0.09999999999999432,56.3,56.35,56.15,56.2,72.0,232.0,890.0,415.0,False,False
006208,2022-10-26 11:00:40.195625,-0.003549245785270716,0.00177935943060481,-0.20000000000000284,0.09999999999999432,56.3,56.35,56.15,56.2,72.0,232.0,890.0,415.0,False,False
006208,2022-10-26 11:00:40.195901,-0.003549245785270716,0.00177935943060481,-0.20000000000000284,0.09999999999999432,56.3,56.35,56.15,56.2,72.0,232.0,890.0,415.0,False,False
006208,2022-10-26 11:00:40.451798,-0.003549245785270716,0.00177935943060481,-0.20000000000000284,0.09999999999999432,56.3,56.35,56.15,56.2,72.0,231.0,890.0,415.0,False,False
006208,2022-10-26 11:00:41.141515,-0.003549245785270716,0.00177935943060481,-0.20000000000000284,0.09999999999999432,56.3,56.35,56.15,56.2,72.0,231.0,890.0,415.0,False,False
006208,2022-10-26 11:00:41.141647,-0.003549245785270716,0.00177935943060481,-0.20000000000000284,0.09999999999999432,56.3,56.35,56.15,56.2,72.0,231.0,890.0,415.0,False,False
006208,2022-10-26 11:00:41.208393,-0.003549245785270716,0.00177935943060481,-0.20000000000000284,0.09999999999999432,56.3,56.35,56.15,56.2,72.0,231.0,890.0,415.0,False,False
006208,2022-10-26 11:00:42.016086,-0.003549245785270716,0.00177935943060481,-0.20000000000000284,0.09999999999999432,56.3,56.35,56.15,56.2,72.0,156.0,890.0,415.0,False,False
006208,2022-10-26 11:00:42.105519,-0.003549245785270716,0.00177935943060481,-0.20000000000000284,0.09999999999999432,56.3,56.35,56.15,56.2,72.0,156.0,890.0,415.0,False,False
006208,2022-10-26 11:00:45.197390,-0.003549245785270716,0.00177935943060481,-0.20000000000000284,0.09999999999999432,56.3,56.35,56.15,56.2,72.0,156.0,890.0,415.0,False,False
006208,2022-10-26 11:00:45.197499,-0.003549245785270716,0.00177935943060481,-0.20000000000000284,0.09999999999999432,56.3,56.35,56.15,56.2,72.0,156.0,890.0,415.0,False,False
006208,2022-10-26 11:00:45.702826,-0.003549245785270716,0.00177935943060481,-0.20000000000000284,0.09999999999999432,56.3,56.35,56.15,56.2,72.0,156.0,890.0,415.0,False,False
006208,2022-10-26 11:00:46.432894,-0.003549245785270716,0.00177935943060481,-0.20000000000000284,0.09999999999999432,56.3,56.35,56.15,56.2,72.0,56.0,890.0,415.0,False,False
006208,2022-10-26 11:00:46.434658,-0.003549245785270716,0.00177935943060481,-0.20000000000000284,0.09999999999999432,56.3,56.35,56.15,56.2,72.0,56.0,890.0,415.0,False,False
006208,2022-10-26 11:00:47.167825,-0.003549245785270716,0.00177935943060481,-0.20000000000000284,0.09999999999999432,56.3,56.35,56.15,56.2,72.0,56.0,890.0,115.0,True,True
006208,2022-10-26 11:00:47.434710,-0.003549245785270716,0.00177935943060481,-0.20000000000000284,0.09999999999999432,56.3,56.35,56.15,56.2,72.0,56.0,890.0,115.0,False,False
006208,2022-10-26 11:00:47.783615,-0.003549245785270716,0.00177935943060481,-0.20000000000000284,0.09999999999999432,56.3,56.35,56.15,56.2,72.0,56.0,890.0,115.0,False,False
006208,2022-10-26 11:00:47.822041,-0.003549245785270716,0.00177935943060481,-0.20000000000000284,0.09999999999999432,56.3,56.35,56.15,56.2,72.0,56.0,890.0,115.0,False,False
006208,2022-10-26 11:00:47.944405,-0.003549245785270716,0.00177935943060481,-0.20000000000000284,0.09999999999999432,56.3,56.35,56.15,56.2,72.0,56.0,890.0,115.0,False,False
006208,2022-10-26 11:00:48.957777,-0.003549245785270716,0.00177935943060481,-0.20000000000000284,0.09999999999999432,56.3,56.35,56.15,56.2,72.0,56.0,890.0,115.0,False,False
006208,2022-10-26 11:00:48.957984,-0.003549245785270716,0.00177935943060481,-0.20000000000000284,0.09999999999999432,56.3,56.35,56.15,56.2,72.0,56.0,890.0,115.0,False,False
006208,2022-10-26 11:00:49.229544,-0.003549245785270716,0.00177935943060481,-0.20000000000000284,0.09999999999999432,56.3,56.35,56.15,56.2,72.0,56.0,890.0,115.0,False,False
006208,2022-10-26 11:00:49.229547,-0.003549245785270716,0.00177935943060481,-0.20000000000000284,0.09999999999999432,56.3,56.35,56.15,56.2,72.0,56.0,890.0,115.0,False,False
006208,2022-10-26 11:00:49.396304,-0.003549245785270716,0.00177935943060481,-0.20000000000000284,0.09999999999999432,56.3,56.35,56.15,56.2,72.0,56.0,890.0,115.0,False,False
006208,2022-10-26 11:00:49.502741,-0.003549245785270716,0.00177935943060481,-0.20000000000000284,0.09999999999999432,56.3,56.35,56.15,56.2,72.0,56.0,890.0,115.0,False,False
006208,2022-10-26 11:00:49.650250,-0.003549245785270716,0.00177935943060481,-0.20000000000000284,0.09999999999999432,56.3,56.35,56.15,56.2,72.0,56.0,890.0,115.0,False,False
006208,2022-10-26 11:00:50.460250,-0.003549245785270716,0.00177935943060481,-0.20000000000000284,0.09999999999999432,56.3,56.35,56.15,56.2,72.0,55.0,890.0,115.0,False,False
006208,2022-10-26 11:00:50.839855,-0.003549245785270716,0.00177935943060481,-0.20000000000000284,0.09999999999999432,56.3,56.35,56.15,56.2,72.0,55.0,890.0,115.0,False,False
006208,2022-10-26 11:00:50.840057,-0.003549245785270716,0.00177935943060481,-0.20000000000000284,0.09999999999999432,56.3,56.35,56.15,56.2,72.0,55.0,890.0,115.0,False,False
006208,2022-10-26 11:00:51.321881,-0.003549245785270716,0.00177935943060481,-0.20000000000000284,0.09999999999999432,56.3,56.35,56.15,56.2,72.0,55.0,890.0,115.0,False,False
006208,2022-10-26 11:00:51.330787,-0.003549245785270716,0.00177935943060481,-0.20000000000000284,0.09999999999999432,56.3,56.35,56.15,56.2,72.0,55.0,890.0,115.0,False,False
006208,2022-10-26 11:00:52.887685,-0.003549245785270716,0.00177935943060481,-0.20000000000000284,0.09999999999999432,56.3,56.35,56.15,56.2,72.0,55.0,890.0,115.0,False,False
006208,2022-10-26 11:00:52.887752,-0.003549245785270716,0.00177935943060481,-0.20000000000000284,0.09999999999999432,56.3,56.35,56.15,56.2,72.0,55.0,890.0,115.0,False,False
006208,2022-10-26 11:00:53.015561,-0.003549245785270716,0.00177935943060481,-0.20000000000000284,0.09999999999999432,56.3,56.35,56.15,56.2,72.0,55.0,890.0,115.0,False,False
006208,2022-10-26 11:00:54.174364,-0.003549245785270716,0.00177935943060481,-0.20000000000000284,0.09999999999999432,56.3,56.35,56.15,56.2,72.0,55.0,890.0,115.0,False,False
006208,2022-10-26 11:00:54.174594,-0.003549245785270716,0.00177935943060481,-0.20000000000000284,0.09999999999999432,56.3,56.35,56.15,56.2,72.0,55.0,890.0,115.0,False,False
006208,2022-10-26 11:00:56.451751,-0.003549245785270716,0.00177935943060481,-0.20000000000000284,0.09999999999999432,56.3,56.35,56.15,56.2,72.0,55.0,890.0,115.0,False,False
006208,2022-10-26 11:00:56.451970,-0.003549245785270716,0.00177935943060481,-0.20000000000000284,0.09999999999999432,56.3,56.35,56.15,56.2,72.0,55.0,890.0,115.0,False,False
006208,2022-10-26 11:00:57.223409,-0.003549245785270716,0.00177935943060481,-0.20000000000000284,0.09999999999999432,56.3,56.35,56.15,56.2,72.0,55.0,890.0,115.0,True,True
006208,2022-10-26 11:00:57.229030,-0.003549245785270716,0.00177935943060481,-0.20000000000000284,0.09999999999999432,56.3,56.35,56.15,56.2,72.0,54.0,890.0,115.0,False,False
006208,2022-10-26 11:00:57.919270,-0.003549245785270716,0.00177935943060481,-0.20000000000000284,0.09999999999999432,56.3,56.35,56.15,56.2,72.0,54.0,890.0,115.0,False,False
006208,2022-10-26 11:00:57.950724,-0.003549245785270716,0.00177935943060481,-0.20000000000000284,0.09999999999999432,56.3,56.35,56.15,56.2,72.0,54.0,890.0,115.0,False,False
006208,2022-10-26 11:00:58.087257,-0.003549245785270716,0.00177935943060481,-0.20000000000000284,0.09999999999999432,56.3,56.35,56.15,56.2,72.0,54.0,890.0,115.0,False,False
006208,2022-10-26 11:00:58.634934,-0.003549245785270716,0.00177935943060481,-0.20000000000000284,0.09999999999999432,56.3,56.35,56.15,56.2,72.0,54.0,890.0,115.0,False,False
006208,2022-10-26 11:00:59.852069,-0.003549245785270716,0.00177935943060481,-0.20000000000000284,0.09999999999999432,56.3,56.35,56.15,56.2,72.0,54.0,890.0,115.0,False,False
006208,2022-10-26 11:00:59.852355,-0.003549245785270716,0.00177935943060481,-0.20000000000000284,0.09999999999999432,56.3,56.35,56.15,56.2,72.0,54.0,890.0,115.0,False,False
006208,2022-10-26 11:01:00.728989,-0.003549245785270716,0.00177935943060481,-0.20000000000000284,0.09999999999999432,56.3,56.35,56.15,56.2,72.0,54.0,890.0,115.0,False,False
006208,2022-10-26 11:01:02.855982,-0.003549245785270716,0.00177935943060481,-0.20000000000000284,0.09999999999999432,56.3,56.35,56.15,56.2,72.0,54.0,890.0,115.0,False,False
006208,2022-10-26 11:01:02.856237,-0.003549245785270716,0.00177935943060481,-0.20000000000000284,0.09999999999999432,56.3,56.35,56.15,56.2,72.0,54.0,890.0,115.0,False,False
006208,2022-10-26 11:01:03.074479,-0.003549245785270716,0.00177935943060481,-0.20000000000000284,0.09999999999999432,56.3,56.35,56.15,56.2,72.0,53.0,890.0,115.0,False,False
006208,2022-10-26 11:01:03.082279,-0.003549245785270716,0.00177935943060481,-0.20000000000000284,0.09999999999999432,56.3,56.35,56.15,56.2,72.0,53.0,890.0,115.0,False,False
006208,2022-10-26 11:01:03.132348,-0.003549245785270716,0.00177935943060481,-0.20000000000000284,0.09999999999999432,56.3,56.35,56.15,56.2,72.0,53.0,890.0,115.0,False,False
006208,2022-10-26 11:01:03.180315,-0.003549245785270716,0.00177935943060481,-0.20000000000000284,0.09999999999999432,56.3,56.35,56.15,56.2,72.0,53.0,890.0,115.0,False,False
006208,2022-10-26 11:01:03.312137,-0.003549245785270716,0.00177935943060481,-0.20000000000000284,0.09999999999999432,56.3,56.35,56.15,56.2,72.0,53.0,890.0,115.0,False,False
006208,2022-10-26 11:01:05.718359,-0.003549245785270716,0.00177935943060481,-0.20000000000000284,0.09999999999999432,56.3,56.35,56.15,56.2,72.0,53.0,890.0,115.0,False,False
006208,2022-10-26 11:01:05.718758,-0.003549245785270716,0.00177935943060481,-0.20000000000000284,0.09999999999999432,56.3,56.35,56.15,56.2,72.0,53.0,890.0,115.0,False,False
006208,2022-10-26 11:01:06.500304,-0.002661934338952898,0.000888888888888939,-0.14999999999999858,0.04999999999999716,56.3,56.35,56.2,56.25,72.0,53.0,981.0,110.0,False,True
006208,2022-10-26 11:01:07.371083,-0.002661934338952898,0.000888888888888939,-0.14999999999999858,0.04999999999999716,56.3,56.35,56.2,56.25,72.0,53.0,981.0,110.0,False,False
006208,2022-10-26 11:01:08.070734,-0.002661934338952898,0.000888888888888939,-0.14999999999999858,0.04999999999999716,56.3,56.35,56.2,56.25,72.0,53.0,981.0,110.0,False,False
006208,2022-10-26 11:01:08.076850,-0.002661934338952898,0.000888888888888939,-0.14999999999999858,0.04999999999999716,56.3,56.35,56.2,56.25,72.0,53.0,981.0,110.0,False,False
006208,2022-10-26 11:01:08.213119,-0.002661934338952898,0.000888888888888939,-0.14999999999999858,0.04999999999999716,56.3,56.35,56.2,56.25,72.0,53.0,981.0,110.0,False,False
006208,2022-10-26 11:01:10.488434,-0.002661934338952898,0.000888888888888939,-0.14999999999999858,0.04999999999999716,56.3,56.35,56.2,56.25,72.0,52.0,981.0,110.0,False,False
006208,2022-10-26 11:01:10.494062,-0.002661934338952898,0.000888888888888939,-0.14999999999999858,0.04999999999999716,56.3,56.35,56.2,56.25,72.0,52.0,981.0,110.0,False,False
006208,2022-10-26 11:01:10.494267,-0.002661934338952898,0.000888888888888939,-0.14999999999999858,0.04999999999999716,56.3,56.35,56.2,56.25,72.0,52.0,981.0,110.0,False,False
006208,2022-10-26 11:01:10.533165,-0.002661934338952898,0.000888888888888939,-0.14999999999999858,0.04999999999999716,56.3,56.35,56.2,56.25,72.0,52.0,981.0,110.0,False,False
006208,2022-10-26 11:01:10.681398,-0.002661934338952898,0.000888888888888939,-0.14999999999999858,0.04999999999999716,56.3,56.35,56.2,56.25,72.0,52.0,981.0,110.0,False,False
006208,2022-10-26 11:01:11.653493,-0.002661934338952898,0.000888888888888939,-0.14999999999999858,0.04999999999999716,56.3,56.35,56.2,56.25,72.0,52.0,981.0,110.0,False,False
006208,2022-10-26 11:01:12.292894,-0.002661934338952898,0.000888888888888939,-0.14999999999999858,0.04999999999999716,56.3,56.35,56.2,56.25,72.0,102.0,981.0,110.0,False,False
006208,2022-10-26 11:01:13.976345,-0.002661934338952898,0.000888888888888939,-0.14999999999999858,0.04999999999999716,56.3,56.35,56.2,56.25,72.0,102.0,981.0,110.0,False,False
006208,2022-10-26 11:01:13.976672,-0.002661934338952898,0.000888888888888939,-0.14999999999999858,0.04999999999999716,56.3,56.35,56.2,56.25,72.0,102.0,981.0,110.0,False,False
006208,2022-10-26 11:01:15.853326,-0.002661934338952898,0.000888888888888939,-0.14999999999999858,0.04999999999999716,56.3,56.35,56.2,56.25,72.0,102.0,981.0,110.0,False,False
006208,2022-10-26 11:01:15.864555,-0.002661934338952898,0.000888888888888939,-0.14999999999999858,0.04999999999999716,56.3,56.35,56.2,56.25,72.0,132.0,981.0,110.0,False,False
006208,2022-10-26 11:01:16.556450,-0.002661934338952898,0.000888888888888939,-0.14999999999999858,0.04999999999999716,56.3,56.35,56.2,56.25,72.0,132.0,991.0,110.0,True,True
006208,2022-10-26 11:01:18.197653,-0.002661934338952898,0.000888888888888939,-0.14999999999999858,0.04999999999999716,56.3,56.35,56.2,56.25,72.0,132.0,991.0,110.0,False,False
006208,2022-10-26 11:01:18.199890,-0.002661934338952898,0.000888888888888939,-0.14999999999999858,0.04999999999999716,56.3,56.35,56.2,56.25,72.0,132.0,991.0,110.0,False,False
006208,2022-10-26 11:01:18.331618,-0.002661934338952898,0.000888888888888939,-0.14999999999999858,0.04999999999999716,56.3,56.35,56.2,56.25,72.0,132.0,991.0,110.0,False,False
006208,2022-10-26 11:01:18.916246,-0.002661934338952898,0.000888888888888939,-0.14999999999999858,0.04999999999999716,56.3,56.35,56.2,56.25,72.0,122.0,991.0,110.0,False,False
006208,2022-10-26 11:01:19.061169,-0.002661934338952898,0.000888888888888939,-0.14999999999999858,0.04999999999999716,56.3,56.35,56.2,56.25,72.0,122.0,991.0,110.0,False,False
006208,2022-10-26 11:01:19.186406,-0.002661934338952898,0.000888888888888939,-0.14999999999999858,0.04999999999999716,56.3,56.35,56.2,56.25,72.0,122.0,991.0,110.0,False,False
006208,2022-10-26 11:01:20.478157,-0.002661934338952898,0.000888888888888939,-0.14999999999999858,0.04999999999999716,56.3,56.35,56.2,56.25,72.0,121.0,991.0,110.0,False,False
006208,2022-10-26 11:01:20.502535,-0.002661934338952898,0.000888888888888939,-0.14999999999999858,0.04999999999999716,56.3,56.35,56.2,56.25,72.0,121.0,991.0,110.0,False,False
006208,2022-10-26 11:01:20.557311,-0.002661934338952898,0.000888888888888939,-0.14999999999999858,0.04999999999999716,56.3,56.35,56.2,56.25,72.0,121.0,991.0,110.0,False,False
006208,2022-10-26 11:01:20.580107,-0.002661934338952898,0.000888888888888939,-0.14999999999999858,0.04999999999999716,56.3,56.35,56.2,56.25,72.0,121.0,991.0,110.0,False,False
006208,2022-10-26 11:01:20.742501,-0.002661934338952898,0.000888888888888939,-0.14999999999999858,0.04999999999999716,56.3,56.35,56.2,56.25,72.0,121.0,991.0,110.0,False,False
006208,2022-10-26 11:01:21.223537,-0.002661934338952898,0.000888888888888939,-0.14999999999999858,0.04999999999999716,56.3,56.35,56.2,56.25,72.0,121.0,991.0,110.0,False,False
006208,2022-10-26 11:01:21.503919,-0.002661934338952898,0.000888888888888939,-0.14999999999999858,0.04999999999999716,56.3,56.35,56.2,56.25,72.0,221.0,991.0,110.0,False,False
006208,2022-10-26 11:01:23.556185,-0.002661934338952898,0.000888888888888939,-0.14999999999999858,0.04999999999999716,56.3,56.35,56.2,56.25,72.0,221.0,991.0,110.0,False,False
006208,2022-10-26 11:01:23.662446,-0.002661934338952898,0.000888888888888939,-0.14999999999999858,0.04999999999999716,56.3,56.35,56.2,56.25,72.0,221.0,991.0,110.0,False,False
006208,2022-10-26 11:01:26.216676,-0.002661934338952898,0.000888888888888939,-0.14999999999999858,0.04999999999999716,56.3,56.35,56.2,56.25,72.0,221.0,991.0,110.0,False,False
006208,2022-10-26 11:01:26.232518,-0.002661934338952898,0.000888888888888939,-0.14999999999999858,0.04999999999999716,56.3,56.35,56.2,56.25,72.0,191.0,991.0,110.0,False,False
006208,2022-10-26 11:01:26.330597,-0.002661934338952898,0.000888888888888939,-0.14999999999999858,0.04999999999999716,56.3,56.35,56.2,56.25,72.0,191.0,991.0,110.0,False,False
006208,2022-10-26 11:01:26.596899,-0.002661934338952898,0.000888888888888939,-0.14999999999999858,0.04999999999999716,56.3,56.35,56.2,56.25,72.0,191.0,27.0,110.0,True,True
006208,2022-10-26 11:01:26.790658,-0.002661934338952898,0.000888888888888939,-0.14999999999999858,0.04999999999999716,56.3,56.35,56.2,56.25,72.0,192.0,27.0,110.0,False,False
006208,2022-10-26 11:01:27.348906,-0.002661934338952898,0.000888888888888939,-0.14999999999999858,0.04999999999999716,56.3,56.35,56.2,56.25,72.0,192.0,27.0,110.0,False,False
006208,2022-10-26 11:01:27.348936,-0.002661934338952898,0.000888888888888939,-0.14999999999999858,0.04999999999999716,56.3,56.35,56.2,56.25,72.0,192.0,27.0,110.0,False,False
006208,2022-10-26 11:01:27.689322,-0.002661934338952898,0.000888888888888939,-0.14999999999999858,0.04999999999999716,56.3,56.35,56.2,56.25,72.0,192.0,27.0,110.0,False,False
006208,2022-10-26 11:01:27.689588,-0.002661934338952898,0.000888888888888939,-0.14999999999999858,0.04999999999999716,56.3,56.35,56.2,56.25,72.0,192.0,27.0,110.0,False,False
006208,2022-10-26 11:01:28.326521,-0.002661934338952898,0.000888888888888939,-0.14999999999999858,0.04999999999999716,56.3,56.35,56.2,56.25,72.0,192.0,27.0,110.0,False,False
006208,2022-10-26 11:01:28.411986,-0.002661934338952898,0.000888888888888939,-0.14999999999999858,0.04999999999999716,56.3,56.35,56.2,56.25,72.0,192.0,27.0,110.0,False,False
006208,2022-10-26 11:01:28.543359,-0.002661934338952898,0.000888888888888939,-0.14999999999999858,0.04999999999999716,56.3,56.35,56.2,56.25,72.0,192.0,27.0,110.0,False,False
006208,2022-10-26 11:01:28.650260,-0.002661934338952898,0.000888888888888939,-0.14999999999999858,0.04999999999999716,56.3,56.35,56.2,56.25,72.0,192.0,27.0,110.0,False,False
006208,2022-10-26 11:01:28.758897,-0.002661934338952898,0.000888888888888939,-0.14999999999999858,0.04999999999999716,56.3,56.35,56.2,56.25,72.0,192.0,27.0,110.0,False,False
006208,2022-10-26 11:01:29.389472,-0.002661934338952898,0.000888888888888939,-0.14999999999999858,0.04999999999999716,56.3,56.35,56.2,56.25,72.0,192.0,27.0,110.0,False,False
006208,2022-10-26 11:01:29.389616,-0.002661934338952898,0.000888888888888939,-0.14999999999999858,0.04999999999999716,56.3,56.35,56.2,56.25,72.0,192.0,27.0,110.0,False,False
006208,2022-10-26 11:01:29.639877,-0.002661934338952898,0.000888888888888939,-0.14999999999999858,0.04999999999999716,56.3,56.35,56.2,56.25,72.0,192.0,27.0,110.0,False,False
006208,2022-10-26 11:01:29.640015,-0.002661934338952898,0.000888888888888939,-0.14999999999999858,0.04999999999999716,56.3,56.35,56.2,56.25,72.0,192.0,27.0,110.0,False,False
006208,2022-10-26 11:01:30.499054,-0.002661934338952898,0.000888888888888939,-0.14999999999999858,0.04999999999999716,56.3,56.35,56.2,56.25,72.0,191.0,27.0,110.0,False,False
006208,2022-10-26 11:01:30.699773,-0.002661934338952898,0.000888888888888939,-0.14999999999999858,0.04999999999999716,56.3,56.35,56.2,56.25,72.0,191.0,27.0,110.0,False,False
006208,2022-10-26 11:01:30.769789,-0.002661934338952898,0.000888888888888939,-0.14999999999999858,0.04999999999999716,56.3,56.35,56.2,56.25,72.0,191.0,27.0,110.0,False,False
006208,2022-10-26 11:01:32.518829,-0.002661934338952898,0.000888888888888939,-0.14999999999999858,0.04999999999999716,56.3,56.35,56.2,56.25,72.0,191.0,27.0,110.0,False,False
006208,2022-10-26 11:01:32.634381,-0.002661934338952898,0.000888888888888939,-0.14999999999999858,0.04999999999999716,56.3,56.35,56.2,56.25,72.0,191.0,27.0,110.0,False,False
006208,2022-10-26 11:01:32.650718,-0.002661934338952898,0.000888888888888939,-0.14999999999999858,0.04999999999999716,56.3,56.35,56.2,56.25,72.0,91.0,27.0,110.0,False,False
006208,2022-10-26 11:01:33.590212,-0.002661934338952898,0.000888888888888939,-0.14999999999999858,0.04999999999999716,56.3,56.35,56.2,56.25,72.0,91.0,27.0,110.0,False,False
006208,2022-10-26 11:01:33.651878,-0.002661934338952898,0.000888888888888939,-0.14999999999999858,0.04999999999999716,56.3,56.35,56.2,56.25,72.0,191.0,27.0,110.0,False,False
006208,2022-10-26 11:01:33.708798,-0.002661934338952898,0.000888888888888939,-0.14999999999999858,0.04999999999999716,56.3,56.35,56.2,56.25,72.0,191.0,27.0,110.0,False,False
006208,2022-10-26 11:01:36.233127,-0.002661934338952898,0.000888888888888939,-0.14999999999999858,0.04999999999999716,56.3,56.35,56.2,56.25,72.0,191.0,27.0,110.0,False,False
006208,2022-10-26 11:01:36.270487,-0.002661934338952898,0.000888888888888939,-0.14999999999999858,0.04999999999999716,56.3,56.35,56.2,56.25,72.0,91.0,27.0,110.0,False,False
006208,2022-10-26 11:01:36.569662,-0.002661934338952898,0.000888888888888939,-0.14999999999999858,0.04999999999999716,56.3,56.35,56.2,56.25,73.0,91.0,27.0,110.0,False,False
006208,2022-10-26 11:01:36.638317,-0.002661934338952898,0.000888888888888939,-0.14999999999999858,0.04999999999999716,56.3,56.35,56.2,56.25,73.0,91.0,27.0,110.0,True,True
006208,2022-10-26 11:01:36.613728,-0.002661934338952898,0.000888888888888939,-0.14999999999999858,0.04999999999999716,56.3,56.35,56.2,56.25,73.0,91.0,27.0,110.0,False,False
006208,2022-10-26 11:01:36.758744,-0.002661934338952898,0.000888888888888939,-0.14999999999999858,0.04999999999999716,56.3,56.35,56.2,56.25,73.0,91.0,27.0,110.0,False,False
006208,2022-10-26 11:01:37.100734,-0.002661934338952898,0.000888888888888939,-0.14999999999999858,0.04999999999999716,56.3,56.35,56.2,56.25,73.0,90.0,27.0,110.0,False,False
006208,2022-10-26 11:01:37.195112,-0.002661934338952898,0.000888888888888939,-0.14999999999999858,0.04999999999999716,56.3,56.35,56.2,56.25,73.0,90.0,27.0,110.0,False,False
006208,2022-10-26 11:01:37.272061,-0.002661934338952898,0.000888888888888939,-0.14999999999999858,0.04999999999999716,56.3,56.35,56.2,56.25,73.0,90.0,27.0,110.0,False,False
006208,2022-10-26 11:01:37.708715,-0.002661934338952898,0.000888888888888939,-0.14999999999999858,0.04999999999999716,56.3,56.35,56.2,56.25,73.0,90.0,27.0,110.0,False,False
006208,2022-10-26 11:01:37.813810,-0.002661934338952898,0.000888888888888939,-0.14999999999999858,0.04999999999999716,56.3,56.35,56.2,56.25,73.0,90.0,27.0,110.0,False,False
006208,2022-10-26 11:01:37.822308,-0.002661934338952898,0.000888888888888939,-0.14999999999999858,0.04999999999999716,56.3,56.35,56.2,56.25,73.0,90.0,27.0,110.0,False,False
006208,2022-10-26 11:01:37.980280,-0.002661934338952898,0.000888888888888939,-0.14999999999999858,0.04999999999999716,56.3,56.35,56.2,56.25,73.0,95.0,27.0,110.0,False,False
006208,2022-10-26 11:01:38.454579,-0.002661934338952898,0.000888888888888939,-0.14999999999999858,0.04999999999999716,56.3,56.35,56.2,56.25,73.0,95.0,27.0,110.0,False,False
006208,2022-10-26 11:01:38.457385,-0.002661934338952898,0.000888888888888939,-0.14999999999999858,0.04999999999999716,56.3,56.35,56.2,56.25,73.0,95.0,27.0,110.0,False,False
006208,2022-10-26 11:01:38.591537,-0.002661934338952898,0.000888888888888939,-0.14999999999999858,0.04999999999999716,56.3,56.35,56.2,56.25,73.0,95.0,27.0,110.0,False,False
006208,2022-10-26 11:01:38.750050,-0.002661934338952898,0.000888888888888939,-0.14999999999999858,0.04999999999999716,56.3,56.35,56.2,56.25,73.0,95.0,27.0,110.0,False,False
006208,2022-10-26 11:01:39.658446,-0.002661934338952898,0.000888888888888939,-0.14999999999999858,0.04999999999999716,56.3,56.35,56.2,56.25,73.0,95.0,27.0,110.0,False,False
006208,2022-10-26 11:01:39.679063,-0.002661934338952898,0.000888888888888939,-0.14999999999999858,0.04999999999999716,56.3,56.35,56.2,56.25,73.0,95.0,27.0,110.0,False,False
006208,2022-10-26 11:01:40.115525,-0.002661934338952898,0.000888888888888939,-0.14999999999999858,0.04999999999999716,56.3,56.35,56.2,56.25,73.0,95.0,27.0,110.0,False,False
006208,2022-10-26 11:01:40.115679,-0.002661934338952898,0.000888888888888939,-0.14999999999999858,0.04999999999999716,56.3,56.35,56.2,56.25,73.0,95.0,27.0,110.0,False,False
006208,2022-10-26 11:01:40.488605,-0.002661934338952898,0.000888888888888939,-0.14999999999999858,0.04999999999999716,56.3,56.35,56.2,56.25,73.0,94.0,27.0,110.0,False,False
006208,2022-10-26 11:01:40.642043,-0.002661934338952898,0.000888888888888939,-0.14999999999999858,0.04999999999999716,56.3,56.35,56.2,56.25,73.0,94.0,27.0,110.0,False,False
006208,2022-10-26 11:01:41.041446,-0.002661934338952898,0.000888888888888939,-0.14999999999999858,0.04999999999999716,56.3,56.35,56.2,56.25,73.0,94.0,27.0,110.0,False,False
006208,2022-10-26 11:01:41.054377,-0.002661934338952898,0.000888888888888939,-0.14999999999999858,0.04999999999999716,56.3,56.35,56.2,56.25,73.0,94.0,27.0,110.0,False,False
006208,2022-10-26 11:01:41.195458,-0.002661934338952898,0.000888888888888939,-0.14999999999999858,0.04999999999999716,56.3,56.35,56.2,56.25,73.0,94.0,27.0,110.0,False,False
006208,2022-10-26 11:01:41.195628,-0.002661934338952898,0.000888888888888939,-0.14999999999999858,0.04999999999999716,56.3,56.35,56.2,56.25,73.0,94.0,27.0,110.0,False,False
006208,2022-10-26 11:01:42.553672,-0.002661934338952898,0.000888888888888939,-0.14999999999999858,0.04999999999999716,56.3,56.35,56.2,56.25,73.0,94.0,27.0,110.0,False,False
006208,2022-10-26 11:01:42.553988,-0.002661934338952898,0.000888888888888939,-0.14999999999999858,0.04999999999999716,56.3,56.35,56.2,56.25,73.0,94.0,27.0,110.0,False,False
006208,2022-10-26 11:01:44.837765,-0.002661934338952898,0.000888888888888939,-0.14999999999999858,0.04999999999999716,56.3,56.35,56.2,56.25,73.0,94.0,27.0,110.0,False,False
006208,2022-10-26 11:01:45.107698,-0.002661934338952898,0.000888888888888939,-0.14999999999999858,0.04999999999999716,56.3,56.35,56.2,56.25,73.0,94.0,27.0,110.0,False,False
006208,2022-10-26 11:01:45.644758,-0.002661934338952898,0.000888888888888939,-0.14999999999999858,0.04999999999999716,56.3,56.35,56.2,56.25,73.0,94.0,27.0,110.0,False,False
006208,2022-10-26 11:01:45.702194,-0.002661934338952898,0.000888888888888939,-0.14999999999999858,0.04999999999999716,56.3,56.35,56.2,56.25,73.0,94.0,27.0,110.0,False,False
006208,2022-10-26 11:01:45.702425,-0.002661934338952898,0.000888888888888939,-0.14999999999999858,0.04999999999999716,56.3,56.35,56.2,56.25,73.0,94.0,27.0,110.0,False,False
006208,2022-10-26 11:01:46.693912,-0.002661934338952898,0.000888888888888939,-0.14999999999999858,0.04999999999999716,56.3,56.35,56.2,56.25,73.0,94.0,27.0,110.0,True,True
006208,2022-10-26 11:01:48.582163,-0.002661934338952898,0.000888888888888939,-0.14999999999999858,0.04999999999999716,56.3,56.35,56.2,56.25,73.0,94.0,27.0,110.0,False,False
006208,2022-10-26 11:01:48.585536,-0.002661934338952898,0.000888888888888939,-0.14999999999999858,0.04999999999999716,56.3,56.35,56.2,56.25,73.0,94.0,27.0,110.0,False,False
006208,2022-10-26 11:01:48.717071,-0.002661934338952898,0.000888888888888939,-0.14999999999999858,0.04999999999999716,56.3,56.35,56.2,56.25,73.0,94.0,27.0,110.0,False,False
006208,2022-10-26 11:01:48.938161,-0.002661934338952898,0.000888888888888939,-0.14999999999999858,0.04999999999999716,56.3,56.35,56.2,56.25,73.0,94.0,27.0,110.0,False,False
006208,2022-10-26 11:01:49.166820,-0.002661934338952898,0.000888888888888939,-0.14999999999999858,0.04999999999999716,56.3,56.35,56.2,56.25,74.0,94.0,27.0,110.0,False,False
006208,2022-10-26 11:01:49.818528,-0.002661934338952898,0.000888888888888939,-0.14999999999999858,0.04999999999999716,56.3,56.35,56.2,56.25,74.0,94.0,27.0,110.0,False,False
006208,2022-10-26 11:01:49.818769,-0.002661934338952898,0.000888888888888939,-0.14999999999999858,0.04999999999999716,56.3,56.35,56.2,56.25,74.0,94.0,27.0,110.0,False,False
006208,2022-10-26 11:01:50.187808,-0.002661934338952898,0.000888888888888939,-0.14999999999999858,0.04999999999999716,56.3,56.35,56.2,56.25,74.0,94.0,27.0,110.0,False,False
006208,2022-10-26 11:01:50.214481,-0.002661934338952898,0.000888888888888939,-0.14999999999999858,0.04999999999999716,56.3,56.35,56.2,56.25,74.0,94.0,27.0,110.0,False,False
006208,2022-10-26 11:01:50.509404,-0.002661934338952898,0.000888888888888939,-0.14999999999999858,0.04999999999999716,56.3,56.35,56.2,56.25,74.0,93.0,27.0,110.0,False,False
006208,2022-10-26 11:01:50.590039,-0.002661934338952898,0.000888888888888939,-0.14999999999999858,0.04999999999999716,56.3,56.35,56.2,56.25,74.0,93.0,27.0,110.0,False,False
006208,2022-10-26 11:01:51.215435,-0.002661934338952898,0.000888888888888939,-0.14999999999999858,0.04999999999999716,56.3,56.35,56.2,56.25,74.0,193.0,27.0,110.0,False,False
006208,2022-10-26 11:01:51.986755,-0.002661934338952898,0.000888888888888939,-0.14999999999999858,0.04999999999999716,56.3,56.35,56.2,56.25,74.0,193.0,27.0,110.0,False,False
006208,2022-10-26 11:01:51.986867,-0.002661934338952898,0.000888888888888939,-0.14999999999999858,0.04999999999999716,56.3,56.35,56.2,56.25,74.0,193.0,27.0,110.0,False,False
006208,2022-10-26 11:01:55.526830,-0.002661934338952898,0.000888888888888939,-0.14999999999999858,0.04999999999999716,56.3,56.35,56.2,56.25,74.0,193.0,27.0,110.0,False,False
006208,2022-10-26 11:01:55.527103,-0.002661934338952898,0.000888888888888939,-0.14999999999999858,0.04999999999999716,56.3,56.35,56.2,56.25,74.0,193.0,27.0,110.0,False,False
006208,2022-10-26 11:01:55.555420,-0.002661934338952898,0.000888888888888939,-0.14999999999999858,0.04999999999999716,56.3,56.35,56.2,56.25,74.0,93.0,27.0,110.0,False,False
006208,2022-10-26 11:01:56.027700,-0.002661934338952898,0.000888888888888939,-0.14999999999999858,0.04999999999999716,56.3,56.35,56.2,56.25,74.0,93.0,27.0,110.0,False,False
006208,2022-10-26 11:01:56.027951,-0.002661934338952898,0.000888888888888939,-0.14999999999999858,0.04999999999999716,56.3,56.35,56.2,56.25,74.0,93.0,27.0,110.0,False,False
006208,2022-10-26 11:01:56.446560,-0.002661934338952898,0.000888888888888939,-0.14999999999999858,0.04999999999999716,56.3,56.35,56.2,56.25,74.0,93.0,27.0,110.0,False,False
006208,2022-10-26 11:01:56.556330,-0.002661934338952898,0.000888888888888939,-0.14999999999999858,0.04999999999999716,56.3,56.35,56.2,56.25,74.0,93.0,27.0,110.0,False,False
006208,2022-10-26 11:01:56.734142,-0.002661934338952898,0.000888888888888939,-0.14999999999999858,0.04999999999999716,56.3,56.35,56.2,56.25,74.0,93.0,127.0,101.0,True,True
006208,2022-10-26 11:01:57.308952,-0.002661934338952898,0.000888888888888939,-0.14999999999999858,0.04999999999999716,56.3,56.35,56.2,56.25,74.0,93.0,127.0,101.0,False,False
006208,2022-10-26 11:01:57.309244,-0.002661934338952898,0.000888888888888939,-0.14999999999999858,0.04999999999999716,56.3,56.35,56.2,56.25,74.0,93.0,127.0,101.0,False,False
006208,2022-10-26 11:01:58.710241,-0.002661934338952898,0.000888888888888939,-0.14999999999999858,0.04999999999999716,56.3,56.35,56.2,56.25,74.0,93.0,127.0,101.0,False,False
006208,2022-10-26 11:01:58.742462,-0.002661934338952898,0.000888888888888939,-0.14999999999999858,0.04999999999999716,56.3,56.35,56.2,56.25,74.0,93.0,127.0,101.0,False,False
006208,2022-10-26 11:01:58.881620,-0.002661934338952898,0.000888888888888939,-0.14999999999999858,0.04999999999999716,56.3,56.35,56.2,56.25,74.0,93.0,127.0,101.0,False,False
006208,2022-10-26 11:01:58.981236,-0.002661934338952898,0.000888888888888939,-0.14999999999999858,0.04999999999999716,56.3,56.35,56.2,56.25,74.0,93.0,127.0,101.0,False,False
006208,2022-10-26 11:01:59.074950,-0.002661934338952898,0.000888888888888939,-0.14999999999999858,0.04999999999999716,56.3,56.35,56.2,56.25,74.0,93.0,127.0,101.0,False,False
006208,2022-10-26 11:01:59.743220,-0.002661934338952898,0.000888888888888939,-0.14999999999999858,0.04999999999999716,56.3,56.35,56.2,56.25,74.0,193.0,127.0,101.0,False,False
006208,2022-10-26 11:01:59.902653,-0.002661934338952898,0.000888888888888939,-0.14999999999999858,0.04999999999999716,56.3,56.35,56.2,56.25,73.0,192.0,127.0,101.0,False,False
006208,2022-10-26 11:01:59.993137,-0.002661934338952898,0.000888888888888939,-0.14999999999999858,0.04999999999999716,56.3,56.35,56.2,56.25,73.0,192.0,127.0,101.0,False,False
006208,2022-10-26 11:02:00.064606,-0.002661934338952898,0.000888888888888939,-0.14999999999999858,0.04999999999999716,56.3,56.35,56.2,56.25,73.0,192.0,127.0,101.0,False,False
006208,2022-10-26 11:02:00.097083,-0.002661934338952898,0.000888888888888939,-0.14999999999999858,0.04999999999999716,56.3,56.35,56.2,56.25,73.0,92.0,127.0,101.0,False,False
006208,2022-10-26 11:02:00.483658,-0.002661934338952898,0.000888888888888939,-0.14999999999999858,0.04999999999999716,56.3,56.35,56.2,56.25,73.0,91.0,127.0,101.0,False,False
006208,2022-10-26 11:02:00.530366,-0.002661934338952898,0.000888888888888939,-0.14999999999999858,0.04999999999999716,56.3,56.35,56.2,56.25,73.0,91.0,127.0,101.0,False,False
006208,2022-10-26 11:02:00.710046,-0.002661934338952898,0.000888888888888939,-0.14999999999999858,0.04999999999999716,56.3,56.35,56.2,56.25,73.0,91.0,127.0,101.0,False,False
006208,2022-10-26 11:02:01.098308,-0.002661934338952898,0.000888888888888939,-0.14999999999999858,0.04999999999999716,56.3,56.35,56.2,56.25,73.0,191.0,127.0,101.0,False,False
006208,2022-10-26 11:02:01.128277,-0.002661934338952898,0.000888888888888939,-0.14999999999999858,0.04999999999999716,56.3,56.35,56.2,56.25,73.0,191.0,127.0,101.0,False,False
006208,2022-10-26 11:02:01.218123,-0.002661934338952898,0.000888888888888939,-0.14999999999999858,0.04999999999999716,56.3,56.35,56.2,56.25,73.0,191.0,127.0,101.0,False,False
006208,2022-10-26 11:02:01.746937,-0.002661934338952898,0.000888888888888939,-0.14999999999999858,0.04999999999999716,56.3,56.35,56.2,56.25,73.0,191.0,127.0,101.0,False,False
006208,2022-10-26 11:02:01.763656,-0.002661934338952898,0.000888888888888939,-0.14999999999999858,0.04999999999999716,56.3,56.35,56.2,56.25,73.0,191.0,127.0,101.0,False,False
006208,2022-10-26 11:02:02.743028,-0.002661934338952898,0.000888888888888939,-0.14999999999999858,0.04999999999999716,56.3,56.35,56.2,56.25,73.0,191.0,127.0,101.0,False,False
006208,2022-10-26 11:02:03.687866,-0.002661934338952898,0.000888888888888939,-0.14999999999999858,0.04999999999999716,56.3,56.35,56.2,56.25,73.0,191.0,127.0,101.0,False,False
006208,2022-10-26 11:02:04.736207,-0.002661934338952898,0.000888888888888939,-0.14999999999999858,0.04999999999999716,56.3,56.35,56.2,56.25,73.0,191.0,127.0,101.0,False,False
006208,2022-10-26 11:02:04.736316,-0.002661934338952898,0.000888888888888939,-0.14999999999999858,0.04999999999999716,56.3,56.35,56.2,56.25,73.0,191.0,127.0,101.0,False,False
006208,2022-10-26 11:02:05.781750,-0.002661934338952898,0.000888888888888939,-0.14999999999999858,0.04999999999999716,56.3,56.35,56.2,56.25,73.0,191.0,127.0,101.0,False,False
006208,2022-10-26 11:02:05.809897,-0.002661934338952898,0.000888888888888939,-0.14999999999999858,0.04999999999999716,56.3,56.35,56.2,56.25,73.0,91.0,127.0,101.0,False,False
006208,2022-10-26 11:02:06.741836,-0.002661934338952898,0.000888888888888939,-0.14999999999999858,0.04999999999999716,56.3,56.35,56.2,56.25,73.0,91.0,127.0,101.0,False,False
006208,2022-10-26 11:02:06.773290,-0.002661934338952898,0.000888888888888939,-0.14999999999999858,0.04999999999999716,56.3,56.35,56.2,56.25,73.0,91.0,187.0,101.0,True,True
006208,2022-10-26 11:02:06.811284,-0.002661934338952898,0.000888888888888939,-0.14999999999999858,0.04999999999999716,56.3,56.35,56.2,56.25,73.0,91.0,187.0,101.0,False,False
006208,2022-10-26 11:02:08.555002,-0.002661934338952898,0.000888888888888939,-0.14999999999999858,0.04999999999999716,56.3,56.35,56.2,56.25,73.0,91.0,187.0,101.0,False,False
006208,2022-10-26 11:02:08.564625,-0.002661934338952898,0.000888888888888939,-0.14999999999999858,0.04999999999999716,56.3,56.35,56.2,56.25,73.0,91.0,187.0,101.0,False,False
006208,2022-10-26 11:02:08.715207,-0.002661934338952898,0.000888888888888939,-0.14999999999999858,0.04999999999999716,56.3,56.35,56.2,56.25,73.0,91.0,187.0,101.0,False,False
006208,2022-10-26 11:02:08.734743,-0.002661934338952898,0.000888888888888939,-0.14999999999999858,0.04999999999999716,56.3,56.35,56.2,56.25,73.0,91.0,187.0,101.0,False,False
006208,2022-10-26 11:02:08.912456,-0.002661934338952898,0.000888888888888939,-0.14999999999999858,0.04999999999999716,56.3,56.35,56.2,56.25,73.0,91.0,187.0,101.0,False,False
006208,2022-10-26 11:02:09.059498,-0.002661934338952898,0.000888888888888939,-0.14999999999999858,0.04999999999999716,56.3,56.35,56.2,56.25,73.0,91.0,187.0,101.0,False,False
006208,2022-10-26 11:02:09.120670,-0.002661934338952898,0.000888888888888939,-0.14999999999999858,0.04999999999999716,56.3,56.35,56.2,56.25,73.0,91.0,187.0,101.0,False,False
006208,2022-10-26 11:02:09.735944,-0.002661934338952898,0.000888888888888939,-0.14999999999999858,0.04999999999999716,56.3,56.35,56.2,56.25,73.0,191.0,187.0,101.0,False,False
006208,2022-10-26 11:02:09.911261,-0.002661934338952898,0.000888888888888939,-0.14999999999999858,0.04999999999999716,56.3,56.35,56.2,56.25,73.0,191.0,187.0,101.0,False,False
006208,2022-10-26 11:02:09.911706,-0.002661934338952898,0.000888888888888939,-0.14999999999999858,0.04999999999999716,56.3,56.35,56.2,56.25,73.0,191.0,187.0,101.0,False,False
006208,2022-10-26 11:02:10.141311,-0.002661934338952898,0.000888888888888939,-0.14999999999999858,0.04999999999999716,56.3,56.35,56.2,56.25,73.0,190.0,187.0,101.0,False,False
006208,2022-10-26 11:02:10.337295,-0.002661934338952898,0.000888888888888939,-0.14999999999999858,0.04999999999999716,56.3,56.35,56.2,56.25,73.0,190.0,187.0,101.0,False,False
006208,2022-10-26 11:02:10.464954,-0.002661934338952898,0.000888888888888939,-0.14999999999999858,0.04999999999999716,56.3,56.35,56.2,56.25,73.0,190.0,187.0,101.0,False,False
006208,2022-10-26 11:02:10.766273,-0.002661934338952898,0.000888888888888939,-0.14999999999999858,0.04999999999999716,56.3,56.35,56.2,56.25,73.0,190.0,187.0,101.0,False,False
006208,2022-10-26 11:02:11.410189,-0.002661934338952898,0.000888888888888939,-0.14999999999999858,0.04999999999999716,56.3,56.35,56.2,56.25,73.0,190.0,187.0,101.0,False,False
006208,2022-10-26 11:02:11.410295,-0.002661934338952898,0.000888888888888939,-0.14999999999999858,0.04999999999999716,56.3,56.35,56.2,56.25,73.0,190.0,187.0,101.0,False,False
006208,2022-10-26 11:02:12.912128,-0.002661934338952898,0.000888888888888939,-0.14999999999999858,0.04999999999999716,56.3,56.35,56.2,56.25,73.0,190.0,187.0,101.0,False,False
006208,2022-10-26 11:02:12.912132,-0.002661934338952898,0.000888888888888939,-0.14999999999999858,0.04999999999999716,56.3,56.35,56.2,56.25,73.0,190.0,187.0,101.0,False,False
006208,2022-10-26 11:02:13.247379,-0.002661934338952898,0.000888888888888939,-0.14999999999999858,0.04999999999999716,56.3,56.35,56.2,56.25,73.0,190.0,187.0,101.0,False,False
006208,2022-10-26 11:02:14.089349,-0.002661934338952898,0.000888888888888939,-0.14999999999999858,0.04999999999999716,56.3,56.35,56.2,56.25,73.0,190.0,187.0,101.0,False,False
006208,2022-10-26 11:02:14.089353,-0.002661934338952898,0.000888888888888939,-0.14999999999999858,0.04999999999999716,56.3,56.35,56.2,56.25,73.0,190.0,187.0,101.0,False,False
006208,2022-10-26 11:02:14.224134,-0.002661934338952898,0.000888888888888939,-0.14999999999999858,0.04999999999999716,56.3,56.35,56.2,56.25,73.0,190.0,187.0,101.0,False,False
006208,2022-10-26 11:02:14.405368,-0.002661934338952898,0.000888888888888939,-0.14999999999999858,0.04999999999999716,56.3,56.35,56.2,56.25,73.0,265.0,187.0,101.0,False,False
006208,2022-10-26 11:02:15.053079,-0.002661934338952898,0.000888888888888939,-0.14999999999999858,0.04999999999999716,56.3,56.35,56.2,56.25,73.0,305.0,187.0,101.0,False,False
006208,2022-10-26 11:02:15.122346,-0.002661934338952898,0.000888888888888939,-0.14999999999999858,0.04999999999999716,56.3,56.35,56.2,56.25,73.0,305.0,187.0,101.0,False,False
006208,2022-10-26 11:02:15.128840,-0.002661934338952898,0.000888888888888939,-0.14999999999999858,0.04999999999999716,56.3,56.35,56.2,56.25,73.0,305.0,187.0,101.0,False,False
006208,2022-10-26 11:02:15.473106,-0.002661934338952898,0.000888888888888939,-0.14999999999999858,0.04999999999999716,56.3,56.35,56.2,56.25,73.0,305.0,187.0,101.0,False,False
006208,2022-10-26 11:02:15.487192,-0.002661934338952898,0.000888888888888939,-0.14999999999999858,0.04999999999999716,56.3,56.35,56.2,56.25,73.0,335.0,187.0,101.0,False,False
006208,2022-10-26 11:02:16.813397,-0.002661934338952898,0.000888888888888939,-0.14999999999999858,0.04999999999999716,56.3,56.35,56.2,56.25,73.0,335.0,387.0,46.0,True,True
006208,2022-10-26 11:02:17.207706,-0.002661934338952898,0.000888888888888939,-0.14999999999999858,0.04999999999999716,56.3,56.35,56.2,56.25,73.0,305.0,387.0,46.0,False,False
006208,2022-10-26 11:02:17.307492,-0.002661934338952898,0.000888888888888939,-0.14999999999999858,0.04999999999999716,56.3,56.35,56.2,56.25,73.0,339.0,387.0,46.0,False,False
006208,2022-10-26 11:02:17.531899,-0.002661934338952898,0.000888888888888939,-0.14999999999999858,0.04999999999999716,56.3,56.35,56.2,56.25,73.0,339.0,387.0,46.0,False,False
006208,2022-10-26 11:02:17.558349,-0.002661934338952898,0.000888888888888939,-0.14999999999999858,0.04999999999999716,56.3,56.35,56.2,56.25,73.0,339.0,387.0,46.0,False,False
006208,2022-10-26 11:02:17.578408,-0.002661934338952898,0.000888888888888939,-0.14999999999999858,0.04999999999999716,56.3,56.35,56.2,56.25,73.0,305.0,387.0,46.0,False,False
006208,2022-10-26 11:02:17.768579,-0.002661934338952898,0.000888888888888939,-0.14999999999999858,0.04999999999999716,56.3,56.35,56.2,56.25,73.0,305.0,387.0,46.0,False,False
006208,2022-10-26 11:02:18.967951,-0.002661934338952898,0.000888888888888939,-0.14999999999999858,0.04999999999999716,56.3,56.35,56.2,56.25,73.0,305.0,387.0,46.0,False,False
006208,2022-10-26 11:02:18.973469,-0.002661934338952898,0.000888888888888939,-0.14999999999999858,0.04999999999999716,56.3,56.35,56.2,56.25,73.0,305.0,387.0,46.0,False,False
006208,2022-10-26 11:02:19.113674,-0.002661934338952898,0.000888888888888939,-0.14999999999999858,0.04999999999999716,56.3,56.35,56.2,56.25,73.0,305.0,387.0,46.0,False,False
006208,2022-10-26 11:02:20.509065,-0.002661934338952898,0.000888888888888939,-0.14999999999999858,0.04999999999999716,56.3,56.35,56.2,56.25,73.0,304.0,387.0,46.0,False,False
006208,2022-10-26 11:02:20.573730,-0.002661934338952898,0.000888888888888939,-0.14999999999999858,0.04999999999999716,56.3,56.35,56.2,56.25,73.0,304.0,387.0,46.0,False,False
006208,2022-10-26 11:02:20.573876,-0.002661934338952898,0.000888888888888939,-0.14999999999999858,0.04999999999999716,56.3,56.35,56.2,56.25,73.0,304.0,387.0,46.0,False,False
006208,2022-10-26 11:02:20.645357,-0.002661934338952898,0.000888888888888939,-0.14999999999999858,0.04999999999999716,56.3,56.35,56.2,56.25,73.0,304.0,387.0,46.0,False,False
006208,2022-10-26 11:02:22.642478,-0.002661934338952898,0.000888888888888939,-0.14999999999999858,0.04999999999999716,56.3,56.35,56.2,56.25,73.0,304.0,387.0,46.0,False,False
006208,2022-10-26 11:02:22.664549,-0.002661934338952898,0.000888888888888939,-0.14999999999999858,0.04999999999999716,56.3,56.35,56.2,56.25,73.0,338.0,387.0,46.0,False,False
006208,2022-10-26 11:02:22.725139,-0.002661934338952898,0.000888888888888939,-0.14999999999999858,0.04999999999999716,56.3,56.35,56.2,56.25,73.0,338.0,387.0,46.0,False,False
006208,2022-10-26 11:02:25.570795,-0.002661934338952898,0.000888888888888939,-0.14999999999999858,0.04999999999999716,56.3,56.35,56.2,56.25,73.0,338.0,387.0,46.0,False,False
006208,2022-10-26 11:02:25.576962,-0.002661934338952898,0.000888888888888939,-0.14999999999999858,0.04999999999999716,56.3,56.35,56.2,56.25,73.0,368.0,387.0,46.0,False,False
006208,2022-10-26 11:02:28.903497,-0.002661934338952898,0.000888888888888939,-0.14999999999999858,0.04999999999999716,56.3,56.35,56.2,56.25,73.0,338.0,387.0,46.0,False,False
006208,2022-10-26 11:02:28.909247,-0.002661934338952898,0.000888888888888939,-0.14999999999999858,0.04999999999999716,56.3,56.35,56.2,56.25,73.0,338.0,387.0,46.0,False,False
006208,2022-10-26 11:02:29.015220,-0.002661934338952898,0.000888888888888939,-0.14999999999999858,0.04999999999999716,56.3,56.35,56.2,56.25,73.0,338.0,387.0,46.0,False,False
006208,2022-10-26 11:02:29.015859,-0.002661934338952898,0.000888888888888939,-0.14999999999999858,0.04999999999999716,56.3,56.35,56.2,56.25,73.0,338.0,387.0,46.0,False,False
006208,2022-10-26 11:02:29.134579,-0.002661934338952898,0.000888888888888939,-0.14999999999999858,0.04999999999999716,56.3,56.35,56.2,56.25,39.0,338.0,387.0,46.0,False,False
006208,2022-10-26 11:02:29.097420,-0.002661934338952898,0.000888888888888939,-0.14999999999999858,0.04999999999999716,56.3,56.35,56.2,56.25,73.0,338.0,387.0,46.0,False,False
006208,2022-10-26 11:02:29.246837,-0.002661934338952898,0.000888888888888939,-0.14999999999999858,0.04999999999999716,56.3,56.35,56.2,56.25,39.0,338.0,387.0,46.0,False,False
006208,2022-10-26 11:02:29.677745,-0.002661934338952898,0.000888888888888939,-0.14999999999999858,0.04999999999999716,56.3,56.35,56.2,56.25,39.0,338.0,387.0,46.0,False,False
006208,2022-10-26 11:02:30.499094,-0.002661934338952898,0.000888888888888939,-0.14999999999999858,0.04999999999999716,56.3,56.35,56.2,56.25,39.0,337.0,387.0,46.0,False,False
006208,2022-10-26 11:02:30.564450,-0.002661934338952898,0.000888888888888939,-0.14999999999999858,0.04999999999999716,56.3,56.35,56.2,56.25,39.0,337.0,387.0,46.0,False,False
006208,2022-10-26 11:02:30.570688,-0.002661934338952898,0.000888888888888939,-0.14999999999999858,0.04999999999999716,56.3,56.35,56.2,56.25,39.0,337.0,387.0,46.0,False,False
006208,2022-10-26 11:02:30.642242,-0.002661934338952898,0.000888888888888939,-0.14999999999999858,0.04999999999999716,56.3,56.35,56.2,56.25,39.0,337.0,387.0,46.0,False,False
006208,2022-10-26 11:02:30.729697,-0.002661934338952898,0.000888888888888939,-0.14999999999999858,0.04999999999999716,56.3,56.35,56.2,56.25,39.0,337.0,387.0,46.0,False,False
006208,2022-10-26 11:02:30.839862,-0.002661934338952898,0.000888888888888939,-0.14999999999999858,0.04999999999999716,56.3,56.35,56.2,56.25,39.0,367.0,387.0,46.0,False,False
006208,2022-10-26 11:02:33.276713,-0.002661934338952898,0.000888888888888939,-0.14999999999999858,0.04999999999999716,56.3,56.35,56.2,56.25,39.0,367.0,387.0,46.0,False,False
006208,2022-10-26 11:02:33.276916,-0.002661934338952898,0.000888888888888939,-0.14999999999999858,0.04999999999999716,56.3,56.35,56.2,56.25,39.0,387.0,387.0,46.0,False,False
006208,2022-10-26 11:02:33.510952,-0.002661934338952898,0.000888888888888939,-0.14999999999999858,0.04999999999999716,56.3,56.35,56.2,56.25,39.0,387.0,387.0,46.0,False,False
006208,2022-10-26 11:02:33.511057,-0.002661934338952898,0.000888888888888939,-0.14999999999999858,0.04999999999999716,56.3,56.35,56.2,56.25,39.0,387.0,387.0,46.0,False,False
006208,2022-10-26 11:02:34.950849,-0.002661934338952898,0.000888888888888939,-0.14999999999999858,0.04999999999999716,56.3,56.35,56.2,56.25,39.0,367.0,387.0,46.0,False,False
006208,2022-10-26 11:02:34.951041,-0.002661934338952898,0.000888888888888939,-0.14999999999999858,0.04999999999999716,56.3,56.35,56.2,56.25,39.0,367.0,387.0,46.0,False,False
006208,2022-10-26 11:02:35.857477,-0.002661934338952898,0.0,-0.14999999999999858,0.0,56.25,56.35,56.2,56.25,80.0,367.0,387.0,46.0,False,False
006208,2022-10-26 11:02:35.859098,-0.002661934338952898,0.0,-0.14999999999999858,0.0,56.25,56.35,56.2,56.25,80.0,367.0,387.0,46.0,False,False
006208,2022-10-26 11:02:35.943383,-0.001776198934280493,0.0,-0.09999999999999432,0.0,56.25,56.3,56.2,56.25,80.0,40.0,387.0,46.0,False,False
006208,2022-10-26 11:02:36.034337,-0.001776198934280493,0.0,-0.09999999999999432,0.0,56.25,56.3,56.2,56.25,40.0,40.0,387.0,46.0,False,False
006208,2022-10-26 11:02:36.093479,-0.001776198934280493,0.0,-0.09999999999999432,0.0,56.25,56.3,56.2,56.25,40.0,40.0,387.0,46.0,False,False
006208,2022-10-26 11:02:36.276242,-0.001776198934280493,0.0,-0.09999999999999432,0.0,56.25,56.3,56.2,56.25,40.0,40.0,387.0,46.0,False,False
006208,2022-10-26 11:02:36.398335,-0.001776198934280493,0.0,-0.09999999999999432,0.0,56.25,56.3,56.2,56.25,40.0,40.0,387.0,46.0,False,False
006208,2022-10-26 11:02:36.868603,-0.001776198934280493,0.0,-0.09999999999999432,0.0,56.25,56.3,56.2,56.25,40.0,40.0,387.0,46.0,False,False
006208,2022-10-26 11:02:36.911242,-0.001776198934280493,0.0,-0.09999999999999432,0.0,56.25,56.3,56.2,56.25,40.0,40.0,387.0,46.0,True,True
006208,2022-10-26 11:02:36.878627,-0.001776198934280493,0.0,-0.09999999999999432,0.0,56.25,56.3,56.2,56.25,40.0,40.0,387.0,46.0,False,False
006208,2022-10-26 11:02:37.065735,-0.001776198934280493,0.0,-0.09999999999999432,0.0,56.25,56.3,56.2,56.25,40.0,40.0,387.0,46.0,False,False
006208,2022-10-26 11:02:37.175126,-0.001776198934280493,0.0,-0.09999999999999432,0.0,56.25,56.3,56.2,56.25,40.0,40.0,387.0,46.0,False,False
006208,2022-10-26 11:02:37.256875,-0.001776198934280493,0.0,-0.09999999999999432,0.0,56.25,56.3,56.2,56.25,40.0,40.0,387.0,46.0,False,False
006208,2022-10-26 11:02:37.444174,-0.001776198934280493,0.0,-0.09999999999999432,0.0,56.25,56.3,56.2,56.25,6.0,40.0,387.0,46.0,False,False
006208,2022-10-26 11:02:37.464372,-0.001776198934280493,0.0,-0.09999999999999432,0.0,56.25,56.3,56.2,56.25,6.0,40.0,387.0,46.0,False,False
006208,2022-10-26 11:02:38.694287,-0.001776198934280493,0.0,-0.09999999999999432,0.0,56.25,56.3,56.2,56.25,6.0,40.0,387.0,46.0,False,False
006208,2022-10-26 11:02:38.700715,-0.001776198934280493,0.0,-0.09999999999999432,0.0,56.25,56.3,56.2,56.25,6.0,40.0,387.0,46.0,False,False
006208,2022-10-26 11:02:38.725520,-0.001776198934280493,0.0,-0.09999999999999432,0.0,56.25,56.3,56.2,56.25,6.0,40.0,387.0,46.0,False,False
006208,2022-10-26 11:02:39.675027,-0.001776198934280493,0.0,-0.09999999999999432,0.0,56.25,56.3,56.2,56.25,6.0,40.0,387.0,46.0,False,False
006208,2022-10-26 11:02:39.675308,-0.001776198934280493,0.0,-0.09999999999999432,0.0,56.25,56.3,56.2,56.25,6.0,40.0,387.0,46.0,False,False
006208,2022-10-26 11:02:40.247552,-0.001776198934280493,0.0,-0.09999999999999432,0.0,56.25,56.3,56.2,56.25,6.0,40.0,387.0,46.0,False,False
006208,2022-10-26 11:02:40.247765,-0.001776198934280493,0.0,-0.09999999999999432,0.0,56.25,56.3,56.2,56.25,6.0,40.0,387.0,46.0,False,False
006208,2022-10-26 11:02:40.534605,-0.001776198934280493,0.0,-0.09999999999999432,0.0,56.25,56.3,56.2,56.25,6.0,39.0,387.0,46.0,False,False
006208,2022-10-26 11:02:40.602693,-0.001776198934280493,0.0,-0.09999999999999432,0.0,56.25,56.3,56.2,56.25,6.0,39.0,387.0,46.0,False,False
006208,2022-10-26 11:02:40.733108,-0.001776198934280493,0.0,-0.09999999999999432,0.0,56.25,56.3,56.2,56.25,6.0,39.0,387.0,46.0,False,False
006208,2022-10-26 11:02:44.156648,-0.001776198934280493,0.0,-0.09999999999999432,0.0,56.25,56.3,56.2,56.25,6.0,38.0,387.0,46.0,False,False
006208,2022-10-26 11:02:44.238871,-0.001776198934280493,0.0,-0.09999999999999432,0.0,56.25,56.3,56.2,56.25,6.0,38.0,387.0,46.0,False,False
006208,2022-10-26 11:02:44.357915,-0.001776198934280493,0.0,-0.09999999999999432,0.0,56.25,56.3,56.2,56.25,6.0,38.0,387.0,46.0,False,False
006208,2022-10-26 11:02:46.390523,-0.001776198934280493,0.0,-0.09999999999999432,0.0,56.25,56.3,56.2,56.25,6.0,38.0,387.0,46.0,False,False
006208,2022-10-26 11:02:46.399685,-0.001776198934280493,0.0,-0.09999999999999432,0.0,56.25,56.3,56.2,56.25,6.0,38.0,387.0,46.0,False,False
006208,2022-10-26 11:02:46.534523,-0.001776198934280493,0.0,-0.09999999999999432,0.0,56.25,56.3,56.2,56.25,6.0,38.0,387.0,46.0,False,False
006208,2022-10-26 11:02:50.268486,-0.001776198934280493,0.0,-0.09999999999999432,0.0,56.25,56.3,56.2,56.25,6.0,37.0,387.0,46.0,False,False
006208,2022-10-26 11:02:50.357648,-0.001776198934280493,0.0,-0.09999999999999432,0.0,56.25,56.3,56.2,56.25,6.0,37.0,387.0,46.0,False,False
006208,2022-10-26 11:02:50.489471,-0.001776198934280493,0.0,-0.09999999999999432,0.0,56.25,56.3,56.2,56.25,6.0,37.0,387.0,46.0,False,False
006208,2022-10-26 11:02:50.555384,-0.001776198934280493,0.0,-0.09999999999999432,0.0,56.25,56.3,56.2,56.25,6.0,36.0,387.0,46.0,False,False
006208,2022-10-26 11:02:50.608020,-0.001776198934280493,0.0,-0.09999999999999432,0.0,56.25,56.3,56.2,56.25,6.0,36.0,387.0,46.0,False,False
006208,2022-10-26 11:02:50.734428,-0.001776198934280493,0.0,-0.09999999999999432,0.0,56.25,56.3,56.2,56.25,6.0,36.0,387.0,46.0,False,False
006208,2022-10-26 11:02:54.217144,-0.001776198934280493,0.0,-0.09999999999999432,0.0,56.25,56.3,56.2,56.25,6.0,36.0,387.0,46.0,False,False
006208,2022-10-26 11:02:54.217361,-0.001776198934280493,0.0,-0.09999999999999432,0.0,56.25,56.3,56.2,56.25,6.0,36.0,387.0,46.0,False,False
006208,2022-10-26 11:02:54.879947,-0.001776198934280493,0.0,-0.09999999999999432,0.0,56.25,56.3,56.2,56.25,6.0,36.0,387.0,46.0,False,False
006208,2022-10-26 11:02:56.524670,-0.001776198934280493,0.0,-0.09999999999999432,0.0,56.25,56.3,56.2,56.25,6.0,36.0,387.0,46.0,False,False
006208,2022-10-26 11:02:56.527020,-0.001776198934280493,0.0,-0.09999999999999432,0.0,56.25,56.3,56.2,56.25,6.0,36.0,387.0,46.0,False,False
006208,2022-10-26 11:02:56.659247,-0.001776198934280493,0.0,-0.09999999999999432,0.0,56.25,56.3,56.2,56.25,6.0,36.0,387.0,46.0,False,False
006208,2022-10-26 11:02:56.999643,-0.000888099467140302,-0.000888099467140302,-0.04999999999999716,-0.04999999999999716,56.25,56.3,56.25,56.3,6.0,36.0,123.0,913.0,True,True
006208,2022-10-26 11:02:57.517355,-0.000888099467140302,-0.000888099467140302,-0.04999999999999716,-0.04999999999999716,56.25,56.3,56.25,56.3,6.0,36.0,123.0,913.0,False,False
006208,2022-10-26 11:02:57.764293,-0.000888099467140302,-0.000888099467140302,-0.04999999999999716,-0.04999999999999716,56.25,56.3,56.25,56.3,6.0,36.0,123.0,913.0,False,False
006208,2022-10-26 11:03:00.159973,-0.000888099467140302,-0.000888099467140302,-0.04999999999999716,-0.04999999999999716,56.25,56.3,56.25,56.3,6.0,36.0,123.0,913.0,False,False
006208,2022-10-26 11:03:00.240898,-0.000888099467140302,-0.000888099467140302,-0.04999999999999716,-0.04999999999999716,56.25,56.3,56.25,56.3,6.0,36.0,123.0,913.0,False,False
006208,2022-10-26 11:03:00.544770,-0.000888099467140302,-0.000888099467140302,-0.04999999999999716,-0.04999999999999716,56.25,56.3,56.25,56.3,6.0,35.0,123.0,913.0,False,False
006208,2022-10-26 11:03:00.699470,-0.000888099467140302,-0.000888099467140302,-0.04999999999999716,-0.04999999999999716,56.25,56.3,56.25,56.3,6.0,35.0,123.0,913.0,False,False
006208,2022-10-26 11:03:00.726768,-0.000888099467140302,-0.000888099467140302,-0.04999999999999716,-0.04999999999999716,56.25,56.3,56.25,56.3,6.0,35.0,123.0,913.0,False,False
006208,2022-10-26 11:03:00.726952,-0.000888099467140302,-0.000888099467140302,-0.04999999999999716,-0.04999999999999716,56.25,56.3,56.25,56.3,6.0,35.0,123.0,913.0,False,False
006208,2022-10-26 11:03:01.123664,-0.000888099467140302,-0.000888099467140302,-0.04999999999999716,-0.04999999999999716,56.25,56.3,56.25,56.3,6.0,35.0,123.0,913.0,False,False
006208,2022-10-26 11:03:01.218726,-0.000888099467140302,-0.000888099467140302,-0.04999999999999716,-0.04999999999999716,56.25,56.3,56.25,56.3,6.0,35.0,123.0,913.0,False,False
006208,2022-10-26 11:03:01.246233,-0.000888099467140302,-0.000888099467140302,-0.04999999999999716,-0.04999999999999716,56.25,56.3,56.25,56.3,6.0,35.0,123.0,913.0,False,False
006208,2022-10-26 11:03:04.458445,-0.000888099467140302,-0.000888099467140302,-0.04999999999999716,-0.04999999999999716,56.25,56.3,56.25,56.3,6.0,35.0,123.0,913.0,False,False
006208,2022-10-26 11:03:04.485402,-0.000888099467140302,-0.000888099467140302,-0.04999999999999716,-0.04999999999999716,56.25,56.3,56.25,56.3,6.0,35.0,123.0,913.0,False,False
006208,2022-10-26 11:03:04.544328,-0.000888099467140302,-0.000888099467140302,-0.04999999999999716,-0.04999999999999716,56.25,56.3,56.25,56.3,6.0,35.0,123.0,913.0,False,False
006208,2022-10-26 11:03:05.486822,-0.000888099467140302,-0.000888099467140302,-0.04999999999999716,-0.04999999999999716,56.25,56.3,56.25,56.3,6.0,135.0,123.0,913.0,False,False
006208,2022-10-26 11:03:05.542707,-0.000888099467140302,-0.000888099467140302,-0.04999999999999716,-0.04999999999999716,56.25,56.3,56.25,56.3,6.0,135.0,123.0,913.0,False,False
006208,2022-10-26 11:03:06.654646,-0.000888099467140302,-0.000888099467140302,-0.04999999999999716,-0.04999999999999716,56.25,56.3,56.25,56.3,6.0,135.0,123.0,913.0,False,False
006208,2022-10-26 11:03:06.693346,-0.000888099467140302,-0.000888099467140302,-0.04999999999999716,-0.04999999999999716,56.25,56.3,56.25,56.3,6.0,35.0,123.0,913.0,False,False
006208,2022-10-26 11:03:06.792403,-0.000888099467140302,-0.000888099467140302,-0.04999999999999716,-0.04999999999999716,56.25,56.3,56.25,56.3,6.0,35.0,123.0,913.0,False,False
006208,2022-10-26 11:03:07.694029,-0.000888099467140302,-0.000888099467140302,-0.04999999999999716,-0.04999999999999716,56.25,56.3,56.25,56.3,6.0,35.0,123.0,913.0,False,False
006208,2022-10-26 11:03:08.869904,-0.000888099467140302,-0.000888099467140302,-0.04999999999999716,-0.04999999999999716,56.25,56.3,56.25,56.3,6.0,34.0,123.0,913.0,False,False
006208,2022-10-26 11:03:09.117266,-0.000888099467140302,-0.000888099467140302,-0.04999999999999716,-0.04999999999999716,56.25,56.3,56.25,56.3,6.0,34.0,123.0,913.0,False,False
006208,2022-10-26 11:03:09.242688,-0.000888099467140302,-0.000888099467140302,-0.04999999999999716,-0.04999999999999716,56.25,56.3,56.25,56.3,6.0,34.0,123.0,913.0,False,False
006208,2022-10-26 11:03:09.317893,-0.000888099467140302,-0.000888099467140302,-0.04999999999999716,-0.04999999999999716,56.25,56.3,56.25,56.3,6.0,34.0,123.0,913.0,False,False
006208,2022-10-26 11:03:09.448612,-0.000888099467140302,-0.000888099467140302,-0.04999999999999716,-0.04999999999999716,56.25,56.3,56.25,56.3,6.0,34.0,123.0,913.0,False,False
006208,2022-10-26 11:03:10.032363,-0.000888099467140302,-0.000888099467140302,-0.04999999999999716,-0.04999999999999716,56.25,56.3,56.25,56.3,6.0,34.0,123.0,913.0,False,False
006208,2022-10-26 11:03:10.037218,-0.000888099467140302,-0.000888099467140302,-0.04999999999999716,-0.04999999999999716,56.25,56.3,56.25,56.3,6.0,34.0,123.0,913.0,False,False
006208,2022-10-26 11:03:10.108470,-0.000888099467140302,-0.000888099467140302,-0.04999999999999716,-0.04999999999999716,56.25,56.3,56.25,56.3,6.0,34.0,123.0,913.0,False,False
006208,2022-10-26 11:03:10.441997,-0.000888099467140302,-0.000888099467140302,-0.04999999999999716,-0.04999999999999716,56.25,56.3,56.25,56.3,6.0,34.0,123.0,913.0,False,False
006208,2022-10-26 11:03:10.442414,-0.000888099467140302,-0.000888099467140302,-0.04999999999999716,-0.04999999999999716,56.25,56.3,56.25,56.3,6.0,34.0,123.0,913.0,False,False
006208,2022-10-26 11:03:10.518631,-0.000888099467140302,-0.000888099467140302,-0.04999999999999716,-0.04999999999999716,56.25,56.3,56.25,56.3,6.0,33.0,123.0,913.0,False,False
006208,2022-10-26 11:03:10.464585,-0.000888099467140302,-0.000888099467140302,-0.04999999999999716,-0.04999999999999716,56.25,56.3,56.25,56.3,6.0,34.0,123.0,913.0,False,False
006208,2022-10-26 11:03:10.624332,-0.000888099467140302,-0.000888099467140302,-0.04999999999999716,-0.04999999999999716,56.25,56.3,56.25,56.3,6.0,33.0,123.0,913.0,False,False
006208,2022-10-26 11:03:10.894352,-0.000888099467140302,-0.000888099467140302,-0.04999999999999716,-0.04999999999999716,56.25,56.3,56.25,56.3,6.0,33.0,123.0,913.0,False,False
006208,2022-10-26 11:03:10.982157,-0.000888099467140302,-0.000888099467140302,-0.04999999999999716,-0.04999999999999716,56.25,56.3,56.25,56.3,6.0,33.0,123.0,913.0,False,False
006208,2022-10-26 11:03:11.033042,-0.000888099467140302,-0.000888099467140302,-0.04999999999999716,-0.04999999999999716,56.25,56.3,56.25,56.3,6.0,33.0,123.0,913.0,False,False
006208,2022-10-26 11:03:11.209519,-0.000888099467140302,-0.000888099467140302,-0.04999999999999716,-0.04999999999999716,56.25,56.3,56.25,56.3,6.0,33.0,123.0,913.0,False,False
006208,2022-10-26 11:03:11.230048,-0.000888099467140302,-0.000888099467140302,-0.04999999999999716,-0.04999999999999716,56.25,56.3,56.25,56.3,6.0,33.0,123.0,913.0,False,False
006208,2022-10-26 11:03:11.935858,-0.000888099467140302,-0.000888099467140302,-0.04999999999999716,-0.04999999999999716,56.25,56.3,56.25,56.3,6.0,33.0,123.0,913.0,False,False
006208,2022-10-26 11:03:11.940490,-0.000888099467140302,-0.000888099467140302,-0.04999999999999716,-0.04999999999999716,56.25,56.3,56.25,56.3,6.0,33.0,123.0,913.0,False,False
006208,2022-10-26 11:03:12.037657,-0.000888099467140302,-0.000888099467140302,-0.04999999999999716,-0.04999999999999716,56.25,56.3,56.25,56.3,6.0,33.0,123.0,913.0,False,False
006208,2022-10-26 11:03:12.125819,-0.000888099467140302,-0.000888099467140302,-0.04999999999999716,-0.04999999999999716,56.25,56.3,56.25,56.3,6.0,33.0,123.0,913.0,False,False
006208,2022-10-26 11:03:12.972465,-0.000888099467140302,-0.000888099467140302,-0.04999999999999716,-0.04999999999999716,56.25,56.3,56.25,56.3,6.0,133.0,123.0,913.0,False,False
006208,2022-10-26 11:03:13.823578,-0.000888099467140302,-0.000888099467140302,-0.04999999999999716,-0.04999999999999716,56.25,56.3,56.25,56.3,6.0,133.0,123.0,913.0,False,False
006208,2022-10-26 11:03:13.855750,-0.000888099467140302,-0.000888099467140302,-0.04999999999999716,-0.04999999999999716,56.25,56.3,56.25,56.3,6.0,33.0,123.0,913.0,False,False
006208,2022-10-26 11:03:14.856502,-0.000888099467140302,-0.000888099467140302,-0.04999999999999716,-0.04999999999999716,56.25,56.3,56.25,56.3,6.0,33.0,123.0,913.0,False,False
006208,2022-10-26 11:03:14.913369,-0.000888099467140302,-0.000888099467140302,-0.04999999999999716,-0.04999999999999716,56.25,56.3,56.25,56.3,6.0,33.0,123.0,913.0,False,False
006208,2022-10-26 11:03:14.918396,-0.000888099467140302,-0.000888099467140302,-0.04999999999999716,-0.04999999999999716,56.25,56.3,56.25,56.3,6.0,33.0,123.0,913.0,False,False
006208,2022-10-26 11:03:15.279690,-0.000888099467140302,-0.000888099467140302,-0.04999999999999716,-0.04999999999999716,56.25,56.3,56.25,56.3,6.0,33.0,123.0,913.0,False,False
006208,2022-10-26 11:03:15.351318,-0.000888099467140302,-0.000888099467140302,-0.04999999999999716,-0.04999999999999716,56.25,56.3,56.25,56.3,6.0,33.0,123.0,913.0,False,False
006208,2022-10-26 11:03:15.361703,-0.000888099467140302,-0.000888099467140302,-0.04999999999999716,-0.04999999999999716,56.25,56.3,56.25,56.3,6.0,33.0,123.0,913.0,False,False
006208,2022-10-26 11:03:15.769754,-0.000888099467140302,-0.000888099467140302,-0.04999999999999716,-0.04999999999999716,56.25,56.3,56.25,56.3,6.0,33.0,123.0,913.0,False,False
006208,2022-10-26 11:03:15.778800,-0.000888099467140302,-0.000888099467140302,-0.04999999999999716,-0.04999999999999716,56.25,56.3,56.25,56.3,6.0,33.0,123.0,913.0,False,False
006208,2022-10-26 11:03:16.272335,-0.000888099467140302,-0.000888099467140302,-0.04999999999999716,-0.04999999999999716,56.25,56.3,56.25,56.3,6.0,33.0,123.0,913.0,False,False
006208,2022-10-26 11:03:16.284064,-0.000888099467140302,-0.000888099467140302,-0.04999999999999716,-0.04999999999999716,56.25,56.3,56.25,56.3,6.0,33.0,123.0,913.0,False,False
006208,2022-10-26 11:03:16.466353,-0.000888099467140302,-0.000888099467140302,-0.04999999999999716,-0.04999999999999716,56.25,56.3,56.25,56.3,6.0,33.0,123.0,913.0,False,False
006208,2022-10-26 11:03:16.586641,-0.000888099467140302,-0.000888099467140302,-0.04999999999999716,-0.04999999999999716,56.25,56.3,56.25,56.3,6.0,33.0,123.0,913.0,False,False
006208,2022-10-26 11:03:16.779740,-0.000888099467140302,-0.000888099467140302,-0.04999999999999716,-0.04999999999999716,56.25,56.3,56.25,56.3,6.0,33.0,123.0,913.0,False,False
006208,2022-10-26 11:03:16.783545,-0.000888099467140302,-0.000888099467140302,-0.04999999999999716,-0.04999999999999716,56.25,56.3,56.25,56.3,6.0,33.0,123.0,913.0,False,False
006208,2022-10-26 11:03:16.915839,-0.000888099467140302,-0.000888099467140302,-0.04999999999999716,-0.04999999999999716,56.25,56.3,56.25,56.3,6.0,33.0,123.0,913.0,False,False
006208,2022-10-26 11:03:17.080574,-0.000888099467140302,-0.000888099467140302,-0.04999999999999716,-0.04999999999999716,56.25,56.3,56.25,56.3,6.0,33.0,73.0,913.0,True,True
006208,2022-10-26 11:03:17.147440,-0.000888099467140302,-0.000888099467140302,-0.04999999999999716,-0.04999999999999716,56.25,56.3,56.25,56.3,6.0,32.0,73.0,913.0,False,False
006208,2022-10-26 11:03:17.192946,-0.000888099467140302,-0.000888099467140302,-0.04999999999999716,-0.04999999999999716,56.25,56.3,56.25,56.3,6.0,32.0,73.0,913.0,False,False
006208,2022-10-26 11:03:17.209329,-0.000888099467140302,-0.000888099467140302,-0.04999999999999716,-0.04999999999999716,56.25,56.3,56.25,56.3,6.0,32.0,73.0,913.0,False,False
006208,2022-10-26 11:03:18.474866,-0.000888099467140302,-0.000888099467140302,-0.04999999999999716,-0.04999999999999716,56.25,56.3,56.25,56.3,6.0,32.0,73.0,913.0,False,False
006208,2022-10-26 11:03:20.891912,-0.000888099467140302,-0.000888099467140302,-0.04999999999999716,-0.04999999999999716,56.25,56.3,56.25,56.3,6.0,32.0,73.0,913.0,False,False
006208,2022-10-26 11:03:20.901959,-0.000888099467140302,-0.000888099467140302,-0.04999999999999716,-0.04999999999999716,56.25,56.3,56.25,56.3,6.0,32.0,73.0,913.0,False,False
006208,2022-10-26 11:03:22.230034,-0.000888099467140302,-0.000888099467140302,-0.04999999999999716,-0.04999999999999716,56.25,56.3,56.25,56.3,6.0,32.0,73.0,913.0,False,False
006208,2022-10-26 11:03:23.052551,-0.000888099467140302,-0.000888099467140302,-0.04999999999999716,-0.04999999999999716,56.25,56.3,56.25,56.3,6.0,32.0,73.0,913.0,False,False
006208,2022-10-26 11:03:23.056534,-0.000888099467140302,-0.000888099467140302,-0.04999999999999716,-0.04999999999999716,56.25,56.3,56.25,56.3,6.0,32.0,73.0,913.0,False,False
006208,2022-10-26 11:03:23.644331,-0.000888099467140302,-0.000888099467140302,-0.04999999999999716,-0.04999999999999716,56.25,56.3,56.25,56.3,6.0,33.0,73.0,913.0,False,False
006208,2022-10-26 11:03:24.982065,-0.000888099467140302,-0.000888099467140302,-0.04999999999999716,-0.04999999999999716,56.25,56.3,56.25,56.3,6.0,33.0,73.0,913.0,False,False
006208,2022-10-26 11:03:24.990437,-0.000888099467140302,-0.000888099467140302,-0.04999999999999716,-0.04999999999999716,56.25,56.3,56.25,56.3,6.0,33.0,73.0,913.0,False,False
006208,2022-10-26 11:03:25.313484,-0.000888099467140302,-0.000888099467140302,-0.04999999999999716,-0.04999999999999716,56.25,56.3,56.25,56.3,6.0,33.0,73.0,913.0,False,False
006208,2022-10-26 11:03:25.317405,-0.000888099467140302,-0.000888099467140302,-0.04999999999999716,-0.04999999999999716,56.25,56.3,56.25,56.3,6.0,33.0,73.0,913.0,False,False
006208,2022-10-26 11:03:26.924705,-0.000888099467140302,-0.000888099467140302,-0.04999999999999716,-0.04999999999999716,56.25,56.3,56.25,56.3,6.0,33.0,73.0,913.0,False,False
006208,2022-10-26 11:03:26.928378,-0.000888099467140302,-0.000888099467140302,-0.04999999999999716,-0.04999999999999716,56.25,56.3,56.25,56.3,6.0,33.0,73.0,913.0,False,False
006208,2022-10-26 11:03:27.060024,-0.000888099467140302,-0.000888099467140302,-0.04999999999999716,-0.04999999999999716,56.25,56.3,56.25,56.3,6.0,33.0,73.0,913.0,False,False
006208,2022-10-26 11:03:27.125243,-0.001776198934280493,0.0,-0.09999999999999432,0.0,56.25,56.3,56.2,56.25,6.0,33.0,387.0,27.0,True,True
006208,2022-10-26 11:03:29.504181,-0.001776198934280493,0.0,-0.09999999999999432,0.0,56.25,56.3,56.2,56.25,6.0,33.0,387.0,27.0,False,False
006208,2022-10-26 11:03:29.566077,-0.001776198934280493,0.0,-0.09999999999999432,0.0,56.25,56.3,56.2,56.25,6.0,33.0,387.0,27.0,False,False
006208,2022-10-26 11:03:29.990063,-0.001776198934280493,0.0,-0.09999999999999432,0.0,56.25,56.3,56.2,56.25,6.0,33.0,387.0,27.0,False,False
006208,2022-10-26 11:03:30.275577,-0.001776198934280493,0.0,-0.09999999999999432,0.0,56.25,56.3,56.2,56.25,6.0,33.0,387.0,27.0,False,False
006208,2022-10-26 11:03:30.275814,-0.001776198934280493,0.0,-0.09999999999999432,0.0,56.25,56.3,56.2,56.25,6.0,33.0,387.0,27.0,False,False
006208,2022-10-26 11:03:30.544649,-0.001776198934280493,0.0,-0.09999999999999432,0.0,56.25,56.3,56.2,56.25,6.0,32.0,387.0,27.0,False,False
006208,2022-10-26 11:03:30.628009,-0.001776198934280493,0.0,-0.09999999999999432,0.0,56.25,56.3,56.2,56.25,6.0,32.0,387.0,27.0,False,False
006208,2022-10-26 11:03:30.644626,-0.001776198934280493,0.0,-0.09999999999999432,0.0,56.25,56.3,56.2,56.25,6.0,32.0,387.0,27.0,False,False
006208,2022-10-26 11:03:30.784672,-0.001776198934280493,0.0,-0.09999999999999432,0.0,56.25,56.3,56.2,56.25,6.0,32.0,387.0,27.0,False,False
006208,2022-10-26 11:03:31.629181,-0.001776198934280493,0.0,-0.09999999999999432,0.0,56.25,56.3,56.2,56.25,6.0,32.0,387.0,27.0,False,False
006208,2022-10-26 11:03:31.786506,-0.001776198934280493,0.0,-0.09999999999999432,0.0,56.25,56.3,56.2,56.25,6.0,32.0,387.0,27.0,False,False
006208,2022-10-26 11:03:33.754537,-0.001776198934280493,0.0,-0.09999999999999432,0.0,56.25,56.3,56.2,56.25,6.0,32.0,387.0,27.0,False,False
006208,2022-10-26 11:03:36.319030,-0.001776198934280493,0.0,-0.09999999999999432,0.0,56.25,56.3,56.2,56.25,6.0,31.0,387.0,27.0,False,False
006208,2022-10-26 11:03:36.386269,-0.001776198934280493,0.0,-0.09999999999999432,0.0,56.25,56.3,56.2,56.25,6.0,31.0,387.0,27.0,False,False
006208,2022-10-26 11:03:36.401407,-0.001776198934280493,0.0,-0.09999999999999432,0.0,56.25,56.3,56.2,56.25,6.0,31.0,387.0,27.0,False,False
006208,2022-10-26 11:03:37.054321,-0.001776198934280493,0.0,-0.09999999999999432,0.0,56.25,56.3,56.2,56.25,6.0,31.0,387.0,27.0,False,False
006208,2022-10-26 11:03:37.059407,-0.001776198934280493,0.0,-0.09999999999999432,0.0,56.25,56.3,56.2,56.25,6.0,31.0,387.0,27.0,False,False
006208,2022-10-26 11:03:37.171364,-0.000888099467140302,-0.000888099467140302,-0.04999999999999716,-0.04999999999999716,56.25,56.3,56.25,56.3,6.0,31.0,52.0,963.0,True,True
006208,2022-10-26 11:03:37.195287,-0.000888099467140302,-0.000888099467140302,-0.04999999999999716,-0.04999999999999716,56.25,56.3,56.25,56.3,6.0,31.0,52.0,963.0,False,False
006208,2022-10-26 11:03:40.565219,-0.000888099467140302,-0.000888099467140302,-0.04999999999999716,-0.04999999999999716,56.25,56.3,56.25,56.3,6.0,30.0,52.0,963.0,False,False
006208,2022-10-26 11:03:40.728986,-0.000888099467140302,-0.000888099467140302,-0.04999999999999716,-0.04999999999999716,56.25,56.3,56.25,56.3,6.0,30.0,52.0,963.0,False,False
006208,2022-10-26 11:03:40.748011,-0.000888099467140302,-0.000888099467140302,-0.04999999999999716,-0.04999999999999716,56.25,56.3,56.25,56.3,6.0,30.0,52.0,963.0,False,False
006208,2022-10-26 11:03:47.181334,-0.000888099467140302,-0.000888099467140302,-0.04999999999999716,-0.04999999999999716,56.25,56.3,56.25,56.3,6.0,30.0,52.0,963.0,False,False
006208,2022-10-26 11:03:47.211785,-0.001776198934280493,0.0,-0.09999999999999432,0.0,56.25,56.3,56.2,56.25,6.0,30.0,430.0,83.0,True,True
006208,2022-10-26 11:03:47.185793,-0.001776198934280493,0.0,-0.09999999999999432,0.0,56.25,56.3,56.2,56.25,6.0,30.0,430.0,83.0,False,False
006208,2022-10-26 11:03:47.316837,-0.001776198934280493,0.0,-0.09999999999999432,0.0,56.25,56.3,56.2,56.25,6.0,30.0,430.0,83.0,False,False
006208,2022-10-26 11:03:50.532171,-0.001776198934280493,0.0,-0.09999999999999432,0.0,56.25,56.3,56.2,56.25,6.0,31.0,430.0,83.0,False,False
006208,2022-10-26 11:03:50.538855,-0.001776198934280493,0.0,-0.09999999999999432,0.0,56.25,56.3,56.2,56.25,6.0,30.0,430.0,83.0,False,False
006208,2022-10-26 11:03:50.697607,-0.001776198934280493,0.0,-0.09999999999999432,0.0,56.25,56.3,56.2,56.25,6.0,30.0,430.0,83.0,False,False
006208,2022-10-26 11:03:50.711893,-0.001776198934280493,0.0,-0.09999999999999432,0.0,56.25,56.3,56.2,56.25,6.0,30.0,430.0,83.0,False,False
006208,2022-10-26 11:03:51.067561,-0.001776198934280493,0.0,-0.09999999999999432,0.0,56.25,56.3,56.2,56.25,7.0,30.0,430.0,83.0,False,False
006208,2022-10-26 11:03:51.269305,-0.001776198934280493,0.0,-0.09999999999999432,0.0,56.25,56.3,56.2,56.25,7.0,29.0,430.0,83.0,False,False
006208,2022-10-26 11:03:51.532817,-0.001776198934280493,0.0,-0.09999999999999432,0.0,56.25,56.3,56.2,56.25,7.0,29.0,430.0,83.0,False,False
006208,2022-10-26 11:03:51.541264,-0.001776198934280493,0.0,-0.09999999999999432,0.0,56.25,56.3,56.2,56.25,7.0,29.0,430.0,83.0,False,False
006208,2022-10-26 11:03:53.281118,-0.001776198934280493,0.0,-0.09999999999999432,0.0,56.25,56.3,56.2,56.25,7.0,29.0,430.0,83.0,False,False
006208,2022-10-26 11:03:53.281366,-0.001776198934280493,0.0,-0.09999999999999432,0.0,56.25,56.3,56.2,56.25,7.0,29.0,430.0,83.0,False,False
006208,2022-10-26 11:03:53.821070,-0.001776198934280493,0.0,-0.09999999999999432,0.0,56.25,56.3,56.2,56.25,7.0,29.0,430.0,83.0,False,False
006208,2022-10-26 11:03:53.821244,-0.001776198934280493,0.0,-0.09999999999999432,0.0,56.25,56.3,56.2,56.25,7.0,29.0,430.0,83.0,False,False
006208,2022-10-26 11:03:54.448385,-0.001776198934280493,0.0,-0.09999999999999432,0.0,56.25,56.3,56.2,56.25,7.0,29.0,430.0,83.0,False,False
006208,2022-10-26 11:03:55.204371,-0.001776198934280493,0.0,-0.09999999999999432,0.0,56.25,56.3,56.2,56.25,7.0,29.0,430.0,83.0,False,False
006208,2022-10-26 11:03:55.325530,-0.001776198934280493,0.0,-0.09999999999999432,0.0,56.25,56.3,56.2,56.25,7.0,29.0,430.0,83.0,False,False
006208,2022-10-26 11:03:57.306842,-0.001776198934280493,0.0,-0.09999999999999432,0.0,56.25,56.3,56.2,56.25,7.0,29.0,430.0,83.0,False,False
006208,2022-10-26 11:03:57.317025,-0.001776198934280493,0.0,-0.09999999999999432,0.0,56.25,56.3,56.2,56.25,7.0,29.0,430.0,83.0,False,False
006208,2022-10-26 11:03:57.447069,-0.001776198934280493,0.0,-0.09999999999999432,0.0,56.25,56.3,56.2,56.25,7.0,29.0,430.0,83.0,False,False
006208,2022-10-26 11:03:59.517725,-0.001776198934280493,0.0,-0.09999999999999432,0.0,56.25,56.3,56.2,56.25,7.0,29.0,430.0,83.0,False,False
006208,2022-10-26 11:03:59.688701,-0.001776198934280493,0.0,-0.09999999999999432,0.0,56.25,56.3,56.2,56.25,7.0,29.0,430.0,83.0,False,False
006208,2022-10-26 11:04:00.192883,-0.001776198934280493,0.0,-0.09999999999999432,0.0,56.25,56.3,56.2,56.25,7.0,29.0,430.0,83.0,False,False
006208,2022-10-26 11:04:00.205047,-0.001776198934280493,0.0,-0.09999999999999432,0.0,56.25,56.3,56.2,56.25,7.0,29.0,430.0,83.0,False,False
006208,2022-10-26 11:04:00.324189,-0.001776198934280493,0.0,-0.09999999999999432,0.0,56.25,56.3,56.2,56.25,7.0,29.0,430.0,83.0,False,False
006208,2022-10-26 11:04:00.590606,-0.001776198934280493,0.0,-0.09999999999999432,0.0,56.25,56.3,56.2,56.25,7.0,28.0,430.0,83.0,False,False
006208,2022-10-26 11:04:00.768780,-0.001776198934280493,0.0,-0.09999999999999432,0.0,56.25,56.3,56.2,56.25,7.0,28.0,430.0,83.0,False,False
006208,2022-10-26 11:04:00.782824,-0.001776198934280493,0.0,-0.09999999999999432,0.0,56.25,56.3,56.2,56.25,7.0,28.0,430.0,83.0,False,False
006208,2022-10-26 11:04:01.320989,-0.001776198934280493,0.0,-0.09999999999999432,0.0,56.25,56.3,56.2,56.25,7.0,28.0,430.0,83.0,False,False
006208,2022-10-26 11:04:03.033978,-0.001776198934280493,0.0,-0.09999999999999432,0.0,56.25,56.3,56.2,56.25,7.0,28.0,430.0,83.0,False,False
006208,2022-10-26 11:04:03.502604,-0.001776198934280493,0.0,-0.09999999999999432,0.0,56.25,56.3,56.2,56.25,7.0,28.0,430.0,83.0,False,False
006208,2022-10-26 11:04:03.525061,-0.001776198934280493,0.0,-0.09999999999999432,0.0,56.25,56.3,56.2,56.25,7.0,28.0,430.0,83.0,False,False
006208,2022-10-26 11:04:03.671082,-0.001776198934280493,0.0,-0.09999999999999432,0.0,56.25,56.3,56.2,56.25,7.0,28.0,430.0,83.0,False,False
006208,2022-10-26 11:04:03.722893,-0.001776198934280493,0.0,-0.09999999999999432,0.0,56.25,56.3,56.2,56.25,7.0,28.0,430.0,83.0,False,False
006208,2022-10-26 11:04:03.783918,-0.001776198934280493,0.0,-0.09999999999999432,0.0,56.25,56.3,56.2,56.25,7.0,28.0,430.0,83.0,False,False
006208,2022-10-26 11:04:04.187285,-0.001776198934280493,0.0,-0.09999999999999432,0.0,56.25,56.3,56.2,56.25,7.0,28.0,430.0,83.0,False,False
006208,2022-10-26 11:04:04.192693,-0.001776198934280493,0.0,-0.09999999999999432,0.0,56.25,56.3,56.2,56.25,7.0,58.0,430.0,83.0,False,False
006208,2022-10-26 11:04:04.503611,-0.001776198934280493,0.0,-0.09999999999999432,0.0,56.25,56.3,56.2,56.25,7.0,158.0,430.0,83.0,False,False
006208,2022-10-26 11:04:04.951619,-0.001776198934280493,0.0,-0.09999999999999432,0.0,56.25,56.3,56.2,56.25,7.0,128.0,430.0,83.0,False,False
006208,2022-10-26 11:04:04.957246,-0.001776198934280493,0.0,-0.09999999999999432,0.0,56.25,56.3,56.2,56.25,7.0,128.0,430.0,83.0,False,False
006208,2022-10-26 11:04:05.710498,-0.001776198934280493,0.0,-0.09999999999999432,0.0,56.25,56.3,56.2,56.25,7.0,128.0,430.0,83.0,False,False
006208,2022-10-26 11:04:05.715665,-0.001776198934280493,0.0,-0.09999999999999432,0.0,56.25,56.3,56.2,56.25,7.0,158.0,430.0,83.0,False,False
006208,2022-10-26 11:04:06.689609,-0.001776198934280493,0.0,-0.09999999999999432,0.0,56.25,56.3,56.2,56.25,7.0,158.0,430.0,98.0,False,True
006208,2022-10-26 11:04:07.436159,-0.001776198934280493,0.0,-0.09999999999999432,0.0,56.25,56.3,56.2,56.25,7.0,158.0,430.0,98.0,False,False
006208,2022-10-26 11:04:07.439756,-0.001776198934280493,0.0,-0.09999999999999432,0.0,56.25,56.3,56.2,56.25,7.0,158.0,430.0,98.0,False,False
006208,2022-10-26 11:04:07.579592,-0.001776198934280493,0.0,-0.09999999999999432,0.0,56.25,56.3,56.2,56.25,7.0,158.0,430.0,98.0,False,False
006208,2022-10-26 11:04:07.739805,-0.001776198934280493,0.0,-0.09999999999999432,0.0,56.25,56.3,56.2,56.25,7.0,158.0,430.0,98.0,False,False
006208,2022-10-26 11:04:07.823716,-0.001776198934280493,0.0,-0.09999999999999432,0.0,56.25,56.3,56.2,56.25,7.0,158.0,430.0,98.0,False,False
006208,2022-10-26 11:04:09.302247,-0.001776198934280493,0.0,-0.09999999999999432,0.0,56.25,56.3,56.2,56.25,7.0,157.0,430.0,98.0,False,False
006208,2022-10-26 11:04:09.343407,-0.001776198934280493,0.0,-0.09999999999999432,0.0,56.25,56.3,56.2,56.25,7.0,157.0,430.0,98.0,False,False
006208,2022-10-26 11:04:09.365286,-0.001776198934280493,0.0,-0.09999999999999432,0.0,56.25,56.3,56.2,56.25,7.0,157.0,430.0,98.0,False,False
006208,2022-10-26 11:04:10.450715,-0.001776198934280493,0.0,-0.09999999999999432,0.0,56.25,56.3,56.2,56.25,7.0,127.0,430.0,98.0,False,False
006208,2022-10-26 11:04:10.455448,-0.001776198934280493,0.0,-0.09999999999999432,0.0,56.25,56.3,56.2,56.25,7.0,127.0,430.0,98.0,False,False
006208,2022-10-26 11:04:10.549297,-0.001776198934280493,0.0,-0.09999999999999432,0.0,56.25,56.3,56.2,56.25,7.0,156.0,430.0,98.0,False,False
006208,2022-10-26 11:04:10.510983,-0.001776198934280493,0.0,-0.09999999999999432,0.0,56.25,56.3,56.2,56.25,7.0,157.0,430.0,98.0,False,False
006208,2022-10-26 11:04:10.693909,-0.001776198934280493,0.0,-0.09999999999999432,0.0,56.25,56.3,56.2,56.25,7.0,156.0,430.0,98.0,False,False
006208,2022-10-26 11:04:10.909815,-0.001776198934280493,0.0,-0.09999999999999432,0.0,56.25,56.3,56.2,56.25,7.0,156.0,430.0,98.0,False,False
006208,2022-10-26 11:04:10.923052,-0.001776198934280493,0.0,-0.09999999999999432,0.0,56.25,56.3,56.2,56.25,7.0,126.0,430.0,98.0,False,False
006208,2022-10-26 11:04:11.487730,-0.001776198934280493,0.0,-0.09999999999999432,0.0,56.25,56.3,56.2,56.25,7.0,126.0,430.0,98.0,False,False
006208,2022-10-26 11:04:11.503088,-0.001776198934280493,0.0,-0.09999999999999432,0.0,56.25,56.3,56.2,56.25,7.0,156.0,430.0,98.0,False,False
006208,2022-10-26 11:04:14.052777,-0.001776198934280493,0.0,-0.09999999999999432,0.0,56.25,56.3,56.2,56.25,7.0,156.0,430.0,98.0,False,False
006208,2022-10-26 11:04:14.052931,-0.001776198934280493,0.0,-0.09999999999999432,0.0,56.25,56.3,56.2,56.25,7.0,176.0,430.0,98.0,False,False
006208,2022-10-26 11:04:15.708523,-0.001776198934280493,0.0,-0.09999999999999432,0.0,56.25,56.3,56.2,56.25,5.0,176.0,430.0,98.0,False,False
006208,2022-10-26 11:04:16.517113,-0.001776198934280493,0.0,-0.09999999999999432,0.0,56.25,56.3,56.2,56.25,5.0,176.0,430.0,98.0,False,False
006208,2022-10-26 11:04:16.748433,-0.001776198934280493,0.0,-0.09999999999999432,0.0,56.25,56.3,56.2,56.25,5.0,176.0,520.0,62.0,True,True
006208,2022-10-26 11:04:17.039871,-0.001776198934280493,0.0,-0.09999999999999432,0.0,56.25,56.3,56.2,56.25,5.0,176.0,520.0,62.0,False,False
006208,2022-10-26 11:04:17.040268,-0.001776198934280493,0.0,-0.09999999999999432,0.0,56.25,56.3,56.2,56.25,5.0,156.0,520.0,62.0,False,False
006208,2022-10-26 11:04:17.224948,-0.001776198934280493,0.0,-0.09999999999999432,0.0,56.25,56.3,56.2,56.25,5.0,206.0,520.0,62.0,False,False
006208,2022-10-26 11:04:17.564038,-0.001776198934280493,0.0,-0.09999999999999432,0.0,56.25,56.3,56.2,56.25,5.0,206.0,520.0,62.0,False,False
006208,2022-10-26 11:04:17.617697,-0.001776198934280493,0.0,-0.09999999999999432,0.0,56.25,56.3,56.2,56.25,5.0,206.0,520.0,62.0,False,False
006208,2022-10-26 11:04:17.699421,-0.001776198934280493,0.0,-0.09999999999999432,0.0,56.25,56.3,56.2,56.25,5.0,206.0,520.0,62.0,False,False
006208,2022-10-26 11:04:18.414632,-0.001776198934280493,0.0,-0.09999999999999432,0.0,56.25,56.3,56.2,56.25,5.0,206.0,520.0,62.0,False,False
006208,2022-10-26 11:04:18.415120,-0.001776198934280493,0.0,-0.09999999999999432,0.0,56.25,56.3,56.2,56.25,5.0,206.0,520.0,62.0,False,False
006208,2022-10-26 11:04:19.346741,-0.001776198934280493,0.0,-0.09999999999999432,0.0,56.25,56.3,56.2,56.25,5.0,206.0,520.0,62.0,False,False
006208,2022-10-26 11:04:19.347068,-0.001776198934280493,0.0,-0.09999999999999432,0.0,56.25,56.3,56.2,56.25,5.0,226.0,520.0,62.0,False,False
006208,2022-10-26 11:04:19.608502,-0.001776198934280493,0.0,-0.09999999999999432,0.0,56.25,56.3,56.2,56.25,5.0,226.0,520.0,62.0,False,False
006208,2022-10-26 11:04:19.608655,-0.001776198934280493,0.0,-0.09999999999999432,0.0,56.25,56.3,56.2,56.25,5.0,226.0,520.0,62.0,False,False
006208,2022-10-26 11:04:20.669945,-0.001776198934280493,0.0,-0.09999999999999432,0.0,56.25,56.3,56.2,56.25,5.0,226.0,520.0,62.0,False,False
006208,2022-10-26 11:04:20.747951,-0.001776198934280493,0.0,-0.09999999999999432,0.0,56.25,56.3,56.2,56.25,5.0,226.0,520.0,62.0,False,False
006208,2022-10-26 11:04:20.801884,-0.001776198934280493,0.0,-0.09999999999999432,0.0,56.25,56.3,56.2,56.25,5.0,206.0,520.0,62.0,False,False
006208,2022-10-26 11:04:26.797600,-0.001776198934280493,0.0,-0.09999999999999432,0.0,56.25,56.3,56.2,56.25,5.0,206.0,520.0,12.0,True,True
006208,2022-10-26 11:04:26.806754,-0.001776198934280493,0.0,-0.09999999999999432,0.0,56.25,56.3,56.2,56.25,5.0,206.0,520.0,12.0,False,False
006208,2022-10-26 11:04:27.703099,-0.001776198934280493,0.0,-0.09999999999999432,0.0,56.25,56.3,56.2,56.25,5.0,206.0,520.0,12.0,False,False
006208,2022-10-26 11:04:27.706996,-0.001776198934280493,0.0,-0.09999999999999432,0.0,56.25,56.3,56.2,56.25,5.0,206.0,520.0,12.0,False,False
006208,2022-10-26 11:04:27.848444,-0.001776198934280493,0.0,-0.09999999999999432,0.0,56.25,56.3,56.2,56.25,5.0,206.0,520.0,12.0,False,False
006208,2022-10-26 11:04:30.574781,-0.001776198934280493,0.0,-0.09999999999999432,0.0,56.25,56.3,56.2,56.25,5.0,205.0,520.0,12.0,False,False
006208,2022-10-26 11:04:30.658254,-0.001776198934280493,0.0,-0.09999999999999432,0.0,56.25,56.3,56.2,56.25,5.0,205.0,520.0,12.0,False,False
006208,2022-10-26 11:04:30.674851,-0.001776198934280493,0.0,-0.09999999999999432,0.0,56.25,56.3,56.2,56.25,5.0,205.0,520.0,12.0,False,False
006208,2022-10-26 11:04:31.788719,-0.001776198934280493,0.0,-0.09999999999999432,0.0,56.25,56.3,56.2,56.25,5.0,205.0,520.0,12.0,False,False
006208,2022-10-26 11:04:31.801137,-0.001776198934280493,0.0,-0.09999999999999432,0.0,56.25,56.3,56.2,56.25,5.0,205.0,520.0,12.0,False,False
006208,2022-10-26 11:04:31.905376,-0.001776198934280493,0.0,-0.09999999999999432,0.0,56.25,56.3,56.2,56.25,5.0,205.0,520.0,12.0,False,False
006208,2022-10-26 11:04:32.121794,-0.001776198934280493,0.0,-0.09999999999999432,0.0,56.25,56.3,56.2,56.25,5.0,225.0,520.0,12.0,False,False
006208,2022-10-26 11:04:32.206012,-0.001776198934280493,0.0,-0.09999999999999432,0.0,56.25,56.3,56.2,56.25,5.0,224.0,520.0,12.0,False,False
006208,2022-10-26 11:04:32.247928,-0.001776198934280493,0.0,-0.09999999999999432,0.0,56.25,56.3,56.2,56.25,5.0,224.0,520.0,12.0,False,False
006208,2022-10-26 11:04:32.292497,-0.001776198934280493,0.0,-0.09999999999999432,0.0,56.25,56.3,56.2,56.25,5.0,224.0,520.0,12.0,False,False
006208,2022-10-26 11:04:32.332100,-0.001776198934280493,0.0,-0.09999999999999432,0.0,56.25,56.3,56.2,56.25,5.0,224.0,520.0,12.0,False,False
006208,2022-10-26 11:04:32.539227,-0.001776198934280493,0.0,-0.09999999999999432,0.0,56.25,56.3,56.2,56.25,5.0,264.0,520.0,12.0,False,False
006208,2022-10-26 11:04:32.543207,-0.001776198934280493,0.0,-0.09999999999999432,0.0,56.25,56.3,56.2,56.25,5.0,264.0,520.0,12.0,False,False
006208,2022-10-26 11:04:33.170235,-0.001776198934280493,0.0,-0.09999999999999432,0.0,56.25,56.3,56.2,56.25,5.0,264.0,520.0,12.0,False,False
006208,2022-10-26 11:04:33.170718,-0.001776198934280493,0.0,-0.09999999999999432,0.0,56.25,56.3,56.2,56.25,5.0,244.0,520.0,12.0,False,False
006208,2022-10-26 11:04:36.834737,-0.001776198934280493,0.0,-0.09999999999999432,0.0,56.25,56.3,56.2,56.25,5.0,244.0,520.0,12.0,True,True
006208,2022-10-26 11:04:36.871984,-0.001776198934280493,0.0,-0.09999999999999432,0.0,56.25,56.3,56.2,56.25,5.0,244.0,520.0,12.0,False,False
006208,2022-10-26 11:04:37.836159,-0.001776198934280493,0.0,-0.09999999999999432,0.0,56.25,56.3,56.2,56.25,5.0,244.0,520.0,12.0,False,False
006208,2022-10-26 11:04:37.842207,-0.001776198934280493,0.0,-0.09999999999999432,0.0,56.25,56.3,56.2,56.25,5.0,244.0,520.0,12.0,False,False
006208,2022-10-26 11:04:37.980748,-0.001776198934280493,0.0,-0.09999999999999432,0.0,56.25,56.3,56.2,56.25,5.0,244.0,520.0,12.0,False,False
006208,2022-10-26 11:04:38.591475,-0.001776198934280493,0.0,-0.09999999999999432,0.0,56.25,56.3,56.2,56.25,5.0,244.0,520.0,12.0,False,False
006208,2022-10-26 11:04:38.602693,-0.001776198934280493,0.0,-0.09999999999999432,0.0,56.25,56.3,56.2,56.25,5.0,244.0,520.0,12.0,False,False
006208,2022-10-26 11:04:39.408338,-0.001776198934280493,0.0,-0.09999999999999432,0.0,56.25,56.3,56.2,56.25,5.0,244.0,520.0,12.0,False,False
006208,2022-10-26 11:04:39.420838,-0.001776198934280493,0.0,-0.09999999999999432,0.0,56.25,56.3,56.2,56.25,5.0,264.0,520.0,12.0,False,False
006208,2022-10-26 11:04:40.580124,-0.001776198934280493,0.0,-0.09999999999999432,0.0,56.25,56.3,56.2,56.25,5.0,263.0,520.0,12.0,False,False
006208,2022-10-26 11:04:40.812094,-0.001776198934280493,0.0,-0.09999999999999432,0.0,56.25,56.3,56.2,56.25,5.0,263.0,520.0,12.0,False,False
006208,2022-10-26 11:04:40.824317,-0.001776198934280493,0.0,-0.09999999999999432,0.0,56.25,56.3,56.2,56.25,5.0,263.0,520.0,12.0,False,False
006208,2022-10-26 11:04:42.231832,-0.001776198934280493,0.0,-0.09999999999999432,0.0,56.25,56.3,56.2,56.25,5.0,263.0,520.0,12.0,False,False
006208,2022-10-26 11:04:42.246838,-0.001776198934280493,0.0,-0.09999999999999432,0.0,56.25,56.3,56.2,56.25,5.0,263.0,520.0,12.0,False,False
006208,2022-10-26 11:04:43.429669,-0.001776198934280493,0.0,-0.09999999999999432,0.0,56.25,56.3,56.2,56.25,5.0,263.0,520.0,12.0,False,False
006208,2022-10-26 11:04:43.439107,-0.001776198934280493,0.0,-0.09999999999999432,0.0,56.25,56.3,56.2,56.25,5.0,243.0,520.0,12.0,False,False
006208,2022-10-26 11:04:44.132870,-0.001776198934280493,0.0,-0.09999999999999432,0.0,56.25,56.3,56.2,56.25,5.0,243.0,520.0,12.0,False,False
006208,2022-10-26 11:04:44.137668,-0.001776198934280493,0.0,-0.09999999999999432,0.0,56.25,56.3,56.2,56.25,5.0,263.0,520.0,12.0,False,False
006208,2022-10-26 11:04:45.260557,-0.001776198934280493,0.0,-0.09999999999999432,0.0,56.25,56.3,56.2,56.25,5.0,243.0,520.0,12.0,False,False
006208,2022-10-26 11:04:45.275934,-0.001776198934280493,0.0,-0.09999999999999432,0.0,56.25,56.3,56.2,56.25,5.0,243.0,520.0,12.0,False,False
006208,2022-10-26 11:04:45.594515,-0.001776198934280493,0.0,-0.09999999999999432,0.0,56.25,56.3,56.2,56.25,5.0,243.0,520.0,12.0,False,False
006208,2022-10-26 11:04:45.598734,-0.001776198934280493,0.0,-0.09999999999999432,0.0,56.25,56.3,56.2,56.25,5.0,263.0,520.0,12.0,False,False
006208,2022-10-26 11:04:46.875851,-0.001776198934280493,0.0,-0.09999999999999432,0.0,56.25,56.3,56.2,56.25,5.0,263.0,520.0,8.0,True,True
006208,2022-10-26 11:04:47.347763,-0.001776198934280493,0.0,-0.09999999999999432,0.0,56.25,56.3,56.2,56.25,5.0,263.0,520.0,8.0,False,False
006208,2022-10-26 11:04:47.954425,-0.000888888888888828,-0.000888888888888828,-0.04999999999999716,-0.04999999999999716,56.2,56.25,56.2,56.25,156.0,45.0,520.0,8.0,False,False
006208,2022-10-26 11:04:47.964313,-0.000888888888888828,-0.000888888888888828,-0.04999999999999716,-0.04999999999999716,56.2,56.25,56.2,56.25,156.0,45.0,520.0,8.0,False,False
006208,2022-10-26 11:04:47.996452,-0.000888888888888828,-0.000888888888888828,-0.04999999999999716,-0.04999999999999716,56.2,56.25,56.2,56.25,116.0,85.0,520.0,8.0,False,False
006208,2022-10-26 11:04:48.112700,-0.000888888888888828,-0.000888888888888828,-0.04999999999999716,-0.04999999999999716,56.2,56.25,56.2,56.25,116.0,85.0,520.0,8.0,False,False
006208,2022-10-26 11:04:48.234901,-0.000888888888888828,-0.000888888888888828,-0.04999999999999716,-0.04999999999999716,56.2,56.25,56.2,56.25,116.0,85.0,520.0,8.0,False,False
006208,2022-10-26 11:04:49.753750,-0.000888888888888828,-0.000888888888888828,-0.04999999999999716,-0.04999999999999716,56.2,56.25,56.2,56.25,116.0,85.0,520.0,8.0,False,False
006208,2022-10-26 11:04:49.775999,-0.000888888888888828,-0.000888888888888828,-0.04999999999999716,-0.04999999999999716,56.2,56.25,56.2,56.25,116.0,85.0,520.0,8.0,False,False
006208,2022-10-26 11:04:49.834717,-0.000888888888888828,-0.000888888888888828,-0.04999999999999716,-0.04999999999999716,56.2,56.25,56.2,56.25,82.0,85.0,520.0,8.0,False,False
006208,2022-10-26 11:04:49.944676,-0.000888888888888828,-0.000888888888888828,-0.04999999999999716,-0.04999999999999716,56.2,56.25,56.2,56.25,82.0,85.0,520.0,8.0,False,False
006208,2022-10-26 11:04:50.488512,-0.000888888888888828,-0.000888888888888828,-0.04999999999999716,-0.04999999999999716,56.2,56.25,56.2,56.25,82.0,85.0,520.0,8.0,False,False
006208,2022-10-26 11:04:50.518321,-0.000888888888888828,-0.000888888888888828,-0.04999999999999716,-0.04999999999999716,56.2,56.25,56.2,56.25,82.0,85.0,520.0,8.0,False,False
006208,2022-10-26 11:04:50.584874,-0.000888888888888828,-0.000888888888888828,-0.04999999999999716,-0.04999999999999716,56.2,56.25,56.2,56.25,82.0,84.0,520.0,8.0,False,False
006208,2022-10-26 11:04:50.615066,-0.000888888888888828,-0.000888888888888828,-0.04999999999999716,-0.04999999999999716,56.2,56.25,56.2,56.25,82.0,84.0,520.0,8.0,False,False
006208,2022-10-26 11:04:50.758040,-0.000888888888888828,-0.000888888888888828,-0.04999999999999716,-0.04999999999999716,56.2,56.25,56.2,56.25,82.0,84.0,520.0,8.0,False,False
006208,2022-10-26 11:04:50.767603,-0.000888888888888828,-0.000888888888888828,-0.04999999999999716,-0.04999999999999716,56.2,56.25,56.2,56.25,82.0,114.0,520.0,8.0,False,False
006208,2022-10-26 11:04:52.987613,-0.000888888888888828,-0.000888888888888828,-0.04999999999999716,-0.04999999999999716,56.2,56.25,56.2,56.25,82.0,114.0,520.0,8.0,False,False
006208,2022-10-26 11:04:53.007797,-0.000888888888888828,-0.000888888888888828,-0.04999999999999716,-0.04999999999999716,56.2,56.25,56.2,56.25,82.0,114.0,520.0,8.0,False,False
006208,2022-10-26 11:04:56.527536,-0.000888888888888828,-0.000888888888888828,-0.04999999999999716,-0.04999999999999716,56.2,56.25,56.2,56.25,82.0,114.0,520.0,8.0,False,False
006208,2022-10-26 11:04:56.527722,-0.000888888888888828,-0.000888888888888828,-0.04999999999999716,-0.04999999999999716,56.2,56.25,56.2,56.25,82.0,114.0,520.0,8.0,False,False
006208,2022-10-26 11:04:56.876978,0.0,-0.001776198934280493,0.0,-0.09999999999999432,56.2,56.25,56.25,56.3,82.0,114.0,42.0,963.0,True,True
006208,2022-10-26 11:04:56.991261,0.0,-0.001776198934280493,0.0,-0.09999999999999432,56.2,56.25,56.25,56.3,82.0,114.0,42.0,963.0,False,False
006208,2022-10-26 11:04:57.001798,0.0,-0.001776198934280493,0.0,-0.09999999999999432,56.2,56.25,56.25,56.3,82.0,114.0,42.0,963.0,False,False
006208,2022-10-26 11:04:57.607181,0.0,-0.001776198934280493,0.0,-0.09999999999999432,56.2,56.25,56.25,56.3,82.0,84.0,42.0,963.0,False,False
006208,2022-10-26 11:04:57.708442,0.0,-0.001776198934280493,0.0,-0.09999999999999432,56.2,56.25,56.25,56.3,82.0,84.0,42.0,963.0,False,False
006208,2022-10-26 11:04:57.945808,0.0,-0.001776198934280493,0.0,-0.09999999999999432,56.2,56.25,56.25,56.3,82.0,84.0,42.0,963.0,False,False
006208,2022-10-26 11:04:58.176340,0.0,-0.001776198934280493,0.0,-0.09999999999999432,56.2,56.25,56.25,56.3,82.0,84.0,42.0,963.0,False,False
006208,2022-10-26 11:04:58.188301,0.0,-0.001776198934280493,0.0,-0.09999999999999432,56.2,56.25,56.25,56.3,82.0,84.0,42.0,963.0,False,False
006208,2022-10-26 11:04:58.321013,0.0,-0.001776198934280493,0.0,-0.09999999999999432,56.2,56.25,56.25,56.3,82.0,84.0,42.0,963.0,False,False
006208,2022-10-26 11:05:00.258438,0.0,-0.001776198934280493,0.0,-0.09999999999999432,56.2,56.25,56.25,56.3,82.0,84.0,42.0,963.0,False,False
006208,2022-10-26 11:05:00.258751,0.0,-0.001776198934280493,0.0,-0.09999999999999432,56.2,56.25,56.25,56.3,82.0,84.0,42.0,963.0,False,False
006208,2022-10-26 11:05:00.538627,0.0,-0.001776198934280493,0.0,-0.09999999999999432,56.2,56.25,56.25,56.3,82.0,83.0,42.0,963.0,False,False
006208,2022-10-26 11:05:00.730962,0.0,-0.001776198934280493,0.0,-0.09999999999999432,56.2,56.25,56.25,56.3,82.0,83.0,42.0,963.0,False,False
006208,2022-10-26 11:05:00.731164,0.0,-0.001776198934280493,0.0,-0.09999999999999432,56.2,56.25,56.25,56.3,82.0,83.0,42.0,963.0,False,False
006208,2022-10-26 11:05:01.688991,0.0,-0.001776198934280493,0.0,-0.09999999999999432,56.2,56.25,56.25,56.3,82.0,83.0,42.0,963.0,False,False
006208,2022-10-26 11:05:01.689239,0.0,-0.001776198934280493,0.0,-0.09999999999999432,56.2,56.25,56.25,56.3,82.0,83.0,42.0,963.0,False,False
006208,2022-10-26 11:05:01.754886,0.0,-0.001776198934280493,0.0,-0.09999999999999432,56.2,56.25,56.25,56.3,82.0,83.0,42.0,963.0,False,False
006208,2022-10-26 11:05:02.289940,0.0,-0.001776198934280493,0.0,-0.09999999999999432,56.2,56.25,56.25,56.3,82.0,83.0,42.0,963.0,False,False
006208,2022-10-26 11:05:02.309348,0.0,-0.001776198934280493,0.0,-0.09999999999999432,56.2,56.25,56.25,56.3,82.0,83.0,42.0,963.0,False,False
006208,2022-10-26 11:05:02.353619,0.0,-0.001776198934280493,0.0,-0.09999999999999432,56.2,56.25,56.25,56.3,82.0,83.0,42.0,963.0,False,False
006208,2022-10-26 11:05:02.536037,0.0,-0.001776198934280493,0.0,-0.09999999999999432,56.2,56.25,56.25,56.3,82.0,83.0,42.0,963.0,False,False
006208,2022-10-26 11:05:02.654300,0.0,-0.001776198934280493,0.0,-0.09999999999999432,56.2,56.25,56.25,56.3,82.0,40.0,42.0,963.0,False,False
006208,2022-10-26 11:05:03.004007,0.0,-0.001776198934280493,0.0,-0.09999999999999432,56.2,56.25,56.25,56.3,82.0,40.0,42.0,963.0,False,False
006208,2022-10-26 11:05:03.072725,0.0,-0.001776198934280493,0.0,-0.09999999999999432,56.2,56.25,56.25,56.3,82.0,40.0,42.0,963.0,False,False
006208,2022-10-26 11:05:03.077314,0.0,-0.001776198934280493,0.0,-0.09999999999999432,56.2,56.25,56.25,56.3,82.0,40.0,42.0,963.0,False,False
006208,2022-10-26 11:05:03.284931,0.0,-0.001776198934280493,0.0,-0.09999999999999432,56.2,56.25,56.25,56.3,182.0,90.0,42.0,963.0,False,False
006208,2022-10-26 11:05:03.577155,0.0,-0.001776198934280493,0.0,-0.09999999999999432,56.2,56.25,56.25,56.3,182.0,90.0,42.0,963.0,False,False
006208,2022-10-26 11:05:03.676313,0.0,-0.001776198934280493,0.0,-0.09999999999999432,56.2,56.25,56.25,56.3,182.0,40.0,42.0,963.0,False,False
006208,2022-10-26 11:05:03.791422,0.0,-0.001776198934280493,0.0,-0.09999999999999432,56.2,56.25,56.25,56.3,182.0,40.0,42.0,963.0,False,False
006208,2022-10-26 11:05:04.127835,0.0,-0.001776198934280493,0.0,-0.09999999999999432,56.2,56.25,56.25,56.3,182.0,40.0,42.0,963.0,False,False
006208,2022-10-26 11:05:04.141677,0.0,-0.001776198934280493,0.0,-0.09999999999999432,56.2,56.25,56.25,56.3,182.0,40.0,42.0,963.0,False,False
006208,2022-10-26 11:05:04.310193,-0.000888099467140302,-0.001776198934280493,-0.04999999999999716,-0.09999999999999432,56.2,56.3,56.25,56.3,182.0,143.0,42.0,963.0,False,False
006208,2022-10-26 11:05:04.383313,-0.000888099467140302,-0.001776198934280493,-0.04999999999999716,-0.09999999999999432,56.2,56.3,56.25,56.3,182.0,103.0,42.0,963.0,False,False
006208,2022-10-26 11:05:04.537234,-0.000888099467140302,-0.001776198934280493,-0.04999999999999716,-0.09999999999999432,56.2,56.3,56.25,56.3,182.0,103.0,42.0,963.0,False,False
006208,2022-10-26 11:05:05.194122,-0.000888099467140302,-0.001776198934280493,-0.04999999999999716,-0.09999999999999432,56.2,56.3,56.25,56.3,182.0,103.0,42.0,963.0,False,False
006208,2022-10-26 11:05:05.194196,-0.000888099467140302,-0.001776198934280493,-0.04999999999999716,-0.09999999999999432,56.2,56.3,56.25,56.3,182.0,123.0,42.0,963.0,False,False
006208,2022-10-26 11:05:06.125837,-0.000888099467140302,-0.001776198934280493,-0.04999999999999716,-0.09999999999999432,56.2,56.3,56.25,56.3,182.0,122.0,42.0,963.0,False,False
006208,2022-10-26 11:05:06.256614,-0.000888099467140302,-0.001776198934280493,-0.04999999999999716,-0.09999999999999432,56.2,56.3,56.25,56.3,182.0,122.0,42.0,963.0,False,False
006208,2022-10-26 11:05:06.279772,-0.000888099467140302,-0.001776198934280493,-0.04999999999999716,-0.09999999999999432,56.2,56.3,56.25,56.3,182.0,122.0,42.0,963.0,False,False
006208,2022-10-26 11:05:06.926871,-0.000888099467140302,-0.001776198934280493,-0.04999999999999716,-0.09999999999999432,56.2,56.3,56.25,56.3,182.0,122.0,42.0,963.0,False,False
006208,2022-10-26 11:05:07.056722,-0.000888099467140302,-0.001776198934280493,-0.04999999999999716,-0.09999999999999432,56.2,56.3,56.25,56.3,182.0,122.0,77.0,963.0,True,True
006208,2022-10-26 11:05:07.014049,-0.000888099467140302,-0.001776198934280493,-0.04999999999999716,-0.09999999999999432,56.2,56.3,56.25,56.3,182.0,122.0,77.0,963.0,False,False
006208,2022-10-26 11:05:07.748327,-0.000888099467140302,-0.001776198934280493,-0.04999999999999716,-0.09999999999999432,56.2,56.3,56.25,56.3,182.0,122.0,77.0,963.0,False,False
006208,2022-10-26 11:05:07.773874,-0.000888099467140302,-0.001776198934280493,-0.04999999999999716,-0.09999999999999432,56.2,56.3,56.25,56.3,182.0,122.0,77.0,963.0,False,False
006208,2022-10-26 11:05:08.467532,-0.000888099467140302,-0.001776198934280493,-0.04999999999999716,-0.09999999999999432,56.2,56.3,56.25,56.3,182.0,102.0,77.0,963.0,False,False
006208,2022-10-26 11:05:08.467671,-0.000888099467140302,-0.001776198934280493,-0.04999999999999716,-0.09999999999999432,56.2,56.3,56.25,56.3,182.0,102.0,77.0,963.0,False,False
006208,2022-10-26 11:05:09.147606,-0.000888099467140302,-0.001776198934280493,-0.04999999999999716,-0.09999999999999432,56.2,56.3,56.25,56.3,182.0,102.0,77.0,963.0,False,False
006208,2022-10-26 11:05:09.154963,-0.000888099467140302,-0.001776198934280493,-0.04999999999999716,-0.09999999999999432,56.2,56.3,56.25,56.3,182.0,102.0,77.0,963.0,False,False
006208,2022-10-26 11:05:09.198832,-0.000888099467140302,-0.001776198934280493,-0.04999999999999716,-0.09999999999999432,56.2,56.3,56.25,56.3,182.0,80.0,77.0,963.0,False,False
006208,2022-10-26 11:05:09.311891,-0.000888099467140302,-0.001776198934280493,-0.04999999999999716,-0.09999999999999432,56.2,56.3,56.25,56.3,182.0,80.0,77.0,963.0,False,False
006208,2022-10-26 11:05:09.397138,-0.000888099467140302,-0.001776198934280493,-0.04999999999999716,-0.09999999999999432,56.2,56.3,56.25,56.3,182.0,90.0,77.0,963.0,False,False
006208,2022-10-26 11:05:10.311149,-0.000888099467140302,-0.001776198934280493,-0.04999999999999716,-0.09999999999999432,56.2,56.3,56.25,56.3,107.0,90.0,77.0,963.0,False,False
006208,2022-10-26 11:05:10.374974,-0.000888099467140302,-0.000888099467140302,-0.04999999999999716,-0.04999999999999716,56.25,56.3,56.25,56.3,75.0,90.0,77.0,963.0,False,False
006208,2022-10-26 11:05:10.489556,-0.000888099467140302,-0.000888099467140302,-0.04999999999999716,-0.04999999999999716,56.25,56.3,56.25,56.3,75.0,89.0,77.0,963.0,False,False
006208,2022-10-26 11:05:10.684207,-0.000888099467140302,-0.000888099467140302,-0.04999999999999716,-0.04999999999999716,56.25,56.3,56.25,56.3,75.0,89.0,77.0,963.0,False,False
006208,2022-10-26 11:05:11.472566,-0.000888099467140302,-0.000888099467140302,-0.04999999999999716,-0.04999999999999716,56.25,56.3,56.25,56.3,75.0,89.0,77.0,963.0,False,False
006208,2022-10-26 11:05:11.472744,-0.000888099467140302,-0.000888099467140302,-0.04999999999999716,-0.04999999999999716,56.25,56.3,56.25,56.3,75.0,89.0,77.0,963.0,False,False
006208,2022-10-26 11:05:11.570414,-0.000888099467140302,-0.000888099467140302,-0.04999999999999716,-0.04999999999999716,56.25,56.3,56.25,56.3,75.0,89.0,77.0,963.0,False,False
006208,2022-10-26 11:05:12.418737,-0.000888099467140302,-0.000888099467140302,-0.04999999999999716,-0.04999999999999716,56.25,56.3,56.25,56.3,75.0,89.0,77.0,963.0,False,False
006208,2022-10-26 11:05:12.518480,-0.000888099467140302,-0.000888099467140302,-0.04999999999999716,-0.04999999999999716,56.25,56.3,56.25,56.3,75.0,89.0,77.0,963.0,False,False
006208,2022-10-26 11:05:12.589445,-0.000888099467140302,-0.000888099467140302,-0.04999999999999716,-0.04999999999999716,56.25,56.3,56.25,56.3,75.0,89.0,77.0,963.0,False,False
006208,2022-10-26 11:05:13.153098,-0.000888099467140302,-0.000888099467140302,-0.04999999999999716,-0.04999999999999716,56.25,56.3,56.25,56.3,75.0,89.0,77.0,963.0,False,False
006208,2022-10-26 11:05:13.153353,-0.000888099467140302,-0.000888099467140302,-0.04999999999999716,-0.04999999999999716,56.25,56.3,56.25,56.3,75.0,89.0,77.0,963.0,False,False
006208,2022-10-26 11:05:13.706425,-0.000888099467140302,-0.000888099467140302,-0.04999999999999716,-0.04999999999999716,56.25,56.3,56.25,56.3,75.0,89.0,77.0,963.0,False,False
006208,2022-10-26 11:05:13.795887,-0.000888099467140302,-0.000888099467140302,-0.04999999999999716,-0.04999999999999716,56.25,56.3,56.25,56.3,75.0,89.0,77.0,963.0,False,False
006208,2022-10-26 11:05:13.816178,-0.000888099467140302,-0.000888099467140302,-0.04999999999999716,-0.04999999999999716,56.25,56.3,56.25,56.3,75.0,89.0,77.0,963.0,False,False
006208,2022-10-26 11:05:14.204030,-0.000888099467140302,-0.000888099467140302,-0.04999999999999716,-0.04999999999999716,56.25,56.3,56.25,56.3,79.0,89.0,77.0,963.0,False,False
006208,2022-10-26 11:05:14.619197,-0.000888099467140302,-0.000888099467140302,-0.04999999999999716,-0.04999999999999716,56.25,56.3,56.25,56.3,79.0,89.0,77.0,963.0,False,False
006208,2022-10-26 11:05:14.629675,-0.000888099467140302,-0.000888099467140302,-0.04999999999999716,-0.04999999999999716,56.25,56.3,56.25,56.3,79.0,89.0,77.0,963.0,False,False
006208,2022-10-26 11:05:14.718395,-0.000888099467140302,-0.000888099467140302,-0.04999999999999716,-0.04999999999999716,56.25,56.3,56.25,56.3,79.0,89.0,77.0,963.0,False,False
006208,2022-10-26 11:05:14.782501,-0.000888099467140302,-0.000888099467140302,-0.04999999999999716,-0.04999999999999716,56.25,56.3,56.25,56.3,79.0,89.0,77.0,963.0,False,False
006208,2022-10-26 11:05:15.535330,-0.000888099467140302,-0.000888099467140302,-0.04999999999999716,-0.04999999999999716,56.25,56.3,56.25,56.3,4.0,89.0,77.0,963.0,False,False
006208,2022-10-26 11:05:15.535495,-0.000888099467140302,-0.000888099467140302,-0.04999999999999716,-0.04999999999999716,56.25,56.3,56.25,56.3,4.0,89.0,77.0,963.0,False,False
006208,2022-10-26 11:05:15.662564,-0.000888099467140302,-0.000888099467140302,-0.04999999999999716,-0.04999999999999716,56.25,56.3,56.25,56.3,4.0,119.0,77.0,963.0,False,False
006208,2022-10-26 11:05:17.069019,-0.000888099467140302,-0.000888099467140302,-0.04999999999999716,-0.04999999999999716,56.25,56.3,56.25,56.3,4.0,119.0,115.0,963.0,True,True
006208,2022-10-26 11:05:18.003211,-0.000888099467140302,-0.000888099467140302,-0.04999999999999716,-0.04999999999999716,56.25,56.3,56.25,56.3,4.0,70.0,115.0,963.0,False,False
006208,2022-10-26 11:05:18.643711,-0.000888099467140302,-0.000888099467140302,-0.04999999999999716,-0.04999999999999716,56.25,56.3,56.25,56.3,4.0,120.0,115.0,963.0,False,False
006208,2022-10-26 11:05:18.719259,-0.000888099467140302,-0.000888099467140302,-0.04999999999999716,-0.04999999999999716,56.25,56.3,56.25,56.3,4.0,120.0,115.0,963.0,False,False
006208,2022-10-26 11:05:19.918059,-0.000888099467140302,-0.000888099467140302,-0.04999999999999716,-0.04999999999999716,56.25,56.3,56.25,56.3,4.0,120.0,115.0,963.0,False,False
006208,2022-10-26 11:05:20.391795,-0.000888099467140302,-0.000888099467140302,-0.04999999999999716,-0.04999999999999716,56.25,56.3,56.25,56.3,4.0,120.0,115.0,963.0,False,False
006208,2022-10-26 11:05:20.618321,-0.000888099467140302,-0.000888099467140302,-0.04999999999999716,-0.04999999999999716,56.25,56.3,56.25,56.3,4.0,110.0,115.0,963.0,False,False
006208,2022-10-26 11:05:20.647188,-0.000888099467140302,-0.000888099467140302,-0.04999999999999716,-0.04999999999999716,56.25,56.3,56.25,56.3,4.0,110.0,115.0,963.0,False,False
006208,2022-10-26 11:05:20.692706,-0.000888099467140302,-0.000888099467140302,-0.04999999999999716,-0.04999999999999716,56.25,56.3,56.25,56.3,4.0,110.0,115.0,963.0,False,False
006208,2022-10-26 11:05:20.786422,-0.000888099467140302,-0.000888099467140302,-0.04999999999999716,-0.04999999999999716,56.25,56.3,56.25,56.3,4.0,110.0,115.0,963.0,False,False
006208,2022-10-26 11:05:24.955430,-0.000888099467140302,-0.000888099467140302,-0.04999999999999716,-0.04999999999999716,56.25,56.3,56.25,56.3,4.0,110.0,115.0,963.0,False,False
006208,2022-10-26 11:05:24.968154,-0.000888099467140302,-0.000888099467140302,-0.04999999999999716,-0.04999999999999716,56.25,56.3,56.25,56.3,4.0,110.0,115.0,963.0,False,False
006208,2022-10-26 11:05:25.045024,-0.000888099467140302,-0.000888099467140302,-0.04999999999999716,-0.04999999999999716,56.25,56.3,56.25,56.3,4.0,110.0,115.0,963.0,False,False
006208,2022-10-26 11:05:25.365551,-0.000888099467140302,-0.000888099467140302,-0.04999999999999716,-0.04999999999999716,56.25,56.3,56.25,56.3,4.0,110.0,115.0,963.0,False,False
006208,2022-10-26 11:05:25.373063,-0.000888099467140302,-0.000888099467140302,-0.04999999999999716,-0.04999999999999716,56.25,56.3,56.25,56.3,4.0,110.0,115.0,963.0,False,False
006208,2022-10-26 11:05:25.447434,-0.000888099467140302,-0.000888099467140302,-0.04999999999999716,-0.04999999999999716,56.25,56.3,56.25,56.3,4.0,110.0,115.0,963.0,False,False
006208,2022-10-26 11:05:27.084127,-0.000888099467140302,-0.000888099467140302,-0.04999999999999716,-0.04999999999999716,56.25,56.3,56.25,56.3,4.0,110.0,184.0,963.0,True,True
006208,2022-10-26 11:05:30.444309,-0.000888099467140302,-0.000888099467140302,-0.04999999999999716,-0.04999999999999716,56.25,56.3,56.25,56.3,4.0,109.0,184.0,963.0,False,False
006208,2022-10-26 11:05:30.652900,-0.000888099467140302,-0.000888099467140302,-0.04999999999999716,-0.04999999999999716,56.25,56.3,56.25,56.3,4.0,109.0,184.0,963.0,False,False
006208,2022-10-26 11:05:30.753350,-0.000888099467140302,-0.000888099467140302,-0.04999999999999716,-0.04999999999999716,56.25,56.3,56.25,56.3,4.0,109.0,184.0,963.0,False,False
006208,2022-10-26 11:05:30.799773,-0.000888099467140302,-0.000888099467140302,-0.04999999999999716,-0.04999999999999716,56.25,56.3,56.25,56.3,4.0,109.0,184.0,963.0,False,False
006208,2022-10-26 11:05:30.887103,-0.000888099467140302,-0.000888099467140302,-0.04999999999999716,-0.04999999999999716,56.25,56.3,56.25,56.3,4.0,109.0,184.0,963.0,False,False
006208,2022-10-26 11:05:31.104681,-0.000888099467140302,-0.000888099467140302,-0.04999999999999716,-0.04999999999999716,56.25,56.3,56.25,56.3,4.0,79.0,184.0,963.0,False,False
006208,2022-10-26 11:05:32.851167,-0.000888099467140302,-0.000888099467140302,-0.04999999999999716,-0.04999999999999716,56.25,56.3,56.25,56.3,4.0,79.0,184.0,963.0,False,False
006208,2022-10-26 11:05:32.855617,-0.000888099467140302,-0.000888099467140302,-0.04999999999999716,-0.04999999999999716,56.25,56.3,56.25,56.3,4.0,109.0,184.0,963.0,False,False
006208,2022-10-26 11:05:35.242058,-0.000888099467140302,-0.000888099467140302,-0.04999999999999716,-0.04999999999999716,56.25,56.3,56.25,56.3,4.0,109.0,184.0,963.0,False,False
006208,2022-10-26 11:05:37.105577,-0.000888099467140302,-0.000888099467140302,-0.04999999999999716,-0.04999999999999716,56.25,56.3,56.25,56.3,4.0,109.0,69.0,963.0,True,True
006208,2022-10-26 11:05:39.043088,-0.000888099467140302,-0.000888099467140302,-0.04999999999999716,-0.04999999999999716,56.25,56.3,56.25,56.3,4.0,108.0,69.0,963.0,False,False
006208,2022-10-26 11:05:39.381858,-0.000888099467140302,-0.000888099467140302,-0.04999999999999716,-0.04999999999999716,56.25,56.3,56.25,56.3,4.0,108.0,69.0,963.0,False,False
006208,2022-10-26 11:05:39.501715,-0.000888099467140302,-0.000888099467140302,-0.04999999999999716,-0.04999999999999716,56.25,56.3,56.25,56.3,4.0,108.0,69.0,963.0,False,False
006208,2022-10-26 11:05:40.301018,-0.000888099467140302,-0.000888099467140302,-0.04999999999999716,-0.04999999999999716,56.25,56.3,56.25,56.3,4.0,78.0,69.0,963.0,False,False
006208,2022-10-26 11:05:40.306529,-0.000888099467140302,-0.000888099467140302,-0.04999999999999716,-0.04999999999999716,56.25,56.3,56.25,56.3,4.0,78.0,69.0,963.0,False,False
006208,2022-10-26 11:05:40.401809,-0.000888099467140302,-0.000888099467140302,-0.04999999999999716,-0.04999999999999716,56.25,56.3,56.25,56.3,4.0,77.0,69.0,963.0,False,False
006208,2022-10-26 11:05:40.500372,-0.000888099467140302,-0.000888099467140302,-0.04999999999999716,-0.04999999999999716,56.25,56.3,56.25,56.3,4.0,77.0,69.0,963.0,False,False
006208,2022-10-26 11:05:40.624015,-0.000888099467140302,-0.000888099467140302,-0.04999999999999716,-0.04999999999999716,56.25,56.3,56.25,56.3,4.0,77.0,69.0,963.0,False,False
006208,2022-10-26 11:05:40.629581,-0.000888099467140302,-0.000888099467140302,-0.04999999999999716,-0.04999999999999716,56.25,56.3,56.25,56.3,4.0,107.0,69.0,963.0,False,False
006208,2022-10-26 11:05:40.866770,-0.000888099467140302,-0.000888099467140302,-0.04999999999999716,-0.04999999999999716,56.25,56.3,56.25,56.3,4.0,107.0,69.0,963.0,False,False
006208,2022-10-26 11:05:40.871059,-0.000888099467140302,-0.000888099467140302,-0.04999999999999716,-0.04999999999999716,56.25,56.3,56.25,56.3,4.0,107.0,69.0,963.0,False,False
006208,2022-10-26 11:05:41.000585,-0.000888099467140302,-0.000888099467140302,-0.04999999999999716,-0.04999999999999716,56.25,56.3,56.25,56.3,4.0,107.0,69.0,963.0,False,False
006208,2022-10-26 11:05:42.125718,-0.000888099467140302,-0.000888099467140302,-0.04999999999999716,-0.04999999999999716,56.25,56.3,56.25,56.3,4.0,107.0,69.0,963.0,False,False
006208,2022-10-26 11:05:46.124042,-0.000888099467140302,-0.000888099467140302,-0.04999999999999716,-0.04999999999999716,56.25,56.3,56.25,56.3,4.0,111.0,69.0,963.0,False,False
006208,2022-10-26 11:05:46.725154,-0.000888099467140302,-0.000888099467140302,-0.04999999999999716,-0.04999999999999716,56.25,56.3,56.25,56.3,4.0,111.0,69.0,963.0,False,False
006208,2022-10-26 11:05:46.845786,-0.000888099467140302,-0.000888099467140302,-0.04999999999999716,-0.04999999999999716,56.25,56.3,56.25,56.3,4.0,111.0,69.0,963.0,False,False
006208,2022-10-26 11:05:47.052933,-0.000888099467140302,-0.000888099467140302,-0.04999999999999716,-0.04999999999999716,56.25,56.3,56.25,56.3,4.0,111.0,69.0,963.0,False,False
006208,2022-10-26 11:05:49.690731,-0.000888099467140302,-0.000888099467140302,-0.04999999999999716,-0.04999999999999716,56.25,56.3,56.25,56.3,4.0,81.0,69.0,963.0,False,False
006208,2022-10-26 11:05:49.695652,-0.000888099467140302,-0.000888099467140302,-0.04999999999999716,-0.04999999999999716,56.25,56.3,56.25,56.3,4.0,81.0,69.0,963.0,False,False
006208,2022-10-26 11:05:50.078587,-0.000888099467140302,-0.000888099467140302,-0.04999999999999716,-0.04999999999999716,56.25,56.3,56.25,56.3,4.0,81.0,69.0,963.0,False,False
006208,2022-10-26 11:05:50.424582,-0.000888099467140302,-0.000888099467140302,-0.04999999999999716,-0.04999999999999716,56.25,56.3,56.25,56.3,4.0,80.0,69.0,963.0,False,False
006208,2022-10-26 11:05:50.491834,-0.000888099467140302,-0.000888099467140302,-0.04999999999999716,-0.04999999999999716,56.25,56.3,56.25,56.3,4.0,80.0,69.0,963.0,False,False
006208,2022-10-26 11:05:50.745208,-0.000888099467140302,-0.000888099467140302,-0.04999999999999716,-0.04999999999999716,56.25,56.3,56.25,56.3,4.0,80.0,69.0,963.0,False,False
006208,2022-10-26 11:05:50.980964,-0.000888099467140302,-0.000888099467140302,-0.04999999999999716,-0.04999999999999716,56.25,56.3,56.25,56.3,4.0,80.0,69.0,963.0,False,False
006208,2022-10-26 11:05:51.089476,-0.000888099467140302,-0.000888099467140302,-0.04999999999999716,-0.04999999999999716,56.25,56.3,56.25,56.3,4.0,80.0,69.0,963.0,False,False
006208,2022-10-26 11:05:51.116899,-0.000888099467140302,-0.000888099467140302,-0.04999999999999716,-0.04999999999999716,56.25,56.3,56.25,56.3,4.0,80.0,69.0,963.0,False,False
006208,2022-10-26 11:05:51.266304,-0.000888099467140302,-0.000888099467140302,-0.04999999999999716,-0.04999999999999716,56.25,56.3,56.25,56.3,4.0,80.0,69.0,963.0,False,False
006208,2022-10-26 11:05:51.403342,-0.000888099467140302,-0.000888099467140302,-0.04999999999999716,-0.04999999999999716,56.25,56.3,56.25,56.3,4.0,80.0,69.0,963.0,False,False
006208,2022-10-26 11:05:52.143336,-0.000888099467140302,-0.000888099467140302,-0.04999999999999716,-0.04999999999999716,56.25,56.3,56.25,56.3,4.0,80.0,69.0,963.0,False,False
006208,2022-10-26 11:05:52.150091,-0.000888099467140302,-0.000888099467140302,-0.04999999999999716,-0.04999999999999716,56.25,56.3,56.25,56.3,4.0,80.0,69.0,963.0,False,False
006208,2022-10-26 11:05:57.468379,-0.000888099467140302,-0.000888099467140302,-0.04999999999999716,-0.04999999999999716,56.25,56.3,56.25,56.3,4.0,80.0,69.0,963.0,False,False
006208,2022-10-26 11:05:57.546661,-0.000888099467140302,-0.000888099467140302,-0.04999999999999716,-0.04999999999999716,56.25,56.3,56.25,56.3,4.0,80.0,69.0,963.0,False,False
006208,2022-10-26 11:06:00.394164,-0.000888099467140302,-0.000888099467140302,-0.04999999999999716,-0.04999999999999716,56.25,56.3,56.25,56.3,6.0,80.0,69.0,963.0,False,False
006208,2022-10-26 11:06:00.402500,-0.000888099467140302,-0.000888099467140302,-0.04999999999999716,-0.04999999999999716,56.25,56.3,56.25,56.3,6.0,79.0,69.0,963.0,False,False
006208,2022-10-26 11:06:00.424182,-0.000888099467140302,-0.000888099467140302,-0.04999999999999716,-0.04999999999999716,56.25,56.3,56.25,56.3,6.0,109.0,69.0,963.0,False,False
006208,2022-10-26 11:06:00.506421,-0.000888099467140302,-0.000888099467140302,-0.04999999999999716,-0.04999999999999716,56.25,56.3,56.25,56.3,6.0,109.0,69.0,963.0,False,False
006208,2022-10-26 11:06:01.098955,-0.000888099467140302,-0.000888099467140302,-0.04999999999999716,-0.04999999999999716,56.25,56.3,56.25,56.3,6.0,109.0,69.0,963.0,False,False
006208,2022-10-26 11:06:01.112772,-0.000888099467140302,-0.000888099467140302,-0.04999999999999716,-0.04999999999999716,56.25,56.3,56.25,56.3,6.0,108.0,69.0,963.0,False,False
006208,2022-10-26 11:06:01.216993,-0.000888099467140302,-0.000888099467140302,-0.04999999999999716,-0.04999999999999716,56.25,56.3,56.25,56.3,6.0,108.0,69.0,963.0,False,False
006208,2022-10-26 11:06:01.239428,-0.000888099467140302,-0.000888099467140302,-0.04999999999999716,-0.04999999999999716,56.25,56.3,56.25,56.3,6.0,108.0,69.0,963.0,False,False
006208,2022-10-26 11:06:01.364565,-0.000888099467140302,-0.000888099467140302,-0.04999999999999716,-0.04999999999999716,56.25,56.3,56.25,56.3,6.0,108.0,69.0,963.0,False,False
006208,2022-10-26 11:06:01.838016,-0.000888099467140302,-0.000888099467140302,-0.04999999999999716,-0.04999999999999716,56.25,56.3,56.25,56.3,6.0,109.0,69.0,963.0,False,False
006208,2022-10-26 11:06:02.085376,-0.000888099467140302,-0.000888099467140302,-0.04999999999999716,-0.04999999999999716,56.25,56.3,56.25,56.3,6.0,109.0,69.0,963.0,False,False
006208,2022-10-26 11:06:02.106158,-0.000888099467140302,-0.000888099467140302,-0.04999999999999716,-0.04999999999999716,56.25,56.3,56.25,56.3,6.0,109.0,69.0,963.0,False,False
006208,2022-10-26 11:06:02.852106,-0.000888099467140302,-0.000888099467140302,-0.04999999999999716,-0.04999999999999716,56.25,56.3,56.25,56.3,6.0,109.0,69.0,963.0,False,False
006208,2022-10-26 11:06:02.860738,-0.000888099467140302,-0.000888099467140302,-0.04999999999999716,-0.04999999999999716,56.25,56.3,56.25,56.3,6.0,109.0,69.0,963.0,False,False
006208,2022-10-26 11:06:07.195911,-0.000888099467140302,-0.000888099467140302,-0.04999999999999716,-0.04999999999999716,56.25,56.3,56.25,56.3,6.0,109.0,159.0,963.0,True,True
006208,2022-10-26 11:06:08.205004,-0.000888099467140302,-0.000888099467140302,-0.04999999999999716,-0.04999999999999716,56.25,56.3,56.25,56.3,6.0,109.0,159.0,963.0,False,False
006208,2022-10-26 11:06:08.274893,-0.000888099467140302,-0.000888099467140302,-0.04999999999999716,-0.04999999999999716,56.25,56.3,56.25,56.3,6.0,109.0,159.0,963.0,False,False
006208,2022-10-26 11:06:09.863438,-0.000888099467140302,-0.000888099467140302,-0.04999999999999716,-0.04999999999999716,56.25,56.3,56.25,56.3,6.0,109.0,159.0,963.0,False,False
006208,2022-10-26 11:06:09.879318,-0.000888099467140302,-0.000888099467140302,-0.04999999999999716,-0.04999999999999716,56.25,56.3,56.25,56.3,6.0,79.0,159.0,963.0,False,False
006208,2022-10-26 11:06:10.412004,-0.000888099467140302,-0.000888099467140302,-0.04999999999999716,-0.04999999999999716,56.25,56.3,56.25,56.3,6.0,78.0,159.0,963.0,False,False
006208,2022-10-26 11:06:10.418029,-0.000888099467140302,-0.000888099467140302,-0.04999999999999716,-0.04999999999999716,56.25,56.3,56.25,56.3,6.0,78.0,159.0,963.0,False,False
006208,2022-10-26 11:06:10.421723,-0.000888099467140302,-0.000888099467140302,-0.04999999999999716,-0.04999999999999716,56.25,56.3,56.25,56.3,6.0,78.0,159.0,963.0,False,False
006208,2022-10-26 11:06:10.478839,-0.000888099467140302,-0.000888099467140302,-0.04999999999999716,-0.04999999999999716,56.25,56.3,56.25,56.3,6.0,78.0,159.0,963.0,False,False
006208,2022-10-26 11:06:10.645927,-0.000888099467140302,-0.000888099467140302,-0.04999999999999716,-0.04999999999999716,56.25,56.3,56.25,56.3,6.0,78.0,159.0,963.0,False,False
006208,2022-10-26 11:06:11.203111,-0.000888099467140302,-0.000888099467140302,-0.04999999999999716,-0.04999999999999716,56.25,56.3,56.25,56.3,6.0,78.0,159.0,963.0,False,False
006208,2022-10-26 11:06:11.301630,-0.000888099467140302,-0.000888099467140302,-0.04999999999999716,-0.04999999999999716,56.25,56.3,56.25,56.3,6.0,78.0,159.0,963.0,False,False
006208,2022-10-26 11:06:11.351653,-0.000888099467140302,-0.000888099467140302,-0.04999999999999716,-0.04999999999999716,56.25,56.3,56.25,56.3,6.0,78.0,159.0,963.0,False,False
006208,2022-10-26 11:06:11.472018,-0.000888099467140302,-0.000888099467140302,-0.04999999999999716,-0.04999999999999716,56.25,56.3,56.25,56.3,6.0,78.0,159.0,963.0,False,False
006208,2022-10-26 11:06:11.966722,-0.000888099467140302,-0.000888099467140302,-0.04999999999999716,-0.04999999999999716,56.25,56.3,56.25,56.3,6.0,78.0,159.0,963.0,False,False
006208,2022-10-26 11:06:11.980513,-0.000888099467140302,-0.000888099467140302,-0.04999999999999716,-0.04999999999999716,56.25,56.3,56.25,56.3,6.0,108.0,159.0,963.0,False,False
006208,2022-10-26 11:06:13.042397,-0.000888099467140302,-0.000888099467140302,-0.04999999999999716,-0.04999999999999716,56.25,56.3,56.25,56.3,6.0,107.0,159.0,963.0,False,False
006208,2022-10-26 11:06:13.231672,-0.000888099467140302,-0.000888099467140302,-0.04999999999999716,-0.04999999999999716,56.25,56.3,56.25,56.3,6.0,107.0,159.0,963.0,False,False
006208,2022-10-26 11:06:13.242948,-0.000888099467140302,-0.000888099467140302,-0.04999999999999716,-0.04999999999999716,56.25,56.3,56.25,56.3,6.0,107.0,159.0,963.0,False,False
006208,2022-10-26 11:06:13.612143,-0.000888099467140302,-0.000888099467140302,-0.04999999999999716,-0.04999999999999716,56.25,56.3,56.25,56.3,6.0,107.0,159.0,963.0,False,False
006208,2022-10-26 11:06:13.622068,-0.000888099467140302,-0.000888099467140302,-0.04999999999999716,-0.04999999999999716,56.25,56.3,56.25,56.3,6.0,107.0,159.0,963.0,False,False
006208,2022-10-26 11:06:17.232616,-0.000888099467140302,-0.000888099467140302,-0.04999999999999716,-0.04999999999999716,56.25,56.3,56.25,56.3,6.0,107.0,169.0,963.0,True,True
006208,2022-10-26 11:06:18.548804,-0.000888099467140302,-0.000888099467140302,-0.04999999999999716,-0.04999999999999716,56.25,56.3,56.25,56.3,6.0,107.0,169.0,963.0,False,False
006208,2022-10-26 11:06:18.563273,-0.000888099467140302,-0.000888099467140302,-0.04999999999999716,-0.04999999999999716,56.25,56.3,56.25,56.3,6.0,77.0,169.0,963.0,False,False
006208,2022-10-26 11:06:18.749815,-0.000888099467140302,-0.000888099467140302,-0.04999999999999716,-0.04999999999999716,56.25,56.3,56.25,56.3,6.0,77.0,169.0,963.0,False,False
006208,2022-10-26 11:06:19.231176,-0.000888099467140302,-0.000888099467140302,-0.04999999999999716,-0.04999999999999716,56.25,56.3,56.25,56.3,6.0,77.0,169.0,963.0,False,False
006208,2022-10-26 11:06:19.457835,-0.000888099467140302,-0.000888099467140302,-0.04999999999999716,-0.04999999999999716,56.25,56.3,56.25,56.3,6.0,77.0,169.0,963.0,False,False
006208,2022-10-26 11:06:19.567046,-0.000888099467140302,-0.000888099467140302,-0.04999999999999716,-0.04999999999999716,56.25,56.3,56.25,56.3,81.0,77.0,169.0,963.0,False,False
006208,2022-10-26 11:06:20.480431,-0.000888099467140302,-0.000888099467140302,-0.04999999999999716,-0.04999999999999716,56.25,56.3,56.25,56.3,81.0,77.0,169.0,963.0,False,False
006208,2022-10-26 11:06:20.480464,-0.000888099467140302,-0.000888099467140302,-0.04999999999999716,-0.04999999999999716,56.25,56.3,56.25,56.3,181.0,77.0,169.0,963.0,False,False
006208,2022-10-26 11:06:20.817032,-0.000888099467140302,-0.000888099467140302,-0.04999999999999716,-0.04999999999999716,56.25,56.3,56.25,56.3,181.0,77.0,169.0,963.0,False,False
006208,2022-10-26 11:06:20.819743,-0.000888099467140302,-0.000888099467140302,-0.04999999999999716,-0.04999999999999716,56.25,56.3,56.25,56.3,181.0,77.0,169.0,963.0,False,False
006208,2022-10-26 11:06:21.108504,-0.000888099467140302,-0.000888099467140302,-0.04999999999999716,-0.04999999999999716,56.25,56.3,56.25,56.3,181.0,77.0,169.0,963.0,False,False
006208,2022-10-26 11:06:21.326337,-0.000888099467140302,-0.000888099467140302,-0.04999999999999716,-0.04999999999999716,56.25,56.3,56.25,56.3,181.0,77.0,169.0,963.0,False,False
006208,2022-10-26 11:06:21.336873,-0.000888099467140302,-0.000888099467140302,-0.04999999999999716,-0.04999999999999716,56.25,56.3,56.25,56.3,181.0,77.0,169.0,963.0,False,False
006208,2022-10-26 11:06:21.463514,-0.000888099467140302,-0.000888099467140302,-0.04999999999999716,-0.04999999999999716,56.25,56.3,56.25,56.3,181.0,77.0,169.0,963.0,False,False
006208,2022-10-26 11:06:21.620110,-0.000888099467140302,-0.000888099467140302,-0.04999999999999716,-0.04999999999999716,56.25,56.3,56.25,56.3,181.0,77.0,169.0,963.0,False,False
006208,2022-10-26 11:06:21.670027,-0.000888099467140302,-0.000888099467140302,-0.04999999999999716,-0.04999999999999716,56.25,56.3,56.25,56.3,181.0,77.0,169.0,963.0,False,False
006208,2022-10-26 11:06:21.734566,-0.000888099467140302,-0.000888099467140302,-0.04999999999999716,-0.04999999999999716,56.25,56.3,56.25,56.3,181.0,77.0,169.0,963.0,False,False
006208,2022-10-26 11:06:21.795927,-0.000888099467140302,-0.000888099467140302,-0.04999999999999716,-0.04999999999999716,56.25,56.3,56.25,56.3,181.0,77.0,169.0,963.0,False,False
006208,2022-10-26 11:06:21.796090,-0.000888099467140302,-0.000888099467140302,-0.04999999999999716,-0.04999999999999716,56.25,56.3,56.25,56.3,181.0,77.0,169.0,963.0,False,False
006208,2022-10-26 11:06:22.068266,-0.000888099467140302,-0.000888099467140302,-0.04999999999999716,-0.04999999999999716,56.25,56.3,56.25,56.3,181.0,77.0,169.0,963.0,False,False
006208,2022-10-26 11:06:22.196178,-0.000888099467140302,-0.000888099467140302,-0.04999999999999716,-0.04999999999999716,56.25,56.3,56.25,56.3,181.0,27.0,169.0,963.0,False,False
006208,2022-10-26 11:06:22.364860,-0.000888099467140302,-0.000888099467140302,-0.04999999999999716,-0.04999999999999716,56.25,56.3,56.25,56.3,181.0,27.0,169.0,963.0,False,False
006208,2022-10-26 11:06:22.448057,-0.000888099467140302,-0.000888099467140302,-0.04999999999999716,-0.04999999999999716,56.25,56.3,56.25,56.3,181.0,27.0,169.0,963.0,False,False
006208,2022-10-26 11:06:22.705559,-0.000888099467140302,-0.000888099467140302,-0.04999999999999716,-0.04999999999999716,56.25,56.3,56.25,56.3,181.0,27.0,169.0,963.0,False,False
006208,2022-10-26 11:06:22.780706,-0.000888099467140302,-0.000888099467140302,-0.04999999999999716,-0.04999999999999716,56.25,56.3,56.25,56.3,181.0,5.0,169.0,963.0,False,False
006208,2022-10-26 11:06:22.821549,-0.000888099467140302,-0.000888099467140302,-0.04999999999999716,-0.04999999999999716,56.25,56.3,56.25,56.3,181.0,5.0,169.0,963.0,False,False
006208,2022-10-26 11:06:24.699477,-0.000888099467140302,-0.000888099467140302,-0.04999999999999716,-0.04999999999999716,56.25,56.3,56.25,56.3,181.0,5.0,169.0,963.0,False,False
006208,2022-10-26 11:06:24.711279,-0.000888099467140302,-0.000888099467140302,-0.04999999999999716,-0.04999999999999716,56.25,56.3,56.25,56.3,181.0,5.0,169.0,963.0,False,False
006208,2022-10-26 11:06:27.266758,-0.000888099467140302,-0.000888099467140302,-0.04999999999999716,-0.04999999999999716,56.25,56.3,56.25,56.3,181.0,5.0,241.0,963.0,True,True
006208,2022-10-26 11:06:27.849122,-0.000888099467140302,-0.000888099467140302,-0.04999999999999716,-0.04999999999999716,56.25,56.3,56.25,56.3,181.0,5.0,241.0,963.0,False,False
006208,2022-10-26 11:06:27.849339,-0.000888099467140302,-0.000888099467140302,-0.04999999999999716,-0.04999999999999716,56.25,56.3,56.25,56.3,181.0,5.0,241.0,963.0,False,False
006208,2022-10-26 11:06:28.160290,-0.000888099467140302,-0.000888099467140302,-0.04999999999999716,-0.04999999999999716,56.25,56.3,56.25,56.3,181.0,5.0,241.0,963.0,False,False
006208,2022-10-26 11:06:28.160498,-0.000888099467140302,-0.000888099467140302,-0.04999999999999716,-0.04999999999999716,56.25,56.3,56.25,56.3,181.0,5.0,241.0,963.0,False,False
006208,2022-10-26 11:06:29.805515,-0.000888099467140302,-0.000888099467140302,-0.04999999999999716,-0.04999999999999716,56.25,56.3,56.25,56.3,181.0,5.0,241.0,963.0,False,False
006208,2022-10-26 11:06:30.370152,-0.000888099467140302,-0.000888099467140302,-0.04999999999999716,-0.04999999999999716,56.25,56.3,56.25,56.3,181.0,4.0,241.0,963.0,False,False
006208,2022-10-26 11:06:31.443746,-0.000888099467140302,-0.000888099467140302,-0.04999999999999716,-0.04999999999999716,56.25,56.3,56.25,56.3,181.0,4.0,241.0,963.0,False,False
006208,2022-10-26 11:06:31.451081,-0.000888099467140302,-0.000888099467140302,-0.04999999999999716,-0.04999999999999716,56.25,56.3,56.25,56.3,181.0,4.0,241.0,963.0,False,False
006208,2022-10-26 11:06:31.451678,-0.000888099467140302,-0.000888099467140302,-0.04999999999999716,-0.04999999999999716,56.25,56.3,56.25,56.3,181.0,4.0,241.0,963.0,False,False
006208,2022-10-26 11:06:31.584136,-0.000888099467140302,-0.000888099467140302,-0.04999999999999716,-0.04999999999999716,56.25,56.3,56.25,56.3,181.0,4.0,241.0,963.0,False,False
006208,2022-10-26 11:06:32.233632,-0.000888099467140302,-0.000888099467140302,-0.04999999999999716,-0.04999999999999716,56.25,56.3,56.25,56.3,181.0,4.0,241.0,963.0,False,False
006208,2022-10-26 11:06:32.233702,-0.000888099467140302,-0.000888099467140302,-0.04999999999999716,-0.04999999999999716,56.25,56.3,56.25,56.3,181.0,4.0,241.0,963.0,False,False
006208,2022-10-26 11:06:33.424298,-0.000888099467140302,-0.000888099467140302,-0.04999999999999716,-0.04999999999999716,56.25,56.3,56.25,56.3,181.0,4.0,241.0,963.0,False,False
006208,2022-10-26 11:06:33.424676,-0.000888099467140302,-0.000888099467140302,-0.04999999999999716,-0.04999999999999716,56.25,56.3,56.25,56.3,181.0,4.0,241.0,963.0,False,False
006208,2022-10-26 11:06:34.139945,-0.000888099467140302,-0.000888099467140302,-0.04999999999999716,-0.04999999999999716,56.25,56.3,56.25,56.3,181.0,4.0,241.0,963.0,False,False
006208,2022-10-26 11:06:34.140229,-0.000888099467140302,-0.000888099467140302,-0.04999999999999716,-0.04999999999999716,56.25,56.3,56.25,56.3,181.0,4.0,241.0,963.0,False,False
006208,2022-10-26 11:06:35.636505,-0.000888099467140302,-0.000888099467140302,-0.04999999999999716,-0.04999999999999716,56.25,56.3,56.25,56.3,181.0,4.0,241.0,963.0,False,False
006208,2022-10-26 11:06:35.748360,-0.000888099467140302,-0.000888099467140302,-0.04999999999999716,-0.04999999999999716,56.25,56.3,56.25,56.3,181.0,4.0,241.0,963.0,False,False
006208,2022-10-26 11:06:35.872031,-0.000888099467140302,-0.000888099467140302,-0.04999999999999716,-0.04999999999999716,56.25,56.3,56.25,56.3,181.0,4.0,241.0,963.0,False,False
006208,2022-10-26 11:06:35.872182,-0.000888099467140302,-0.000888099467140302,-0.04999999999999716,-0.04999999999999716,56.25,56.3,56.25,56.3,181.0,4.0,241.0,963.0,False,False
006208,2022-10-26 11:06:35.945940,-0.000888099467140302,-0.000888099467140302,-0.04999999999999716,-0.04999999999999716,56.25,56.3,56.25,56.3,181.0,4.0,241.0,963.0,False,False
006208,2022-10-26 11:06:36.975469,-0.000888099467140302,-0.000888099467140302,-0.04999999999999716,-0.04999999999999716,56.25,56.3,56.25,56.3,181.0,4.0,241.0,963.0,False,False
006208,2022-10-26 11:06:36.975722,-0.000888099467140302,-0.000888099467140302,-0.04999999999999716,-0.04999999999999716,56.25,56.3,56.25,56.3,181.0,4.0,241.0,963.0,False,False
006208,2022-10-26 11:06:37.301614,-0.000888099467140302,-0.000888099467140302,-0.04999999999999716,-0.04999999999999716,56.25,56.3,56.25,56.3,181.0,4.0,330.0,963.0,True,True
006208,2022-10-26 11:06:37.921698,-0.000888099467140302,-0.000888099467140302,-0.04999999999999716,-0.04999999999999716,56.25,56.3,56.25,56.3,181.0,4.0,330.0,963.0,False,False
006208,2022-10-26 11:06:37.921879,-0.000888099467140302,-0.000888099467140302,-0.04999999999999716,-0.04999999999999716,56.25,56.3,56.25,56.3,181.0,4.0,330.0,963.0,False,False
006208,2022-10-26 11:06:38.556820,-0.000888099467140302,-0.000888099467140302,-0.04999999999999716,-0.04999999999999716,56.25,56.3,56.25,56.3,181.0,4.0,330.0,963.0,False,False
006208,2022-10-26 11:06:38.557054,-0.000888099467140302,-0.000888099467140302,-0.04999999999999716,-0.04999999999999716,56.25,56.3,56.25,56.3,181.0,4.0,330.0,963.0,False,False
006208,2022-10-26 11:06:40.269980,-0.000888099467140302,-0.000888099467140302,-0.04999999999999716,-0.04999999999999716,56.25,56.3,56.25,56.3,181.0,4.0,330.0,963.0,False,False
006208,2022-10-26 11:06:40.380705,-0.000888099467140302,-0.000888099467140302,-0.04999999999999716,-0.04999999999999716,56.25,56.3,56.25,56.3,181.0,3.0,330.0,963.0,False,False
006208,2022-10-26 11:06:40.924662,-0.000888099467140302,-0.000888099467140302,-0.04999999999999716,-0.04999999999999716,56.25,56.3,56.25,56.3,181.0,3.0,330.0,963.0,False,False
006208,2022-10-26 11:06:40.924887,-0.000888099467140302,-0.000888099467140302,-0.04999999999999716,-0.04999999999999716,56.25,56.3,56.25,56.3,181.0,3.0,330.0,963.0,False,False
006208,2022-10-26 11:06:41.565997,-0.000888099467140302,-0.000888099467140302,-0.04999999999999716,-0.04999999999999716,56.25,56.3,56.25,56.3,181.0,3.0,330.0,963.0,False,False
006208,2022-10-26 11:06:41.566244,-0.000888099467140302,-0.000888099467140302,-0.04999999999999716,-0.04999999999999716,56.25,56.3,56.25,56.3,181.0,3.0,330.0,963.0,False,False
006208,2022-10-26 11:06:41.686277,-0.000888099467140302,-0.000888099467140302,-0.04999999999999716,-0.04999999999999716,56.25,56.3,56.25,56.3,181.0,3.0,330.0,963.0,False,False
006208,2022-10-26 11:06:41.703802,-0.000888099467140302,-0.000888099467140302,-0.04999999999999716,-0.04999999999999716,56.25,56.3,56.25,56.3,181.0,3.0,330.0,963.0,False,False
006208,2022-10-26 11:06:42.137928,-0.000888099467140302,-0.000888099467140302,-0.04999999999999716,-0.04999999999999716,56.25,56.3,56.25,56.3,181.0,3.0,330.0,963.0,False,False
006208,2022-10-26 11:06:42.798794,-0.000888099467140302,-0.000888099467140302,-0.04999999999999716,-0.04999999999999716,56.25,56.3,56.25,56.3,181.0,3.0,330.0,963.0,False,False
006208,2022-10-26 11:06:42.799510,-0.000888099467140302,-0.000888099467140302,-0.04999999999999716,-0.04999999999999716,56.25,56.3,56.25,56.3,181.0,3.0,330.0,963.0,False,False
006208,2022-10-26 11:06:43.439109,-0.000888099467140302,-0.000888099467140302,-0.04999999999999716,-0.04999999999999716,56.25,56.3,56.25,56.3,181.0,3.0,330.0,963.0,False,False
006208,2022-10-26 11:06:43.439384,-0.000888099467140302,-0.000888099467140302,-0.04999999999999716,-0.04999999999999716,56.25,56.3,56.25,56.3,181.0,3.0,330.0,963.0,False,False
006208,2022-10-26 11:06:44.422147,-0.000888099467140302,-0.000888099467140302,-0.04999999999999716,-0.04999999999999716,56.25,56.3,56.25,56.3,181.0,3.0,330.0,963.0,False,False
006208,2022-10-26 11:06:44.422373,-0.000888099467140302,-0.000888099467140302,-0.04999999999999716,-0.04999999999999716,56.25,56.3,56.25,56.3,181.0,3.0,330.0,963.0,False,False
006208,2022-10-26 11:06:46.017935,-0.000888099467140302,-0.000888099467140302,-0.04999999999999716,-0.04999999999999716,56.25,56.3,56.25,56.3,181.0,2.0,330.0,963.0,False,False
006208,2022-10-26 11:06:47.334725,-0.000888099467140302,-0.000888099467140302,-0.04999999999999716,-0.04999999999999716,56.25,56.3,56.25,56.3,181.0,2.0,440.0,963.0,True,True
006208,2022-10-26 11:06:50.360345,-0.000888099467140302,-0.000888099467140302,-0.04999999999999716,-0.04999999999999716,56.25,56.3,56.25,56.3,181.0,1.0,440.0,963.0,False,False
006208,2022-10-26 11:06:50.618531,-0.000888099467140302,-0.000888099467140302,-0.04999999999999716,-0.04999999999999716,56.25,56.3,56.25,56.3,181.0,1.0,440.0,963.0,False,False
006208,2022-10-26 11:06:50.618872,-0.000888099467140302,-0.000888099467140302,-0.04999999999999716,-0.04999999999999716,56.25,56.3,56.25,56.3,181.0,1.0,440.0,963.0,False,False
006208,2022-10-26 11:06:51.684145,-0.000888099467140302,-0.000888099467140302,-0.04999999999999716,-0.04999999999999716,56.25,56.3,56.25,56.3,181.0,1.0,440.0,963.0,False,False
006208,2022-10-26 11:06:51.687944,-0.000888099467140302,-0.000888099467140302,-0.04999999999999716,-0.04999999999999716,56.25,56.3,56.25,56.3,181.0,1.0,440.0,963.0,False,False
006208,2022-10-26 11:06:51.815330,-0.000888099467140302,-0.000888099467140302,-0.04999999999999716,-0.04999999999999716,56.25,56.3,56.25,56.3,181.0,1.0,440.0,963.0,False,False
006208,2022-10-26 11:06:51.819879,-0.000888099467140302,-0.000888099467140302,-0.04999999999999716,-0.04999999999999716,56.25,56.3,56.25,56.3,181.0,1.0,440.0,963.0,False,False
006208,2022-10-26 11:06:55.805907,-0.000888099467140302,-0.000888099467140302,-0.04999999999999716,-0.04999999999999716,56.25,56.3,56.25,56.3,181.0,1.0,440.0,963.0,False,False
006208,2022-10-26 11:06:55.806212,-0.000888099467140302,-0.000888099467140302,-0.04999999999999716,-0.04999999999999716,56.25,56.3,56.25,56.3,181.0,1.0,440.0,963.0,False,False
006208,2022-10-26 11:06:56.966745,-0.000888099467140302,-0.000888099467140302,-0.04999999999999716,-0.04999999999999716,56.25,56.3,56.25,56.3,181.0,1.0,440.0,963.0,False,False
006208,2022-10-26 11:06:56.966928,-0.000888099467140302,-0.000888099467140302,-0.04999999999999716,-0.04999999999999716,56.25,56.3,56.25,56.3,181.0,1.0,440.0,963.0,False,False
006208,2022-10-26 11:06:58.175081,-0.000888099467140302,-0.000888099467140302,-0.04999999999999716,-0.04999999999999716,56.25,56.3,56.25,56.3,181.0,1.0,440.0,963.0,False,False
006208,2022-10-26 11:06:58.175289,-0.000888099467140302,-0.000888099467140302,-0.04999999999999716,-0.04999999999999716,56.25,56.3,56.25,56.3,181.0,1.0,440.0,963.0,False,False
006208,2022-10-26 11:06:59.766950,-0.000888099467140302,-0.000888099467140302,-0.04999999999999716,-0.04999999999999716,56.25,56.3,56.25,56.3,181.0,1.0,440.0,963.0,False,False
006208,2022-10-26 11:07:00.386458,-0.0017746228926353025,-0.000888099467140302,-0.10000000000000142,-0.04999999999999716,56.25,56.35,56.25,56.3,181.0,151.0,440.0,963.0,False,False
006208,2022-10-26 11:07:00.416748,-0.0017746228926353025,-0.000888099467140302,-0.10000000000000142,-0.04999999999999716,56.25,56.35,56.25,56.3,181.0,151.0,440.0,963.0,False,False
006208,2022-10-26 11:07:00.474017,-0.0017746228926353025,-0.000888099467140302,-0.10000000000000142,-0.04999999999999716,56.25,56.35,56.25,56.3,181.0,151.0,440.0,963.0,False,False
006208,2022-10-26 11:07:00.481436,-0.0017746228926353025,-0.000888099467140302,-0.10000000000000142,-0.04999999999999716,56.25,56.35,56.25,56.3,181.0,151.0,440.0,963.0,False,False
006208,2022-10-26 11:07:00.585095,-0.0017746228926353025,-0.000888099467140302,-0.10000000000000142,-0.04999999999999716,56.25,56.35,56.25,56.3,181.0,111.0,440.0,963.0,False,False
006208,2022-10-26 11:07:00.713338,-0.0017746228926353025,-0.000888099467140302,-0.10000000000000142,-0.04999999999999716,56.25,56.35,56.25,56.3,181.0,111.0,440.0,963.0,False,False
006208,2022-10-26 11:07:02.011778,-0.0017746228926353025,-0.000888099467140302,-0.10000000000000142,-0.04999999999999716,56.25,56.35,56.25,56.3,181.0,111.0,440.0,963.0,False,False
006208,2022-10-26 11:07:02.031918,-0.0017746228926353025,-0.000888099467140302,-0.10000000000000142,-0.04999999999999716,56.25,56.35,56.25,56.3,181.0,111.0,440.0,963.0,False,False
006208,2022-10-26 11:07:02.098500,-0.0017746228926353025,-0.000888099467140302,-0.10000000000000142,-0.04999999999999716,56.25,56.35,56.25,56.3,181.0,111.0,440.0,963.0,False,False
006208,2022-10-26 11:07:02.279743,-0.0017746228926353025,-0.000888099467140302,-0.10000000000000142,-0.04999999999999716,56.25,56.35,56.25,56.3,181.0,111.0,440.0,963.0,False,False
006208,2022-10-26 11:07:03.541459,-0.0017746228926353025,-0.000888099467140302,-0.10000000000000142,-0.04999999999999716,56.25,56.35,56.25,56.3,181.0,111.0,440.0,963.0,False,False
006208,2022-10-26 11:07:03.559844,-0.0017746228926353025,-0.000888099467140302,-0.10000000000000142,-0.04999999999999716,56.25,56.35,56.25,56.3,181.0,111.0,440.0,963.0,False,False
006208,2022-10-26 11:07:03.566263,-0.0017746228926353025,-0.000888099467140302,-0.10000000000000142,-0.04999999999999716,56.25,56.35,56.25,56.3,181.0,111.0,440.0,963.0,False,False
006208,2022-10-26 11:07:04.989286,-0.0017746228926353025,-0.000888099467140302,-0.10000000000000142,-0.04999999999999716,56.25,56.35,56.25,56.3,181.0,111.0,440.0,963.0,False,False
006208,2022-10-26 11:07:04.989464,-0.0017746228926353025,-0.000888099467140302,-0.10000000000000142,-0.04999999999999716,56.25,56.35,56.25,56.3,181.0,111.0,440.0,963.0,False,False
006208,2022-10-26 11:07:06.454257,-0.0017746228926353025,-0.000888099467140302,-0.10000000000000142,-0.04999999999999716,56.25,56.35,56.25,56.3,181.0,111.0,440.0,963.0,False,False
006208,2022-10-26 11:07:06.807742,-0.0017746228926353025,-0.000888099467140302,-0.10000000000000142,-0.04999999999999716,56.25,56.35,56.25,56.3,181.0,111.0,440.0,963.0,False,True
006208,2022-10-26 11:07:07.615550,-0.0017746228926353025,-0.000888099467140302,-0.10000000000000142,-0.04999999999999716,56.25,56.35,56.25,56.3,181.0,111.0,440.0,963.0,False,False
006208,2022-10-26 11:07:07.702765,-0.0017746228926353025,-0.000888099467140302,-0.10000000000000142,-0.04999999999999716,56.25,56.35,56.25,56.3,181.0,111.0,440.0,963.0,False,False
006208,2022-10-26 11:07:09.882856,-0.0017746228926353025,-0.000888099467140302,-0.10000000000000142,-0.04999999999999716,56.25,56.35,56.25,56.3,181.0,111.0,440.0,963.0,False,False
006208,2022-10-26 11:07:09.894455,-0.0017746228926353025,-0.000888099467140302,-0.10000000000000142,-0.04999999999999716,56.25,56.35,56.25,56.3,181.0,141.0,440.0,963.0,False,False
006208,2022-10-26 11:07:10.365690,-0.0017746228926353025,-0.000888099467140302,-0.10000000000000142,-0.04999999999999716,56.25,56.35,56.25,56.3,181.0,140.0,440.0,963.0,False,False
006208,2022-10-26 11:07:10.702357,-0.0017746228926353025,-0.000888099467140302,-0.10000000000000142,-0.04999999999999716,56.25,56.35,56.25,56.3,181.0,140.0,440.0,963.0,False,False
006208,2022-10-26 11:07:10.704681,-0.0017746228926353025,-0.000888099467140302,-0.10000000000000142,-0.04999999999999716,56.25,56.35,56.25,56.3,181.0,140.0,440.0,963.0,False,False
006208,2022-10-26 11:07:10.838080,-0.0017746228926353025,-0.000888099467140302,-0.10000000000000142,-0.04999999999999716,56.25,56.35,56.25,56.3,181.0,140.0,440.0,963.0,False,False
006208,2022-10-26 11:07:11.984757,-0.0017746228926353025,-0.000888099467140302,-0.10000000000000142,-0.04999999999999716,56.25,56.35,56.25,56.3,181.0,140.0,440.0,963.0,False,False
006208,2022-10-26 11:07:12.044880,-0.0017746228926353025,-0.000888099467140302,-0.10000000000000142,-0.04999999999999716,56.25,56.35,56.25,56.3,181.0,140.0,440.0,963.0,False,False
006208,2022-10-26 11:07:12.982190,-0.0017746228926353025,-0.000888099467140302,-0.10000000000000142,-0.04999999999999716,56.25,56.35,56.25,56.3,181.0,140.0,440.0,963.0,False,False
006208,2022-10-26 11:07:12.988863,-0.0017746228926353025,-0.000888099467140302,-0.10000000000000142,-0.04999999999999716,56.25,56.35,56.25,56.3,181.0,140.0,440.0,963.0,False,False
006208,2022-10-26 11:07:16.841618,-0.0017746228926353025,-0.000888099467140302,-0.10000000000000142,-0.04999999999999716,56.25,56.35,56.25,56.3,181.0,140.0,740.0,963.0,True,True
006208,2022-10-26 11:07:16.909053,-0.0017746228926353025,-0.000888099467140302,-0.10000000000000142,-0.04999999999999716,56.25,56.35,56.25,56.3,181.0,140.0,740.0,963.0,False,False
006208,2022-10-26 11:07:18.325103,-0.0017746228926353025,-0.000888099467140302,-0.10000000000000142,-0.04999999999999716,56.25,56.35,56.25,56.3,181.0,140.0,740.0,963.0,False,False
006208,2022-10-26 11:07:18.432248,-0.0017746228926353025,-0.000888099467140302,-0.10000000000000142,-0.04999999999999716,56.25,56.35,56.25,56.3,181.0,140.0,740.0,963.0,False,False
006208,2022-10-26 11:07:19.971458,-0.0017746228926353025,-0.000888099467140302,-0.10000000000000142,-0.04999999999999716,56.25,56.35,56.25,56.3,181.0,139.0,740.0,963.0,False,False
006208,2022-10-26 11:07:20.391906,-0.0017746228926353025,-0.000888099467140302,-0.10000000000000142,-0.04999999999999716,56.25,56.35,56.25,56.3,181.0,138.0,740.0,963.0,False,False
006208,2022-10-26 11:07:20.820134,-0.0017746228926353025,-0.000888099467140302,-0.10000000000000142,-0.04999999999999716,56.25,56.35,56.25,56.3,181.0,138.0,740.0,963.0,False,False
006208,2022-10-26 11:07:20.823859,-0.0017746228926353025,-0.000888099467140302,-0.10000000000000142,-0.04999999999999716,56.25,56.35,56.25,56.3,181.0,138.0,740.0,963.0,False,False
006208,2022-10-26 11:07:20.959747,-0.0017746228926353025,-0.000888099467140302,-0.10000000000000142,-0.04999999999999716,56.25,56.35,56.25,56.3,181.0,138.0,740.0,963.0,False,False
006208,2022-10-26 11:07:21.161986,-0.0017746228926353025,-0.000888099467140302,-0.10000000000000142,-0.04999999999999716,56.25,56.35,56.25,56.3,182.0,138.0,740.0,963.0,False,False
006208,2022-10-26 11:07:21.884330,-0.0017746228926353025,-0.000888099467140302,-0.10000000000000142,-0.04999999999999716,56.25,56.35,56.25,56.3,182.0,138.0,740.0,963.0,False,False
006208,2022-10-26 11:07:23.092292,-0.0017746228926353025,-0.000888099467140302,-0.10000000000000142,-0.04999999999999716,56.25,56.35,56.25,56.3,182.0,137.0,740.0,963.0,False,False
006208,2022-10-26 11:07:25.362899,-0.0017746228926353025,-0.000888099467140302,-0.10000000000000142,-0.04999999999999716,56.25,56.35,56.25,56.3,182.0,137.0,740.0,963.0,False,False
006208,2022-10-26 11:07:26.128084,-0.0017746228926353025,-0.000888099467140302,-0.10000000000000142,-0.04999999999999716,56.25,56.35,56.25,56.3,182.0,137.0,740.0,963.0,False,False
006208,2022-10-26 11:07:26.142018,-0.0017746228926353025,-0.000888099467140302,-0.10000000000000142,-0.04999999999999716,56.25,56.35,56.25,56.3,182.0,107.0,740.0,963.0,False,False
006208,2022-10-26 11:07:26.607501,-0.0017746228926353025,-0.000888099467140302,-0.10000000000000142,-0.04999999999999716,56.25,56.35,56.25,56.3,182.0,107.0,740.0,963.0,False,False
006208,2022-10-26 11:07:26.734221,-0.0017746228926353025,-0.000888099467140302,-0.10000000000000142,-0.04999999999999716,56.25,56.35,56.25,56.3,182.0,107.0,740.0,963.0,False,False
006208,2022-10-26 11:07:26.734345,-0.0017746228926353025,-0.000888099467140302,-0.10000000000000142,-0.04999999999999716,56.25,56.35,56.25,56.3,182.0,107.0,740.0,963.0,False,False
006208,2022-10-26 11:07:26.821245,-0.0017746228926353025,-0.000888099467140302,-0.10000000000000142,-0.04999999999999716,56.25,56.35,56.25,56.3,182.0,106.0,740.0,963.0,False,False
006208,2022-10-26 11:07:26.870756,-0.0017746228926353025,-0.000888099467140302,-0.10000000000000142,-0.04999999999999716,56.25,56.35,56.25,56.3,182.0,106.0,828.0,963.0,True,True
006208,2022-10-26 11:07:27.004220,-0.0017746228926353025,-0.000888099467140302,-0.10000000000000142,-0.04999999999999716,56.25,56.35,56.25,56.3,182.0,106.0,828.0,963.0,False,False
006208,2022-10-26 11:07:27.004327,-0.0017746228926353025,-0.000888099467140302,-0.10000000000000142,-0.04999999999999716,56.25,56.35,56.25,56.3,182.0,106.0,828.0,963.0,False,False
006208,2022-10-26 11:07:29.305382,-0.0017746228926353025,0.0,-0.10000000000000142,0.0,56.3,56.35,56.25,56.3,1.0,106.0,828.0,963.0,False,False
006208,2022-10-26 11:07:29.363820,-0.0017746228926353025,0.0,-0.10000000000000142,0.0,56.3,56.35,56.25,56.3,1.0,106.0,828.0,963.0,False,False
006208,2022-10-26 11:07:29.647353,-0.0017746228926353025,0.0,-0.10000000000000142,0.0,56.3,56.35,56.25,56.3,1.0,106.0,828.0,963.0,False,False
006208,2022-10-26 11:07:30.042536,-0.0017746228926353025,0.0,-0.10000000000000142,0.0,56.3,56.35,56.25,56.3,1.0,106.0,828.0,963.0,False,False
006208,2022-10-26 11:07:30.121438,-0.0017746228926353025,0.0,-0.10000000000000142,0.0,56.3,56.35,56.25,56.3,1.0,106.0,828.0,963.0,False,False
006208,2022-10-26 11:07:30.141046,-0.0017746228926353025,0.0,-0.10000000000000142,0.0,56.3,56.35,56.25,56.3,1.0,106.0,828.0,963.0,False,False
006208,2022-10-26 11:07:30.192632,-0.0017746228926353025,0.0,-0.10000000000000142,0.0,56.3,56.35,56.25,56.3,1.0,106.0,828.0,963.0,False,False
006208,2022-10-26 11:07:30.465906,-0.0017746228926353025,0.0,-0.10000000000000142,0.0,56.3,56.35,56.25,56.3,1.0,106.0,828.0,963.0,False,False
006208,2022-10-26 11:07:30.482734,-0.0017746228926353025,0.0,-0.10000000000000142,0.0,56.3,56.35,56.25,56.3,1.0,136.0,828.0,963.0,False,False
006208,2022-10-26 11:07:30.648357,-0.0017746228926353025,0.0,-0.10000000000000142,0.0,56.3,56.35,56.25,56.3,1.0,136.0,828.0,963.0,False,False
006208,2022-10-26 11:07:34.407274,-0.0017746228926353025,0.0,-0.10000000000000142,0.0,56.3,56.35,56.25,56.3,1.0,136.0,828.0,963.0,False,False
006208,2022-10-26 11:07:34.416436,-0.0017746228926353025,0.0,-0.10000000000000142,0.0,56.3,56.35,56.25,56.3,1.0,136.0,828.0,963.0,False,False
006208,2022-10-26 11:07:34.504856,-0.0017746228926353025,0.0,-0.10000000000000142,0.0,56.3,56.35,56.25,56.3,1.0,136.0,828.0,963.0,False,False
006208,2022-10-26 11:07:35.385870,-0.0017746228926353025,0.0,-0.10000000000000142,0.0,56.3,56.35,56.25,56.3,1.0,136.0,828.0,963.0,False,False
006208,2022-10-26 11:07:35.415495,-0.0017746228926353025,0.0,-0.10000000000000142,0.0,56.3,56.35,56.25,56.3,1.0,136.0,828.0,963.0,False,False
006208,2022-10-26 11:07:35.522835,-0.0017746228926353025,0.0,-0.10000000000000142,0.0,56.3,56.35,56.25,56.3,1.0,136.0,828.0,963.0,False,False
006208,2022-10-26 11:07:35.604311,-0.0017746228926353025,0.0,-0.10000000000000142,0.0,56.3,56.35,56.25,56.3,1.0,136.0,828.0,963.0,False,False
006208,2022-10-26 11:07:35.855511,-0.0017746228926353025,0.0,-0.10000000000000142,0.0,56.3,56.35,56.25,56.3,1.0,136.0,828.0,963.0,False,False
006208,2022-10-26 11:07:36.415836,-0.0017746228926353025,0.0,-0.10000000000000142,0.0,56.3,56.35,56.25,56.3,1.0,236.0,828.0,963.0,False,False
006208,2022-10-26 11:07:37.296861,-0.0017746228926353025,0.0,-0.10000000000000142,0.0,56.3,56.35,56.25,56.3,2.0,236.0,828.0,963.0,False,False
006208,2022-10-26 11:07:37.368508,-0.0017746228926353025,0.0,-0.10000000000000142,0.0,56.3,56.35,56.25,56.3,2.0,236.0,828.0,963.0,False,False
006208,2022-10-26 11:07:37.477607,-0.0017746228926353025,0.0,-0.10000000000000142,0.0,56.3,56.35,56.25,56.3,2.0,236.0,828.0,963.0,False,False
006208,2022-10-26 11:07:37.541193,-0.0017746228926353025,0.0,-0.10000000000000142,0.0,56.3,56.35,56.25,56.3,2.0,236.0,828.0,963.0,False,False
006208,2022-10-26 11:07:39.634406,-0.0017746228926353025,0.0,-0.10000000000000142,0.0,56.3,56.35,56.25,56.3,2.0,236.0,828.0,963.0,False,False
006208,2022-10-26 11:07:39.637982,-0.0017746228926353025,0.0,-0.10000000000000142,0.0,56.3,56.35,56.25,56.3,2.0,236.0,828.0,963.0,False,False
006208,2022-10-26 11:07:39.775265,-0.0017746228926353025,0.0,-0.10000000000000142,0.0,56.3,56.35,56.25,56.3,2.0,236.0,828.0,963.0,False,False
006208,2022-10-26 11:07:40.335888,-0.0017746228926353025,0.0,-0.10000000000000142,0.0,56.3,56.35,56.25,56.3,2.0,235.0,828.0,963.0,False,False
006208,2022-10-26 11:07:45.100652,-0.0017746228926353025,0.0,-0.10000000000000142,0.0,56.3,56.35,56.25,56.3,2.0,235.0,828.0,963.0,False,False
006208,2022-10-26 11:07:45.100729,-0.0017746228926353025,0.0,-0.10000000000000142,0.0,56.3,56.35,56.25,56.3,2.0,310.0,828.0,963.0,False,False
006208,2022-10-26 11:07:46.573883,-0.0017746228926353025,0.0,-0.10000000000000142,0.0,56.3,56.35,56.25,56.3,2.0,310.0,828.0,963.0,False,False
006208,2022-10-26 11:07:46.590224,-0.0017746228926353025,0.0,-0.10000000000000142,0.0,56.3,56.35,56.25,56.3,2.0,280.0,828.0,963.0,False,False
006208,2022-10-26 11:07:46.884387,-0.0017746228926353025,0.0,-0.10000000000000142,0.0,56.3,56.35,56.25,56.3,2.0,280.0,828.0,963.0,False,False
006208,2022-10-26 11:07:46.884446,-0.0017746228926353025,0.0,-0.10000000000000142,0.0,56.3,56.35,56.25,56.3,2.0,280.0,828.0,963.0,False,False
006208,2022-10-26 11:07:46.938960,-0.0017746228926353025,0.0,-0.10000000000000142,0.0,56.3,56.35,56.25,56.3,2.0,280.0,828.0,893.0,True,True
006208,2022-10-26 11:07:46.903680,-0.0017746228926353025,0.0,-0.10000000000000142,0.0,56.3,56.35,56.25,56.3,2.0,280.0,828.0,893.0,False,False
006208,2022-10-26 11:07:47.584030,-0.0017746228926353025,0.0,-0.10000000000000142,0.0,56.3,56.35,56.25,56.3,2.0,280.0,828.0,893.0,False,False
006208,2022-10-26 11:07:47.584093,-0.0017746228926353025,0.0,-0.10000000000000142,0.0,56.3,56.35,56.25,56.3,2.0,280.0,828.0,893.0,False,False
006208,2022-10-26 11:07:49.743198,-0.0017746228926353025,0.0,-0.10000000000000142,0.0,56.3,56.35,56.25,56.3,2.0,280.0,828.0,893.0,False,False
006208,2022-10-26 11:07:49.746129,-0.0017746228926353025,0.0,-0.10000000000000142,0.0,56.3,56.35,56.25,56.3,2.0,280.0,828.0,893.0,False,False
006208,2022-10-26 11:07:49.879074,-0.0017746228926353025,0.0,-0.10000000000000142,0.0,56.3,56.35,56.25,56.3,2.0,280.0,828.0,893.0,False,False
006208,2022-10-26 11:07:50.346014,-0.0017746228926353025,0.0,-0.10000000000000142,0.0,56.3,56.35,56.25,56.3,2.0,279.0,828.0,893.0,False,False
006208,2022-10-26 11:07:50.541987,-0.0017746228926353025,0.0,-0.10000000000000142,0.0,56.3,56.35,56.25,56.3,2.0,279.0,828.0,893.0,False,False
006208,2022-10-26 11:07:50.675325,-0.0017746228926353025,0.0,-0.10000000000000142,0.0,56.3,56.35,56.25,56.3,2.0,279.0,828.0,893.0,False,False
006208,2022-10-26 11:07:50.694725,-0.0017746228926353025,0.0,-0.10000000000000142,0.0,56.3,56.35,56.25,56.3,2.0,309.0,828.0,893.0,False,False
006208,2022-10-26 11:07:50.963798,-0.0017746228926353025,0.0,-0.10000000000000142,0.0,56.3,56.35,56.25,56.3,2.0,309.0,828.0,893.0,False,False
006208,2022-10-26 11:07:53.057702,-0.0017746228926353025,0.0,-0.10000000000000142,0.0,56.3,56.35,56.25,56.3,2.0,308.0,828.0,893.0,False,False
006208,2022-10-26 11:07:55.422183,-0.0017746228926353025,0.0,-0.10000000000000142,0.0,56.3,56.35,56.25,56.3,2.0,308.0,828.0,893.0,False,False
006208,2022-10-26 11:07:55.422310,-0.0017746228926353025,0.0,-0.10000000000000142,0.0,56.3,56.35,56.25,56.3,2.0,308.0,828.0,893.0,False,False
006208,2022-10-26 11:07:56.976423,-0.0017746228926353025,0.0,-0.10000000000000142,0.0,56.3,56.35,56.25,56.3,2.0,308.0,1128.0,823.0,True,True
006208,2022-10-26 11:07:59.862372,-0.0017746228926353025,0.0,-0.10000000000000142,0.0,56.3,56.35,56.25,56.3,2.0,308.0,1128.0,823.0,False,False
006208,2022-10-26 11:07:59.865601,-0.0017746228926353025,0.0,-0.10000000000000142,0.0,56.3,56.35,56.25,56.3,2.0,308.0,1128.0,823.0,False,False
006208,2022-10-26 11:08:00.012423,-0.0017746228926353025,0.0,-0.10000000000000142,0.0,56.3,56.35,56.25,56.3,2.0,308.0,1128.0,823.0,False,False
006208,2022-10-26 11:08:00.341077,-0.0017746228926353025,0.0,-0.10000000000000142,0.0,56.3,56.35,56.25,56.3,2.0,307.0,1128.0,823.0,False,False
006208,2022-10-26 11:08:00.418674,-0.0017746228926353025,0.0,-0.10000000000000142,0.0,56.3,56.35,56.25,56.3,2.0,307.0,1128.0,823.0,False,False
006208,2022-10-26 11:08:02.730329,-0.0017746228926353025,0.0,-0.10000000000000142,0.0,56.3,56.35,56.25,56.3,2.0,308.0,1128.0,823.0,False,False
006208,2022-10-26 11:08:02.991594,-0.0017746228926353025,0.0,-0.10000000000000142,0.0,56.3,56.35,56.25,56.3,2.0,308.0,1128.0,823.0,False,False
006208,2022-10-26 11:08:07.003295,-0.0017746228926353025,0.0,-0.10000000000000142,0.0,56.3,56.35,56.25,56.3,2.0,308.0,1250.0,823.0,True,True
006208,2022-10-26 11:08:10.351623,-0.0017746228926353025,0.0,-0.10000000000000142,0.0,56.3,56.35,56.25,56.3,2.0,307.0,1250.0,823.0,False,False
006208,2022-10-26 11:08:10.399701,-0.0017746228926353025,0.0,-0.10000000000000142,0.0,56.3,56.35,56.25,56.3,2.0,307.0,1250.0,823.0,False,False
006208,2022-10-26 11:08:10.404531,-0.0017746228926353025,0.0,-0.10000000000000142,0.0,56.3,56.35,56.25,56.3,2.0,307.0,1250.0,823.0,False,False
006208,2022-10-26 11:08:10.522858,-0.0017746228926353025,0.0,-0.10000000000000142,0.0,56.3,56.35,56.25,56.3,2.0,307.0,1250.0,823.0,False,False
006208,2022-10-26 11:08:10.547566,-0.0017746228926353025,0.0,-0.10000000000000142,0.0,56.3,56.35,56.25,56.3,2.0,307.0,1250.0,823.0,False,False
006208,2022-10-26 11:08:10.984751,-0.0017746228926353025,0.0,-0.10000000000000142,0.0,56.3,56.35,56.25,56.3,2.0,307.0,1250.0,823.0,False,False
006208,2022-10-26 11:08:13.299551,-0.0017746228926353025,0.0,-0.10000000000000142,0.0,56.3,56.35,56.25,56.3,2.0,307.0,1250.0,823.0,False,False
006208,2022-10-26 11:08:15.970599,-0.0017746228926353025,0.0,-0.10000000000000142,0.0,56.3,56.35,56.25,56.3,2.0,277.0,1250.0,823.0,False,False
006208,2022-10-26 11:08:15.981103,-0.0017746228926353025,0.0,-0.10000000000000142,0.0,56.3,56.35,56.25,56.3,2.0,277.0,1250.0,823.0,False,False
006208,2022-10-26 11:08:16.194041,-0.0017746228926353025,0.0,-0.10000000000000142,0.0,56.3,56.35,56.25,56.3,2.0,277.0,1250.0,823.0,False,False
006208,2022-10-26 11:08:16.194224,-0.0017746228926353025,0.0,-0.10000000000000142,0.0,56.3,56.35,56.25,56.3,2.0,277.0,1250.0,823.0,False,False
006208,2022-10-26 11:08:19.118495,-0.0017746228926353025,0.0,-0.10000000000000142,0.0,56.3,56.35,56.25,56.3,2.0,277.0,1250.0,823.0,False,False
006208,2022-10-26 11:08:19.118571,-0.0017746228926353025,0.0,-0.10000000000000142,0.0,56.3,56.35,56.25,56.3,2.0,277.0,1250.0,823.0,False,False
006208,2022-10-26 11:08:20.331161,-0.0017746228926353025,0.0,-0.10000000000000142,0.0,56.3,56.35,56.25,56.3,2.0,276.0,1250.0,823.0,False,False
006208,2022-10-26 11:08:20.615583,-0.0017746228926353025,0.0,-0.10000000000000142,0.0,56.3,56.35,56.25,56.3,2.0,276.0,1250.0,823.0,False,False
006208,2022-10-26 11:08:20.627111,-0.0017746228926353025,0.0,-0.10000000000000142,0.0,56.3,56.35,56.25,56.3,2.0,306.0,1250.0,823.0,False,False
006208,2022-10-26 11:08:20.970205,-0.0017746228926353025,0.0,-0.10000000000000142,0.0,56.3,56.35,56.25,56.3,2.0,306.0,1250.0,823.0,False,False
006208,2022-10-26 11:08:20.975650,-0.0017746228926353025,0.0,-0.10000000000000142,0.0,56.3,56.35,56.25,56.3,2.0,306.0,1250.0,823.0,False,False
006208,2022-10-26 11:08:21.117560,-0.0017746228926353025,0.0,-0.10000000000000142,0.0,56.3,56.35,56.25,56.3,2.0,306.0,1250.0,823.0,False,False
006208,2022-10-26 11:08:21.250377,-0.0017746228926353025,0.0,-0.10000000000000142,0.0,56.3,56.35,56.25,56.3,2.0,277.0,1250.0,823.0,False,False
006208,2022-10-26 11:08:21.548451,-0.0017746228926353025,0.0,-0.10000000000000142,0.0,56.3,56.35,56.25,56.3,2.0,277.0,1250.0,823.0,False,False
006208,2022-10-26 11:08:23.146626,-0.0017746228926353025,0.0,-0.10000000000000142,0.0,56.3,56.35,56.25,56.3,2.0,277.0,1250.0,823.0,False,False
006208,2022-10-26 11:08:23.151658,-0.0017746228926353025,0.0,-0.10000000000000142,0.0,56.3,56.35,56.25,56.3,2.0,307.0,1250.0,823.0,False,False
006208,2022-10-26 11:08:24.934304,-0.0017746228926353025,0.0,-0.10000000000000142,0.0,56.3,56.35,56.25,56.3,2.0,277.0,1250.0,823.0,False,False
006208,2022-10-26 11:08:24.939195,-0.0017746228926353025,0.0,-0.10000000000000142,0.0,56.3,56.35,56.25,56.3,2.0,277.0,1250.0,823.0,False,False
006208,2022-10-26 11:08:25.394084,-0.0017746228926353025,0.0,-0.10000000000000142,0.0,56.3,56.35,56.25,56.3,2.0,277.0,1250.0,823.0,False,False
006208,2022-10-26 11:08:25.399262,-0.0017746228926353025,0.0,-0.10000000000000142,0.0,56.3,56.35,56.25,56.3,2.0,307.0,1250.0,823.0,False,False
006208,2022-10-26 11:08:26.945305,-0.0017746228926353025,0.0,-0.10000000000000142,0.0,56.3,56.35,56.25,56.3,2.0,306.0,1250.0,823.0,False,False
006208,2022-10-26 11:08:27.064767,-0.0017746228926353025,0.0,-0.10000000000000142,0.0,56.3,56.35,56.25,56.3,2.0,306.0,1250.0,783.0,True,True
006208,2022-10-26 11:08:30.341908,-0.0017746228926353025,0.0,-0.10000000000000142,0.0,56.3,56.35,56.25,56.3,2.0,305.0,1250.0,783.0,False,False
006208,2022-10-26 11:08:31.540958,-0.0017746228926353025,0.0,-0.10000000000000142,0.0,56.3,56.35,56.25,56.3,2.0,305.0,1250.0,783.0,False,False
006208,2022-10-26 11:08:31.544218,-0.0017746228926353025,0.0,-0.10000000000000142,0.0,56.3,56.35,56.25,56.3,2.0,305.0,1250.0,783.0,False,False
006208,2022-10-26 11:08:31.692673,-0.0017746228926353025,0.0,-0.10000000000000142,0.0,56.3,56.35,56.25,56.3,2.0,305.0,1250.0,783.0,False,False
006208,2022-10-26 11:08:32.125919,-0.0017746228926353025,0.0,-0.10000000000000142,0.0,56.3,56.35,56.25,56.3,2.0,305.0,1250.0,783.0,False,False
006208,2022-10-26 11:08:34.485455,-0.0017746228926353025,0.0,-0.10000000000000142,0.0,56.3,56.35,56.25,56.3,2.0,304.0,1250.0,783.0,False,False
006208,2022-10-26 11:08:34.525733,-0.0017746228926353025,0.0,-0.10000000000000142,0.0,56.3,56.35,56.25,56.3,2.0,274.0,1250.0,783.0,False,False
006208,2022-10-26 11:08:34.530902,-0.0017746228926353025,0.0,-0.10000000000000142,0.0,56.3,56.35,56.25,56.3,2.0,274.0,1250.0,783.0,False,False
006208,2022-10-26 11:08:37.092917,-0.0017746228926353025,0.0,-0.10000000000000142,0.0,56.3,56.35,56.25,56.3,2.0,274.0,1250.0,763.0,True,True
006208,2022-10-26 11:08:39.152319,-0.0017746228926353025,0.0,-0.10000000000000142,0.0,56.3,56.35,56.25,56.3,2.0,274.0,1250.0,763.0,False,False
006208,2022-10-26 11:08:39.159039,-0.0017746228926353025,0.0,-0.10000000000000142,0.0,56.3,56.35,56.25,56.3,2.0,304.0,1250.0,763.0,False,False
006208,2022-10-26 11:08:42.113482,-0.0017746228926353025,0.0,-0.10000000000000142,0.0,56.3,56.35,56.25,56.3,2.0,304.0,1250.0,763.0,False,False
006208,2022-10-26 11:08:42.116622,-0.0017746228926353025,0.0,-0.10000000000000142,0.0,56.3,56.35,56.25,56.3,2.0,304.0,1250.0,763.0,False,False
006208,2022-10-26 11:08:42.253339,-0.0017746228926353025,0.0,-0.10000000000000142,0.0,56.3,56.35,56.25,56.3,2.0,304.0,1250.0,763.0,False,False
006208,2022-10-26 11:08:42.261443,-0.0017746228926353025,0.0,-0.10000000000000142,0.0,56.3,56.35,56.25,56.3,2.0,304.0,1250.0,763.0,False,False
006208,2022-10-26 11:08:42.694960,-0.0017746228926353025,0.0,-0.10000000000000142,0.0,56.3,56.35,56.25,56.3,2.0,304.0,1250.0,763.0,False,False
006208,2022-10-26 11:08:42.864355,-0.0017746228926353025,0.0,-0.10000000000000142,0.0,56.3,56.35,56.25,56.3,2.0,274.0,1250.0,763.0,False,False
006208,2022-10-26 11:08:42.869933,-0.0017746228926353025,0.0,-0.10000000000000142,0.0,56.3,56.35,56.25,56.3,2.0,274.0,1250.0,763.0,False,False
006208,2022-10-26 11:08:47.123988,-0.0017746228926353025,0.0,-0.10000000000000142,0.0,56.3,56.35,56.25,56.3,2.0,274.0,1250.0,763.0,True,True
006208,2022-10-26 11:08:50.331955,-0.0017746228926353025,0.0,-0.10000000000000142,0.0,56.3,56.35,56.25,56.3,2.0,273.0,1250.0,763.0,False,False
006208,2022-10-26 11:08:50.651140,-0.0017746228926353025,0.0,-0.10000000000000142,0.0,56.3,56.35,56.25,56.3,2.0,273.0,1250.0,763.0,False,False
006208,2022-10-26 11:08:50.701844,-0.0017746228926353025,0.0,-0.10000000000000142,0.0,56.3,56.35,56.25,56.3,2.0,303.0,1250.0,763.0,False,False
006208,2022-10-26 11:08:52.406876,-0.0017746228926353025,0.0,-0.10000000000000142,0.0,56.3,56.35,56.25,56.3,3.0,303.0,1250.0,763.0,False,False
006208,2022-10-26 11:08:52.683344,-0.0017746228926353025,0.0,-0.10000000000000142,0.0,56.3,56.35,56.25,56.3,3.0,303.0,1250.0,763.0,False,False
006208,2022-10-26 11:08:52.690852,-0.0017746228926353025,0.0,-0.10000000000000142,0.0,56.3,56.35,56.25,56.3,3.0,303.0,1250.0,763.0,False,False
006208,2022-10-26 11:08:52.853379,-0.0017746228926353025,0.0,-0.10000000000000142,0.0,56.3,56.35,56.25,56.3,3.0,323.0,1250.0,763.0,False,False
006208,2022-10-26 11:08:53.140997,-0.0017746228926353025,0.0,-0.10000000000000142,0.0,56.3,56.35,56.25,56.3,3.0,324.0,1250.0,763.0,False,False
006208,2022-10-26 11:08:53.260778,-0.0017746228926353025,0.0,-0.10000000000000142,0.0,56.3,56.35,56.25,56.3,3.0,324.0,1250.0,763.0,False,False
006208,2022-10-26 11:08:53.716886,-0.0017746228926353025,0.0,-0.10000000000000142,0.0,56.3,56.35,56.25,56.3,3.0,275.0,1250.0,763.0,False,False
006208,2022-10-26 11:08:54.328632,-0.0017746228926353025,0.0,-0.10000000000000142,0.0,56.3,56.35,56.25,56.3,3.0,325.0,1250.0,763.0,False,False
006208,2022-10-26 11:08:54.581227,-0.0017746228926353025,0.0,-0.10000000000000142,0.0,56.3,56.35,56.25,56.3,3.0,305.0,1250.0,763.0,False,False
006208,2022-10-26 11:08:54.581527,-0.0017746228926353025,0.0,-0.10000000000000142,0.0,56.3,56.35,56.25,56.3,3.0,305.0,1250.0,763.0,False,False
006208,2022-10-26 11:08:55.586787,-0.0017746228926353025,0.0,-0.10000000000000142,0.0,56.3,56.35,56.25,56.3,4.0,305.0,1250.0,763.0,False,False
006208,2022-10-26 11:08:57.156130,-0.0017746228926353025,0.0,-0.10000000000000142,0.0,56.3,56.35,56.25,56.3,4.0,305.0,1265.0,763.0,True,True
006208,2022-10-26 11:08:57.767805,-0.0017746228926353025,0.0,-0.10000000000000142,0.0,56.3,56.35,56.25,56.3,4.0,345.0,1265.0,763.0,False,False
006208,2022-10-26 11:09:00.312646,-0.0017746228926353025,0.0,-0.10000000000000142,0.0,56.3,56.35,56.25,56.3,4.0,344.0,1265.0,763.0,False,False
006208,2022-10-26 11:09:00.359252,-0.0017746228926353025,0.0,-0.10000000000000142,0.0,56.3,56.35,56.25,56.3,4.0,344.0,1265.0,763.0,False,False
006208,2022-10-26 11:09:00.469307,-0.0017746228926353025,0.0,-0.10000000000000142,0.0,56.3,56.35,56.25,56.3,4.0,378.0,1265.0,763.0,False,False
006208,2022-10-26 11:09:01.087155,-0.0017746228926353025,0.0,-0.10000000000000142,0.0,56.3,56.35,56.25,56.3,4.0,398.0,1265.0,763.0,False,False
006208,2022-10-26 11:09:01.137163,-0.0017746228926353025,0.0,-0.10000000000000142,0.0,56.3,56.35,56.25,56.3,4.0,398.0,1265.0,763.0,False,False
006208,2022-10-26 11:09:01.941572,-0.0017746228926353025,0.0,-0.10000000000000142,0.0,56.3,56.35,56.25,56.3,4.0,358.0,1265.0,763.0,False,False
006208,2022-10-26 11:09:03.245096,-0.0017746228926353025,0.0,-0.10000000000000142,0.0,56.3,56.35,56.25,56.3,4.0,358.0,1265.0,763.0,False,False
006208,2022-10-26 11:09:03.257090,-0.0017746228926353025,0.0,-0.10000000000000142,0.0,56.3,56.35,56.25,56.3,4.0,358.0,1265.0,763.0,False,False
006208,2022-10-26 11:09:03.401406,-0.0017746228926353025,0.0,-0.10000000000000142,0.0,56.3,56.35,56.25,56.3,4.0,358.0,1265.0,763.0,False,False
006208,2022-10-26 11:09:03.838415,-0.0017746228926353025,0.0,-0.10000000000000142,0.0,56.3,56.35,56.25,56.3,4.0,358.0,1265.0,763.0,False,False
006208,2022-10-26 11:09:04.519641,-0.0017746228926353025,0.0,-0.10000000000000142,0.0,56.3,56.35,56.25,56.3,4.0,358.0,1265.0,763.0,False,False
006208,2022-10-26 11:09:04.580847,-0.0017746228926353025,0.0,-0.10000000000000142,0.0,56.3,56.35,56.25,56.3,4.0,304.0,1265.0,763.0,False,False
006208,2022-10-26 11:09:04.627532,-0.0017746228926353025,0.0,-0.10000000000000142,0.0,56.3,56.35,56.25,56.3,4.0,304.0,1265.0,763.0,False,False
006208,2022-10-26 11:09:05.327761,-0.0017746228926353025,0.0,-0.10000000000000142,0.0,56.3,56.35,56.25,56.3,4.0,344.0,1265.0,763.0,False,False
006208,2022-10-26 11:09:05.459253,-0.0017746228926353025,0.0,-0.10000000000000142,0.0,56.3,56.35,56.25,56.3,4.0,344.0,1265.0,763.0,False,False
006208,2022-10-26 11:09:05.459438,-0.0017746228926353025,0.0,-0.10000000000000142,0.0,56.3,56.35,56.25,56.3,4.0,364.0,1265.0,763.0,False,False
006208,2022-10-26 11:09:05.528049,-0.0017746228926353025,0.0,-0.10000000000000142,0.0,56.3,56.35,56.25,56.3,4.0,364.0,1265.0,763.0,False,False
006208,2022-10-26 11:09:05.731813,-0.0017746228926353025,0.0,-0.10000000000000142,0.0,56.3,56.35,56.25,56.3,4.0,364.0,1265.0,763.0,False,False
006208,2022-10-26 11:09:05.885118,-0.0017746228926353025,0.0,-0.10000000000000142,0.0,56.3,56.35,56.25,56.3,4.0,364.0,1265.0,763.0,False,False
006208,2022-10-26 11:09:05.932067,-0.0017746228926353025,0.0,-0.10000000000000142,0.0,56.3,56.35,56.25,56.3,4.0,324.0,1265.0,763.0,False,False
006208,2022-10-26 11:09:07.197508,-0.0017746228926353025,0.0,-0.10000000000000142,0.0,56.3,56.35,56.25,56.3,4.0,324.0,1335.0,759.0,True,True
006208,2022-10-26 11:09:07.535844,-0.0017746228926353025,0.0,-0.10000000000000142,0.0,56.3,56.35,56.25,56.3,4.0,364.0,1335.0,759.0,False,False
006208,2022-10-26 11:09:07.959375,-0.0017746228926353025,0.0,-0.10000000000000142,0.0,56.3,56.35,56.25,56.3,4.0,363.0,1335.0,759.0,False,False
006208,2022-10-26 11:09:10.306502,-0.0017746228926353025,0.0,-0.10000000000000142,0.0,56.3,56.35,56.25,56.3,4.0,362.0,1335.0,759.0,False,False
006208,2022-10-26 11:09:10.849999,-0.0017746228926353025,0.0,-0.10000000000000142,0.0,56.3,56.35,56.25,56.3,4.0,362.0,1335.0,759.0,False,False
006208,2022-10-26 11:09:11.938349,-0.0017746228926353025,0.0,-0.10000000000000142,0.0,56.3,56.35,56.25,56.3,4.0,362.0,1335.0,759.0,False,False
006208,2022-10-26 11:09:12.227347,-0.0017746228926353025,0.0,-0.10000000000000142,0.0,56.3,56.35,56.25,56.3,5.0,362.0,1335.0,759.0,False,False
006208,2022-10-26 11:09:12.717064,-0.0017746228926353025,0.0,-0.10000000000000142,0.0,56.3,56.35,56.25,56.3,5.0,362.0,1335.0,759.0,False,False
006208,2022-10-26 11:09:15.870957,-0.0017746228926353025,0.0,-0.10000000000000142,0.0,56.3,56.35,56.25,56.3,5.0,362.0,1335.0,759.0,False,False
006208,2022-10-26 11:09:15.874369,-0.0017746228926353025,0.0,-0.10000000000000142,0.0,56.3,56.35,56.25,56.3,5.0,362.0,1335.0,759.0,False,False
006208,2022-10-26 11:09:16.012187,-0.0017746228926353025,0.0,-0.10000000000000142,0.0,56.3,56.35,56.25,56.3,5.0,362.0,1335.0,759.0,False,False
006208,2022-10-26 11:09:16.271918,-0.0017746228926353025,0.0,-0.10000000000000142,0.0,56.3,56.35,56.25,56.3,5.0,362.0,1335.0,759.0,False,False
006208,2022-10-26 11:09:16.272155,-0.0017746228926353025,0.0,-0.10000000000000142,0.0,56.3,56.35,56.25,56.3,5.0,342.0,1335.0,759.0,False,False
006208,2022-10-26 11:09:16.459915,-0.0017746228926353025,0.0,-0.10000000000000142,0.0,56.3,56.35,56.25,56.3,5.0,342.0,1335.0,759.0,False,False
006208,2022-10-26 11:09:16.569066,-0.0017746228926353025,0.0,-0.10000000000000142,0.0,56.3,56.35,56.25,56.3,5.0,376.0,1335.0,759.0,False,False
006208,2022-10-26 11:09:18.489947,-0.0017746228926353025,0.0,-0.10000000000000142,0.0,56.3,56.35,56.25,56.3,5.0,377.0,1335.0,759.0,False,False
006208,2022-10-26 11:09:20.301362,-0.0017746228926353025,0.0,-0.10000000000000142,0.0,56.3,56.35,56.25,56.3,5.0,376.0,1335.0,759.0,False,False
006208,2022-10-26 11:09:21.766600,-0.0017746228926353025,0.0,-0.10000000000000142,0.0,56.3,56.35,56.25,56.3,6.0,376.0,1335.0,759.0,False,False
006208,2022-10-26 11:09:21.903707,-0.0017746228926353025,0.0,-0.10000000000000142,0.0,56.3,56.35,56.25,56.3,8.0,376.0,1335.0,759.0,False,False
006208,2022-10-26 11:09:23.821655,-0.0017746228926353025,0.0,-0.10000000000000142,0.0,56.3,56.35,56.25,56.3,7.0,376.0,1335.0,759.0,False,False
006208,2022-10-26 11:09:24.983493,-0.0017746228926353025,0.0,-0.10000000000000142,0.0,56.3,56.35,56.25,56.3,7.0,376.0,1335.0,759.0,False,False
006208,2022-10-26 11:09:25.382251,-0.0017746228926353025,0.0,-0.10000000000000142,0.0,56.3,56.35,56.25,56.3,7.0,376.0,1335.0,759.0,False,False
006208,2022-10-26 11:09:25.451942,-0.0017746228926353025,0.0,-0.10000000000000142,0.0,56.3,56.35,56.25,56.3,7.0,336.0,1335.0,759.0,False,False
006208,2022-10-26 11:09:25.509679,-0.0017746228926353025,0.0,-0.10000000000000142,0.0,56.3,56.35,56.25,56.3,7.0,376.0,1335.0,759.0,False,False
006208,2022-10-26 11:09:26.006120,-0.0017746228926353025,0.0,-0.10000000000000142,0.0,56.3,56.35,56.25,56.3,7.0,376.0,1335.0,759.0,False,False
006208,2022-10-26 11:09:26.433564,-0.0017746228926353025,0.0,-0.10000000000000142,0.0,56.3,56.35,56.25,56.3,7.0,376.0,1335.0,759.0,False,False
006208,2022-10-26 11:09:26.444844,-0.0017746228926353025,0.0,-0.10000000000000142,0.0,56.3,56.35,56.25,56.3,7.0,376.0,1335.0,759.0,False,False
006208,2022-10-26 11:09:26.587287,-0.0017746228926353025,0.0,-0.10000000000000142,0.0,56.3,56.35,56.25,56.3,7.0,376.0,1335.0,759.0,False,False
006208,2022-10-26 11:09:27.022161,-0.0017746228926353025,0.0,-0.10000000000000142,0.0,56.3,56.35,56.25,56.3,7.0,376.0,1335.0,759.0,False,False
006208,2022-10-26 11:09:27.167282,-0.0017746228926353025,0.0,-0.10000000000000142,0.0,56.3,56.35,56.25,56.3,7.0,376.0,1335.0,759.0,False,False
006208,2022-10-26 11:09:27.287886,-0.0017746228926353025,0.0,-0.10000000000000142,0.0,56.3,56.35,56.25,56.3,7.0,410.0,1335.0,759.0,False,False
006208,2022-10-26 11:09:28.233829,-0.0017746228926353025,-0.000888099467140302,-0.10000000000000142,-0.04999999999999716,56.25,56.35,56.25,56.3,80.0,410.0,1335.0,759.0,False,False
006208,2022-10-26 11:09:28.271412,-0.0017746228926353025,-0.000888099467140302,-0.10000000000000142,-0.04999999999999716,56.25,56.35,56.25,56.3,80.0,410.0,1335.0,759.0,False,False
006208,2022-10-26 11:09:28.343474,-0.0017746228926353025,-0.000888099467140302,-0.10000000000000142,-0.04999999999999716,56.25,56.35,56.25,56.3,80.0,410.0,1335.0,759.0,False,False
006208,2022-10-26 11:09:28.422820,-0.0017746228926353025,-0.000888099467140302,-0.10000000000000142,-0.04999999999999716,56.25,56.35,56.25,56.3,40.0,410.0,1335.0,759.0,False,False
006208,2022-10-26 11:09:28.556347,-0.0017746228926353025,-0.000888099467140302,-0.10000000000000142,-0.04999999999999716,56.25,56.35,56.25,56.3,40.0,410.0,1335.0,759.0,False,False
006208,2022-10-26 11:09:28.810163,-0.0017746228926353025,-0.000888099467140302,-0.10000000000000142,-0.04999999999999716,56.25,56.35,56.25,56.3,40.0,410.0,1335.0,759.0,False,False
006208,2022-10-26 11:09:28.838218,-0.0017746228926353025,-0.000888099467140302,-0.10000000000000142,-0.04999999999999716,56.25,56.35,56.25,56.3,40.0,410.0,1335.0,759.0,False,False
006208,2022-10-26 11:09:29.849375,-0.0017746228926353025,-0.000888099467140302,-0.10000000000000142,-0.04999999999999716,56.25,56.35,56.25,56.3,41.0,410.0,1335.0,759.0,False,False
006208,2022-10-26 11:09:30.049014,-0.0017746228926353025,-0.000888099467140302,-0.10000000000000142,-0.04999999999999716,56.25,56.35,56.25,56.3,7.0,410.0,1335.0,759.0,False,False
006208,2022-10-26 11:09:30.107594,-0.0017746228926353025,-0.000888099467140302,-0.10000000000000142,-0.04999999999999716,56.25,56.35,56.25,56.3,7.0,342.0,1335.0,759.0,False,False
006208,2022-10-26 11:09:30.107995,-0.0017746228926353025,-0.000888099467140302,-0.10000000000000142,-0.04999999999999716,56.25,56.35,56.25,56.3,7.0,342.0,1335.0,759.0,False,False
006208,2022-10-26 11:09:30.125729,-0.0017746228926353025,-0.000888099467140302,-0.10000000000000142,-0.04999999999999716,56.25,56.35,56.25,56.3,7.0,342.0,1335.0,759.0,False,False
006208,2022-10-26 11:09:30.281690,-0.0017746228926353025,-0.000888099467140302,-0.10000000000000142,-0.04999999999999716,56.25,56.35,56.25,56.3,7.0,341.0,1335.0,759.0,False,False
006208,2022-10-26 11:09:30.418284,-0.0017746228926353025,-0.000888099467140302,-0.10000000000000142,-0.04999999999999716,56.25,56.35,56.25,56.3,7.0,361.0,1335.0,759.0,False,False
006208,2022-10-26 11:09:30.422100,-0.0017746228926353025,-0.000888099467140302,-0.10000000000000142,-0.04999999999999716,56.25,56.35,56.25,56.3,7.0,361.0,1335.0,759.0,False,False
006208,2022-10-26 11:09:31.320895,-0.0017746228926353025,-0.000888099467140302,-0.10000000000000142,-0.04999999999999716,56.25,56.35,56.25,56.3,7.0,361.0,1335.0,759.0,False,False
006208,2022-10-26 11:09:31.343507,-0.0017746228926353025,-0.000888099467140302,-0.10000000000000142,-0.04999999999999716,56.25,56.35,56.25,56.3,7.0,361.0,1335.0,759.0,False,False
006208,2022-10-26 11:09:31.424826,-0.0017746228926353025,-0.000888099467140302,-0.10000000000000142,-0.04999999999999716,56.25,56.35,56.25,56.3,7.0,361.0,1335.0,759.0,False,False
006208,2022-10-26 11:09:31.639962,-0.0017746228926353025,-0.000888099467140302,-0.10000000000000142,-0.04999999999999716,56.25,56.35,56.25,56.3,7.0,361.0,1335.0,759.0,False,False
006208,2022-10-26 11:09:31.661854,-0.0017746228926353025,-0.000888099467140302,-0.10000000000000142,-0.04999999999999716,56.25,56.35,56.25,56.3,7.0,361.0,1335.0,759.0,False,False
006208,2022-10-26 11:09:32.170116,-0.0017746228926353025,-0.000888099467140302,-0.10000000000000142,-0.04999999999999716,56.25,56.35,56.25,56.3,7.0,361.0,1335.0,759.0,False,False
006208,2022-10-26 11:09:32.170558,-0.0017746228926353025,-0.000888099467140302,-0.10000000000000142,-0.04999999999999716,56.25,56.35,56.25,56.3,7.0,361.0,1335.0,759.0,False,False
006208,2022-10-26 11:09:32.551875,-0.0017746228926353025,-0.000888099467140302,-0.10000000000000142,-0.04999999999999716,56.25,56.35,56.25,56.3,7.0,361.0,1335.0,759.0,False,False
006208,2022-10-26 11:09:32.572179,-0.0017746228926353025,-0.000888099467140302,-0.10000000000000142,-0.04999999999999716,56.25,56.35,56.25,56.3,7.0,395.0,1335.0,759.0,False,False
006208,2022-10-26 11:09:32.669794,-0.0017746228926353025,-0.000888099467140302,-0.10000000000000142,-0.04999999999999716,56.25,56.35,56.25,56.3,7.0,395.0,1335.0,759.0,False,False
006208,2022-10-26 11:09:33.139568,-0.0017746228926353025,-0.000888099467140302,-0.10000000000000142,-0.04999999999999716,56.25,56.35,56.25,56.3,7.0,355.0,1335.0,759.0,False,False
006208,2022-10-26 11:09:33.203208,-0.000888099467140302,-0.000888099467140302,-0.04999999999999716,-0.04999999999999716,56.25,56.3,56.25,56.3,7.0,40.0,1335.0,759.0,False,False
006208,2022-10-26 11:09:33.267714,-0.000888099467140302,-0.000888099467140302,-0.04999999999999716,-0.04999999999999716,56.25,56.3,56.25,56.3,7.0,40.0,1335.0,759.0,False,False
006208,2022-10-26 11:09:33.534289,-0.000888099467140302,-0.000888099467140302,-0.04999999999999716,-0.04999999999999716,56.25,56.3,56.25,56.3,7.0,40.0,1335.0,759.0,False,False
006208,2022-10-26 11:09:34.305082,-0.000888099467140302,-0.000888099467140302,-0.04999999999999716,-0.04999999999999716,56.25,56.3,56.25,56.3,7.0,40.0,1335.0,759.0,False,False
006208,2022-10-26 11:09:34.806721,-0.000888099467140302,-0.000888099467140302,-0.04999999999999716,-0.04999999999999716,56.25,56.3,56.25,56.3,7.0,40.0,1335.0,759.0,False,False
006208,2022-10-26 11:09:34.819569,-0.000888099467140302,-0.000888099467140302,-0.04999999999999716,-0.04999999999999716,56.25,56.3,56.25,56.3,7.0,40.0,1335.0,759.0,False,False
006208,2022-10-26 11:09:36.935728,-0.000888099467140302,-0.000888099467140302,-0.04999999999999716,-0.04999999999999716,56.25,56.3,56.25,56.3,7.0,40.0,1335.0,759.0,False,False
006208,2022-10-26 11:09:36.935761,-0.000888099467140302,-0.000888099467140302,-0.04999999999999716,-0.04999999999999716,56.25,56.3,56.25,56.3,7.0,40.0,1335.0,759.0,False,False
006208,2022-10-26 11:09:37.305301,-0.000888099467140302,-0.000888099467140302,-0.04999999999999716,-0.04999999999999716,56.25,56.3,56.25,56.3,7.0,40.0,1375.0,759.0,True,True
006208,2022-10-26 11:09:38.306367,-0.000888099467140302,-0.000888099467140302,-0.04999999999999716,-0.04999999999999716,56.25,56.3,56.25,56.3,7.0,40.0,1375.0,759.0,False,False
006208,2022-10-26 11:09:39.258565,-0.000888099467140302,-0.000888099467140302,-0.04999999999999716,-0.04999999999999716,56.25,56.3,56.25,56.3,7.0,40.0,1375.0,759.0,False,False
006208,2022-10-26 11:09:39.268744,-0.000888099467140302,-0.000888099467140302,-0.04999999999999716,-0.04999999999999716,56.25,56.3,56.25,56.3,7.0,40.0,1375.0,759.0,False,False
006208,2022-10-26 11:09:40.128629,-0.000888099467140302,-0.000888099467140302,-0.04999999999999716,-0.04999999999999716,56.25,56.3,56.25,56.3,7.0,40.0,1375.0,759.0,False,False
006208,2022-10-26 11:09:40.128788,-0.000888099467140302,-0.000888099467140302,-0.04999999999999716,-0.04999999999999716,56.25,56.3,56.25,56.3,7.0,40.0,1375.0,759.0,False,False
006208,2022-10-26 11:09:41.989197,-0.000888099467140302,-0.000888099467140302,-0.04999999999999716,-0.04999999999999716,56.25,56.3,56.25,56.3,7.0,39.0,1375.0,759.0,False,False
006208,2022-10-26 11:09:42.128183,-0.000888099467140302,-0.000888099467140302,-0.04999999999999716,-0.04999999999999716,56.25,56.3,56.25,56.3,7.0,39.0,1375.0,759.0,False,False
006208,2022-10-26 11:09:42.258917,-0.000888099467140302,-0.000888099467140302,-0.04999999999999716,-0.04999999999999716,56.25,56.3,56.25,56.3,7.0,39.0,1375.0,759.0,False,False
006208,2022-10-26 11:09:43.526087,-0.000888099467140302,-0.000888099467140302,-0.04999999999999716,-0.04999999999999716,56.25,56.3,56.25,56.3,7.0,39.0,1375.0,759.0,False,False
006208,2022-10-26 11:09:43.529714,-0.000888099467140302,-0.000888099467140302,-0.04999999999999716,-0.04999999999999716,56.25,56.3,56.25,56.3,7.0,39.0,1375.0,759.0,False,False
006208,2022-10-26 11:09:43.671094,-0.000888099467140302,-0.000888099467140302,-0.04999999999999716,-0.04999999999999716,56.25,56.3,56.25,56.3,7.0,39.0,1375.0,759.0,False,False
006208,2022-10-26 11:09:45.984166,-0.000888099467140302,-0.000888099467140302,-0.04999999999999716,-0.04999999999999716,56.25,56.3,56.25,56.3,7.0,39.0,1375.0,759.0,False,False
006208,2022-10-26 11:09:45.984295,-0.000888099467140302,-0.000888099467140302,-0.04999999999999716,-0.04999999999999716,56.25,56.3,56.25,56.3,7.0,39.0,1375.0,759.0,False,False
006208,2022-10-26 11:09:47.340159,-0.000888099467140302,-0.000888099467140302,-0.04999999999999716,-0.04999999999999716,56.25,56.3,56.25,56.3,7.0,39.0,1341.0,759.0,True,True
006208,2022-10-26 11:09:47.395225,-0.000888099467140302,-0.000888099467140302,-0.04999999999999716,-0.04999999999999716,56.25,56.3,56.25,56.3,7.0,39.0,1341.0,759.0,False,False
006208,2022-10-26 11:09:47.395547,-0.000888099467140302,-0.000888099467140302,-0.04999999999999716,-0.04999999999999716,56.25,56.3,56.25,56.3,7.0,39.0,1341.0,759.0,False,False
006208,2022-10-26 11:09:48.074792,-0.000888099467140302,-0.000888099467140302,-0.04999999999999716,-0.04999999999999716,56.25,56.3,56.25,56.3,7.0,39.0,1341.0,759.0,False,False
006208,2022-10-26 11:09:50.286691,-0.000888099467140302,-0.000888099467140302,-0.04999999999999716,-0.04999999999999716,56.25,56.3,56.25,56.3,7.0,38.0,1341.0,759.0,False,False
006208,2022-10-26 11:09:50.369691,-0.000888099467140302,-0.000888099467140302,-0.04999999999999716,-0.04999999999999716,56.25,56.3,56.25,56.3,7.0,38.0,1341.0,759.0,False,False
006208,2022-10-26 11:09:50.392674,-0.000888099467140302,-0.000888099467140302,-0.04999999999999716,-0.04999999999999716,56.25,56.3,56.25,56.3,7.0,38.0,1341.0,759.0,False,False
006208,2022-10-26 11:09:52.374279,-0.000888099467140302,-0.000888099467140302,-0.04999999999999716,-0.04999999999999716,56.25,56.3,56.25,56.3,8.0,38.0,1341.0,759.0,False,False
006208,2022-10-26 11:09:52.729306,-0.000888099467140302,-0.000888099467140302,-0.04999999999999716,-0.04999999999999716,56.25,56.3,56.25,56.3,7.0,38.0,1341.0,759.0,False,False
006208,2022-10-26 11:09:53.657128,-0.000888099467140302,-0.000888099467140302,-0.04999999999999716,-0.04999999999999716,56.25,56.3,56.25,56.3,7.0,38.0,1341.0,759.0,False,False
006208,2022-10-26 11:09:53.660472,-0.000888099467140302,-0.000888099467140302,-0.04999999999999716,-0.04999999999999716,56.25,56.3,56.25,56.3,7.0,38.0,1341.0,759.0,False,False
006208,2022-10-26 11:09:53.792431,-0.000888099467140302,-0.000888099467140302,-0.04999999999999716,-0.04999999999999716,56.25,56.3,56.25,56.3,7.0,38.0,1341.0,759.0,False,False
006208,2022-10-26 11:09:55.143992,-0.000888099467140302,-0.000888099467140302,-0.04999999999999716,-0.04999999999999716,56.25,56.3,56.25,56.3,7.0,48.0,1341.0,759.0,False,False
006208,2022-10-26 11:09:56.091623,-0.000888099467140302,-0.000888099467140302,-0.04999999999999716,-0.04999999999999716,56.25,56.3,56.25,56.3,7.0,48.0,1341.0,759.0,False,False
006208,2022-10-26 11:09:57.442156,-0.000888099467140302,-0.000888099467140302,-0.04999999999999716,-0.04999999999999716,56.25,56.3,56.25,56.3,7.0,48.0,1253.0,759.0,True,True
006208,2022-10-26 11:10:00.383182,-0.000888099467140302,-0.000888099467140302,-0.04999999999999716,-0.04999999999999716,56.25,56.3,56.25,56.3,7.0,47.0,1253.0,759.0,False,False
006208,2022-10-26 11:10:00.576314,-0.000888099467140302,-0.000888099467140302,-0.04999999999999716,-0.04999999999999716,56.25,56.3,56.25,56.3,7.0,47.0,1253.0,759.0,False,False
006208,2022-10-26 11:10:00.693533,-0.000888099467140302,-0.000888099467140302,-0.04999999999999716,-0.04999999999999716,56.25,56.3,56.25,56.3,7.0,47.0,1253.0,759.0,False,False
006208,2022-10-26 11:10:00.751048,-0.000888099467140302,-0.000888099467140302,-0.04999999999999716,-0.04999999999999716,56.25,56.3,56.25,56.3,7.0,47.0,1253.0,759.0,False,False
006208,2022-10-26 11:10:02.795711,-0.000888099467140302,-0.000888099467140302,-0.04999999999999716,-0.04999999999999716,56.25,56.3,56.25,56.3,7.0,47.0,1253.0,759.0,False,False
006208,2022-10-26 11:10:02.795836,-0.000888099467140302,-0.000888099467140302,-0.04999999999999716,-0.04999999999999716,56.25,56.3,56.25,56.3,7.0,47.0,1253.0,759.0,False,False
006208,2022-10-26 11:10:03.853260,-0.000888099467140302,-0.000888099467140302,-0.04999999999999716,-0.04999999999999716,56.25,56.3,56.25,56.3,7.0,47.0,1253.0,759.0,False,False
006208,2022-10-26 11:10:03.861746,-0.000888099467140302,-0.000888099467140302,-0.04999999999999716,-0.04999999999999716,56.25,56.3,56.25,56.3,7.0,47.0,1253.0,759.0,False,False
006208,2022-10-26 11:10:03.989636,-0.000888099467140302,-0.000888099467140302,-0.04999999999999716,-0.04999999999999716,56.25,56.3,56.25,56.3,7.0,47.0,1253.0,759.0,False,False
006208,2022-10-26 11:10:04.791887,-0.000888099467140302,-0.000888099467140302,-0.04999999999999716,-0.04999999999999716,56.25,56.3,56.25,56.3,7.0,47.0,1253.0,759.0,False,False
006208,2022-10-26 11:10:04.792178,-0.000888099467140302,-0.000888099467140302,-0.04999999999999716,-0.04999999999999716,56.25,56.3,56.25,56.3,7.0,47.0,1253.0,759.0,False,False
006208,2022-10-26 11:10:06.935869,-0.000888099467140302,-0.000888099467140302,-0.04999999999999716,-0.04999999999999716,56.25,56.3,56.25,56.3,7.0,47.0,1253.0,759.0,False,True
006208,2022-10-26 11:10:10.398503,-0.000888099467140302,-0.000888099467140302,-0.04999999999999716,-0.04999999999999716,56.25,56.3,56.25,56.3,7.0,46.0,1253.0,759.0,False,False
006208,2022-10-26 11:10:10.482097,-0.000888099467140302,-0.000888099467140302,-0.04999999999999716,-0.04999999999999716,56.25,56.3,56.25,56.3,7.0,46.0,1253.0,759.0,False,False
006208,2022-10-26 11:10:10.611042,-0.000888099467140302,-0.000888099467140302,-0.04999999999999716,-0.04999999999999716,56.25,56.3,56.25,56.3,7.0,46.0,1253.0,759.0,False,False
006208,2022-10-26 11:10:13.870893,-0.000888099467140302,-0.000888099467140302,-0.04999999999999716,-0.04999999999999716,56.25,56.3,56.25,56.3,83.0,46.0,1253.0,759.0,False,False
006208,2022-10-26 11:10:14.012340,-0.000888099467140302,-0.000888099467140302,-0.04999999999999716,-0.04999999999999716,56.25,56.3,56.25,56.3,83.0,46.0,1253.0,759.0,False,False
006208,2022-10-26 11:10:14.014034,-0.000888099467140302,-0.000888099467140302,-0.04999999999999716,-0.04999999999999716,56.25,56.3,56.25,56.3,83.0,46.0,1253.0,759.0,False,False
006208,2022-10-26 11:10:14.152987,-0.000888099467140302,-0.000888099467140302,-0.04999999999999716,-0.04999999999999716,56.25,56.3,56.25,56.3,83.0,46.0,1253.0,759.0,False,False
006208,2022-10-26 11:10:15.017995,-0.000888099467140302,-0.000888099467140302,-0.04999999999999716,-0.04999999999999716,56.25,56.3,56.25,56.3,83.0,45.0,1253.0,759.0,False,False
006208,2022-10-26 11:10:15.288479,-0.000888099467140302,-0.000888099467140302,-0.04999999999999716,-0.04999999999999716,56.25,56.3,56.25,56.3,83.0,45.0,1253.0,759.0,False,False
006208,2022-10-26 11:10:15.622251,-0.000888099467140302,-0.000888099467140302,-0.04999999999999716,-0.04999999999999716,56.25,56.3,56.25,56.3,83.0,45.0,1253.0,759.0,False,False
006208,2022-10-26 11:10:15.764134,-0.000888099467140302,-0.000888099467140302,-0.04999999999999716,-0.04999999999999716,56.25,56.3,56.25,56.3,83.0,45.0,1253.0,759.0,False,False
006208,2022-10-26 11:10:17.012464,-0.000888099467140302,-0.000888099467140302,-0.04999999999999716,-0.04999999999999716,56.25,56.3,56.25,56.3,83.0,45.0,1231.0,759.0,True,True
006208,2022-10-26 11:10:20.440623,-0.000888099467140302,-0.000888099467140302,-0.04999999999999716,-0.04999999999999716,56.25,56.3,56.25,56.3,83.0,44.0,1231.0,759.0,False,False
006208,2022-10-26 11:10:20.514038,-0.000888099467140302,-0.000888099467140302,-0.04999999999999716,-0.04999999999999716,56.25,56.3,56.25,56.3,83.0,44.0,1231.0,759.0,False,False
006208,2022-10-26 11:10:21.010102,-0.000888099467140302,-0.000888099467140302,-0.04999999999999716,-0.04999999999999716,56.25,56.3,56.25,56.3,83.0,44.0,1231.0,759.0,False,False
006208,2022-10-26 11:10:22.760804,-0.000888099467140302,-0.000888099467140302,-0.04999999999999716,-0.04999999999999716,56.25,56.3,56.25,56.3,83.0,44.0,1231.0,759.0,False,False
006208,2022-10-26 11:10:24.156794,-0.000888099467140302,-0.000888099467140302,-0.04999999999999716,-0.04999999999999716,56.25,56.3,56.25,56.3,83.0,44.0,1231.0,759.0,False,False
006208,2022-10-26 11:10:24.159579,-0.000888099467140302,-0.000888099467140302,-0.04999999999999716,-0.04999999999999716,56.25,56.3,56.25,56.3,83.0,44.0,1231.0,759.0,False,False
006208,2022-10-26 11:10:24.291279,-0.000888099467140302,-0.000888099467140302,-0.04999999999999716,-0.04999999999999716,56.25,56.3,56.25,56.3,83.0,44.0,1231.0,759.0,False,False
006208,2022-10-26 11:10:25.011583,-0.000888099467140302,-0.000888099467140302,-0.04999999999999716,-0.04999999999999716,56.25,56.3,56.25,56.3,84.0,44.0,1231.0,759.0,False,False
006208,2022-10-26 11:10:26.371012,-0.000888099467140302,-0.000888099467140302,-0.04999999999999716,-0.04999999999999716,56.25,56.3,56.25,56.3,84.0,44.0,1231.0,759.0,False,False
006208,2022-10-26 11:10:26.371409,-0.000888099467140302,-0.000888099467140302,-0.04999999999999716,-0.04999999999999716,56.25,56.3,56.25,56.3,84.0,44.0,1231.0,759.0,False,False
006208,2022-10-26 11:10:27.074516,-0.000888099467140302,-0.000888099467140302,-0.04999999999999716,-0.04999999999999716,56.25,56.3,56.25,56.3,84.0,44.0,1214.0,571.0,True,True
006208,2022-10-26 11:10:28.333473,-0.000888099467140302,-0.000888099467140302,-0.04999999999999716,-0.04999999999999716,56.25,56.3,56.25,56.3,84.0,44.0,1214.0,571.0,False,False
006208,2022-10-26 11:10:30.425901,-0.000888099467140302,-0.000888099467140302,-0.04999999999999716,-0.04999999999999716,56.25,56.3,56.25,56.3,84.0,43.0,1214.0,571.0,False,False
006208,2022-10-26 11:10:30.606820,-0.000888099467140302,-0.000888099467140302,-0.04999999999999716,-0.04999999999999716,56.25,56.3,56.25,56.3,84.0,43.0,1214.0,571.0,False,False
006208,2022-10-26 11:10:30.638203,-0.000888099467140302,-0.000888099467140302,-0.04999999999999716,-0.04999999999999716,56.25,56.3,56.25,56.3,84.0,43.0,1214.0,571.0,False,False
006208,2022-10-26 11:10:30.789113,-0.000888099467140302,-0.000888099467140302,-0.04999999999999716,-0.04999999999999716,56.25,56.3,56.25,56.3,84.0,43.0,1214.0,571.0,False,False
006208,2022-10-26 11:10:31.640192,-0.000888099467140302,-0.000888099467140302,-0.04999999999999716,-0.04999999999999716,56.25,56.3,56.25,56.3,84.0,43.0,1214.0,571.0,False,False
006208,2022-10-26 11:10:34.291659,-0.000888099467140302,-0.000888099467140302,-0.04999999999999716,-0.04999999999999716,56.25,56.3,56.25,56.3,84.0,43.0,1214.0,571.0,False,False
006208,2022-10-26 11:10:34.298239,-0.000888099467140302,-0.000888099467140302,-0.04999999999999716,-0.04999999999999716,56.25,56.3,56.25,56.3,84.0,43.0,1214.0,571.0,False,False
006208,2022-10-26 11:10:34.430720,-0.000888099467140302,-0.000888099467140302,-0.04999999999999716,-0.04999999999999716,56.25,56.3,56.25,56.3,84.0,43.0,1214.0,571.0,False,False
006208,2022-10-26 11:10:36.317645,-0.000888099467140302,-0.000888099467140302,-0.04999999999999716,-0.04999999999999716,56.25,56.3,56.25,56.3,84.0,43.0,1214.0,571.0,False,False
006208,2022-10-26 11:10:36.337422,-0.000888099467140302,-0.000888099467140302,-0.04999999999999716,-0.04999999999999716,56.25,56.3,56.25,56.3,84.0,43.0,1214.0,571.0,False,False
006208,2022-10-26 11:10:37.016792,-0.000888099467140302,-0.000888099467140302,-0.04999999999999716,-0.04999999999999716,56.25,56.3,56.25,56.3,84.0,43.0,1214.0,571.0,False,False
006208,2022-10-26 11:10:37.124366,-0.000888099467140302,-0.000888099467140302,-0.04999999999999716,-0.04999999999999716,56.25,56.3,56.25,56.3,84.0,43.0,1214.0,549.0,True,True
006208,2022-10-26 11:10:37.094209,-0.000888099467140302,-0.000888099467140302,-0.04999999999999716,-0.04999999999999716,56.25,56.3,56.25,56.3,84.0,43.0,1214.0,549.0,False,False
006208,2022-10-26 11:10:37.339004,-0.000888099467140302,-0.000888099467140302,-0.04999999999999716,-0.04999999999999716,56.25,56.3,56.25,56.3,84.0,143.0,1214.0,549.0,False,False
006208,2022-10-26 11:10:37.339064,-0.000888099467140302,-0.000888099467140302,-0.04999999999999716,-0.04999999999999716,56.25,56.3,56.25,56.3,84.0,143.0,1214.0,549.0,False,False
006208,2022-10-26 11:10:38.016639,-0.000888099467140302,-0.000888099467140302,-0.04999999999999716,-0.04999999999999716,56.25,56.3,56.25,56.3,84.0,144.0,1214.0,549.0,False,False
006208,2022-10-26 11:10:40.166540,-0.000888099467140302,-0.000888099467140302,-0.04999999999999716,-0.04999999999999716,56.25,56.3,56.25,56.3,84.0,144.0,1214.0,549.0,False,False
006208,2022-10-26 11:10:40.174555,-0.000888099467140302,-0.000888099467140302,-0.04999999999999716,-0.04999999999999716,56.25,56.3,56.25,56.3,84.0,144.0,1214.0,549.0,False,False
006208,2022-10-26 11:10:40.694635,-0.000888099467140302,-0.000888099467140302,-0.04999999999999716,-0.04999999999999716,56.25,56.3,56.25,56.3,84.0,144.0,1214.0,549.0,False,False
006208,2022-10-26 11:10:40.698826,-0.000888099467140302,-0.000888099467140302,-0.04999999999999716,-0.04999999999999716,56.25,56.3,56.25,56.3,84.0,144.0,1214.0,549.0,False,False
006208,2022-10-26 11:10:43.034195,-0.000888099467140302,-0.000888099467140302,-0.04999999999999716,-0.04999999999999716,56.25,56.3,56.25,56.3,84.0,144.0,1214.0,549.0,False,False
006208,2022-10-26 11:10:43.034397,-0.000888099467140302,-0.000888099467140302,-0.04999999999999716,-0.04999999999999716,56.25,56.3,56.25,56.3,84.0,219.0,1214.0,549.0,False,False
006208,2022-10-26 11:10:44.421316,-0.000888099467140302,-0.000888099467140302,-0.04999999999999716,-0.04999999999999716,56.25,56.3,56.25,56.3,84.0,219.0,1214.0,549.0,False,False
006208,2022-10-26 11:10:44.476511,-0.000888099467140302,-0.000888099467140302,-0.04999999999999716,-0.04999999999999716,56.25,56.3,56.25,56.3,84.0,219.0,1214.0,549.0,False,False
006208,2022-10-26 11:10:44.564671,-0.000888099467140302,-0.000888099467140302,-0.04999999999999716,-0.04999999999999716,56.25,56.3,56.25,56.3,84.0,219.0,1214.0,549.0,False,False
006208,2022-10-26 11:10:45.236736,-0.000888099467140302,-0.000888099467140302,-0.04999999999999716,-0.04999999999999716,56.25,56.3,56.25,56.3,160.0,219.0,1214.0,549.0,False,False
006208,2022-10-26 11:10:46.415100,-0.000888099467140302,-0.000888099467140302,-0.04999999999999716,-0.04999999999999716,56.25,56.3,56.25,56.3,160.0,219.0,1214.0,549.0,False,False
006208,2022-10-26 11:10:46.809896,-0.000888099467140302,-0.000888099467140302,-0.04999999999999716,-0.04999999999999716,56.25,56.3,56.25,56.3,160.0,219.0,1214.0,549.0,False,False
006208,2022-10-26 11:10:47.166498,0.0,-0.0017746228926353025,0.0,-0.10000000000000142,56.25,56.3,56.3,56.35,160.0,219.0,68.0,1210.0,True,True
006208,2022-10-26 11:10:47.672246,0.0,-0.0017746228926353025,0.0,-0.10000000000000142,56.25,56.3,56.3,56.35,160.0,219.0,68.0,1210.0,False,False
006208,2022-10-26 11:10:47.677464,0.0,-0.0017746228926353025,0.0,-0.10000000000000142,56.25,56.3,56.3,56.35,160.0,249.0,68.0,1210.0,False,False
006208,2022-10-26 11:10:48.656979,0.0,-0.0017746228926353025,0.0,-0.10000000000000142,56.25,56.3,56.3,56.35,160.0,289.0,68.0,1210.0,False,False
006208,2022-10-26 11:10:49.103011,0.0,-0.0017746228926353025,0.0,-0.10000000000000142,56.25,56.3,56.3,56.35,160.0,259.0,68.0,1210.0,False,False
006208,2022-10-26 11:10:49.110610,0.0,-0.0017746228926353025,0.0,-0.10000000000000142,56.25,56.3,56.3,56.35,160.0,258.0,68.0,1210.0,False,False
006208,2022-10-26 11:10:49.108795,0.0,-0.0017746228926353025,0.0,-0.10000000000000142,56.25,56.3,56.3,56.35,160.0,259.0,68.0,1210.0,False,False
006208,2022-10-26 11:10:49.160518,0.0,-0.0017746228926353025,0.0,-0.10000000000000142,56.25,56.3,56.3,56.35,160.0,258.0,68.0,1210.0,False,False
006208,2022-10-26 11:10:49.309879,0.0,-0.0017746228926353025,0.0,-0.10000000000000142,56.25,56.3,56.3,56.35,160.0,258.0,68.0,1210.0,False,False
006208,2022-10-26 11:10:49.794049,0.0,-0.0017746228926353025,0.0,-0.10000000000000142,56.25,56.3,56.3,56.35,160.0,226.0,68.0,1210.0,False,False
006208,2022-10-26 11:10:49.814730,0.0,-0.0017746228926353025,0.0,-0.10000000000000142,56.25,56.3,56.3,56.35,160.0,235.0,68.0,1210.0,False,False
006208,2022-10-26 11:10:50.491807,0.0,-0.0017746228926353025,0.0,-0.10000000000000142,56.25,56.3,56.3,56.35,160.0,234.0,68.0,1210.0,False,False
006208,2022-10-26 11:10:50.886843,0.0,-0.0017746228926353025,0.0,-0.10000000000000142,56.25,56.3,56.3,56.35,160.0,254.0,68.0,1210.0,False,False
006208,2022-10-26 11:10:50.892012,0.0,-0.0017746228926353025,0.0,-0.10000000000000142,56.25,56.3,56.3,56.35,160.0,254.0,68.0,1210.0,False,False
006208,2022-10-26 11:10:50.907571,0.0,-0.0017746228926353025,0.0,-0.10000000000000142,56.25,56.3,56.3,56.35,160.0,284.0,68.0,1210.0,False,False
006208,2022-10-26 11:10:53.061292,0.0,-0.0017746228926353025,0.0,-0.10000000000000142,56.25,56.3,56.3,56.35,160.0,284.0,68.0,1210.0,False,False
006208,2022-10-26 11:10:53.061395,0.0,-0.0017746228926353025,0.0,-0.10000000000000142,56.25,56.3,56.3,56.35,160.0,284.0,68.0,1210.0,False,False
006208,2022-10-26 11:10:53.177334,0.0,-0.0017746228926353025,0.0,-0.10000000000000142,56.25,56.3,56.3,56.35,160.0,284.0,68.0,1210.0,False,False
006208,2022-10-26 11:10:53.186225,0.0,-0.0017746228926353025,0.0,-0.10000000000000142,56.25,56.3,56.3,56.35,160.0,264.0,68.0,1210.0,False,False
006208,2022-10-26 11:10:54.556405,0.0,-0.0017746228926353025,0.0,-0.10000000000000142,56.25,56.3,56.3,56.35,160.0,264.0,68.0,1210.0,False,False
006208,2022-10-26 11:10:54.559441,0.0,-0.0017746228926353025,0.0,-0.10000000000000142,56.25,56.3,56.3,56.35,160.0,264.0,68.0,1210.0,False,False
006208,2022-10-26 11:10:54.695283,0.0,-0.0017746228926353025,0.0,-0.10000000000000142,56.25,56.3,56.3,56.35,160.0,264.0,68.0,1210.0,False,False
006208,2022-10-26 11:10:57.105861,0.0,-0.0017746228926353025,0.0,-0.10000000000000142,56.25,56.3,56.3,56.35,160.0,264.0,68.0,1210.0,False,False
006208,2022-10-26 11:10:57.214165,0.0,-0.0017746228926353025,0.0,-0.10000000000000142,56.25,56.3,56.3,56.35,160.0,264.0,88.0,1210.0,True,True
006208,2022-10-26 11:10:57.821615,0.0,-0.0017746228926353025,0.0,-0.10000000000000142,56.25,56.3,56.3,56.35,160.0,314.0,88.0,1210.0,False,False
006208,2022-10-26 11:10:58.471742,0.0,-0.0017746228926353025,0.0,-0.10000000000000142,56.25,56.3,56.3,56.35,160.0,314.0,88.0,1210.0,False,False
006208,2022-10-26 11:10:58.552271,0.0,-0.0017746228926353025,0.0,-0.10000000000000142,56.25,56.3,56.3,56.35,160.0,348.0,88.0,1210.0,False,False
006208,2022-10-26 11:11:00.451691,0.0,-0.0017746228926353025,0.0,-0.10000000000000142,56.25,56.3,56.3,56.35,160.0,347.0,88.0,1210.0,False,False
006208,2022-10-26 11:11:02.494793,0.0,-0.0017746228926353025,0.0,-0.10000000000000142,56.25,56.3,56.3,56.35,160.0,347.0,88.0,1210.0,False,False
006208,2022-10-26 11:11:02.517352,0.0,-0.0017746228926353025,0.0,-0.10000000000000142,56.25,56.3,56.3,56.35,160.0,313.0,88.0,1210.0,False,False
006208,2022-10-26 11:11:03.877585,0.0,-0.0017746228926353025,0.0,-0.10000000000000142,56.25,56.3,56.3,56.35,160.0,313.0,88.0,1210.0,False,False
006208,2022-10-26 11:11:03.885018,0.0,-0.0017746228926353025,0.0,-0.10000000000000142,56.25,56.3,56.3,56.35,160.0,313.0,88.0,1210.0,False,False
006208,2022-10-26 11:11:04.686105,0.0,-0.0017746228926353025,0.0,-0.10000000000000142,56.25,56.3,56.3,56.35,160.0,313.0,88.0,1210.0,False,False
006208,2022-10-26 11:11:04.689606,0.0,-0.0017746228926353025,0.0,-0.10000000000000142,56.25,56.3,56.3,56.35,160.0,313.0,88.0,1210.0,False,False
006208,2022-10-26 11:11:04.822290,0.0,-0.0017746228926353025,0.0,-0.10000000000000142,56.25,56.3,56.3,56.35,160.0,313.0,88.0,1210.0,False,False
006208,2022-10-26 11:11:05.385760,0.0,-0.0017746228926353025,0.0,-0.10000000000000142,56.25,56.3,56.3,56.35,160.0,238.0,88.0,1210.0,False,False
006208,2022-10-26 11:11:05.386491,0.0,-0.0017746228926353025,0.0,-0.10000000000000142,56.25,56.3,56.3,56.35,160.0,238.0,88.0,1210.0,False,False
006208,2022-10-26 11:11:07.090156,0.0,-0.0017746228926353025,0.0,-0.10000000000000142,56.25,56.3,56.3,56.35,160.0,238.0,88.0,1210.0,False,False
006208,2022-10-26 11:11:07.095014,0.0,-0.0017746228926353025,0.0,-0.10000000000000142,56.25,56.3,56.3,56.35,160.0,258.0,88.0,1210.0,False,False
006208,2022-10-26 11:11:07.255134,0.0,-0.0017746228926353025,0.0,-0.10000000000000142,56.25,56.3,56.3,56.35,160.0,258.0,212.0,1210.0,True,True
006208,2022-10-26 11:11:08.912783,0.0,-0.0017746228926353025,0.0,-0.10000000000000142,56.25,56.3,56.3,56.35,160.0,258.0,212.0,1210.0,False,False
006208,2022-10-26 11:11:08.913054,0.0,-0.0017746228926353025,0.0,-0.10000000000000142,56.25,56.3,56.3,56.35,160.0,333.0,212.0,1210.0,False,False
006208,2022-10-26 11:11:10.488837,0.0,-0.0017746228926353025,0.0,-0.10000000000000142,56.25,56.3,56.3,56.35,160.0,332.0,212.0,1210.0,False,False
006208,2022-10-26 11:11:14.814264,0.0,-0.0017746228926353025,0.0,-0.10000000000000142,56.25,56.3,56.3,56.35,160.0,332.0,212.0,1210.0,False,False
006208,2022-10-26 11:11:14.818165,0.0,-0.0017746228926353025,0.0,-0.10000000000000142,56.25,56.3,56.3,56.35,160.0,332.0,212.0,1210.0,False,False
006208,2022-10-26 11:11:14.951415,0.0,-0.0017746228926353025,0.0,-0.10000000000000142,56.25,56.3,56.3,56.35,160.0,332.0,212.0,1210.0,False,False
006208,2022-10-26 11:11:15.128084,0.0,-0.0017746228926353025,0.0,-0.10000000000000142,56.25,56.3,56.3,56.35,160.0,312.0,212.0,1210.0,False,False
006208,2022-10-26 11:11:17.295868,0.0,-0.0017746228926353025,0.0,-0.10000000000000142,56.25,56.3,56.3,56.35,160.0,312.0,502.0,1210.0,True,True
006208,2022-10-26 11:11:17.987526,0.0,-0.0017746228926353025,0.0,-0.10000000000000142,56.25,56.3,56.3,56.35,160.0,312.0,502.0,1210.0,False,False
006208,2022-10-26 11:11:17.987984,0.0,-0.0017746228926353025,0.0,-0.10000000000000142,56.25,56.3,56.3,56.35,160.0,332.0,502.0,1210.0,False,False
006208,2022-10-26 11:11:19.988869,0.0,-0.0017746228926353025,0.0,-0.10000000000000142,56.25,56.3,56.3,56.35,160.0,312.0,502.0,1210.0,False,False
006208,2022-10-26 11:11:19.989238,0.0,-0.0017746228926353025,0.0,-0.10000000000000142,56.25,56.3,56.3,56.35,160.0,312.0,502.0,1210.0,False,False
006208,2022-10-26 11:11:20.478724,0.0,-0.0017746228926353025,0.0,-0.10000000000000142,56.25,56.3,56.3,56.35,160.0,311.0,502.0,1210.0,False,False
006208,2022-10-26 11:11:20.499871,0.0,-0.0017746228926353025,0.0,-0.10000000000000142,56.25,56.3,56.3,56.35,160.0,311.0,502.0,1210.0,False,False
006208,2022-10-26 11:11:22.126213,0.0,-0.0017746228926353025,0.0,-0.10000000000000142,56.25,56.3,56.3,56.35,160.0,310.0,502.0,1210.0,False,False
006208,2022-10-26 11:11:24.109687,0.0,-0.0017746228926353025,0.0,-0.10000000000000142,56.25,56.3,56.3,56.35,160.0,310.0,502.0,1210.0,False,False
006208,2022-10-26 11:11:24.114343,0.0,-0.0017746228926353025,0.0,-0.10000000000000142,56.25,56.3,56.3,56.35,160.0,330.0,502.0,1210.0,False,False
006208,2022-10-26 11:11:24.951860,0.0,-0.0017746228926353025,0.0,-0.10000000000000142,56.25,56.3,56.3,56.35,160.0,330.0,502.0,1210.0,False,False
006208,2022-10-26 11:11:24.955309,0.0,-0.0017746228926353025,0.0,-0.10000000000000142,56.25,56.3,56.3,56.35,160.0,330.0,502.0,1210.0,False,False
006208,2022-10-26 11:11:25.093274,0.0,-0.0017746228926353025,0.0,-0.10000000000000142,56.25,56.3,56.3,56.35,160.0,330.0,502.0,1210.0,False,False
006208,2022-10-26 11:11:25.377835,0.0,-0.0017746228926353025,0.0,-0.10000000000000142,56.25,56.3,56.3,56.35,160.0,330.0,502.0,1210.0,False,False
006208,2022-10-26 11:11:25.428642,0.0,-0.0017746228926353025,0.0,-0.10000000000000142,56.25,56.3,56.3,56.35,60.0,330.0,502.0,1210.0,False,False
006208,2022-10-26 11:11:25.449724,0.0,-0.002661934338952898,0.0,-0.14999999999999858,56.2,56.3,56.3,56.35,44.0,330.0,502.0,1210.0,False,False
006208,2022-10-26 11:11:25.469895,0.0,-0.002661934338952898,0.0,-0.14999999999999858,56.2,56.3,56.3,56.35,44.0,330.0,502.0,1210.0,False,False
006208,2022-10-26 11:11:25.526524,0.000888888888888939,-0.002661934338952898,0.04999999999999716,-0.14999999999999858,56.2,56.25,56.3,56.35,84.0,40.0,502.0,1210.0,False,False
006208,2022-10-26 11:11:25.621584,0.000888888888888939,-0.002661934338952898,0.04999999999999716,-0.14999999999999858,56.2,56.25,56.3,56.35,84.0,40.0,502.0,1210.0,False,False
006208,2022-10-26 11:11:25.679668,0.000888888888888939,-0.002661934338952898,0.04999999999999716,-0.14999999999999858,56.2,56.25,56.3,56.35,44.0,40.0,502.0,1210.0,False,False
006208,2022-10-26 11:11:25.807710,0.000888888888888939,-0.002661934338952898,0.04999999999999716,-0.14999999999999858,56.2,56.25,56.3,56.35,44.0,40.0,502.0,1210.0,False,False
006208,2022-10-26 11:11:26.087784,0.000888888888888939,-0.002661934338952898,0.04999999999999716,-0.14999999999999858,56.2,56.25,56.3,56.35,44.0,40.0,502.0,1210.0,False,False
006208,2022-10-26 11:11:26.788863,0.000888888888888939,-0.002661934338952898,0.04999999999999716,-0.14999999999999858,56.2,56.25,56.3,56.35,44.0,40.0,502.0,1210.0,False,False
006208,2022-10-26 11:11:26.799613,0.000888888888888939,-0.002661934338952898,0.04999999999999716,-0.14999999999999858,56.2,56.25,56.3,56.35,44.0,40.0,502.0,1210.0,False,False
006208,2022-10-26 11:11:26.918372,0.000888888888888939,-0.002661934338952898,0.04999999999999716,-0.14999999999999858,56.2,56.25,56.3,56.35,10.0,40.0,502.0,1210.0,False,False
006208,2022-10-26 11:11:27.339427,0.000888888888888939,-0.002661934338952898,0.04999999999999716,-0.14999999999999858,56.2,56.25,56.3,56.35,10.0,40.0,472.0,1210.0,True,True
006208,2022-10-26 11:11:27.721846,0.000888888888888939,-0.002661934338952898,0.04999999999999716,-0.14999999999999858,56.2,56.25,56.3,56.35,10.0,40.0,472.0,1210.0,False,False
006208,2022-10-26 11:11:28.616627,0.000888888888888939,-0.002661934338952898,0.04999999999999716,-0.14999999999999858,56.2,56.25,56.3,56.35,10.0,40.0,472.0,1210.0,False,False
006208,2022-10-26 11:11:28.616851,0.000888888888888939,-0.002661934338952898,0.04999999999999716,-0.14999999999999858,56.2,56.25,56.3,56.35,10.0,40.0,472.0,1210.0,False,False
006208,2022-10-26 11:11:28.880520,0.000888888888888939,-0.002661934338952898,0.04999999999999716,-0.14999999999999858,56.2,56.25,56.3,56.35,10.0,40.0,472.0,1210.0,False,False
006208,2022-10-26 11:11:29.865020,0.000888888888888939,-0.002661934338952898,0.04999999999999716,-0.14999999999999858,56.2,56.25,56.3,56.35,10.0,40.0,472.0,1210.0,False,False
006208,2022-10-26 11:11:30.499494,0.000888888888888939,-0.002661934338952898,0.04999999999999716,-0.14999999999999858,56.2,56.25,56.3,56.35,10.0,39.0,472.0,1210.0,False,False
006208,2022-10-26 11:11:30.572187,0.000888888888888939,-0.002661934338952898,0.04999999999999716,-0.14999999999999858,56.2,56.25,56.3,56.35,10.0,39.0,472.0,1210.0,False,False
006208,2022-10-26 11:11:30.705690,0.000888888888888939,-0.002661934338952898,0.04999999999999716,-0.14999999999999858,56.2,56.25,56.3,56.35,10.0,39.0,472.0,1210.0,False,False
006208,2022-10-26 11:11:30.762446,0.000888888888888939,-0.002661934338952898,0.04999999999999716,-0.14999999999999858,56.2,56.25,56.3,56.35,10.0,39.0,472.0,1210.0,False,False
006208,2022-10-26 11:11:30.980557,0.000888888888888939,-0.002661934338952898,0.04999999999999716,-0.14999999999999858,56.2,56.25,56.3,56.35,10.0,39.0,472.0,1210.0,False,False
006208,2022-10-26 11:11:31.943331,0.000888888888888939,-0.002661934338952898,0.04999999999999716,-0.14999999999999858,56.2,56.25,56.3,56.35,10.0,39.0,472.0,1210.0,False,False
006208,2022-10-26 11:11:35.482293,0.000888888888888939,-0.002661934338952898,0.04999999999999716,-0.14999999999999858,56.2,56.25,56.3,56.35,10.0,39.0,472.0,1210.0,False,False
006208,2022-10-26 11:11:35.805346,0.000888888888888939,-0.002661934338952898,0.04999999999999716,-0.14999999999999858,56.2,56.25,56.3,56.35,10.0,39.0,472.0,1210.0,False,False
006208,2022-10-26 11:11:35.809347,0.000888888888888939,-0.002661934338952898,0.04999999999999716,-0.14999999999999858,56.2,56.25,56.3,56.35,10.0,39.0,472.0,1210.0,False,False
006208,2022-10-26 11:11:35.958501,0.000888888888888939,-0.002661934338952898,0.04999999999999716,-0.14999999999999858,56.2,56.25,56.3,56.35,10.0,39.0,472.0,1210.0,False,False
006208,2022-10-26 11:11:37.384844,0.0,-0.002661934338952898,0.0,-0.14999999999999858,56.2,56.25,56.25,56.35,10.0,39.0,1302.0,1210.0,True,True
006208,2022-10-26 11:11:40.473774,0.0,-0.002661934338952898,0.0,-0.14999999999999858,56.2,56.25,56.25,56.35,10.0,38.0,1302.0,1210.0,False,False
006208,2022-10-26 11:11:40.548152,0.0,-0.002661934338952898,0.0,-0.14999999999999858,56.2,56.25,56.25,56.35,10.0,38.0,1302.0,1210.0,False,False
006208,2022-10-26 11:11:40.714051,0.0,-0.002661934338952898,0.0,-0.14999999999999858,56.2,56.25,56.25,56.35,10.0,38.0,1302.0,1210.0,False,False
006208,2022-10-26 11:11:43.276841,0.0,-0.002661934338952898,0.0,-0.14999999999999858,56.2,56.25,56.25,56.35,10.0,38.0,1302.0,1210.0,False,False
006208,2022-10-26 11:11:43.395359,0.0,-0.002661934338952898,0.0,-0.14999999999999858,56.2,56.25,56.25,56.35,10.0,38.0,1302.0,1210.0,False,False
006208,2022-10-26 11:11:43.395398,0.0,-0.002661934338952898,0.0,-0.14999999999999858,56.2,56.25,56.25,56.35,10.0,38.0,1302.0,1210.0,False,False
006208,2022-10-26 11:11:43.493971,0.0,-0.002661934338952898,0.0,-0.14999999999999858,56.2,56.25,56.25,56.35,10.0,38.0,1302.0,1210.0,False,False
006208,2022-10-26 11:11:43.886908,0.0,-0.002661934338952898,0.0,-0.14999999999999858,56.2,56.25,56.25,56.35,10.0,88.0,1302.0,1210.0,False,False
006208,2022-10-26 11:11:44.929361,0.0,-0.002661934338952898,0.0,-0.14999999999999858,56.2,56.25,56.25,56.35,10.0,88.0,1302.0,1210.0,False,False
006208,2022-10-26 11:11:45.933850,0.0,-0.002661934338952898,0.0,-0.14999999999999858,56.2,56.25,56.25,56.35,10.0,88.0,1302.0,1210.0,False,False
006208,2022-10-26 11:11:45.936885,0.0,-0.002661934338952898,0.0,-0.14999999999999858,56.2,56.25,56.25,56.35,10.0,88.0,1302.0,1210.0,False,False
006208,2022-10-26 11:11:46.079254,0.0,-0.002661934338952898,0.0,-0.14999999999999858,56.2,56.25,56.25,56.35,10.0,88.0,1302.0,1210.0,False,False
006208,2022-10-26 11:11:47.422229,0.000888888888888939,-0.002661934338952898,0.04999999999999716,-0.14999999999999858,56.2,56.25,56.3,56.35,10.0,88.0,100.0,1210.0,True,True
006208,2022-10-26 11:11:49.068966,0.000888888888888939,-0.002661934338952898,0.04999999999999716,-0.14999999999999858,56.2,56.25,56.3,56.35,10.0,88.0,100.0,1210.0,False,False
006208,2022-10-26 11:11:49.115911,0.000888888888888939,-0.002661934338952898,0.04999999999999716,-0.14999999999999858,56.2,56.25,56.3,56.35,10.0,88.0,100.0,1210.0,False,False
006208,2022-10-26 11:11:52.181797,0.000888888888888939,-0.002661934338952898,0.04999999999999716,-0.14999999999999858,56.2,56.25,56.3,56.35,10.0,88.0,100.0,1210.0,False,False
006208,2022-10-26 11:11:52.188626,0.000888888888888939,-0.002661934338952898,0.04999999999999716,-0.14999999999999858,56.2,56.25,56.3,56.35,10.0,88.0,100.0,1210.0,False,False
006208,2022-10-26 11:11:52.860204,0.000888888888888939,-0.002661934338952898,0.04999999999999716,-0.14999999999999858,56.2,56.25,56.3,56.35,10.0,88.0,100.0,1210.0,False,False
006208,2022-10-26 11:11:52.871118,0.000888888888888939,-0.002661934338952898,0.04999999999999716,-0.14999999999999858,56.2,56.25,56.3,56.35,10.0,122.0,100.0,1210.0,False,False
006208,2022-10-26 11:11:53.875183,0.000888888888888939,-0.002661934338952898,0.04999999999999716,-0.14999999999999858,56.2,56.25,56.3,56.35,10.0,122.0,100.0,1210.0,False,False
006208,2022-10-26 11:11:53.896164,0.000888888888888939,-0.002661934338952898,0.04999999999999716,-0.14999999999999858,56.2,56.25,56.3,56.35,10.0,88.0,100.0,1210.0,False,False
006208,2022-10-26 11:11:54.502854,0.000888888888888939,-0.002661934338952898,0.04999999999999716,-0.14999999999999858,56.2,56.25,56.3,56.35,10.0,88.0,100.0,1210.0,False,False
006208,2022-10-26 11:11:56.024427,0.000888888888888939,-0.002661934338952898,0.04999999999999716,-0.14999999999999858,56.2,56.25,56.3,56.35,10.0,88.0,100.0,1210.0,False,False
006208,2022-10-26 11:11:56.024500,0.000888888888888939,-0.002661934338952898,0.04999999999999716,-0.14999999999999858,56.2,56.25,56.3,56.35,10.0,88.0,100.0,1210.0,False,False
006208,2022-10-26 11:11:56.146294,0.000888888888888939,-0.002661934338952898,0.04999999999999716,-0.14999999999999858,56.2,56.25,56.3,56.35,10.0,87.0,100.0,1210.0,False,False
006208,2022-10-26 11:11:56.155654,0.000888888888888939,-0.002661934338952898,0.04999999999999716,-0.14999999999999858,56.2,56.25,56.3,56.35,10.0,87.0,100.0,1210.0,False,False
006208,2022-10-26 11:11:56.231768,0.000888888888888939,-0.002661934338952898,0.04999999999999716,-0.14999999999999858,56.2,56.25,56.3,56.35,10.0,87.0,100.0,1210.0,False,False
006208,2022-10-26 11:11:56.401790,0.000888888888888939,-0.002661934338952898,0.04999999999999716,-0.14999999999999858,56.2,56.25,56.3,56.35,10.0,87.0,100.0,1210.0,False,False
006208,2022-10-26 11:11:56.495690,0.000888888888888939,-0.002661934338952898,0.04999999999999716,-0.14999999999999858,56.2,56.25,56.3,56.35,10.0,87.0,100.0,1210.0,False,False
006208,2022-10-26 11:11:57.381060,0.000888888888888939,-0.002661934338952898,0.04999999999999716,-0.14999999999999858,56.2,56.25,56.3,56.35,10.0,87.0,100.0,1210.0,False,False
006208,2022-10-26 11:11:57.381131,0.000888888888888939,-0.002661934338952898,0.04999999999999716,-0.14999999999999858,56.2,56.25,56.3,56.35,10.0,87.0,100.0,1210.0,False,False
006208,2022-10-26 11:11:57.474535,0.000888888888888939,-0.002661934338952898,0.04999999999999716,-0.14999999999999858,56.2,56.25,56.3,56.35,10.0,87.0,105.0,1414.0,True,True
006208,2022-10-26 11:11:57.564557,0.000888888888888939,-0.002661934338952898,0.04999999999999716,-0.14999999999999858,56.2,56.25,56.3,56.35,10.0,87.0,105.0,1414.0,False,False
006208,2022-10-26 11:11:57.589339,0.000888888888888939,-0.002661934338952898,0.04999999999999716,-0.14999999999999858,56.2,56.25,56.3,56.35,10.0,87.0,105.0,1414.0,False,False
006208,2022-10-26 11:11:58.047412,0.000888888888888939,-0.002661934338952898,0.04999999999999716,-0.14999999999999858,56.2,56.25,56.3,56.35,10.0,87.0,105.0,1414.0,False,False
006208,2022-10-26 11:11:58.050239,0.000888888888888939,-0.002661934338952898,0.04999999999999716,-0.14999999999999858,56.2,56.25,56.3,56.35,10.0,87.0,105.0,1414.0,False,False
006208,2022-10-26 11:12:00.499556,0.000888888888888939,-0.002661934338952898,0.04999999999999716,-0.14999999999999858,56.2,56.25,56.3,56.35,10.0,86.0,105.0,1414.0,False,False
006208,2022-10-26 11:12:00.585606,0.000888888888888939,-0.002661934338952898,0.04999999999999716,-0.14999999999999858,56.2,56.25,56.3,56.35,10.0,86.0,105.0,1414.0,False,False
006208,2022-10-26 11:12:00.711058,0.000888888888888939,-0.002661934338952898,0.04999999999999716,-0.14999999999999858,56.2,56.25,56.3,56.35,10.0,86.0,105.0,1414.0,False,False
006208,2022-10-26 11:12:03.205815,0.000888888888888939,-0.002661934338952898,0.04999999999999716,-0.14999999999999858,56.2,56.25,56.3,56.35,10.0,86.0,105.0,1414.0,False,False
006208,2022-10-26 11:12:03.205926,0.000888888888888939,-0.002661934338952898,0.04999999999999716,-0.14999999999999858,56.2,56.25,56.3,56.35,10.0,86.0,105.0,1414.0,False,False
006208,2022-10-26 11:12:03.481008,0.000888888888888939,-0.002661934338952898,0.04999999999999716,-0.14999999999999858,56.2,56.25,56.3,56.35,10.0,86.0,105.0,1414.0,False,False
006208,2022-10-26 11:12:04.450958,0.000888888888888939,-0.002661934338952898,0.04999999999999716,-0.14999999999999858,56.2,56.25,56.3,56.35,10.0,86.0,105.0,1414.0,False,False
006208,2022-10-26 11:12:04.451114,0.000888888888888939,-0.002661934338952898,0.04999999999999716,-0.14999999999999858,56.2,56.25,56.3,56.35,10.0,86.0,105.0,1414.0,False,False
006208,2022-10-26 11:12:06.189793,0.000888888888888939,-0.002661934338952898,0.04999999999999716,-0.14999999999999858,56.2,56.25,56.3,56.35,10.0,86.0,105.0,1414.0,False,False
006208,2022-10-26 11:12:06.193637,0.000888888888888939,-0.002661934338952898,0.04999999999999716,-0.14999999999999858,56.2,56.25,56.3,56.35,10.0,86.0,105.0,1414.0,False,False
006208,2022-10-26 11:12:06.321587,0.000888888888888939,-0.002661934338952898,0.04999999999999716,-0.14999999999999858,56.2,56.25,56.3,56.35,10.0,86.0,105.0,1414.0,False,False
006208,2022-10-26 11:12:06.326084,0.000888888888888939,-0.002661934338952898,0.04999999999999716,-0.14999999999999858,56.2,56.25,56.3,56.35,10.0,86.0,105.0,1414.0,False,False
006208,2022-10-26 11:12:07.105950,0.000888888888888939,-0.002661934338952898,0.04999999999999716,-0.14999999999999858,56.2,56.25,56.3,56.35,10.0,86.0,105.0,1414.0,False,False
006208,2022-10-26 11:12:07.106117,0.000888888888888939,-0.002661934338952898,0.04999999999999716,-0.14999999999999858,56.2,56.25,56.3,56.35,10.0,86.0,105.0,1414.0,False,False
006208,2022-10-26 11:12:07.510635,0.000888888888888939,-0.002661934338952898,0.04999999999999716,-0.14999999999999858,56.2,56.25,56.3,56.35,10.0,86.0,95.0,1414.0,True,True
006208,2022-10-26 11:12:08.277228,0.000888888888888939,-0.002661934338952898,0.04999999999999716,-0.14999999999999858,56.2,56.25,56.3,56.35,10.0,86.0,95.0,1414.0,False,False
006208,2022-10-26 11:12:08.280233,0.000888888888888939,-0.002661934338952898,0.04999999999999716,-0.14999999999999858,56.2,56.25,56.3,56.35,10.0,86.0,95.0,1414.0,False,False
006208,2022-10-26 11:12:08.435926,0.000888888888888939,-0.002661934338952898,0.04999999999999716,-0.14999999999999858,56.2,56.25,56.3,56.35,10.0,120.0,95.0,1414.0,False,False
006208,2022-10-26 11:12:10.003931,0.000888888888888939,-0.002661934338952898,0.04999999999999716,-0.14999999999999858,56.2,56.25,56.3,56.35,10.0,120.0,95.0,1414.0,False,False
006208,2022-10-26 11:12:10.449382,0.000888888888888939,-0.002661934338952898,0.04999999999999716,-0.14999999999999858,56.2,56.25,56.3,56.35,11.0,120.0,95.0,1414.0,False,False
006208,2022-10-26 11:12:10.520003,0.000888888888888939,-0.002661934338952898,0.04999999999999716,-0.14999999999999858,56.2,56.25,56.3,56.35,11.0,119.0,95.0,1414.0,False,False
006208,2022-10-26 11:12:10.602090,0.000888888888888939,-0.002661934338952898,0.04999999999999716,-0.14999999999999858,56.2,56.25,56.3,56.35,11.0,119.0,95.0,1414.0,False,False
006208,2022-10-26 11:12:10.616920,0.000888888888888939,-0.002661934338952898,0.04999999999999716,-0.14999999999999858,56.2,56.25,56.3,56.35,11.0,119.0,95.0,1414.0,False,False
006208,2022-10-26 11:12:12.698556,0.000888888888888939,-0.002661934338952898,0.04999999999999716,-0.14999999999999858,56.2,56.25,56.3,56.35,11.0,119.0,95.0,1414.0,False,False
006208,2022-10-26 11:12:12.705780,0.000888888888888939,-0.002661934338952898,0.04999999999999716,-0.14999999999999858,56.2,56.25,56.3,56.35,11.0,119.0,95.0,1414.0,False,False
006208,2022-10-26 11:12:12.715818,0.000888888888888939,-0.002661934338952898,0.04999999999999716,-0.14999999999999858,56.2,56.25,56.3,56.35,11.0,85.0,95.0,1414.0,False,False
006208,2022-10-26 11:12:13.711243,0.000888888888888939,-0.002661934338952898,0.04999999999999716,-0.14999999999999858,56.2,56.25,56.3,56.35,11.0,85.0,95.0,1414.0,False,False
006208,2022-10-26 11:12:13.730401,0.000888888888888939,-0.002661934338952898,0.04999999999999716,-0.14999999999999858,56.2,56.25,56.3,56.35,11.0,85.0,95.0,1414.0,False,False
006208,2022-10-26 11:12:16.314939,0.000888888888888939,-0.002661934338952898,0.04999999999999716,-0.14999999999999858,56.2,56.25,56.3,56.35,11.0,85.0,95.0,1414.0,False,False
006208,2022-10-26 11:12:16.321031,0.000888888888888939,-0.002661934338952898,0.04999999999999716,-0.14999999999999858,56.2,56.25,56.3,56.35,11.0,85.0,95.0,1414.0,False,False
006208,2022-10-26 11:12:16.323407,0.000888888888888939,-0.002661934338952898,0.04999999999999716,-0.14999999999999858,56.2,56.25,56.3,56.35,11.0,85.0,95.0,1414.0,False,False
006208,2022-10-26 11:12:16.462119,0.000888888888888939,-0.002661934338952898,0.04999999999999716,-0.14999999999999858,56.2,56.25,56.3,56.35,11.0,85.0,95.0,1414.0,False,False
006208,2022-10-26 11:12:17.552828,0.000888888888888939,-0.002661934338952898,0.04999999999999716,-0.14999999999999858,56.2,56.25,56.3,56.35,11.0,85.0,13.0,1414.0,True,True
006208,2022-10-26 11:12:20.509584,0.000888888888888939,-0.002661934338952898,0.04999999999999716,-0.14999999999999858,56.2,56.25,56.3,56.35,11.0,84.0,13.0,1414.0,False,False
006208,2022-10-26 11:12:20.716966,0.000888888888888939,-0.002661934338952898,0.04999999999999716,-0.14999999999999858,56.2,56.25,56.3,56.35,11.0,84.0,13.0,1414.0,False,False
006208,2022-10-26 11:12:20.733361,0.000888888888888939,-0.002661934338952898,0.04999999999999716,-0.14999999999999858,56.2,56.25,56.3,56.35,11.0,84.0,13.0,1414.0,False,False
006208,2022-10-26 11:12:25.803871,0.000888888888888939,-0.002661934338952898,0.04999999999999716,-0.14999999999999858,56.2,56.25,56.3,56.35,11.0,84.0,13.0,1414.0,False,False
006208,2022-10-26 11:12:25.837232,0.000888888888888939,-0.002661934338952898,0.04999999999999716,-0.14999999999999858,56.2,56.25,56.3,56.35,11.0,84.0,13.0,1414.0,False,False
006208,2022-10-26 11:12:25.886519,0.000888888888888939,-0.002661934338952898,0.04999999999999716,-0.14999999999999858,56.2,56.25,56.3,56.35,11.0,84.0,13.0,1414.0,False,False
006208,2022-10-26 11:12:26.446433,0.000888888888888939,-0.002661934338952898,0.04999999999999716,-0.14999999999999858,56.2,56.25,56.3,56.35,11.0,84.0,13.0,1414.0,False,False
006208,2022-10-26 11:12:26.448756,0.000888888888888939,-0.002661934338952898,0.04999999999999716,-0.14999999999999858,56.2,56.25,56.3,56.35,11.0,84.0,13.0,1414.0,False,False
006208,2022-10-26 11:12:26.577855,0.000888888888888939,-0.002661934338952898,0.04999999999999716,-0.14999999999999858,56.2,56.25,56.3,56.35,11.0,84.0,13.0,1414.0,False,False
006208,2022-10-26 11:12:26.589822,0.000888888888888939,-0.002661934338952898,0.04999999999999716,-0.14999999999999858,56.2,56.25,56.3,56.35,11.0,84.0,13.0,1414.0,False,False
006208,2022-10-26 11:12:26.837800,0.000888888888888939,-0.002661934338952898,0.04999999999999716,-0.14999999999999858,56.2,56.25,56.3,56.35,111.0,84.0,13.0,1414.0,False,False
006208,2022-10-26 11:12:27.605261,0.0,-0.001776198934280493,0.0,-0.09999999999999432,56.2,56.25,56.25,56.3,111.0,84.0,1357.0,2266.0,True,True
006208,2022-10-26 11:12:27.632694,0.0,-0.001776198934280493,0.0,-0.09999999999999432,56.2,56.25,56.25,56.3,111.0,84.0,1357.0,2266.0,False,False
006208,2022-10-26 11:12:27.652824,0.0,-0.001776198934280493,0.0,-0.09999999999999432,56.2,56.25,56.25,56.3,111.0,84.0,1357.0,2266.0,False,False
006208,2022-10-26 11:12:29.106084,0.0,-0.001776198934280493,0.0,-0.09999999999999432,56.2,56.25,56.25,56.3,111.0,83.0,1357.0,2266.0,False,False
006208,2022-10-26 11:12:29.221381,0.0,-0.001776198934280493,0.0,-0.09999999999999432,56.2,56.25,56.25,56.3,111.0,83.0,1357.0,2266.0,False,False
006208,2022-10-26 11:12:29.292014,0.0,-0.001776198934280493,0.0,-0.09999999999999432,56.2,56.25,56.25,56.3,111.0,83.0,1357.0,2266.0,False,False
006208,2022-10-26 11:12:29.778382,0.0,-0.001776198934280493,0.0,-0.09999999999999432,56.2,56.25,56.25,56.3,111.0,83.0,1357.0,2266.0,False,False
006208,2022-10-26 11:12:29.787426,0.0,-0.001776198934280493,0.0,-0.09999999999999432,56.2,56.25,56.25,56.3,111.0,83.0,1357.0,2266.0,False,False
006208,2022-10-26 11:12:29.953621,0.0,-0.001776198934280493,0.0,-0.09999999999999432,56.2,56.25,56.25,56.3,111.0,83.0,1357.0,2266.0,False,False
006208,2022-10-26 11:12:30.499365,0.0,-0.001776198934280493,0.0,-0.09999999999999432,56.2,56.25,56.25,56.3,111.0,82.0,1357.0,2266.0,False,False
006208,2022-10-26 11:12:30.524544,0.0,-0.001776198934280493,0.0,-0.09999999999999432,56.2,56.25,56.25,56.3,111.0,82.0,1357.0,2266.0,False,False
006208,2022-10-26 11:12:30.599999,0.0,-0.001776198934280493,0.0,-0.09999999999999432,56.2,56.25,56.25,56.3,111.0,82.0,1357.0,2266.0,False,False
006208,2022-10-26 11:12:30.628774,0.0,-0.001776198934280493,0.0,-0.09999999999999432,56.2,56.25,56.25,56.3,111.0,82.0,1357.0,2266.0,False,False
006208,2022-10-26 11:12:31.586721,0.0,-0.001776198934280493,0.0,-0.09999999999999432,56.2,56.25,56.25,56.3,111.0,82.0,1357.0,2266.0,False,False
006208,2022-10-26 11:12:31.674857,0.0,-0.001776198934280493,0.0,-0.09999999999999432,56.2,56.25,56.25,56.3,111.0,83.0,1357.0,2266.0,False,False
006208,2022-10-26 11:12:31.965483,0.0,-0.001776198934280493,0.0,-0.09999999999999432,56.2,56.25,56.25,56.3,111.0,83.0,1357.0,2266.0,False,False
006208,2022-10-26 11:12:35.158689,0.0,-0.001776198934280493,0.0,-0.09999999999999432,56.2,56.25,56.25,56.3,111.0,83.0,1357.0,2266.0,False,False
006208,2022-10-26 11:12:35.191100,0.0,-0.001776198934280493,0.0,-0.09999999999999432,56.2,56.25,56.25,56.3,11.0,83.0,1357.0,2266.0,False,False
006208,2022-10-26 11:12:35.299798,0.0,-0.001776198934280493,0.0,-0.09999999999999432,56.2,56.25,56.25,56.3,11.0,83.0,1357.0,2266.0,False,False
006208,2022-10-26 11:12:36.192032,0.0,-0.001776198934280493,0.0,-0.09999999999999432,56.2,56.25,56.25,56.3,11.0,83.0,1357.0,2266.0,False,False
006208,2022-10-26 11:12:36.576285,0.0,-0.001776198934280493,0.0,-0.09999999999999432,56.2,56.25,56.25,56.3,11.0,83.0,1357.0,2266.0,False,False
006208,2022-10-26 11:12:36.578344,0.0,-0.001776198934280493,0.0,-0.09999999999999432,56.2,56.25,56.25,56.3,11.0,83.0,1357.0,2266.0,False,False
006208,2022-10-26 11:12:36.579405,0.0,-0.001776198934280493,0.0,-0.09999999999999432,56.2,56.25,56.25,56.3,11.0,83.0,1357.0,2266.0,False,False
006208,2022-10-26 11:12:36.712516,0.0,-0.001776198934280493,0.0,-0.09999999999999432,56.2,56.25,56.25,56.3,11.0,83.0,1357.0,2266.0,False,False
006208,2022-10-26 11:12:37.485780,0.0,-0.001776198934280493,0.0,-0.09999999999999432,56.2,56.25,56.25,56.3,11.0,82.0,1357.0,2266.0,False,False
006208,2022-10-26 11:12:37.603405,0.0,-0.001776198934280493,0.0,-0.09999999999999432,56.2,56.25,56.25,56.3,11.0,82.0,1357.0,2266.0,False,False
006208,2022-10-26 11:12:37.649531,0.0,-0.001776198934280493,0.0,-0.09999999999999432,56.2,56.25,56.25,56.3,11.0,82.0,1411.0,2266.0,True,True
006208,2022-10-26 11:12:38.478494,0.0,-0.001776198934280493,0.0,-0.09999999999999432,56.2,56.25,56.25,56.3,11.0,84.0,1411.0,2266.0,False,False
006208,2022-10-26 11:12:40.410597,0.0,-0.001776198934280493,0.0,-0.09999999999999432,56.2,56.25,56.25,56.3,11.0,84.0,1411.0,2266.0,False,False
006208,2022-10-26 11:12:40.431350,0.0,-0.001776198934280493,0.0,-0.09999999999999432,56.2,56.25,56.25,56.3,11.0,84.0,1411.0,2266.0,False,False
006208,2022-10-26 11:12:40.535148,0.0,-0.001776198934280493,0.0,-0.09999999999999432,56.2,56.25,56.25,56.3,11.0,83.0,1411.0,2266.0,False,False
006208,2022-10-26 11:12:40.727490,0.0,-0.001776198934280493,0.0,-0.09999999999999432,56.2,56.25,56.25,56.3,11.0,53.0,1411.0,2266.0,False,False
006208,2022-10-26 11:12:41.107670,0.0,-0.001776198934280493,0.0,-0.09999999999999432,56.2,56.25,56.25,56.3,11.0,92.0,1411.0,2266.0,False,False
006208,2022-10-26 11:12:41.131371,0.0,-0.001776198934280493,0.0,-0.09999999999999432,56.2,56.25,56.25,56.3,11.0,92.0,1411.0,2266.0,False,False
006208,2022-10-26 11:12:42.132435,0.0,-0.001776198934280493,0.0,-0.09999999999999432,56.2,56.25,56.25,56.3,111.0,92.0,1411.0,2266.0,False,False
006208,2022-10-26 11:12:42.263243,0.0,-0.001776198934280493,0.0,-0.09999999999999432,56.2,56.25,56.25,56.3,111.0,92.0,1411.0,2266.0,False,False
006208,2022-10-26 11:12:42.884336,0.0,-0.001776198934280493,0.0,-0.09999999999999432,56.2,56.25,56.25,56.3,186.0,92.0,1411.0,2266.0,False,False
006208,2022-10-26 11:12:43.684298,0.0,-0.001776198934280493,0.0,-0.09999999999999432,56.2,56.25,56.25,56.3,186.0,92.0,1411.0,2266.0,False,False
006208,2022-10-26 11:12:43.684491,0.0,-0.001776198934280493,0.0,-0.09999999999999432,56.2,56.25,56.25,56.3,186.0,92.0,1411.0,2266.0,False,False
006208,2022-10-26 11:12:43.792443,0.0,-0.001776198934280493,0.0,-0.09999999999999432,56.2,56.25,56.25,56.3,186.0,92.0,1411.0,2266.0,False,False
006208,2022-10-26 11:12:44.390251,0.0,-0.001776198934280493,0.0,-0.09999999999999432,56.2,56.25,56.25,56.3,186.0,92.0,1411.0,2266.0,False,False
006208,2022-10-26 11:12:45.869942,0.0,-0.001776198934280493,0.0,-0.09999999999999432,56.2,56.25,56.25,56.3,186.0,92.0,1411.0,2266.0,False,False
006208,2022-10-26 11:12:45.878003,0.0,-0.001776198934280493,0.0,-0.09999999999999432,56.2,56.25,56.25,56.3,186.0,92.0,1411.0,2266.0,False,False
006208,2022-10-26 11:12:46.407969,0.0,-0.001776198934280493,0.0,-0.09999999999999432,56.2,56.25,56.25,56.3,186.0,92.0,1411.0,2266.0,False,False
006208,2022-10-26 11:12:46.704410,0.0,-0.001776198934280493,0.0,-0.09999999999999432,56.2,56.25,56.25,56.3,186.0,92.0,1411.0,2266.0,False,False
006208,2022-10-26 11:12:46.706959,0.0,-0.001776198934280493,0.0,-0.09999999999999432,56.2,56.25,56.25,56.3,186.0,92.0,1411.0,2266.0,False,False
006208,2022-10-26 11:12:46.834574,0.0,-0.001776198934280493,0.0,-0.09999999999999432,56.2,56.25,56.25,56.3,186.0,92.0,1411.0,2266.0,False,False
006208,2022-10-26 11:12:46.835987,0.0,-0.001776198934280493,0.0,-0.09999999999999432,56.2,56.25,56.25,56.3,186.0,92.0,1411.0,2266.0,False,False
006208,2022-10-26 11:12:47.784926,0.0,-0.001776198934280493,0.0,-0.09999999999999432,56.2,56.25,56.25,56.3,186.0,92.0,1411.0,2266.0,False,False
006208,2022-10-26 11:12:48.669188,0.0,-0.001776198934280493,0.0,-0.09999999999999432,56.2,56.25,56.25,56.3,111.0,92.0,1411.0,2266.0,False,False
006208,2022-10-26 11:12:48.669382,0.0,-0.001776198934280493,0.0,-0.09999999999999432,56.2,56.25,56.25,56.3,111.0,92.0,1411.0,2266.0,False,False
006208,2022-10-26 11:12:51.946058,0.0,-0.001776198934280493,0.0,-0.09999999999999432,56.2,56.25,56.25,56.3,111.0,93.0,1411.0,2266.0,False,False
006208,2022-10-26 11:12:51.972873,0.0,-0.001776198934280493,0.0,-0.09999999999999432,56.2,56.25,56.25,56.3,11.0,93.0,1411.0,2266.0,False,False
006208,2022-10-26 11:12:51.995929,0.0,-0.001776198934280493,0.0,-0.09999999999999432,56.2,56.25,56.25,56.3,11.0,93.0,1411.0,2266.0,False,False
006208,2022-10-26 11:12:52.973821,0.0,-0.001776198934280493,0.0,-0.09999999999999432,56.2,56.25,56.25,56.3,111.0,93.0,1411.0,2266.0,False,False
006208,2022-10-26 11:12:56.830669,0.0,-0.001776198934280493,0.0,-0.09999999999999432,56.2,56.25,56.25,56.3,111.0,93.0,1411.0,2266.0,False,False
006208,2022-10-26 11:12:56.834377,0.0,-0.001776198934280493,0.0,-0.09999999999999432,56.2,56.25,56.25,56.3,111.0,93.0,1411.0,2266.0,False,False
006208,2022-10-26 11:12:56.967552,0.0,-0.001776198934280493,0.0,-0.09999999999999432,56.2,56.25,56.25,56.3,11.0,93.0,1411.0,2266.0,False,False
006208,2022-10-26 11:12:57.866202,0.0,-0.001776198934280493,0.0,-0.09999999999999432,56.2,56.25,56.25,56.3,11.0,93.0,1411.0,2266.0,False,False
006208,2022-10-26 11:13:00.576455,0.0,-0.001776198934280493,0.0,-0.09999999999999432,56.2,56.25,56.25,56.3,11.0,92.0,1411.0,2266.0,False,False
006208,2022-10-26 11:13:01.991895,0.0,-0.001776198934280493,0.0,-0.09999999999999432,56.2,56.25,56.25,56.3,11.0,92.0,1411.0,2266.0,False,False
006208,2022-10-26 11:13:02.170282,0.0,-0.001776198934280493,0.0,-0.09999999999999432,56.2,56.25,56.25,56.3,11.0,92.0,1411.0,2266.0,False,False
006208,2022-10-26 11:13:03.174398,0.0,-0.001776198934280493,0.0,-0.09999999999999432,56.2,56.25,56.25,56.3,11.0,91.0,1411.0,2266.0,False,False
006208,2022-10-26 11:13:06.959353,0.0,-0.001776198934280493,0.0,-0.09999999999999432,56.2,56.25,56.25,56.3,11.0,91.0,1411.0,2266.0,False,False
006208,2022-10-26 11:13:06.962616,0.0,-0.001776198934280493,0.0,-0.09999999999999432,56.2,56.25,56.25,56.3,11.0,91.0,1411.0,2266.0,False,False
006208,2022-10-26 11:13:06.982175,0.0,-0.001776198934280493,0.0,-0.09999999999999432,56.2,56.25,56.25,56.3,11.0,91.0,1411.0,2266.0,False,True
006208,2022-10-26 11:13:07.094024,0.0,-0.001776198934280493,0.0,-0.09999999999999432,56.2,56.25,56.25,56.3,11.0,91.0,1411.0,2266.0,False,False
006208,2022-10-26 11:13:07.467523,0.0,-0.001776198934280493,0.0,-0.09999999999999432,56.2,56.25,56.25,56.3,11.0,91.0,1411.0,2266.0,False,False
006208,2022-10-26 11:13:10.534897,0.0,-0.001776198934280493,0.0,-0.09999999999999432,56.2,56.25,56.25,56.3,11.0,90.0,1411.0,2266.0,False,False
006208,2022-10-26 11:13:15.279690,0.0,-0.001776198934280493,0.0,-0.09999999999999432,56.2,56.25,56.25,56.3,11.0,90.0,1411.0,2266.0,False,False
006208,2022-10-26 11:13:15.833813,0.0,-0.001776198934280493,0.0,-0.09999999999999432,56.2,56.25,56.25,56.3,11.0,43.0,1411.0,2266.0,False,False
006208,2022-10-26 11:13:16.317227,0.0,-0.001776198934280493,0.0,-0.09999999999999432,56.2,56.25,56.25,56.3,11.0,44.0,1411.0,2266.0,False,False
006208,2022-10-26 11:13:16.464988,0.0,-0.001776198934280493,0.0,-0.09999999999999432,56.2,56.25,56.25,56.3,11.0,94.0,1411.0,2266.0,False,False
006208,2022-10-26 11:13:17.083392,0.0,-0.001776198934280493,0.0,-0.09999999999999432,56.2,56.25,56.25,56.3,11.0,94.0,1411.0,2266.0,False,False
006208,2022-10-26 11:13:17.109816,0.0,-0.001776198934280493,0.0,-0.09999999999999432,56.2,56.25,56.25,56.3,11.0,94.0,1411.0,2258.0,True,True
006208,2022-10-26 11:13:17.093108,0.0,-0.001776198934280493,0.0,-0.09999999999999432,56.2,56.25,56.25,56.3,11.0,94.0,1411.0,2258.0,False,False
006208,2022-10-26 11:13:17.222010,0.0,-0.001776198934280493,0.0,-0.09999999999999432,56.2,56.25,56.25,56.3,11.0,94.0,1411.0,2258.0,False,False
006208,2022-10-26 11:13:17.789631,0.0,-0.001776198934280493,0.0,-0.09999999999999432,56.2,56.25,56.25,56.3,11.0,94.0,1411.0,2258.0,False,False
006208,2022-10-26 11:13:20.555427,0.0,-0.001776198934280493,0.0,-0.09999999999999432,56.2,56.25,56.25,56.3,11.0,93.0,1411.0,2258.0,False,False
006208,2022-10-26 11:13:21.010054,0.0,-0.001776198934280493,0.0,-0.09999999999999432,56.2,56.25,56.25,56.3,10.0,93.0,1411.0,2258.0,False,False
006208,2022-10-26 11:13:22.479639,0.0,-0.001776198934280493,0.0,-0.09999999999999432,56.2,56.25,56.25,56.3,8.0,91.0,1411.0,2258.0,False,False
006208,2022-10-26 11:13:23.164852,0.0,-0.001776198934280493,0.0,-0.09999999999999432,56.2,56.25,56.25,56.3,8.0,91.0,1411.0,2258.0,False,False
006208,2022-10-26 11:13:23.173700,0.0,-0.001776198934280493,0.0,-0.09999999999999432,56.2,56.25,56.25,56.3,8.0,91.0,1411.0,2258.0,False,False
006208,2022-10-26 11:13:23.480394,0.0,-0.001776198934280493,0.0,-0.09999999999999432,56.2,56.25,56.25,56.3,8.0,91.0,1411.0,2258.0,False,False
006208,2022-10-26 11:13:23.489125,0.0,-0.001776198934280493,0.0,-0.09999999999999432,56.2,56.25,56.25,56.3,8.0,91.0,1411.0,2258.0,False,False
006208,2022-10-26 11:13:23.638083,0.0,-0.001776198934280493,0.0,-0.09999999999999432,56.2,56.25,56.25,56.3,8.0,91.0,1411.0,2258.0,False,False
006208,2022-10-26 11:13:24.675810,0.0,-0.001776198934280493,0.0,-0.09999999999999432,56.2,56.25,56.25,56.3,8.0,91.0,1411.0,2258.0,False,False
006208,2022-10-26 11:13:24.721280,0.0,-0.001776198934280493,0.0,-0.09999999999999432,56.2,56.25,56.25,56.3,8.0,91.0,1411.0,2258.0,False,False
006208,2022-10-26 11:13:25.301786,0.0,-0.001776198934280493,0.0,-0.09999999999999432,56.2,56.25,56.25,56.3,8.0,91.0,1411.0,2258.0,False,False
006208,2022-10-26 11:13:25.325724,0.0,-0.001776198934280493,0.0,-0.09999999999999432,56.2,56.25,56.25,56.3,8.0,91.0,1411.0,2258.0,False,False
006208,2022-10-26 11:13:27.148085,0.0,-0.001776198934280493,0.0,-0.09999999999999432,56.2,56.25,56.25,56.3,8.0,91.0,1464.0,2258.0,True,True
006208,2022-10-26 11:13:27.215371,0.0,-0.001776198934280493,0.0,-0.09999999999999432,56.2,56.25,56.25,56.3,8.0,91.0,1464.0,2258.0,False,False
006208,2022-10-26 11:13:27.217612,0.0,-0.001776198934280493,0.0,-0.09999999999999432,56.2,56.25,56.25,56.3,8.0,91.0,1464.0,2258.0,False,False
006208,2022-10-26 11:13:27.349487,0.0,-0.001776198934280493,0.0,-0.09999999999999432,56.2,56.25,56.25,56.3,8.0,91.0,1464.0,2258.0,False,False
006208,2022-10-26 11:13:27.464189,0.0,-0.001776198934280493,0.0,-0.09999999999999432,56.2,56.25,56.25,56.3,8.0,91.0,1464.0,2258.0,False,False
006208,2022-10-26 11:13:28.857382,0.0,-0.001776198934280493,0.0,-0.09999999999999432,56.2,56.25,56.25,56.3,8.0,91.0,1464.0,2258.0,False,False
006208,2022-10-26 11:13:28.869479,0.0,-0.001776198934280493,0.0,-0.09999999999999432,56.2,56.25,56.25,56.3,8.0,91.0,1464.0,2258.0,False,False
006208,2022-10-26 11:13:28.884334,0.0,-0.001776198934280493,0.0,-0.09999999999999432,56.2,56.25,56.25,56.3,8.0,91.0,1464.0,2258.0,False,False
006208,2022-10-26 11:13:29.559863,0.0,-0.001776198934280493,0.0,-0.09999999999999432,56.2,56.25,56.25,56.3,8.0,91.0,1464.0,2258.0,False,False
006208,2022-10-26 11:13:29.570516,0.0,-0.001776198934280493,0.0,-0.09999999999999432,56.2,56.25,56.25,56.3,8.0,91.0,1464.0,2258.0,False,False
006208,2022-10-26 11:13:30.545183,0.0,-0.001776198934280493,0.0,-0.09999999999999432,56.2,56.25,56.25,56.3,8.0,90.0,1464.0,2258.0,False,False
006208,2022-10-26 11:13:30.920917,0.0,-0.001776198934280493,0.0,-0.09999999999999432,56.2,56.25,56.25,56.3,8.0,52.0,1464.0,2258.0,False,False
006208,2022-10-26 11:13:31.006802,0.0,-0.001776198934280493,0.0,-0.09999999999999432,56.2,56.25,56.25,56.3,8.0,90.0,1464.0,2258.0,False,False
006208,2022-10-26 11:13:31.723673,0.0,-0.001776198934280493,0.0,-0.09999999999999432,56.2,56.25,56.25,56.3,8.0,90.0,1464.0,2258.0,False,False
006208,2022-10-26 11:13:31.792875,0.0,-0.001776198934280493,0.0,-0.09999999999999432,56.2,56.25,56.25,56.3,8.0,90.0,1464.0,2258.0,False,False
006208,2022-10-26 11:13:31.802793,0.0,-0.001776198934280493,0.0,-0.09999999999999432,56.2,56.25,56.25,56.3,8.0,90.0,1464.0,2258.0,False,False
006208,2022-10-26 11:13:32.071564,0.0,-0.001776198934280493,0.0,-0.09999999999999432,56.2,56.25,56.25,56.3,8.0,90.0,1464.0,2258.0,False,False
006208,2022-10-26 11:13:32.092686,0.0,-0.001776198934280493,0.0,-0.09999999999999432,56.2,56.25,56.25,56.3,8.0,90.0,1464.0,2258.0,False,False
006208,2022-10-26 11:13:33.037176,0.0,-0.001776198934280493,0.0,-0.09999999999999432,56.2,56.25,56.25,56.3,8.0,90.0,1464.0,2258.0,False,False
006208,2022-10-26 11:13:33.093524,0.0,-0.001776198934280493,0.0,-0.09999999999999432,56.2,56.25,56.25,56.3,8.0,90.0,1464.0,2258.0,False,False
006208,2022-10-26 11:13:33.138042,0.0,-0.001776198934280493,0.0,-0.09999999999999432,56.2,56.25,56.25,56.3,8.0,90.0,1464.0,2258.0,False,False
006208,2022-10-26 11:13:33.876595,0.0,-0.001776198934280493,0.0,-0.09999999999999432,56.2,56.25,56.25,56.3,8.0,90.0,1464.0,2258.0,False,False
006208,2022-10-26 11:13:33.903677,0.0,-0.001776198934280493,0.0,-0.09999999999999432,56.2,56.25,56.25,56.3,8.0,90.0,1464.0,2258.0,False,False
006208,2022-10-26 11:13:34.319200,0.0,-0.001776198934280493,0.0,-0.09999999999999432,56.2,56.25,56.25,56.3,8.0,90.0,1464.0,2258.0,False,False
006208,2022-10-26 11:13:34.327193,0.0,-0.001776198934280493,0.0,-0.09999999999999432,56.2,56.25,56.25,56.3,8.0,90.0,1464.0,2258.0,False,False
006208,2022-10-26 11:13:34.904305,0.0,-0.001776198934280493,0.0,-0.09999999999999432,56.2,56.25,56.25,56.3,108.0,90.0,1464.0,2258.0,False,False
006208,2022-10-26 11:13:36.110983,0.0,-0.001776198934280493,0.0,-0.09999999999999432,56.2,56.25,56.25,56.3,108.0,90.0,1464.0,2258.0,False,False
006208,2022-10-26 11:13:36.116289,0.0,-0.001776198934280493,0.0,-0.09999999999999432,56.2,56.25,56.25,56.3,108.0,90.0,1464.0,2258.0,False,False
006208,2022-10-26 11:13:36.726121,0.0,-0.001776198934280493,0.0,-0.09999999999999432,56.2,56.25,56.25,56.3,108.0,90.0,1464.0,2258.0,False,False
006208,2022-10-26 11:13:36.729440,0.0,-0.001776198934280493,0.0,-0.09999999999999432,56.2,56.25,56.25,56.3,108.0,90.0,1464.0,2258.0,False,False
006208,2022-10-26 11:13:37.192130,0.0,-0.001776198934280493,0.0,-0.09999999999999432,56.2,56.25,56.25,56.3,108.0,90.0,1462.0,2266.0,True,True
006208,2022-10-26 11:13:37.342895,0.0,-0.001776198934280493,0.0,-0.09999999999999432,56.2,56.25,56.25,56.3,108.0,90.0,1462.0,2266.0,False,False
006208,2022-10-26 11:13:37.362210,0.0,-0.001776198934280493,0.0,-0.09999999999999432,56.2,56.25,56.25,56.3,108.0,90.0,1462.0,2266.0,False,False
006208,2022-10-26 11:13:37.481769,0.0,-0.001776198934280493,0.0,-0.09999999999999432,56.2,56.25,56.25,56.3,108.0,90.0,1462.0,2266.0,False,False
006208,2022-10-26 11:13:39.039728,0.0,-0.001776198934280493,0.0,-0.09999999999999432,56.2,56.25,56.25,56.3,108.0,90.0,1462.0,2266.0,False,False
006208,2022-10-26 11:13:39.049712,0.0,-0.001776198934280493,0.0,-0.09999999999999432,56.2,56.25,56.25,56.3,108.0,90.0,1462.0,2266.0,False,False
006208,2022-10-26 11:13:39.598754,0.0,-0.001776198934280493,0.0,-0.09999999999999432,56.2,56.25,56.25,56.3,108.0,90.0,1462.0,2266.0,False,False
006208,2022-10-26 11:13:39.605360,0.0,-0.001776198934280493,0.0,-0.09999999999999432,56.2,56.25,56.25,56.3,108.0,90.0,1462.0,2266.0,False,False
006208,2022-10-26 11:13:40.549942,0.0,-0.001776198934280493,0.0,-0.09999999999999432,56.2,56.25,56.25,56.3,108.0,89.0,1462.0,2266.0,False,False
006208,2022-10-26 11:13:40.758672,0.0,-0.001776198934280493,0.0,-0.09999999999999432,56.2,56.25,56.25,56.3,108.0,89.0,1462.0,2266.0,False,False
006208,2022-10-26 11:13:41.454563,0.0,-0.001776198934280493,0.0,-0.09999999999999432,56.2,56.25,56.25,56.3,108.0,89.0,1462.0,2266.0,False,False
006208,2022-10-26 11:13:41.470631,0.0,-0.001776198934280493,0.0,-0.09999999999999432,56.2,56.25,56.25,56.3,108.0,119.0,1462.0,2266.0,False,False
006208,2022-10-26 11:13:41.942970,0.0,-0.001776198934280493,0.0,-0.09999999999999432,56.2,56.25,56.25,56.3,108.0,119.0,1462.0,2266.0,False,False
006208,2022-10-26 11:13:41.977051,0.0,-0.001776198934280493,0.0,-0.09999999999999432,56.2,56.25,56.25,56.3,108.0,89.0,1462.0,2266.0,False,False
006208,2022-10-26 11:13:42.083984,0.0,-0.001776198934280493,0.0,-0.09999999999999432,56.2,56.25,56.25,56.3,108.0,119.0,1462.0,2266.0,False,False
006208,2022-10-26 11:13:42.286960,0.0,-0.001776198934280493,0.0,-0.09999999999999432,56.2,56.25,56.25,56.3,108.0,119.0,1462.0,2266.0,False,False
006208,2022-10-26 11:13:43.796324,0.0,-0.001776198934280493,0.0,-0.09999999999999432,56.2,56.25,56.25,56.3,108.0,119.0,1462.0,2266.0,False,False
006208,2022-10-26 11:13:45.189742,0.0,-0.001776198934280493,0.0,-0.09999999999999432,56.2,56.25,56.25,56.3,108.0,118.0,1462.0,2266.0,False,False
006208,2022-10-26 11:13:45.212566,0.0,-0.001776198934280493,0.0,-0.09999999999999432,56.2,56.25,56.25,56.3,8.0,118.0,1462.0,2266.0,False,False
006208,2022-10-26 11:13:45.286710,0.0,-0.001776198934280493,0.0,-0.09999999999999432,56.2,56.25,56.25,56.3,8.0,119.0,1462.0,2266.0,False,False
006208,2022-10-26 11:13:46.214190,0.0,-0.001776198934280493,0.0,-0.09999999999999432,56.2,56.25,56.25,56.3,8.0,119.0,1462.0,2266.0,False,False
006208,2022-10-26 11:13:47.233967,0.0,-0.001776198934280493,0.0,-0.09999999999999432,56.2,56.25,56.25,56.3,8.0,119.0,1462.0,2256.0,True,True
006208,2022-10-26 11:13:47.470360,0.0,-0.001776198934280493,0.0,-0.09999999999999432,56.2,56.25,56.25,56.3,8.0,119.0,1462.0,2256.0,False,False
006208,2022-10-26 11:13:47.474569,0.0,-0.001776198934280493,0.0,-0.09999999999999432,56.2,56.25,56.25,56.3,8.0,119.0,1462.0,2256.0,False,False
006208,2022-10-26 11:13:47.607721,0.0,-0.001776198934280493,0.0,-0.09999999999999432,56.2,56.25,56.25,56.3,8.0,119.0,1462.0,2256.0,False,False
006208,2022-10-26 11:13:50.555097,0.0,-0.001776198934280493,0.0,-0.09999999999999432,56.2,56.25,56.25,56.3,8.0,118.0,1462.0,2256.0,False,False
006208,2022-10-26 11:13:52.454606,0.0,-0.001776198934280493,0.0,-0.09999999999999432,56.2,56.25,56.25,56.3,8.0,118.0,1462.0,2256.0,False,False
006208,2022-10-26 11:13:52.483371,0.0,-0.001776198934280493,0.0,-0.09999999999999432,56.2,56.25,56.25,56.3,8.0,88.0,1462.0,2256.0,False,False
006208,2022-10-26 11:13:52.781563,0.0,-0.001776198934280493,0.0,-0.09999999999999432,56.2,56.25,56.25,56.3,7.0,88.0,1462.0,2256.0,False,False
006208,2022-10-26 11:13:53.484028,0.0,-0.001776198934280493,0.0,-0.09999999999999432,56.2,56.25,56.25,56.3,107.0,88.0,1462.0,2256.0,False,False
006208,2022-10-26 11:13:53.831724,0.0,-0.001776198934280493,0.0,-0.09999999999999432,56.2,56.25,56.25,56.3,107.0,88.0,1462.0,2256.0,False,False
006208,2022-10-26 11:13:54.424045,0.0,-0.001776198934280493,0.0,-0.09999999999999432,56.2,56.25,56.25,56.3,107.0,88.0,1462.0,2256.0,False,False
006208,2022-10-26 11:13:54.890975,0.0,-0.001776198934280493,0.0,-0.09999999999999432,56.2,56.25,56.25,56.3,107.0,88.0,1462.0,2256.0,False,False
006208,2022-10-26 11:13:56.498031,0.0,-0.001776198934280493,0.0,-0.09999999999999432,56.2,56.25,56.25,56.3,107.0,88.0,1462.0,2256.0,False,False
006208,2022-10-26 11:13:57.100802,0.0,-0.001776198934280493,0.0,-0.09999999999999432,56.2,56.25,56.25,56.3,107.0,88.0,1462.0,2256.0,False,False
006208,2022-10-26 11:13:57.595800,0.0,-0.001776198934280493,0.0,-0.09999999999999432,56.2,56.25,56.25,56.3,107.0,88.0,1462.0,2256.0,False,False
006208,2022-10-26 11:13:57.604136,0.0,-0.001776198934280493,0.0,-0.09999999999999432,56.2,56.25,56.25,56.3,107.0,88.0,1462.0,2256.0,False,False
006208,2022-10-26 11:13:57.738107,0.0,-0.001776198934280493,0.0,-0.09999999999999432,56.2,56.25,56.25,56.3,107.0,88.0,1462.0,2256.0,False,False
006208,2022-10-26 11:13:59.826970,0.0,-0.001776198934280493,0.0,-0.09999999999999432,56.2,56.25,56.25,56.3,107.0,88.0,1462.0,2256.0,False,False
006208,2022-10-26 11:14:01.140232,0.0,-0.001776198934280493,0.0,-0.09999999999999432,56.2,56.25,56.25,56.3,107.0,88.0,1462.0,2256.0,False,False
006208,2022-10-26 11:14:01.154462,0.0,-0.001776198934280493,0.0,-0.09999999999999432,56.2,56.25,56.25,56.3,107.0,118.0,1462.0,2256.0,False,False
006208,2022-10-26 11:14:01.665260,0.0,-0.001776198934280493,0.0,-0.09999999999999432,56.2,56.25,56.25,56.3,107.0,69.0,1462.0,2256.0,False,False
006208,2022-10-26 11:14:02.277708,0.0,-0.001776198934280493,0.0,-0.09999999999999432,56.2,56.25,56.25,56.3,107.0,119.0,1462.0,2256.0,False,False
006208,2022-10-26 11:14:03.713738,0.0,-0.001776198934280493,0.0,-0.09999999999999432,56.2,56.25,56.25,56.3,107.0,119.0,1462.0,2256.0,False,False
006208,2022-10-26 11:14:06.251972,0.0,-0.001776198934280493,0.0,-0.09999999999999432,56.2,56.25,56.25,56.3,107.0,119.0,1462.0,2256.0,False,False
006208,2022-10-26 11:14:07.319400,0.0,-0.001776198934280493,0.0,-0.09999999999999432,56.2,56.25,56.25,56.3,107.0,119.0,1464.0,1758.0,True,True
006208,2022-10-26 11:14:07.731638,0.0,-0.001776198934280493,0.0,-0.09999999999999432,56.2,56.25,56.25,56.3,107.0,119.0,1464.0,1758.0,False,False
006208,2022-10-26 11:14:07.733933,0.0,-0.001776198934280493,0.0,-0.09999999999999432,56.2,56.25,56.25,56.3,107.0,119.0,1464.0,1758.0,False,False
006208,2022-10-26 11:14:07.867652,0.0,-0.001776198934280493,0.0,-0.09999999999999432,56.2,56.25,56.25,56.3,107.0,119.0,1464.0,1758.0,False,False
006208,2022-10-26 11:14:07.868642,0.0,-0.001776198934280493,0.0,-0.09999999999999432,56.2,56.25,56.25,56.3,107.0,119.0,1464.0,1758.0,False,False
006208,2022-10-26 11:14:10.596374,0.0,-0.001776198934280493,0.0,-0.09999999999999432,56.2,56.25,56.25,56.3,107.0,118.0,1464.0,1758.0,False,False
006208,2022-10-26 11:14:10.772982,0.0,-0.001776198934280493,0.0,-0.09999999999999432,56.2,56.25,56.25,56.3,107.0,81.0,1464.0,1758.0,False,False
006208,2022-10-26 11:14:10.897748,0.0,-0.001776198934280493,0.0,-0.09999999999999432,56.2,56.25,56.25,56.3,107.0,118.0,1464.0,1758.0,False,False
006208,2022-10-26 11:14:13.929645,0.0,-0.001776198934280493,0.0,-0.09999999999999432,56.2,56.25,56.25,56.3,107.0,118.0,1464.0,1758.0,False,False
006208,2022-10-26 11:14:14.458221,0.0,-0.001776198934280493,0.0,-0.09999999999999432,56.2,56.25,56.25,56.3,107.0,118.0,1464.0,1758.0,False,False
006208,2022-10-26 11:14:17.374931,0.0,-0.001776198934280493,0.0,-0.09999999999999432,56.2,56.25,56.25,56.3,107.0,118.0,564.0,2256.0,True,True
006208,2022-10-26 11:14:17.854998,0.0,-0.001776198934280493,0.0,-0.09999999999999432,56.2,56.25,56.25,56.3,107.0,118.0,564.0,2256.0,False,False
006208,2022-10-26 11:14:17.858934,0.0,-0.001776198934280493,0.0,-0.09999999999999432,56.2,56.25,56.25,56.3,107.0,118.0,564.0,2256.0,False,False
006208,2022-10-26 11:14:17.991101,0.0,-0.001776198934280493,0.0,-0.09999999999999432,56.2,56.25,56.25,56.3,107.0,118.0,564.0,2256.0,False,False
006208,2022-10-26 11:14:18.229046,0.0,-0.001776198934280493,0.0,-0.09999999999999432,56.2,56.25,56.25,56.3,107.0,117.0,564.0,2256.0,False,False
006208,2022-10-26 11:14:18.530959,0.0,-0.001776198934280493,0.0,-0.09999999999999432,56.2,56.25,56.25,56.3,107.0,117.0,564.0,2256.0,False,False
006208,2022-10-26 11:14:20.570275,0.0,-0.001776198934280493,0.0,-0.09999999999999432,56.2,56.25,56.25,56.3,107.0,116.0,564.0,2256.0,False,False
006208,2022-10-26 11:14:25.082786,0.0,-0.001776198934280493,0.0,-0.09999999999999432,56.2,56.25,56.25,56.3,107.0,122.0,564.0,2256.0,False,False
006208,2022-10-26 11:14:26.240587,0.0,-0.001776198934280493,0.0,-0.09999999999999432,56.2,56.25,56.25,56.3,107.0,93.0,564.0,2256.0,False,False
006208,2022-10-26 11:14:26.251233,0.0,-0.001776198934280493,0.0,-0.09999999999999432,56.2,56.25,56.25,56.3,107.0,93.0,564.0,2256.0,False,False
006208,2022-10-26 11:14:27.980928,0.0,-0.001776198934280493,0.0,-0.09999999999999432,56.2,56.25,56.25,56.3,107.0,93.0,564.0,2256.0,False,False
006208,2022-10-26 11:14:28.003967,0.0,-0.001776198934280493,0.0,-0.09999999999999432,56.2,56.25,56.25,56.3,7.0,93.0,564.0,2256.0,False,False
006208,2022-10-26 11:14:28.120234,0.0,-0.001776198934280493,0.0,-0.09999999999999432,56.2,56.25,56.25,56.3,7.0,93.0,564.0,2256.0,False,False
006208,2022-10-26 11:14:29.005234,0.0,-0.001776198934280493,0.0,-0.09999999999999432,56.2,56.25,56.25,56.3,7.0,93.0,564.0,2256.0,False,False
006208,2022-10-26 11:14:30.575103,0.0,-0.001776198934280493,0.0,-0.09999999999999432,56.2,56.25,56.25,56.3,7.0,92.0,564.0,2256.0,False,False
006208,2022-10-26 11:14:30.609340,0.0,-0.001776198934280493,0.0,-0.09999999999999432,56.2,56.25,56.25,56.3,7.0,92.0,564.0,2256.0,False,False
006208,2022-10-26 11:14:30.609475,0.0,-0.001776198934280493,0.0,-0.09999999999999432,56.2,56.25,56.25,56.3,7.0,92.0,564.0,2256.0,False,False
006208,2022-10-26 11:14:30.761742,0.0,-0.001776198934280493,0.0,-0.09999999999999432,56.2,56.25,56.25,56.3,7.0,92.0,564.0,2256.0,False,False
006208,2022-10-26 11:14:30.839763,0.0,-0.001776198934280493,0.0,-0.09999999999999432,56.2,56.25,56.25,56.3,7.0,92.0,564.0,2256.0,False,False
006208,2022-10-26 11:14:31.685428,0.0,-0.001776198934280493,0.0,-0.09999999999999432,56.2,56.25,56.25,56.3,7.0,92.0,564.0,2256.0,False,False
006208,2022-10-26 11:14:31.717930,0.0,-0.001776198934280493,0.0,-0.09999999999999432,56.2,56.25,56.25,56.3,7.0,92.0,564.0,2256.0,False,False
006208,2022-10-26 11:14:31.961500,0.0,-0.001776198934280493,0.0,-0.09999999999999432,56.2,56.25,56.25,56.3,7.0,43.0,564.0,2256.0,False,False
006208,2022-10-26 11:14:32.083416,0.0,-0.001776198934280493,0.0,-0.09999999999999432,56.2,56.25,56.25,56.3,7.0,43.0,564.0,2256.0,False,False
006208,2022-10-26 11:14:32.083680,0.0,-0.001776198934280493,0.0,-0.09999999999999432,56.2,56.25,56.25,56.3,7.0,43.0,564.0,2256.0,False,False
006208,2022-10-26 11:14:32.354325,0.0,-0.001776198934280493,0.0,-0.09999999999999432,56.2,56.25,56.25,56.3,7.0,43.0,564.0,2256.0,False,False
006208,2022-10-26 11:14:32.569396,0.0,-0.001776198934280493,0.0,-0.09999999999999432,56.2,56.25,56.25,56.3,7.0,93.0,564.0,2256.0,False,False
006208,2022-10-26 11:14:32.718830,0.0,-0.001776198934280493,0.0,-0.09999999999999432,56.2,56.25,56.25,56.3,107.0,93.0,564.0,2256.0,False,False
006208,2022-10-26 11:14:32.963102,0.0,-0.001776198934280493,0.0,-0.09999999999999432,56.2,56.25,56.25,56.3,107.0,93.0,564.0,2256.0,False,False
006208,2022-10-26 11:14:34.855795,0.0,-0.001776198934280493,0.0,-0.09999999999999432,56.2,56.25,56.25,56.3,107.0,93.0,564.0,2256.0,False,False
006208,2022-10-26 11:14:37.454240,0.0,-0.001776198934280493,0.0,-0.09999999999999432,56.2,56.25,56.25,56.3,107.0,93.0,64.0,2256.0,True,True
006208,2022-10-26 11:14:38.105895,0.0,-0.001776198934280493,0.0,-0.09999999999999432,56.2,56.25,56.25,56.3,107.0,93.0,64.0,2256.0,False,False
006208,2022-10-26 11:14:38.116734,0.0,-0.001776198934280493,0.0,-0.09999999999999432,56.2,56.25,56.25,56.3,107.0,93.0,64.0,2256.0,False,False
006208,2022-10-26 11:14:38.256535,0.0,-0.001776198934280493,0.0,-0.09999999999999432,56.2,56.25,56.25,56.3,107.0,123.0,64.0,2256.0,False,False
006208,2022-10-26 11:14:40.580572,0.0,-0.001776198934280493,0.0,-0.09999999999999432,56.2,56.25,56.25,56.3,107.0,122.0,64.0,2256.0,False,False
006208,2022-10-26 11:14:40.664925,0.0,-0.001776198934280493,0.0,-0.09999999999999432,56.2,56.25,56.25,56.3,107.0,86.0,64.0,2256.0,False,False
006208,2022-10-26 11:14:40.791775,0.0,-0.001776198934280493,0.0,-0.09999999999999432,56.2,56.25,56.25,56.3,107.0,122.0,64.0,2256.0,False,False
006208,2022-10-26 11:14:41.575430,0.0,-0.001776198934280493,0.0,-0.09999999999999432,56.2,56.25,56.25,56.3,107.0,122.0,64.0,2256.0,False,False
006208,2022-10-26 11:14:46.451209,0.0,-0.001776198934280493,0.0,-0.09999999999999432,56.2,56.25,56.25,56.3,107.0,122.0,64.0,2256.0,False,False
006208,2022-10-26 11:14:47.491514,0.0,-0.001776198934280493,0.0,-0.09999999999999432,56.2,56.25,56.25,56.3,107.0,122.0,64.0,2256.0,True,True
006208,2022-10-26 11:14:47.904354,0.0,-0.001776198934280493,0.0,-0.09999999999999432,56.2,56.25,56.25,56.3,107.0,122.0,64.0,2256.0,False,False
006208,2022-10-26 11:14:48.227860,0.0,-0.001776198934280493,0.0,-0.09999999999999432,56.2,56.25,56.25,56.3,107.0,122.0,64.0,2256.0,False,False
006208,2022-10-26 11:14:48.229572,0.0,-0.001776198934280493,0.0,-0.09999999999999432,56.2,56.25,56.25,56.3,107.0,122.0,64.0,2256.0,False,False
006208,2022-10-26 11:14:48.361284,0.0,-0.001776198934280493,0.0,-0.09999999999999432,56.2,56.25,56.25,56.3,107.0,122.0,64.0,2256.0,False,False
006208,2022-10-26 11:14:50.585394,0.0,-0.001776198934280493,0.0,-0.09999999999999432,56.2,56.25,56.25,56.3,107.0,121.0,64.0,2256.0,False,False
006208,2022-10-26 11:14:51.205456,0.0,-0.001776198934280493,0.0,-0.09999999999999432,56.2,56.25,56.25,56.3,107.0,120.0,64.0,2256.0,False,False
006208,2022-10-26 11:14:51.786542,0.0,-0.001776198934280493,0.0,-0.09999999999999432,56.2,56.25,56.25,56.3,99.0,120.0,64.0,2256.0,False,False
006208,2022-10-26 11:14:56.225174,0.0,-0.001776198934280493,0.0,-0.09999999999999432,56.2,56.25,56.25,56.3,99.0,120.0,64.0,2256.0,False,False
006208,2022-10-26 11:14:56.232282,0.0,-0.001776198934280493,0.0,-0.09999999999999432,56.2,56.25,56.25,56.3,99.0,120.0,64.0,2256.0,False,False
006208,2022-10-26 11:14:57.501682,0.0,-0.001776198934280493,0.0,-0.09999999999999432,56.2,56.25,56.25,56.3,99.0,120.0,24.0,2256.0,True,True
006208,2022-10-26 11:14:58.306730,0.0,-0.001776198934280493,0.0,-0.09999999999999432,56.2,56.25,56.25,56.3,99.0,120.0,24.0,2256.0,False,False
006208,2022-10-26 11:14:58.310320,0.0,-0.001776198934280493,0.0,-0.09999999999999432,56.2,56.25,56.25,56.3,99.0,120.0,24.0,2256.0,False,False
006208,2022-10-26 11:14:58.441925,0.0,-0.001776198934280493,0.0,-0.09999999999999432,56.2,56.25,56.25,56.3,99.0,120.0,24.0,2256.0,False,False
006208,2022-10-26 11:15:00.073080,0.0,-0.001776198934280493,0.0,-0.09999999999999432,56.2,56.25,56.25,56.3,99.0,120.0,24.0,2256.0,False,False
006208,2022-10-26 11:15:00.080404,0.0,-0.001776198934280493,0.0,-0.09999999999999432,56.2,56.25,56.25,56.3,99.0,120.0,24.0,2256.0,False,False
006208,2022-10-26 11:15:01.933401,0.0,-0.001776198934280493,0.0,-0.09999999999999432,56.2,56.25,56.25,56.3,57.0,120.0,24.0,2256.0,False,False
006208,2022-10-26 11:15:03.744173,0.0,-0.001776198934280493,0.0,-0.09999999999999432,56.2,56.25,56.25,56.3,57.0,120.0,24.0,2256.0,False,False
006208,2022-10-26 11:15:03.810897,0.0,-0.002664298401420906,0.0,-0.14999999999999858,56.15,56.25,56.25,56.3,311.0,120.0,24.0,2256.0,False,False
006208,2022-10-26 11:15:03.940581,0.0,-0.002664298401420906,0.0,-0.14999999999999858,56.15,56.25,56.25,56.3,271.0,120.0,24.0,2256.0,False,False
006208,2022-10-26 11:15:04.068673,0.0,-0.002664298401420906,0.0,-0.14999999999999858,56.15,56.25,56.25,56.3,271.0,120.0,24.0,2256.0,False,False
006208,2022-10-26 11:15:04.148492,0.0,-0.002664298401420906,0.0,-0.14999999999999858,56.15,56.25,56.25,56.3,271.0,120.0,24.0,2256.0,False,False
006208,2022-10-26 11:15:04.773496,0.0,-0.002664298401420906,0.0,-0.14999999999999858,56.15,56.25,56.25,56.3,271.0,120.0,24.0,2256.0,False,False
006208,2022-10-26 11:15:05.719663,0.0,-0.002664298401420906,0.0,-0.14999999999999858,56.15,56.25,56.25,56.3,271.0,120.0,24.0,2256.0,False,False
006208,2022-10-26 11:15:05.732437,0.0,-0.002664298401420906,0.0,-0.14999999999999858,56.15,56.25,56.25,56.3,271.0,120.0,24.0,2256.0,False,False
006208,2022-10-26 11:15:05.874112,0.0,-0.002664298401420906,0.0,-0.14999999999999858,56.15,56.25,56.25,56.3,271.0,120.0,24.0,2256.0,False,False
006208,2022-10-26 11:15:06.303747,0.0,-0.002664298401420906,0.0,-0.14999999999999858,56.15,56.25,56.25,56.3,211.0,120.0,24.0,2256.0,False,False
006208,2022-10-26 11:15:07.373166,0.0,-0.002664298401420906,0.0,-0.14999999999999858,56.15,56.25,56.25,56.3,177.0,120.0,24.0,2256.0,False,False
006208,2022-10-26 11:15:07.393922,0.0,-0.002664298401420906,0.0,-0.14999999999999858,56.15,56.25,56.25,56.3,177.0,120.0,24.0,2256.0,False,False
006208,2022-10-26 11:15:07.456747,0.0,-0.002664298401420906,0.0,-0.14999999999999858,56.15,56.25,56.25,56.3,177.0,120.0,24.0,2256.0,False,False
006208,2022-10-26 11:15:07.670637,0.0,-0.002664298401420906,0.0,-0.14999999999999858,56.15,56.25,56.25,56.3,177.0,120.0,24.0,2256.0,False,False
006208,2022-10-26 11:15:07.698377,0.0,-0.002664298401420906,0.0,-0.14999999999999858,56.15,56.25,56.25,56.3,177.0,120.0,124.0,2256.0,True,True
006208,2022-10-26 11:15:08.647360,0.0,-0.001776198934280493,0.0,-0.09999999999999432,56.2,56.25,56.25,56.3,1.0,120.0,124.0,2256.0,False,False
006208,2022-10-26 11:15:08.663688,0.0,-0.001776198934280493,0.0,-0.09999999999999432,56.2,56.25,56.25,56.3,1.0,120.0,124.0,2256.0,False,False
006208,2022-10-26 11:15:08.778832,0.0,-0.001776198934280493,0.0,-0.09999999999999432,56.2,56.25,56.25,56.3,1.0,120.0,124.0,2256.0,False,False
006208,2022-10-26 11:15:08.829930,0.0,-0.001776198934280493,0.0,-0.09999999999999432,56.2,56.25,56.25,56.3,1.0,120.0,124.0,2256.0,False,False
006208,2022-10-26 11:15:10.474443,0.0,-0.001776198934280493,0.0,-0.09999999999999432,56.2,56.25,56.25,56.3,1.0,119.0,124.0,2256.0,False,False
006208,2022-10-26 11:15:10.753594,0.0,-0.001776198934280493,0.0,-0.09999999999999432,56.2,56.25,56.25,56.3,1.0,119.0,124.0,2256.0,False,False
006208,2022-10-26 11:15:10.768972,0.0,-0.001776198934280493,0.0,-0.09999999999999432,56.2,56.25,56.25,56.3,1.0,119.0,124.0,2256.0,False,False
006208,2022-10-26 11:15:10.913454,0.0,-0.001776198934280493,0.0,-0.09999999999999432,56.2,56.25,56.25,56.3,1.0,119.0,124.0,2256.0,False,False
006208,2022-10-26 11:15:10.931869,0.0,-0.001776198934280493,0.0,-0.09999999999999432,56.2,56.25,56.25,56.3,1.0,119.0,124.0,2256.0,False,False
006208,2022-10-26 11:15:11.600500,0.0,-0.001776198934280493,0.0,-0.09999999999999432,56.2,56.25,56.25,56.3,1.0,119.0,124.0,2256.0,False,False
006208,2022-10-26 11:15:11.720306,0.0,-0.001776198934280493,0.0,-0.09999999999999432,56.2,56.25,56.25,56.3,1.0,119.0,124.0,2256.0,False,False
006208,2022-10-26 11:15:11.731055,0.0,-0.001776198934280493,0.0,-0.09999999999999432,56.2,56.25,56.25,56.3,1.0,119.0,124.0,2256.0,False,False
006208,2022-10-26 11:15:11.820352,0.0,-0.001776198934280493,0.0,-0.09999999999999432,56.2,56.25,56.25,56.3,1.0,119.0,124.0,2256.0,False,False
006208,2022-10-26 11:15:11.909610,0.0,-0.001776198934280493,0.0,-0.09999999999999432,56.2,56.25,56.25,56.3,1.0,119.0,124.0,2256.0,False,False
006208,2022-10-26 11:15:17.355559,0.0,-0.001776198934280493,0.0,-0.09999999999999432,56.2,56.25,56.25,56.3,1.0,120.0,124.0,2256.0,False,False
006208,2022-10-26 11:15:17.704763,0.0,-0.001776198934280493,0.0,-0.09999999999999432,56.2,56.25,56.25,56.3,1.0,120.0,124.0,2256.0,True,True
006208,2022-10-26 11:15:18.790056,0.0,-0.001776198934280493,0.0,-0.09999999999999432,56.2,56.25,56.25,56.3,1.0,120.0,124.0,2256.0,False,False
006208,2022-10-26 11:15:18.874295,0.0,-0.001776198934280493,0.0,-0.09999999999999432,56.2,56.25,56.25,56.3,1.0,120.0,124.0,2256.0,False,False
006208,2022-10-26 11:15:18.923262,0.0,-0.001776198934280493,0.0,-0.09999999999999432,56.2,56.25,56.25,56.3,1.0,120.0,124.0,2256.0,False,False
006208,2022-10-26 11:15:20.446411,0.0,-0.001776198934280493,0.0,-0.09999999999999432,56.2,56.25,56.25,56.3,1.0,119.0,124.0,2256.0,False,False
006208,2022-10-26 11:15:24.088582,0.0,-0.001776198934280493,0.0,-0.09999999999999432,56.2,56.25,56.25,56.3,1.0,119.0,124.0,2256.0,False,False
006208,2022-10-26 11:15:24.089243,0.0,-0.001776198934280493,0.0,-0.09999999999999432,56.2,56.25,56.25,56.3,1.0,194.0,124.0,2256.0,False,False
006208,2022-10-26 11:15:25.107257,0.0,-0.001776198934280493,0.0,-0.09999999999999432,56.2,56.25,56.25,56.3,1.0,193.0,124.0,2256.0,False,False
006208,2022-10-26 11:15:27.216320,0.0,-0.001776198934280493,0.0,-0.09999999999999432,56.2,56.25,56.25,56.3,1.0,193.0,124.0,2256.0,False,False
006208,2022-10-26 11:15:27.216458,0.0,-0.001776198934280493,0.0,-0.09999999999999432,56.2,56.25,56.25,56.3,1.0,193.0,124.0,2256.0,False,False
006208,2022-10-26 11:15:27.298112,0.0,-0.001776198934280493,0.0,-0.09999999999999432,56.2,56.25,56.25,56.3,1.0,193.0,124.0,2256.0,False,False
006208,2022-10-26 11:15:27.718871,0.0,-0.001776198934280493,0.0,-0.09999999999999432,56.2,56.25,56.25,56.3,1.0,193.0,164.0,2756.0,True,True
006208,2022-10-26 11:15:28.248140,0.0,-0.001776198934280493,0.0,-0.09999999999999432,56.2,56.25,56.25,56.3,1.0,293.0,164.0,2756.0,False,False
006208,2022-10-26 11:15:28.352898,0.0,-0.001776198934280493,0.0,-0.09999999999999432,56.2,56.25,56.25,56.3,1.0,293.0,164.0,2756.0,False,False
006208,2022-10-26 11:15:28.368270,0.0,-0.001776198934280493,0.0,-0.09999999999999432,56.2,56.25,56.25,56.3,1.0,293.0,164.0,2756.0,False,False
006208,2022-10-26 11:15:28.895077,0.0,-0.001776198934280493,0.0,-0.09999999999999432,56.2,56.25,56.25,56.3,1.0,293.0,164.0,2756.0,False,False
006208,2022-10-26 11:15:28.978089,0.0,-0.001776198934280493,0.0,-0.09999999999999432,56.2,56.25,56.25,56.3,1.0,293.0,164.0,2756.0,False,False
006208,2022-10-26 11:15:29.066032,0.0,-0.001776198934280493,0.0,-0.09999999999999432,56.2,56.25,56.25,56.3,1.0,293.0,164.0,2756.0,False,False
006208,2022-10-26 11:15:29.507210,0.0,-0.001776198934280493,0.0,-0.09999999999999432,56.2,56.25,56.25,56.3,1.0,293.0,164.0,2756.0,False,False
006208,2022-10-26 11:15:30.153307,0.0,-0.001776198934280493,0.0,-0.09999999999999432,56.2,56.25,56.25,56.3,1.0,293.0,164.0,2756.0,False,False
006208,2022-10-26 11:15:30.180883,0.0,-0.001776198934280493,0.0,-0.09999999999999432,56.2,56.25,56.25,56.3,1.0,193.0,164.0,2756.0,False,False
006208,2022-10-26 11:15:30.429371,0.0,-0.001776198934280493,0.0,-0.09999999999999432,56.2,56.25,56.25,56.3,1.0,192.0,164.0,2756.0,False,False
006208,2022-10-26 11:15:30.505031,0.0,-0.001776198934280493,0.0,-0.09999999999999432,56.2,56.25,56.25,56.3,1.0,192.0,164.0,2756.0,False,False
006208,2022-10-26 11:15:30.601616,0.0,-0.001776198934280493,0.0,-0.09999999999999432,56.2,56.25,56.25,56.3,1.0,192.0,164.0,2756.0,False,False
006208,2022-10-26 11:15:31.180099,0.0,-0.001776198934280493,0.0,-0.09999999999999432,56.2,56.25,56.25,56.3,1.0,192.0,164.0,2756.0,False,False
006208,2022-10-26 11:15:32.130330,0.0,-0.001776198934280493,0.0,-0.09999999999999432,56.2,56.25,56.25,56.3,1.0,192.0,164.0,2756.0,False,False
006208,2022-10-26 11:15:32.228034,0.0,-0.001776198934280493,0.0,-0.09999999999999432,56.2,56.25,56.25,56.3,1.0,226.0,164.0,2756.0,False,False
006208,2022-10-26 11:15:33.123246,0.0,-0.002664298401420906,0.0,-0.14999999999999858,56.15,56.25,56.25,56.3,176.0,226.0,164.0,2756.0,False,False
006208,2022-10-26 11:15:33.159147,0.0,-0.002664298401420906,0.0,-0.14999999999999858,56.15,56.25,56.25,56.3,176.0,226.0,164.0,2756.0,False,False
006208,2022-10-26 11:15:33.235543,0.0,-0.002664298401420906,0.0,-0.14999999999999858,56.15,56.25,56.25,56.3,176.0,226.0,164.0,2756.0,False,False
006208,2022-10-26 11:15:33.340561,0.000889679715302405,-0.002664298401420906,0.04999999999999716,-0.14999999999999858,56.15,56.2,56.25,56.3,36.0,1.0,164.0,2756.0,False,False
006208,2022-10-26 11:15:33.472238,0.000889679715302405,-0.002664298401420906,0.04999999999999716,-0.14999999999999858,56.15,56.2,56.25,56.3,36.0,1.0,164.0,2756.0,False,False
006208,2022-10-26 11:15:33.544864,0.000889679715302405,-0.002664298401420906,0.04999999999999716,-0.14999999999999858,56.15,56.2,56.25,56.3,36.0,1.0,164.0,2756.0,False,False
006208,2022-10-26 11:15:33.668609,0.000889679715302405,-0.002664298401420906,0.04999999999999716,-0.14999999999999858,56.15,56.2,56.25,56.3,36.0,1.0,164.0,2756.0,False,False
006208,2022-10-26 11:15:33.785481,0.000889679715302405,-0.002664298401420906,0.04999999999999716,-0.14999999999999858,56.15,56.2,56.25,56.3,36.0,1.0,164.0,2756.0,False,False
006208,2022-10-26 11:15:34.334662,0.000889679715302405,-0.002664298401420906,0.04999999999999716,-0.14999999999999858,56.15,56.2,56.25,56.3,136.0,1.0,164.0,2756.0,False,False
006208,2022-10-26 11:15:34.590561,0.000889679715302405,-0.002664298401420906,0.04999999999999716,-0.14999999999999858,56.15,56.2,56.25,56.3,136.0,1.0,164.0,2756.0,False,False
006208,2022-10-26 11:15:34.622662,0.000889679715302405,-0.002664298401420906,0.04999999999999716,-0.14999999999999858,56.15,56.2,56.25,56.3,36.0,1.0,164.0,2756.0,False,False
006208,2022-10-26 11:15:34.715626,0.000889679715302405,-0.002664298401420906,0.04999999999999716,-0.14999999999999858,56.15,56.2,56.25,56.3,2.0,1.0,164.0,2756.0,False,False
006208,2022-10-26 11:15:34.883160,0.000889679715302405,-0.002664298401420906,0.04999999999999716,-0.14999999999999858,56.15,56.2,56.25,56.3,2.0,1.0,164.0,2756.0,False,False
006208,2022-10-26 11:15:34.951800,0.000889679715302405,-0.002664298401420906,0.04999999999999716,-0.14999999999999858,56.15,56.2,56.25,56.3,2.0,37.0,164.0,2756.0,False,False
006208,2022-10-26 11:15:35.102533,0.000889679715302405,-0.002664298401420906,0.04999999999999716,-0.14999999999999858,56.15,56.2,56.25,56.3,2.0,37.0,164.0,2756.0,False,False
006208,2022-10-26 11:15:35.234672,0.000889679715302405,-0.002664298401420906,0.04999999999999716,-0.14999999999999858,56.15,56.2,56.25,56.3,2.0,37.0,164.0,2756.0,False,False
006208,2022-10-26 11:15:35.357208,0.000889679715302405,-0.002664298401420906,0.04999999999999716,-0.14999999999999858,56.15,56.2,56.25,56.3,2.0,37.0,164.0,2756.0,False,False
006208,2022-10-26 11:15:35.454124,0.000889679715302405,-0.002664298401420906,0.04999999999999716,-0.14999999999999858,56.15,56.2,56.25,56.3,2.0,37.0,164.0,2756.0,False,False
006208,2022-10-26 11:15:35.621825,0.000889679715302405,-0.002664298401420906,0.04999999999999716,-0.14999999999999858,56.15,56.2,56.25,56.3,2.0,37.0,164.0,2756.0,False,False
006208,2022-10-26 11:15:35.911028,0.000889679715302405,-0.002664298401420906,0.04999999999999716,-0.14999999999999858,56.15,56.2,56.25,56.3,2.0,37.0,164.0,2756.0,False,False
006208,2022-10-26 11:15:37.529675,0.000889679715302405,-0.002664298401420906,0.04999999999999716,-0.14999999999999858,56.15,56.2,56.25,56.3,2.0,37.0,164.0,2756.0,False,False
006208,2022-10-26 11:15:37.555462,0.000889679715302405,-0.002664298401420906,0.04999999999999716,-0.14999999999999858,56.15,56.2,56.25,56.3,2.0,37.0,164.0,2756.0,False,False
006208,2022-10-26 11:15:37.742611,0.000889679715302405,-0.002664298401420906,0.04999999999999716,-0.14999999999999858,56.15,56.2,56.25,56.3,2.0,37.0,1924.0,1519.0,True,True
006208,2022-10-26 11:15:38.762440,0.000889679715302405,-0.002664298401420906,0.04999999999999716,-0.14999999999999858,56.15,56.2,56.25,56.3,2.0,37.0,1924.0,1519.0,False,False
006208,2022-10-26 11:15:38.762740,0.000889679715302405,-0.002664298401420906,0.04999999999999716,-0.14999999999999858,56.15,56.2,56.25,56.3,2.0,37.0,1924.0,1519.0,False,False
006208,2022-10-26 11:15:39.341629,0.000889679715302405,-0.002664298401420906,0.04999999999999716,-0.14999999999999858,56.15,56.2,56.25,56.3,2.0,37.0,1924.0,1519.0,False,False
006208,2022-10-26 11:15:39.341957,0.000889679715302405,-0.002664298401420906,0.04999999999999716,-0.14999999999999858,56.15,56.2,56.25,56.3,2.0,37.0,1924.0,1519.0,False,False
006208,2022-10-26 11:15:40.433446,0.000889679715302405,-0.002664298401420906,0.04999999999999716,-0.14999999999999858,56.15,56.2,56.25,56.3,2.0,36.0,1924.0,1519.0,False,False
006208,2022-10-26 11:15:43.331267,0.000889679715302405,-0.002664298401420906,0.04999999999999716,-0.14999999999999858,56.15,56.2,56.25,56.3,2.0,36.0,1924.0,1519.0,False,False
006208,2022-10-26 11:15:43.331545,0.000889679715302405,-0.002664298401420906,0.04999999999999716,-0.14999999999999858,56.15,56.2,56.25,56.3,2.0,36.0,1924.0,1519.0,False,False
006208,2022-10-26 11:15:43.734647,0.000889679715302405,-0.002664298401420906,0.04999999999999716,-0.14999999999999858,56.15,56.2,56.25,56.3,2.0,36.0,1924.0,1519.0,False,False
006208,2022-10-26 11:15:43.775896,0.000889679715302405,-0.002664298401420906,0.04999999999999716,-0.14999999999999858,56.15,56.2,56.25,56.3,2.0,36.0,1924.0,1519.0,False,False
006208,2022-10-26 11:15:43.908792,0.000889679715302405,-0.002664298401420906,0.04999999999999716,-0.14999999999999858,56.15,56.2,56.25,56.3,2.0,36.0,1924.0,1519.0,False,False
006208,2022-10-26 11:15:44.445088,0.000889679715302405,-0.002664298401420906,0.04999999999999716,-0.14999999999999858,56.15,56.2,56.25,56.3,2.0,36.0,1924.0,1519.0,False,False
006208,2022-10-26 11:15:44.445323,0.000889679715302405,-0.002664298401420906,0.04999999999999716,-0.14999999999999858,56.15,56.2,56.25,56.3,2.0,36.0,1924.0,1519.0,False,False
006208,2022-10-26 11:15:50.409427,0.000889679715302405,-0.002664298401420906,0.04999999999999716,-0.14999999999999858,56.15,56.2,56.25,56.3,2.0,35.0,1924.0,1519.0,False,False
006208,2022-10-26 11:15:50.492239,0.0,-0.002664298401420906,0.0,-0.14999999999999858,56.15,56.25,56.25,56.3,2.0,390.0,1924.0,1519.0,False,False
006208,2022-10-26 11:15:50.585445,0.000889679715302405,-0.002664298401420906,0.04999999999999716,-0.14999999999999858,56.15,56.2,56.25,56.3,2.0,35.0,1924.0,1519.0,False,False
006208,2022-10-26 11:15:50.625136,0.000889679715302405,-0.002664298401420906,0.04999999999999716,-0.14999999999999858,56.15,56.2,56.25,56.3,2.0,35.0,1924.0,1519.0,False,False
006208,2022-10-26 11:15:50.919411,0.000889679715302405,-0.002664298401420906,0.04999999999999716,-0.14999999999999858,56.15,56.2,56.25,56.3,2.0,35.0,1924.0,1519.0,False,False
006208,2022-10-26 11:15:50.919649,0.000889679715302405,-0.002664298401420906,0.04999999999999716,-0.14999999999999858,56.15,56.2,56.25,56.3,77.0,35.0,1924.0,1519.0,False,False
006208,2022-10-26 11:15:51.074952,0.000889679715302405,-0.002664298401420906,0.04999999999999716,-0.14999999999999858,56.15,56.2,56.25,56.3,77.0,35.0,1924.0,1519.0,False,False
006208,2022-10-26 11:15:53.039211,0.000889679715302405,-0.002664298401420906,0.04999999999999716,-0.14999999999999858,56.15,56.2,56.25,56.3,77.0,35.0,1924.0,1519.0,False,False
006208,2022-10-26 11:15:53.058645,0.000889679715302405,-0.002664298401420906,0.04999999999999716,-0.14999999999999858,56.15,56.2,56.25,56.3,77.0,35.0,1924.0,1519.0,False,False
006208,2022-10-26 11:15:53.633001,0.000889679715302405,-0.002664298401420906,0.04999999999999716,-0.14999999999999858,56.15,56.2,56.25,56.3,77.0,35.0,1924.0,1519.0,False,False
006208,2022-10-26 11:15:53.660220,0.000889679715302405,-0.002664298401420906,0.04999999999999716,-0.14999999999999858,56.15,56.2,56.25,56.3,77.0,35.0,1924.0,1519.0,False,False
006208,2022-10-26 11:15:54.410949,0.000889679715302405,-0.002664298401420906,0.04999999999999716,-0.14999999999999858,56.15,56.2,56.25,56.3,2.0,35.0,1924.0,1519.0,False,False
006208,2022-10-26 11:15:54.415828,0.000889679715302405,-0.002664298401420906,0.04999999999999716,-0.14999999999999858,56.15,56.2,56.25,56.3,2.0,35.0,1924.0,1519.0,False,False
006208,2022-10-26 11:15:57.089634,0.000889679715302405,-0.002664298401420906,0.04999999999999716,-0.14999999999999858,56.15,56.2,56.25,56.3,2.0,35.0,1924.0,1519.0,False,False
006208,2022-10-26 11:15:57.089836,0.000889679715302405,-0.002664298401420906,0.04999999999999716,-0.14999999999999858,56.15,56.2,56.25,56.3,77.0,35.0,1924.0,1519.0,False,False
006208,2022-10-26 11:15:57.215045,0.000889679715302405,-0.002664298401420906,0.04999999999999716,-0.14999999999999858,56.15,56.2,56.25,56.3,77.0,35.0,1924.0,1519.0,False,False
006208,2022-10-26 11:15:57.246096,0.000889679715302405,-0.002664298401420906,0.04999999999999716,-0.14999999999999858,56.15,56.2,56.25,56.3,77.0,35.0,1924.0,1519.0,False,False
006208,2022-10-26 11:15:58.017371,0.000889679715302405,-0.002664298401420906,0.04999999999999716,-0.14999999999999858,56.15,56.2,56.25,56.3,77.0,34.0,1924.0,1519.0,False,False
006208,2022-10-26 11:15:58.111989,0.0,-0.002664298401420906,0.0,-0.14999999999999858,56.15,56.25,56.25,56.3,77.0,256.0,1924.0,1519.0,False,False
006208,2022-10-26 11:15:58.197060,0.0,-0.002664298401420906,0.0,-0.14999999999999858,56.15,56.25,56.25,56.3,77.0,256.0,1924.0,1519.0,False,False
006208,2022-10-26 11:15:58.320454,0.000889679715302405,-0.002664298401420906,0.04999999999999716,-0.14999999999999858,56.15,56.2,56.25,56.3,177.0,34.0,1924.0,1519.0,False,False
006208,2022-10-26 11:15:58.415840,0.000889679715302405,-0.002664298401420906,0.04999999999999716,-0.14999999999999858,56.15,56.2,56.25,56.3,177.0,34.0,1924.0,1519.0,False,False
006208,2022-10-26 11:15:58.862649,0.000889679715302405,-0.002664298401420906,0.04999999999999716,-0.14999999999999858,56.15,56.2,56.25,56.3,177.0,34.0,1924.0,1519.0,False,False
006208,2022-10-26 11:15:58.872611,0.000889679715302405,-0.002664298401420906,0.04999999999999716,-0.14999999999999858,56.15,56.2,56.25,56.3,177.0,34.0,1924.0,1519.0,False,False
006208,2022-10-26 11:15:59.300517,0.000889679715302405,-0.002664298401420906,0.04999999999999716,-0.14999999999999858,56.15,56.2,56.25,56.3,177.0,34.0,1924.0,1519.0,False,False
006208,2022-10-26 11:15:59.326419,0.000889679715302405,-0.002664298401420906,0.04999999999999716,-0.14999999999999858,56.15,56.2,56.25,56.3,177.0,34.0,1924.0,1519.0,False,False
006208,2022-10-26 11:15:59.346985,0.000889679715302405,-0.002664298401420906,0.04999999999999716,-0.14999999999999858,56.15,56.2,56.25,56.3,177.0,34.0,1924.0,1519.0,False,False
006208,2022-10-26 11:15:59.852986,0.000889679715302405,-0.002664298401420906,0.04999999999999716,-0.14999999999999858,56.15,56.2,56.25,56.3,177.0,34.0,1924.0,1519.0,False,False
006208,2022-10-26 11:15:59.924753,0.000889679715302405,-0.002664298401420906,0.04999999999999716,-0.14999999999999858,56.15,56.2,56.25,56.3,77.0,34.0,1924.0,1519.0,False,False
006208,2022-10-26 11:16:00.101870,0.000889679715302405,-0.002664298401420906,0.04999999999999716,-0.14999999999999858,56.15,56.2,56.25,56.3,77.0,34.0,1924.0,1519.0,False,False
006208,2022-10-26 11:16:00.102190,0.000889679715302405,-0.002664298401420906,0.04999999999999716,-0.14999999999999858,56.15,56.2,56.25,56.3,77.0,34.0,1924.0,1519.0,False,False
006208,2022-10-26 11:16:00.889521,0.000889679715302405,-0.002664298401420906,0.04999999999999716,-0.14999999999999858,56.15,56.2,56.25,56.3,77.0,34.0,1924.0,1519.0,False,False
006208,2022-10-26 11:16:01.049875,0.000889679715302405,-0.002664298401420906,0.04999999999999716,-0.14999999999999858,56.15,56.2,56.25,56.3,77.0,34.0,1924.0,1519.0,False,False
006208,2022-10-26 11:16:01.054986,0.000889679715302405,-0.002664298401420906,0.04999999999999716,-0.14999999999999858,56.15,56.2,56.25,56.3,77.0,34.0,1924.0,1519.0,False,False
006208,2022-10-26 11:16:01.186975,0.000889679715302405,-0.002664298401420906,0.04999999999999716,-0.14999999999999858,56.15,56.2,56.25,56.3,77.0,34.0,1924.0,1519.0,False,False
006208,2022-10-26 11:16:01.821854,0.000889679715302405,-0.002664298401420906,0.04999999999999716,-0.14999999999999858,56.15,56.2,56.25,56.3,77.0,34.0,1924.0,1519.0,False,False
006208,2022-10-26 11:16:01.962198,0.000889679715302405,-0.002664298401420906,0.04999999999999716,-0.14999999999999858,56.15,56.2,56.25,56.3,77.0,34.0,1924.0,1519.0,False,False
006208,2022-10-26 11:16:02.000965,0.000889679715302405,-0.002664298401420906,0.04999999999999716,-0.14999999999999858,56.15,56.2,56.25,56.3,77.0,34.0,1924.0,1519.0,False,False
006208,2022-10-26 11:16:02.731672,0.000889679715302405,-0.002664298401420906,0.04999999999999716,-0.14999999999999858,56.15,56.2,56.25,56.3,77.0,34.0,1924.0,1519.0,False,False
006208,2022-10-26 11:16:03.001137,0.000889679715302405,-0.002664298401420906,0.04999999999999716,-0.14999999999999858,56.15,56.2,56.25,56.3,177.0,34.0,1924.0,1519.0,False,False
006208,2022-10-26 11:16:04.164070,0.000889679715302405,-0.002664298401420906,0.04999999999999716,-0.14999999999999858,56.15,56.2,56.25,56.3,177.0,34.0,1924.0,1519.0,False,False
006208,2022-10-26 11:16:04.770660,0.000889679715302405,-0.002664298401420906,0.04999999999999716,-0.14999999999999858,56.15,56.2,56.25,56.3,177.0,84.0,1924.0,1519.0,False,False
006208,2022-10-26 11:16:06.220993,0.000889679715302405,-0.002664298401420906,0.04999999999999716,-0.14999999999999858,56.15,56.2,56.25,56.3,177.0,34.0,1924.0,1519.0,False,False
006208,2022-10-26 11:16:07.042138,0.000889679715302405,-0.002664298401420906,0.04999999999999716,-0.14999999999999858,56.15,56.2,56.25,56.3,177.0,34.0,1924.0,1519.0,False,True
006208,2022-10-26 11:16:07.268337,0.000889679715302405,-0.002664298401420906,0.04999999999999716,-0.14999999999999858,56.15,56.2,56.25,56.3,177.0,34.0,1924.0,1519.0,False,False
006208,2022-10-26 11:16:07.300610,0.000889679715302405,-0.002664298401420906,0.04999999999999716,-0.14999999999999858,56.15,56.2,56.25,56.3,177.0,34.0,1924.0,1519.0,False,False
006208,2022-10-26 11:16:07.427831,0.000889679715302405,-0.002664298401420906,0.04999999999999716,-0.14999999999999858,56.15,56.2,56.25,56.3,177.0,34.0,1924.0,1519.0,False,False
006208,2022-10-26 11:16:07.472623,0.000889679715302405,-0.002664298401420906,0.04999999999999716,-0.14999999999999858,56.15,56.2,56.25,56.3,177.0,34.0,1924.0,1519.0,False,False
006208,2022-10-26 11:16:10.397119,0.000889679715302405,-0.002664298401420906,0.04999999999999716,-0.14999999999999858,56.15,56.2,56.25,56.3,177.0,33.0,1924.0,1519.0,False,False
006208,2022-10-26 11:16:10.426732,0.0,-0.002664298401420906,0.0,-0.14999999999999858,56.15,56.25,56.25,56.3,177.0,256.0,1924.0,1519.0,False,False
006208,2022-10-26 11:16:10.455021,0.0,-0.002664298401420906,0.0,-0.14999999999999858,56.15,56.25,56.25,56.3,177.0,256.0,1924.0,1519.0,False,False
006208,2022-10-26 11:16:10.559793,0.000889679715302405,-0.002664298401420906,0.04999999999999716,-0.14999999999999858,56.15,56.2,56.25,56.3,177.0,33.0,1924.0,1519.0,False,False
006208,2022-10-26 11:16:10.596082,0.000889679715302405,-0.002664298401420906,0.04999999999999716,-0.14999999999999858,56.15,56.2,56.25,56.3,177.0,33.0,1924.0,1519.0,False,False
006208,2022-10-26 11:16:11.166073,0.000889679715302405,-0.002664298401420906,0.04999999999999716,-0.14999999999999858,56.15,56.2,56.25,56.3,177.0,33.0,1924.0,1519.0,False,False
006208,2022-10-26 11:16:11.170859,0.000889679715302405,-0.002664298401420906,0.04999999999999716,-0.14999999999999858,56.15,56.2,56.25,56.3,177.0,33.0,1924.0,1519.0,False,False
006208,2022-10-26 11:16:11.299173,0.000889679715302405,-0.002664298401420906,0.04999999999999716,-0.14999999999999858,56.15,56.2,56.25,56.3,177.0,33.0,1924.0,1519.0,False,False
006208,2022-10-26 11:16:13.047883,0.000889679715302405,-0.002664298401420906,0.04999999999999716,-0.14999999999999858,56.15,56.2,56.25,56.3,177.0,33.0,1924.0,1519.0,False,False
006208,2022-10-26 11:16:13.080230,0.000889679715302405,-0.002664298401420906,0.04999999999999716,-0.14999999999999858,56.15,56.2,56.25,56.3,177.0,33.0,1924.0,1519.0,False,False
006208,2022-10-26 11:16:13.110817,0.000889679715302405,-0.002664298401420906,0.04999999999999716,-0.14999999999999858,56.15,56.2,56.25,56.3,177.0,33.0,1924.0,1519.0,False,False
006208,2022-10-26 11:16:13.584720,0.000889679715302405,-0.002664298401420906,0.04999999999999716,-0.14999999999999858,56.15,56.2,56.25,56.3,177.0,33.0,1924.0,1519.0,False,False
006208,2022-10-26 11:16:13.615342,0.000889679715302405,-0.002664298401420906,0.04999999999999716,-0.14999999999999858,56.15,56.2,56.25,56.3,177.0,33.0,1924.0,1519.0,False,False
006208,2022-10-26 11:16:13.811847,0.000889679715302405,-0.002664298401420906,0.04999999999999716,-0.14999999999999858,56.15,56.2,56.25,56.3,177.0,33.0,1924.0,1519.0,False,False
006208,2022-10-26 11:16:13.879243,0.000889679715302405,-0.002664298401420906,0.04999999999999716,-0.14999999999999858,56.15,56.2,56.25,56.3,177.0,33.0,1924.0,1519.0,False,False
006208,2022-10-26 11:16:14.081985,0.000889679715302405,-0.002664298401420906,0.04999999999999716,-0.14999999999999858,56.15,56.2,56.25,56.3,177.0,33.0,1924.0,1519.0,False,False
006208,2022-10-26 11:16:15.179736,0.000889679715302405,-0.002664298401420906,0.04999999999999716,-0.14999999999999858,56.15,56.2,56.25,56.3,177.0,33.0,1924.0,1519.0,False,False
006208,2022-10-26 11:16:15.180031,0.000889679715302405,-0.002664298401420906,0.04999999999999716,-0.14999999999999858,56.15,56.2,56.25,56.3,177.0,33.0,1924.0,1519.0,False,False
006208,2022-10-26 11:16:15.610872,0.000889679715302405,-0.002664298401420906,0.04999999999999716,-0.14999999999999858,56.15,56.2,56.25,56.3,177.0,33.0,1924.0,1519.0,False,False
006208,2022-10-26 11:16:15.624182,0.000889679715302405,-0.002664298401420906,0.04999999999999716,-0.14999999999999858,56.15,56.2,56.25,56.3,177.0,33.0,1924.0,1519.0,False,False
006208,2022-10-26 11:16:15.731565,0.000889679715302405,-0.002664298401420906,0.04999999999999716,-0.14999999999999858,56.15,56.2,56.25,56.3,177.0,32.0,1924.0,1519.0,False,False
006208,2022-10-26 11:16:15.836491,0.0,-0.002664298401420906,0.0,-0.14999999999999858,56.15,56.25,56.25,56.3,177.0,161.0,1924.0,1519.0,False,False
006208,2022-10-26 11:16:15.908422,0.000889679715302405,-0.002664298401420906,0.04999999999999716,-0.14999999999999858,56.15,56.2,56.25,56.3,177.0,32.0,1924.0,1519.0,False,False
006208,2022-10-26 11:16:16.013876,0.000889679715302405,-0.002664298401420906,0.04999999999999716,-0.14999999999999858,56.15,56.2,56.25,56.3,177.0,32.0,1924.0,1519.0,False,False
006208,2022-10-26 11:16:16.623175,0.000889679715302405,-0.002664298401420906,0.04999999999999716,-0.14999999999999858,56.15,56.2,56.25,56.3,177.0,32.0,1924.0,1519.0,False,False
006208,2022-10-26 11:16:16.629868,0.000889679715302405,-0.002664298401420906,0.04999999999999716,-0.14999999999999858,56.15,56.2,56.25,56.3,177.0,32.0,1924.0,1519.0,False,False
006208,2022-10-26 11:16:17.086032,0.000889679715302405,-0.002664298401420906,0.04999999999999716,-0.14999999999999858,56.15,56.2,56.25,56.3,177.0,32.0,1924.0,1019.0,True,True
006208,2022-10-26 11:16:18.168856,0.000889679715302405,-0.002664298401420906,0.04999999999999716,-0.14999999999999858,56.15,56.2,56.25,56.3,177.0,32.0,1924.0,1019.0,False,False
006208,2022-10-26 11:16:18.169043,0.000889679715302405,-0.002664298401420906,0.04999999999999716,-0.14999999999999858,56.15,56.2,56.25,56.3,177.0,32.0,1924.0,1019.0,False,False
006208,2022-10-26 11:16:18.487707,0.000889679715302405,-0.002664298401420906,0.04999999999999716,-0.14999999999999858,56.15,56.2,56.25,56.3,177.0,32.0,1924.0,1019.0,False,False
006208,2022-10-26 11:16:18.548609,0.000889679715302405,-0.002664298401420906,0.04999999999999716,-0.14999999999999858,56.15,56.2,56.25,56.3,177.0,32.0,1924.0,1019.0,False,False
006208,2022-10-26 11:16:18.709445,0.000889679715302405,-0.002664298401420906,0.04999999999999716,-0.14999999999999858,56.15,56.2,56.25,56.3,177.0,32.0,1924.0,1019.0,False,False
006208,2022-10-26 11:16:19.685344,0.000889679715302405,-0.002664298401420906,0.04999999999999716,-0.14999999999999858,56.15,56.2,56.25,56.3,177.0,32.0,1924.0,1019.0,False,False
006208,2022-10-26 11:16:19.744838,0.000889679715302405,-0.002664298401420906,0.04999999999999716,-0.14999999999999858,56.15,56.2,56.25,56.3,177.0,32.0,1924.0,1019.0,False,False
006208,2022-10-26 11:16:19.754572,0.000889679715302405,-0.002664298401420906,0.04999999999999716,-0.14999999999999858,56.15,56.2,56.25,56.3,177.0,32.0,1924.0,1019.0,False,False
006208,2022-10-26 11:16:19.922930,0.000889679715302405,-0.002664298401420906,0.04999999999999716,-0.14999999999999858,56.15,56.2,56.25,56.3,177.0,32.0,1924.0,1019.0,False,False
006208,2022-10-26 11:16:20.208141,0.000889679715302405,-0.002664298401420906,0.04999999999999716,-0.14999999999999858,56.15,56.2,56.25,56.3,177.0,32.0,1924.0,1019.0,False,False
006208,2022-10-26 11:16:20.391638,0.000889679715302405,-0.002664298401420906,0.04999999999999716,-0.14999999999999858,56.15,56.2,56.25,56.3,177.0,31.0,1924.0,1019.0,False,False
006208,2022-10-26 11:16:20.478053,0.0,-0.002664298401420906,0.0,-0.14999999999999858,56.15,56.25,56.25,56.3,177.0,141.0,1924.0,1019.0,False,False
006208,2022-10-26 11:16:20.511741,0.0,-0.002664298401420906,0.0,-0.14999999999999858,56.15,56.25,56.25,56.3,177.0,141.0,1924.0,1019.0,False,False
006208,2022-10-26 11:16:20.697271,0.000889679715302405,-0.002664298401420906,0.04999999999999716,-0.14999999999999858,56.15,56.2,56.25,56.3,177.0,31.0,1924.0,1019.0,False,False
006208,2022-10-26 11:16:20.898825,0.000889679715302405,-0.002664298401420906,0.04999999999999716,-0.14999999999999858,56.15,56.2,56.25,56.3,177.0,31.0,1924.0,1019.0,False,False
006208,2022-10-26 11:16:20.899013,0.000889679715302405,-0.002664298401420906,0.04999999999999716,-0.14999999999999858,56.15,56.2,56.25,56.3,177.0,31.0,1924.0,1019.0,False,False
006208,2022-10-26 11:16:21.173358,0.000889679715302405,-0.002664298401420906,0.04999999999999716,-0.14999999999999858,56.15,56.2,56.25,56.3,177.0,31.0,1924.0,1019.0,False,False
006208,2022-10-26 11:16:21.272367,0.000889679715302405,-0.002664298401420906,0.04999999999999716,-0.14999999999999858,56.15,56.2,56.25,56.3,177.0,31.0,1924.0,1019.0,False,False
006208,2022-10-26 11:16:21.285056,0.000889679715302405,-0.002664298401420906,0.04999999999999716,-0.14999999999999858,56.15,56.2,56.25,56.3,177.0,31.0,1924.0,1019.0,False,False
006208,2022-10-26 11:16:21.428253,0.000889679715302405,-0.002664298401420906,0.04999999999999716,-0.14999999999999858,56.15,56.2,56.25,56.3,177.0,31.0,1924.0,1019.0,False,False
006208,2022-10-26 11:16:21.833540,0.000889679715302405,-0.002664298401420906,0.04999999999999716,-0.14999999999999858,56.15,56.2,56.25,56.3,177.0,31.0,1924.0,1019.0,False,False
006208,2022-10-26 11:16:23.687633,0.000889679715302405,-0.002664298401420906,0.04999999999999716,-0.14999999999999858,56.15,56.2,56.25,56.3,177.0,31.0,1924.0,1019.0,False,False
006208,2022-10-26 11:16:23.687798,0.000889679715302405,-0.002664298401420906,0.04999999999999716,-0.14999999999999858,56.15,56.2,56.25,56.3,177.0,31.0,1924.0,1019.0,False,False
006208,2022-10-26 11:16:25.927558,0.000889679715302405,-0.002664298401420906,0.04999999999999716,-0.14999999999999858,56.15,56.2,56.25,56.3,177.0,31.0,1924.0,1019.0,False,False
006208,2022-10-26 11:16:30.115468,0.000889679715302405,-0.002664298401420906,0.04999999999999716,-0.14999999999999858,56.15,56.2,56.25,56.3,177.0,30.0,1924.0,1019.0,False,False
006208,2022-10-26 11:16:30.401815,0.000889679715302405,-0.002664298401420906,0.04999999999999716,-0.14999999999999858,56.15,56.2,56.25,56.3,177.0,29.0,1924.0,1019.0,False,False
006208,2022-10-26 11:16:30.429379,0.0,-0.002664298401420906,0.0,-0.14999999999999858,56.15,56.25,56.25,56.3,177.0,181.0,1924.0,1019.0,False,False
006208,2022-10-26 11:16:30.445065,0.0,-0.002664298401420906,0.0,-0.14999999999999858,56.15,56.25,56.25,56.3,177.0,181.0,1924.0,1019.0,False,False
006208,2022-10-26 11:16:30.574951,0.000889679715302405,-0.002664298401420906,0.04999999999999716,-0.14999999999999858,56.15,56.2,56.25,56.3,177.0,29.0,1924.0,1019.0,False,False
006208,2022-10-26 11:16:30.691707,0.000889679715302405,-0.002664298401420906,0.04999999999999716,-0.14999999999999858,56.15,56.2,56.25,56.3,177.0,29.0,1924.0,1019.0,False,False
006208,2022-10-26 11:16:30.990758,0.000889679715302405,-0.002664298401420906,0.04999999999999716,-0.14999999999999858,56.15,56.2,56.25,56.3,177.0,29.0,1924.0,1019.0,False,False
006208,2022-10-26 11:16:31.288938,0.000889679715302405,-0.002664298401420906,0.04999999999999716,-0.14999999999999858,56.15,56.2,56.25,56.3,177.0,29.0,1924.0,1019.0,False,False
006208,2022-10-26 11:16:31.345829,0.000889679715302405,-0.002664298401420906,0.04999999999999716,-0.14999999999999858,56.15,56.2,56.25,56.3,177.0,29.0,1924.0,1019.0,False,False
006208,2022-10-26 11:16:31.355368,0.000889679715302405,-0.002664298401420906,0.04999999999999716,-0.14999999999999858,56.15,56.2,56.25,56.3,177.0,29.0,1924.0,1019.0,False,False
006208,2022-10-26 11:16:32.006592,0.000889679715302405,-0.002664298401420906,0.04999999999999716,-0.14999999999999858,56.15,56.2,56.25,56.3,177.0,29.0,1924.0,1019.0,False,False
006208,2022-10-26 11:16:32.058354,0.000889679715302405,-0.002664298401420906,0.04999999999999716,-0.14999999999999858,56.15,56.2,56.25,56.3,177.0,28.0,1924.0,1019.0,False,False
006208,2022-10-26 11:16:32.070385,0.000889679715302405,-0.002664298401420906,0.04999999999999716,-0.14999999999999858,56.15,56.2,56.25,56.3,177.0,28.0,1924.0,1019.0,False,False
006208,2022-10-26 11:16:32.173726,0.0,-0.002664298401420906,0.0,-0.14999999999999858,56.15,56.25,56.25,56.3,177.0,121.0,1924.0,1019.0,False,False
006208,2022-10-26 11:16:32.306370,0.000889679715302405,-0.002664298401420906,0.04999999999999716,-0.14999999999999858,56.15,56.2,56.25,56.3,177.0,28.0,1924.0,1019.0,False,False
006208,2022-10-26 11:16:32.407566,0.000889679715302405,-0.002664298401420906,0.04999999999999716,-0.14999999999999858,56.15,56.2,56.25,56.3,177.0,28.0,1924.0,1019.0,False,False
006208,2022-10-26 11:16:32.535107,0.000889679715302405,-0.002664298401420906,0.04999999999999716,-0.14999999999999858,56.15,56.2,56.25,56.3,177.0,28.0,1924.0,1019.0,False,False
006208,2022-10-26 11:16:32.762960,0.000889679715302405,-0.002664298401420906,0.04999999999999716,-0.14999999999999858,56.15,56.2,56.25,56.3,177.0,28.0,1924.0,1019.0,False,False
006208,2022-10-26 11:16:32.767716,0.000889679715302405,-0.002664298401420906,0.04999999999999716,-0.14999999999999858,56.15,56.2,56.25,56.3,177.0,28.0,1924.0,1019.0,False,False
006208,2022-10-26 11:16:32.867684,0.000889679715302405,-0.002664298401420906,0.04999999999999716,-0.14999999999999858,56.15,56.2,56.25,56.3,177.0,28.0,1924.0,1019.0,False,False
006208,2022-10-26 11:16:35.203953,0.000889679715302405,-0.002664298401420906,0.04999999999999716,-0.14999999999999858,56.15,56.2,56.25,56.3,177.0,28.0,1924.0,1019.0,False,False
006208,2022-10-26 11:16:35.306499,0.000889679715302405,-0.002664298401420906,0.04999999999999716,-0.14999999999999858,56.15,56.2,56.25,56.3,177.0,28.0,1924.0,1019.0,False,False
006208,2022-10-26 11:16:35.578788,0.000889679715302405,-0.002664298401420906,0.04999999999999716,-0.14999999999999858,56.15,56.2,56.25,56.3,177.0,28.0,1924.0,1019.0,False,False
006208,2022-10-26 11:16:35.653022,0.000889679715302405,-0.002664298401420906,0.04999999999999716,-0.14999999999999858,56.15,56.2,56.25,56.3,177.0,28.0,1924.0,1019.0,False,False
006208,2022-10-26 11:16:35.740509,0.000889679715302405,-0.002664298401420906,0.04999999999999716,-0.14999999999999858,56.15,56.2,56.25,56.3,177.0,28.0,1924.0,1019.0,False,False
006208,2022-10-26 11:16:37.151056,0.000889679715302405,-0.002664298401420906,0.04999999999999716,-0.14999999999999858,56.15,56.2,56.25,56.3,177.0,28.0,1924.0,1019.0,True,True
006208,2022-10-26 11:16:38.524540,0.000889679715302405,-0.002664298401420906,0.04999999999999716,-0.14999999999999858,56.15,56.2,56.25,56.3,177.0,28.0,1924.0,1019.0,False,False
006208,2022-10-26 11:16:39.917017,0.000889679715302405,-0.002664298401420906,0.04999999999999716,-0.14999999999999858,56.15,56.2,56.25,56.3,177.0,28.0,1924.0,1019.0,False,False
006208,2022-10-26 11:16:39.923328,0.000889679715302405,-0.002664298401420906,0.04999999999999716,-0.14999999999999858,56.15,56.2,56.25,56.3,177.0,28.0,1924.0,1019.0,False,False
006208,2022-10-26 11:16:40.396804,0.000889679715302405,-0.002664298401420906,0.04999999999999716,-0.14999999999999858,56.15,56.2,56.25,56.3,177.0,27.0,1924.0,1019.0,False,False
006208,2022-10-26 11:16:40.468171,0.0,-0.002664298401420906,0.0,-0.14999999999999858,56.15,56.25,56.25,56.3,177.0,257.0,1924.0,1019.0,False,False
006208,2022-10-26 11:16:40.557305,0.0,-0.002664298401420906,0.0,-0.14999999999999858,56.15,56.25,56.25,56.3,177.0,257.0,1924.0,1019.0,False,False
006208,2022-10-26 11:16:40.658131,0.000889679715302405,-0.002664298401420906,0.04999999999999716,-0.14999999999999858,56.15,56.2,56.25,56.3,177.0,27.0,1924.0,1019.0,False,False
006208,2022-10-26 11:16:40.970914,0.000889679715302405,-0.002664298401420906,0.04999999999999716,-0.14999999999999858,56.15,56.2,56.25,56.3,177.0,27.0,1924.0,1019.0,False,False
006208,2022-10-26 11:16:40.978593,0.000889679715302405,-0.002664298401420906,0.04999999999999716,-0.14999999999999858,56.15,56.2,56.25,56.3,177.0,27.0,1924.0,1019.0,False,False
006208,2022-10-26 11:16:41.105872,0.000889679715302405,-0.002664298401420906,0.04999999999999716,-0.14999999999999858,56.15,56.2,56.25,56.3,177.0,27.0,1924.0,1019.0,False,False
006208,2022-10-26 11:16:41.382805,0.000889679715302405,-0.002664298401420906,0.04999999999999716,-0.14999999999999858,56.15,56.2,56.25,56.3,177.0,27.0,1924.0,1019.0,False,False
006208,2022-10-26 11:16:41.392181,0.000889679715302405,-0.002664298401420906,0.04999999999999716,-0.14999999999999858,56.15,56.2,56.25,56.3,177.0,27.0,1924.0,1019.0,False,False
006208,2022-10-26 11:16:45.100399,0.000889679715302405,-0.002664298401420906,0.04999999999999716,-0.14999999999999858,56.15,56.2,56.25,56.3,177.0,27.0,1924.0,1019.0,False,False
006208,2022-10-26 11:16:45.103789,0.000889679715302405,-0.002664298401420906,0.04999999999999716,-0.14999999999999858,56.15,56.2,56.25,56.3,177.0,27.0,1924.0,1019.0,False,False
006208,2022-10-26 11:16:46.588303,0.000889679715302405,-0.002664298401420906,0.04999999999999716,-0.14999999999999858,56.15,56.2,56.25,56.3,177.0,32.0,1924.0,1019.0,False,False
006208,2022-10-26 11:16:46.596081,0.000889679715302405,-0.002664298401420906,0.04999999999999716,-0.14999999999999858,56.15,56.2,56.25,56.3,177.0,32.0,1924.0,1019.0,False,False
006208,2022-10-26 11:16:47.182999,0.000889679715302405,-0.002664298401420906,0.04999999999999716,-0.14999999999999858,56.15,56.2,56.25,56.3,177.0,32.0,1424.0,1019.0,True,True
006208,2022-10-26 11:16:48.085532,0.000889679715302405,-0.002664298401420906,0.04999999999999716,-0.14999999999999858,56.15,56.2,56.25,56.3,177.0,32.0,1424.0,1019.0,False,False
006208,2022-10-26 11:16:49.781486,0.000889679715302405,-0.002664298401420906,0.04999999999999716,-0.14999999999999858,56.15,56.2,56.25,56.3,177.0,32.0,1424.0,1019.0,False,False
006208,2022-10-26 11:16:49.781894,0.000889679715302405,-0.002664298401420906,0.04999999999999716,-0.14999999999999858,56.15,56.2,56.25,56.3,177.0,32.0,1424.0,1019.0,False,False
006208,2022-10-26 11:16:50.360632,0.000889679715302405,-0.002664298401420906,0.04999999999999716,-0.14999999999999858,56.15,56.2,56.25,56.3,177.0,31.0,1424.0,1019.0,False,False
006208,2022-10-26 11:16:50.464031,0.000889679715302405,-0.002664298401420906,0.04999999999999716,-0.14999999999999858,56.15,56.2,56.25,56.3,177.0,5.0,1424.0,1019.0,False,False
006208,2022-10-26 11:16:50.594123,0.000889679715302405,-0.002664298401420906,0.04999999999999716,-0.14999999999999858,56.15,56.2,56.25,56.3,177.0,31.0,1424.0,1019.0,False,False
006208,2022-10-26 11:16:50.623042,0.000889679715302405,-0.002664298401420906,0.04999999999999716,-0.14999999999999858,56.15,56.2,56.25,56.3,177.0,30.0,1424.0,1019.0,False,False
006208,2022-10-26 11:16:50.671602,0.000889679715302405,-0.002664298401420906,0.04999999999999716,-0.14999999999999858,56.15,56.2,56.25,56.3,177.0,30.0,1424.0,1019.0,False,False
006208,2022-10-26 11:16:50.713021,0.000889679715302405,-0.002664298401420906,0.04999999999999716,-0.14999999999999858,56.15,56.2,56.25,56.3,177.0,30.0,1424.0,1019.0,False,False
006208,2022-10-26 11:16:50.773970,0.000889679715302405,-0.002664298401420906,0.04999999999999716,-0.14999999999999858,56.15,56.2,56.25,56.3,177.0,31.0,1424.0,1019.0,False,False
006208,2022-10-26 11:16:51.094104,0.000889679715302405,-0.002664298401420906,0.04999999999999716,-0.14999999999999858,56.15,56.2,56.25,56.3,177.0,31.0,1424.0,1019.0,False,False
006208,2022-10-26 11:16:51.108611,0.000889679715302405,-0.002664298401420906,0.04999999999999716,-0.14999999999999858,56.15,56.2,56.25,56.3,177.0,31.0,1424.0,1019.0,False,False
006208,2022-10-26 11:16:51.236870,0.000889679715302405,-0.002664298401420906,0.04999999999999716,-0.14999999999999858,56.15,56.2,56.25,56.3,177.0,31.0,1424.0,1019.0,False,False
006208,2022-10-26 11:16:51.380759,0.000889679715302405,-0.002664298401420906,0.04999999999999716,-0.14999999999999858,56.15,56.2,56.25,56.3,177.0,31.0,1424.0,1019.0,False,False
006208,2022-10-26 11:16:52.985840,0.000889679715302405,-0.002664298401420906,0.04999999999999716,-0.14999999999999858,56.15,56.2,56.25,56.3,177.0,31.0,1424.0,1019.0,False,False
006208,2022-10-26 11:16:53.061443,0.000889679715302405,-0.002664298401420906,0.04999999999999716,-0.14999999999999858,56.15,56.2,56.25,56.3,177.0,31.0,1424.0,1019.0,False,False
006208,2022-10-26 11:16:55.725820,0.000889679715302405,-0.002664298401420906,0.04999999999999716,-0.14999999999999858,56.15,56.2,56.25,56.3,177.0,31.0,1424.0,1019.0,False,False
006208,2022-10-26 11:16:56.220631,0.000889679715302405,-0.002664298401420906,0.04999999999999716,-0.14999999999999858,56.15,56.2,56.25,56.3,178.0,31.0,1424.0,1019.0,False,False
006208,2022-10-26 11:17:00.387049,0.000889679715302405,-0.002664298401420906,0.04999999999999716,-0.14999999999999858,56.15,56.2,56.25,56.3,178.0,30.0,1424.0,1019.0,False,False
006208,2022-10-26 11:17:01.207578,0.000889679715302405,-0.002664298401420906,0.04999999999999716,-0.14999999999999858,56.15,56.2,56.25,56.3,178.0,30.0,1424.0,1019.0,False,False
006208,2022-10-26 11:17:01.210958,0.000889679715302405,-0.002664298401420906,0.04999999999999716,-0.14999999999999858,56.15,56.2,56.25,56.3,178.0,30.0,1424.0,1019.0,False,False
006208,2022-10-26 11:17:01.372090,0.000889679715302405,-0.002664298401420906,0.04999999999999716,-0.14999999999999858,56.15,56.2,56.25,56.3,178.0,30.0,1424.0,1019.0,False,False
006208,2022-10-26 11:17:01.469599,0.000889679715302405,-0.002664298401420906,0.04999999999999716,-0.14999999999999858,56.15,56.2,56.25,56.3,178.0,30.0,1424.0,1019.0,False,False
006208,2022-10-26 11:17:01.478670,0.000889679715302405,-0.002664298401420906,0.04999999999999716,-0.14999999999999858,56.15,56.2,56.25,56.3,178.0,30.0,1424.0,1019.0,False,False
006208,2022-10-26 11:17:03.020623,0.000889679715302405,-0.002664298401420906,0.04999999999999716,-0.14999999999999858,56.15,56.2,56.25,56.3,178.0,29.0,1424.0,1019.0,False,False
006208,2022-10-26 11:17:03.594640,0.000889679715302405,-0.002664298401420906,0.04999999999999716,-0.14999999999999858,56.15,56.2,56.25,56.3,178.0,29.0,1424.0,1019.0,False,False
006208,2022-10-26 11:17:03.594931,0.000889679715302405,-0.002664298401420906,0.04999999999999716,-0.14999999999999858,56.15,56.2,56.25,56.3,178.0,29.0,1424.0,1019.0,False,False
006208,2022-10-26 11:17:05.064894,0.000889679715302405,-0.002664298401420906,0.04999999999999716,-0.14999999999999858,56.15,56.2,56.25,56.3,178.0,28.0,1424.0,1019.0,False,False
006208,2022-10-26 11:17:05.859057,0.000889679715302405,-0.002664298401420906,0.04999999999999716,-0.14999999999999858,56.15,56.2,56.25,56.3,178.0,28.0,1424.0,1019.0,False,False
006208,2022-10-26 11:17:06.470719,0.000889679715302405,-0.002664298401420906,0.04999999999999716,-0.14999999999999858,56.15,56.2,56.25,56.3,178.0,78.0,1424.0,1019.0,False,False
006208,2022-10-26 11:17:10.107707,0.000889679715302405,-0.002664298401420906,0.04999999999999716,-0.14999999999999858,56.15,56.2,56.25,56.3,178.0,78.0,1424.0,1019.0,False,False
006208,2022-10-26 11:17:11.324712,0.000889679715302405,-0.002664298401420906,0.04999999999999716,-0.14999999999999858,56.15,56.2,56.25,56.3,178.0,78.0,1424.0,1019.0,False,False
006208,2022-10-26 11:17:11.327953,0.000889679715302405,-0.002664298401420906,0.04999999999999716,-0.14999999999999858,56.15,56.2,56.25,56.3,178.0,78.0,1424.0,1019.0,False,False
006208,2022-10-26 11:17:11.469157,0.000889679715302405,-0.002664298401420906,0.04999999999999716,-0.14999999999999858,56.15,56.2,56.25,56.3,178.0,78.0,1424.0,1019.0,False,False
006208,2022-10-26 11:17:14.597690,0.000889679715302405,-0.002664298401420906,0.04999999999999716,-0.14999999999999858,56.15,56.2,56.25,56.3,178.0,78.0,1424.0,1019.0,False,False
006208,2022-10-26 11:17:14.598059,0.000889679715302405,-0.002664298401420906,0.04999999999999716,-0.14999999999999858,56.15,56.2,56.25,56.3,178.0,78.0,1424.0,1019.0,False,False
006208,2022-10-26 11:17:15.479440,0.000889679715302405,-0.002664298401420906,0.04999999999999716,-0.14999999999999858,56.15,56.2,56.25,56.3,178.0,78.0,1424.0,1019.0,False,False
006208,2022-10-26 11:17:15.479754,0.000889679715302405,-0.002664298401420906,0.04999999999999716,-0.14999999999999858,56.15,56.2,56.25,56.3,178.0,78.0,1424.0,1019.0,False,False
006208,2022-10-26 11:17:16.120966,0.000889679715302405,-0.002664298401420906,0.04999999999999716,-0.14999999999999858,56.15,56.2,56.25,56.3,178.0,78.0,1424.0,1019.0,False,False
006208,2022-10-26 11:17:19.976477,0.000889679715302405,-0.002664298401420906,0.04999999999999716,-0.14999999999999858,56.15,56.2,56.25,56.3,178.0,78.0,1424.0,1019.0,False,False
006208,2022-10-26 11:17:20.224267,0.000889679715302405,-0.002664298401420906,0.04999999999999716,-0.14999999999999858,56.15,56.2,56.25,56.3,179.0,78.0,1424.0,1019.0,False,False
006208,2022-10-26 11:17:20.347341,0.000889679715302405,-0.002664298401420906,0.04999999999999716,-0.14999999999999858,56.15,56.2,56.25,56.3,179.0,77.0,1424.0,1019.0,False,False
006208,2022-10-26 11:17:21.442862,0.000889679715302405,-0.002664298401420906,0.04999999999999716,-0.14999999999999858,56.15,56.2,56.25,56.3,179.0,77.0,1424.0,1019.0,False,False
006208,2022-10-26 11:17:21.446538,0.000889679715302405,-0.002664298401420906,0.04999999999999716,-0.14999999999999858,56.15,56.2,56.25,56.3,179.0,77.0,1424.0,1019.0,False,False
006208,2022-10-26 11:17:21.583081,0.000889679715302405,-0.002664298401420906,0.04999999999999716,-0.14999999999999858,56.15,56.2,56.25,56.3,179.0,77.0,1424.0,1019.0,False,False
006208,2022-10-26 11:17:22.415195,0.000889679715302405,-0.002664298401420906,0.04999999999999716,-0.14999999999999858,56.15,56.2,56.25,56.3,179.0,77.0,1424.0,1019.0,False,False
006208,2022-10-26 11:17:25.131113,0.000889679715302405,-0.002664298401420906,0.04999999999999716,-0.14999999999999858,56.15,56.2,56.25,56.3,179.0,77.0,1424.0,1019.0,False,False
006208,2022-10-26 11:17:25.150708,0.000889679715302405,-0.002664298401420906,0.04999999999999716,-0.14999999999999858,56.15,56.2,56.25,56.3,79.0,77.0,1424.0,1019.0,False,False
006208,2022-10-26 11:17:26.150885,0.000889679715302405,-0.002664298401420906,0.04999999999999716,-0.14999999999999858,56.15,56.2,56.25,56.3,79.0,77.0,1424.0,1019.0,False,False
006208,2022-10-26 11:17:26.883149,0.000889679715302405,-0.002664298401420906,0.04999999999999716,-0.14999999999999858,56.15,56.2,56.25,56.3,79.0,77.0,1424.0,1019.0,False,False
006208,2022-10-26 11:17:27.331051,0.000889679715302405,-0.002664298401420906,0.04999999999999716,-0.14999999999999858,56.15,56.2,56.25,56.3,79.0,77.0,1424.0,914.0,True,True
006208,2022-10-26 11:17:27.782489,0.000889679715302405,-0.002664298401420906,0.04999999999999716,-0.14999999999999858,56.15,56.2,56.25,56.3,4.0,77.0,1424.0,914.0,False,False
006208,2022-10-26 11:17:27.782672,0.000889679715302405,-0.002664298401420906,0.04999999999999716,-0.14999999999999858,56.15,56.2,56.25,56.3,4.0,77.0,1424.0,914.0,False,False
006208,2022-10-26 11:17:30.387494,0.000889679715302405,-0.002664298401420906,0.04999999999999716,-0.14999999999999858,56.15,56.2,56.25,56.3,4.0,76.0,1424.0,914.0,False,False
006208,2022-10-26 11:17:30.564427,0.000889679715302405,-0.002664298401420906,0.04999999999999716,-0.14999999999999858,56.15,56.2,56.25,56.3,4.0,51.0,1424.0,914.0,False,False
006208,2022-10-26 11:17:30.697960,0.000889679715302405,-0.002664298401420906,0.04999999999999716,-0.14999999999999858,56.15,56.2,56.25,56.3,4.0,76.0,1424.0,914.0,False,False
006208,2022-10-26 11:17:31.559590,0.000889679715302405,-0.002664298401420906,0.04999999999999716,-0.14999999999999858,56.15,56.2,56.25,56.3,4.0,76.0,1424.0,914.0,False,False
006208,2022-10-26 11:17:31.563481,0.000889679715302405,-0.002664298401420906,0.04999999999999716,-0.14999999999999858,56.15,56.2,56.25,56.3,4.0,76.0,1424.0,914.0,False,False
006208,2022-10-26 11:17:31.695308,0.000889679715302405,-0.002664298401420906,0.04999999999999716,-0.14999999999999858,56.15,56.2,56.25,56.3,4.0,76.0,1424.0,914.0,False,False
006208,2022-10-26 11:17:34.786946,0.000889679715302405,-0.002664298401420906,0.04999999999999716,-0.14999999999999858,56.15,56.2,56.25,56.3,4.0,76.0,1424.0,914.0,False,False
006208,2022-10-26 11:17:34.787206,0.000889679715302405,-0.002664298401420906,0.04999999999999716,-0.14999999999999858,56.15,56.2,56.25,56.3,4.0,76.0,1424.0,914.0,False,False
006208,2022-10-26 11:17:34.814778,0.000889679715302405,-0.002664298401420906,0.04999999999999716,-0.14999999999999858,56.15,56.2,56.25,56.3,4.0,76.0,1424.0,914.0,False,False
006208,2022-10-26 11:17:35.021084,0.000889679715302405,-0.002664298401420906,0.04999999999999716,-0.14999999999999858,56.15,56.2,56.25,56.3,4.0,106.0,1424.0,914.0,False,False
006208,2022-10-26 11:17:35.814873,0.000889679715302405,-0.002664298401420906,0.04999999999999716,-0.14999999999999858,56.15,56.2,56.25,56.3,4.0,106.0,1424.0,914.0,False,False
006208,2022-10-26 11:17:35.925922,0.000889679715302405,-0.002664298401420906,0.04999999999999716,-0.14999999999999858,56.15,56.2,56.25,56.3,4.0,106.0,1424.0,914.0,False,False
006208,2022-10-26 11:17:35.941066,0.000889679715302405,-0.002664298401420906,0.04999999999999716,-0.14999999999999858,56.15,56.2,56.25,56.3,4.0,76.0,1424.0,914.0,False,False
006208,2022-10-26 11:17:36.333725,0.000889679715302405,-0.002664298401420906,0.04999999999999716,-0.14999999999999858,56.15,56.2,56.25,56.3,4.0,76.0,1424.0,914.0,False,False
006208,2022-10-26 11:17:36.349603,0.000889679715302405,-0.002664298401420906,0.04999999999999716,-0.14999999999999858,56.15,56.2,56.25,56.3,4.0,106.0,1424.0,914.0,False,False
006208,2022-10-26 11:17:37.364232,0.000889679715302405,-0.002664298401420906,0.04999999999999716,-0.14999999999999858,56.15,56.2,56.25,56.3,4.0,106.0,1424.0,605.0,True,True
006208,2022-10-26 11:17:39.002730,0.000889679715302405,-0.002664298401420906,0.04999999999999716,-0.14999999999999858,56.15,56.2,56.25,56.3,4.0,105.0,1424.0,605.0,False,False
006208,2022-10-26 11:17:40.336014,0.000889679715302405,-0.002664298401420906,0.04999999999999716,-0.14999999999999858,56.15,56.2,56.25,56.3,4.0,104.0,1424.0,605.0,False,False
006208,2022-10-26 11:17:41.195606,0.000889679715302405,-0.002664298401420906,0.04999999999999716,-0.14999999999999858,56.15,56.2,56.25,56.3,5.0,104.0,1424.0,605.0,False,False
006208,2022-10-26 11:17:41.678147,0.000889679715302405,-0.002664298401420906,0.04999999999999716,-0.14999999999999858,56.15,56.2,56.25,56.3,5.0,104.0,1424.0,605.0,False,False
006208,2022-10-26 11:17:41.681251,0.000889679715302405,-0.002664298401420906,0.04999999999999716,-0.14999999999999858,56.15,56.2,56.25,56.3,5.0,104.0,1424.0,605.0,False,False
006208,2022-10-26 11:17:41.812619,0.000889679715302405,-0.002664298401420906,0.04999999999999716,-0.14999999999999858,56.15,56.2,56.25,56.3,5.0,104.0,1424.0,605.0,False,False
006208,2022-10-26 11:17:44.517305,0.000889679715302405,-0.002664298401420906,0.04999999999999716,-0.14999999999999858,56.15,56.2,56.25,56.3,5.0,104.0,1424.0,605.0,False,False
006208,2022-10-26 11:17:45.885925,0.000889679715302405,-0.002664298401420906,0.04999999999999716,-0.14999999999999858,56.15,56.2,56.25,56.3,5.0,104.0,1424.0,605.0,False,False
006208,2022-10-26 11:17:46.252612,0.000889679715302405,-0.002664298401420906,0.04999999999999716,-0.14999999999999858,56.15,56.2,56.25,56.3,5.0,104.0,1424.0,605.0,False,False
006208,2022-10-26 11:17:46.259817,0.000889679715302405,-0.002664298401420906,0.04999999999999716,-0.14999999999999858,56.15,56.2,56.25,56.3,5.0,104.0,1424.0,605.0,False,False
006208,2022-10-26 11:17:46.436581,0.000889679715302405,-0.002664298401420906,0.04999999999999716,-0.14999999999999858,56.15,56.2,56.25,56.3,5.0,104.0,1424.0,605.0,False,False
006208,2022-10-26 11:17:46.446207,0.000889679715302405,-0.002664298401420906,0.04999999999999716,-0.14999999999999858,56.15,56.2,56.25,56.3,5.0,104.0,1424.0,605.0,False,False
006208,2022-10-26 11:17:47.412928,0.00177935943060481,-0.003549245785270716,0.09999999999999432,-0.20000000000000284,56.15,56.2,56.3,56.35,5.0,104.0,345.0,2413.0,True,True
006208,2022-10-26 11:17:49.239957,0.00177935943060481,-0.003549245785270716,0.09999999999999432,-0.20000000000000284,56.15,56.2,56.3,56.35,5.0,104.0,345.0,2413.0,False,False
006208,2022-10-26 11:17:49.260102,0.00177935943060481,-0.003549245785270716,0.09999999999999432,-0.20000000000000284,56.15,56.2,56.3,56.35,5.0,104.0,345.0,2413.0,False,False
006208,2022-10-26 11:17:50.362071,0.00177935943060481,-0.003549245785270716,0.09999999999999432,-0.20000000000000284,56.15,56.2,56.3,56.35,5.0,103.0,345.0,2413.0,False,False
006208,2022-10-26 11:17:51.601471,0.00177935943060481,-0.003549245785270716,0.09999999999999432,-0.20000000000000284,56.15,56.2,56.3,56.35,5.0,103.0,345.0,2413.0,False,False
006208,2022-10-26 11:17:51.630599,0.00177935943060481,-0.003549245785270716,0.09999999999999432,-0.20000000000000284,56.15,56.2,56.3,56.35,5.0,103.0,345.0,2413.0,False,False
006208,2022-10-26 11:17:51.796903,0.00177935943060481,-0.003549245785270716,0.09999999999999432,-0.20000000000000284,56.15,56.2,56.3,56.35,5.0,103.0,345.0,2413.0,False,False
006208,2022-10-26 11:17:51.798963,0.00177935943060481,-0.003549245785270716,0.09999999999999432,-0.20000000000000284,56.15,56.2,56.3,56.35,5.0,103.0,345.0,2413.0,False,False
006208,2022-10-26 11:17:51.938083,0.00177935943060481,-0.003549245785270716,0.09999999999999432,-0.20000000000000284,56.15,56.2,56.3,56.35,5.0,55.0,345.0,2413.0,False,False
006208,2022-10-26 11:17:52.541630,0.00177935943060481,-0.003549245785270716,0.09999999999999432,-0.20000000000000284,56.15,56.2,56.3,56.35,5.0,105.0,345.0,2413.0,False,False
006208,2022-10-26 11:17:56.919824,0.00177935943060481,-0.003549245785270716,0.09999999999999432,-0.20000000000000284,56.15,56.2,56.3,56.35,5.0,105.0,345.0,2413.0,False,False
006208,2022-10-26 11:17:57.031904,0.00177935943060481,-0.003549245785270716,0.09999999999999432,-0.20000000000000284,56.15,56.2,56.3,56.35,5.0,105.0,345.0,2413.0,False,False
006208,2022-10-26 11:17:57.050293,0.00177935943060481,-0.003549245785270716,0.09999999999999432,-0.20000000000000284,56.15,56.2,56.3,56.35,5.0,105.0,345.0,2413.0,False,False
006208,2022-10-26 11:18:00.335779,0.00177935943060481,-0.003549245785270716,0.09999999999999432,-0.20000000000000284,56.15,56.2,56.3,56.35,5.0,105.0,345.0,2413.0,False,False
006208,2022-10-26 11:18:00.341811,0.00177935943060481,-0.003549245785270716,0.09999999999999432,-0.20000000000000284,56.15,56.2,56.3,56.35,5.0,104.0,345.0,2413.0,False,False
006208,2022-10-26 11:18:00.428080,0.00177935943060481,-0.003549245785270716,0.09999999999999432,-0.20000000000000284,56.15,56.2,56.3,56.35,5.0,80.0,345.0,2413.0,False,False
006208,2022-10-26 11:18:00.548912,0.00177935943060481,-0.003549245785270716,0.09999999999999432,-0.20000000000000284,56.15,56.2,56.3,56.35,5.0,104.0,345.0,2413.0,False,False
006208,2022-10-26 11:18:01.059098,0.00177935943060481,-0.003549245785270716,0.09999999999999432,-0.20000000000000284,56.15,56.2,56.3,56.35,5.0,104.0,345.0,2413.0,False,False
006208,2022-10-26 11:18:01.877420,0.00177935943060481,-0.003549245785270716,0.09999999999999432,-0.20000000000000284,56.15,56.2,56.3,56.35,5.0,104.0,345.0,2413.0,False,False
006208,2022-10-26 11:18:01.877463,0.00177935943060481,-0.003549245785270716,0.09999999999999432,-0.20000000000000284,56.15,56.2,56.3,56.35,5.0,104.0,345.0,2413.0,False,False
006208,2022-10-26 11:18:01.917894,0.00177935943060481,-0.003549245785270716,0.09999999999999432,-0.20000000000000284,56.15,56.2,56.3,56.35,5.0,104.0,345.0,2413.0,False,False
006208,2022-10-26 11:18:02.050578,0.00177935943060481,-0.003549245785270716,0.09999999999999432,-0.20000000000000284,56.15,56.2,56.3,56.35,5.0,104.0,345.0,2413.0,False,False
006208,2022-10-26 11:18:02.381579,0.00177935943060481,-0.003549245785270716,0.09999999999999432,-0.20000000000000284,56.15,56.2,56.3,56.35,5.0,74.0,345.0,2413.0,False,False
006208,2022-10-26 11:18:02.391299,0.00177935943060481,-0.003549245785270716,0.09999999999999432,-0.20000000000000284,56.15,56.2,56.3,56.35,5.0,74.0,345.0,2413.0,False,False
006208,2022-10-26 11:18:02.520090,0.00177935943060481,-0.003549245785270716,0.09999999999999432,-0.20000000000000284,56.15,56.2,56.3,56.35,5.0,74.0,345.0,2413.0,False,False
006208,2022-10-26 11:18:02.536897,0.00177935943060481,-0.003549245785270716,0.09999999999999432,-0.20000000000000284,56.15,56.2,56.3,56.35,5.0,104.0,345.0,2413.0,False,False
006208,2022-10-26 11:18:02.762825,0.00177935943060481,-0.003549245785270716,0.09999999999999432,-0.20000000000000284,56.15,56.2,56.3,56.35,5.0,104.0,345.0,2413.0,False,False
006208,2022-10-26 11:18:07.477114,0.00177935943060481,-0.003549245785270716,0.09999999999999432,-0.20000000000000284,56.15,56.2,56.3,56.35,5.0,104.0,445.0,2413.0,True,True
006208,2022-10-26 11:18:07.662661,0.00177935943060481,-0.003549245785270716,0.09999999999999432,-0.20000000000000284,56.15,56.2,56.3,56.35,5.0,104.0,445.0,2413.0,False,False
006208,2022-10-26 11:18:07.672617,0.00177935943060481,-0.003549245785270716,0.09999999999999432,-0.20000000000000284,56.15,56.2,56.3,56.35,5.0,104.0,445.0,2413.0,False,False
006208,2022-10-26 11:18:07.686396,0.00177935943060481,-0.003549245785270716,0.09999999999999432,-0.20000000000000284,56.15,56.2,56.3,56.35,5.0,104.0,445.0,2413.0,False,False
006208,2022-10-26 11:18:07.893333,0.00177935943060481,-0.003549245785270716,0.09999999999999432,-0.20000000000000284,56.15,56.2,56.3,56.35,4.0,104.0,445.0,2413.0,False,False
006208,2022-10-26 11:18:08.048517,0.00177935943060481,-0.003549245785270716,0.09999999999999432,-0.20000000000000284,56.15,56.2,56.3,56.35,4.0,105.0,445.0,2413.0,False,False
006208,2022-10-26 11:18:10.939332,0.00177935943060481,-0.003549245785270716,0.09999999999999432,-0.20000000000000284,56.15,56.2,56.3,56.35,4.0,105.0,445.0,2413.0,False,False
006208,2022-10-26 11:18:11.941181,0.00177935943060481,-0.003549245785270716,0.09999999999999432,-0.20000000000000284,56.15,56.2,56.3,56.35,4.0,104.0,445.0,2413.0,False,False
006208,2022-10-26 11:18:12.033022,0.00177935943060481,-0.003549245785270716,0.09999999999999432,-0.20000000000000284,56.15,56.2,56.3,56.35,4.0,104.0,445.0,2413.0,False,False
006208,2022-10-26 11:18:12.033627,0.00177935943060481,-0.003549245785270716,0.09999999999999432,-0.20000000000000284,56.15,56.2,56.3,56.35,4.0,104.0,445.0,2413.0,False,False
006208,2022-10-26 11:18:12.035634,0.00177935943060481,-0.003549245785270716,0.09999999999999432,-0.20000000000000284,56.15,56.2,56.3,56.35,4.0,104.0,445.0,2413.0,False,False
006208,2022-10-26 11:18:12.175301,0.00177935943060481,-0.003549245785270716,0.09999999999999432,-0.20000000000000284,56.15,56.2,56.3,56.35,4.0,104.0,445.0,2413.0,False,False
006208,2022-10-26 11:18:12.535678,0.00177935943060481,-0.003549245785270716,0.09999999999999432,-0.20000000000000284,56.15,56.2,56.3,56.35,4.0,104.0,445.0,2413.0,False,False
006208,2022-10-26 11:18:16.048979,0.00177935943060481,-0.003549245785270716,0.09999999999999432,-0.20000000000000284,56.15,56.2,56.3,56.35,4.0,104.0,445.0,2413.0,False,False
006208,2022-10-26 11:18:16.088050,0.00177935943060481,-0.003549245785270716,0.09999999999999432,-0.20000000000000284,56.15,56.2,56.3,56.35,4.0,74.0,445.0,2413.0,False,False
006208,2022-10-26 11:18:16.154984,0.00177935943060481,-0.003549245785270716,0.09999999999999432,-0.20000000000000284,56.15,56.2,56.3,56.35,4.0,74.0,445.0,2413.0,False,False
006208,2022-10-26 11:18:17.391836,0.00177935943060481,-0.003549245785270716,0.09999999999999432,-0.20000000000000284,56.15,56.2,56.3,56.35,3.0,74.0,445.0,2413.0,False,False
006208,2022-10-26 11:18:17.513387,0.00177935943060481,-0.003549245785270716,0.09999999999999432,-0.20000000000000284,56.15,56.2,56.3,56.35,3.0,74.0,345.0,2413.0,True,True
006208,2022-10-26 11:18:20.331759,0.00177935943060481,-0.003549245785270716,0.09999999999999432,-0.20000000000000284,56.15,56.2,56.3,56.35,3.0,73.0,345.0,2413.0,False,False
006208,2022-10-26 11:18:20.907953,0.00177935943060481,-0.003549245785270716,0.09999999999999432,-0.20000000000000284,56.15,56.2,56.3,56.35,3.0,73.0,345.0,2413.0,False,False
006208,2022-10-26 11:18:21.149442,0.00177935943060481,-0.003549245785270716,0.09999999999999432,-0.20000000000000284,56.15,56.2,56.3,56.35,3.0,73.0,345.0,2413.0,False,False
006208,2022-10-26 11:18:21.931405,0.00177935943060481,-0.003549245785270716,0.09999999999999432,-0.20000000000000284,56.15,56.2,56.3,56.35,3.0,25.0,345.0,2413.0,False,False
006208,2022-10-26 11:18:22.150301,0.00177935943060481,-0.003549245785270716,0.09999999999999432,-0.20000000000000284,56.15,56.2,56.3,56.35,3.0,25.0,345.0,2413.0,False,False
006208,2022-10-26 11:18:22.152891,0.00177935943060481,-0.003549245785270716,0.09999999999999432,-0.20000000000000284,56.15,56.2,56.3,56.35,3.0,25.0,345.0,2413.0,False,False
006208,2022-10-26 11:18:22.281285,0.00177935943060481,-0.003549245785270716,0.09999999999999432,-0.20000000000000284,56.15,56.2,56.3,56.35,3.0,25.0,345.0,2413.0,False,False
006208,2022-10-26 11:18:22.286142,0.00177935943060481,-0.003549245785270716,0.09999999999999432,-0.20000000000000284,56.15,56.2,56.3,56.35,3.0,25.0,345.0,2413.0,False,False
006208,2022-10-26 11:18:22.550054,0.00177935943060481,-0.003549245785270716,0.09999999999999432,-0.20000000000000284,56.15,56.2,56.3,56.35,3.0,75.0,345.0,2413.0,False,False
006208,2022-10-26 11:18:27.547597,0.00177935943060481,-0.003549245785270716,0.09999999999999432,-0.20000000000000284,56.15,56.2,56.3,56.35,3.0,75.0,430.0,2413.0,True,True
006208,2022-10-26 11:18:30.326741,0.00177935943060481,-0.003549245785270716,0.09999999999999432,-0.20000000000000284,56.15,56.2,56.3,56.35,3.0,74.0,430.0,2413.0,False,False
006208,2022-10-26 11:18:30.535587,0.00177935943060481,-0.003549245785270716,0.09999999999999432,-0.20000000000000284,56.15,56.2,56.3,56.35,3.0,51.0,430.0,2413.0,False,False
006208,2022-10-26 11:18:30.658833,0.00177935943060481,-0.003549245785270716,0.09999999999999432,-0.20000000000000284,56.15,56.2,56.3,56.35,3.0,74.0,430.0,2413.0,False,False
006208,2022-10-26 11:18:32.270218,0.00177935943060481,-0.003549245785270716,0.09999999999999432,-0.20000000000000284,56.15,56.2,56.3,56.35,3.0,74.0,430.0,2413.0,False,False
006208,2022-10-26 11:18:32.272640,0.00177935943060481,-0.003549245785270716,0.09999999999999432,-0.20000000000000284,56.15,56.2,56.3,56.35,3.0,74.0,430.0,2413.0,False,False
006208,2022-10-26 11:18:32.399184,0.00177935943060481,-0.003549245785270716,0.09999999999999432,-0.20000000000000284,56.15,56.2,56.3,56.35,3.0,74.0,430.0,2413.0,False,False
006208,2022-10-26 11:18:32.404326,0.00177935943060481,-0.003549245785270716,0.09999999999999432,-0.20000000000000284,56.15,56.2,56.3,56.35,3.0,74.0,430.0,2413.0,False,False
006208,2022-10-26 11:18:33.694274,0.00177935943060481,-0.003549245785270716,0.09999999999999432,-0.20000000000000284,56.15,56.2,56.3,56.35,3.0,75.0,430.0,2413.0,False,False
006208,2022-10-26 11:18:33.766377,0.00177935943060481,-0.003549245785270716,0.09999999999999432,-0.20000000000000284,56.15,56.2,56.3,56.35,3.0,105.0,430.0,2413.0,False,False
006208,2022-10-26 11:18:36.169923,0.00177935943060481,-0.003549245785270716,0.09999999999999432,-0.20000000000000284,56.15,56.2,56.3,56.35,3.0,105.0,430.0,2413.0,False,False
006208,2022-10-26 11:18:36.830990,0.00177935943060481,-0.003549245785270716,0.09999999999999432,-0.20000000000000284,56.15,56.2,56.3,56.35,2.0,105.0,430.0,2413.0,False,False
006208,2022-10-26 11:18:36.857390,0.00177935943060481,-0.003549245785270716,0.09999999999999432,-0.20000000000000284,56.15,56.2,56.3,56.35,2.0,105.0,430.0,2413.0,False,False
006208,2022-10-26 11:18:37.576698,0.000889679715302405,-0.002664298401420906,0.04999999999999716,-0.14999999999999858,56.15,56.2,56.25,56.3,2.0,105.0,1424.0,819.0,True,True
006208,2022-10-26 11:18:37.856936,0.000889679715302405,-0.002664298401420906,0.04999999999999716,-0.14999999999999858,56.15,56.2,56.25,56.3,102.0,105.0,1424.0,819.0,False,False
006208,2022-10-26 11:18:39.073519,0.000889679715302405,-0.002664298401420906,0.04999999999999716,-0.14999999999999858,56.15,56.2,56.25,56.3,102.0,105.0,1424.0,819.0,False,False
006208,2022-10-26 11:18:39.094964,0.000889679715302405,-0.002664298401420906,0.04999999999999716,-0.14999999999999858,56.15,56.2,56.25,56.3,102.0,105.0,1424.0,819.0,False,False
006208,2022-10-26 11:18:39.961965,0.000889679715302405,-0.002664298401420906,0.04999999999999716,-0.14999999999999858,56.15,56.2,56.25,56.3,102.0,105.0,1424.0,819.0,False,False
006208,2022-10-26 11:18:39.989253,0.000889679715302405,-0.002664298401420906,0.04999999999999716,-0.14999999999999858,56.15,56.2,56.25,56.3,102.0,105.0,1424.0,819.0,False,False
006208,2022-10-26 11:18:40.337424,0.000889679715302405,-0.002664298401420906,0.04999999999999716,-0.14999999999999858,56.15,56.2,56.25,56.3,102.0,104.0,1424.0,819.0,False,False
006208,2022-10-26 11:18:40.707431,0.000889679715302405,-0.002664298401420906,0.04999999999999716,-0.14999999999999858,56.15,56.2,56.25,56.3,102.0,104.0,1424.0,819.0,False,False
006208,2022-10-26 11:18:40.713186,0.000889679715302405,-0.002664298401420906,0.04999999999999716,-0.14999999999999858,56.15,56.2,56.25,56.3,177.0,104.0,1424.0,819.0,False,False
006208,2022-10-26 11:18:41.914632,0.000889679715302405,-0.002664298401420906,0.04999999999999716,-0.14999999999999858,56.15,56.2,56.25,56.3,177.0,104.0,1424.0,819.0,False,False
006208,2022-10-26 11:18:42.375794,0.000889679715302405,-0.002664298401420906,0.04999999999999716,-0.14999999999999858,56.15,56.2,56.25,56.3,177.0,104.0,1424.0,819.0,False,False
006208,2022-10-26 11:18:42.378939,0.000889679715302405,-0.002664298401420906,0.04999999999999716,-0.14999999999999858,56.15,56.2,56.25,56.3,177.0,104.0,1424.0,819.0,False,False
006208,2022-10-26 11:18:42.505302,0.000889679715302405,-0.002664298401420906,0.04999999999999716,-0.14999999999999858,56.15,56.2,56.25,56.3,177.0,104.0,1424.0,819.0,False,False
006208,2022-10-26 11:18:42.514463,0.000889679715302405,-0.002664298401420906,0.04999999999999716,-0.14999999999999858,56.15,56.2,56.25,56.3,177.0,104.0,1424.0,819.0,False,False
006208,2022-10-26 11:18:44.304952,0.000889679715302405,-0.002664298401420906,0.04999999999999716,-0.14999999999999858,56.15,56.2,56.25,56.3,177.0,104.0,1424.0,819.0,False,False
006208,2022-10-26 11:18:47.607919,0.000889679715302405,-0.002664298401420906,0.04999999999999716,-0.14999999999999858,56.15,56.2,56.25,56.3,177.0,104.0,1424.0,819.0,True,True
006208,2022-10-26 11:18:49.491276,0.000889679715302405,-0.002664298401420906,0.04999999999999716,-0.14999999999999858,56.15,56.2,56.25,56.3,177.0,105.0,1424.0,819.0,False,False
006208,2022-10-26 11:18:50.317078,0.000889679715302405,-0.002664298401420906,0.04999999999999716,-0.14999999999999858,56.15,56.2,56.25,56.3,177.0,104.0,1424.0,819.0,False,False
006208,2022-10-26 11:18:52.492305,0.000889679715302405,-0.002664298401420906,0.04999999999999716,-0.14999999999999858,56.15,56.2,56.25,56.3,177.0,104.0,1424.0,819.0,False,False
006208,2022-10-26 11:18:52.494612,0.000889679715302405,-0.002664298401420906,0.04999999999999716,-0.14999999999999858,56.15,56.2,56.25,56.3,177.0,104.0,1424.0,819.0,False,False
006208,2022-10-26 11:18:52.628620,0.000889679715302405,-0.002664298401420906,0.04999999999999716,-0.14999999999999858,56.15,56.2,56.25,56.3,177.0,104.0,1424.0,819.0,False,False
006208,2022-10-26 11:18:52.712398,0.000889679715302405,-0.002664298401420906,0.04999999999999716,-0.14999999999999858,56.15,56.2,56.25,56.3,177.0,55.0,1424.0,819.0,False,False
006208,2022-10-26 11:18:53.320304,0.000889679715302405,-0.002664298401420906,0.04999999999999716,-0.14999999999999858,56.15,56.2,56.25,56.3,177.0,105.0,1424.0,819.0,False,False
006208,2022-10-26 11:18:53.988131,0.000889679715302405,-0.002664298401420906,0.04999999999999716,-0.14999999999999858,56.15,56.2,56.25,56.3,177.0,104.0,1424.0,819.0,False,False
006208,2022-10-26 11:18:54.030678,0.000889679715302405,-0.002664298401420906,0.04999999999999716,-0.14999999999999858,56.15,56.2,56.25,56.3,177.0,82.0,1424.0,819.0,False,False
006208,2022-10-26 11:18:54.102619,0.000889679715302405,-0.002664298401420906,0.04999999999999716,-0.14999999999999858,56.15,56.2,56.25,56.3,177.0,74.0,1424.0,819.0,False,False
006208,2022-10-26 11:18:54.575847,0.000889679715302405,-0.002664298401420906,0.04999999999999716,-0.14999999999999858,56.15,56.2,56.25,56.3,177.0,74.0,1424.0,819.0,False,False
006208,2022-10-26 11:18:54.585464,0.000889679715302405,-0.002664298401420906,0.04999999999999716,-0.14999999999999858,56.15,56.2,56.25,56.3,177.0,104.0,1424.0,819.0,False,False
006208,2022-10-26 11:19:00.311968,0.000889679715302405,-0.002664298401420906,0.04999999999999716,-0.14999999999999858,56.15,56.2,56.25,56.3,177.0,103.0,1424.0,819.0,False,False
006208,2022-10-26 11:19:02.605901,0.000889679715302405,-0.002664298401420906,0.04999999999999716,-0.14999999999999858,56.15,56.2,56.25,56.3,177.0,103.0,1424.0,819.0,False,False
006208,2022-10-26 11:19:02.615051,0.000889679715302405,-0.002664298401420906,0.04999999999999716,-0.14999999999999858,56.15,56.2,56.25,56.3,177.0,103.0,1424.0,819.0,False,False
006208,2022-10-26 11:19:02.746391,0.000889679715302405,-0.002664298401420906,0.04999999999999716,-0.14999999999999858,56.15,56.2,56.25,56.3,177.0,103.0,1424.0,819.0,False,False
006208,2022-10-26 11:19:07.084711,0.000889679715302405,-0.002664298401420906,0.04999999999999716,-0.14999999999999858,56.15,56.2,56.25,56.3,177.0,103.0,1324.0,1219.0,False,True
006208,2022-10-26 11:19:10.291264,0.000889679715302405,-0.002664298401420906,0.04999999999999716,-0.14999999999999858,56.15,56.2,56.25,56.3,177.0,102.0,1324.0,1219.0,False,False
006208,2022-10-26 11:19:12.730587,0.000889679715302405,-0.002664298401420906,0.04999999999999716,-0.14999999999999858,56.15,56.2,56.25,56.3,177.0,102.0,1324.0,1219.0,False,False
006208,2022-10-26 11:19:12.733977,0.000889679715302405,-0.002664298401420906,0.04999999999999716,-0.14999999999999858,56.15,56.2,56.25,56.3,177.0,102.0,1324.0,1219.0,False,False
006208,2022-10-26 11:19:12.864233,0.000889679715302405,-0.002664298401420906,0.04999999999999716,-0.14999999999999858,56.15,56.2,56.25,56.3,177.0,102.0,1324.0,1219.0,False,False
006208,2022-10-26 11:19:13.129511,0.000889679715302405,-0.002664298401420906,0.04999999999999716,-0.14999999999999858,56.15,56.2,56.25,56.3,176.0,102.0,1324.0,1219.0,False,False
006208,2022-10-26 11:19:13.382279,0.000889679715302405,-0.002664298401420906,0.04999999999999716,-0.14999999999999858,56.15,56.2,56.25,56.3,176.0,72.0,1324.0,1219.0,False,False
006208,2022-10-26 11:19:13.417072,0.000889679715302405,-0.002664298401420906,0.04999999999999716,-0.14999999999999858,56.15,56.2,56.25,56.3,176.0,102.0,1324.0,1219.0,False,False
006208,2022-10-26 11:19:13.531617,0.000889679715302405,-0.002664298401420906,0.04999999999999716,-0.14999999999999858,56.15,56.2,56.25,56.3,176.0,72.0,1324.0,1219.0,False,False
006208,2022-10-26 11:19:13.727072,0.000889679715302405,-0.002664298401420906,0.04999999999999716,-0.14999999999999858,56.15,56.2,56.25,56.3,176.0,50.0,1324.0,1219.0,False,False
006208,2022-10-26 11:19:13.871877,0.0,-0.002664298401420906,0.0,-0.14999999999999858,56.15,56.25,56.25,56.3,176.0,113.0,1324.0,1219.0,False,False
006208,2022-10-26 11:19:13.943572,0.0,-0.002664298401420906,0.0,-0.14999999999999858,56.15,56.25,56.25,56.3,176.0,73.0,1324.0,1219.0,False,False
006208,2022-10-26 11:19:14.077016,0.0,-0.002664298401420906,0.0,-0.14999999999999858,56.15,56.25,56.25,56.3,176.0,73.0,1324.0,1219.0,False,False
006208,2022-10-26 11:19:14.490185,0.0,-0.002664298401420906,0.0,-0.14999999999999858,56.15,56.25,56.25,56.3,176.0,73.0,1324.0,1219.0,False,False
006208,2022-10-26 11:19:14.490202,0.0,-0.002664298401420906,0.0,-0.14999999999999858,56.15,56.25,56.25,56.3,176.0,73.0,1324.0,1219.0,False,False
006208,2022-10-26 11:19:14.611692,0.0,-0.002664298401420906,0.0,-0.14999999999999858,56.15,56.25,56.25,56.3,176.0,123.0,1324.0,1219.0,False,False
006208,2022-10-26 11:19:15.729808,0.0,-0.002664298401420906,0.0,-0.14999999999999858,56.15,56.25,56.25,56.3,176.0,123.0,1324.0,1219.0,False,False
006208,2022-10-26 11:19:16.879280,0.0,-0.002664298401420906,0.0,-0.14999999999999858,56.15,56.25,56.25,56.3,176.0,123.0,1324.0,1219.0,False,False
006208,2022-10-26 11:19:16.892703,0.0,-0.002664298401420906,0.0,-0.14999999999999858,56.15,56.25,56.25,56.3,176.0,123.0,1324.0,1219.0,False,False
006208,2022-10-26 11:19:17.112793,0.0,-0.002664298401420906,0.0,-0.14999999999999858,56.15,56.25,56.25,56.3,176.0,123.0,1324.0,1219.0,True,True
006208,2022-10-26 11:19:17.030384,0.0,-0.002664298401420906,0.0,-0.14999999999999858,56.15,56.25,56.25,56.3,176.0,123.0,1324.0,1219.0,False,False
006208,2022-10-26 11:19:17.429270,0.0,-0.002664298401420906,0.0,-0.14999999999999858,56.15,56.25,56.25,56.3,176.0,123.0,1324.0,1219.0,False,False
006208,2022-10-26 11:19:17.516840,0.0,-0.002664298401420906,0.0,-0.14999999999999858,56.15,56.25,56.25,56.3,176.0,123.0,1324.0,1219.0,False,False
006208,2022-10-26 11:19:17.679980,0.0,-0.002664298401420906,0.0,-0.14999999999999858,56.15,56.25,56.25,56.3,176.0,103.0,1324.0,1219.0,False,False
006208,2022-10-26 11:19:17.680105,0.0,-0.002664298401420906,0.0,-0.14999999999999858,56.15,56.25,56.25,56.3,176.0,103.0,1324.0,1219.0,False,False
006208,2022-10-26 11:19:18.140564,0.000889679715302405,-0.002664298401420906,0.04999999999999716,-0.14999999999999858,56.15,56.2,56.25,56.3,176.0,1.0,1324.0,1219.0,False,False
006208,2022-10-26 11:19:18.180677,0.000889679715302405,-0.002664298401420906,0.04999999999999716,-0.14999999999999858,56.15,56.2,56.25,56.3,176.0,1.0,1324.0,1219.0,False,False
006208,2022-10-26 11:19:18.253439,0.000889679715302405,-0.002664298401420906,0.04999999999999716,-0.14999999999999858,56.15,56.2,56.25,56.3,176.0,1.0,1324.0,1219.0,False,False
006208,2022-10-26 11:19:18.464965,0.000889679715302405,-0.002664298401420906,0.04999999999999716,-0.14999999999999858,56.15,56.2,56.25,56.3,176.0,1.0,1324.0,1219.0,False,False
006208,2022-10-26 11:19:18.805855,0.000889679715302405,-0.002664298401420906,0.04999999999999716,-0.14999999999999858,56.15,56.2,56.25,56.3,176.0,1.0,1324.0,1219.0,False,False
006208,2022-10-26 11:19:20.643050,0.000889679715302405,-0.002664298401420906,0.04999999999999716,-0.14999999999999858,56.15,56.2,56.25,56.3,176.0,1.0,1324.0,1219.0,False,False
006208,2022-10-26 11:19:20.656424,0.000889679715302405,-0.002664298401420906,0.04999999999999716,-0.14999999999999858,56.15,56.2,56.25,56.3,176.0,1.0,1324.0,1219.0,False,False
006208,2022-10-26 11:19:21.947983,0.000889679715302405,-0.002664298401420906,0.04999999999999716,-0.14999999999999858,56.15,56.2,56.25,56.3,176.0,1.0,1324.0,1219.0,False,False
006208,2022-10-26 11:19:21.979423,0.000889679715302405,-0.002664298401420906,0.04999999999999716,-0.14999999999999858,56.15,56.2,56.25,56.3,176.0,1.0,1324.0,1219.0,False,False
006208,2022-10-26 11:19:22.812469,0.000889679715302405,-0.002664298401420906,0.04999999999999716,-0.14999999999999858,56.15,56.2,56.25,56.3,176.0,1.0,1324.0,1219.0,False,False
006208,2022-10-26 11:19:22.900325,0.000889679715302405,-0.002664298401420906,0.04999999999999716,-0.14999999999999858,56.15,56.2,56.25,56.3,176.0,1.0,1324.0,1219.0,False,False
006208,2022-10-26 11:19:22.979535,0.000889679715302405,-0.002664298401420906,0.04999999999999716,-0.14999999999999858,56.15,56.2,56.25,56.3,176.0,1.0,1324.0,1219.0,False,False
006208,2022-10-26 11:19:23.267072,0.000889679715302405,-0.002664298401420906,0.04999999999999716,-0.14999999999999858,56.15,56.2,56.25,56.3,176.0,1.0,1324.0,1219.0,False,False
006208,2022-10-26 11:19:23.304049,0.000889679715302405,-0.002664298401420906,0.04999999999999716,-0.14999999999999858,56.15,56.2,56.25,56.3,176.0,1.0,1324.0,1219.0,False,False
006208,2022-10-26 11:19:24.253782,0.000889679715302405,-0.002664298401420906,0.04999999999999716,-0.14999999999999858,56.15,56.2,56.25,56.3,176.0,1.0,1324.0,1219.0,False,False
006208,2022-10-26 11:19:24.304496,0.0,-0.002664298401420906,0.0,-0.14999999999999858,56.15,56.25,56.25,56.3,176.0,113.0,1324.0,1219.0,False,False
006208,2022-10-26 11:19:24.334698,0.0,-0.001776198934280493,0.0,-0.09999999999999432,56.2,56.25,56.25,56.3,100.0,113.0,1324.0,1219.0,False,False
006208,2022-10-26 11:19:24.463195,0.0,-0.001776198934280493,0.0,-0.09999999999999432,56.2,56.25,56.25,56.3,100.0,113.0,1324.0,1219.0,False,False
006208,2022-10-26 11:19:24.533290,0.0,-0.001776198934280493,0.0,-0.09999999999999432,56.2,56.25,56.25,56.3,100.0,73.0,1324.0,1219.0,False,False
006208,2022-10-26 11:19:24.664648,0.0,-0.001776198934280493,0.0,-0.09999999999999432,56.2,56.25,56.25,56.3,100.0,73.0,1324.0,1219.0,False,False
006208,2022-10-26 11:19:24.748587,0.0,-0.001776198934280493,0.0,-0.09999999999999432,56.2,56.25,56.25,56.3,100.0,73.0,1324.0,1219.0,False,False
006208,2022-10-26 11:19:25.754856,0.0,-0.001776198934280493,0.0,-0.09999999999999432,56.2,56.25,56.25,56.3,100.0,73.0,1324.0,1219.0,False,False
006208,2022-10-26 11:19:25.865268,0.0,-0.001776198934280493,0.0,-0.09999999999999432,56.2,56.25,56.25,56.3,100.0,73.0,1324.0,1219.0,False,False
006208,2022-10-26 11:19:25.982117,0.0,-0.002664298401420906,0.0,-0.14999999999999858,56.15,56.25,56.25,56.3,216.0,103.0,1324.0,1219.0,False,False
006208,2022-10-26 11:19:26.115132,0.0,-0.002664298401420906,0.0,-0.14999999999999858,56.15,56.25,56.25,56.3,176.0,73.0,1324.0,1219.0,False,False
006208,2022-10-26 11:19:26.185263,0.0,-0.002664298401420906,0.0,-0.14999999999999858,56.15,56.25,56.25,56.3,176.0,73.0,1324.0,1219.0,False,False
006208,2022-10-26 11:19:26.315894,0.0,-0.002664298401420906,0.0,-0.14999999999999858,56.15,56.25,56.25,56.3,176.0,73.0,1324.0,1219.0,False,False
006208,2022-10-26 11:19:26.391921,0.0,-0.002664298401420906,0.0,-0.14999999999999858,56.15,56.25,56.25,56.3,176.0,73.0,1324.0,1219.0,False,False
006208,2022-10-26 11:19:26.498063,0.0,-0.002664298401420906,0.0,-0.14999999999999858,56.15,56.25,56.25,56.3,176.0,73.0,1324.0,1219.0,False,False
006208,2022-10-26 11:19:26.937293,0.0,-0.001776198934280493,0.0,-0.09999999999999432,56.2,56.25,56.25,56.3,100.0,73.0,1324.0,1219.0,False,False
006208,2022-10-26 11:19:26.971366,0.0,-0.001776198934280493,0.0,-0.09999999999999432,56.2,56.25,56.25,56.3,100.0,73.0,1324.0,1219.0,False,False
006208,2022-10-26 11:19:27.152147,0.0,-0.001776198934280493,0.0,-0.09999999999999432,56.2,56.25,56.25,56.3,100.0,73.0,1324.0,1219.0,True,True
006208,2022-10-26 11:19:27.318420,0.0,-0.001776198934280493,0.0,-0.09999999999999432,56.2,56.25,56.25,56.3,100.0,73.0,1324.0,1219.0,False,False
006208,2022-10-26 11:19:28.001574,0.0,-0.001776198934280493,0.0,-0.09999999999999432,56.2,56.25,56.25,56.3,100.0,72.0,1324.0,1219.0,False,False
006208,2022-10-26 11:19:28.164109,0.0,-0.001776198934280493,0.0,-0.09999999999999432,56.2,56.25,56.25,56.3,100.0,72.0,1324.0,1219.0,False,False
006208,2022-10-26 11:19:28.194022,0.0,-0.001776198934280493,0.0,-0.09999999999999432,56.2,56.25,56.25,56.3,100.0,72.0,1324.0,1219.0,False,False
006208,2022-10-26 11:19:28.529442,0.0,-0.001776198934280493,0.0,-0.09999999999999432,56.2,56.25,56.25,56.3,100.0,72.0,1324.0,1219.0,False,False
006208,2022-10-26 11:19:28.593596,0.0,-0.001776198934280493,0.0,-0.09999999999999432,56.2,56.25,56.25,56.3,100.0,72.0,1324.0,1219.0,False,False
006208,2022-10-26 11:19:30.281814,0.0,-0.001776198934280493,0.0,-0.09999999999999432,56.2,56.25,56.25,56.3,100.0,71.0,1324.0,1219.0,False,False
006208,2022-10-26 11:19:30.838384,0.0,-0.001776198934280493,0.0,-0.09999999999999432,56.2,56.25,56.25,56.3,100.0,71.0,1324.0,1219.0,False,False
006208,2022-10-26 11:19:30.850389,0.0,-0.001776198934280493,0.0,-0.09999999999999432,56.2,56.25,56.25,56.3,100.0,71.0,1324.0,1219.0,False,False
006208,2022-10-26 11:19:30.990140,0.0,-0.001776198934280493,0.0,-0.09999999999999432,56.2,56.25,56.25,56.3,100.0,71.0,1324.0,1219.0,False,False
006208,2022-10-26 11:19:30.999168,0.0,-0.001776198934280493,0.0,-0.09999999999999432,56.2,56.25,56.25,56.3,100.0,23.0,1324.0,1219.0,False,False
006208,2022-10-26 11:19:31.598816,0.0,-0.001776198934280493,0.0,-0.09999999999999432,56.2,56.25,56.25,56.3,100.0,23.0,1324.0,1219.0,False,False
006208,2022-10-26 11:19:31.749063,0.0,-0.001776198934280493,0.0,-0.09999999999999432,56.2,56.25,56.25,56.3,100.0,23.0,1324.0,1219.0,False,False
006208,2022-10-26 11:19:33.562994,0.0,-0.001776198934280493,0.0,-0.09999999999999432,56.2,56.25,56.25,56.3,100.0,23.0,1324.0,1219.0,False,False
006208,2022-10-26 11:19:33.595043,0.0,-0.001776198934280493,0.0,-0.09999999999999432,56.2,56.25,56.25,56.3,100.0,23.0,1324.0,1219.0,False,False
006208,2022-10-26 11:19:34.590254,0.0,-0.001776198934280493,0.0,-0.09999999999999432,56.2,56.25,56.25,56.3,175.0,23.0,1324.0,1219.0,False,False
006208,2022-10-26 11:19:35.177705,0.0,-0.001776198934280493,0.0,-0.09999999999999432,56.2,56.25,56.25,56.3,175.0,23.0,1324.0,1219.0,False,False
006208,2022-10-26 11:19:35.224880,0.0,-0.001776198934280493,0.0,-0.09999999999999432,56.2,56.25,56.25,56.3,175.0,1.0,1324.0,1219.0,False,False
006208,2022-10-26 11:19:35.377127,0.0,-0.001776198934280493,0.0,-0.09999999999999432,56.2,56.25,56.25,56.3,175.0,1.0,1324.0,1219.0,False,False
006208,2022-10-26 11:19:36.534984,0.0,-0.001776198934280493,0.0,-0.09999999999999432,56.2,56.25,56.25,56.3,175.0,1.0,1324.0,1219.0,False,False
006208,2022-10-26 11:19:36.535157,0.0,-0.001776198934280493,0.0,-0.09999999999999432,56.2,56.25,56.25,56.3,175.0,1.0,1324.0,1219.0,False,False
006208,2022-10-26 11:19:37.185377,0.0,-0.001776198934280493,0.0,-0.09999999999999432,56.2,56.25,56.25,56.3,175.0,1.0,1524.0,1219.0,True,True
006208,2022-10-26 11:19:37.299896,0.0,-0.001776198934280493,0.0,-0.09999999999999432,56.2,56.25,56.25,56.3,175.0,1.0,1524.0,1219.0,False,False
006208,2022-10-26 11:19:37.309924,0.0,-0.001776198934280493,0.0,-0.09999999999999432,56.2,56.25,56.25,56.3,175.0,1.0,1524.0,1219.0,False,False
006208,2022-10-26 11:19:37.441932,0.0,-0.001776198934280493,0.0,-0.09999999999999432,56.2,56.25,56.25,56.3,175.0,1.0,1524.0,1219.0,False,False
006208,2022-10-26 11:19:39.254662,0.0,-0.001776198934280493,0.0,-0.09999999999999432,56.2,56.25,56.25,56.3,175.0,1.0,1524.0,1219.0,False,False
006208,2022-10-26 11:19:39.342050,0.0,-0.001776198934280493,0.0,-0.09999999999999432,56.2,56.25,56.25,56.3,175.0,1.0,1524.0,1219.0,False,False
006208,2022-10-26 11:19:39.414770,0.0,-0.001776198934280493,0.0,-0.09999999999999432,56.2,56.25,56.25,56.3,175.0,1.0,1524.0,1219.0,False,False
006208,2022-10-26 11:19:40.292308,-0.000888099467140302,-0.001776198934280493,-0.04999999999999716,-0.09999999999999432,56.2,56.3,56.25,56.3,175.0,242.0,1524.0,1219.0,False,False
006208,2022-10-26 11:19:40.328434,-0.000888099467140302,-0.001776198934280493,-0.04999999999999716,-0.09999999999999432,56.2,56.3,56.25,56.3,175.0,242.0,1524.0,1219.0,False,False
006208,2022-10-26 11:19:40.390865,-0.000888099467140302,-0.001776198934280493,-0.04999999999999716,-0.09999999999999432,56.2,56.3,56.25,56.3,175.0,242.0,1524.0,1219.0,False,False
006208,2022-10-26 11:19:40.408843,-0.000888099467140302,-0.001776198934280493,-0.04999999999999716,-0.09999999999999432,56.2,56.3,56.25,56.3,175.0,242.0,1524.0,1219.0,False,False
006208,2022-10-26 11:19:40.600554,-0.000888099467140302,-0.001776198934280493,-0.04999999999999716,-0.09999999999999432,56.2,56.3,56.25,56.3,175.0,182.0,1524.0,1219.0,False,False
006208,2022-10-26 11:19:40.687801,-0.000888099467140302,-0.001776198934280493,-0.04999999999999716,-0.09999999999999432,56.2,56.3,56.25,56.3,175.0,182.0,1524.0,1219.0,False,False
006208,2022-10-26 11:19:40.776835,-0.000888099467140302,-0.001776198934280493,-0.04999999999999716,-0.09999999999999432,56.2,56.3,56.25,56.3,175.0,182.0,1524.0,1219.0,False,False
006208,2022-10-26 11:19:42.282500,-0.000888099467140302,-0.001776198934280493,-0.04999999999999716,-0.09999999999999432,56.2,56.3,56.25,56.3,175.0,182.0,1524.0,1219.0,False,False
006208,2022-10-26 11:19:42.311793,-0.000888099467140302,-0.001776198934280493,-0.04999999999999716,-0.09999999999999432,56.2,56.3,56.25,56.3,175.0,152.0,1524.0,1219.0,False,False
006208,2022-10-26 11:19:42.410379,-0.000888099467140302,-0.001776198934280493,-0.04999999999999716,-0.09999999999999432,56.2,56.3,56.25,56.3,235.0,152.0,1524.0,1219.0,False,False
006208,2022-10-26 11:19:43.145951,-0.000888099467140302,-0.001776198934280493,-0.04999999999999716,-0.09999999999999432,56.2,56.3,56.25,56.3,235.0,152.0,1524.0,1219.0,False,False
006208,2022-10-26 11:19:43.224426,-0.000888099467140302,-0.001776198934280493,-0.04999999999999716,-0.09999999999999432,56.2,56.3,56.25,56.3,235.0,152.0,1524.0,1219.0,False,False
006208,2022-10-26 11:19:43.358318,-0.000888099467140302,-0.001776198934280493,-0.04999999999999716,-0.09999999999999432,56.2,56.3,56.25,56.3,235.0,152.0,1524.0,1219.0,False,False
006208,2022-10-26 11:19:43.431394,-0.000888099467140302,-0.001776198934280493,-0.04999999999999716,-0.09999999999999432,56.2,56.3,56.25,56.3,175.0,152.0,1524.0,1219.0,False,False
006208,2022-10-26 11:19:43.513831,-0.000888099467140302,-0.001776198934280493,-0.04999999999999716,-0.09999999999999432,56.2,56.3,56.25,56.3,175.0,152.0,1524.0,1219.0,False,False
006208,2022-10-26 11:19:43.723561,-0.000888099467140302,-0.001776198934280493,-0.04999999999999716,-0.09999999999999432,56.2,56.3,56.25,56.3,175.0,152.0,1524.0,1219.0,False,False
006208,2022-10-26 11:19:44.345704,-0.000888099467140302,-0.001776198934280493,-0.04999999999999716,-0.09999999999999432,56.2,56.3,56.25,56.3,175.0,152.0,1524.0,1219.0,False,False
006208,2022-10-26 11:19:44.419499,-0.000888099467140302,-0.001776198934280493,-0.04999999999999716,-0.09999999999999432,56.2,56.3,56.25,56.3,175.0,152.0,1524.0,1219.0,False,False
006208,2022-10-26 11:19:44.466076,-0.000888099467140302,-0.001776198934280493,-0.04999999999999716,-0.09999999999999432,56.2,56.3,56.25,56.3,175.0,152.0,1524.0,1219.0,False,False
006208,2022-10-26 11:19:44.748858,-0.000888099467140302,-0.001776198934280493,-0.04999999999999716,-0.09999999999999432,56.2,56.3,56.25,56.3,175.0,152.0,1524.0,1219.0,False,False
006208,2022-10-26 11:19:44.848109,-0.000888099467140302,-0.001776198934280493,-0.04999999999999716,-0.09999999999999432,56.2,56.3,56.25,56.3,175.0,182.0,1524.0,1219.0,False,False
006208,2022-10-26 11:19:45.055708,-0.000888099467140302,-0.001776198934280493,-0.04999999999999716,-0.09999999999999432,56.2,56.3,56.25,56.3,175.0,182.0,1524.0,1219.0,False,False
006208,2022-10-26 11:19:45.059300,-0.000888099467140302,-0.001776198934280493,-0.04999999999999716,-0.09999999999999432,56.2,56.3,56.25,56.3,175.0,182.0,1524.0,1219.0,False,False
006208,2022-10-26 11:19:46.158608,-0.000888099467140302,-0.001776198934280493,-0.04999999999999716,-0.09999999999999432,56.2,56.3,56.25,56.3,175.0,182.0,1524.0,1219.0,False,False
006208,2022-10-26 11:19:46.158750,-0.000888099467140302,-0.001776198934280493,-0.04999999999999716,-0.09999999999999432,56.2,56.3,56.25,56.3,175.0,182.0,1524.0,1219.0,False,False
006208,2022-10-26 11:19:46.258554,-0.000888099467140302,-0.001776198934280493,-0.04999999999999716,-0.09999999999999432,56.2,56.3,56.25,56.3,175.0,152.0,1524.0,1219.0,False,False
006208,2022-10-26 11:19:46.741310,-0.000888099467140302,-0.001776198934280493,-0.04999999999999716,-0.09999999999999432,56.2,56.3,56.25,56.3,175.0,152.0,1524.0,1219.0,False,False
006208,2022-10-26 11:19:46.753965,-0.000888099467140302,-0.001776198934280493,-0.04999999999999716,-0.09999999999999432,56.2,56.3,56.25,56.3,175.0,152.0,1524.0,1219.0,False,False
006208,2022-10-26 11:19:46.923635,-0.000888099467140302,-0.001776198934280493,-0.04999999999999716,-0.09999999999999432,56.2,56.3,56.25,56.3,175.0,102.0,1524.0,1219.0,False,False
006208,2022-10-26 11:19:47.214849,-0.000888099467140302,-0.001776198934280493,-0.04999999999999716,-0.09999999999999432,56.2,56.3,56.25,56.3,175.0,102.0,1564.0,1219.0,True,True
006208,2022-10-26 11:19:47.410692,-0.000888099467140302,-0.001776198934280493,-0.04999999999999716,-0.09999999999999432,56.2,56.3,56.25,56.3,175.0,102.0,1564.0,1219.0,False,False
006208,2022-10-26 11:19:47.411376,-0.000888099467140302,-0.001776198934280493,-0.04999999999999716,-0.09999999999999432,56.2,56.3,56.25,56.3,175.0,102.0,1564.0,1219.0,False,False
006208,2022-10-26 11:19:47.616955,-0.000888099467140302,-0.001776198934280493,-0.04999999999999716,-0.09999999999999432,56.2,56.3,56.25,56.3,175.0,102.0,1564.0,1219.0,False,False
006208,2022-10-26 11:19:47.617075,-0.000888099467140302,-0.001776198934280493,-0.04999999999999716,-0.09999999999999432,56.2,56.3,56.25,56.3,175.0,102.0,1564.0,1219.0,False,False
006208,2022-10-26 11:19:47.826928,-0.000888099467140302,-0.001776198934280493,-0.04999999999999716,-0.09999999999999432,56.2,56.3,56.25,56.3,235.0,102.0,1564.0,1219.0,False,False
006208,2022-10-26 11:19:47.885547,-0.000888099467140302,-0.001776198934280493,-0.04999999999999716,-0.09999999999999432,56.2,56.3,56.25,56.3,235.0,102.0,1564.0,1219.0,False,False
006208,2022-10-26 11:19:48.221594,-0.000888099467140302,-0.001776198934280493,-0.04999999999999716,-0.09999999999999432,56.2,56.3,56.25,56.3,235.0,102.0,1564.0,1219.0,False,False
006208,2022-10-26 11:19:48.222160,-0.000888099467140302,-0.001776198934280493,-0.04999999999999716,-0.09999999999999432,56.2,56.3,56.25,56.3,235.0,102.0,1564.0,1219.0,False,False
006208,2022-10-26 11:19:48.411015,-0.000888099467140302,-0.000888099467140302,-0.04999999999999716,-0.04999999999999716,56.25,56.3,56.25,56.3,100.0,102.0,1564.0,1219.0,False,False
006208,2022-10-26 11:19:48.441159,-0.000888099467140302,-0.000888099467140302,-0.04999999999999716,-0.04999999999999716,56.25,56.3,56.25,56.3,100.0,102.0,1564.0,1219.0,False,False
006208,2022-10-26 11:19:48.657607,-0.000888099467140302,-0.000888099467140302,-0.04999999999999716,-0.04999999999999716,56.25,56.3,56.25,56.3,100.0,102.0,1564.0,1219.0,False,False
006208,2022-10-26 11:19:48.728533,-0.000888099467140302,-0.000888099467140302,-0.04999999999999716,-0.04999999999999716,56.25,56.3,56.25,56.3,100.0,102.0,1564.0,1219.0,False,False
006208,2022-10-26 11:19:48.772166,-0.000888099467140302,-0.000888099467140302,-0.04999999999999716,-0.04999999999999716,56.25,56.3,56.25,56.3,100.0,102.0,1564.0,1219.0,False,False
006208,2022-10-26 11:19:49.416718,-0.000888099467140302,-0.000888099467140302,-0.04999999999999716,-0.04999999999999716,56.25,56.3,56.25,56.3,100.0,102.0,1564.0,1219.0,False,False
006208,2022-10-26 11:19:49.435393,-0.000888099467140302,-0.000888099467140302,-0.04999999999999716,-0.04999999999999716,56.25,56.3,56.25,56.3,100.0,102.0,1564.0,1219.0,False,False
006208,2022-10-26 11:19:49.557228,-0.000888099467140302,-0.000888099467140302,-0.04999999999999716,-0.04999999999999716,56.25,56.3,56.25,56.3,100.0,102.0,1564.0,1219.0,False,False
006208,2022-10-26 11:19:49.763279,-0.000888099467140302,-0.000888099467140302,-0.04999999999999716,-0.04999999999999716,56.25,56.3,56.25,56.3,100.0,102.0,1564.0,1219.0,False,False
006208,2022-10-26 11:19:49.770907,-0.000888099467140302,-0.000888099467140302,-0.04999999999999716,-0.04999999999999716,56.25,56.3,56.25,56.3,100.0,102.0,1564.0,1219.0,False,False
006208,2022-10-26 11:19:50.302831,-0.000888099467140302,-0.000888099467140302,-0.04999999999999716,-0.04999999999999716,56.25,56.3,56.25,56.3,100.0,101.0,1564.0,1219.0,False,False
006208,2022-10-26 11:19:50.395114,-0.000888099467140302,-0.000888099467140302,-0.04999999999999716,-0.04999999999999716,56.25,56.3,56.25,56.3,100.0,101.0,1564.0,1219.0,False,False
006208,2022-10-26 11:19:50.395207,-0.000888099467140302,-0.000888099467140302,-0.04999999999999716,-0.04999999999999716,56.25,56.3,56.25,56.3,100.0,101.0,1564.0,1219.0,False,False
006208,2022-10-26 11:19:54.782071,-0.000888099467140302,-0.000888099467140302,-0.04999999999999716,-0.04999999999999716,56.25,56.3,56.25,56.3,100.0,101.0,1564.0,1219.0,False,False
006208,2022-10-26 11:19:54.875746,-0.000888099467140302,-0.000888099467140302,-0.04999999999999716,-0.04999999999999716,56.25,56.3,56.25,56.3,100.0,151.0,1564.0,1219.0,False,False
006208,2022-10-26 11:19:55.018872,-0.000888099467140302,-0.000888099467140302,-0.04999999999999716,-0.04999999999999716,56.25,56.3,56.25,56.3,100.0,151.0,1564.0,1219.0,False,False
006208,2022-10-26 11:19:55.117459,-0.000888099467140302,-0.000888099467140302,-0.04999999999999716,-0.04999999999999716,56.25,56.3,56.25,56.3,100.0,151.0,1564.0,1219.0,False,False
006208,2022-10-26 11:19:56.301084,-0.000888099467140302,-0.001776198934280493,-0.04999999999999716,-0.09999999999999432,56.2,56.3,56.25,56.3,309.0,151.0,1564.0,1219.0,False,False
006208,2022-10-26 11:19:56.373298,-0.000888099467140302,-0.001776198934280493,-0.04999999999999716,-0.09999999999999432,56.2,56.3,56.25,56.3,309.0,151.0,1564.0,1219.0,False,False
006208,2022-10-26 11:19:56.472983,-0.000888099467140302,-0.001776198934280493,-0.04999999999999716,-0.09999999999999432,56.2,56.3,56.25,56.3,269.0,151.0,1564.0,1219.0,False,False
006208,2022-10-26 11:19:56.634576,-0.000888099467140302,-0.001776198934280493,-0.04999999999999716,-0.09999999999999432,56.2,56.3,56.25,56.3,194.0,151.0,1564.0,1219.0,False,False
006208,2022-10-26 11:19:56.735216,-0.000888099467140302,-0.001776198934280493,-0.04999999999999716,-0.09999999999999432,56.2,56.3,56.25,56.3,194.0,101.0,1564.0,1219.0,False,False
006208,2022-10-26 11:19:56.814851,-0.000888099467140302,-0.001776198934280493,-0.04999999999999716,-0.09999999999999432,56.2,56.3,56.25,56.3,194.0,101.0,1564.0,1219.0,False,False
006208,2022-10-26 11:19:56.971459,-0.000888099467140302,-0.001776198934280493,-0.04999999999999716,-0.09999999999999432,56.2,56.3,56.25,56.3,194.0,101.0,1564.0,1219.0,False,False
006208,2022-10-26 11:19:57.291287,-0.000888099467140302,-0.001776198934280493,-0.04999999999999716,-0.09999999999999432,56.2,56.3,56.25,56.3,194.0,101.0,1564.0,1219.0,True,True
006208,2022-10-26 11:19:57.309722,-0.000888099467140302,-0.001776198934280493,-0.04999999999999716,-0.09999999999999432,56.2,56.3,56.25,56.3,194.0,101.0,1564.0,1219.0,False,False
006208,2022-10-26 11:19:58.037103,-0.000888099467140302,-0.001776198934280493,-0.04999999999999716,-0.09999999999999432,56.2,56.3,56.25,56.3,194.0,101.0,1564.0,1219.0,False,False
006208,2022-10-26 11:19:58.344320,-0.000888099467140302,-0.001776198934280493,-0.04999999999999716,-0.09999999999999432,56.2,56.3,56.25,56.3,194.0,101.0,1564.0,1219.0,False,False
006208,2022-10-26 11:19:58.369071,-0.000888099467140302,-0.001776198934280493,-0.04999999999999716,-0.09999999999999432,56.2,56.3,56.25,56.3,194.0,101.0,1564.0,1219.0,False,False
006208,2022-10-26 11:19:58.485522,-0.000888099467140302,-0.001776198934280493,-0.04999999999999716,-0.09999999999999432,56.2,56.3,56.25,56.3,194.0,101.0,1564.0,1219.0,False,False
006208,2022-10-26 11:19:59.332483,-0.000888099467140302,-0.001776198934280493,-0.04999999999999716,-0.09999999999999432,56.2,56.3,56.25,56.3,160.0,101.0,1564.0,1219.0,False,False
006208,2022-10-26 11:19:59.365203,-0.000888099467140302,-0.001776198934280493,-0.04999999999999716,-0.09999999999999432,56.2,56.3,56.25,56.3,160.0,101.0,1564.0,1219.0,False,False
006208,2022-10-26 11:20:00.368066,-0.000888099467140302,-0.001776198934280493,-0.04999999999999716,-0.09999999999999432,56.2,56.3,56.25,56.3,160.0,100.0,1564.0,1219.0,False,False
006208,2022-10-26 11:20:00.465707,-0.000888099467140302,-0.001776198934280493,-0.04999999999999716,-0.09999999999999432,56.2,56.3,56.25,56.3,160.0,100.0,1564.0,1219.0,False,False
006208,2022-10-26 11:20:00.489414,-0.000888099467140302,-0.001776198934280493,-0.04999999999999716,-0.09999999999999432,56.2,56.3,56.25,56.3,160.0,100.0,1564.0,1219.0,False,False
006208,2022-10-26 11:20:00.977146,-0.000888099467140302,-0.001776198934280493,-0.04999999999999716,-0.09999999999999432,56.2,56.3,56.25,56.3,160.0,99.0,1564.0,1219.0,False,False
006208,2022-10-26 11:20:03.507275,-0.000888099467140302,-0.001776198934280493,-0.04999999999999716,-0.09999999999999432,56.2,56.3,56.25,56.3,100.0,99.0,1564.0,1219.0,False,False
006208,2022-10-26 11:20:05.087734,-0.000888099467140302,-0.001776198934280493,-0.04999999999999716,-0.09999999999999432,56.2,56.3,56.25,56.3,160.0,99.0,1564.0,1219.0,False,False
006208,2022-10-26 11:20:05.877741,-0.000888099467140302,-0.001776198934280493,-0.04999999999999716,-0.09999999999999432,56.2,56.3,56.25,56.3,160.0,99.0,1564.0,1219.0,False,False
006208,2022-10-26 11:20:05.947679,-0.000888099467140302,-0.001776198934280493,-0.04999999999999716,-0.09999999999999432,56.2,56.3,56.25,56.3,160.0,99.0,1564.0,1219.0,False,False
006208,2022-10-26 11:20:06.132343,-0.000888099467140302,-0.001776198934280493,-0.04999999999999716,-0.09999999999999432,56.2,56.3,56.25,56.3,100.0,99.0,1564.0,1219.0,False,False
006208,2022-10-26 11:20:06.396564,-0.000888099467140302,-0.001776198934280493,-0.04999999999999716,-0.09999999999999432,56.2,56.3,56.25,56.3,100.0,99.0,1564.0,1219.0,False,False
006208,2022-10-26 11:20:06.585254,-0.000888099467140302,-0.001776198934280493,-0.04999999999999716,-0.09999999999999432,56.2,56.3,56.25,56.3,100.0,99.0,1564.0,1219.0,False,False
006208,2022-10-26 11:20:06.586650,-0.000888099467140302,-0.001776198934280493,-0.04999999999999716,-0.09999999999999432,56.2,56.3,56.25,56.3,100.0,99.0,1564.0,1219.0,False,False
006208,2022-10-26 11:20:06.713043,-0.000888099467140302,-0.001776198934280493,-0.04999999999999716,-0.09999999999999432,56.2,56.3,56.25,56.3,100.0,99.0,1564.0,1219.0,False,False
006208,2022-10-26 11:20:07.056743,-0.000888099467140302,-0.001776198934280493,-0.04999999999999716,-0.09999999999999432,56.2,56.3,56.25,56.3,100.0,99.0,1564.0,1219.0,False,False
006208,2022-10-26 11:20:07.057160,-0.000888099467140302,-0.001776198934280493,-0.04999999999999716,-0.09999999999999432,56.2,56.3,56.25,56.3,100.0,99.0,1564.0,1219.0,False,False
006208,2022-10-26 11:20:07.381876,-0.000888099467140302,-0.001776198934280493,-0.04999999999999716,-0.09999999999999432,56.2,56.3,56.25,56.3,100.0,99.0,1584.0,1219.0,True,True
006208,2022-10-26 11:20:08.747095,-0.000888099467140302,-0.001776198934280493,-0.04999999999999716,-0.09999999999999432,56.2,56.3,56.25,56.3,100.0,99.0,1584.0,1219.0,False,False
006208,2022-10-26 11:20:08.758003,-0.000888099467140302,-0.001776198934280493,-0.04999999999999716,-0.09999999999999432,56.2,56.3,56.25,56.3,100.0,99.0,1584.0,1219.0,False,False
006208,2022-10-26 11:20:10.015141,-0.000888099467140302,-0.001776198934280493,-0.04999999999999716,-0.09999999999999432,56.2,56.3,56.25,56.3,100.0,99.0,1584.0,1219.0,False,False
006208,2022-10-26 11:20:10.042279,-0.000888099467140302,-0.001776198934280493,-0.04999999999999716,-0.09999999999999432,56.2,56.3,56.25,56.3,100.0,99.0,1584.0,1219.0,False,False
006208,2022-10-26 11:20:10.344327,-0.000888099467140302,-0.001776198934280493,-0.04999999999999716,-0.09999999999999432,56.2,56.3,56.25,56.3,100.0,149.0,1584.0,1219.0,False,False
006208,2022-10-26 11:20:10.383101,-0.000888099467140302,-0.001776198934280493,-0.04999999999999716,-0.09999999999999432,56.2,56.3,56.25,56.3,100.0,148.0,1584.0,1219.0,False,False
006208,2022-10-26 11:20:13.536712,-0.000888099467140302,-0.001776198934280493,-0.04999999999999716,-0.09999999999999432,56.2,56.3,56.25,56.3,160.0,148.0,1584.0,1219.0,False,False
006208,2022-10-26 11:20:15.071123,-0.000888099467140302,-0.001776198934280493,-0.04999999999999716,-0.09999999999999432,56.2,56.3,56.25,56.3,235.0,148.0,1584.0,1219.0,False,False
006208,2022-10-26 11:20:15.144032,-0.000888099467140302,-0.001776198934280493,-0.04999999999999716,-0.09999999999999432,56.2,56.3,56.25,56.3,235.0,148.0,1584.0,1219.0,False,False
006208,2022-10-26 11:20:15.156240,-0.000888099467140302,-0.001776198934280493,-0.04999999999999716,-0.09999999999999432,56.2,56.3,56.25,56.3,235.0,148.0,1584.0,1219.0,False,False
006208,2022-10-26 11:20:16.733375,-0.000888099467140302,-0.001776198934280493,-0.04999999999999716,-0.09999999999999432,56.2,56.3,56.25,56.3,235.0,148.0,1584.0,1219.0,False,False
006208,2022-10-26 11:20:16.735826,-0.000888099467140302,-0.001776198934280493,-0.04999999999999716,-0.09999999999999432,56.2,56.3,56.25,56.3,235.0,148.0,1584.0,1219.0,False,False
006208,2022-10-26 11:20:16.878915,-0.000888099467140302,-0.001776198934280493,-0.04999999999999716,-0.09999999999999432,56.2,56.3,56.25,56.3,235.0,148.0,1584.0,1219.0,False,False
006208,2022-10-26 11:20:17.447986,-0.000888099467140302,-0.001776198934280493,-0.04999999999999716,-0.09999999999999432,56.2,56.3,56.25,56.3,235.0,148.0,2245.0,1219.0,True,True
006208,2022-10-26 11:20:17.470006,-0.000888099467140302,-0.001776198934280493,-0.04999999999999716,-0.09999999999999432,56.2,56.3,56.25,56.3,235.0,148.0,2245.0,1219.0,False,False
006208,2022-10-26 11:20:17.472503,-0.000888099467140302,-0.001776198934280493,-0.04999999999999716,-0.09999999999999432,56.2,56.3,56.25,56.3,235.0,148.0,2245.0,1219.0,False,False
006208,2022-10-26 11:20:17.556087,-0.000888099467140302,-0.001776198934280493,-0.04999999999999716,-0.09999999999999432,56.2,56.3,56.25,56.3,235.0,148.0,2245.0,1219.0,False,False
006208,2022-10-26 11:20:17.649671,-0.000888099467140302,-0.001776198934280493,-0.04999999999999716,-0.09999999999999432,56.2,56.3,56.25,56.3,235.0,148.0,2245.0,1219.0,False,False
006208,2022-10-26 11:20:22.054389,-0.000888099467140302,-0.001776198934280493,-0.04999999999999716,-0.09999999999999432,56.2,56.3,56.25,56.3,235.0,148.0,2245.0,1219.0,False,False
006208,2022-10-26 11:20:22.065279,-0.000888099467140302,-0.001776198934280493,-0.04999999999999716,-0.09999999999999432,56.2,56.3,56.25,56.3,235.0,148.0,2245.0,1219.0,False,False
006208,2022-10-26 11:20:22.127183,-0.000888099467140302,-0.001776198934280493,-0.04999999999999716,-0.09999999999999432,56.2,56.3,56.25,56.3,235.0,148.0,2245.0,1219.0,False,False
006208,2022-10-26 11:20:22.254749,-0.000888099467140302,-0.001776198934280493,-0.04999999999999716,-0.09999999999999432,56.2,56.3,56.25,56.3,235.0,148.0,2245.0,1219.0,False,False
006208,2022-10-26 11:20:24.444546,-0.000888099467140302,-0.001776198934280493,-0.04999999999999716,-0.09999999999999432,56.2,56.3,56.25,56.3,235.0,148.0,2245.0,1219.0,False,False
006208,2022-10-26 11:20:24.632557,-0.000888099467140302,-0.001776198934280493,-0.04999999999999716,-0.09999999999999432,56.2,56.3,56.25,56.3,235.0,149.0,2245.0,1219.0,False,False
006208,2022-10-26 11:20:26.329872,-0.000888099467140302,-0.001776198934280493,-0.04999999999999716,-0.09999999999999432,56.2,56.3,56.25,56.3,235.0,150.0,2245.0,1219.0,False,False
006208,2022-10-26 11:20:26.878254,-0.000888099467140302,-0.001776198934280493,-0.04999999999999716,-0.09999999999999432,56.2,56.3,56.25,56.3,235.0,150.0,2245.0,1219.0,False,False
006208,2022-10-26 11:20:26.880664,-0.000888099467140302,-0.001776198934280493,-0.04999999999999716,-0.09999999999999432,56.2,56.3,56.25,56.3,235.0,150.0,2245.0,1219.0,False,False
006208,2022-10-26 11:20:27.016134,-0.000888099467140302,-0.001776198934280493,-0.04999999999999716,-0.09999999999999432,56.2,56.3,56.25,56.3,235.0,150.0,2245.0,1219.0,False,False
006208,2022-10-26 11:20:27.515191,-0.000888099467140302,-0.001776198934280493,-0.04999999999999716,-0.09999999999999432,56.2,56.3,56.25,56.3,235.0,150.0,1247.0,1219.0,True,True
006208,2022-10-26 11:20:29.435094,-0.000888099467140302,-0.001776198934280493,-0.04999999999999716,-0.09999999999999432,56.2,56.3,56.25,56.3,235.0,149.0,1247.0,1219.0,False,False
006208,2022-10-26 11:20:30.457879,-0.000888099467140302,-0.001776198934280493,-0.04999999999999716,-0.09999999999999432,56.2,56.3,56.25,56.3,235.0,148.0,1247.0,1219.0,False,False
006208,2022-10-26 11:20:34.152802,-0.000888099467140302,-0.001776198934280493,-0.04999999999999716,-0.09999999999999432,56.2,56.3,56.25,56.3,235.0,147.0,1247.0,1219.0,False,False
006208,2022-10-26 11:20:34.216245,-0.000888099467140302,-0.001776198934280493,-0.04999999999999716,-0.09999999999999432,56.2,56.3,56.25,56.3,175.0,147.0,1247.0,1219.0,False,False
006208,2022-10-26 11:20:34.237288,-0.000888099467140302,-0.001776198934280493,-0.04999999999999716,-0.09999999999999432,56.2,56.3,56.25,56.3,100.0,147.0,1247.0,1219.0,False,False
006208,2022-10-26 11:20:34.302022,-0.000888099467140302,-0.001776198934280493,-0.04999999999999716,-0.09999999999999432,56.2,56.3,56.25,56.3,100.0,147.0,1247.0,1219.0,False,False
006208,2022-10-26 11:20:34.504276,-0.000888099467140302,-0.001776198934280493,-0.04999999999999716,-0.09999999999999432,56.2,56.3,56.25,56.3,100.0,147.0,1247.0,1219.0,False,False
006208,2022-10-26 11:20:36.846257,-0.000888099467140302,-0.001776198934280493,-0.04999999999999716,-0.09999999999999432,56.2,56.3,56.25,56.3,100.0,147.0,1247.0,1219.0,False,False
006208,2022-10-26 11:20:37.010656,-0.000888099467140302,-0.001776198934280493,-0.04999999999999716,-0.09999999999999432,56.2,56.3,56.25,56.3,100.0,147.0,1247.0,1219.0,False,False
006208,2022-10-26 11:20:37.011313,-0.000888099467140302,-0.001776198934280493,-0.04999999999999716,-0.09999999999999432,56.2,56.3,56.25,56.3,100.0,147.0,1247.0,1219.0,False,False
006208,2022-10-26 11:20:37.015644,-0.000888099467140302,-0.001776198934280493,-0.04999999999999716,-0.09999999999999432,56.2,56.3,56.25,56.3,100.0,147.0,1247.0,1219.0,False,False
006208,2022-10-26 11:20:37.153669,-0.000888099467140302,-0.001776198934280493,-0.04999999999999716,-0.09999999999999432,56.2,56.3,56.25,56.3,100.0,147.0,1247.0,1219.0,False,False
006208,2022-10-26 11:20:37.561837,-0.000888099467140302,-0.001776198934280493,-0.04999999999999716,-0.09999999999999432,56.2,56.3,56.25,56.3,100.0,147.0,1497.0,1219.0,True,True
006208,2022-10-26 11:20:38.740615,-0.000888099467140302,-0.001776198934280493,-0.04999999999999716,-0.09999999999999432,56.2,56.3,56.25,56.3,100.0,147.0,1497.0,1219.0,False,False
006208,2022-10-26 11:20:38.740674,-0.000888099467140302,-0.001776198934280493,-0.04999999999999716,-0.09999999999999432,56.2,56.3,56.25,56.3,100.0,147.0,1497.0,1219.0,False,False
006208,2022-10-26 11:20:39.208370,-0.000888099467140302,-0.001776198934280493,-0.04999999999999716,-0.09999999999999432,56.2,56.3,56.25,56.3,100.0,147.0,1497.0,1219.0,False,False
006208,2022-10-26 11:20:39.249192,-0.000888099467140302,-0.001776198934280493,-0.04999999999999716,-0.09999999999999432,56.2,56.3,56.25,56.3,100.0,147.0,1497.0,1219.0,False,False
006208,2022-10-26 11:20:39.321467,-0.000888099467140302,-0.001776198934280493,-0.04999999999999716,-0.09999999999999432,56.2,56.3,56.25,56.3,100.0,147.0,1497.0,1219.0,False,False
006208,2022-10-26 11:20:39.321635,-0.000888099467140302,-0.001776198934280493,-0.04999999999999716,-0.09999999999999432,56.2,56.3,56.25,56.3,100.0,147.0,1497.0,1219.0,False,False
006208,2022-10-26 11:20:39.402106,-0.000888099467140302,-0.001776198934280493,-0.04999999999999716,-0.09999999999999432,56.2,56.3,56.25,56.3,100.0,125.0,1497.0,1219.0,False,False
006208,2022-10-26 11:20:39.623877,0.0,-0.001776198934280493,0.0,-0.09999999999999432,56.2,56.25,56.25,56.3,100.0,22.0,1497.0,1219.0,False,False
006208,2022-10-26 11:20:39.729339,-0.000888099467140302,-0.001776198934280493,-0.04999999999999716,-0.09999999999999432,56.2,56.3,56.25,56.3,100.0,147.0,1497.0,1219.0,False,False
006208,2022-10-26 11:20:39.801845,-0.000888099467140302,-0.001776198934280493,-0.04999999999999716,-0.09999999999999432,56.2,56.3,56.25,56.3,100.0,147.0,1497.0,1219.0,False,False
006208,2022-10-26 11:20:40.100016,-0.000888099467140302,-0.001776198934280493,-0.04999999999999716,-0.09999999999999432,56.2,56.3,56.25,56.3,100.0,147.0,1497.0,1219.0,False,False
006208,2022-10-26 11:20:40.100422,-0.000888099467140302,-0.001776198934280493,-0.04999999999999716,-0.09999999999999432,56.2,56.3,56.25,56.3,100.0,147.0,1497.0,1219.0,False,False
006208,2022-10-26 11:20:40.441493,-0.000888099467140302,-0.001776198934280493,-0.04999999999999716,-0.09999999999999432,56.2,56.3,56.25,56.3,100.0,146.0,1497.0,1219.0,False,False
006208,2022-10-26 11:20:40.536361,-0.000888099467140302,-0.001776198934280493,-0.04999999999999716,-0.09999999999999432,56.2,56.3,56.25,56.3,100.0,146.0,1497.0,1219.0,False,False
006208,2022-10-26 11:20:40.573288,-0.000888099467140302,-0.001776198934280493,-0.04999999999999716,-0.09999999999999432,56.2,56.3,56.25,56.3,100.0,146.0,1497.0,1219.0,False,False
006208,2022-10-26 11:20:40.863622,-0.000888099467140302,-0.001776198934280493,-0.04999999999999716,-0.09999999999999432,56.2,56.3,56.25,56.3,100.0,147.0,1497.0,1219.0,False,False
006208,2022-10-26 11:20:41.212760,-0.000888099467140302,-0.001776198934280493,-0.04999999999999716,-0.09999999999999432,56.2,56.3,56.25,56.3,100.0,147.0,1497.0,1219.0,False,False
006208,2022-10-26 11:20:42.635577,-0.000888099467140302,-0.001776198934280493,-0.04999999999999716,-0.09999999999999432,56.2,56.3,56.25,56.3,160.0,147.0,1497.0,1219.0,False,False
006208,2022-10-26 11:20:42.822634,-0.000888099467140302,-0.001776198934280493,-0.04999999999999716,-0.09999999999999432,56.2,56.3,56.25,56.3,100.0,147.0,1497.0,1219.0,False,False
006208,2022-10-26 11:20:45.144323,-0.000888099467140302,-0.001776198934280493,-0.04999999999999716,-0.09999999999999432,56.2,56.3,56.25,56.3,100.0,147.0,1497.0,1219.0,False,False
006208,2022-10-26 11:20:45.144524,-0.000888099467140302,-0.001776198934280493,-0.04999999999999716,-0.09999999999999432,56.2,56.3,56.25,56.3,100.0,147.0,1497.0,1219.0,False,False
006208,2022-10-26 11:20:47.145125,-0.000888099467140302,-0.001776198934280493,-0.04999999999999716,-0.09999999999999432,56.2,56.3,56.25,56.3,100.0,147.0,1497.0,1219.0,False,False
006208,2022-10-26 11:20:47.146380,-0.000888099467140302,-0.001776198934280493,-0.04999999999999716,-0.09999999999999432,56.2,56.3,56.25,56.3,100.0,147.0,1497.0,1219.0,False,False
006208,2022-10-26 11:20:47.151553,-0.000888099467140302,-0.001776198934280493,-0.04999999999999716,-0.09999999999999432,56.2,56.3,56.25,56.3,100.0,147.0,1497.0,1219.0,False,False
006208,2022-10-26 11:20:47.279343,-0.000888099467140302,-0.001776198934280493,-0.04999999999999716,-0.09999999999999432,56.2,56.3,56.25,56.3,100.0,147.0,1497.0,1219.0,False,False
006208,2022-10-26 11:20:47.608958,-0.000888099467140302,-0.001776198934280493,-0.04999999999999716,-0.09999999999999432,56.2,56.3,56.25,56.3,100.0,147.0,1517.0,1219.0,True,True
006208,2022-10-26 11:20:49.661352,-0.000888099467140302,-0.001776198934280493,-0.04999999999999716,-0.09999999999999432,56.2,56.3,56.25,56.3,100.0,148.0,1517.0,1219.0,False,False
006208,2022-10-26 11:20:50.460960,-0.000888099467140302,-0.001776198934280493,-0.04999999999999716,-0.09999999999999432,56.2,56.3,56.25,56.3,100.0,147.0,1517.0,1219.0,False,False
006208,2022-10-26 11:20:56.382698,-0.000888099467140302,-0.001776198934280493,-0.04999999999999716,-0.09999999999999432,56.2,56.3,56.25,56.3,100.0,147.0,1517.0,1219.0,False,False
006208,2022-10-26 11:20:56.520049,-0.000888099467140302,-0.001776198934280493,-0.04999999999999716,-0.09999999999999432,56.2,56.3,56.25,56.3,100.0,147.0,1517.0,1219.0,False,False
006208,2022-10-26 11:20:56.520171,-0.000888099467140302,-0.001776198934280493,-0.04999999999999716,-0.09999999999999432,56.2,56.3,56.25,56.3,100.0,147.0,1517.0,1219.0,False,False
006208,2022-10-26 11:20:57.275039,-0.000888099467140302,-0.001776198934280493,-0.04999999999999716,-0.09999999999999432,56.2,56.3,56.25,56.3,100.0,147.0,1517.0,1219.0,False,False
006208,2022-10-26 11:20:57.408081,-0.000888099467140302,-0.001776198934280493,-0.04999999999999716,-0.09999999999999432,56.2,56.3,56.25,56.3,100.0,147.0,1517.0,1219.0,False,False
006208,2022-10-26 11:20:57.409885,-0.000888099467140302,-0.001776198934280493,-0.04999999999999716,-0.09999999999999432,56.2,56.3,56.25,56.3,100.0,147.0,1517.0,1219.0,False,False
006208,2022-10-26 11:21:00.490315,-0.000888099467140302,-0.001776198934280493,-0.04999999999999716,-0.09999999999999432,56.2,56.3,56.25,56.3,100.0,147.0,1517.0,1219.0,False,False
006208,2022-10-26 11:21:00.499044,-0.000888099467140302,-0.001776198934280493,-0.04999999999999716,-0.09999999999999432,56.2,56.3,56.25,56.3,100.0,146.0,1517.0,1219.0,False,False
006208,2022-10-26 11:21:00.490481,-0.000888099467140302,-0.001776198934280493,-0.04999999999999716,-0.09999999999999432,56.2,56.3,56.25,56.3,100.0,147.0,1517.0,1219.0,False,False
006208,2022-10-26 11:21:01.164404,-0.000888099467140302,-0.001776198934280493,-0.04999999999999716,-0.09999999999999432,56.2,56.3,56.25,56.3,100.0,146.0,1517.0,1219.0,False,False
006208,2022-10-26 11:21:01.164539,-0.000888099467140302,-0.001776198934280493,-0.04999999999999716,-0.09999999999999432,56.2,56.3,56.25,56.3,175.0,146.0,1517.0,1219.0,False,False
006208,2022-10-26 11:21:01.914001,-0.000888099467140302,-0.001776198934280493,-0.04999999999999716,-0.09999999999999432,56.2,56.3,56.25,56.3,175.0,146.0,1517.0,1219.0,False,False
006208,2022-10-26 11:21:01.914302,-0.000888099467140302,-0.001776198934280493,-0.04999999999999716,-0.09999999999999432,56.2,56.3,56.25,56.3,175.0,146.0,1517.0,1219.0,False,False
006208,2022-10-26 11:21:03.012537,-0.000888099467140302,-0.001776198934280493,-0.04999999999999716,-0.09999999999999432,56.2,56.3,56.25,56.3,235.0,146.0,1517.0,1219.0,False,False
006208,2022-10-26 11:21:03.859443,-0.000888099467140302,-0.001776198934280493,-0.04999999999999716,-0.09999999999999432,56.2,56.3,56.25,56.3,175.0,146.0,1517.0,1219.0,False,False
006208,2022-10-26 11:21:05.845127,-0.000888099467140302,-0.001776198934280493,-0.04999999999999716,-0.09999999999999432,56.2,56.3,56.25,56.3,175.0,146.0,1517.0,1219.0,False,False
006208,2022-10-26 11:21:05.852203,-0.000888099467140302,-0.001776198934280493,-0.04999999999999716,-0.09999999999999432,56.2,56.3,56.25,56.3,175.0,146.0,1517.0,1219.0,False,False
006208,2022-10-26 11:21:07.403082,-0.000888099467140302,-0.001776198934280493,-0.04999999999999716,-0.09999999999999432,56.2,56.3,56.25,56.3,175.0,146.0,1517.0,1219.0,False,False
006208,2022-10-26 11:21:07.406152,-0.000888099467140302,-0.001776198934280493,-0.04999999999999716,-0.09999999999999432,56.2,56.3,56.25,56.3,175.0,146.0,1517.0,1219.0,False,False
006208,2022-10-26 11:21:07.532390,-0.000888099467140302,-0.001776198934280493,-0.04999999999999716,-0.09999999999999432,56.2,56.3,56.25,56.3,175.0,146.0,1517.0,1219.0,False,False
006208,2022-10-26 11:21:07.546395,-0.000888099467140302,-0.001776198934280493,-0.04999999999999716,-0.09999999999999432,56.2,56.3,56.25,56.3,175.0,146.0,1517.0,1219.0,False,False
006208,2022-10-26 11:21:07.698540,-0.000888099467140302,-0.001776198934280493,-0.04999999999999716,-0.09999999999999432,56.2,56.3,56.25,56.3,175.0,146.0,1517.0,2053.0,True,True
006208,2022-10-26 11:21:08.114918,-0.000888099467140302,-0.001776198934280493,-0.04999999999999716,-0.09999999999999432,56.2,56.3,56.25,56.3,175.0,145.0,1517.0,2053.0,False,False
006208,2022-10-26 11:21:09.065219,-0.000888099467140302,-0.001776198934280493,-0.04999999999999716,-0.09999999999999432,56.2,56.3,56.25,56.3,235.0,145.0,1517.0,2053.0,False,False
006208,2022-10-26 11:21:10.473757,-0.000888099467140302,-0.001776198934280493,-0.04999999999999716,-0.09999999999999432,56.2,56.3,56.25,56.3,235.0,144.0,1517.0,2053.0,False,False
006208,2022-10-26 11:21:10.513467,-0.000888099467140302,-0.001776198934280493,-0.04999999999999716,-0.09999999999999432,56.2,56.3,56.25,56.3,235.0,144.0,1517.0,2053.0,False,False
006208,2022-10-26 11:21:10.523013,-0.000888099467140302,-0.001776198934280493,-0.04999999999999716,-0.09999999999999432,56.2,56.3,56.25,56.3,235.0,144.0,1517.0,2053.0,False,False
006208,2022-10-26 11:21:10.606566,-0.000888099467140302,-0.001776198934280493,-0.04999999999999716,-0.09999999999999432,56.2,56.3,56.25,56.3,235.0,144.0,1517.0,2053.0,False,False
006208,2022-10-26 11:21:11.157810,-0.000888099467140302,-0.001776198934280493,-0.04999999999999716,-0.09999999999999432,56.2,56.3,56.25,56.3,175.0,144.0,1517.0,2053.0,False,False
006208,2022-10-26 11:21:13.894498,-0.000888099467140302,-0.001776198934280493,-0.04999999999999716,-0.09999999999999432,56.2,56.3,56.25,56.3,235.0,144.0,1517.0,2053.0,False,False
006208,2022-10-26 11:21:14.604641,-0.000888099467140302,-0.001776198934280493,-0.04999999999999716,-0.09999999999999432,56.2,56.3,56.25,56.3,235.0,144.0,1517.0,2053.0,False,False
006208,2022-10-26 11:21:14.604857,-0.000888099467140302,-0.001776198934280493,-0.04999999999999716,-0.09999999999999432,56.2,56.3,56.25,56.3,235.0,144.0,1517.0,2053.0,False,False
006208,2022-10-26 11:21:14.681622,-0.000888099467140302,-0.001776198934280493,-0.04999999999999716,-0.09999999999999432,56.2,56.3,56.25,56.3,235.0,144.0,1517.0,2053.0,False,False
006208,2022-10-26 11:21:14.843517,-0.000888099467140302,-0.001776198934280493,-0.04999999999999716,-0.09999999999999432,56.2,56.3,56.25,56.3,235.0,144.0,1517.0,2053.0,False,False
006208,2022-10-26 11:21:15.121199,-0.000888099467140302,-0.001776198934280493,-0.04999999999999716,-0.09999999999999432,56.2,56.3,56.25,56.3,235.0,76.0,1517.0,2053.0,False,False
006208,2022-10-26 11:21:15.121354,-0.000888099467140302,-0.001776198934280493,-0.04999999999999716,-0.09999999999999432,56.2,56.3,56.25,56.3,235.0,76.0,1517.0,2053.0,False,False
006208,2022-10-26 11:21:15.412428,-0.000888099467140302,-0.001776198934280493,-0.04999999999999716,-0.09999999999999432,56.2,56.3,56.25,56.3,235.0,76.0,1517.0,2053.0,False,False
006208,2022-10-26 11:21:15.412564,-0.000888099467140302,-0.001776198934280493,-0.04999999999999716,-0.09999999999999432,56.2,56.3,56.25,56.3,235.0,76.0,1517.0,2053.0,False,False
006208,2022-10-26 11:21:15.446269,-0.000888099467140302,-0.001776198934280493,-0.04999999999999716,-0.09999999999999432,56.2,56.3,56.25,56.3,235.0,76.0,1517.0,2053.0,False,False
006208,2022-10-26 11:21:16.446906,-0.000888099467140302,-0.000888099467140302,-0.04999999999999716,-0.04999999999999716,56.25,56.3,56.25,56.3,100.0,76.0,1517.0,2053.0,False,False
006208,2022-10-26 11:21:16.473497,-0.000888099467140302,-0.000888099467140302,-0.04999999999999716,-0.04999999999999716,56.25,56.3,56.25,56.3,100.0,76.0,1517.0,2053.0,False,False
006208,2022-10-26 11:21:16.626315,-0.000888099467140302,-0.000888099467140302,-0.04999999999999716,-0.04999999999999716,56.25,56.3,56.25,56.3,100.0,76.0,1517.0,2053.0,False,False
006208,2022-10-26 11:21:17.754738,-0.000888099467140302,-0.000888099467140302,-0.04999999999999716,-0.04999999999999716,56.25,56.3,56.25,56.3,100.0,76.0,1517.0,2053.0,True,True
006208,2022-10-26 11:21:18.437133,-0.000888099467140302,-0.000888099467140302,-0.04999999999999716,-0.04999999999999716,56.25,56.3,56.25,56.3,100.0,76.0,1517.0,2053.0,False,False
006208,2022-10-26 11:21:18.534864,-0.000888099467140302,-0.000888099467140302,-0.04999999999999716,-0.04999999999999716,56.25,56.3,56.25,56.3,100.0,76.0,1517.0,2053.0,False,False
006208,2022-10-26 11:21:18.600060,-0.000888099467140302,-0.000888099467140302,-0.04999999999999716,-0.04999999999999716,56.25,56.3,56.25,56.3,100.0,76.0,1517.0,2053.0,False,False
006208,2022-10-26 11:21:18.708628,-0.000888099467140302,-0.000888099467140302,-0.04999999999999716,-0.04999999999999716,56.25,56.3,56.25,56.3,100.0,76.0,1517.0,2053.0,False,False
006208,2022-10-26 11:21:18.812138,-0.000888099467140302,-0.000888099467140302,-0.04999999999999716,-0.04999999999999716,56.25,56.3,56.25,56.3,100.0,76.0,1517.0,2053.0,False,False
006208,2022-10-26 11:21:19.641258,-0.000888099467140302,-0.000888099467140302,-0.04999999999999716,-0.04999999999999716,56.25,56.3,56.25,56.3,100.0,76.0,1517.0,2053.0,False,False
006208,2022-10-26 11:21:19.673680,-0.000888099467140302,-0.001776198934280493,-0.04999999999999716,-0.09999999999999432,56.2,56.3,56.25,56.3,277.0,76.0,1517.0,2053.0,False,False
006208,2022-10-26 11:21:19.722973,-0.000888099467140302,-0.001776198934280493,-0.04999999999999716,-0.09999999999999432,56.2,56.3,56.25,56.3,277.0,76.0,1517.0,2053.0,False,False
006208,2022-10-26 11:21:19.859938,-0.000888099467140302,-0.001776198934280493,-0.04999999999999716,-0.09999999999999432,56.2,56.3,56.25,56.3,237.0,76.0,1517.0,2053.0,False,False
006208,2022-10-26 11:21:19.991338,-0.000888099467140302,-0.001776198934280493,-0.04999999999999716,-0.09999999999999432,56.2,56.3,56.25,56.3,237.0,76.0,1517.0,2053.0,False,False
006208,2022-10-26 11:21:20.463865,-0.000888099467140302,-0.001776198934280493,-0.04999999999999716,-0.09999999999999432,56.2,56.3,56.25,56.3,237.0,75.0,1517.0,2053.0,False,False
006208,2022-10-26 11:21:20.674399,-0.000888099467140302,-0.001776198934280493,-0.04999999999999716,-0.09999999999999432,56.2,56.3,56.25,56.3,237.0,75.0,1517.0,2053.0,False,False
006208,2022-10-26 11:21:21.300665,-0.000888099467140302,-0.001776198934280493,-0.04999999999999716,-0.09999999999999432,56.2,56.3,56.25,56.3,237.0,75.0,1517.0,2053.0,False,False
006208,2022-10-26 11:21:21.312335,-0.000888099467140302,-0.001776198934280493,-0.04999999999999716,-0.09999999999999432,56.2,56.3,56.25,56.3,237.0,75.0,1517.0,2053.0,False,False
006208,2022-10-26 11:21:21.535448,-0.000888099467140302,-0.001776198934280493,-0.04999999999999716,-0.09999999999999432,56.2,56.3,56.25,56.3,271.0,75.0,1517.0,2053.0,False,False
006208,2022-10-26 11:21:21.640191,-0.000888099467140302,-0.001776198934280493,-0.04999999999999716,-0.09999999999999432,56.2,56.3,56.25,56.3,271.0,75.0,1517.0,2053.0,False,False
006208,2022-10-26 11:21:21.781459,-0.000888099467140302,-0.001776198934280493,-0.04999999999999716,-0.09999999999999432,56.2,56.3,56.25,56.3,271.0,75.0,1517.0,2053.0,False,False
006208,2022-10-26 11:21:21.857538,-0.000888099467140302,-0.001776198934280493,-0.04999999999999716,-0.09999999999999432,56.2,56.3,56.25,56.3,271.0,75.0,1517.0,2053.0,False,False
006208,2022-10-26 11:21:21.962586,-0.000888099467140302,-0.001776198934280493,-0.04999999999999716,-0.09999999999999432,56.2,56.3,56.25,56.3,271.0,75.0,1517.0,2053.0,False,False
006208,2022-10-26 11:21:22.089820,-0.000888099467140302,-0.001776198934280493,-0.04999999999999716,-0.09999999999999432,56.2,56.3,56.25,56.3,211.0,75.0,1517.0,2053.0,False,False
006208,2022-10-26 11:21:24.114991,-0.000888099467140302,-0.001776198934280493,-0.04999999999999716,-0.09999999999999432,56.2,56.3,56.25,56.3,271.0,75.0,1517.0,2053.0,False,False
006208,2022-10-26 11:21:24.286782,-0.000888099467140302,-0.001776198934280493,-0.04999999999999716,-0.09999999999999432,56.2,56.3,56.25,56.3,211.0,75.0,1517.0,2053.0,False,False
006208,2022-10-26 11:21:24.633615,-0.000888099467140302,-0.001776198934280493,-0.04999999999999716,-0.09999999999999432,56.2,56.3,56.25,56.3,177.0,75.0,1517.0,2053.0,False,False
006208,2022-10-26 11:21:25.295066,-0.000888099467140302,-0.001776198934280493,-0.04999999999999716,-0.09999999999999432,56.2,56.3,56.25,56.3,237.0,75.0,1517.0,2053.0,False,False
006208,2022-10-26 11:21:26.584932,-0.000888099467140302,-0.001776198934280493,-0.04999999999999716,-0.09999999999999432,56.2,56.3,56.25,56.3,237.0,26.0,1517.0,2053.0,False,False
006208,2022-10-26 11:21:26.694736,-0.000888099467140302,-0.001776198934280493,-0.04999999999999716,-0.09999999999999432,56.2,56.3,56.25,56.3,177.0,26.0,1517.0,2053.0,False,False
006208,2022-10-26 11:21:26.771727,-0.000888099467140302,-0.001776198934280493,-0.04999999999999716,-0.09999999999999432,56.2,56.3,56.25,56.3,177.0,26.0,1517.0,2053.0,False,False
006208,2022-10-26 11:21:26.814551,-0.000888099467140302,-0.001776198934280493,-0.04999999999999716,-0.09999999999999432,56.2,56.3,56.25,56.3,177.0,26.0,1517.0,2053.0,False,False
006208,2022-10-26 11:21:27.084727,-0.000888099467140302,-0.001776198934280493,-0.04999999999999716,-0.09999999999999432,56.2,56.3,56.25,56.3,177.0,26.0,1517.0,2053.0,False,False
006208,2022-10-26 11:21:27.084915,-0.000888099467140302,-0.001776198934280493,-0.04999999999999716,-0.09999999999999432,56.2,56.3,56.25,56.3,177.0,26.0,1517.0,2053.0,False,False
006208,2022-10-26 11:21:27.208088,-0.000888099467140302,-0.001776198934280493,-0.04999999999999716,-0.09999999999999432,56.2,56.3,56.25,56.3,177.0,76.0,1517.0,2053.0,False,False
006208,2022-10-26 11:21:27.797153,-0.000888099467140302,-0.001776198934280493,-0.04999999999999716,-0.09999999999999432,56.2,56.3,56.25,56.3,177.0,76.0,1921.0,2053.0,True,True
006208,2022-10-26 11:21:28.097238,-0.000888099467140302,-0.001776198934280493,-0.04999999999999716,-0.09999999999999432,56.2,56.3,56.25,56.3,177.0,76.0,1921.0,2053.0,False,False
006208,2022-10-26 11:21:28.288926,-0.000888099467140302,-0.001776198934280493,-0.04999999999999716,-0.09999999999999432,56.2,56.3,56.25,56.3,177.0,76.0,1921.0,2053.0,False,False
006208,2022-10-26 11:21:28.289096,-0.000888099467140302,-0.001776198934280493,-0.04999999999999716,-0.09999999999999432,56.2,56.3,56.25,56.3,177.0,76.0,1921.0,2053.0,False,False
006208,2022-10-26 11:21:28.361734,-0.000888099467140302,-0.001776198934280493,-0.04999999999999716,-0.09999999999999432,56.2,56.3,56.25,56.3,177.0,76.0,1921.0,2053.0,False,False
006208,2022-10-26 11:21:28.501188,-0.000888099467140302,-0.001776198934280493,-0.04999999999999716,-0.09999999999999432,56.2,56.3,56.25,56.3,177.0,76.0,1921.0,2053.0,False,False
006208,2022-10-26 11:21:28.935110,-0.000888099467140302,-0.001776198934280493,-0.04999999999999716,-0.09999999999999432,56.2,56.3,56.25,56.3,177.0,76.0,1921.0,2053.0,False,False
006208,2022-10-26 11:21:28.935216,-0.000888099467140302,-0.001776198934280493,-0.04999999999999716,-0.09999999999999432,56.2,56.3,56.25,56.3,177.0,76.0,1921.0,2053.0,False,False
006208,2022-10-26 11:21:29.978789,-0.000888099467140302,-0.001776198934280493,-0.04999999999999716,-0.09999999999999432,56.2,56.3,56.25,56.3,177.0,76.0,1921.0,2053.0,False,False
006208,2022-10-26 11:21:29.991980,-0.000888099467140302,-0.001776198934280493,-0.04999999999999716,-0.09999999999999432,56.2,56.3,56.25,56.3,177.0,76.0,1921.0,2053.0,False,False
006208,2022-10-26 11:21:30.143636,-0.000888099467140302,-0.001776198934280493,-0.04999999999999716,-0.09999999999999432,56.2,56.3,56.25,56.3,177.0,76.0,1921.0,2053.0,False,False
006208,2022-10-26 11:21:30.688534,-0.000888099467140302,-0.001776198934280493,-0.04999999999999716,-0.09999999999999432,56.2,56.3,56.25,56.3,177.0,76.0,1921.0,2053.0,False,False
006208,2022-10-26 11:21:30.688704,-0.000888099467140302,-0.001776198934280493,-0.04999999999999716,-0.09999999999999432,56.2,56.3,56.25,56.3,177.0,76.0,1921.0,2053.0,False,False
006208,2022-10-26 11:21:32.441848,-0.000888099467140302,-0.001776198934280493,-0.04999999999999716,-0.09999999999999432,56.2,56.3,56.25,56.3,177.0,76.0,1921.0,2053.0,False,False
006208,2022-10-26 11:21:32.442090,-0.000888099467140302,-0.001776198934280493,-0.04999999999999716,-0.09999999999999432,56.2,56.3,56.25,56.3,177.0,151.0,1921.0,2053.0,False,False
006208,2022-10-26 11:21:35.634499,-0.000888099467140302,-0.001776198934280493,-0.04999999999999716,-0.09999999999999432,56.2,56.3,56.25,56.3,102.0,151.0,1921.0,2053.0,False,False
006208,2022-10-26 11:21:35.634609,-0.000888099467140302,-0.001776198934280493,-0.04999999999999716,-0.09999999999999432,56.2,56.3,56.25,56.3,102.0,151.0,1921.0,2053.0,False,False
006208,2022-10-26 11:21:37.018827,-0.000888099467140302,-0.001776198934280493,-0.04999999999999716,-0.09999999999999432,56.2,56.3,56.25,56.3,103.0,151.0,1921.0,2053.0,False,False
006208,2022-10-26 11:21:37.382709,-0.000888099467140302,-0.001776198934280493,-0.04999999999999716,-0.09999999999999432,56.2,56.3,56.25,56.3,103.0,151.0,1921.0,2053.0,False,False
006208,2022-10-26 11:21:37.471269,-0.000888099467140302,-0.001776198934280493,-0.04999999999999716,-0.09999999999999432,56.2,56.3,56.25,56.3,103.0,151.0,1921.0,2053.0,False,False
006208,2022-10-26 11:21:40.117347,-0.000888099467140302,-0.001776198934280493,-0.04999999999999716,-0.09999999999999432,56.2,56.3,56.25,56.3,103.0,151.0,1921.0,2053.0,False,False
006208,2022-10-26 11:21:40.125456,-0.000888099467140302,-0.001776198934280493,-0.04999999999999716,-0.09999999999999432,56.2,56.3,56.25,56.3,103.0,151.0,1921.0,2053.0,False,False
006208,2022-10-26 11:21:40.252641,-0.000888099467140302,-0.001776198934280493,-0.04999999999999716,-0.09999999999999432,56.2,56.3,56.25,56.3,103.0,151.0,1921.0,2053.0,False,False
006208,2022-10-26 11:21:40.474287,-0.000888099467140302,-0.001776198934280493,-0.04999999999999716,-0.09999999999999432,56.2,56.3,56.25,56.3,103.0,150.0,1921.0,2053.0,False,False
006208,2022-10-26 11:21:41.094477,-0.000888099467140302,-0.001776198934280493,-0.04999999999999716,-0.09999999999999432,56.2,56.3,56.25,56.3,103.0,150.0,1921.0,2053.0,False,False
006208,2022-10-26 11:21:41.116748,-0.000888099467140302,-0.001776198934280493,-0.04999999999999716,-0.09999999999999432,56.2,56.3,56.25,56.3,103.0,149.0,1921.0,2053.0,False,False
006208,2022-10-26 11:21:41.106220,-0.000888099467140302,-0.001776198934280493,-0.04999999999999716,-0.09999999999999432,56.2,56.3,56.25,56.3,103.0,150.0,1921.0,2053.0,False,False
006208,2022-10-26 11:21:41.641162,-0.000888099467140302,-0.001776198934280493,-0.04999999999999716,-0.09999999999999432,56.2,56.3,56.25,56.3,103.0,149.0,1921.0,2053.0,False,False
006208,2022-10-26 11:21:41.651715,-0.000888099467140302,-0.001776198934280493,-0.04999999999999716,-0.09999999999999432,56.2,56.3,56.25,56.3,103.0,149.0,1921.0,2053.0,False,False
006208,2022-10-26 11:21:47.895069,-0.000888099467140302,-0.001776198934280493,-0.04999999999999716,-0.09999999999999432,56.2,56.3,56.25,56.3,103.0,149.0,2045.0,2053.0,True,True
006208,2022-10-26 11:21:50.244759,-0.000888099467140302,-0.001776198934280493,-0.04999999999999716,-0.09999999999999432,56.2,56.3,56.25,56.3,103.0,149.0,2045.0,2053.0,False,False
006208,2022-10-26 11:21:50.247847,-0.000888099467140302,-0.001776198934280493,-0.04999999999999716,-0.09999999999999432,56.2,56.3,56.25,56.3,103.0,149.0,2045.0,2053.0,False,False
006208,2022-10-26 11:21:50.383207,-0.000888099467140302,-0.001776198934280493,-0.04999999999999716,-0.09999999999999432,56.2,56.3,56.25,56.3,103.0,149.0,2045.0,2053.0,False,False
006208,2022-10-26 11:21:50.494776,-0.000888099467140302,-0.001776198934280493,-0.04999999999999716,-0.09999999999999432,56.2,56.3,56.25,56.3,103.0,148.0,2045.0,2053.0,False,False
006208,2022-10-26 11:21:50.577322,-0.000888099467140302,-0.001776198934280493,-0.04999999999999716,-0.09999999999999432,56.2,56.3,56.25,56.3,103.0,127.0,2045.0,2053.0,False,False
006208,2022-10-26 11:21:50.701749,-0.000888099467140302,-0.001776198934280493,-0.04999999999999716,-0.09999999999999432,56.2,56.3,56.25,56.3,103.0,148.0,2045.0,2053.0,False,False
006208,2022-10-26 11:21:58.195331,-0.000888099467140302,-0.001776198934280493,-0.04999999999999716,-0.09999999999999432,56.2,56.3,56.25,56.3,103.0,148.0,2045.0,2053.0,False,False
006208,2022-10-26 11:21:58.195467,-0.000888099467140302,-0.001776198934280493,-0.04999999999999716,-0.09999999999999432,56.2,56.3,56.25,56.3,178.0,148.0,2045.0,2053.0,False,False
006208,2022-10-26 11:22:00.373011,-0.000888099467140302,-0.001776198934280493,-0.04999999999999716,-0.09999999999999432,56.2,56.3,56.25,56.3,178.0,148.0,2045.0,2053.0,False,False
006208,2022-10-26 11:22:00.383864,-0.000888099467140302,-0.001776198934280493,-0.04999999999999716,-0.09999999999999432,56.2,56.3,56.25,56.3,178.0,148.0,2045.0,2053.0,False,False
006208,2022-10-26 11:22:00.486408,-0.000888099467140302,-0.001776198934280493,-0.04999999999999716,-0.09999999999999432,56.2,56.3,56.25,56.3,178.0,147.0,2045.0,2053.0,False,False
006208,2022-10-26 11:22:00.507462,-0.000888099467140302,-0.001776198934280493,-0.04999999999999716,-0.09999999999999432,56.2,56.3,56.25,56.3,178.0,147.0,2045.0,2053.0,False,False
006208,2022-10-26 11:22:01.367215,-0.000888099467140302,-0.001776198934280493,-0.04999999999999716,-0.09999999999999432,56.2,56.3,56.25,56.3,178.0,147.0,2045.0,2053.0,False,False
006208,2022-10-26 11:22:01.388676,-0.000888099467140302,-0.001776198934280493,-0.04999999999999716,-0.09999999999999432,56.2,56.3,56.25,56.3,178.0,147.0,2045.0,2053.0,False,False
006208,2022-10-26 11:22:04.269024,-0.000888099467140302,-0.001776198934280493,-0.04999999999999716,-0.09999999999999432,56.2,56.3,56.25,56.3,178.0,147.0,2045.0,2053.0,False,False
006208,2022-10-26 11:22:04.279512,-0.000888099467140302,-0.001776198934280493,-0.04999999999999716,-0.09999999999999432,56.2,56.3,56.25,56.3,178.0,147.0,2045.0,2053.0,False,False
006208,2022-10-26 11:22:04.681258,-0.000888099467140302,-0.001776198934280493,-0.04999999999999716,-0.09999999999999432,56.2,56.3,56.25,56.3,178.0,147.0,2045.0,2053.0,False,False
006208,2022-10-26 11:22:04.786575,-0.000888099467140302,-0.001776198934280493,-0.04999999999999716,-0.09999999999999432,56.2,56.3,56.25,56.3,178.0,72.0,2045.0,2053.0,False,False
006208,2022-10-26 11:22:04.829909,-0.000888099467140302,-0.001776198934280493,-0.04999999999999716,-0.09999999999999432,56.2,56.3,56.25,56.3,177.0,72.0,2045.0,2053.0,False,False
006208,2022-10-26 11:22:05.788417,-0.000888099467140302,-0.001776198934280493,-0.04999999999999716,-0.09999999999999432,56.2,56.3,56.25,56.3,177.0,72.0,2045.0,2053.0,False,False
006208,2022-10-26 11:22:05.788541,-0.000888099467140302,-0.001776198934280493,-0.04999999999999716,-0.09999999999999432,56.2,56.3,56.25,56.3,177.0,72.0,2045.0,2053.0,False,False
006208,2022-10-26 11:22:07.169471,-0.000888099467140302,-0.001776198934280493,-0.04999999999999716,-0.09999999999999432,56.2,56.3,56.25,56.3,177.0,72.0,2045.0,2053.0,False,False
006208,2022-10-26 11:22:07.174321,-0.000888099467140302,-0.001776198934280493,-0.04999999999999716,-0.09999999999999432,56.2,56.3,56.25,56.3,177.0,72.0,2045.0,2053.0,False,True
006208,2022-10-26 11:22:08.364113,-0.000888099467140302,-0.001776198934280493,-0.04999999999999716,-0.09999999999999432,56.2,56.3,56.25,56.3,177.0,72.0,2045.0,2053.0,False,False
006208,2022-10-26 11:22:08.729189,-0.000888099467140302,-0.001776198934280493,-0.04999999999999716,-0.09999999999999432,56.2,56.3,56.25,56.3,177.0,72.0,2045.0,2053.0,False,False
006208,2022-10-26 11:22:08.729586,-0.000888099467140302,-0.001776198934280493,-0.04999999999999716,-0.09999999999999432,56.2,56.3,56.25,56.3,177.0,72.0,2045.0,2053.0,False,False
006208,2022-10-26 11:22:10.504929,-0.000888099467140302,-0.001776198934280493,-0.04999999999999716,-0.09999999999999432,56.2,56.3,56.25,56.3,177.0,71.0,2045.0,2053.0,False,False
006208,2022-10-26 11:22:10.510638,-0.000888099467140302,-0.001776198934280493,-0.04999999999999716,-0.09999999999999432,56.2,56.3,56.25,56.3,177.0,71.0,2045.0,2053.0,False,False
006208,2022-10-26 11:22:10.514103,-0.000888099467140302,-0.001776198934280493,-0.04999999999999716,-0.09999999999999432,56.2,56.3,56.25,56.3,177.0,71.0,2045.0,2053.0,False,False
006208,2022-10-26 11:22:10.661026,-0.000888099467140302,-0.001776198934280493,-0.04999999999999716,-0.09999999999999432,56.2,56.3,56.25,56.3,177.0,71.0,2045.0,2053.0,False,False
006208,2022-10-26 11:22:15.155736,-0.000888099467140302,-0.001776198934280493,-0.04999999999999716,-0.09999999999999432,56.2,56.3,56.25,56.3,177.0,70.0,2045.0,2053.0,False,False
006208,2022-10-26 11:22:17.213513,-0.000888099467140302,-0.001776198934280493,-0.04999999999999716,-0.09999999999999432,56.2,56.3,56.25,56.3,177.0,70.0,2030.0,2003.0,True,True
006208,2022-10-26 11:22:17.808723,-0.000888099467140302,-0.001776198934280493,-0.04999999999999716,-0.09999999999999432,56.2,56.3,56.25,56.3,177.0,70.0,2030.0,2003.0,False,False
006208,2022-10-26 11:22:17.808859,-0.000888099467140302,-0.001776198934280493,-0.04999999999999716,-0.09999999999999432,56.2,56.3,56.25,56.3,177.0,70.0,2030.0,2003.0,False,False
006208,2022-10-26 11:22:19.215444,-0.000888099467140302,-0.001776198934280493,-0.04999999999999716,-0.09999999999999432,56.2,56.3,56.25,56.3,177.0,70.0,2030.0,2003.0,False,False
006208,2022-10-26 11:22:20.319093,-0.000888099467140302,-0.001776198934280493,-0.04999999999999716,-0.09999999999999432,56.2,56.3,56.25,56.3,237.0,70.0,2030.0,2003.0,False,False
006208,2022-10-26 11:22:20.509849,-0.000888099467140302,-0.001776198934280493,-0.04999999999999716,-0.09999999999999432,56.2,56.3,56.25,56.3,237.0,70.0,2030.0,2003.0,False,False
006208,2022-10-26 11:22:20.510196,-0.000888099467140302,-0.001776198934280493,-0.04999999999999716,-0.09999999999999432,56.2,56.3,56.25,56.3,237.0,69.0,2030.0,2003.0,False,False
006208,2022-10-26 11:22:20.572326,-0.000888099467140302,-0.001776198934280493,-0.04999999999999716,-0.09999999999999432,56.2,56.3,56.25,56.3,237.0,69.0,2030.0,2003.0,False,False
006208,2022-10-26 11:22:20.648852,-0.000888099467140302,-0.001776198934280493,-0.04999999999999716,-0.09999999999999432,56.2,56.3,56.25,56.3,237.0,69.0,2030.0,2003.0,False,False
006208,2022-10-26 11:22:20.786474,-0.000888099467140302,-0.001776198934280493,-0.04999999999999716,-0.09999999999999432,56.2,56.3,56.25,56.3,177.0,69.0,2030.0,2003.0,False,False
006208,2022-10-26 11:22:20.962252,-0.000888099467140302,-0.001776198934280493,-0.04999999999999716,-0.09999999999999432,56.2,56.3,56.25,56.3,177.0,69.0,2030.0,2003.0,False,False
006208,2022-10-26 11:22:21.033190,-0.000888099467140302,-0.001776198934280493,-0.04999999999999716,-0.09999999999999432,56.2,56.3,56.25,56.3,177.0,69.0,2030.0,2003.0,False,False
006208,2022-10-26 11:22:25.432396,-0.000888099467140302,-0.001776198934280493,-0.04999999999999716,-0.09999999999999432,56.2,56.3,56.25,56.3,177.0,69.0,2030.0,2003.0,False,False
006208,2022-10-26 11:22:27.253616,-0.000888099467140302,-0.001776198934280493,-0.04999999999999716,-0.09999999999999432,56.2,56.3,56.25,56.3,177.0,69.0,2030.0,2003.0,True,True
006208,2022-10-26 11:22:27.437821,-0.000888099467140302,-0.001776198934280493,-0.04999999999999716,-0.09999999999999432,56.2,56.3,56.25,56.3,237.0,69.0,2030.0,2003.0,False,False
006208,2022-10-26 11:22:27.990399,-0.000888099467140302,-0.001776198934280493,-0.04999999999999716,-0.09999999999999432,56.2,56.3,56.25,56.3,237.0,21.0,2030.0,2003.0,False,False
006208,2022-10-26 11:22:28.080167,-0.000888099467140302,-0.001776198934280493,-0.04999999999999716,-0.09999999999999432,56.2,56.3,56.25,56.3,177.0,21.0,2030.0,2003.0,False,False
006208,2022-10-26 11:22:28.616059,-0.000888099467140302,-0.001776198934280493,-0.04999999999999716,-0.09999999999999432,56.2,56.3,56.25,56.3,177.0,71.0,2030.0,2003.0,False,False
006208,2022-10-26 11:22:29.069752,-0.000888099467140302,-0.001776198934280493,-0.04999999999999716,-0.09999999999999432,56.2,56.3,56.25,56.3,177.0,71.0,2030.0,2003.0,False,False
006208,2022-10-26 11:22:29.069828,-0.000888099467140302,-0.001776198934280493,-0.04999999999999716,-0.09999999999999432,56.2,56.3,56.25,56.3,177.0,71.0,2030.0,2003.0,False,False
006208,2022-10-26 11:22:29.709518,-0.000888099467140302,-0.001776198934280493,-0.04999999999999716,-0.09999999999999432,56.2,56.3,56.25,56.3,177.0,71.0,2030.0,2003.0,False,False
006208,2022-10-26 11:22:29.709562,-0.000888099467140302,-0.001776198934280493,-0.04999999999999716,-0.09999999999999432,56.2,56.3,56.25,56.3,177.0,71.0,2030.0,2003.0,False,False
006208,2022-10-26 11:22:30.192207,-0.000888099467140302,-0.001776198934280493,-0.04999999999999716,-0.09999999999999432,56.2,56.3,56.25,56.3,177.0,71.0,2030.0,2003.0,False,False
006208,2022-10-26 11:22:30.192377,-0.000888099467140302,-0.001776198934280493,-0.04999999999999716,-0.09999999999999432,56.2,56.3,56.25,56.3,177.0,71.0,2030.0,2003.0,False,False
006208,2022-10-26 11:22:30.211050,-0.000888099467140302,-0.001776198934280493,-0.04999999999999716,-0.09999999999999432,56.2,56.3,56.25,56.3,177.0,71.0,2030.0,2003.0,False,False
006208,2022-10-26 11:22:30.774536,-0.000888099467140302,-0.001776198934280493,-0.04999999999999716,-0.09999999999999432,56.2,56.3,56.25,56.3,177.0,71.0,2030.0,2003.0,False,False
006208,2022-10-26 11:22:30.777479,-0.000888099467140302,-0.001776198934280493,-0.04999999999999716,-0.09999999999999432,56.2,56.3,56.25,56.3,177.0,71.0,2030.0,2003.0,False,False
006208,2022-10-26 11:22:30.907734,-0.000888099467140302,-0.001776198934280493,-0.04999999999999716,-0.09999999999999432,56.2,56.3,56.25,56.3,177.0,71.0,2030.0,2003.0,False,False
006208,2022-10-26 11:22:31.075011,-0.000888099467140302,-0.001776198934280493,-0.04999999999999716,-0.09999999999999432,56.2,56.3,56.25,56.3,177.0,71.0,2030.0,2003.0,False,False
006208,2022-10-26 11:22:31.178712,-0.000888099467140302,-0.001776198934280493,-0.04999999999999716,-0.09999999999999432,56.2,56.3,56.25,56.3,177.0,71.0,2030.0,2003.0,False,False
006208,2022-10-26 11:22:32.502373,-0.000888099467140302,-0.001776198934280493,-0.04999999999999716,-0.09999999999999432,56.2,56.3,56.25,56.3,237.0,71.0,2030.0,2003.0,False,False
006208,2022-10-26 11:22:32.524292,-0.000888099467140302,-0.001776198934280493,-0.04999999999999716,-0.09999999999999432,56.2,56.3,56.25,56.3,237.0,71.0,2030.0,2003.0,False,False
006208,2022-10-26 11:22:33.199483,-0.000888099467140302,-0.001776198934280493,-0.04999999999999716,-0.09999999999999432,56.2,56.3,56.25,56.3,237.0,71.0,2030.0,2003.0,False,False
006208,2022-10-26 11:22:33.199800,-0.000888099467140302,-0.001776198934280493,-0.04999999999999716,-0.09999999999999432,56.2,56.3,56.25,56.3,237.0,71.0,2030.0,2003.0,False,False
006208,2022-10-26 11:22:33.268069,-0.000888099467140302,-0.001776198934280493,-0.04999999999999716,-0.09999999999999432,56.2,56.3,56.25,56.3,237.0,71.0,2030.0,2003.0,False,False
006208,2022-10-26 11:22:33.525496,-0.000888099467140302,-0.000888099467140302,-0.04999999999999716,-0.04999999999999716,56.25,56.3,56.25,56.3,100.0,71.0,2030.0,2003.0,False,False
006208,2022-10-26 11:22:33.554782,-0.000888099467140302,-0.000888099467140302,-0.04999999999999716,-0.04999999999999716,56.25,56.3,56.25,56.3,100.0,71.0,2030.0,2003.0,False,False
006208,2022-10-26 11:22:33.856372,-0.000888099467140302,-0.000888099467140302,-0.04999999999999716,-0.04999999999999716,56.25,56.3,56.25,56.3,100.0,71.0,2030.0,2003.0,False,False
006208,2022-10-26 11:22:33.918964,-0.000888099467140302,-0.000888099467140302,-0.04999999999999716,-0.04999999999999716,56.25,56.3,56.25,56.3,100.0,71.0,2030.0,2003.0,False,False
006208,2022-10-26 11:22:33.990419,-0.000888099467140302,-0.000888099467140302,-0.04999999999999716,-0.04999999999999716,56.25,56.3,56.25,56.3,100.0,71.0,2030.0,2003.0,False,False
006208,2022-10-26 11:22:35.116647,-0.000888099467140302,-0.000888099467140302,-0.04999999999999716,-0.04999999999999716,56.25,56.3,56.25,56.3,100.0,71.0,2030.0,2003.0,False,False
006208,2022-10-26 11:22:35.162985,-0.000888099467140302,-0.001776198934280493,-0.04999999999999716,-0.09999999999999432,56.2,56.3,56.25,56.3,277.0,71.0,2030.0,2003.0,False,False
006208,2022-10-26 11:22:35.260833,-0.000888099467140302,-0.001776198934280493,-0.04999999999999716,-0.09999999999999432,56.2,56.3,56.25,56.3,237.0,71.0,2030.0,2003.0,False,False
006208,2022-10-26 11:22:35.389583,-0.000888099467140302,-0.001776198934280493,-0.04999999999999716,-0.09999999999999432,56.2,56.3,56.25,56.3,237.0,71.0,2030.0,2003.0,False,False
006208,2022-10-26 11:22:35.415458,-0.000888099467140302,-0.001776198934280493,-0.04999999999999716,-0.09999999999999432,56.2,56.3,56.25,56.3,237.0,71.0,2030.0,2003.0,False,False
006208,2022-10-26 11:22:35.514247,-0.000888099467140302,-0.001776198934280493,-0.04999999999999716,-0.09999999999999432,56.2,56.3,56.25,56.3,237.0,71.0,2030.0,2003.0,False,False
006208,2022-10-26 11:22:35.871827,-0.000888099467140302,-0.001776198934280493,-0.04999999999999716,-0.09999999999999432,56.2,56.3,56.25,56.3,177.0,71.0,2030.0,2003.0,False,False
006208,2022-10-26 11:22:36.135192,-0.000888099467140302,-0.000888099467140302,-0.04999999999999716,-0.04999999999999716,56.25,56.3,56.25,56.3,100.0,71.0,2030.0,2003.0,False,False
006208,2022-10-26 11:22:36.176647,-0.000888099467140302,-0.000888099467140302,-0.04999999999999716,-0.04999999999999716,56.25,56.3,56.25,56.3,100.0,71.0,2030.0,2003.0,False,False
006208,2022-10-26 11:22:36.325830,-0.000888099467140302,-0.000888099467140302,-0.04999999999999716,-0.04999999999999716,56.25,56.3,56.25,56.3,100.0,71.0,2030.0,2003.0,False,False
006208,2022-10-26 11:22:36.426230,-0.000888099467140302,-0.000888099467140302,-0.04999999999999716,-0.04999999999999716,56.25,56.3,56.25,56.3,100.0,71.0,2030.0,2003.0,False,False
006208,2022-10-26 11:22:36.527317,-0.000888099467140302,-0.000888099467140302,-0.04999999999999716,-0.04999999999999716,56.25,56.3,56.25,56.3,100.0,71.0,2030.0,2003.0,False,False
006208,2022-10-26 11:22:37.300953,-0.000888099467140302,-0.000888099467140302,-0.04999999999999716,-0.04999999999999716,56.25,56.3,56.25,56.3,100.0,71.0,2080.0,2503.0,True,True
006208,2022-10-26 11:22:37.759068,-0.000888099467140302,-0.000888099467140302,-0.04999999999999716,-0.04999999999999716,56.25,56.3,56.25,56.3,100.0,71.0,2080.0,2503.0,False,False
006208,2022-10-26 11:22:37.833587,-0.000888099467140302,-0.001776198934280493,-0.04999999999999716,-0.09999999999999432,56.2,56.3,56.25,56.3,217.0,101.0,2080.0,2503.0,False,False
006208,2022-10-26 11:22:37.930758,-0.000888099467140302,-0.001776198934280493,-0.04999999999999716,-0.09999999999999432,56.2,56.3,56.25,56.3,177.0,101.0,2080.0,2503.0,False,False
006208,2022-10-26 11:22:38.063175,-0.000888099467140302,-0.001776198934280493,-0.04999999999999716,-0.09999999999999432,56.2,56.3,56.25,56.3,177.0,101.0,2080.0,2503.0,False,False
006208,2022-10-26 11:22:38.123164,-0.000888099467140302,-0.001776198934280493,-0.04999999999999716,-0.09999999999999432,56.2,56.3,56.25,56.3,177.0,101.0,2080.0,2503.0,False,False
006208,2022-10-26 11:22:38.252624,-0.000888099467140302,-0.001776198934280493,-0.04999999999999716,-0.09999999999999432,56.2,56.3,56.25,56.3,177.0,101.0,2080.0,2503.0,False,False
006208,2022-10-26 11:22:38.397912,-0.000888099467140302,-0.001776198934280493,-0.04999999999999716,-0.09999999999999432,56.2,56.3,56.25,56.3,177.0,101.0,2080.0,2503.0,False,False
006208,2022-10-26 11:22:38.583546,-0.000888099467140302,-0.001776198934280493,-0.04999999999999716,-0.09999999999999432,56.2,56.3,56.25,56.3,177.0,101.0,2080.0,2503.0,False,False
006208,2022-10-26 11:22:38.654638,-0.000888099467140302,-0.001776198934280493,-0.04999999999999716,-0.09999999999999432,56.2,56.3,56.25,56.3,177.0,101.0,2080.0,2503.0,False,False
006208,2022-10-26 11:22:38.788765,-0.000888099467140302,-0.001776198934280493,-0.04999999999999716,-0.09999999999999432,56.2,56.3,56.25,56.3,177.0,101.0,2080.0,2503.0,False,False
006208,2022-10-26 11:22:40.520312,-0.000888099467140302,-0.001776198934280493,-0.04999999999999716,-0.09999999999999432,56.2,56.3,56.25,56.3,177.0,100.0,2080.0,2503.0,False,False
006208,2022-10-26 11:22:40.602847,-0.000888099467140302,-0.001776198934280493,-0.04999999999999716,-0.09999999999999432,56.2,56.3,56.25,56.3,177.0,80.0,2080.0,2503.0,False,False
006208,2022-10-26 11:22:40.727440,-0.000888099467140302,-0.001776198934280493,-0.04999999999999716,-0.09999999999999432,56.2,56.3,56.25,56.3,177.0,100.0,2080.0,2503.0,False,False
006208,2022-10-26 11:22:41.833750,-0.000888099467140302,-0.001776198934280493,-0.04999999999999716,-0.09999999999999432,56.2,56.3,56.25,56.3,177.0,100.0,2080.0,2503.0,False,False
006208,2022-10-26 11:22:41.844369,-0.000888099467140302,-0.001776198934280493,-0.04999999999999716,-0.09999999999999432,56.2,56.3,56.25,56.3,177.0,100.0,2080.0,2503.0,False,False
006208,2022-10-26 11:22:41.909653,-0.000888099467140302,-0.001776198934280493,-0.04999999999999716,-0.09999999999999432,56.2,56.3,56.25,56.3,177.0,100.0,2080.0,2503.0,False,False
006208,2022-10-26 11:22:47.338102,-0.000888099467140302,-0.001776198934280493,-0.04999999999999716,-0.09999999999999432,56.2,56.3,56.25,56.3,177.0,100.0,2080.0,1615.0,True,True
006208,2022-10-26 11:22:48.059785,-0.000888099467140302,-0.001776198934280493,-0.04999999999999716,-0.09999999999999432,56.2,56.3,56.25,56.3,177.0,100.0,2080.0,1615.0,False,False
006208,2022-10-26 11:22:48.063003,-0.000888099467140302,-0.001776198934280493,-0.04999999999999716,-0.09999999999999432,56.2,56.3,56.25,56.3,177.0,100.0,2080.0,1615.0,False,False
006208,2022-10-26 11:22:48.171644,-0.000888099467140302,-0.001776198934280493,-0.04999999999999716,-0.09999999999999432,56.2,56.3,56.25,56.3,177.0,99.0,2080.0,1615.0,False,False
006208,2022-10-26 11:22:48.199074,-0.000888099467140302,-0.001776198934280493,-0.04999999999999716,-0.09999999999999432,56.2,56.3,56.25,56.3,177.0,99.0,2080.0,1615.0,False,False
006208,2022-10-26 11:22:50.509858,-0.000888099467140302,-0.001776198934280493,-0.04999999999999716,-0.09999999999999432,56.2,56.3,56.25,56.3,177.0,98.0,2080.0,1615.0,False,False
006208,2022-10-26 11:22:50.549891,-0.000888099467140302,-0.001776198934280493,-0.04999999999999716,-0.09999999999999432,56.2,56.3,56.25,56.3,177.0,98.0,2080.0,1615.0,False,False
006208,2022-10-26 11:22:50.549897,-0.000888099467140302,-0.001776198934280493,-0.04999999999999716,-0.09999999999999432,56.2,56.3,56.25,56.3,177.0,98.0,2080.0,1615.0,False,False
006208,2022-10-26 11:22:50.674276,-0.000888099467140302,-0.001776198934280493,-0.04999999999999716,-0.09999999999999432,56.2,56.3,56.25,56.3,237.0,98.0,2080.0,1615.0,False,False
006208,2022-10-26 11:22:50.893287,-0.000888099467140302,-0.001776198934280493,-0.04999999999999716,-0.09999999999999432,56.2,56.3,56.25,56.3,237.0,98.0,2080.0,1615.0,False,False
006208,2022-10-26 11:22:51.894334,-0.000888099467140302,-0.000888099467140302,-0.04999999999999716,-0.04999999999999716,56.25,56.3,56.25,56.3,100.0,98.0,2080.0,1615.0,False,False
006208,2022-10-26 11:22:51.922654,-0.000888099467140302,-0.000888099467140302,-0.04999999999999716,-0.04999999999999716,56.25,56.3,56.25,56.3,100.0,98.0,2080.0,1615.0,False,False
006208,2022-10-26 11:22:52.184695,-0.000888099467140302,-0.000888099467140302,-0.04999999999999716,-0.04999999999999716,56.25,56.3,56.25,56.3,100.0,98.0,2080.0,1615.0,False,False
006208,2022-10-26 11:22:52.566178,-0.000888099467140302,-0.000888099467140302,-0.04999999999999716,-0.04999999999999716,56.25,56.3,56.25,56.3,100.0,98.0,2080.0,1615.0,False,False
006208,2022-10-26 11:22:52.579413,-0.000888099467140302,-0.000888099467140302,-0.04999999999999716,-0.04999999999999716,56.25,56.3,56.25,56.3,100.0,98.0,2080.0,1615.0,False,False
006208,2022-10-26 11:22:53.175374,-0.000888099467140302,-0.000888099467140302,-0.04999999999999716,-0.04999999999999716,56.25,56.3,56.25,56.3,100.0,98.0,2080.0,1615.0,False,False
006208,2022-10-26 11:22:53.418390,-0.000888099467140302,-0.000888099467140302,-0.04999999999999716,-0.04999999999999716,56.25,56.3,56.25,56.3,100.0,98.0,2080.0,1615.0,False,False
006208,2022-10-26 11:22:53.426068,-0.000888099467140302,-0.000888099467140302,-0.04999999999999716,-0.04999999999999716,56.25,56.3,56.25,56.3,100.0,98.0,2080.0,1615.0,False,False
006208,2022-10-26 11:22:57.894849,-0.000888099467140302,-0.000888099467140302,-0.04999999999999716,-0.04999999999999716,56.25,56.3,56.25,56.3,100.0,98.0,2080.0,1615.0,False,False
006208,2022-10-26 11:22:57.909986,-0.000888099467140302,-0.000888099467140302,-0.04999999999999716,-0.04999999999999716,56.25,56.3,56.25,56.3,100.0,98.0,2080.0,1615.0,False,False
006208,2022-10-26 11:22:58.029393,-0.000888099467140302,-0.000888099467140302,-0.04999999999999716,-0.04999999999999716,56.25,56.3,56.25,56.3,100.0,98.0,2080.0,1615.0,False,False
006208,2022-10-26 11:22:58.564812,-0.000888099467140302,-0.000888099467140302,-0.04999999999999716,-0.04999999999999716,56.25,56.3,56.25,56.3,100.0,98.0,2080.0,1615.0,False,False
006208,2022-10-26 11:22:58.867415,-0.000888099467140302,-0.000888099467140302,-0.04999999999999716,-0.04999999999999716,56.25,56.3,56.25,56.3,100.0,50.0,2080.0,1615.0,False,False
006208,2022-10-26 11:22:59.505196,-0.000888099467140302,-0.000888099467140302,-0.04999999999999716,-0.04999999999999716,56.25,56.3,56.25,56.3,100.0,100.0,2080.0,1615.0,False,False
006208,2022-10-26 11:23:00.561568,-0.000888099467140302,-0.000888099467140302,-0.04999999999999716,-0.04999999999999716,56.25,56.3,56.25,56.3,100.0,99.0,2080.0,1615.0,False,False
006208,2022-10-26 11:23:02.190219,-0.000888099467140302,-0.000888099467140302,-0.04999999999999716,-0.04999999999999716,56.25,56.3,56.25,56.3,100.0,99.0,2080.0,1615.0,False,False
006208,2022-10-26 11:23:02.192904,-0.000888099467140302,-0.000888099467140302,-0.04999999999999716,-0.04999999999999716,56.25,56.3,56.25,56.3,100.0,99.0,2080.0,1615.0,False,False
006208,2022-10-26 11:23:02.326665,-0.000888099467140302,-0.000888099467140302,-0.04999999999999716,-0.04999999999999716,56.25,56.3,56.25,56.3,100.0,99.0,2080.0,1615.0,False,False
006208,2022-10-26 11:23:04.705838,-0.000888099467140302,-0.000888099467140302,-0.04999999999999716,-0.04999999999999716,56.25,56.3,56.25,56.3,100.0,99.0,2080.0,1615.0,False,False
006208,2022-10-26 11:23:07.416286,-0.000888099467140302,-0.000888099467140302,-0.04999999999999716,-0.04999999999999716,56.25,56.3,56.25,56.3,100.0,99.0,2100.0,1615.0,True,True
006208,2022-10-26 11:23:07.892761,-0.000888099467140302,-0.000888099467140302,-0.04999999999999716,-0.04999999999999716,56.25,56.3,56.25,56.3,175.0,99.0,2100.0,1615.0,False,False
006208,2022-10-26 11:23:09.677261,-0.000888099467140302,-0.000888099467140302,-0.04999999999999716,-0.04999999999999716,56.25,56.3,56.25,56.3,175.0,99.0,2100.0,1615.0,False,False
006208,2022-10-26 11:23:09.689705,-0.000888099467140302,-0.000888099467140302,-0.04999999999999716,-0.04999999999999716,56.25,56.3,56.25,56.3,175.0,99.0,2100.0,1615.0,False,False
006208,2022-10-26 11:23:10.519849,-0.000888099467140302,-0.000888099467140302,-0.04999999999999716,-0.04999999999999716,56.25,56.3,56.25,56.3,175.0,98.0,2100.0,1615.0,False,False
006208,2022-10-26 11:23:12.316652,-0.000888099467140302,-0.000888099467140302,-0.04999999999999716,-0.04999999999999716,56.25,56.3,56.25,56.3,175.0,98.0,2100.0,1615.0,False,False
006208,2022-10-26 11:23:12.319627,-0.000888099467140302,-0.000888099467140302,-0.04999999999999716,-0.04999999999999716,56.25,56.3,56.25,56.3,175.0,98.0,2100.0,1615.0,False,False
006208,2022-10-26 11:23:12.451208,-0.000888099467140302,-0.000888099467140302,-0.04999999999999716,-0.04999999999999716,56.25,56.3,56.25,56.3,175.0,98.0,2100.0,1615.0,False,False
006208,2022-10-26 11:23:13.925099,-0.000888099467140302,-0.000888099467140302,-0.04999999999999716,-0.04999999999999716,56.25,56.3,56.25,56.3,100.0,98.0,2100.0,1615.0,False,False
006208,2022-10-26 11:23:13.925527,-0.000888099467140302,-0.000888099467140302,-0.04999999999999716,-0.04999999999999716,56.25,56.3,56.25,56.3,100.0,98.0,2100.0,1615.0,False,False
006208,2022-10-26 11:23:13.999636,-0.000888099467140302,-0.000888099467140302,-0.04999999999999716,-0.04999999999999716,56.25,56.3,56.25,56.3,100.0,98.0,2100.0,1615.0,False,False
006208,2022-10-26 11:23:16.761006,-0.000888099467140302,-0.000888099467140302,-0.04999999999999716,-0.04999999999999716,56.25,56.3,56.25,56.3,100.0,97.0,2100.0,1615.0,False,False
006208,2022-10-26 11:23:16.785909,-0.000888099467140302,-0.001776198934280493,-0.04999999999999716,-0.09999999999999432,56.2,56.3,56.25,56.3,311.0,97.0,2100.0,1615.0,False,False
006208,2022-10-26 11:23:16.821530,-0.000888099467140302,-0.001776198934280493,-0.04999999999999716,-0.09999999999999432,56.2,56.3,56.25,56.3,311.0,97.0,2100.0,1615.0,False,False
006208,2022-10-26 11:23:16.975999,-0.000888099467140302,-0.001776198934280493,-0.04999999999999716,-0.09999999999999432,56.2,56.3,56.25,56.3,271.0,97.0,2100.0,1615.0,False,False
006208,2022-10-26 11:23:17.088522,-0.000888099467140302,-0.001776198934280493,-0.04999999999999716,-0.09999999999999432,56.2,56.3,56.25,56.3,271.0,97.0,2100.0,1615.0,False,False
006208,2022-10-26 11:23:17.455417,-0.000888099467140302,-0.001776198934280493,-0.04999999999999716,-0.09999999999999432,56.2,56.3,56.25,56.3,271.0,97.0,2200.0,1615.0,True,True
006208,2022-10-26 11:23:17.786760,-0.000888099467140302,-0.001776198934280493,-0.04999999999999716,-0.09999999999999432,56.2,56.3,56.25,56.3,271.0,97.0,2200.0,1615.0,False,False
006208,2022-10-26 11:23:18.681811,-0.000888099467140302,-0.001776198934280493,-0.04999999999999716,-0.09999999999999432,56.2,56.3,56.25,56.3,237.0,97.0,2200.0,1615.0,False,False
006208,2022-10-26 11:23:18.695371,-0.000888099467140302,-0.001776198934280493,-0.04999999999999716,-0.09999999999999432,56.2,56.3,56.25,56.3,237.0,97.0,2200.0,1615.0,False,False
006208,2022-10-26 11:23:19.348974,-0.000888099467140302,-0.001776198934280493,-0.04999999999999716,-0.09999999999999432,56.2,56.3,56.25,56.3,237.0,97.0,2200.0,1615.0,False,False
006208,2022-10-26 11:23:19.358410,-0.000888099467140302,-0.001776198934280493,-0.04999999999999716,-0.09999999999999432,56.2,56.3,56.25,56.3,237.0,97.0,2200.0,1615.0,False,False
006208,2022-10-26 11:23:19.464146,-0.000888099467140302,-0.001776198934280493,-0.04999999999999716,-0.09999999999999432,56.2,56.3,56.25,56.3,237.0,97.0,2200.0,1615.0,False,False
006208,2022-10-26 11:23:19.598644,-0.000888099467140302,-0.001776198934280493,-0.04999999999999716,-0.09999999999999432,56.2,56.3,56.25,56.3,237.0,97.0,2200.0,1615.0,False,False
006208,2022-10-26 11:23:19.612519,-0.000888099467140302,-0.001776198934280493,-0.04999999999999716,-0.09999999999999432,56.2,56.3,56.25,56.3,237.0,97.0,2200.0,1615.0,False,False
006208,2022-10-26 11:23:19.860696,-0.000888099467140302,-0.001776198934280493,-0.04999999999999716,-0.09999999999999432,56.2,56.3,56.25,56.3,237.0,97.0,2200.0,1615.0,False,False
006208,2022-10-26 11:23:19.870945,-0.000888099467140302,-0.001776198934280493,-0.04999999999999716,-0.09999999999999432,56.2,56.3,56.25,56.3,237.0,97.0,2200.0,1615.0,False,False
006208,2022-10-26 11:23:20.076251,-0.000888099467140302,-0.001776198934280493,-0.04999999999999716,-0.09999999999999432,56.2,56.3,56.25,56.3,237.0,97.0,2200.0,1615.0,False,False
006208,2022-10-26 11:23:20.555987,-0.000888099467140302,-0.001776198934280493,-0.04999999999999716,-0.09999999999999432,56.2,56.3,56.25,56.3,237.0,96.0,2200.0,1615.0,False,False
006208,2022-10-26 11:23:22.209487,-0.000888099467140302,-0.001776198934280493,-0.04999999999999716,-0.09999999999999432,56.2,56.3,56.25,56.3,237.0,70.0,2200.0,1615.0,False,False
006208,2022-10-26 11:23:22.220910,-0.000888099467140302,-0.001776198934280493,-0.04999999999999716,-0.09999999999999432,56.2,56.3,56.25,56.3,237.0,70.0,2200.0,1615.0,False,False
006208,2022-10-26 11:23:23.489245,-0.000888099467140302,-0.001776198934280493,-0.04999999999999716,-0.09999999999999432,56.2,56.3,56.25,56.3,177.0,70.0,2200.0,1615.0,False,False
006208,2022-10-26 11:23:25.080238,-0.000888099467140302,-0.001776198934280493,-0.04999999999999716,-0.09999999999999432,56.2,56.3,56.25,56.3,237.0,70.0,2200.0,1615.0,False,False
006208,2022-10-26 11:23:25.205467,-0.000888099467140302,-0.001776198934280493,-0.04999999999999716,-0.09999999999999432,56.2,56.3,56.25,56.3,237.0,70.0,2200.0,1615.0,False,False
006208,2022-10-26 11:23:25.416100,-0.000888099467140302,-0.001776198934280493,-0.04999999999999716,-0.09999999999999432,56.2,56.3,56.25,56.3,237.0,70.0,2200.0,1615.0,False,False
006208,2022-10-26 11:23:25.474497,-0.000888099467140302,-0.001776198934280493,-0.04999999999999716,-0.09999999999999432,56.2,56.3,56.25,56.3,177.0,100.0,2200.0,1615.0,False,False
006208,2022-10-26 11:23:25.595058,-0.000888099467140302,-0.001776198934280493,-0.04999999999999716,-0.09999999999999432,56.2,56.3,56.25,56.3,177.0,100.0,2200.0,1615.0,False,False
006208,2022-10-26 11:23:27.086257,-0.000888099467140302,-0.001776198934280493,-0.04999999999999716,-0.09999999999999432,56.2,56.3,56.25,56.3,177.0,100.0,2200.0,1615.0,False,False
006208,2022-10-26 11:23:27.091517,-0.000888099467140302,-0.001776198934280493,-0.04999999999999716,-0.09999999999999432,56.2,56.3,56.25,56.3,177.0,100.0,2200.0,1615.0,False,False
006208,2022-10-26 11:23:27.227658,-0.000888099467140302,-0.001776198934280493,-0.04999999999999716,-0.09999999999999432,56.2,56.3,56.25,56.3,177.0,100.0,2200.0,1615.0,False,False
006208,2022-10-26 11:23:27.496620,-0.000888099467140302,-0.001776198934280493,-0.04999999999999716,-0.09999999999999432,56.2,56.3,56.25,56.3,177.0,100.0,2200.0,2003.0,True,True
006208,2022-10-26 11:23:27.646603,-0.000888099467140302,-0.001776198934280493,-0.04999999999999716,-0.09999999999999432,56.2,56.3,56.25,56.3,177.0,101.0,2200.0,2003.0,False,False
006208,2022-10-26 11:23:29.103614,-0.000888099467140302,-0.001776198934280493,-0.04999999999999716,-0.09999999999999432,56.2,56.3,56.25,56.3,237.0,101.0,2200.0,2003.0,False,False
006208,2022-10-26 11:23:30.183708,-0.000888099467140302,-0.001776198934280493,-0.04999999999999716,-0.09999999999999432,56.2,56.3,56.25,56.3,237.0,100.0,2200.0,2003.0,False,False
006208,2022-10-26 11:23:30.257201,-0.000888099467140302,-0.001776198934280493,-0.04999999999999716,-0.09999999999999432,56.2,56.3,56.25,56.3,237.0,81.0,2200.0,2003.0,False,False
006208,2022-10-26 11:23:30.357557,-0.000888099467140302,-0.001776198934280493,-0.04999999999999716,-0.09999999999999432,56.2,56.3,56.25,56.3,237.0,100.0,2200.0,2003.0,False,False
006208,2022-10-26 11:23:30.545565,-0.000888099467140302,-0.001776198934280493,-0.04999999999999716,-0.09999999999999432,56.2,56.3,56.25,56.3,237.0,99.0,2200.0,2003.0,False,False
006208,2022-10-26 11:23:30.616488,-0.000888099467140302,-0.001776198934280493,-0.04999999999999716,-0.09999999999999432,56.2,56.3,56.25,56.3,237.0,99.0,2200.0,2003.0,False,False
006208,2022-10-26 11:23:30.616946,-0.000888099467140302,-0.001776198934280493,-0.04999999999999716,-0.09999999999999432,56.2,56.3,56.25,56.3,237.0,99.0,2200.0,2003.0,False,False
006208,2022-10-26 11:23:30.737422,-0.000888099467140302,-0.001776198934280493,-0.04999999999999716,-0.09999999999999432,56.2,56.3,56.25,56.3,237.0,99.0,2200.0,2003.0,False,False
006208,2022-10-26 11:23:31.022069,-0.000888099467140302,-0.001776198934280493,-0.04999999999999716,-0.09999999999999432,56.2,56.3,56.25,56.3,237.0,99.0,2200.0,2003.0,False,False
006208,2022-10-26 11:23:31.095447,-0.000888099467140302,-0.001776198934280493,-0.04999999999999716,-0.09999999999999432,56.2,56.3,56.25,56.3,177.0,69.0,2200.0,2003.0,False,False
006208,2022-10-26 11:23:31.317108,-0.000888099467140302,-0.001776198934280493,-0.04999999999999716,-0.09999999999999432,56.2,56.3,56.25,56.3,177.0,69.0,2200.0,2003.0,False,False
006208,2022-10-26 11:23:31.333653,-0.000888099467140302,-0.001776198934280493,-0.04999999999999716,-0.09999999999999432,56.2,56.3,56.25,56.3,177.0,99.0,2200.0,2003.0,False,False
006208,2022-10-26 11:23:32.777701,-0.000888099467140302,-0.001776198934280493,-0.04999999999999716,-0.09999999999999432,56.2,56.3,56.25,56.3,177.0,99.0,2200.0,2003.0,False,False
006208,2022-10-26 11:23:32.777735,-0.000888099467140302,-0.001776198934280493,-0.04999999999999716,-0.09999999999999432,56.2,56.3,56.25,56.3,177.0,99.0,2200.0,2003.0,False,False
006208,2022-10-26 11:23:32.867243,-0.000888099467140302,-0.001776198934280493,-0.04999999999999716,-0.09999999999999432,56.2,56.3,56.25,56.3,177.0,69.0,2200.0,2003.0,False,False
006208,2022-10-26 11:23:32.909340,-0.000888099467140302,-0.001776198934280493,-0.04999999999999716,-0.09999999999999432,56.2,56.3,56.25,56.3,177.0,99.0,2200.0,2003.0,False,False
006208,2022-10-26 11:23:35.444153,-0.000888099467140302,-0.001776198934280493,-0.04999999999999716,-0.09999999999999432,56.2,56.3,56.25,56.3,177.0,99.0,2200.0,2003.0,False,False
006208,2022-10-26 11:23:35.520391,-0.000888099467140302,-0.001776198934280493,-0.04999999999999716,-0.09999999999999432,56.2,56.3,56.25,56.3,177.0,99.0,2200.0,2003.0,False,False
006208,2022-10-26 11:23:35.844923,-0.000888099467140302,-0.001776198934280493,-0.04999999999999716,-0.09999999999999432,56.2,56.3,56.25,56.3,177.0,99.0,2200.0,2003.0,False,False
006208,2022-10-26 11:23:35.844988,-0.000888099467140302,-0.001776198934280493,-0.04999999999999716,-0.09999999999999432,56.2,56.3,56.25,56.3,177.0,99.0,2200.0,2003.0,False,False
006208,2022-10-26 11:23:36.185730,-0.000888099467140302,-0.001776198934280493,-0.04999999999999716,-0.09999999999999432,56.2,56.3,56.25,56.3,177.0,69.0,2200.0,2003.0,False,False
006208,2022-10-26 11:23:36.196678,-0.000888099467140302,-0.001776198934280493,-0.04999999999999716,-0.09999999999999432,56.2,56.3,56.25,56.3,177.0,69.0,2200.0,2003.0,False,False
006208,2022-10-26 11:23:36.496175,-0.000888099467140302,-0.001776198934280493,-0.04999999999999716,-0.09999999999999432,56.2,56.3,56.25,56.3,177.0,69.0,2200.0,2003.0,False,False
006208,2022-10-26 11:23:36.496362,-0.000888099467140302,-0.001776198934280493,-0.04999999999999716,-0.09999999999999432,56.2,56.3,56.25,56.3,177.0,69.0,2200.0,2003.0,False,False
006208,2022-10-26 11:23:36.558754,-0.000888099467140302,-0.001776198934280493,-0.04999999999999716,-0.09999999999999432,56.2,56.3,56.25,56.3,177.0,69.0,2200.0,2003.0,False,False
006208,2022-10-26 11:23:37.214683,-0.000888099467140302,-0.001776198934280493,-0.04999999999999716,-0.09999999999999432,56.2,56.3,56.25,56.3,177.0,69.0,2200.0,2003.0,False,False
006208,2022-10-26 11:23:37.219511,-0.000888099467140302,-0.001776198934280493,-0.04999999999999716,-0.09999999999999432,56.2,56.3,56.25,56.3,177.0,69.0,2200.0,2003.0,False,False
006208,2022-10-26 11:23:37.349359,-0.000888099467140302,-0.001776198934280493,-0.04999999999999716,-0.09999999999999432,56.2,56.3,56.25,56.3,177.0,69.0,2200.0,2003.0,False,False
006208,2022-10-26 11:23:37.543925,-0.000888099467140302,-0.001776198934280493,-0.04999999999999716,-0.09999999999999432,56.2,56.3,56.25,56.3,177.0,69.0,2200.0,2038.0,True,True
006208,2022-10-26 11:23:38.851614,-0.000888099467140302,-0.001776198934280493,-0.04999999999999716,-0.09999999999999432,56.2,56.3,56.25,56.3,177.0,69.0,2200.0,2038.0,False,False
006208,2022-10-26 11:23:38.851630,-0.000888099467140302,-0.001776198934280493,-0.04999999999999716,-0.09999999999999432,56.2,56.3,56.25,56.3,177.0,69.0,2200.0,2038.0,False,False
006208,2022-10-26 11:23:39.212931,-0.000888099467140302,-0.001776198934280493,-0.04999999999999716,-0.09999999999999432,56.2,56.3,56.25,56.3,177.0,69.0,2200.0,2038.0,False,False
006208,2022-10-26 11:23:39.224034,-0.000888099467140302,-0.001776198934280493,-0.04999999999999716,-0.09999999999999432,56.2,56.3,56.25,56.3,177.0,99.0,2200.0,2038.0,False,False
006208,2022-10-26 11:23:39.782329,-0.000888099467140302,-0.001776198934280493,-0.04999999999999716,-0.09999999999999432,56.2,56.3,56.25,56.3,177.0,99.0,2200.0,2038.0,False,False
006208,2022-10-26 11:23:39.782372,-0.000888099467140302,-0.001776198934280493,-0.04999999999999716,-0.09999999999999432,56.2,56.3,56.25,56.3,177.0,99.0,2200.0,2038.0,False,False
006208,2022-10-26 11:23:40.166381,-0.000888099467140302,-0.001776198934280493,-0.04999999999999716,-0.09999999999999432,56.2,56.3,56.25,56.3,102.0,99.0,2200.0,2038.0,False,False
006208,2022-10-26 11:23:40.168462,-0.000888099467140302,-0.001776198934280493,-0.04999999999999716,-0.09999999999999432,56.2,56.3,56.25,56.3,102.0,174.0,2200.0,2038.0,False,False
006208,2022-10-26 11:23:40.827172,-0.000888099467140302,-0.001776198934280493,-0.04999999999999716,-0.09999999999999432,56.2,56.3,56.25,56.3,102.0,174.0,2200.0,2038.0,False,False
006208,2022-10-26 11:23:40.838771,-0.000888099467140302,-0.001776198934280493,-0.04999999999999716,-0.09999999999999432,56.2,56.3,56.25,56.3,102.0,174.0,2200.0,2038.0,False,False
006208,2022-10-26 11:23:41.134992,-0.000888099467140302,-0.001776198934280493,-0.04999999999999716,-0.09999999999999432,56.2,56.3,56.25,56.3,102.0,174.0,2200.0,2038.0,False,False
006208,2022-10-26 11:23:41.135152,-0.000888099467140302,-0.001776198934280493,-0.04999999999999716,-0.09999999999999432,56.2,56.3,56.25,56.3,102.0,174.0,2200.0,2038.0,False,False
006208,2022-10-26 11:23:42.060586,-0.000888099467140302,-0.001776198934280493,-0.04999999999999716,-0.09999999999999432,56.2,56.3,56.25,56.3,102.0,174.0,2200.0,2038.0,False,False
006208,2022-10-26 11:23:42.060712,-0.000888099467140302,-0.001776198934280493,-0.04999999999999716,-0.09999999999999432,56.2,56.3,56.25,56.3,177.0,174.0,2200.0,2038.0,False,False
006208,2022-10-26 11:23:42.149678,-0.000888099467140302,-0.001776198934280493,-0.04999999999999716,-0.09999999999999432,56.2,56.3,56.25,56.3,177.0,144.0,2200.0,2038.0,False,False
006208,2022-10-26 11:23:43.277645,-0.000888099467140302,-0.001776198934280493,-0.04999999999999716,-0.09999999999999432,56.2,56.3,56.25,56.3,177.0,144.0,2200.0,2038.0,False,False
006208,2022-10-26 11:23:43.277762,-0.000888099467140302,-0.001776198934280493,-0.04999999999999716,-0.09999999999999432,56.2,56.3,56.25,56.3,177.0,144.0,2200.0,2038.0,False,False
006208,2022-10-26 11:23:43.498449,-0.000888099467140302,-0.001776198934280493,-0.04999999999999716,-0.09999999999999432,56.2,56.3,56.25,56.3,177.0,174.0,2200.0,2038.0,False,False
006208,2022-10-26 11:23:44.715724,-0.000888099467140302,-0.001776198934280493,-0.04999999999999716,-0.09999999999999432,56.2,56.3,56.25,56.3,177.0,173.0,2200.0,2038.0,False,False
006208,2022-10-26 11:23:44.796957,-0.000888099467140302,-0.001776198934280493,-0.04999999999999716,-0.09999999999999432,56.2,56.3,56.25,56.3,177.0,125.0,2200.0,2038.0,False,False
006208,2022-10-26 11:23:45.408575,-0.000888099467140302,-0.001776198934280493,-0.04999999999999716,-0.09999999999999432,56.2,56.3,56.25,56.3,177.0,175.0,2200.0,2038.0,False,False
006208,2022-10-26 11:23:46.796573,-0.000888099467140302,-0.001776198934280493,-0.04999999999999716,-0.09999999999999432,56.2,56.3,56.25,56.3,102.0,175.0,2200.0,2038.0,False,False
006208,2022-10-26 11:23:46.806500,-0.000888099467140302,-0.001776198934280493,-0.04999999999999716,-0.09999999999999432,56.2,56.3,56.25,56.3,102.0,175.0,2200.0,2038.0,False,False
006208,2022-10-26 11:23:47.345177,-0.000888099467140302,-0.001776198934280493,-0.04999999999999716,-0.09999999999999432,56.2,56.3,56.25,56.3,102.0,175.0,2200.0,2038.0,False,False
006208,2022-10-26 11:23:47.348788,-0.000888099467140302,-0.001776198934280493,-0.04999999999999716,-0.09999999999999432,56.2,56.3,56.25,56.3,102.0,175.0,2200.0,2038.0,False,False
006208,2022-10-26 11:23:47.478186,-0.000888099467140302,-0.001776198934280493,-0.04999999999999716,-0.09999999999999432,56.2,56.3,56.25,56.3,102.0,175.0,2200.0,2038.0,False,False
006208,2022-10-26 11:23:47.583118,-0.000888099467140302,-0.001776198934280493,-0.04999999999999716,-0.09999999999999432,56.2,56.3,56.25,56.3,102.0,175.0,2200.0,2136.0,True,True
006208,2022-10-26 11:23:50.555411,-0.000888099467140302,-0.001776198934280493,-0.04999999999999716,-0.09999999999999432,56.2,56.3,56.25,56.3,102.0,174.0,2200.0,2136.0,False,False
006208,2022-10-26 11:23:51.464392,-0.000888099467140302,-0.001776198934280493,-0.04999999999999716,-0.09999999999999432,56.2,56.3,56.25,56.3,102.0,144.0,2200.0,2136.0,False,False
006208,2022-10-26 11:23:51.469868,-0.000888099467140302,-0.001776198934280493,-0.04999999999999716,-0.09999999999999432,56.2,56.3,56.25,56.3,102.0,144.0,2200.0,2136.0,False,False
006208,2022-10-26 11:23:51.574293,-0.000888099467140302,-0.001776198934280493,-0.04999999999999716,-0.09999999999999432,56.2,56.3,56.25,56.3,102.0,144.0,2200.0,2136.0,False,False
006208,2022-10-26 11:23:51.641165,-0.000888099467140302,-0.001776198934280493,-0.04999999999999716,-0.09999999999999432,56.2,56.3,56.25,56.3,102.0,144.0,2200.0,2136.0,False,False
006208,2022-10-26 11:23:51.646427,-0.000888099467140302,-0.001776198934280493,-0.04999999999999716,-0.09999999999999432,56.2,56.3,56.25,56.3,102.0,174.0,2200.0,2136.0,False,False
006208,2022-10-26 11:23:51.908075,-0.000888099467140302,-0.001776198934280493,-0.04999999999999716,-0.09999999999999432,56.2,56.3,56.25,56.3,102.0,174.0,2200.0,2136.0,False,False
006208,2022-10-26 11:23:51.947934,-0.000888099467140302,-0.001776198934280493,-0.04999999999999716,-0.09999999999999432,56.2,56.3,56.25,56.3,102.0,144.0,2200.0,2136.0,False,False
006208,2022-10-26 11:23:54.709247,-0.000888099467140302,-0.001776198934280493,-0.04999999999999716,-0.09999999999999432,56.2,56.3,56.25,56.3,102.0,144.0,2200.0,2136.0,False,False
006208,2022-10-26 11:23:54.719740,-0.000888099467140302,-0.001776198934280493,-0.04999999999999716,-0.09999999999999432,56.2,56.3,56.25,56.3,102.0,144.0,2200.0,2136.0,False,False
006208,2022-10-26 11:23:55.016071,-0.000888099467140302,-0.001776198934280493,-0.04999999999999716,-0.09999999999999432,56.2,56.3,56.25,56.3,102.0,144.0,2200.0,2136.0,False,False
006208,2022-10-26 11:23:55.021220,-0.000888099467140302,-0.001776198934280493,-0.04999999999999716,-0.09999999999999432,56.2,56.3,56.25,56.3,102.0,174.0,2200.0,2136.0,False,False
006208,2022-10-26 11:23:56.917005,-0.000888099467140302,-0.001776198934280493,-0.04999999999999716,-0.09999999999999432,56.2,56.3,56.25,56.3,102.0,174.0,2200.0,2136.0,False,False
006208,2022-10-26 11:23:56.931002,-0.000888099467140302,-0.001776198934280493,-0.04999999999999716,-0.09999999999999432,56.2,56.3,56.25,56.3,102.0,174.0,2200.0,2136.0,False,False
006208,2022-10-26 11:23:57.471493,-0.000888099467140302,-0.001776198934280493,-0.04999999999999716,-0.09999999999999432,56.2,56.3,56.25,56.3,102.0,174.0,2200.0,2136.0,False,False
006208,2022-10-26 11:23:57.473539,-0.000888099467140302,-0.001776198934280493,-0.04999999999999716,-0.09999999999999432,56.2,56.3,56.25,56.3,102.0,174.0,2200.0,2136.0,False,False
006208,2022-10-26 11:23:57.623215,-0.000888099467140302,-0.001776198934280493,-0.04999999999999716,-0.09999999999999432,56.2,56.3,56.25,56.3,102.0,174.0,2200.0,2136.0,True,True
006208,2022-10-26 11:23:57.607293,-0.000888099467140302,-0.001776198934280493,-0.04999999999999716,-0.09999999999999432,56.2,56.3,56.25,56.3,102.0,174.0,2200.0,2136.0,False,False
006208,2022-10-26 11:23:58.171573,-0.000888099467140302,-0.001776198934280493,-0.04999999999999716,-0.09999999999999432,56.2,56.3,56.25,56.3,103.0,174.0,2200.0,2136.0,False,False
006208,2022-10-26 11:24:00.545296,-0.000888099467140302,-0.001776198934280493,-0.04999999999999716,-0.09999999999999432,56.2,56.3,56.25,56.3,103.0,173.0,2200.0,2136.0,False,False
006208,2022-10-26 11:24:00.647337,-0.000888099467140302,-0.001776198934280493,-0.04999999999999716,-0.09999999999999432,56.2,56.3,56.25,56.3,103.0,155.0,2200.0,2136.0,False,False
006208,2022-10-26 11:24:00.777569,-0.000888099467140302,-0.001776198934280493,-0.04999999999999716,-0.09999999999999432,56.2,56.3,56.25,56.3,103.0,173.0,2200.0,2136.0,False,False
006208,2022-10-26 11:24:01.594478,-0.000888099467140302,-0.001776198934280493,-0.04999999999999716,-0.09999999999999432,56.2,56.3,56.25,56.3,103.0,173.0,2200.0,2136.0,False,False
006208,2022-10-26 11:24:01.609494,-0.000888099467140302,-0.001776198934280493,-0.04999999999999716,-0.09999999999999432,56.2,56.3,56.25,56.3,103.0,143.0,2200.0,2136.0,False,False
006208,2022-10-26 11:24:01.670641,-0.000888099467140302,-0.001776198934280493,-0.04999999999999716,-0.09999999999999432,56.2,56.3,56.25,56.3,103.0,173.0,2200.0,2136.0,False,False
006208,2022-10-26 11:24:04.184777,-0.000888099467140302,-0.001776198934280493,-0.04999999999999716,-0.09999999999999432,56.2,56.3,56.25,56.3,103.0,172.0,2200.0,2136.0,False,False
006208,2022-10-26 11:24:04.745744,-0.000888099467140302,-0.001776198934280493,-0.04999999999999716,-0.09999999999999432,56.2,56.3,56.25,56.3,103.0,172.0,2200.0,2136.0,False,False
006208,2022-10-26 11:24:04.746462,-0.000888099467140302,-0.001776198934280493,-0.04999999999999716,-0.09999999999999432,56.2,56.3,56.25,56.3,178.0,172.0,2200.0,2136.0,False,False
006208,2022-10-26 11:24:07.178131,-0.000888099467140302,-0.001776198934280493,-0.04999999999999716,-0.09999999999999432,56.2,56.3,56.25,56.3,178.0,177.0,2200.0,2136.0,False,False
006208,2022-10-26 11:24:07.599726,-0.000888099467140302,-0.001776198934280493,-0.04999999999999716,-0.09999999999999432,56.2,56.3,56.25,56.3,178.0,177.0,2200.0,2136.0,False,False
006208,2022-10-26 11:24:07.604116,-0.000888099467140302,-0.001776198934280493,-0.04999999999999716,-0.09999999999999432,56.2,56.3,56.25,56.3,178.0,177.0,2200.0,2136.0,False,False
006208,2022-10-26 11:24:07.745182,-0.000888099467140302,-0.001776198934280493,-0.04999999999999716,-0.09999999999999432,56.2,56.3,56.25,56.3,178.0,177.0,2200.0,2136.0,False,False
006208,2022-10-26 11:24:10.581168,-0.000888099467140302,-0.001776198934280493,-0.04999999999999716,-0.09999999999999432,56.2,56.3,56.25,56.3,178.0,176.0,2200.0,2136.0,False,False
006208,2022-10-26 11:24:16.935907,-0.000888099467140302,-0.000888099467140302,-0.04999999999999716,-0.04999999999999716,56.25,56.3,56.25,56.3,1.0,176.0,2200.0,2136.0,False,False
006208,2022-10-26 11:24:16.964588,-0.000888099467140302,-0.000888099467140302,-0.04999999999999716,-0.04999999999999716,56.25,56.3,56.25,56.3,1.0,176.0,2200.0,2136.0,False,False
006208,2022-10-26 11:24:17.216200,-0.000888099467140302,-0.000888099467140302,-0.04999999999999716,-0.04999999999999716,56.25,56.3,56.25,56.3,1.0,176.0,2200.0,2136.0,False,False
006208,2022-10-26 11:24:18.929384,-0.000888099467140302,-0.000888099467140302,-0.04999999999999716,-0.04999999999999716,56.25,56.3,56.25,56.3,1.0,176.0,2200.0,2136.0,False,False
006208,2022-10-26 11:24:19.006753,-0.000888099467140302,-0.000888099467140302,-0.04999999999999716,-0.04999999999999716,56.25,56.3,56.25,56.3,1.0,176.0,2200.0,2136.0,False,False
006208,2022-10-26 11:24:19.073373,-0.000888099467140302,-0.000888099467140302,-0.04999999999999716,-0.04999999999999716,56.25,56.3,56.25,56.3,1.0,176.0,2200.0,2136.0,False,False
006208,2022-10-26 11:24:20.586195,-0.000888099467140302,-0.000888099467140302,-0.04999999999999716,-0.04999999999999716,56.25,56.3,56.25,56.3,1.0,175.0,2200.0,2136.0,False,False
006208,2022-10-26 11:24:23.775111,-0.000888099467140302,-0.000888099467140302,-0.04999999999999716,-0.04999999999999716,56.25,56.3,56.25,56.3,1.0,175.0,2200.0,2136.0,False,False
006208,2022-10-26 11:24:23.864085,-0.000888099467140302,-0.000888099467140302,-0.04999999999999716,-0.04999999999999716,56.25,56.3,56.25,56.3,1.0,175.0,2200.0,2136.0,False,False
006208,2022-10-26 11:24:23.949448,-0.000888099467140302,-0.000888099467140302,-0.04999999999999716,-0.04999999999999716,56.25,56.3,56.25,56.3,1.0,175.0,2200.0,2136.0,False,False
006208,2022-10-26 11:24:27.209094,-0.000888099467140302,-0.000888099467140302,-0.04999999999999716,-0.04999999999999716,56.25,56.3,56.25,56.3,1.0,175.0,2200.0,2136.0,False,False
006208,2022-10-26 11:24:27.218269,-0.000888099467140302,-0.000888099467140302,-0.04999999999999716,-0.04999999999999716,56.25,56.3,56.25,56.3,1.0,175.0,2200.0,2136.0,False,False
006208,2022-10-26 11:24:27.349806,-0.000888099467140302,-0.000888099467140302,-0.04999999999999716,-0.04999999999999716,56.25,56.3,56.25,56.3,1.0,175.0,2200.0,2136.0,False,False
006208,2022-10-26 11:24:27.740612,-0.000888099467140302,-0.000888099467140302,-0.04999999999999716,-0.04999999999999716,56.25,56.3,56.25,56.3,1.0,175.0,1950.0,2136.0,True,True
006208,2022-10-26 11:24:29.191375,-0.000888099467140302,-0.000888099467140302,-0.04999999999999716,-0.04999999999999716,56.25,56.3,56.25,56.3,1.0,175.0,1950.0,2136.0,False,False
006208,2022-10-26 11:24:29.219514,-0.000888099467140302,-0.000888099467140302,-0.04999999999999716,-0.04999999999999716,56.25,56.3,56.25,56.3,1.0,145.0,1950.0,2136.0,False,False
006208,2022-10-26 11:24:30.575656,-0.000888099467140302,-0.000888099467140302,-0.04999999999999716,-0.04999999999999716,56.25,56.3,56.25,56.3,1.0,144.0,1950.0,2136.0,False,False
006208,2022-10-26 11:24:31.853304,-0.000888099467140302,-0.000888099467140302,-0.04999999999999716,-0.04999999999999716,56.25,56.3,56.25,56.3,1.0,144.0,1950.0,2136.0,False,False
006208,2022-10-26 11:24:31.878135,-0.000888099467140302,-0.000888099467140302,-0.04999999999999716,-0.04999999999999716,56.25,56.3,56.25,56.3,1.0,144.0,1950.0,2136.0,False,False
006208,2022-10-26 11:24:31.935188,-0.000888099467140302,-0.000888099467140302,-0.04999999999999716,-0.04999999999999716,56.25,56.3,56.25,56.3,1.0,144.0,1950.0,2136.0,False,False
006208,2022-10-26 11:24:32.843984,-0.000888099467140302,-0.000888099467140302,-0.04999999999999716,-0.04999999999999716,56.25,56.3,56.25,56.3,1.0,144.0,1950.0,2136.0,False,False
006208,2022-10-26 11:24:32.989390,-0.000888099467140302,-0.000888099467140302,-0.04999999999999716,-0.04999999999999716,56.25,56.3,56.25,56.3,1.0,184.0,1950.0,2136.0,False,False
006208,2022-10-26 11:24:33.019633,-0.000888099467140302,-0.000888099467140302,-0.04999999999999716,-0.04999999999999716,56.25,56.3,56.25,56.3,1.0,166.0,1950.0,2136.0,False,False
006208,2022-10-26 11:24:33.772928,-0.000888099467140302,-0.000888099467140302,-0.04999999999999716,-0.04999999999999716,56.25,56.3,56.25,56.3,1.0,166.0,1950.0,2136.0,False,False
006208,2022-10-26 11:24:33.779768,-0.000888099467140302,-0.000888099467140302,-0.04999999999999716,-0.04999999999999716,56.25,56.3,56.25,56.3,1.0,166.0,1950.0,2136.0,False,False
006208,2022-10-26 11:24:33.794170,-0.000888099467140302,-0.000888099467140302,-0.04999999999999716,-0.04999999999999716,56.25,56.3,56.25,56.3,1.0,166.0,1950.0,2136.0,False,False
006208,2022-10-26 11:24:34.538238,-0.000888099467140302,-0.000888099467140302,-0.04999999999999716,-0.04999999999999716,56.25,56.3,56.25,56.3,1.0,166.0,1950.0,2136.0,False,False
006208,2022-10-26 11:24:34.561154,-0.000888099467140302,-0.000888099467140302,-0.04999999999999716,-0.04999999999999716,56.25,56.3,56.25,56.3,1.0,166.0,1950.0,2136.0,False,False
006208,2022-10-26 11:24:37.204812,-0.000888099467140302,-0.000888099467140302,-0.04999999999999716,-0.04999999999999716,56.25,56.3,56.25,56.3,1.0,165.0,1950.0,2136.0,False,False
006208,2022-10-26 11:24:37.333499,-0.000888099467140302,-0.000888099467140302,-0.04999999999999716,-0.04999999999999716,56.25,56.3,56.25,56.3,1.0,165.0,1950.0,2136.0,False,False
006208,2022-10-26 11:24:37.346843,-0.000888099467140302,-0.000888099467140302,-0.04999999999999716,-0.04999999999999716,56.25,56.3,56.25,56.3,1.0,165.0,1950.0,2136.0,False,False
006208,2022-10-26 11:24:37.483123,-0.000888099467140302,-0.000888099467140302,-0.04999999999999716,-0.04999999999999716,56.25,56.3,56.25,56.3,1.0,165.0,1950.0,2136.0,False,False
006208,2022-10-26 11:24:37.781789,-0.000888099467140302,-0.000888099467140302,-0.04999999999999716,-0.04999999999999716,56.25,56.3,56.25,56.3,1.0,165.0,1950.0,2136.0,True,True
006208,2022-10-26 11:24:39.587168,-0.000888099467140302,-0.001776198934280493,-0.04999999999999716,-0.09999999999999432,56.2,56.3,56.25,56.3,252.0,165.0,1950.0,2136.0,False,False
006208,2022-10-26 11:24:39.644953,0.0,-0.001776198934280493,0.0,-0.09999999999999432,56.2,56.25,56.25,56.3,252.0,18.0,1950.0,2136.0,False,False
006208,2022-10-26 11:24:39.767561,0.0,-0.001776198934280493,0.0,-0.09999999999999432,56.2,56.25,56.25,56.3,212.0,18.0,1950.0,2136.0,False,False
006208,2022-10-26 11:24:39.881878,0.0,-0.001776198934280493,0.0,-0.09999999999999432,56.2,56.25,56.25,56.3,212.0,18.0,1950.0,2136.0,False,False
006208,2022-10-26 11:24:39.978678,0.0,-0.001776198934280493,0.0,-0.09999999999999432,56.2,56.25,56.25,56.3,212.0,18.0,1950.0,2136.0,False,False
006208,2022-10-26 11:24:40.184946,0.0,-0.001776198934280493,0.0,-0.09999999999999432,56.2,56.25,56.25,56.3,212.0,18.0,1950.0,2136.0,False,False
006208,2022-10-26 11:24:40.185885,0.0,-0.001776198934280493,0.0,-0.09999999999999432,56.2,56.25,56.25,56.3,212.0,18.0,1950.0,2136.0,False,False
006208,2022-10-26 11:24:41.216314,0.0,-0.001776198934280493,0.0,-0.09999999999999432,56.2,56.25,56.25,56.3,178.0,18.0,1950.0,2136.0,False,False
006208,2022-10-26 11:24:41.224905,0.0,-0.001776198934280493,0.0,-0.09999999999999432,56.2,56.25,56.25,56.3,178.0,18.0,1950.0,2136.0,False,False
006208,2022-10-26 11:24:41.371439,0.0,-0.001776198934280493,0.0,-0.09999999999999432,56.2,56.25,56.25,56.3,178.0,18.0,1950.0,2136.0,False,False
006208,2022-10-26 11:24:41.483937,0.0,-0.001776198934280493,0.0,-0.09999999999999432,56.2,56.25,56.25,56.3,178.0,18.0,1950.0,2136.0,False,False
006208,2022-10-26 11:24:41.702388,0.0,-0.001776198934280493,0.0,-0.09999999999999432,56.2,56.25,56.25,56.3,178.0,18.0,1950.0,2136.0,False,False
006208,2022-10-26 11:24:41.730726,0.0,-0.001776198934280493,0.0,-0.09999999999999432,56.2,56.25,56.25,56.3,79.0,18.0,1950.0,2136.0,False,False
006208,2022-10-26 11:24:41.869658,0.0,-0.001776198934280493,0.0,-0.09999999999999432,56.2,56.25,56.25,56.3,79.0,18.0,1950.0,2136.0,False,False
006208,2022-10-26 11:24:42.642336,0.0,-0.001776198934280493,0.0,-0.09999999999999432,56.2,56.25,56.25,56.3,79.0,18.0,1950.0,2136.0,False,False
006208,2022-10-26 11:24:42.651987,0.0,-0.001776198934280493,0.0,-0.09999999999999432,56.2,56.25,56.25,56.3,79.0,18.0,1950.0,2136.0,False,False
006208,2022-10-26 11:24:42.731404,0.0,-0.001776198934280493,0.0,-0.09999999999999432,56.2,56.25,56.25,56.3,179.0,18.0,1950.0,2136.0,False,False
006208,2022-10-26 11:24:43.110207,0.0,-0.001776198934280493,0.0,-0.09999999999999432,56.2,56.25,56.25,56.3,179.0,18.0,1950.0,2136.0,False,False
006208,2022-10-26 11:24:43.137590,0.0,-0.001776198934280493,0.0,-0.09999999999999432,56.2,56.25,56.25,56.3,179.0,18.0,1950.0,2136.0,False,False
006208,2022-10-26 11:24:43.148504,0.0,-0.001776198934280493,0.0,-0.09999999999999432,56.2,56.25,56.25,56.3,79.0,18.0,1950.0,2136.0,False,False
006208,2022-10-26 11:24:44.149625,0.0,-0.001776198934280493,0.0,-0.09999999999999432,56.2,56.25,56.25,56.3,79.0,18.0,1950.0,2136.0,False,False
006208,2022-10-26 11:24:44.149664,0.0,-0.001776198934280493,0.0,-0.09999999999999432,56.2,56.25,56.25,56.3,79.0,18.0,1950.0,2136.0,False,False
006208,2022-10-26 11:24:45.337243,0.0,-0.001776198934280493,0.0,-0.09999999999999432,56.2,56.25,56.25,56.3,79.0,18.0,1950.0,2136.0,False,False
006208,2022-10-26 11:24:45.367352,0.0,-0.001776198934280493,0.0,-0.09999999999999432,56.2,56.25,56.25,56.3,79.0,18.0,1950.0,2136.0,False,False
006208,2022-10-26 11:24:46.074537,0.0,-0.001776198934280493,0.0,-0.09999999999999432,56.2,56.25,56.25,56.3,4.0,18.0,1950.0,2136.0,False,False
006208,2022-10-26 11:24:46.074635,0.0,-0.001776198934280493,0.0,-0.09999999999999432,56.2,56.25,56.25,56.3,4.0,18.0,1950.0,2136.0,False,False
006208,2022-10-26 11:24:47.824125,0.0,-0.001776198934280493,0.0,-0.09999999999999432,56.2,56.25,56.25,56.3,4.0,18.0,2025.0,2036.0,True,True
006208,2022-10-26 11:24:49.877922,0.0,-0.001776198934280493,0.0,-0.09999999999999432,56.2,56.25,56.25,56.3,4.0,18.0,2025.0,2036.0,False,False
006208,2022-10-26 11:24:49.890294,0.0,-0.001776198934280493,0.0,-0.09999999999999432,56.2,56.25,56.25,56.3,4.0,18.0,2025.0,2036.0,False,False
006208,2022-10-26 11:24:50.017599,0.0,-0.001776198934280493,0.0,-0.09999999999999432,56.2,56.25,56.25,56.3,4.0,18.0,2025.0,2036.0,False,False
006208,2022-10-26 11:24:50.585918,0.0,-0.001776198934280493,0.0,-0.09999999999999432,56.2,56.25,56.25,56.3,4.0,17.0,2025.0,2036.0,False,False
006208,2022-10-26 11:24:50.835735,-0.000888099467140302,-0.001776198934280493,-0.04999999999999716,-0.09999999999999432,56.2,56.3,56.25,56.3,4.0,355.0,2025.0,2036.0,False,False
006208,2022-10-26 11:24:50.903417,-0.000888099467140302,-0.001776198934280493,-0.04999999999999716,-0.09999999999999432,56.2,56.3,56.25,56.3,4.0,355.0,2025.0,2036.0,False,False
006208,2022-10-26 11:24:50.953180,0.0,-0.001776198934280493,0.0,-0.09999999999999432,56.2,56.25,56.25,56.3,4.0,17.0,2025.0,2036.0,False,False
006208,2022-10-26 11:24:51.064779,0.0,-0.001776198934280493,0.0,-0.09999999999999432,56.2,56.25,56.25,56.3,4.0,17.0,2025.0,2036.0,False,False
006208,2022-10-26 11:24:51.457668,0.0,-0.001776198934280493,0.0,-0.09999999999999432,56.2,56.25,56.25,56.3,4.0,17.0,2025.0,2036.0,False,False
006208,2022-10-26 11:24:51.470051,0.0,-0.001776198934280493,0.0,-0.09999999999999432,56.2,56.25,56.25,56.3,4.0,17.0,2025.0,2036.0,False,False
006208,2022-10-26 11:24:51.790156,0.0,-0.001776198934280493,0.0,-0.09999999999999432,56.2,56.25,56.25,56.3,4.0,17.0,2025.0,2036.0,False,False
006208,2022-10-26 11:24:51.888020,0.0,-0.001776198934280493,0.0,-0.09999999999999432,56.2,56.25,56.25,56.3,4.0,17.0,2025.0,2036.0,False,False
006208,2022-10-26 11:24:53.411095,0.0,-0.001776198934280493,0.0,-0.09999999999999432,56.2,56.25,56.25,56.3,4.0,17.0,2025.0,2036.0,False,False
006208,2022-10-26 11:24:54.404578,0.0,-0.001776198934280493,0.0,-0.09999999999999432,56.2,56.25,56.25,56.3,4.0,17.0,2025.0,2036.0,False,False
006208,2022-10-26 11:24:54.492727,0.0,-0.001776198934280493,0.0,-0.09999999999999432,56.2,56.25,56.25,56.3,4.0,17.0,2025.0,2036.0,False,False
006208,2022-10-26 11:24:55.131597,0.0,-0.001776198934280493,0.0,-0.09999999999999432,56.2,56.25,56.25,56.3,4.0,15.0,2025.0,2036.0,False,False
006208,2022-10-26 11:24:55.276438,-0.000888099467140302,-0.001776198934280493,-0.04999999999999716,-0.09999999999999432,56.2,56.3,56.25,56.3,4.0,358.0,2025.0,2036.0,False,False
006208,2022-10-26 11:24:55.379369,-0.000888099467140302,-0.001776198934280493,-0.04999999999999716,-0.09999999999999432,56.2,56.3,56.25,56.3,4.0,358.0,2025.0,2036.0,False,False
006208,2022-10-26 11:24:55.478921,0.0,-0.001776198934280493,0.0,-0.09999999999999432,56.2,56.25,56.25,56.3,4.0,15.0,2025.0,2036.0,False,False
006208,2022-10-26 11:24:55.571254,0.0,-0.001776198934280493,0.0,-0.09999999999999432,56.2,56.25,56.25,56.3,4.0,15.0,2025.0,2036.0,False,False
006208,2022-10-26 11:24:55.916392,0.0,-0.001776198934280493,0.0,-0.09999999999999432,56.2,56.25,56.25,56.3,4.0,15.0,2025.0,2036.0,False,False
006208,2022-10-26 11:24:59.014296,0.0,-0.001776198934280493,0.0,-0.09999999999999432,56.2,56.25,56.25,56.3,4.0,15.0,2025.0,2036.0,False,False
006208,2022-10-26 11:25:00.508765,0.0,-0.001776198934280493,0.0,-0.09999999999999432,56.2,56.25,56.25,56.3,4.0,14.0,2025.0,2036.0,False,False
006208,2022-10-26 11:25:00.605811,-0.000888099467140302,-0.001776198934280493,-0.04999999999999716,-0.09999999999999432,56.2,56.3,56.25,56.3,4.0,359.0,2025.0,2036.0,False,False
006208,2022-10-26 11:25:00.712570,0.0,-0.001776198934280493,0.0,-0.09999999999999432,56.2,56.25,56.25,56.3,4.0,14.0,2025.0,2036.0,False,False
006208,2022-10-26 11:25:00.830614,0.0,-0.001776198934280493,0.0,-0.09999999999999432,56.2,56.25,56.25,56.3,4.0,14.0,2025.0,2036.0,False,False
006208,2022-10-26 11:25:00.929432,0.0,-0.001776198934280493,0.0,-0.09999999999999432,56.2,56.25,56.25,56.3,4.0,14.0,2025.0,2036.0,False,False
006208,2022-10-26 11:25:01.048731,0.0,-0.001776198934280493,0.0,-0.09999999999999432,56.2,56.25,56.25,56.3,4.0,14.0,2025.0,2036.0,False,False
006208,2022-10-26 11:25:01.173800,0.0,-0.001776198934280493,0.0,-0.09999999999999432,56.2,56.25,56.25,56.3,4.0,14.0,2025.0,2036.0,False,False
006208,2022-10-26 11:25:01.333362,0.0,-0.001776198934280493,0.0,-0.09999999999999432,56.2,56.25,56.25,56.3,4.0,14.0,2025.0,2036.0,False,False
006208,2022-10-26 11:25:03.275032,0.0,-0.001776198934280493,0.0,-0.09999999999999432,56.2,56.25,56.25,56.3,4.0,14.0,2025.0,2036.0,False,False
006208,2022-10-26 11:25:06.498444,-0.000888099467140302,-0.001776198934280493,-0.04999999999999716,-0.09999999999999432,56.2,56.3,56.25,56.3,4.0,352.0,2025.0,2036.0,False,False
006208,2022-10-26 11:25:06.535707,-0.000888099467140302,-0.001776198934280493,-0.04999999999999716,-0.09999999999999432,56.2,56.3,56.25,56.3,4.0,352.0,2025.0,2036.0,False,False
006208,2022-10-26 11:25:06.608953,-0.000888099467140302,-0.001776198934280493,-0.04999999999999716,-0.09999999999999432,56.2,56.3,56.25,56.3,4.0,312.0,2025.0,2036.0,False,False
006208,2022-10-26 11:25:06.673149,-0.000888099467140302,-0.001776198934280493,-0.04999999999999716,-0.09999999999999432,56.2,56.3,56.25,56.3,4.0,292.0,2025.0,2036.0,False,False
006208,2022-10-26 11:25:06.736864,-0.000888099467140302,-0.001776198934280493,-0.04999999999999716,-0.09999999999999432,56.2,56.3,56.25,56.3,4.0,292.0,2025.0,2036.0,False,False
006208,2022-10-26 11:25:07.203490,-0.000888099467140302,-0.001776198934280493,-0.04999999999999716,-0.09999999999999432,56.2,56.3,56.25,56.3,4.0,292.0,2135.0,2036.0,False,True
006208,2022-10-26 11:25:07.408762,-0.000888099467140302,-0.001776198934280493,-0.04999999999999716,-0.09999999999999432,56.2,56.3,56.25,56.3,4.0,292.0,2135.0,2036.0,False,False
006208,2022-10-26 11:25:07.408884,-0.000888099467140302,-0.001776198934280493,-0.04999999999999716,-0.09999999999999432,56.2,56.3,56.25,56.3,4.0,292.0,2135.0,2036.0,False,False
006208,2022-10-26 11:25:09.213437,-0.000888099467140302,-0.001776198934280493,-0.04999999999999716,-0.09999999999999432,56.2,56.3,56.25,56.3,4.0,292.0,2135.0,2036.0,False,False
006208,2022-10-26 11:25:09.223455,-0.000888099467140302,-0.001776198934280493,-0.04999999999999716,-0.09999999999999432,56.2,56.3,56.25,56.3,4.0,292.0,2135.0,2036.0,False,False
006208,2022-10-26 11:25:09.712911,-0.000888099467140302,-0.001776198934280493,-0.04999999999999716,-0.09999999999999432,56.2,56.3,56.25,56.3,4.0,292.0,2135.0,2036.0,False,False
006208,2022-10-26 11:25:09.723676,-0.000888099467140302,-0.001776198934280493,-0.04999999999999716,-0.09999999999999432,56.2,56.3,56.25,56.3,4.0,292.0,2135.0,2036.0,False,False
006208,2022-10-26 11:25:10.462539,-0.000888099467140302,-0.001776198934280493,-0.04999999999999716,-0.09999999999999432,56.2,56.3,56.25,56.3,4.0,291.0,2135.0,2036.0,False,False
006208,2022-10-26 11:25:11.074263,-0.000888099467140302,-0.001776198934280493,-0.04999999999999716,-0.09999999999999432,56.2,56.3,56.25,56.3,4.0,290.0,2135.0,2036.0,False,False
006208,2022-10-26 11:25:11.190836,-0.000888099467140302,-0.001776198934280493,-0.04999999999999716,-0.09999999999999432,56.2,56.3,56.25,56.3,4.0,290.0,2135.0,2036.0,False,False
006208,2022-10-26 11:25:11.200416,-0.000888099467140302,-0.001776198934280493,-0.04999999999999716,-0.09999999999999432,56.2,56.3,56.25,56.3,4.0,290.0,2135.0,2036.0,False,False
006208,2022-10-26 11:25:11.300262,-0.000888099467140302,-0.001776198934280493,-0.04999999999999716,-0.09999999999999432,56.2,56.3,56.25,56.3,4.0,290.0,2135.0,2036.0,False,False
006208,2022-10-26 11:25:12.690642,-0.000888099467140302,-0.001776198934280493,-0.04999999999999716,-0.09999999999999432,56.2,56.3,56.25,56.3,4.0,290.0,2135.0,2036.0,False,False
006208,2022-10-26 11:25:12.769470,-0.000888099467140302,-0.001776198934280493,-0.04999999999999716,-0.09999999999999432,56.2,56.3,56.25,56.3,4.0,290.0,2135.0,2036.0,False,False
006208,2022-10-26 11:25:13.376465,-0.000888099467140302,-0.001776198934280493,-0.04999999999999716,-0.09999999999999432,56.2,56.3,56.25,56.3,4.0,290.0,2135.0,2036.0,False,False
006208,2022-10-26 11:25:14.617844,-0.000888099467140302,-0.001776198934280493,-0.04999999999999716,-0.09999999999999432,56.2,56.3,56.25,56.3,4.0,290.0,2135.0,2036.0,False,False
006208,2022-10-26 11:25:14.842059,-0.000888099467140302,-0.001776198934280493,-0.04999999999999716,-0.09999999999999432,56.2,56.3,56.25,56.3,4.0,291.0,2135.0,2036.0,False,False
006208,2022-10-26 11:25:15.114382,-0.000888099467140302,-0.001776198934280493,-0.04999999999999716,-0.09999999999999432,56.2,56.3,56.25,56.3,4.0,291.0,2135.0,2036.0,False,False
006208,2022-10-26 11:25:15.126762,-0.000888099467140302,-0.001776198934280493,-0.04999999999999716,-0.09999999999999432,56.2,56.3,56.25,56.3,4.0,311.0,2135.0,2036.0,False,False
006208,2022-10-26 11:25:15.703986,-0.000888099467140302,-0.001776198934280493,-0.04999999999999716,-0.09999999999999432,56.2,56.3,56.25,56.3,4.0,311.0,2135.0,2036.0,False,False
006208,2022-10-26 11:25:16.694498,-0.000888099467140302,-0.001776198934280493,-0.04999999999999716,-0.09999999999999432,56.2,56.3,56.25,56.3,4.0,311.0,2135.0,2036.0,False,False
006208,2022-10-26 11:25:16.698160,-0.000888099467140302,-0.001776198934280493,-0.04999999999999716,-0.09999999999999432,56.2,56.3,56.25,56.3,4.0,311.0,2135.0,2036.0,False,False
006208,2022-10-26 11:25:16.832129,-0.000888099467140302,-0.001776198934280493,-0.04999999999999716,-0.09999999999999432,56.2,56.3,56.25,56.3,4.0,311.0,2135.0,2036.0,False,False
006208,2022-10-26 11:25:17.229528,-0.000888099467140302,-0.001776198934280493,-0.04999999999999716,-0.09999999999999432,56.2,56.3,56.25,56.3,4.0,311.0,2135.0,2036.0,True,True
006208,2022-10-26 11:25:18.140742,-0.000888099467140302,-0.001776198934280493,-0.04999999999999716,-0.09999999999999432,56.2,56.3,56.25,56.3,4.0,311.0,2135.0,2036.0,False,False
006208,2022-10-26 11:25:19.697531,-0.000888099467140302,-0.001776198934280493,-0.04999999999999716,-0.09999999999999432,56.2,56.3,56.25,56.3,4.0,311.0,2135.0,2036.0,False,False
006208,2022-10-26 11:25:20.447058,-0.000888099467140302,-0.001776198934280493,-0.04999999999999716,-0.09999999999999432,56.2,56.3,56.25,56.3,4.0,310.0,2135.0,2036.0,False,False
006208,2022-10-26 11:25:20.708793,-0.000888099467140302,-0.001776198934280493,-0.04999999999999716,-0.09999999999999432,56.2,56.3,56.25,56.3,4.0,310.0,2135.0,2036.0,False,False
006208,2022-10-26 11:25:26.797120,-0.000888099467140302,-0.001776198934280493,-0.04999999999999716,-0.09999999999999432,56.2,56.3,56.25,56.3,4.0,310.0,2135.0,2036.0,False,False
006208,2022-10-26 11:25:26.801258,-0.000888099467140302,-0.001776198934280493,-0.04999999999999716,-0.09999999999999432,56.2,56.3,56.25,56.3,4.0,310.0,2135.0,2036.0,False,False
006208,2022-10-26 11:25:26.931414,-0.000888099467140302,-0.001776198934280493,-0.04999999999999716,-0.09999999999999432,56.2,56.3,56.25,56.3,4.0,310.0,2135.0,2036.0,False,False
006208,2022-10-26 11:25:27.253356,-0.000888099467140302,-0.001776198934280493,-0.04999999999999716,-0.09999999999999432,56.2,56.3,56.25,56.3,4.0,310.0,2135.0,2117.0,True,True
006208,2022-10-26 11:25:27.929823,-0.000888099467140302,-0.001776198934280493,-0.04999999999999716,-0.09999999999999432,56.2,56.3,56.25,56.3,4.0,290.0,2135.0,2117.0,False,False
006208,2022-10-26 11:25:27.929977,-0.000888099467140302,-0.001776198934280493,-0.04999999999999716,-0.09999999999999432,56.2,56.3,56.25,56.3,4.0,290.0,2135.0,2117.0,False,False
006208,2022-10-26 11:25:29.002261,-0.000888099467140302,-0.001776198934280493,-0.04999999999999716,-0.09999999999999432,56.2,56.3,56.25,56.3,4.0,290.0,2135.0,2117.0,False,False
006208,2022-10-26 11:25:29.002404,-0.000888099467140302,-0.001776198934280493,-0.04999999999999716,-0.09999999999999432,56.2,56.3,56.25,56.3,4.0,290.0,2135.0,2117.0,False,False
006208,2022-10-26 11:25:30.215926,-0.000888099467140302,-0.001776198934280493,-0.04999999999999716,-0.09999999999999432,56.2,56.3,56.25,56.3,4.0,290.0,2135.0,2117.0,False,False
006208,2022-10-26 11:25:30.216405,-0.000888099467140302,-0.001776198934280493,-0.04999999999999716,-0.09999999999999432,56.2,56.3,56.25,56.3,4.0,310.0,2135.0,2117.0,False,False
006208,2022-10-26 11:25:30.445230,-0.000888099467140302,-0.001776198934280493,-0.04999999999999716,-0.09999999999999432,56.2,56.3,56.25,56.3,4.0,309.0,2135.0,2117.0,False,False
006208,2022-10-26 11:25:31.386499,-0.000888099467140302,-0.000888099467140302,-0.04999999999999716,-0.04999999999999716,56.25,56.3,56.25,56.3,2.0,309.0,2135.0,2117.0,False,False
006208,2022-10-26 11:25:31.410252,-0.000888099467140302,-0.000888099467140302,-0.04999999999999716,-0.04999999999999716,56.25,56.3,56.25,56.3,2.0,309.0,2135.0,2117.0,False,False
006208,2022-10-26 11:25:32.674489,-0.000888099467140302,-0.000888099467140302,-0.04999999999999716,-0.04999999999999716,56.25,56.3,56.25,56.3,2.0,309.0,2135.0,2117.0,False,False
006208,2022-10-26 11:25:32.820447,-0.000888099467140302,-0.000888099467140302,-0.04999999999999716,-0.04999999999999716,56.25,56.3,56.25,56.3,2.0,309.0,2135.0,2117.0,False,False
006208,2022-10-26 11:25:32.830499,-0.000888099467140302,-0.000888099467140302,-0.04999999999999716,-0.04999999999999716,56.25,56.3,56.25,56.3,2.0,309.0,2135.0,2117.0,False,False
006208,2022-10-26 11:25:32.895591,-0.000888099467140302,-0.000888099467140302,-0.04999999999999716,-0.04999999999999716,56.25,56.3,56.25,56.3,2.0,309.0,2135.0,2117.0,False,False
006208,2022-10-26 11:25:33.414221,-0.000888099467140302,-0.000888099467140302,-0.04999999999999716,-0.04999999999999716,56.25,56.3,56.25,56.3,2.0,309.0,2135.0,2117.0,False,False
006208,2022-10-26 11:25:33.419859,-0.000888099467140302,-0.000888099467140302,-0.04999999999999716,-0.04999999999999716,56.25,56.3,56.25,56.3,2.0,309.0,2135.0,2117.0,False,False
006208,2022-10-26 11:25:33.511961,-0.000888099467140302,-0.000888099467140302,-0.04999999999999716,-0.04999999999999716,56.25,56.3,56.25,56.3,2.0,309.0,2135.0,2117.0,False,False
006208,2022-10-26 11:25:33.689732,-0.000888099467140302,-0.000888099467140302,-0.04999999999999716,-0.04999999999999716,56.25,56.3,56.25,56.3,2.0,309.0,2135.0,2117.0,False,False
006208,2022-10-26 11:25:33.918193,-0.000888099467140302,-0.000888099467140302,-0.04999999999999716,-0.04999999999999716,56.25,56.3,56.25,56.3,2.0,309.0,2135.0,2117.0,False,False
006208,2022-10-26 11:25:34.874973,-0.000888099467140302,-0.000888099467140302,-0.04999999999999716,-0.04999999999999716,56.25,56.3,56.25,56.3,2.0,310.0,2135.0,2117.0,False,False
006208,2022-10-26 11:25:34.949023,-0.000888099467140302,-0.000888099467140302,-0.04999999999999716,-0.04999999999999716,56.25,56.3,56.25,56.3,2.0,310.0,2135.0,2117.0,False,False
006208,2022-10-26 11:25:37.272849,-0.000888099467140302,-0.000888099467140302,-0.04999999999999716,-0.04999999999999716,56.25,56.3,56.25,56.3,2.0,310.0,2135.0,2217.0,True,True
006208,2022-10-26 11:25:40.418566,-0.000888099467140302,-0.000888099467140302,-0.04999999999999716,-0.04999999999999716,56.25,56.3,56.25,56.3,2.0,309.0,2135.0,2217.0,False,False
006208,2022-10-26 11:25:41.517263,-0.000888099467140302,-0.000888099467140302,-0.04999999999999716,-0.04999999999999716,56.25,56.3,56.25,56.3,2.0,309.0,2135.0,2217.0,False,False
006208,2022-10-26 11:25:41.553153,-0.000888099467140302,-0.000888099467140302,-0.04999999999999716,-0.04999999999999716,56.25,56.3,56.25,56.3,2.0,209.0,2135.0,2217.0,False,False
006208,2022-10-26 11:25:41.749409,-0.000888099467140302,-0.000888099467140302,-0.04999999999999716,-0.04999999999999716,56.25,56.3,56.25,56.3,2.0,209.0,2135.0,2217.0,False,False
006208,2022-10-26 11:25:42.553182,-0.000888099467140302,-0.000888099467140302,-0.04999999999999716,-0.04999999999999716,56.25,56.3,56.25,56.3,2.0,209.0,2135.0,2217.0,False,False
006208,2022-10-26 11:25:42.641624,-0.000888099467140302,-0.000888099467140302,-0.04999999999999716,-0.04999999999999716,56.25,56.3,56.25,56.3,2.0,209.0,2135.0,2217.0,False,False
006208,2022-10-26 11:25:43.314743,-0.000888099467140302,-0.000888099467140302,-0.04999999999999716,-0.04999999999999716,56.25,56.3,56.25,56.3,2.0,209.0,2135.0,2217.0,False,False
006208,2022-10-26 11:25:43.324900,-0.000888099467140302,-0.000888099467140302,-0.04999999999999716,-0.04999999999999716,56.25,56.3,56.25,56.3,2.0,209.0,2135.0,2217.0,False,False
006208,2022-10-26 11:25:43.385546,-0.000888099467140302,-0.000888099467140302,-0.04999999999999716,-0.04999999999999716,56.25,56.3,56.25,56.3,2.0,209.0,2135.0,2217.0,False,False
006208,2022-10-26 11:25:43.740308,-0.000888099467140302,-0.000888099467140302,-0.04999999999999716,-0.04999999999999716,56.25,56.3,56.25,56.3,2.0,209.0,2135.0,2217.0,False,False
006208,2022-10-26 11:25:43.819988,-0.000888099467140302,-0.000888099467140302,-0.04999999999999716,-0.04999999999999716,56.25,56.3,56.25,56.3,2.0,209.0,2135.0,2217.0,False,False
006208,2022-10-26 11:25:43.906090,-0.000888099467140302,-0.000888099467140302,-0.04999999999999716,-0.04999999999999716,56.25,56.3,56.25,56.3,2.0,209.0,2135.0,2217.0,False,False
006208,2022-10-26 11:25:44.073515,-0.000888099467140302,-0.000888099467140302,-0.04999999999999716,-0.04999999999999716,56.25,56.3,56.25,56.3,2.0,208.0,2135.0,2217.0,False,False
006208,2022-10-26 11:25:44.077294,-0.000888099467140302,-0.000888099467140302,-0.04999999999999716,-0.04999999999999716,56.25,56.3,56.25,56.3,2.0,208.0,2135.0,2217.0,False,False
006208,2022-10-26 11:25:44.249970,-0.000888099467140302,-0.000888099467140302,-0.04999999999999716,-0.04999999999999716,56.25,56.3,56.25,56.3,2.0,208.0,2135.0,2217.0,False,False
006208,2022-10-26 11:25:44.343627,-0.000888099467140302,-0.000888099467140302,-0.04999999999999716,-0.04999999999999716,56.25,56.3,56.25,56.3,2.0,208.0,2135.0,2217.0,False,False
006208,2022-10-26 11:25:44.403291,-0.000888099467140302,-0.000888099467140302,-0.04999999999999716,-0.04999999999999716,56.25,56.3,56.25,56.3,2.0,208.0,2135.0,2217.0,False,False
006208,2022-10-26 11:25:46.434449,0.0,-0.001776198934280493,0.0,-0.09999999999999432,56.2,56.25,56.25,56.3,253.0,3.0,2135.0,2217.0,False,False
006208,2022-10-26 11:25:46.472809,0.0,-0.001776198934280493,0.0,-0.09999999999999432,56.2,56.25,56.25,56.3,253.0,3.0,2135.0,2217.0,False,False
006208,2022-10-26 11:25:46.528291,0.0,-0.001776198934280493,0.0,-0.09999999999999432,56.2,56.25,56.25,56.3,253.0,3.0,2135.0,2217.0,False,False
006208,2022-10-26 11:25:46.590956,0.0,-0.001776198934280493,0.0,-0.09999999999999432,56.2,56.25,56.25,56.3,253.0,3.0,2135.0,2217.0,False,False
006208,2022-10-26 11:25:46.719813,0.0,-0.001776198934280493,0.0,-0.09999999999999432,56.2,56.25,56.25,56.3,213.0,3.0,2135.0,2217.0,False,False
006208,2022-10-26 11:25:46.808164,0.0,-0.001776198934280493,0.0,-0.09999999999999432,56.2,56.25,56.25,56.3,213.0,3.0,2135.0,2217.0,False,False
006208,2022-10-26 11:25:46.889024,0.0,-0.001776198934280493,0.0,-0.09999999999999432,56.2,56.25,56.25,56.3,213.0,2.0,2135.0,2217.0,False,False
006208,2022-10-26 11:25:47.307205,0.0,-0.001776198934280493,0.0,-0.09999999999999432,56.2,56.25,56.25,56.3,213.0,2.0,2135.0,2217.0,True,True
006208,2022-10-26 11:25:47.433233,0.0,-0.001776198934280493,0.0,-0.09999999999999432,56.2,56.25,56.25,56.3,213.0,2.0,2135.0,2217.0,False,False
006208,2022-10-26 11:25:47.446629,0.0,-0.001776198934280493,0.0,-0.09999999999999432,56.2,56.25,56.25,56.3,213.0,2.0,2135.0,2217.0,False,False
006208,2022-10-26 11:25:47.594861,0.0,-0.001776198934280493,0.0,-0.09999999999999432,56.2,56.25,56.25,56.3,213.0,2.0,2135.0,2217.0,False,False
006208,2022-10-26 11:25:48.449355,0.0,-0.001776198934280493,0.0,-0.09999999999999432,56.2,56.25,56.25,56.3,213.0,2.0,2135.0,2217.0,False,False
006208,2022-10-26 11:25:48.480777,0.0,-0.001776198934280493,0.0,-0.09999999999999432,56.2,56.25,56.25,56.3,179.0,2.0,2135.0,2217.0,False,False
006208,2022-10-26 11:25:48.526710,0.0,-0.001776198934280493,0.0,-0.09999999999999432,56.2,56.25,56.25,56.3,179.0,2.0,2135.0,2217.0,False,False
006208,2022-10-26 11:25:48.687882,0.0,-0.001776198934280493,0.0,-0.09999999999999432,56.2,56.25,56.25,56.3,179.0,2.0,2135.0,2217.0,False,False
006208,2022-10-26 11:25:48.766291,0.0,-0.001776198934280493,0.0,-0.09999999999999432,56.2,56.25,56.25,56.3,179.0,2.0,2135.0,2217.0,False,False
006208,2022-10-26 11:25:49.419242,0.0,-0.001776198934280493,0.0,-0.09999999999999432,56.2,56.25,56.25,56.3,179.0,2.0,2135.0,2217.0,False,False
006208,2022-10-26 11:25:49.443115,0.0,-0.001776198934280493,0.0,-0.09999999999999432,56.2,56.25,56.25,56.3,179.0,2.0,2135.0,2217.0,False,False
006208,2022-10-26 11:25:49.525611,0.0,-0.001776198934280493,0.0,-0.09999999999999432,56.2,56.25,56.25,56.3,179.0,2.0,2135.0,2217.0,False,False
006208,2022-10-26 11:25:49.635390,0.0,-0.001776198934280493,0.0,-0.09999999999999432,56.2,56.25,56.25,56.3,179.0,2.0,2135.0,2217.0,False,False
006208,2022-10-26 11:25:54.275058,0.0,-0.001776198934280493,0.0,-0.09999999999999432,56.2,56.25,56.25,56.3,179.0,2.0,2135.0,2217.0,False,False
006208,2022-10-26 11:25:54.275298,0.0,-0.001776198934280493,0.0,-0.09999999999999432,56.2,56.25,56.25,56.3,179.0,2.0,2135.0,2217.0,False,False
006208,2022-10-26 11:25:54.814807,0.0,-0.001776198934280493,0.0,-0.09999999999999432,56.2,56.25,56.25,56.3,179.0,2.0,2135.0,2217.0,False,False
006208,2022-10-26 11:25:54.814988,0.0,-0.001776198934280493,0.0,-0.09999999999999432,56.2,56.25,56.25,56.3,179.0,2.0,2135.0,2217.0,False,False
006208,2022-10-26 11:25:55.338414,0.0,-0.001776198934280493,0.0,-0.09999999999999432,56.2,56.25,56.25,56.3,179.0,2.0,2135.0,2217.0,False,False
006208,2022-10-26 11:25:55.338653,0.0,-0.001776198934280493,0.0,-0.09999999999999432,56.2,56.25,56.25,56.3,179.0,2.0,2135.0,2217.0,False,False
006208,2022-10-26 11:25:55.549371,0.0,-0.001776198934280493,0.0,-0.09999999999999432,56.2,56.25,56.25,56.3,179.0,2.0,2135.0,2217.0,False,False
006208,2022-10-26 11:25:55.549687,0.0,-0.001776198934280493,0.0,-0.09999999999999432,56.2,56.25,56.25,56.3,179.0,2.0,2135.0,2217.0,False,False
006208,2022-10-26 11:25:56.792289,0.0,-0.001776198934280493,0.0,-0.09999999999999432,56.2,56.25,56.25,56.3,179.0,2.0,2135.0,2217.0,False,False
006208,2022-10-26 11:25:56.797623,0.0,-0.001776198934280493,0.0,-0.09999999999999432,56.2,56.25,56.25,56.3,179.0,2.0,2135.0,2217.0,False,False
006208,2022-10-26 11:25:56.939585,0.0,-0.001776198934280493,0.0,-0.09999999999999432,56.2,56.25,56.25,56.3,179.0,2.0,2135.0,2217.0,False,False
006208,2022-10-26 11:25:57.337288,0.0,-0.001776198934280493,0.0,-0.09999999999999432,56.2,56.25,56.25,56.3,179.0,2.0,2135.0,2167.0,True,True
006208,2022-10-26 11:25:59.007354,0.0,-0.001776198934280493,0.0,-0.09999999999999432,56.2,56.25,56.25,56.3,180.0,2.0,2135.0,2167.0,False,False
006208,2022-10-26 11:26:00.403284,0.0,-0.001776198934280493,0.0,-0.09999999999999432,56.2,56.25,56.25,56.3,180.0,1.0,2135.0,2167.0,False,False
006208,2022-10-26 11:26:02.155981,-0.000888099467140302,-0.000888099467140302,-0.04999999999999716,-0.04999999999999716,56.25,56.3,56.25,56.3,2.0,248.0,2135.0,2167.0,False,False
006208,2022-10-26 11:26:02.182912,-0.000888099467140302,-0.000888099467140302,-0.04999999999999716,-0.04999999999999716,56.25,56.3,56.25,56.3,2.0,248.0,2135.0,2167.0,False,False
006208,2022-10-26 11:26:02.226834,-0.000888099467140302,-0.000888099467140302,-0.04999999999999716,-0.04999999999999716,56.25,56.3,56.25,56.3,2.0,208.0,2135.0,2167.0,False,False
006208,2022-10-26 11:26:02.310720,-0.000888099467140302,-0.000888099467140302,-0.04999999999999716,-0.04999999999999716,56.25,56.3,56.25,56.3,2.0,208.0,2135.0,2167.0,False,False
006208,2022-10-26 11:26:02.382652,-0.000888099467140302,-0.000888099467140302,-0.04999999999999716,-0.04999999999999716,56.25,56.3,56.25,56.3,2.0,208.0,2135.0,2167.0,False,False
006208,2022-10-26 11:26:03.487991,0.0,-0.001776198934280493,0.0,-0.09999999999999432,56.2,56.25,56.25,56.3,220.0,1.0,2135.0,2167.0,False,False
006208,2022-10-26 11:26:03.506346,0.0,-0.001776198934280493,0.0,-0.09999999999999432,56.2,56.25,56.25,56.3,220.0,1.0,2135.0,2167.0,False,False
006208,2022-10-26 11:26:03.553803,0.0,-0.001776198934280493,0.0,-0.09999999999999432,56.2,56.25,56.25,56.3,180.0,1.0,2135.0,2167.0,False,False
006208,2022-10-26 11:26:03.683416,0.0,-0.001776198934280493,0.0,-0.09999999999999432,56.2,56.25,56.25,56.3,180.0,1.0,2135.0,2167.0,False,False
006208,2022-10-26 11:26:03.934774,0.0,-0.001776198934280493,0.0,-0.09999999999999432,56.2,56.25,56.25,56.3,180.0,1.0,2135.0,2167.0,False,False
006208,2022-10-26 11:26:03.950145,0.0,-0.001776198934280493,0.0,-0.09999999999999432,56.2,56.25,56.25,56.3,180.0,1.0,2135.0,2167.0,False,False
006208,2022-10-26 11:26:04.091872,0.0,-0.001776198934280493,0.0,-0.09999999999999432,56.2,56.25,56.25,56.3,180.0,1.0,2135.0,2167.0,False,False
006208,2022-10-26 11:26:04.801088,0.0,-0.001776198934280493,0.0,-0.09999999999999432,56.2,56.25,56.25,56.3,180.0,1.0,2135.0,2167.0,False,False
006208,2022-10-26 11:26:07.366390,0.0,-0.001776198934280493,0.0,-0.09999999999999432,56.2,56.25,56.25,56.3,180.0,1.0,2135.0,2163.0,True,True
006208,2022-10-26 11:26:07.697585,0.0,-0.001776198934280493,0.0,-0.09999999999999432,56.2,56.25,56.25,56.3,180.0,1.0,2135.0,2163.0,False,False
006208,2022-10-26 11:26:07.809561,0.0,-0.001776198934280493,0.0,-0.09999999999999432,56.2,56.25,56.25,56.3,180.0,1.0,2135.0,2163.0,False,False
006208,2022-10-26 11:26:07.810220,0.0,-0.001776198934280493,0.0,-0.09999999999999432,56.2,56.25,56.25,56.3,180.0,1.0,2135.0,2163.0,False,False
006208,2022-10-26 11:26:07.914958,0.0,-0.001776198934280493,0.0,-0.09999999999999432,56.2,56.25,56.25,56.3,180.0,1.0,2135.0,2163.0,False,False
006208,2022-10-26 11:26:08.053971,0.0,-0.001776198934280493,0.0,-0.09999999999999432,56.2,56.25,56.25,56.3,180.0,1.0,2135.0,2163.0,False,False
006208,2022-10-26 11:26:08.149672,0.0,-0.001776198934280493,0.0,-0.09999999999999432,56.2,56.25,56.25,56.3,180.0,1.0,2135.0,2163.0,False,False
006208,2022-10-26 11:26:08.323080,0.0,-0.001776198934280493,0.0,-0.09999999999999432,56.2,56.25,56.25,56.3,180.0,1.0,2135.0,2163.0,False,False
006208,2022-10-26 11:26:08.564427,0.0,-0.001776198934280493,0.0,-0.09999999999999432,56.2,56.25,56.25,56.3,180.0,1.0,2135.0,2163.0,False,False
006208,2022-10-26 11:26:08.564608,0.0,-0.001776198934280493,0.0,-0.09999999999999432,56.2,56.25,56.25,56.3,180.0,1.0,2135.0,2163.0,False,False
006208,2022-10-26 11:26:10.382093,-0.000888099467140302,-0.001776198934280493,-0.04999999999999716,-0.09999999999999432,56.2,56.3,56.25,56.3,180.0,149.0,2135.0,2163.0,False,False
006208,2022-10-26 11:26:10.404608,-0.000888099467140302,-0.001776198934280493,-0.04999999999999716,-0.09999999999999432,56.2,56.3,56.25,56.3,180.0,149.0,2135.0,2163.0,False,False
006208,2022-10-26 11:26:10.564156,-0.000888099467140302,-0.001776198934280493,-0.04999999999999716,-0.09999999999999432,56.2,56.3,56.25,56.3,180.0,109.0,2135.0,2163.0,False,False
006208,2022-10-26 11:26:10.695921,-0.000888099467140302,-0.001776198934280493,-0.04999999999999716,-0.09999999999999432,56.2,56.3,56.25,56.3,180.0,109.0,2135.0,2163.0,False,False
006208,2022-10-26 11:26:11.061699,-0.000888099467140302,-0.001776198934280493,-0.04999999999999716,-0.09999999999999432,56.2,56.3,56.25,56.3,180.0,109.0,2135.0,2163.0,False,False
006208,2022-10-26 11:26:11.076278,-0.000888099467140302,-0.001776198934280493,-0.04999999999999716,-0.09999999999999432,56.2,56.3,56.25,56.3,180.0,109.0,2135.0,2163.0,False,False
006208,2022-10-26 11:26:11.202554,-0.000888099467140302,-0.001776198934280493,-0.04999999999999716,-0.09999999999999432,56.2,56.3,56.25,56.3,180.0,109.0,2135.0,2163.0,False,False
006208,2022-10-26 11:26:11.213349,-0.000888099467140302,-0.001776198934280493,-0.04999999999999716,-0.09999999999999432,56.2,56.3,56.25,56.3,180.0,109.0,2135.0,2163.0,False,False
006208,2022-10-26 11:26:11.443933,-0.000888099467140302,-0.001776198934280493,-0.04999999999999716,-0.09999999999999432,56.2,56.3,56.25,56.3,180.0,109.0,2135.0,2163.0,False,False
006208,2022-10-26 11:26:11.805498,-0.000888099467140302,-0.001776198934280493,-0.04999999999999716,-0.09999999999999432,56.2,56.3,56.25,56.3,180.0,109.0,2135.0,2163.0,False,False
006208,2022-10-26 11:26:11.805916,-0.000888099467140302,-0.001776198934280493,-0.04999999999999716,-0.09999999999999432,56.2,56.3,56.25,56.3,180.0,109.0,2135.0,2163.0,False,False
006208,2022-10-26 11:26:13.491466,-0.000888099467140302,-0.001776198934280493,-0.04999999999999716,-0.09999999999999432,56.2,56.3,56.25,56.3,180.0,109.0,2135.0,2163.0,False,False
006208,2022-10-26 11:26:13.815683,-0.000888099467140302,-0.001776198934280493,-0.04999999999999716,-0.09999999999999432,56.2,56.3,56.25,56.3,180.0,109.0,2135.0,2163.0,False,False
006208,2022-10-26 11:26:13.815792,-0.000888099467140302,-0.001776198934280493,-0.04999999999999716,-0.09999999999999432,56.2,56.3,56.25,56.3,180.0,109.0,2135.0,2163.0,False,False
006208,2022-10-26 11:26:14.139360,-0.000888099467140302,-0.001776198934280493,-0.04999999999999716,-0.09999999999999432,56.2,56.3,56.25,56.3,180.0,109.0,2135.0,2163.0,False,False
006208,2022-10-26 11:26:14.150915,-0.000888099467140302,-0.001776198934280493,-0.04999999999999716,-0.09999999999999432,56.2,56.3,56.25,56.3,180.0,109.0,2135.0,2163.0,False,False
006208,2022-10-26 11:26:16.214038,-0.000888099467140302,-0.001776198934280493,-0.04999999999999716,-0.09999999999999432,56.2,56.3,56.25,56.3,180.0,109.0,2135.0,2163.0,False,False
006208,2022-10-26 11:26:16.222887,-0.000888099467140302,-0.001776198934280493,-0.04999999999999716,-0.09999999999999432,56.2,56.3,56.25,56.3,180.0,109.0,2135.0,2163.0,False,False
006208,2022-10-26 11:26:16.977623,-0.000888099467140302,-0.001776198934280493,-0.04999999999999716,-0.09999999999999432,56.2,56.3,56.25,56.3,180.0,108.0,2135.0,2163.0,False,False
006208,2022-10-26 11:26:17.416447,-0.000888099467140302,-0.001776198934280493,-0.04999999999999716,-0.09999999999999432,56.2,56.3,56.25,56.3,180.0,108.0,2135.0,2163.0,True,True
006208,2022-10-26 11:26:18.613459,-0.000888099467140302,-0.001776198934280493,-0.04999999999999716,-0.09999999999999432,56.2,56.3,56.25,56.3,180.0,59.0,2135.0,2163.0,False,False
006208,2022-10-26 11:26:19.267437,-0.000888099467140302,-0.001776198934280493,-0.04999999999999716,-0.09999999999999432,56.2,56.3,56.25,56.3,180.0,109.0,2135.0,2163.0,False,False
006208,2022-10-26 11:26:19.850463,-0.000888099467140302,-0.001776198934280493,-0.04999999999999716,-0.09999999999999432,56.2,56.3,56.25,56.3,180.0,109.0,2135.0,2163.0,False,False
006208,2022-10-26 11:26:19.910060,-0.000888099467140302,-0.001776198934280493,-0.04999999999999716,-0.09999999999999432,56.2,56.3,56.25,56.3,180.0,89.0,2135.0,2163.0,False,False
006208,2022-10-26 11:26:20.392041,-0.000888099467140302,-0.001776198934280493,-0.04999999999999716,-0.09999999999999432,56.2,56.3,56.25,56.3,180.0,88.0,2135.0,2163.0,False,False
006208,2022-10-26 11:26:20.682474,-0.000888099467140302,-0.001776198934280493,-0.04999999999999716,-0.09999999999999432,56.2,56.3,56.25,56.3,180.0,88.0,2135.0,2163.0,False,False
006208,2022-10-26 11:26:20.684751,-0.000888099467140302,-0.001776198934280493,-0.04999999999999716,-0.09999999999999432,56.2,56.3,56.25,56.3,180.0,88.0,2135.0,2163.0,False,False
006208,2022-10-26 11:26:20.826462,-0.000888099467140302,-0.001776198934280493,-0.04999999999999716,-0.09999999999999432,56.2,56.3,56.25,56.3,180.0,88.0,2135.0,2163.0,False,False
006208,2022-10-26 11:26:21.164748,-0.000888099467140302,-0.001776198934280493,-0.04999999999999716,-0.09999999999999432,56.2,56.3,56.25,56.3,180.0,58.0,2135.0,2163.0,False,False
006208,2022-10-26 11:26:21.176292,-0.000888099467140302,-0.001776198934280493,-0.04999999999999716,-0.09999999999999432,56.2,56.3,56.25,56.3,180.0,58.0,2135.0,2163.0,False,False
006208,2022-10-26 11:26:23.929558,-0.000888099467140302,-0.001776198934280493,-0.04999999999999716,-0.09999999999999432,56.2,56.3,56.25,56.3,180.0,58.0,2135.0,2163.0,False,False
006208,2022-10-26 11:26:26.200276,-0.000888099467140302,-0.001776198934280493,-0.04999999999999716,-0.09999999999999432,56.2,56.3,56.25,56.3,180.0,58.0,2135.0,2163.0,False,False
006208,2022-10-26 11:26:26.202319,-0.000888099467140302,-0.001776198934280493,-0.04999999999999716,-0.09999999999999432,56.2,56.3,56.25,56.3,180.0,78.0,2135.0,2163.0,False,False
006208,2022-10-26 11:26:26.213111,-0.000888099467140302,-0.001776198934280493,-0.04999999999999716,-0.09999999999999432,56.2,56.3,56.25,56.3,180.0,108.0,2135.0,2163.0,False,False
006208,2022-10-26 11:26:26.933842,-0.000888099467140302,-0.001776198934280493,-0.04999999999999716,-0.09999999999999432,56.2,56.3,56.25,56.3,180.0,108.0,2135.0,2163.0,False,False
006208,2022-10-26 11:26:27.002906,-0.000888099467140302,-0.001776198934280493,-0.04999999999999716,-0.09999999999999432,56.2,56.3,56.25,56.3,180.0,108.0,2135.0,2163.0,False,False
006208,2022-10-26 11:26:27.448305,-0.000888099467140302,-0.001776198934280493,-0.04999999999999716,-0.09999999999999432,56.2,56.3,56.25,56.3,180.0,108.0,2135.0,1863.0,True,True
006208,2022-10-26 11:26:28.137150,-0.000888099467140302,-0.001776198934280493,-0.04999999999999716,-0.09999999999999432,56.2,56.3,56.25,56.3,180.0,108.0,2135.0,1863.0,False,False
006208,2022-10-26 11:26:28.137279,-0.000888099467140302,-0.001776198934280493,-0.04999999999999716,-0.09999999999999432,56.2,56.3,56.25,56.3,180.0,108.0,2135.0,1863.0,False,False
006208,2022-10-26 11:26:28.997966,-0.000888099467140302,-0.001776198934280493,-0.04999999999999716,-0.09999999999999432,56.2,56.3,56.25,56.3,180.0,108.0,2135.0,1863.0,False,False
006208,2022-10-26 11:26:29.020627,-0.000888099467140302,-0.001776198934280493,-0.04999999999999716,-0.09999999999999432,56.2,56.3,56.25,56.3,180.0,108.0,2135.0,1863.0,False,False
006208,2022-10-26 11:26:30.371437,-0.000888099467140302,-0.001776198934280493,-0.04999999999999716,-0.09999999999999432,56.2,56.3,56.25,56.3,180.0,107.0,2135.0,1863.0,False,False
006208,2022-10-26 11:26:30.815919,-0.000888099467140302,-0.001776198934280493,-0.04999999999999716,-0.09999999999999432,56.2,56.3,56.25,56.3,180.0,107.0,2135.0,1863.0,False,False
006208,2022-10-26 11:26:30.818738,-0.000888099467140302,-0.001776198934280493,-0.04999999999999716,-0.09999999999999432,56.2,56.3,56.25,56.3,180.0,107.0,2135.0,1863.0,False,False
006208,2022-10-26 11:26:30.950053,-0.000888099467140302,-0.001776198934280493,-0.04999999999999716,-0.09999999999999432,56.2,56.3,56.25,56.3,180.0,107.0,2135.0,1863.0,False,False
006208,2022-10-26 11:26:30.960523,-0.000888099467140302,-0.001776198934280493,-0.04999999999999716,-0.09999999999999432,56.2,56.3,56.25,56.3,180.0,107.0,2135.0,1863.0,False,False
006208,2022-10-26 11:26:31.145794,-0.000888099467140302,-0.000888099467140302,-0.04999999999999716,-0.04999999999999716,56.25,56.3,56.25,56.3,1.0,107.0,2135.0,1863.0,False,False
006208,2022-10-26 11:26:31.303575,-0.000888099467140302,-0.000888099467140302,-0.04999999999999716,-0.04999999999999716,56.25,56.3,56.25,56.3,1.0,107.0,2135.0,1863.0,False,False
006208,2022-10-26 11:26:31.793662,-0.000888099467140302,-0.000888099467140302,-0.04999999999999716,-0.04999999999999716,56.25,56.3,56.25,56.3,1.0,107.0,2135.0,1863.0,False,False
006208,2022-10-26 11:26:31.912001,-0.000888099467140302,-0.000888099467140302,-0.04999999999999716,-0.04999999999999716,56.25,56.3,56.25,56.3,1.0,107.0,2135.0,1863.0,False,False
006208,2022-10-26 11:26:31.924081,-0.000888099467140302,-0.000888099467140302,-0.04999999999999716,-0.04999999999999716,56.25,56.3,56.25,56.3,1.0,107.0,2135.0,1863.0,False,False
006208,2022-10-26 11:26:32.012346,-0.000888099467140302,-0.000888099467140302,-0.04999999999999716,-0.04999999999999716,56.25,56.3,56.25,56.3,1.0,107.0,2135.0,1863.0,False,False
006208,2022-10-26 11:26:32.109275,-0.000888099467140302,-0.000888099467140302,-0.04999999999999716,-0.04999999999999716,56.25,56.3,56.25,56.3,1.0,107.0,2135.0,1863.0,False,False
006208,2022-10-26 11:26:32.333883,-0.000888099467140302,-0.000888099467140302,-0.04999999999999716,-0.04999999999999716,56.25,56.3,56.25,56.3,1.0,107.0,2135.0,1863.0,False,False
006208,2022-10-26 11:26:32.394518,-0.000888099467140302,-0.000888099467140302,-0.04999999999999716,-0.04999999999999716,56.25,56.3,56.25,56.3,1.0,107.0,2135.0,1863.0,False,False
006208,2022-10-26 11:26:35.212837,-0.000888099467140302,-0.000888099467140302,-0.04999999999999716,-0.04999999999999716,56.25,56.3,56.25,56.3,1.0,107.0,2135.0,1863.0,False,False
006208,2022-10-26 11:26:37.672217,-0.000888099467140302,-0.000888099467140302,-0.04999999999999716,-0.04999999999999716,56.25,56.3,56.25,56.3,1.0,107.0,2135.0,1863.0,False,False
006208,2022-10-26 11:26:37.678693,-0.000888099467140302,-0.000888099467140302,-0.04999999999999716,-0.04999999999999716,56.25,56.3,56.25,56.3,1.0,107.0,2135.0,1863.0,False,False
006208,2022-10-26 11:26:37.997149,-0.000888099467140302,-0.000888099467140302,-0.04999999999999716,-0.04999999999999716,56.25,56.3,56.25,56.3,1.0,107.0,2135.0,1863.0,False,False
006208,2022-10-26 11:26:38.006914,-0.000888099467140302,-0.000888099467140302,-0.04999999999999716,-0.04999999999999716,56.25,56.3,56.25,56.3,1.0,107.0,2135.0,1863.0,False,False
006208,2022-10-26 11:26:38.947818,-0.000888099467140302,-0.000888099467140302,-0.04999999999999716,-0.04999999999999716,56.25,56.3,56.25,56.3,2.0,107.0,2135.0,1863.0,False,False
006208,2022-10-26 11:26:39.154177,-0.000888099467140302,-0.000888099467140302,-0.04999999999999716,-0.04999999999999716,56.25,56.3,56.25,56.3,2.0,107.0,2135.0,1863.0,False,False
006208,2022-10-26 11:26:39.154291,-0.000888099467140302,-0.000888099467140302,-0.04999999999999716,-0.04999999999999716,56.25,56.3,56.25,56.3,2.0,87.0,2135.0,1863.0,False,False
006208,2022-10-26 11:26:40.397260,-0.000888099467140302,-0.000888099467140302,-0.04999999999999716,-0.04999999999999716,56.25,56.3,56.25,56.3,2.0,86.0,2135.0,1863.0,False,False
006208,2022-10-26 11:26:40.555574,-0.000888099467140302,-0.000888099467140302,-0.04999999999999716,-0.04999999999999716,56.25,56.3,56.25,56.3,2.0,86.0,2135.0,1863.0,False,False
006208,2022-10-26 11:26:40.586136,-0.000888099467140302,-0.000888099467140302,-0.04999999999999716,-0.04999999999999716,56.25,56.3,56.25,56.3,2.0,86.0,2135.0,1863.0,False,False
006208,2022-10-26 11:26:41.094050,-0.000888099467140302,-0.000888099467140302,-0.04999999999999716,-0.04999999999999716,56.25,56.3,56.25,56.3,2.0,86.0,2135.0,1863.0,False,False
006208,2022-10-26 11:26:41.174834,-0.000888099467140302,-0.000888099467140302,-0.04999999999999716,-0.04999999999999716,56.25,56.3,56.25,56.3,2.0,86.0,2135.0,1863.0,False,False
006208,2022-10-26 11:26:41.302476,-0.000888099467140302,-0.000888099467140302,-0.04999999999999716,-0.04999999999999716,56.25,56.3,56.25,56.3,2.0,86.0,2135.0,1863.0,False,False
006208,2022-10-26 11:26:41.425415,-0.000888099467140302,-0.000888099467140302,-0.04999999999999716,-0.04999999999999716,56.25,56.3,56.25,56.3,2.0,86.0,2135.0,1863.0,False,False
006208,2022-10-26 11:26:41.574031,-0.000888099467140302,-0.000888099467140302,-0.04999999999999716,-0.04999999999999716,56.25,56.3,56.25,56.3,2.0,86.0,2135.0,1863.0,False,False
006208,2022-10-26 11:26:41.586077,-0.000888099467140302,-0.000888099467140302,-0.04999999999999716,-0.04999999999999716,56.25,56.3,56.25,56.3,102.0,86.0,2135.0,1863.0,False,False
006208,2022-10-26 11:26:43.621653,-0.000888099467140302,-0.000888099467140302,-0.04999999999999716,-0.04999999999999716,56.25,56.3,56.25,56.3,102.0,86.0,2135.0,1863.0,False,False
006208,2022-10-26 11:26:43.632414,-0.000888099467140302,-0.000888099467140302,-0.04999999999999716,-0.04999999999999716,56.25,56.3,56.25,56.3,102.0,86.0,2135.0,1863.0,False,False
006208,2022-10-26 11:26:47.505142,-0.000888099467140302,-0.000888099467140302,-0.04999999999999716,-0.04999999999999716,56.25,56.3,56.25,56.3,102.0,86.0,2135.0,1763.0,True,True
006208,2022-10-26 11:26:48.093050,-0.000888099467140302,-0.000888099467140302,-0.04999999999999716,-0.04999999999999716,56.25,56.3,56.25,56.3,102.0,86.0,2135.0,1763.0,False,False
006208,2022-10-26 11:26:48.383968,-0.000888099467140302,-0.000888099467140302,-0.04999999999999716,-0.04999999999999716,56.25,56.3,56.25,56.3,102.0,86.0,2135.0,1763.0,False,False
006208,2022-10-26 11:26:48.391377,-0.000888099467140302,-0.000888099467140302,-0.04999999999999716,-0.04999999999999716,56.25,56.3,56.25,56.3,102.0,86.0,2135.0,1763.0,False,False
006208,2022-10-26 11:26:49.999983,-0.000888099467140302,-0.000888099467140302,-0.04999999999999716,-0.04999999999999716,56.25,56.3,56.25,56.3,102.0,86.0,2135.0,1763.0,False,False
006208,2022-10-26 11:26:51.087549,-0.000888099467140302,-0.000888099467140302,-0.04999999999999716,-0.04999999999999716,56.25,56.3,56.25,56.3,102.0,85.0,2135.0,1763.0,False,False
006208,2022-10-26 11:26:51.410057,-0.000888099467140302,-0.000888099467140302,-0.04999999999999716,-0.04999999999999716,56.25,56.3,56.25,56.3,102.0,85.0,2135.0,1763.0,False,False
006208,2022-10-26 11:26:51.412450,-0.000888099467140302,-0.000888099467140302,-0.04999999999999716,-0.04999999999999716,56.25,56.3,56.25,56.3,102.0,85.0,2135.0,1763.0,False,False
006208,2022-10-26 11:26:51.551009,-0.000888099467140302,-0.000888099467140302,-0.04999999999999716,-0.04999999999999716,56.25,56.3,56.25,56.3,102.0,85.0,2135.0,1763.0,False,False
006208,2022-10-26 11:26:57.546552,-0.000888099467140302,-0.000888099467140302,-0.04999999999999716,-0.04999999999999716,56.25,56.3,56.25,56.3,102.0,85.0,2185.0,1763.0,True,True
006208,2022-10-26 11:26:59.013034,-0.000888099467140302,-0.000888099467140302,-0.04999999999999716,-0.04999999999999716,56.25,56.3,56.25,56.3,102.0,86.0,2185.0,1763.0,False,False
006208,2022-10-26 11:27:00.356356,-0.000888099467140302,-0.000888099467140302,-0.04999999999999716,-0.04999999999999716,56.25,56.3,56.25,56.3,102.0,85.0,2185.0,1763.0,False,False
006208,2022-10-26 11:27:01.529424,-0.000888099467140302,-0.000888099467140302,-0.04999999999999716,-0.04999999999999716,56.25,56.3,56.25,56.3,102.0,85.0,2185.0,1763.0,False,False
006208,2022-10-26 11:27:01.557016,-0.000888099467140302,-0.000888099467140302,-0.04999999999999716,-0.04999999999999716,56.25,56.3,56.25,56.3,2.0,85.0,2185.0,1763.0,False,False
006208,2022-10-26 11:27:01.664374,-0.000888099467140302,-0.000888099467140302,-0.04999999999999716,-0.04999999999999716,56.25,56.3,56.25,56.3,2.0,85.0,2185.0,1763.0,False,False
006208,2022-10-26 11:27:02.556992,-0.000888099467140302,-0.000888099467140302,-0.04999999999999716,-0.04999999999999716,56.25,56.3,56.25,56.3,2.0,85.0,2185.0,1763.0,False,False
006208,2022-10-26 11:27:06.775223,-0.000888099467140302,-0.000888099467140302,-0.04999999999999716,-0.04999999999999716,56.25,56.3,56.25,56.3,2.0,85.0,2185.0,1763.0,False,False
006208,2022-10-26 11:27:10.382351,-0.000888099467140302,-0.000888099467140302,-0.04999999999999716,-0.04999999999999716,56.25,56.3,56.25,56.3,2.0,84.0,2185.0,1763.0,False,False
006208,2022-10-26 11:27:11.646086,-0.000888099467140302,-0.000888099467140302,-0.04999999999999716,-0.04999999999999716,56.25,56.3,56.25,56.3,2.0,84.0,2185.0,1763.0,False,False
006208,2022-10-26 11:27:11.649176,-0.000888099467140302,-0.000888099467140302,-0.04999999999999716,-0.04999999999999716,56.25,56.3,56.25,56.3,2.0,84.0,2185.0,1763.0,False,False
006208,2022-10-26 11:27:11.779172,-0.000888099467140302,-0.000888099467140302,-0.04999999999999716,-0.04999999999999716,56.25,56.3,56.25,56.3,2.0,84.0,2185.0,1763.0,False,False
006208,2022-10-26 11:27:18.683171,-0.000888099467140302,-0.000888099467140302,-0.04999999999999716,-0.04999999999999716,56.25,56.3,56.25,56.3,2.0,84.0,2185.0,1763.0,False,False
006208,2022-10-26 11:27:20.362155,-0.000888099467140302,-0.000888099467140302,-0.04999999999999716,-0.04999999999999716,56.25,56.3,56.25,56.3,2.0,83.0,2185.0,1763.0,False,False
006208,2022-10-26 11:27:20.383206,-0.000888099467140302,-0.000888099467140302,-0.04999999999999716,-0.04999999999999716,56.25,56.3,56.25,56.3,2.0,83.0,2185.0,1763.0,False,False
006208,2022-10-26 11:27:21.383764,-0.000888099467140302,-0.000888099467140302,-0.04999999999999716,-0.04999999999999716,56.25,56.3,56.25,56.3,102.0,83.0,2185.0,1763.0,False,False
006208,2022-10-26 11:27:21.763421,-0.000888099467140302,-0.000888099467140302,-0.04999999999999716,-0.04999999999999716,56.25,56.3,56.25,56.3,102.0,83.0,2185.0,1763.0,False,False
006208,2022-10-26 11:27:21.766341,-0.000888099467140302,-0.000888099467140302,-0.04999999999999716,-0.04999999999999716,56.25,56.3,56.25,56.3,102.0,83.0,2185.0,1763.0,False,False
006208,2022-10-26 11:27:21.912304,-0.000888099467140302,-0.000888099467140302,-0.04999999999999716,-0.04999999999999716,56.25,56.3,56.25,56.3,2.0,83.0,2185.0,1763.0,False,False
006208,2022-10-26 11:27:22.912700,-0.000888099467140302,-0.000888099467140302,-0.04999999999999716,-0.04999999999999716,56.25,56.3,56.25,56.3,2.0,83.0,2185.0,1763.0,False,False
006208,2022-10-26 11:27:23.964195,-0.000888099467140302,-0.000888099467140302,-0.04999999999999716,-0.04999999999999716,56.25,56.3,56.25,56.3,2.0,82.0,2185.0,1763.0,False,False
006208,2022-10-26 11:27:30.122003,-0.000888099467140302,-0.000888099467140302,-0.04999999999999716,-0.04999999999999716,56.25,56.3,56.25,56.3,2.0,92.0,2185.0,1763.0,False,False
006208,2022-10-26 11:27:30.151616,-0.000888099467140302,-0.000888099467140302,-0.04999999999999716,-0.04999999999999716,56.25,56.3,56.25,56.3,2.0,92.0,2185.0,1763.0,False,False
006208,2022-10-26 11:27:30.357181,-0.000888099467140302,-0.000888099467140302,-0.04999999999999716,-0.04999999999999716,56.25,56.3,56.25,56.3,2.0,91.0,2185.0,1763.0,False,False
006208,2022-10-26 11:27:31.152023,-0.000888099467140302,-0.000888099467140302,-0.04999999999999716,-0.04999999999999716,56.25,56.3,56.25,56.3,102.0,91.0,2185.0,1763.0,False,False
006208,2022-10-26 11:27:31.882185,-0.000888099467140302,-0.000888099467140302,-0.04999999999999716,-0.04999999999999716,56.25,56.3,56.25,56.3,102.0,91.0,2185.0,1763.0,False,False
006208,2022-10-26 11:27:31.885361,-0.000888099467140302,-0.000888099467140302,-0.04999999999999716,-0.04999999999999716,56.25,56.3,56.25,56.3,102.0,91.0,2185.0,1763.0,False,False
006208,2022-10-26 11:27:32.024263,-0.000888099467140302,-0.000888099467140302,-0.04999999999999716,-0.04999999999999716,56.25,56.3,56.25,56.3,102.0,91.0,2185.0,1763.0,False,False
006208,2022-10-26 11:27:32.739692,-0.000888099467140302,-0.000888099467140302,-0.04999999999999716,-0.04999999999999716,56.25,56.3,56.25,56.3,102.0,91.0,2185.0,1763.0,False,False
006208,2022-10-26 11:27:32.739769,-0.000888099467140302,-0.000888099467140302,-0.04999999999999716,-0.04999999999999716,56.25,56.3,56.25,56.3,177.0,91.0,2185.0,1763.0,False,False
006208,2022-10-26 11:27:33.105414,-0.000888099467140302,-0.000888099467140302,-0.04999999999999716,-0.04999999999999716,56.25,56.3,56.25,56.3,177.0,91.0,2185.0,1763.0,False,False
006208,2022-10-26 11:27:33.289189,-0.000888099467140302,-0.000888099467140302,-0.04999999999999716,-0.04999999999999716,56.25,56.3,56.25,56.3,177.0,91.0,2185.0,1763.0,False,False
006208,2022-10-26 11:27:33.558572,-0.000888099467140302,-0.000888099467140302,-0.04999999999999716,-0.04999999999999716,56.25,56.3,56.25,56.3,177.0,91.0,2185.0,1763.0,False,False
006208,2022-10-26 11:27:34.211605,-0.000888099467140302,-0.000888099467140302,-0.04999999999999716,-0.04999999999999716,56.25,56.3,56.25,56.3,177.0,91.0,2185.0,1763.0,False,False
006208,2022-10-26 11:27:34.234075,-0.000888099467140302,-0.000888099467140302,-0.04999999999999716,-0.04999999999999716,56.25,56.3,56.25,56.3,177.0,91.0,2185.0,1763.0,False,False
006208,2022-10-26 11:27:35.995386,-0.000888099467140302,-0.000888099467140302,-0.04999999999999716,-0.04999999999999716,56.25,56.3,56.25,56.3,177.0,91.0,2185.0,1763.0,False,False
006208,2022-10-26 11:27:36.010943,-0.000888099467140302,-0.000888099467140302,-0.04999999999999716,-0.04999999999999716,56.25,56.3,56.25,56.3,177.0,61.0,2185.0,1763.0,False,False
006208,2022-10-26 11:27:36.621548,-0.000888099467140302,-0.000888099467140302,-0.04999999999999716,-0.04999999999999716,56.25,56.3,56.25,56.3,177.0,61.0,2185.0,1763.0,False,False
006208,2022-10-26 11:27:36.629148,-0.000888099467140302,-0.000888099467140302,-0.04999999999999716,-0.04999999999999716,56.25,56.3,56.25,56.3,177.0,61.0,2185.0,1763.0,False,False
006208,2022-10-26 11:27:36.985068,-0.000888099467140302,-0.000888099467140302,-0.04999999999999716,-0.04999999999999716,56.25,56.3,56.25,56.3,177.0,61.0,2185.0,1763.0,False,False
006208,2022-10-26 11:27:36.989194,-0.000888099467140302,-0.000888099467140302,-0.04999999999999716,-0.04999999999999716,56.25,56.3,56.25,56.3,177.0,61.0,2185.0,1763.0,False,False
006208,2022-10-26 11:27:37.672079,-0.000888099467140302,-0.000888099467140302,-0.04999999999999716,-0.04999999999999716,56.25,56.3,56.25,56.3,177.0,61.0,2185.0,1963.0,True,True
006208,2022-10-26 11:27:40.338975,-0.000888099467140302,-0.000888099467140302,-0.04999999999999716,-0.04999999999999716,56.25,56.3,56.25,56.3,177.0,60.0,2185.0,1963.0,False,False
006208,2022-10-26 11:27:41.996383,-0.000888099467140302,-0.000888099467140302,-0.04999999999999716,-0.04999999999999716,56.25,56.3,56.25,56.3,177.0,60.0,2185.0,1963.0,False,False
006208,2022-10-26 11:27:42.002091,-0.000888099467140302,-0.000888099467140302,-0.04999999999999716,-0.04999999999999716,56.25,56.3,56.25,56.3,177.0,60.0,2185.0,1963.0,False,False
006208,2022-10-26 11:27:42.134049,-0.000888099467140302,-0.000888099467140302,-0.04999999999999716,-0.04999999999999716,56.25,56.3,56.25,56.3,177.0,60.0,2185.0,1963.0,False,False
006208,2022-10-26 11:27:47.705225,-0.000888099467140302,-0.000888099467140302,-0.04999999999999716,-0.04999999999999716,56.25,56.3,56.25,56.3,177.0,60.0,2285.0,1923.0,True,True
006208,2022-10-26 11:27:48.978921,-0.000888099467140302,-0.000888099467140302,-0.04999999999999716,-0.04999999999999716,56.25,56.3,56.25,56.3,177.0,60.0,2285.0,1923.0,False,False
006208,2022-10-26 11:27:48.979265,-0.000888099467140302,-0.000888099467140302,-0.04999999999999716,-0.04999999999999716,56.25,56.3,56.25,56.3,177.0,60.0,2285.0,1923.0,False,False
006208,2022-10-26 11:27:50.682743,-0.000888099467140302,-0.000888099467140302,-0.04999999999999716,-0.04999999999999716,56.25,56.3,56.25,56.3,177.0,11.0,2285.0,1923.0,False,False
006208,2022-10-26 11:27:51.309073,-0.000888099467140302,-0.000888099467140302,-0.04999999999999716,-0.04999999999999716,56.25,56.3,56.25,56.3,177.0,61.0,2285.0,1923.0,False,False
006208,2022-10-26 11:27:52.118573,-0.000888099467140302,-0.000888099467140302,-0.04999999999999716,-0.04999999999999716,56.25,56.3,56.25,56.3,177.0,61.0,2285.0,1923.0,False,False
006208,2022-10-26 11:27:52.122059,-0.000888099467140302,-0.000888099467140302,-0.04999999999999716,-0.04999999999999716,56.25,56.3,56.25,56.3,177.0,61.0,2285.0,1923.0,False,False
006208,2022-10-26 11:27:52.252838,-0.000888099467140302,-0.000888099467140302,-0.04999999999999716,-0.04999999999999716,56.25,56.3,56.25,56.3,177.0,61.0,2285.0,1923.0,False,False
006208,2022-10-26 11:27:54.568725,-0.000888099467140302,-0.000888099467140302,-0.04999999999999716,-0.04999999999999716,56.25,56.3,56.25,56.3,177.0,61.0,2285.0,1923.0,False,False
006208,2022-10-26 11:27:54.568994,-0.000888099467140302,-0.000888099467140302,-0.04999999999999716,-0.04999999999999716,56.25,56.3,56.25,56.3,177.0,61.0,2285.0,1923.0,False,False
006208,2022-10-26 11:27:55.712882,-0.000888099467140302,-0.000888099467140302,-0.04999999999999716,-0.04999999999999716,56.25,56.3,56.25,56.3,177.0,61.0,2285.0,1923.0,False,False
006208,2022-10-26 11:27:55.713057,-0.000888099467140302,-0.000888099467140302,-0.04999999999999716,-0.04999999999999716,56.25,56.3,56.25,56.3,177.0,61.0,2285.0,1923.0,False,False
006208,2022-10-26 11:27:56.665159,-0.000888099467140302,-0.000888099467140302,-0.04999999999999716,-0.04999999999999716,56.25,56.3,56.25,56.3,102.0,61.0,2285.0,1923.0,False,False
006208,2022-10-26 11:27:56.665201,-0.000888099467140302,-0.000888099467140302,-0.04999999999999716,-0.04999999999999716,56.25,56.3,56.25,56.3,102.0,61.0,2285.0,1923.0,False,False
006208,2022-10-26 11:27:57.737395,-0.000888099467140302,-0.000888099467140302,-0.04999999999999716,-0.04999999999999716,56.25,56.3,56.25,56.3,102.0,61.0,2285.0,2533.0,True,True
006208,2022-10-26 11:27:57.960231,-0.000888099467140302,-0.000888099467140302,-0.04999999999999716,-0.04999999999999716,56.25,56.3,56.25,56.3,102.0,60.0,2285.0,2533.0,False,False
006208,2022-10-26 11:28:00.326752,-0.000888099467140302,-0.000888099467140302,-0.04999999999999716,-0.04999999999999716,56.25,56.3,56.25,56.3,102.0,59.0,2285.0,2533.0,False,False
006208,2022-10-26 11:28:00.354206,-0.000888099467140302,-0.000888099467140302,-0.04999999999999716,-0.04999999999999716,56.25,56.3,56.25,56.3,2.0,59.0,2285.0,2533.0,False,False
006208,2022-10-26 11:28:01.201038,-0.000888099467140302,-0.000888099467140302,-0.04999999999999716,-0.04999999999999716,56.25,56.3,56.25,56.3,3.0,59.0,2285.0,2533.0,False,False
006208,2022-10-26 11:28:01.354364,-0.000888099467140302,-0.000888099467140302,-0.04999999999999716,-0.04999999999999716,56.25,56.3,56.25,56.3,3.0,59.0,2285.0,2533.0,False,False
006208,2022-10-26 11:28:02.235318,-0.000888099467140302,-0.000888099467140302,-0.04999999999999716,-0.04999999999999716,56.25,56.3,56.25,56.3,3.0,59.0,2285.0,2533.0,False,False
006208,2022-10-26 11:28:02.239950,-0.000888099467140302,-0.000888099467140302,-0.04999999999999716,-0.04999999999999716,56.25,56.3,56.25,56.3,3.0,59.0,2285.0,2533.0,False,False
006208,2022-10-26 11:28:02.378189,-0.000888099467140302,-0.000888099467140302,-0.04999999999999716,-0.04999999999999716,56.25,56.3,56.25,56.3,3.0,59.0,2285.0,2533.0,False,False
006208,2022-10-26 11:28:03.053165,-0.000888099467140302,-0.000888099467140302,-0.04999999999999716,-0.04999999999999716,56.25,56.3,56.25,56.3,3.0,59.0,2285.0,2533.0,False,False
006208,2022-10-26 11:28:03.053490,-0.000888099467140302,-0.000888099467140302,-0.04999999999999716,-0.04999999999999716,56.25,56.3,56.25,56.3,3.0,59.0,2285.0,2533.0,False,False
006208,2022-10-26 11:28:03.378460,-0.000888099467140302,-0.000888099467140302,-0.04999999999999716,-0.04999999999999716,56.25,56.3,56.25,56.3,3.0,59.0,2285.0,2533.0,False,False
006208,2022-10-26 11:28:03.478680,-0.000888099467140302,-0.000888099467140302,-0.04999999999999716,-0.04999999999999716,56.25,56.3,56.25,56.3,3.0,59.0,2285.0,2533.0,False,False
006208,2022-10-26 11:28:05.150832,-0.000888099467140302,-0.000888099467140302,-0.04999999999999716,-0.04999999999999716,56.25,56.3,56.25,56.3,3.0,59.0,2285.0,2533.0,False,False
006208,2022-10-26 11:28:05.943422,-0.000888099467140302,-0.000888099467140302,-0.04999999999999716,-0.04999999999999716,56.25,56.3,56.25,56.3,3.0,59.0,2285.0,2533.0,False,False
006208,2022-10-26 11:28:06.544621,-0.000888099467140302,-0.000888099467140302,-0.04999999999999716,-0.04999999999999716,56.25,56.3,56.25,56.3,3.0,59.0,2285.0,2533.0,False,False
006208,2022-10-26 11:28:07.373631,-0.000888099467140302,-0.000888099467140302,-0.04999999999999716,-0.04999999999999716,56.25,56.3,56.25,56.3,3.0,59.0,2285.0,2483.0,False,True
006208,2022-10-26 11:28:08.357818,-0.000888099467140302,-0.000888099467140302,-0.04999999999999716,-0.04999999999999716,56.25,56.3,56.25,56.3,3.0,59.0,2285.0,2483.0,False,False
006208,2022-10-26 11:28:09.251147,-0.000888099467140302,-0.000888099467140302,-0.04999999999999716,-0.04999999999999716,56.25,56.3,56.25,56.3,3.0,59.0,2285.0,2483.0,False,False
006208,2022-10-26 11:28:10.337021,-0.000888099467140302,-0.000888099467140302,-0.04999999999999716,-0.04999999999999716,56.25,56.3,56.25,56.3,3.0,58.0,2285.0,2483.0,False,False
006208,2022-10-26 11:28:10.396839,-0.000888099467140302,-0.000888099467140302,-0.04999999999999716,-0.04999999999999716,56.25,56.3,56.25,56.3,3.0,58.0,2285.0,2483.0,False,False
006208,2022-10-26 11:28:11.770476,-0.000888099467140302,-0.000888099467140302,-0.04999999999999716,-0.04999999999999716,56.25,56.3,56.25,56.3,3.0,58.0,2285.0,2483.0,False,False
006208,2022-10-26 11:28:12.353306,-0.000888099467140302,-0.000888099467140302,-0.04999999999999716,-0.04999999999999716,56.25,56.3,56.25,56.3,3.0,58.0,2285.0,2483.0,False,False
006208,2022-10-26 11:28:12.356041,-0.000888099467140302,-0.000888099467140302,-0.04999999999999716,-0.04999999999999716,56.25,56.3,56.25,56.3,3.0,58.0,2285.0,2483.0,False,False
006208,2022-10-26 11:28:12.489500,-0.000888099467140302,-0.000888099467140302,-0.04999999999999716,-0.04999999999999716,56.25,56.3,56.25,56.3,3.0,58.0,2285.0,2483.0,False,False
006208,2022-10-26 11:28:12.914587,-0.000888099467140302,-0.000888099467140302,-0.04999999999999716,-0.04999999999999716,56.25,56.3,56.25,56.3,3.0,58.0,2285.0,2483.0,False,False
006208,2022-10-26 11:28:17.408717,-0.000888099467140302,-0.000888099467140302,-0.04999999999999716,-0.04999999999999716,56.25,56.3,56.25,56.3,3.0,58.0,2285.0,2483.0,True,True
006208,2022-10-26 11:28:20.316895,-0.000888099467140302,-0.000888099467140302,-0.04999999999999716,-0.04999999999999716,56.25,56.3,56.25,56.3,3.0,57.0,2285.0,2483.0,False,False
006208,2022-10-26 11:28:22.470842,-0.000888099467140302,-0.000888099467140302,-0.04999999999999716,-0.04999999999999716,56.25,56.3,56.25,56.3,3.0,57.0,2285.0,2483.0,False,False
006208,2022-10-26 11:28:22.473709,-0.000888099467140302,-0.000888099467140302,-0.04999999999999716,-0.04999999999999716,56.25,56.3,56.25,56.3,3.0,57.0,2285.0,2483.0,False,False
006208,2022-10-26 11:28:22.613318,-0.000888099467140302,-0.000888099467140302,-0.04999999999999716,-0.04999999999999716,56.25,56.3,56.25,56.3,3.0,57.0,2285.0,2483.0,False,False
006208,2022-10-26 11:28:30.201896,-0.000888099467140302,-0.000888099467140302,-0.04999999999999716,-0.04999999999999716,56.25,56.3,56.25,56.3,3.0,57.0,2285.0,2483.0,False,False
006208,2022-10-26 11:28:30.273814,-0.000888099467140302,-0.000888099467140302,-0.04999999999999716,-0.04999999999999716,56.25,56.3,56.25,56.3,3.0,57.0,2285.0,2483.0,False,False
006208,2022-10-26 11:28:30.311897,-0.000888099467140302,-0.000888099467140302,-0.04999999999999716,-0.04999999999999716,56.25,56.3,56.25,56.3,3.0,56.0,2285.0,2483.0,False,False
006208,2022-10-26 11:28:32.590069,-0.000888099467140302,-0.000888099467140302,-0.04999999999999716,-0.04999999999999716,56.25,56.3,56.25,56.3,3.0,56.0,2285.0,2483.0,False,False
006208,2022-10-26 11:28:32.595330,-0.000888099467140302,-0.000888099467140302,-0.04999999999999716,-0.04999999999999716,56.25,56.3,56.25,56.3,3.0,56.0,2285.0,2483.0,False,False
006208,2022-10-26 11:28:32.725211,-0.000888099467140302,-0.000888099467140302,-0.04999999999999716,-0.04999999999999716,56.25,56.3,56.25,56.3,3.0,56.0,2285.0,2483.0,False,False
006208,2022-10-26 11:28:35.338484,-0.000888099467140302,-0.000888099467140302,-0.04999999999999716,-0.04999999999999716,56.25,56.3,56.25,56.3,3.0,56.0,2285.0,2483.0,False,False
006208,2022-10-26 11:28:35.343860,-0.000888099467140302,-0.000888099467140302,-0.04999999999999716,-0.04999999999999716,56.25,56.3,56.25,56.3,3.0,86.0,2285.0,2483.0,False,False
006208,2022-10-26 11:28:37.473104,-0.000888099467140302,-0.000888099467140302,-0.04999999999999716,-0.04999999999999716,56.25,56.3,56.25,56.3,3.0,86.0,3384.0,2483.0,True,True
006208,2022-10-26 11:28:39.983479,-0.000888099467140302,-0.000888099467140302,-0.04999999999999716,-0.04999999999999716,56.25,56.3,56.25,56.3,3.0,85.0,3384.0,2483.0,False,False
006208,2022-10-26 11:28:40.337986,-0.000888099467140302,-0.000888099467140302,-0.04999999999999716,-0.04999999999999716,56.25,56.3,56.25,56.3,3.0,84.0,3384.0,2483.0,False,False
006208,2022-10-26 11:28:42.708507,-0.000888099467140302,-0.000888099467140302,-0.04999999999999716,-0.04999999999999716,56.25,56.3,56.25,56.3,3.0,84.0,3384.0,2483.0,False,False
006208,2022-10-26 11:28:42.714818,-0.000888099467140302,-0.000888099467140302,-0.04999999999999716,-0.04999999999999716,56.25,56.3,56.25,56.3,3.0,84.0,3384.0,2483.0,False,False
006208,2022-10-26 11:28:42.842885,-0.000888099467140302,-0.000888099467140302,-0.04999999999999716,-0.04999999999999716,56.25,56.3,56.25,56.3,3.0,159.0,3384.0,2483.0,False,False
006208,2022-10-26 11:28:45.877698,-0.000888099467140302,-0.000888099467140302,-0.04999999999999716,-0.04999999999999716,56.25,56.3,56.25,56.3,3.0,160.0,3384.0,2483.0,False,False
006208,2022-10-26 11:28:46.556598,-0.000888099467140302,-0.000888099467140302,-0.04999999999999716,-0.04999999999999716,56.25,56.3,56.25,56.3,3.0,160.0,3384.0,2483.0,False,False
006208,2022-10-26 11:28:46.627599,-0.000888099467140302,-0.000888099467140302,-0.04999999999999716,-0.04999999999999716,56.25,56.3,56.25,56.3,3.0,180.0,3384.0,2483.0,False,False
006208,2022-10-26 11:28:46.725719,-0.000888099467140302,-0.000888099467140302,-0.04999999999999716,-0.04999999999999716,56.25,56.3,56.25,56.3,3.0,180.0,3384.0,2483.0,False,False
006208,2022-10-26 11:28:46.843590,0.0,-0.001776198934280493,0.0,-0.09999999999999432,56.2,56.25,56.25,56.3,255.0,7.0,3384.0,2483.0,False,False
006208,2022-10-26 11:28:46.878553,0.0,-0.001776198934280493,0.0,-0.09999999999999432,56.2,56.25,56.25,56.3,255.0,7.0,3384.0,2483.0,False,False
006208,2022-10-26 11:28:47.079177,0.0,-0.001776198934280493,0.0,-0.09999999999999432,56.2,56.25,56.25,56.3,215.0,7.0,3384.0,2483.0,False,False
006208,2022-10-26 11:28:47.203032,0.0,-0.001776198934280493,0.0,-0.09999999999999432,56.2,56.25,56.25,56.3,215.0,7.0,3384.0,2483.0,False,False
006208,2022-10-26 11:28:47.213368,0.0,-0.001776198934280493,0.0,-0.09999999999999432,56.2,56.25,56.25,56.3,215.0,7.0,3384.0,2483.0,False,False
006208,2022-10-26 11:28:47.481503,0.0,-0.001776198934280493,0.0,-0.09999999999999432,56.2,56.25,56.25,56.3,115.0,7.0,3384.0,2483.0,False,False
006208,2022-10-26 11:28:47.509305,0.0,-0.001776198934280493,0.0,-0.09999999999999432,56.2,56.25,56.25,56.3,115.0,7.0,3384.0,2483.0,True,True
006208,2022-10-26 11:28:47.514519,0.0,-0.001776198934280493,0.0,-0.09999999999999432,56.2,56.25,56.25,56.3,115.0,7.0,3384.0,2483.0,False,False
006208,2022-10-26 11:28:47.532532,0.0,-0.001776198934280493,0.0,-0.09999999999999432,56.2,56.25,56.25,56.3,115.0,7.0,3384.0,2483.0,False,False
006208,2022-10-26 11:28:47.693400,0.0,-0.001776198934280493,0.0,-0.09999999999999432,56.2,56.25,56.25,56.3,115.0,7.0,3384.0,2483.0,False,False
006208,2022-10-26 11:28:47.713750,0.0,-0.001776198934280493,0.0,-0.09999999999999432,56.2,56.25,56.25,56.3,115.0,7.0,3384.0,2483.0,False,False
006208,2022-10-26 11:28:47.874328,0.0,-0.001776198934280493,0.0,-0.09999999999999432,56.2,56.25,56.25,56.3,115.0,7.0,3384.0,2483.0,False,False
006208,2022-10-26 11:28:47.979770,0.0,-0.001776198934280493,0.0,-0.09999999999999432,56.2,56.25,56.25,56.3,115.0,7.0,3384.0,2483.0,False,False
006208,2022-10-26 11:28:48.145224,0.0,-0.001776198934280493,0.0,-0.09999999999999432,56.2,56.25,56.25,56.3,115.0,7.0,3384.0,2483.0,False,False
006208,2022-10-26 11:28:48.176321,0.0,-0.001776198934280493,0.0,-0.09999999999999432,56.2,56.25,56.25,56.3,115.0,7.0,3384.0,2483.0,False,False
006208,2022-10-26 11:28:48.481959,0.0,-0.001776198934280493,0.0,-0.09999999999999432,56.2,56.25,56.25,56.3,215.0,7.0,3384.0,2483.0,False,False
006208,2022-10-26 11:28:48.506187,0.0,-0.001776198934280493,0.0,-0.09999999999999432,56.2,56.25,56.25,56.3,215.0,7.0,3384.0,2483.0,False,False
006208,2022-10-26 11:28:48.516272,0.0,-0.001776198934280493,0.0,-0.09999999999999432,56.2,56.25,56.25,56.3,181.0,7.0,3384.0,2483.0,False,False
006208,2022-10-26 11:28:48.659662,0.0,-0.001776198934280493,0.0,-0.09999999999999432,56.2,56.25,56.25,56.3,181.0,37.0,3384.0,2483.0,False,False
006208,2022-10-26 11:28:49.283987,0.0,-0.001776198934280493,0.0,-0.09999999999999432,56.2,56.25,56.25,56.3,182.0,37.0,3384.0,2483.0,False,False
006208,2022-10-26 11:28:50.301860,0.0,-0.001776198934280493,0.0,-0.09999999999999432,56.2,56.25,56.25,56.3,182.0,36.0,3384.0,2483.0,False,False
006208,2022-10-26 11:28:50.556643,0.0,-0.001776198934280493,0.0,-0.09999999999999432,56.2,56.25,56.25,56.3,182.0,36.0,3384.0,2483.0,False,False
006208,2022-10-26 11:28:50.622548,0.0,-0.001776198934280493,0.0,-0.09999999999999432,56.2,56.25,56.25,56.3,182.0,36.0,3384.0,2483.0,False,False
006208,2022-10-26 11:28:51.112647,0.0,-0.001776198934280493,0.0,-0.09999999999999432,56.2,56.25,56.25,56.3,182.0,36.0,3384.0,2483.0,False,False
006208,2022-10-26 11:28:51.113084,0.0,-0.001776198934280493,0.0,-0.09999999999999432,56.2,56.25,56.25,56.3,182.0,36.0,3384.0,2483.0,False,False
006208,2022-10-26 11:28:51.191626,0.0,-0.001776198934280493,0.0,-0.09999999999999432,56.2,56.25,56.25,56.3,182.0,36.0,3384.0,2483.0,False,False
006208,2022-10-26 11:28:51.258862,0.0,-0.001776198934280493,0.0,-0.09999999999999432,56.2,56.25,56.25,56.3,182.0,36.0,3384.0,2483.0,False,False
006208,2022-10-26 11:28:51.618344,0.0,-0.001776198934280493,0.0,-0.09999999999999432,56.2,56.25,56.25,56.3,182.0,36.0,3384.0,2483.0,False,False
006208,2022-10-26 11:28:51.633628,0.0,-0.001776198934280493,0.0,-0.09999999999999432,56.2,56.25,56.25,56.3,182.0,36.0,3384.0,2483.0,False,False
006208,2022-10-26 11:28:51.730612,0.0,-0.001776198934280493,0.0,-0.09999999999999432,56.2,56.25,56.25,56.3,182.0,36.0,3384.0,2483.0,False,False
006208,2022-10-26 11:28:51.824877,0.0,-0.001776198934280493,0.0,-0.09999999999999432,56.2,56.25,56.25,56.3,182.0,36.0,3384.0,2483.0,False,False
006208,2022-10-26 11:28:52.047447,0.0,-0.001776198934280493,0.0,-0.09999999999999432,56.2,56.25,56.25,56.3,182.0,36.0,3384.0,2483.0,False,False
006208,2022-10-26 11:28:52.604663,0.0,-0.001776198934280493,0.0,-0.09999999999999432,56.2,56.25,56.25,56.3,182.0,36.0,3384.0,2483.0,False,False
006208,2022-10-26 11:28:53.433845,0.0,-0.001776198934280493,0.0,-0.09999999999999432,56.2,56.25,56.25,56.3,182.0,6.0,3384.0,2483.0,False,False
006208,2022-10-26 11:28:53.439319,0.0,-0.001776198934280493,0.0,-0.09999999999999432,56.2,56.25,56.25,56.3,182.0,6.0,3384.0,2483.0,False,False
006208,2022-10-26 11:28:53.985600,0.0,-0.001776198934280493,0.0,-0.09999999999999432,56.2,56.25,56.25,56.3,182.0,6.0,3384.0,2483.0,False,False
006208,2022-10-26 11:28:54.697799,0.0,-0.001776198934280493,0.0,-0.09999999999999432,56.2,56.25,56.25,56.3,182.0,6.0,3384.0,2483.0,False,False
006208,2022-10-26 11:28:57.196312,0.0,-0.001776198934280493,0.0,-0.09999999999999432,56.2,56.25,56.25,56.3,182.0,6.0,3384.0,2483.0,False,False
006208,2022-10-26 11:28:57.199338,0.0,-0.001776198934280493,0.0,-0.09999999999999432,56.2,56.25,56.25,56.3,182.0,6.0,3384.0,2483.0,False,False
006208,2022-10-26 11:28:57.335377,0.0,-0.001776198934280493,0.0,-0.09999999999999432,56.2,56.25,56.25,56.3,182.0,6.0,3384.0,2483.0,False,False
006208,2022-10-26 11:28:57.537406,0.0,-0.001776198934280493,0.0,-0.09999999999999432,56.2,56.25,56.25,56.3,182.0,6.0,3384.0,2435.0,True,True
006208,2022-10-26 11:28:58.363805,0.0,-0.001776198934280493,0.0,-0.09999999999999432,56.2,56.25,56.25,56.3,182.0,6.0,3384.0,2435.0,False,False
006208,2022-10-26 11:28:58.986058,0.0,-0.001776198934280493,0.0,-0.09999999999999432,56.2,56.25,56.25,56.3,182.0,6.0,3384.0,2435.0,False,False
006208,2022-10-26 11:29:00.165468,0.0,-0.001776198934280493,0.0,-0.09999999999999432,56.2,56.25,56.25,56.3,182.0,6.0,3384.0,2435.0,False,False
006208,2022-10-26 11:29:01.551959,0.0,-0.001776198934280493,0.0,-0.09999999999999432,56.2,56.25,56.25,56.3,182.0,6.0,3384.0,2435.0,False,False
006208,2022-10-26 11:29:02.171032,0.0,-0.001776198934280493,0.0,-0.09999999999999432,56.2,56.25,56.25,56.3,182.0,6.0,3384.0,2435.0,False,False
006208,2022-10-26 11:29:03.527575,0.0,-0.001776198934280493,0.0,-0.09999999999999432,56.2,56.25,56.25,56.3,182.0,6.0,3384.0,2435.0,False,False
006208,2022-10-26 11:29:03.977423,0.0,-0.001776198934280493,0.0,-0.09999999999999432,56.2,56.25,56.25,56.3,182.0,6.0,3384.0,2435.0,False,False
006208,2022-10-26 11:29:04.828330,0.0,-0.001776198934280493,0.0,-0.09999999999999432,56.2,56.25,56.25,56.3,182.0,8.0,3384.0,2435.0,False,False
006208,2022-10-26 11:29:07.330079,0.0,-0.001776198934280493,0.0,-0.09999999999999432,56.2,56.25,56.25,56.3,182.0,8.0,3384.0,2435.0,False,False
006208,2022-10-26 11:29:07.332898,0.0,-0.001776198934280493,0.0,-0.09999999999999432,56.2,56.25,56.25,56.3,182.0,8.0,3384.0,2435.0,False,False
006208,2022-10-26 11:29:07.473437,0.0,-0.001776198934280493,0.0,-0.09999999999999432,56.2,56.25,56.25,56.3,182.0,8.0,3384.0,2435.0,False,False
006208,2022-10-26 11:29:07.578781,0.0,-0.001776198934280493,0.0,-0.09999999999999432,56.2,56.25,56.25,56.3,182.0,8.0,4383.0,2435.0,True,True
006208,2022-10-26 11:29:09.386046,0.0,-0.001776198934280493,0.0,-0.09999999999999432,56.2,56.25,56.25,56.3,182.0,8.0,4383.0,2435.0,False,False
006208,2022-10-26 11:29:09.526019,0.0,-0.001776198934280493,0.0,-0.09999999999999432,56.2,56.25,56.25,56.3,182.0,8.0,4383.0,2435.0,False,False
006208,2022-10-26 11:29:09.526272,0.0,-0.001776198934280493,0.0,-0.09999999999999432,56.2,56.25,56.25,56.3,182.0,8.0,4383.0,2435.0,False,False
006208,2022-10-26 11:29:10.292126,0.0,-0.001776198934280493,0.0,-0.09999999999999432,56.2,56.25,56.25,56.3,182.0,7.0,4383.0,2435.0,False,False
006208,2022-10-26 11:29:12.901377,0.0,-0.001776198934280493,0.0,-0.09999999999999432,56.2,56.25,56.25,56.3,182.0,6.0,4383.0,2435.0,False,False
006208,2022-10-26 11:29:13.570957,0.0,-0.001776198934280493,0.0,-0.09999999999999432,56.2,56.25,56.25,56.3,182.0,2.0,4383.0,2435.0,False,False
006208,2022-10-26 11:29:17.450486,0.0,-0.001776198934280493,0.0,-0.09999999999999432,56.2,56.25,56.25,56.3,182.0,2.0,4383.0,2435.0,False,False
006208,2022-10-26 11:29:17.453517,0.0,-0.001776198934280493,0.0,-0.09999999999999432,56.2,56.25,56.25,56.3,182.0,2.0,4383.0,2435.0,False,False
006208,2022-10-26 11:29:17.610209,0.0,-0.001776198934280493,0.0,-0.09999999999999432,56.2,56.25,56.25,56.3,182.0,2.0,4883.0,2435.0,True,True
006208,2022-10-26 11:29:17.581419,0.0,-0.001776198934280493,0.0,-0.09999999999999432,56.2,56.25,56.25,56.3,182.0,2.0,4883.0,2435.0,False,False
006208,2022-10-26 11:29:20.302510,0.0,-0.001776198934280493,0.0,-0.09999999999999432,56.2,56.25,56.25,56.3,182.0,1.0,4883.0,2435.0,False,False
006208,2022-10-26 11:29:23.508091,0.0,-0.001776198934280493,0.0,-0.09999999999999432,56.2,56.25,56.25,56.3,182.0,1.0,4883.0,2435.0,False,False
006208,2022-10-26 11:29:23.521039,0.0,-0.001776198934280493,0.0,-0.09999999999999432,56.2,56.25,56.25,56.3,182.0,1.0,4883.0,2435.0,False,False
006208,2022-10-26 11:29:25.710507,0.0,-0.001776198934280493,0.0,-0.09999999999999432,56.2,56.25,56.25,56.3,182.0,1.0,4883.0,2435.0,False,False
006208,2022-10-26 11:29:25.715386,0.0,-0.001776198934280493,0.0,-0.09999999999999432,56.2,56.25,56.25,56.3,182.0,1.0,4883.0,2435.0,False,False
006208,2022-10-26 11:29:27.564572,0.0,-0.001776198934280493,0.0,-0.09999999999999432,56.2,56.25,56.25,56.3,182.0,1.0,4883.0,2435.0,False,False
006208,2022-10-26 11:29:27.571949,0.0,-0.001776198934280493,0.0,-0.09999999999999432,56.2,56.25,56.25,56.3,182.0,1.0,4883.0,2435.0,False,False
006208,2022-10-26 11:29:27.701732,0.0,-0.001776198934280493,0.0,-0.09999999999999432,56.2,56.25,56.25,56.3,182.0,1.0,4883.0,2435.0,False,False
006208,2022-10-26 11:29:29.007398,0.0,-0.001776198934280493,0.0,-0.09999999999999432,56.2,56.25,56.25,56.3,182.0,1.0,4883.0,2435.0,False,False
006208,2022-10-26 11:29:30.016278,0.0,-0.001776198934280493,0.0,-0.09999999999999432,56.2,56.25,56.25,56.3,182.0,1.0,4883.0,2435.0,False,False
006208,2022-10-26 11:29:30.016569,0.0,-0.001776198934280493,0.0,-0.09999999999999432,56.2,56.25,56.25,56.3,182.0,1.0,4883.0,2435.0,False,False
006208,2022-10-26 11:29:30.282199,-0.000888099467140302,-0.001776198934280493,-0.04999999999999716,-0.09999999999999432,56.2,56.3,56.25,56.3,182.0,145.0,4883.0,2435.0,False,False
006208,2022-10-26 11:29:30.311299,-0.000888099467140302,-0.001776198934280493,-0.04999999999999716,-0.09999999999999432,56.2,56.3,56.25,56.3,182.0,145.0,4883.0,2435.0,False,False
006208,2022-10-26 11:29:30.517881,-0.000888099467140302,-0.001776198934280493,-0.04999999999999716,-0.09999999999999432,56.2,56.3,56.25,56.3,182.0,105.0,4883.0,2435.0,False,False
006208,2022-10-26 11:29:30.647738,-0.000888099467140302,-0.001776198934280493,-0.04999999999999716,-0.09999999999999432,56.2,56.3,56.25,56.3,182.0,105.0,4883.0,2435.0,False,False
006208,2022-10-26 11:29:31.924529,-0.000888099467140302,-0.001776198934280493,-0.04999999999999716,-0.09999999999999432,56.2,56.3,56.25,56.3,182.0,105.0,4883.0,2435.0,False,False
006208,2022-10-26 11:29:31.940326,-0.000888099467140302,-0.001776198934280493,-0.04999999999999716,-0.09999999999999432,56.2,56.3,56.25,56.3,182.0,105.0,4883.0,2435.0,False,False
006208,2022-10-26 11:29:32.057314,-0.000888099467140302,-0.001776198934280493,-0.04999999999999716,-0.09999999999999432,56.2,56.3,56.25,56.3,182.0,105.0,4883.0,2435.0,False,False
006208,2022-10-26 11:29:37.679457,-0.000888099467140302,-0.001776198934280493,-0.04999999999999716,-0.09999999999999432,56.2,56.3,56.25,56.3,182.0,105.0,3884.0,2227.0,True,True
006208,2022-10-26 11:29:40.292732,-0.000888099467140302,-0.001776198934280493,-0.04999999999999716,-0.09999999999999432,56.2,56.3,56.25,56.3,182.0,104.0,3884.0,2227.0,False,False
006208,2022-10-26 11:29:40.627874,-0.000888099467140302,-0.001776198934280493,-0.04999999999999716,-0.09999999999999432,56.2,56.3,56.25,56.3,182.0,104.0,3884.0,2227.0,False,False
006208,2022-10-26 11:29:40.633780,-0.000888099467140302,-0.001776198934280493,-0.04999999999999716,-0.09999999999999432,56.2,56.3,56.25,56.3,182.0,104.0,3884.0,2227.0,False,False
006208,2022-10-26 11:29:40.765403,-0.000888099467140302,-0.001776198934280493,-0.04999999999999716,-0.09999999999999432,56.2,56.3,56.25,56.3,182.0,104.0,3884.0,2227.0,False,False
006208,2022-10-26 11:29:42.593939,-0.000888099467140302,-0.001776198934280493,-0.04999999999999716,-0.09999999999999432,56.2,56.3,56.25,56.3,182.0,104.0,3884.0,2227.0,False,False
006208,2022-10-26 11:29:42.594315,-0.000888099467140302,-0.001776198934280493,-0.04999999999999716,-0.09999999999999432,56.2,56.3,56.25,56.3,182.0,104.0,3884.0,2227.0,False,False
006208,2022-10-26 11:29:43.608498,-0.000888099467140302,-0.001776198934280493,-0.04999999999999716,-0.09999999999999432,56.2,56.3,56.25,56.3,182.0,144.0,3884.0,2227.0,False,False
006208,2022-10-26 11:29:45.477552,-0.000888099467140302,-0.001776198934280493,-0.04999999999999716,-0.09999999999999432,56.2,56.3,56.25,56.3,182.0,104.0,3884.0,2227.0,False,False
006208,2022-10-26 11:29:45.560215,-0.000888099467140302,-0.000888099467140302,-0.04999999999999716,-0.04999999999999716,56.25,56.3,56.25,56.3,1.0,104.0,3884.0,2227.0,False,False
006208,2022-10-26 11:29:45.784986,-0.000888099467140302,-0.000888099467140302,-0.04999999999999716,-0.04999999999999716,56.25,56.3,56.25,56.3,1.0,104.0,3884.0,2227.0,False,False
006208,2022-10-26 11:29:46.646467,-0.000888099467140302,-0.000888099467140302,-0.04999999999999716,-0.04999999999999716,56.25,56.3,56.25,56.3,1.0,104.0,3884.0,2227.0,False,False
006208,2022-10-26 11:29:46.722825,-0.000888099467140302,-0.000888099467140302,-0.04999999999999716,-0.04999999999999716,56.25,56.3,56.25,56.3,1.0,104.0,3884.0,2227.0,False,False
006208,2022-10-26 11:29:46.733689,-0.000888099467140302,-0.000888099467140302,-0.04999999999999716,-0.04999999999999716,56.25,56.3,56.25,56.3,1.0,104.0,3884.0,2227.0,False,False
006208,2022-10-26 11:29:46.888658,-0.000888099467140302,-0.000888099467140302,-0.04999999999999716,-0.04999999999999716,56.25,56.3,56.25,56.3,1.0,103.0,3884.0,2227.0,False,False
006208,2022-10-26 11:29:47.709521,-0.000888099467140302,-0.000888099467140302,-0.04999999999999716,-0.04999999999999716,56.25,56.3,56.25,56.3,1.0,103.0,2885.0,2227.0,True,True
006208,2022-10-26 11:29:49.105314,-0.000888099467140302,-0.000888099467140302,-0.04999999999999716,-0.04999999999999716,56.25,56.3,56.25,56.3,1.0,103.0,2885.0,2227.0,False,False
006208,2022-10-26 11:29:49.105749,-0.000888099467140302,-0.000888099467140302,-0.04999999999999716,-0.04999999999999716,56.25,56.3,56.25,56.3,1.0,83.0,2885.0,2227.0,False,False
006208,2022-10-26 11:29:49.167033,-0.000888099467140302,-0.000888099467140302,-0.04999999999999716,-0.04999999999999716,56.25,56.3,56.25,56.3,1.0,83.0,2885.0,2227.0,False,False
006208,2022-10-26 11:29:49.478785,-0.000888099467140302,-0.000888099467140302,-0.04999999999999716,-0.04999999999999716,56.25,56.3,56.25,56.3,1.0,83.0,2885.0,2227.0,False,False
006208,2022-10-26 11:29:49.478929,-0.000888099467140302,-0.000888099467140302,-0.04999999999999716,-0.04999999999999716,56.25,56.3,56.25,56.3,1.0,83.0,2885.0,2227.0,False,False
006208,2022-10-26 11:29:49.684308,-0.000888099467140302,-0.000888099467140302,-0.04999999999999716,-0.04999999999999716,56.25,56.3,56.25,56.3,1.0,53.0,2885.0,2227.0,False,False
006208,2022-10-26 11:29:49.696844,-0.000888099467140302,-0.000888099467140302,-0.04999999999999716,-0.04999999999999716,56.25,56.3,56.25,56.3,1.0,53.0,2885.0,2227.0,False,False
006208,2022-10-26 11:29:50.272171,-0.000888099467140302,-0.000888099467140302,-0.04999999999999716,-0.04999999999999716,56.25,56.3,56.25,56.3,1.0,52.0,2885.0,2227.0,False,False
006208,2022-10-26 11:29:50.337852,-0.000888099467140302,-0.000888099467140302,-0.04999999999999716,-0.04999999999999716,56.25,56.3,56.25,56.3,1.0,52.0,2885.0,2227.0,False,False
006208,2022-10-26 11:29:50.338064,-0.000888099467140302,-0.000888099467140302,-0.04999999999999716,-0.04999999999999716,56.25,56.3,56.25,56.3,1.0,52.0,2885.0,2227.0,False,False
006208,2022-10-26 11:29:50.401003,-0.000888099467140302,-0.000888099467140302,-0.04999999999999716,-0.04999999999999716,56.25,56.3,56.25,56.3,1.0,52.0,2885.0,2227.0,False,False
006208,2022-10-26 11:29:50.401409,-0.000888099467140302,-0.000888099467140302,-0.04999999999999716,-0.04999999999999716,56.25,56.3,56.25,56.3,1.0,52.0,2885.0,2227.0,False,False
006208,2022-10-26 11:29:50.601282,-0.000888099467140302,-0.000888099467140302,-0.04999999999999716,-0.04999999999999716,56.25,56.3,56.25,56.3,1.0,52.0,2885.0,2227.0,False,False
006208,2022-10-26 11:29:51.080177,-0.000888099467140302,-0.000888099467140302,-0.04999999999999716,-0.04999999999999716,56.25,56.3,56.25,56.3,1.0,52.0,2885.0,2227.0,False,False
006208,2022-10-26 11:29:51.090975,-0.000888099467140302,-0.000888099467140302,-0.04999999999999716,-0.04999999999999716,56.25,56.3,56.25,56.3,1.0,52.0,2885.0,2227.0,False,False
006208,2022-10-26 11:29:51.155811,-0.000888099467140302,-0.000888099467140302,-0.04999999999999716,-0.04999999999999716,56.25,56.3,56.25,56.3,1.0,52.0,2885.0,2227.0,False,False
006208,2022-10-26 11:29:51.233755,-0.000888099467140302,-0.000888099467140302,-0.04999999999999716,-0.04999999999999716,56.25,56.3,56.25,56.3,1.0,52.0,2885.0,2227.0,False,False
006208,2022-10-26 11:29:55.459652,-0.000888099467140302,-0.000888099467140302,-0.04999999999999716,-0.04999999999999716,56.25,56.3,56.25,56.3,1.0,52.0,2885.0,2227.0,False,False
006208,2022-10-26 11:29:55.474301,-0.000888099467140302,-0.000888099467140302,-0.04999999999999716,-0.04999999999999716,56.25,56.3,56.25,56.3,1.0,102.0,2885.0,2227.0,False,False
006208,2022-10-26 11:29:55.809792,-0.000888099467140302,-0.000888099467140302,-0.04999999999999716,-0.04999999999999716,56.25,56.3,56.25,56.3,1.0,102.0,2885.0,2227.0,False,False
006208,2022-10-26 11:29:55.813428,-0.000888099467140302,-0.000888099467140302,-0.04999999999999716,-0.04999999999999716,56.25,56.3,56.25,56.3,1.0,102.0,2885.0,2227.0,False,False
006208,2022-10-26 11:29:55.948058,-0.000888099467140302,-0.000888099467140302,-0.04999999999999716,-0.04999999999999716,56.25,56.3,56.25,56.3,1.0,102.0,2885.0,2227.0,False,False
006208,2022-10-26 11:30:00.330484,-0.000888099467140302,-0.000888099467140302,-0.04999999999999716,-0.04999999999999716,56.25,56.3,56.25,56.3,1.0,102.0,2885.0,2227.0,False,False
006208,2022-10-26 11:30:00.330744,-0.000888099467140302,-0.000888099467140302,-0.04999999999999716,-0.04999999999999716,56.25,56.3,56.25,56.3,1.0,177.0,2885.0,2227.0,False,False
006208,2022-10-26 11:30:00.447304,-0.000888099467140302,-0.000888099467140302,-0.04999999999999716,-0.04999999999999716,56.25,56.3,56.25,56.3,1.0,176.0,2885.0,2227.0,False,False
006208,2022-10-26 11:30:01.081566,-0.000888099467140302,-0.000888099467140302,-0.04999999999999716,-0.04999999999999716,56.25,56.3,56.25,56.3,1.0,216.0,2885.0,2227.0,False,False
006208,2022-10-26 11:30:01.572904,-0.000888099467140302,-0.000888099467140302,-0.04999999999999716,-0.04999999999999716,56.25,56.3,56.25,56.3,1.0,216.0,2885.0,2227.0,False,False
006208,2022-10-26 11:30:01.666653,-0.000888099467140302,-0.000888099467140302,-0.04999999999999716,-0.04999999999999716,56.25,56.3,56.25,56.3,1.0,126.0,2885.0,2227.0,False,False
006208,2022-10-26 11:30:01.830557,-0.000888099467140302,-0.000888099467140302,-0.04999999999999716,-0.04999999999999716,56.25,56.3,56.25,56.3,1.0,126.0,2885.0,2227.0,False,False
006208,2022-10-26 11:30:01.931692,-0.000888099467140302,-0.000888099467140302,-0.04999999999999716,-0.04999999999999716,56.25,56.3,56.25,56.3,1.0,126.0,2885.0,2227.0,False,False
006208,2022-10-26 11:30:04.991397,-0.000888099467140302,-0.000888099467140302,-0.04999999999999716,-0.04999999999999716,56.25,56.3,56.25,56.3,1.0,126.0,2885.0,2227.0,False,False
006208,2022-10-26 11:30:04.996618,-0.000888099467140302,-0.000888099467140302,-0.04999999999999716,-0.04999999999999716,56.25,56.3,56.25,56.3,1.0,156.0,2885.0,2227.0,False,False
006208,2022-10-26 11:30:05.820186,-0.000888099467140302,-0.000888099467140302,-0.04999999999999716,-0.04999999999999716,56.25,56.3,56.25,56.3,1.0,196.0,2885.0,2227.0,False,False
006208,2022-10-26 11:30:05.986497,-0.000888099467140302,-0.000888099467140302,-0.04999999999999716,-0.04999999999999716,56.25,56.3,56.25,56.3,1.0,196.0,2885.0,2227.0,False,False
006208,2022-10-26 11:30:05.999973,-0.000888099467140302,-0.000888099467140302,-0.04999999999999716,-0.04999999999999716,56.25,56.3,56.25,56.3,1.0,196.0,2885.0,2227.0,False,False
006208,2022-10-26 11:30:06.134960,-0.000888099467140302,-0.000888099467140302,-0.04999999999999716,-0.04999999999999716,56.25,56.3,56.25,56.3,1.0,196.0,2885.0,2227.0,False,False
006208,2022-10-26 11:30:07.895731,-0.000888099467140302,-0.000888099467140302,-0.04999999999999716,-0.04999999999999716,56.25,56.3,56.25,56.3,1.0,196.0,2885.0,2247.0,True,True
006208,2022-10-26 11:30:10.022633,-0.000888099467140302,-0.000888099467140302,-0.04999999999999716,-0.04999999999999716,56.25,56.3,56.25,56.3,1.0,166.0,2885.0,2247.0,False,False
006208,2022-10-26 11:30:10.028003,-0.000888099467140302,-0.000888099467140302,-0.04999999999999716,-0.04999999999999716,56.25,56.3,56.25,56.3,1.0,166.0,2885.0,2247.0,False,False
006208,2022-10-26 11:30:10.307348,-0.000888099467140302,-0.000888099467140302,-0.04999999999999716,-0.04999999999999716,56.25,56.3,56.25,56.3,1.0,126.0,2885.0,2247.0,False,False
006208,2022-10-26 11:30:10.652249,-0.000888099467140302,-0.000888099467140302,-0.04999999999999716,-0.04999999999999716,56.25,56.3,56.25,56.3,1.0,126.0,2885.0,2247.0,False,False
006208,2022-10-26 11:30:11.456404,-0.000888099467140302,-0.000888099467140302,-0.04999999999999716,-0.04999999999999716,56.25,56.3,56.25,56.3,1.0,166.0,2885.0,2247.0,False,False
006208,2022-10-26 11:30:12.322686,-0.000888099467140302,-0.000888099467140302,-0.04999999999999716,-0.04999999999999716,56.25,56.3,56.25,56.3,1.0,126.0,2885.0,2247.0,False,False
006208,2022-10-26 11:30:13.732253,-0.000888099467140302,-0.000888099467140302,-0.04999999999999716,-0.04999999999999716,56.25,56.3,56.25,56.3,1.0,166.0,2885.0,2247.0,False,False
006208,2022-10-26 11:30:15.036334,-0.000888099467140302,-0.000888099467140302,-0.04999999999999716,-0.04999999999999716,56.25,56.3,56.25,56.3,1.0,166.0,2885.0,2247.0,False,False
006208,2022-10-26 11:30:15.047057,-0.000888099467140302,-0.000888099467140302,-0.04999999999999716,-0.04999999999999716,56.25,56.3,56.25,56.3,1.0,196.0,2885.0,2247.0,False,False
006208,2022-10-26 11:30:16.150441,-0.000888099467140302,-0.000888099467140302,-0.04999999999999716,-0.04999999999999716,56.25,56.3,56.25,56.3,1.0,196.0,2885.0,2247.0,False,False
006208,2022-10-26 11:30:16.158641,-0.000888099467140302,-0.000888099467140302,-0.04999999999999716,-0.04999999999999716,56.25,56.3,56.25,56.3,1.0,196.0,2885.0,2247.0,False,False
006208,2022-10-26 11:30:16.285872,-0.000888099467140302,-0.000888099467140302,-0.04999999999999716,-0.04999999999999716,56.25,56.3,56.25,56.3,1.0,196.0,2885.0,2247.0,False,False
006208,2022-10-26 11:30:17.190693,-0.000888099467140302,-0.000888099467140302,-0.04999999999999716,-0.04999999999999716,56.25,56.3,56.25,56.3,1.0,196.0,2885.0,2247.0,False,False
006208,2022-10-26 11:30:17.190786,-0.000888099467140302,-0.000888099467140302,-0.04999999999999716,-0.04999999999999716,56.25,56.3,56.25,56.3,1.0,216.0,2885.0,2247.0,False,False
006208,2022-10-26 11:30:17.891839,-0.000888099467140302,-0.000888099467140302,-0.04999999999999716,-0.04999999999999716,56.25,56.3,56.25,56.3,1.0,216.0,2885.0,2247.0,False,False
006208,2022-10-26 11:30:17.976825,-0.000888099467140302,-0.000888099467140302,-0.04999999999999716,-0.04999999999999716,56.25,56.3,56.25,56.3,1.0,216.0,2885.0,2247.0,False,False
006208,2022-10-26 11:30:20.279656,-0.000888099467140302,-0.000888099467140302,-0.04999999999999716,-0.04999999999999716,56.25,56.3,56.25,56.3,1.0,215.0,2885.0,2247.0,False,False
006208,2022-10-26 11:30:20.382941,-0.000888099467140302,-0.000888099467140302,-0.04999999999999716,-0.04999999999999716,56.25,56.3,56.25,56.3,1.0,195.0,2885.0,2247.0,False,False
006208,2022-10-26 11:30:20.470423,-0.000888099467140302,-0.000888099467140302,-0.04999999999999716,-0.04999999999999716,56.25,56.3,56.25,56.3,1.0,195.0,2885.0,2247.0,False,False
006208,2022-10-26 11:30:23.658864,-0.000888099467140302,-0.000888099467140302,-0.04999999999999716,-0.04999999999999716,56.25,56.3,56.25,56.3,1.0,155.0,2885.0,2247.0,False,False
006208,2022-10-26 11:30:24.475901,-0.000888099467140302,-0.000888099467140302,-0.04999999999999716,-0.04999999999999716,56.25,56.3,56.25,56.3,1.0,106.0,2885.0,2247.0,False,False
006208,2022-10-26 11:30:25.089352,-0.000888099467140302,-0.000888099467140302,-0.04999999999999716,-0.04999999999999716,56.25,56.3,56.25,56.3,1.0,156.0,2885.0,2247.0,False,False
006208,2022-10-26 11:30:26.293421,-0.000888099467140302,-0.000888099467140302,-0.04999999999999716,-0.04999999999999716,56.25,56.3,56.25,56.3,1.0,156.0,2885.0,2247.0,False,False
006208,2022-10-26 11:30:26.297022,-0.000888099467140302,-0.000888099467140302,-0.04999999999999716,-0.04999999999999716,56.25,56.3,56.25,56.3,1.0,156.0,2885.0,2247.0,False,False
006208,2022-10-26 11:30:26.431469,-0.000888099467140302,-0.000888099467140302,-0.04999999999999716,-0.04999999999999716,56.25,56.3,56.25,56.3,1.0,156.0,2885.0,2247.0,False,False
006208,2022-10-26 11:30:28.035778,-0.000888099467140302,-0.000888099467140302,-0.04999999999999716,-0.04999999999999716,56.25,56.3,56.25,56.3,1.0,156.0,2885.0,2243.0,True,True
006208,2022-10-26 11:30:30.711111,-0.000888099467140302,-0.000888099467140302,-0.04999999999999716,-0.04999999999999716,56.25,56.3,56.25,56.3,1.0,196.0,2885.0,2243.0,False,False
006208,2022-10-26 11:30:31.373426,-0.000888099467140302,-0.000888099467140302,-0.04999999999999716,-0.04999999999999716,56.25,56.3,56.25,56.3,1.0,156.0,2885.0,2243.0,False,False
006208,2022-10-26 11:30:32.772762,-0.000888099467140302,-0.000888099467140302,-0.04999999999999716,-0.04999999999999716,56.25,56.3,56.25,56.3,1.0,196.0,2885.0,2243.0,False,False
006208,2022-10-26 11:30:36.429703,-0.000888099467140302,-0.000888099467140302,-0.04999999999999716,-0.04999999999999716,56.25,56.3,56.25,56.3,1.0,196.0,2885.0,2243.0,False,False
006208,2022-10-26 11:30:36.434360,-0.000888099467140302,-0.000888099467140302,-0.04999999999999716,-0.04999999999999716,56.25,56.3,56.25,56.3,1.0,196.0,2885.0,2243.0,False,False
006208,2022-10-26 11:30:36.566799,-0.000888099467140302,-0.000888099467140302,-0.04999999999999716,-0.04999999999999716,56.25,56.3,56.25,56.3,1.0,196.0,2885.0,2243.0,False,False
006208,2022-10-26 11:30:38.093692,-0.000888099467140302,-0.000888099467140302,-0.04999999999999716,-0.04999999999999716,56.25,56.3,56.25,56.3,1.0,196.0,2885.0,2243.0,True,True
006208,2022-10-26 11:30:39.175858,-0.000888099467140302,-0.000888099467140302,-0.04999999999999716,-0.04999999999999716,56.25,56.3,56.25,56.3,1.0,196.0,2885.0,2243.0,False,False
006208,2022-10-26 11:30:39.176061,-0.000888099467140302,-0.000888099467140302,-0.04999999999999716,-0.04999999999999716,56.25,56.3,56.25,56.3,1.0,216.0,2885.0,2243.0,False,False
006208,2022-10-26 11:30:41.717697,-0.000888099467140302,-0.000888099467140302,-0.04999999999999716,-0.04999999999999716,56.25,56.3,56.25,56.3,1.0,176.0,2885.0,2243.0,False,False
006208,2022-10-26 11:30:41.785690,-0.000888099467140302,-0.000888099467140302,-0.04999999999999716,-0.04999999999999716,56.25,56.3,56.25,56.3,1.0,176.0,2885.0,2243.0,False,False
006208,2022-10-26 11:30:41.785908,-0.000888099467140302,-0.000888099467140302,-0.04999999999999716,-0.04999999999999716,56.25,56.3,56.25,56.3,1.0,176.0,2885.0,2243.0,False,False
006208,2022-10-26 11:30:42.017747,-0.000888099467140302,-0.000888099467140302,-0.04999999999999716,-0.04999999999999716,56.25,56.3,56.25,56.3,1.0,176.0,2885.0,2243.0,False,False
006208,2022-10-26 11:30:46.561952,-0.000888099467140302,-0.000888099467140302,-0.04999999999999716,-0.04999999999999716,56.25,56.3,56.25,56.3,1.0,176.0,2885.0,2243.0,False,False
006208,2022-10-26 11:30:46.570063,-0.000888099467140302,-0.000888099467140302,-0.04999999999999716,-0.04999999999999716,56.25,56.3,56.25,56.3,1.0,176.0,2885.0,2243.0,False,False
006208,2022-10-26 11:30:46.697286,-0.000888099467140302,-0.000888099467140302,-0.04999999999999716,-0.04999999999999716,56.25,56.3,56.25,56.3,1.0,176.0,2885.0,2243.0,False,False
006208,2022-10-26 11:30:48.150777,-0.000888099467140302,-0.000888099467140302,-0.04999999999999716,-0.04999999999999716,56.25,56.3,56.25,56.3,1.0,176.0,2885.0,2143.0,True,True
006208,2022-10-26 11:30:53.117811,-0.000888099467140302,-0.000888099467140302,-0.04999999999999716,-0.04999999999999716,56.25,56.3,56.25,56.3,1.0,175.0,2885.0,2143.0,False,False
006208,2022-10-26 11:30:56.693619,-0.000888099467140302,-0.000888099467140302,-0.04999999999999716,-0.04999999999999716,56.25,56.3,56.25,56.3,1.0,175.0,2885.0,2143.0,False,False
006208,2022-10-26 11:30:56.696703,-0.000888099467140302,-0.000888099467140302,-0.04999999999999716,-0.04999999999999716,56.25,56.3,56.25,56.3,1.0,175.0,2885.0,2143.0,False,False
006208,2022-10-26 11:30:56.829523,-0.000888099467140302,-0.000888099467140302,-0.04999999999999716,-0.04999999999999716,56.25,56.3,56.25,56.3,1.0,175.0,2885.0,2143.0,False,False
006208,2022-10-26 11:30:57.868487,-0.000888099467140302,-0.000888099467140302,-0.04999999999999716,-0.04999999999999716,56.25,56.3,56.25,56.3,1.0,155.0,2885.0,2143.0,False,False
006208,2022-10-26 11:30:57.868769,-0.000888099467140302,-0.000888099467140302,-0.04999999999999716,-0.04999999999999716,56.25,56.3,56.25,56.3,1.0,155.0,2885.0,2143.0,False,False
006208,2022-10-26 11:31:02.359438,-0.000888099467140302,-0.000888099467140302,-0.04999999999999716,-0.04999999999999716,56.25,56.3,56.25,56.3,1.0,195.0,2885.0,2143.0,False,False
006208,2022-10-26 11:31:05.046902,-0.000888099467140302,-0.000888099467140302,-0.04999999999999716,-0.04999999999999716,56.25,56.3,56.25,56.3,1.0,155.0,2885.0,2143.0,False,False
006208,2022-10-26 11:31:06.820240,-0.000888099467140302,-0.000888099467140302,-0.04999999999999716,-0.04999999999999716,56.25,56.3,56.25,56.3,1.0,155.0,2885.0,2143.0,False,False
006208,2022-10-26 11:31:06.887061,-0.000888099467140302,-0.000888099467140302,-0.04999999999999716,-0.04999999999999716,56.25,56.3,56.25,56.3,1.0,125.0,2885.0,2143.0,False,False
006208,2022-10-26 11:31:06.956617,-0.000888099467140302,-0.000888099467140302,-0.04999999999999716,-0.04999999999999716,56.25,56.3,56.25,56.3,1.0,125.0,2885.0,2143.0,False,False
006208,2022-10-26 11:31:07.445214,-0.000888099467140302,-0.000888099467140302,-0.04999999999999716,-0.04999999999999716,56.25,56.3,56.25,56.3,1.0,125.0,3424.0,2143.0,False,True
006208,2022-10-26 11:31:07.749304,-0.000888099467140302,-0.000888099467140302,-0.04999999999999716,-0.04999999999999716,56.25,56.3,56.25,56.3,1.0,50.0,3424.0,2143.0,False,False
006208,2022-10-26 11:31:07.749588,-0.000888099467140302,-0.000888099467140302,-0.04999999999999716,-0.04999999999999716,56.25,56.3,56.25,56.3,1.0,50.0,3424.0,2143.0,False,False
006208,2022-10-26 11:31:07.986436,-0.000888099467140302,-0.000888099467140302,-0.04999999999999716,-0.04999999999999716,56.25,56.3,56.25,56.3,1.0,50.0,3424.0,2143.0,False,False
006208,2022-10-26 11:31:07.991443,-0.000888099467140302,-0.000888099467140302,-0.04999999999999716,-0.04999999999999716,56.25,56.3,56.25,56.3,1.0,80.0,3424.0,2143.0,False,False
006208,2022-10-26 11:31:09.647600,-0.000888099467140302,-0.000888099467140302,-0.04999999999999716,-0.04999999999999716,56.25,56.3,56.25,56.3,1.0,80.0,3424.0,2143.0,False,False
006208,2022-10-26 11:31:09.657749,-0.000888099467140302,-0.000888099467140302,-0.04999999999999716,-0.04999999999999716,56.25,56.3,56.25,56.3,1.0,80.0,3424.0,2143.0,False,False
006208,2022-10-26 11:31:09.896013,-0.000888099467140302,-0.000888099467140302,-0.04999999999999716,-0.04999999999999716,56.25,56.3,56.25,56.3,1.0,80.0,3424.0,2143.0,False,False
006208,2022-10-26 11:31:09.896452,-0.000888099467140302,-0.000888099467140302,-0.04999999999999716,-0.04999999999999716,56.25,56.3,56.25,56.3,1.0,100.0,3424.0,2143.0,False,False
006208,2022-10-26 11:31:10.011461,-0.000888099467140302,-0.000888099467140302,-0.04999999999999716,-0.04999999999999716,56.25,56.3,56.25,56.3,1.0,80.0,3424.0,2143.0,False,False
006208,2022-10-26 11:31:11.370676,-0.000888099467140302,-0.000888099467140302,-0.04999999999999716,-0.04999999999999716,56.25,56.3,56.25,56.3,1.0,80.0,3424.0,2143.0,False,False
006208,2022-10-26 11:31:11.581964,-0.000888099467140302,-0.000888099467140302,-0.04999999999999716,-0.04999999999999716,56.25,56.3,56.25,56.3,1.0,79.0,3424.0,2143.0,False,False
006208,2022-10-26 11:31:16.949942,-0.000888099467140302,-0.000888099467140302,-0.04999999999999716,-0.04999999999999716,56.25,56.3,56.25,56.3,1.0,79.0,3424.0,2143.0,False,False
006208,2022-10-26 11:31:16.954296,-0.000888099467140302,-0.000888099467140302,-0.04999999999999716,-0.04999999999999716,56.25,56.3,56.25,56.3,1.0,79.0,3424.0,2143.0,False,False
006208,2022-10-26 11:31:17.097888,-0.000888099467140302,-0.000888099467140302,-0.04999999999999716,-0.04999999999999716,56.25,56.3,56.25,56.3,1.0,79.0,3424.0,2143.0,False,False
006208,2022-10-26 11:31:17.493107,-0.000888099467140302,-0.000888099467140302,-0.04999999999999716,-0.04999999999999716,56.25,56.3,56.25,56.3,1.0,79.0,3424.0,2160.0,True,True
006208,2022-10-26 11:31:19.405527,-0.000888099467140302,-0.000888099467140302,-0.04999999999999716,-0.04999999999999716,56.25,56.3,56.25,56.3,1.0,79.0,3424.0,2160.0,False,False
006208,2022-10-26 11:31:19.410431,-0.000888099467140302,-0.000888099467140302,-0.04999999999999716,-0.04999999999999716,56.25,56.3,56.25,56.3,1.0,154.0,3424.0,2160.0,False,False
006208,2022-10-26 11:31:22.020666,-0.000888099467140302,-0.000888099467140302,-0.04999999999999716,-0.04999999999999716,56.25,56.3,56.25,56.3,1.0,154.0,3424.0,2160.0,False,False
006208,2022-10-26 11:31:22.131063,-0.000888099467140302,-0.000888099467140302,-0.04999999999999716,-0.04999999999999716,56.25,56.3,56.25,56.3,1.0,154.0,3424.0,2160.0,False,False
006208,2022-10-26 11:31:22.319245,-0.000888099467140302,-0.000888099467140302,-0.04999999999999716,-0.04999999999999716,56.25,56.3,56.25,56.3,1.0,154.0,3424.0,2160.0,False,False
006208,2022-10-26 11:31:22.319570,-0.000888099467140302,-0.000888099467140302,-0.04999999999999716,-0.04999999999999716,56.25,56.3,56.25,56.3,1.0,174.0,3424.0,2160.0,False,False
006208,2022-10-26 11:31:26.184660,-0.000888099467140302,-0.000888099467140302,-0.04999999999999716,-0.04999999999999716,56.25,56.3,56.25,56.3,1.0,125.0,3424.0,2160.0,False,False
006208,2022-10-26 11:31:26.792728,-0.000888099467140302,-0.000888099467140302,-0.04999999999999716,-0.04999999999999716,56.25,56.3,56.25,56.3,1.0,175.0,3424.0,2160.0,False,False
006208,2022-10-26 11:31:27.080968,-0.000888099467140302,-0.000888099467140302,-0.04999999999999716,-0.04999999999999716,56.25,56.3,56.25,56.3,1.0,175.0,3424.0,2160.0,False,False
006208,2022-10-26 11:31:27.129601,-0.000888099467140302,-0.000888099467140302,-0.04999999999999716,-0.04999999999999716,56.25,56.3,56.25,56.3,1.0,174.0,3424.0,2160.0,False,False
006208,2022-10-26 11:31:27.086671,-0.000888099467140302,-0.000888099467140302,-0.04999999999999716,-0.04999999999999716,56.25,56.3,56.25,56.3,1.0,175.0,3424.0,2160.0,False,False
006208,2022-10-26 11:31:27.213962,-0.000888099467140302,-0.000888099467140302,-0.04999999999999716,-0.04999999999999716,56.25,56.3,56.25,56.3,1.0,174.0,3424.0,2160.0,False,False
006208,2022-10-26 11:31:28.977141,-0.000888099467140302,-0.000888099467140302,-0.04999999999999716,-0.04999999999999716,56.25,56.3,56.25,56.3,1.0,154.0,3424.0,2160.0,False,False
006208,2022-10-26 11:31:28.977326,-0.000888099467140302,-0.000888099467140302,-0.04999999999999716,-0.04999999999999716,56.25,56.3,56.25,56.3,1.0,154.0,3424.0,2160.0,False,False
006208,2022-10-26 11:31:29.950498,-0.000888099467140302,-0.000888099467140302,-0.04999999999999716,-0.04999999999999716,56.25,56.3,56.25,56.3,1.0,154.0,3424.0,2160.0,False,False
006208,2022-10-26 11:31:29.950743,-0.000888099467140302,-0.000888099467140302,-0.04999999999999716,-0.04999999999999716,56.25,56.3,56.25,56.3,1.0,174.0,3424.0,2160.0,False,False
006208,2022-10-26 11:31:37.208579,-0.000888099467140302,-0.000888099467140302,-0.04999999999999716,-0.04999999999999716,56.25,56.3,56.25,56.3,1.0,174.0,3424.0,2160.0,False,False
006208,2022-10-26 11:31:37.213264,-0.000888099467140302,-0.000888099467140302,-0.04999999999999716,-0.04999999999999716,56.25,56.3,56.25,56.3,1.0,174.0,3424.0,2160.0,False,False
006208,2022-10-26 11:31:37.342635,-0.000888099467140302,-0.000888099467140302,-0.04999999999999716,-0.04999999999999716,56.25,56.3,56.25,56.3,1.0,174.0,3424.0,2160.0,False,False
006208,2022-10-26 11:31:37.583089,-0.000888099467140302,-0.000888099467140302,-0.04999999999999716,-0.04999999999999716,56.25,56.3,56.25,56.3,1.0,174.0,3424.0,2160.0,True,True
006208,2022-10-26 11:31:43.900824,-0.000888099467140302,-0.000888099467140302,-0.04999999999999716,-0.04999999999999716,56.25,56.3,56.25,56.3,1.0,174.0,3424.0,2160.0,False,False
006208,2022-10-26 11:31:43.901050,-0.000888099467140302,-0.000888099467140302,-0.04999999999999716,-0.04999999999999716,56.25,56.3,56.25,56.3,1.0,154.0,3424.0,2160.0,False,False
006208,2022-10-26 11:31:45.090954,-0.000888099467140302,-0.000888099467140302,-0.04999999999999716,-0.04999999999999716,56.25,56.3,56.25,56.3,1.0,154.0,3424.0,2160.0,False,False
006208,2022-10-26 11:31:45.091171,-0.000888099467140302,-0.000888099467140302,-0.04999999999999716,-0.04999999999999716,56.25,56.3,56.25,56.3,1.0,174.0,3424.0,2160.0,False,False
006208,2022-10-26 11:31:47.334231,-0.000888099467140302,-0.000888099467140302,-0.04999999999999716,-0.04999999999999716,56.25,56.3,56.25,56.3,1.0,174.0,3424.0,2160.0,False,False
006208,2022-10-26 11:31:47.337591,-0.000888099467140302,-0.000888099467140302,-0.04999999999999716,-0.04999999999999716,56.25,56.3,56.25,56.3,1.0,174.0,3424.0,2160.0,False,False
006208,2022-10-26 11:31:47.486990,-0.000888099467140302,-0.000888099467140302,-0.04999999999999716,-0.04999999999999716,56.25,56.3,56.25,56.3,1.0,174.0,3424.0,2160.0,False,False
006208,2022-10-26 11:31:47.622298,-0.000888099467140302,-0.000888099467140302,-0.04999999999999716,-0.04999999999999716,56.25,56.3,56.25,56.3,1.0,174.0,3324.0,2060.0,True,True
006208,2022-10-26 11:31:52.681122,-0.000888099467140302,-0.000888099467140302,-0.04999999999999716,-0.04999999999999716,56.25,56.3,56.25,56.3,1.0,174.0,3324.0,2060.0,False,False
006208,2022-10-26 11:31:52.681631,-0.000888099467140302,-0.000888099467140302,-0.04999999999999716,-0.04999999999999716,56.25,56.3,56.25,56.3,1.0,154.0,3324.0,2060.0,False,False
006208,2022-10-26 11:31:54.084925,-0.000888099467140302,-0.000888099467140302,-0.04999999999999716,-0.04999999999999716,56.25,56.3,56.25,56.3,1.0,154.0,3324.0,2060.0,False,False
006208,2022-10-26 11:31:54.085141,-0.000888099467140302,-0.000888099467140302,-0.04999999999999716,-0.04999999999999716,56.25,56.3,56.25,56.3,1.0,174.0,3324.0,2060.0,False,False
006208,2022-10-26 11:31:57.462444,-0.000888099467140302,-0.000888099467140302,-0.04999999999999716,-0.04999999999999716,56.25,56.3,56.25,56.3,1.0,174.0,3324.0,2060.0,False,False
006208,2022-10-26 11:31:57.465649,-0.000888099467140302,-0.000888099467140302,-0.04999999999999716,-0.04999999999999716,56.25,56.3,56.25,56.3,1.0,174.0,3324.0,2060.0,False,False
006208,2022-10-26 11:31:57.675798,-0.000888099467140302,-0.000888099467140302,-0.04999999999999716,-0.04999999999999716,56.25,56.3,56.25,56.3,1.0,174.0,3024.0,2060.0,True,True
006208,2022-10-26 11:31:57.599135,-0.000888099467140302,-0.000888099467140302,-0.04999999999999716,-0.04999999999999716,56.25,56.3,56.25,56.3,1.0,174.0,3024.0,2060.0,False,False
006208,2022-10-26 11:31:59.060156,-0.000888099467140302,-0.000888099467140302,-0.04999999999999716,-0.04999999999999716,56.25,56.3,56.25,56.3,1.0,174.0,3024.0,2060.0,False,False
006208,2022-10-26 11:31:59.060307,-0.000888099467140302,-0.000888099467140302,-0.04999999999999716,-0.04999999999999716,56.25,56.3,56.25,56.3,1.0,154.0,3024.0,2060.0,False,False
006208,2022-10-26 11:31:59.285026,-0.000888099467140302,-0.000888099467140302,-0.04999999999999716,-0.04999999999999716,56.25,56.3,56.25,56.3,1.0,154.0,3024.0,2060.0,False,False
006208,2022-10-26 11:31:59.285156,-0.000888099467140302,-0.000888099467140302,-0.04999999999999716,-0.04999999999999716,56.25,56.3,56.25,56.3,1.0,174.0,3024.0,2060.0,False,False
006208,2022-10-26 11:32:00.200213,-0.000888099467140302,-0.000888099467140302,-0.04999999999999716,-0.04999999999999716,56.25,56.3,56.25,56.3,1.0,173.0,3024.0,2060.0,False,False
006208,2022-10-26 11:32:07.592873,-0.000888099467140302,-0.000888099467140302,-0.04999999999999716,-0.04999999999999716,56.25,56.3,56.25,56.3,1.0,173.0,3024.0,2060.0,False,False
006208,2022-10-26 11:32:07.597869,-0.000888099467140302,-0.000888099467140302,-0.04999999999999716,-0.04999999999999716,56.25,56.3,56.25,56.3,1.0,173.0,3024.0,2060.0,False,False
006208,2022-10-26 11:32:07.712908,-0.000888099467140302,-0.000888099467140302,-0.04999999999999716,-0.04999999999999716,56.25,56.3,56.25,56.3,1.0,173.0,3024.0,2040.0,True,True
006208,2022-10-26 11:32:07.737093,-0.000888099467140302,-0.000888099467140302,-0.04999999999999716,-0.04999999999999716,56.25,56.3,56.25,56.3,1.0,173.0,3024.0,2040.0,False,False
006208,2022-10-26 11:32:07.982522,-0.000888099467140302,-0.000888099467140302,-0.04999999999999716,-0.04999999999999716,56.25,56.3,56.25,56.3,1.0,173.0,3024.0,2040.0,False,False
006208,2022-10-26 11:32:07.982679,-0.000888099467140302,-0.000888099467140302,-0.04999999999999716,-0.04999999999999716,56.25,56.3,56.25,56.3,1.0,153.0,3024.0,2040.0,False,False
006208,2022-10-26 11:32:15.125026,-0.000888099467140302,-0.001776198934280493,-0.04999999999999716,-0.09999999999999432,56.2,56.3,56.25,56.3,256.0,152.0,3024.0,2040.0,False,False
006208,2022-10-26 11:32:15.160194,-0.000888099467140302,-0.001776198934280493,-0.04999999999999716,-0.09999999999999432,56.2,56.3,56.25,56.3,256.0,152.0,3024.0,2040.0,False,False
006208,2022-10-26 11:32:15.279961,-0.000888099467140302,-0.001776198934280493,-0.04999999999999716,-0.09999999999999432,56.2,56.3,56.25,56.3,216.0,152.0,3024.0,2040.0,False,False
006208,2022-10-26 11:32:15.410007,-0.000888099467140302,-0.001776198934280493,-0.04999999999999716,-0.09999999999999432,56.2,56.3,56.25,56.3,216.0,152.0,3024.0,2040.0,False,False
006208,2022-10-26 11:32:15.468185,-0.000888099467140302,-0.001776198934280493,-0.04999999999999716,-0.09999999999999432,56.2,56.3,56.25,56.3,216.0,151.0,3024.0,2040.0,False,False
006208,2022-10-26 11:32:15.777440,-0.000888099467140302,-0.001776198934280493,-0.04999999999999716,-0.09999999999999432,56.2,56.3,56.25,56.3,216.0,151.0,3024.0,2040.0,False,False
006208,2022-10-26 11:32:15.778105,-0.000888099467140302,-0.001776198934280493,-0.04999999999999716,-0.09999999999999432,56.2,56.3,56.25,56.3,216.0,151.0,3024.0,2040.0,False,False
006208,2022-10-26 11:32:16.736331,-0.000888099467140302,-0.001776198934280493,-0.04999999999999716,-0.09999999999999432,56.2,56.3,56.25,56.3,182.0,151.0,3024.0,2040.0,False,False
006208,2022-10-26 11:32:16.768043,-0.000888099467140302,-0.001776198934280493,-0.04999999999999716,-0.09999999999999432,56.2,56.3,56.25,56.3,182.0,151.0,3024.0,2040.0,False,False
006208,2022-10-26 11:32:17.255385,-0.000888099467140302,-0.001776198934280493,-0.04999999999999716,-0.09999999999999432,56.2,56.3,56.25,56.3,182.0,125.0,3024.0,2040.0,False,False
006208,2022-10-26 11:32:17.261391,-0.000888099467140302,-0.001776198934280493,-0.04999999999999716,-0.09999999999999432,56.2,56.3,56.25,56.3,182.0,125.0,3024.0,2040.0,False,False
006208,2022-10-26 11:32:17.752968,-0.000888099467140302,-0.001776198934280493,-0.04999999999999716,-0.09999999999999432,56.2,56.3,56.25,56.3,182.0,125.0,3024.0,1451.0,True,True
006208,2022-10-26 11:32:17.840005,-0.000888099467140302,-0.001776198934280493,-0.04999999999999716,-0.09999999999999432,56.2,56.3,56.25,56.3,182.0,125.0,3024.0,1451.0,False,False
006208,2022-10-26 11:32:17.858435,-0.000888099467140302,-0.001776198934280493,-0.04999999999999716,-0.09999999999999432,56.2,56.3,56.25,56.3,182.0,125.0,3024.0,1451.0,False,False
006208,2022-10-26 11:32:18.036099,-0.000888099467140302,-0.001776198934280493,-0.04999999999999716,-0.09999999999999432,56.2,56.3,56.25,56.3,182.0,125.0,3024.0,1451.0,False,False
006208,2022-10-26 11:32:18.553093,-0.000888099467140302,-0.001776198934280493,-0.04999999999999716,-0.09999999999999432,56.2,56.3,56.25,56.3,182.0,125.0,3024.0,1451.0,False,False
006208,2022-10-26 11:32:18.558436,-0.000888099467140302,-0.001776198934280493,-0.04999999999999716,-0.09999999999999432,56.2,56.3,56.25,56.3,182.0,155.0,3024.0,1451.0,False,False
006208,2022-10-26 11:32:20.241761,-0.000888099467140302,-0.001776198934280493,-0.04999999999999716,-0.09999999999999432,56.2,56.3,56.25,56.3,182.0,155.0,3024.0,1451.0,False,False
006208,2022-10-26 11:32:20.241900,-0.000888099467140302,-0.001776198934280493,-0.04999999999999716,-0.09999999999999432,56.2,56.3,56.25,56.3,182.0,155.0,3024.0,1451.0,False,False
006208,2022-10-26 11:32:21.193357,-0.000888099467140302,-0.001776198934280493,-0.04999999999999716,-0.09999999999999432,56.2,56.3,56.25,56.3,182.0,155.0,3024.0,1451.0,False,False
006208,2022-10-26 11:32:21.201344,-0.000888099467140302,-0.001776198934280493,-0.04999999999999716,-0.09999999999999432,56.2,56.3,56.25,56.3,182.0,155.0,3024.0,1451.0,False,False
006208,2022-10-26 11:32:21.214854,-0.000888099467140302,-0.001776198934280493,-0.04999999999999716,-0.09999999999999432,56.2,56.3,56.25,56.3,182.0,155.0,3024.0,1451.0,False,False
006208,2022-10-26 11:32:25.418641,-0.000888099467140302,-0.001776198934280493,-0.04999999999999716,-0.09999999999999432,56.2,56.3,56.25,56.3,182.0,155.0,3024.0,1451.0,False,False
006208,2022-10-26 11:32:25.420808,-0.000888099467140302,-0.001776198934280493,-0.04999999999999716,-0.09999999999999432,56.2,56.3,56.25,56.3,182.0,155.0,3024.0,1451.0,False,False
006208,2022-10-26 11:32:25.545353,-0.000888099467140302,-0.001776198934280493,-0.04999999999999716,-0.09999999999999432,56.2,56.3,56.25,56.3,182.0,155.0,3024.0,1451.0,False,False
006208,2022-10-26 11:32:27.809659,-0.000888099467140302,-0.001776198934280493,-0.04999999999999716,-0.09999999999999432,56.2,56.3,56.25,56.3,182.0,155.0,3024.0,1441.0,True,True
006208,2022-10-26 11:32:30.225953,-0.000888099467140302,-0.001776198934280493,-0.04999999999999716,-0.09999999999999432,56.2,56.3,56.25,56.3,182.0,154.0,3024.0,1441.0,False,False
006208,2022-10-26 11:32:31.146976,-0.000888099467140302,-0.001776198934280493,-0.04999999999999716,-0.09999999999999432,56.2,56.3,56.25,56.3,182.0,154.0,3024.0,1441.0,False,False
006208,2022-10-26 11:32:31.147133,-0.000888099467140302,-0.001776198934280493,-0.04999999999999716,-0.09999999999999432,56.2,56.3,56.25,56.3,182.0,174.0,3024.0,1441.0,False,False
006208,2022-10-26 11:32:32.262170,-0.000888099467140302,-0.001776198934280493,-0.04999999999999716,-0.09999999999999432,56.2,56.3,56.25,56.3,182.0,176.0,3024.0,1441.0,False,False
006208,2022-10-26 11:32:33.715705,-0.000888099467140302,-0.001776198934280493,-0.04999999999999716,-0.09999999999999432,56.2,56.3,56.25,56.3,182.0,176.0,3024.0,1441.0,False,False
006208,2022-10-26 11:32:34.137607,-0.000888099467140302,-0.001776198934280493,-0.04999999999999716,-0.09999999999999432,56.2,56.3,56.25,56.3,182.0,216.0,3024.0,1441.0,False,False
006208,2022-10-26 11:32:34.163116,-0.000888099467140302,-0.001776198934280493,-0.04999999999999716,-0.09999999999999432,56.2,56.3,56.25,56.3,182.0,215.0,3024.0,1441.0,False,False
006208,2022-10-26 11:32:34.234736,-0.000888099467140302,-0.001776198934280493,-0.04999999999999716,-0.09999999999999432,56.2,56.3,56.25,56.3,182.0,215.0,3024.0,1441.0,False,False
006208,2022-10-26 11:32:34.234963,-0.000888099467140302,-0.001776198934280493,-0.04999999999999716,-0.09999999999999432,56.2,56.3,56.25,56.3,182.0,215.0,3024.0,1441.0,False,False
006208,2022-10-26 11:32:35.536813,-0.000888099467140302,-0.001776198934280493,-0.04999999999999716,-0.09999999999999432,56.2,56.3,56.25,56.3,182.0,215.0,3024.0,1441.0,False,False
006208,2022-10-26 11:32:35.539450,-0.000888099467140302,-0.001776198934280493,-0.04999999999999716,-0.09999999999999432,56.2,56.3,56.25,56.3,182.0,215.0,3024.0,1441.0,False,False
006208,2022-10-26 11:32:35.673657,-0.000888099467140302,-0.001776198934280493,-0.04999999999999716,-0.09999999999999432,56.2,56.3,56.25,56.3,182.0,215.0,3024.0,1441.0,False,False
006208,2022-10-26 11:32:37.856931,-0.000888099467140302,-0.001776198934280493,-0.04999999999999716,-0.09999999999999432,56.2,56.3,56.25,56.3,182.0,215.0,3024.0,2639.0,True,True
006208,2022-10-26 11:32:39.484199,-0.000888099467140302,-0.001776198934280493,-0.04999999999999716,-0.09999999999999432,56.2,56.3,56.25,56.3,182.0,215.0,3024.0,2639.0,False,False
006208,2022-10-26 11:32:39.484730,-0.000888099467140302,-0.001776198934280493,-0.04999999999999716,-0.09999999999999432,56.2,56.3,56.25,56.3,182.0,215.0,3024.0,2639.0,False,False
006208,2022-10-26 11:32:40.965748,-0.000888099467140302,-0.001776198934280493,-0.04999999999999716,-0.09999999999999432,56.2,56.3,56.25,56.3,182.0,214.0,3024.0,2639.0,False,False
006208,2022-10-26 11:32:41.269342,-0.000888099467140302,-0.001776198934280493,-0.04999999999999716,-0.09999999999999432,56.2,56.3,56.25,56.3,182.0,174.0,3024.0,2639.0,False,False
006208,2022-10-26 11:32:42.179473,-0.000888099467140302,-0.001776198934280493,-0.04999999999999716,-0.09999999999999432,56.2,56.3,56.25,56.3,182.0,214.0,3024.0,2639.0,False,False
006208,2022-10-26 11:32:42.219503,-0.000888099467140302,-0.001776198934280493,-0.04999999999999716,-0.09999999999999432,56.2,56.3,56.25,56.3,182.0,174.0,3024.0,2639.0,False,False
006208,2022-10-26 11:32:44.254663,-0.000888099467140302,-0.001776198934280493,-0.04999999999999716,-0.09999999999999432,56.2,56.3,56.25,56.3,182.0,154.0,3024.0,2639.0,False,False
006208,2022-10-26 11:32:44.257846,-0.000888099467140302,-0.001776198934280493,-0.04999999999999716,-0.09999999999999432,56.2,56.3,56.25,56.3,182.0,154.0,3024.0,2639.0,False,False
006208,2022-10-26 11:32:45.547695,-0.000888099467140302,-0.001776198934280493,-0.04999999999999716,-0.09999999999999432,56.2,56.3,56.25,56.3,182.0,154.0,3024.0,2639.0,False,False
006208,2022-10-26 11:32:45.547948,-0.000888099467140302,-0.001776198934280493,-0.04999999999999716,-0.09999999999999432,56.2,56.3,56.25,56.3,182.0,174.0,3024.0,2639.0,False,False
006208,2022-10-26 11:32:45.673202,-0.000888099467140302,-0.001776198934280493,-0.04999999999999716,-0.09999999999999432,56.2,56.3,56.25,56.3,182.0,174.0,3024.0,2639.0,False,False
006208,2022-10-26 11:32:45.833385,-0.000888099467140302,-0.001776198934280493,-0.04999999999999716,-0.09999999999999432,56.2,56.3,56.25,56.3,182.0,214.0,3024.0,2639.0,False,False
006208,2022-10-26 11:32:47.895062,-0.000888099467140302,-0.001776198934280493,-0.04999999999999716,-0.09999999999999432,56.2,56.3,56.25,56.3,182.0,214.0,3024.0,2439.0,True,True
006208,2022-10-26 11:32:51.459248,-0.000888099467140302,-0.001776198934280493,-0.04999999999999716,-0.09999999999999432,56.2,56.3,56.25,56.3,182.0,214.0,3024.0,2439.0,False,False
006208,2022-10-26 11:32:51.459352,-0.000888099467140302,-0.001776198934280493,-0.04999999999999716,-0.09999999999999432,56.2,56.3,56.25,56.3,182.0,214.0,3024.0,2439.0,False,False
006208,2022-10-26 11:32:55.793816,-0.000888099467140302,-0.001776198934280493,-0.04999999999999716,-0.09999999999999432,56.2,56.3,56.25,56.3,182.0,214.0,3024.0,2439.0,False,False
006208,2022-10-26 11:32:55.796878,-0.000888099467140302,-0.001776198934280493,-0.04999999999999716,-0.09999999999999432,56.2,56.3,56.25,56.3,182.0,214.0,3024.0,2439.0,False,False
006208,2022-10-26 11:32:55.929648,-0.000888099467140302,-0.001776198934280493,-0.04999999999999716,-0.09999999999999432,56.2,56.3,56.25,56.3,182.0,214.0,3024.0,2439.0,False,False
006208,2022-10-26 11:32:57.942874,-0.000888099467140302,-0.001776198934280493,-0.04999999999999716,-0.09999999999999432,56.2,56.3,56.25,56.3,182.0,214.0,3024.0,3139.0,True,True
006208,2022-10-26 11:32:58.662484,-0.000888099467140302,-0.001776198934280493,-0.04999999999999716,-0.09999999999999432,56.2,56.3,56.25,56.3,182.0,174.0,3024.0,3139.0,False,False
006208,2022-10-26 11:32:58.725180,-0.000888099467140302,-0.001776198934280493,-0.04999999999999716,-0.09999999999999432,56.2,56.3,56.25,56.3,182.0,174.0,3024.0,3139.0,False,False
006208,2022-10-26 11:32:58.725571,-0.000888099467140302,-0.001776198934280493,-0.04999999999999716,-0.09999999999999432,56.2,56.3,56.25,56.3,182.0,174.0,3024.0,3139.0,False,False
006208,2022-10-26 11:32:59.793004,-0.000888099467140302,-0.001776198934280493,-0.04999999999999716,-0.09999999999999432,56.2,56.3,56.25,56.3,182.0,174.0,3024.0,3139.0,False,False
006208,2022-10-26 11:33:05.494738,-0.000888099467140302,-0.001776198934280493,-0.04999999999999716,-0.09999999999999432,56.2,56.3,56.25,56.3,182.0,174.0,3024.0,3139.0,False,False
006208,2022-10-26 11:33:05.495236,-0.000888099467140302,-0.001776198934280493,-0.04999999999999716,-0.09999999999999432,56.2,56.3,56.25,56.3,182.0,174.0,3024.0,3139.0,False,False
006208,2022-10-26 11:33:05.680450,-0.000888099467140302,-0.001776198934280493,-0.04999999999999716,-0.09999999999999432,56.2,56.3,56.25,56.3,182.0,174.0,3024.0,3139.0,False,False
006208,2022-10-26 11:33:05.920840,-0.000888099467140302,-0.001776198934280493,-0.04999999999999716,-0.09999999999999432,56.2,56.3,56.25,56.3,182.0,174.0,3024.0,3139.0,False,False
006208,2022-10-26 11:33:05.928212,-0.000888099467140302,-0.001776198934280493,-0.04999999999999716,-0.09999999999999432,56.2,56.3,56.25,56.3,182.0,174.0,3024.0,3139.0,False,False
006208,2022-10-26 11:33:06.056329,-0.000888099467140302,-0.001776198934280493,-0.04999999999999716,-0.09999999999999432,56.2,56.3,56.25,56.3,182.0,174.0,3024.0,3139.0,False,False
006208,2022-10-26 11:33:07.981510,-0.000888099467140302,-0.001776198934280493,-0.04999999999999716,-0.09999999999999432,56.2,56.3,56.25,56.3,182.0,174.0,3024.0,3309.0,True,True
006208,2022-10-26 11:33:15.044087,-0.000888099467140302,-0.001776198934280493,-0.04999999999999716,-0.09999999999999432,56.2,56.3,56.25,56.3,182.0,214.0,3024.0,3309.0,False,False
006208,2022-10-26 11:33:16.044493,-0.000888099467140302,-0.001776198934280493,-0.04999999999999716,-0.09999999999999432,56.2,56.3,56.25,56.3,182.0,214.0,3024.0,3309.0,False,False
006208,2022-10-26 11:33:16.105067,-0.000888099467140302,-0.001776198934280493,-0.04999999999999716,-0.09999999999999432,56.2,56.3,56.25,56.3,182.0,214.0,3024.0,3309.0,False,False
006208,2022-10-26 11:33:16.165110,-0.000888099467140302,-0.001776198934280493,-0.04999999999999716,-0.09999999999999432,56.2,56.3,56.25,56.3,182.0,213.0,3024.0,3309.0,False,False
006208,2022-10-26 11:33:16.198081,-0.000888099467140302,-0.001776198934280493,-0.04999999999999716,-0.09999999999999432,56.2,56.3,56.25,56.3,182.0,213.0,3024.0,3309.0,False,False
006208,2022-10-26 11:33:17.220276,-0.000888099467140302,-0.001776198934280493,-0.04999999999999716,-0.09999999999999432,56.2,56.3,56.25,56.3,182.0,213.0,3024.0,3309.0,False,False
006208,2022-10-26 11:33:17.220388,-0.000888099467140302,-0.001776198934280493,-0.04999999999999716,-0.09999999999999432,56.2,56.3,56.25,56.3,182.0,213.0,3024.0,3309.0,False,False
006208,2022-10-26 11:33:17.790825,-0.000888099467140302,-0.001776198934280493,-0.04999999999999716,-0.09999999999999432,56.2,56.3,56.25,56.3,182.0,213.0,3024.0,3309.0,False,False
006208,2022-10-26 11:33:18.029903,-0.000888099467140302,-0.001776198934280493,-0.04999999999999716,-0.09999999999999432,56.2,56.3,56.25,56.3,182.0,213.0,3024.0,3309.0,True,True
006208,2022-10-26 11:33:18.282898,-0.000888099467140302,-0.001776198934280493,-0.04999999999999716,-0.09999999999999432,56.2,56.3,56.25,56.3,182.0,213.0,3024.0,3309.0,False,False
006208,2022-10-26 11:33:18.351307,-0.000888099467140302,-0.001776198934280493,-0.04999999999999716,-0.09999999999999432,56.2,56.3,56.25,56.3,182.0,213.0,3024.0,3309.0,False,False
006208,2022-10-26 11:33:20.898148,-0.000888099467140302,-0.001776198934280493,-0.04999999999999716,-0.09999999999999432,56.2,56.3,56.25,56.3,182.0,213.0,3024.0,3309.0,False,False
006208,2022-10-26 11:33:21.074309,-0.000888099467140302,-0.001776198934280493,-0.04999999999999716,-0.09999999999999432,56.2,56.3,56.25,56.3,182.0,193.0,3024.0,3309.0,False,False
006208,2022-10-26 11:33:21.074339,-0.000888099467140302,-0.001776198934280493,-0.04999999999999716,-0.09999999999999432,56.2,56.3,56.25,56.3,182.0,193.0,3024.0,3309.0,False,False
006208,2022-10-26 11:33:21.172321,-0.000888099467140302,-0.001776198934280493,-0.04999999999999716,-0.09999999999999432,56.2,56.3,56.25,56.3,182.0,193.0,3024.0,3309.0,False,False
006208,2022-10-26 11:33:21.842070,-0.000888099467140302,-0.001776198934280493,-0.04999999999999716,-0.09999999999999432,56.2,56.3,56.25,56.3,182.0,193.0,3024.0,3309.0,False,False
006208,2022-10-26 11:33:21.842192,-0.000888099467140302,-0.001776198934280493,-0.04999999999999716,-0.09999999999999432,56.2,56.3,56.25,56.3,182.0,193.0,3024.0,3309.0,False,False
006208,2022-10-26 11:33:22.163661,-0.000888099467140302,-0.001776198934280493,-0.04999999999999716,-0.09999999999999432,56.2,56.3,56.25,56.3,182.0,193.0,3024.0,3309.0,False,False
006208,2022-10-26 11:33:22.163906,-0.000888099467140302,-0.001776198934280493,-0.04999999999999716,-0.09999999999999432,56.2,56.3,56.25,56.3,182.0,213.0,3024.0,3309.0,False,False
006208,2022-10-26 11:33:22.287419,-0.000888099467140302,-0.001776198934280493,-0.04999999999999716,-0.09999999999999432,56.2,56.3,56.25,56.3,182.0,213.0,3024.0,3309.0,False,False
006208,2022-10-26 11:33:25.584803,-0.000888099467140302,-0.001776198934280493,-0.04999999999999716,-0.09999999999999432,56.2,56.3,56.25,56.3,182.0,213.0,3024.0,3309.0,False,False
006208,2022-10-26 11:33:25.663954,-0.000888099467140302,-0.001776198934280493,-0.04999999999999716,-0.09999999999999432,56.2,56.3,56.25,56.3,182.0,213.0,3024.0,3309.0,False,False
006208,2022-10-26 11:33:26.179091,-0.000888099467140302,-0.001776198934280493,-0.04999999999999716,-0.09999999999999432,56.2,56.3,56.25,56.3,182.0,213.0,3024.0,3309.0,False,False
006208,2022-10-26 11:33:26.186339,-0.000888099467140302,-0.001776198934280493,-0.04999999999999716,-0.09999999999999432,56.2,56.3,56.25,56.3,182.0,213.0,3024.0,3309.0,False,False
006208,2022-10-26 11:33:26.311302,-0.000888099467140302,-0.001776198934280493,-0.04999999999999716,-0.09999999999999432,56.2,56.3,56.25,56.3,182.0,213.0,3024.0,3309.0,False,False
006208,2022-10-26 11:33:27.848655,-0.000888099467140302,-0.001776198934280493,-0.04999999999999716,-0.09999999999999432,56.2,56.3,56.25,56.3,182.0,213.0,3024.0,3309.0,False,False
006208,2022-10-26 11:33:28.071059,-0.000888099467140302,-0.001776198934280493,-0.04999999999999716,-0.09999999999999432,56.2,56.3,56.25,56.3,182.0,213.0,3024.0,2609.0,True,True
006208,2022-10-26 11:33:33.004193,-0.000888099467140302,-0.001776198934280493,-0.04999999999999716,-0.09999999999999432,56.2,56.3,56.25,56.3,182.0,212.0,3024.0,2609.0,False,False
006208,2022-10-26 11:33:36.304698,-0.000888099467140302,-0.001776198934280493,-0.04999999999999716,-0.09999999999999432,56.2,56.3,56.25,56.3,182.0,212.0,3024.0,2609.0,False,False
006208,2022-10-26 11:33:36.308665,-0.000888099467140302,-0.001776198934280493,-0.04999999999999716,-0.09999999999999432,56.2,56.3,56.25,56.3,182.0,212.0,3024.0,2609.0,False,False
006208,2022-10-26 11:33:36.441272,-0.000888099467140302,-0.001776198934280493,-0.04999999999999716,-0.09999999999999432,56.2,56.3,56.25,56.3,182.0,212.0,3024.0,2609.0,False,False
006208,2022-10-26 11:33:38.120627,-0.000888099467140302,-0.001776198934280493,-0.04999999999999716,-0.09999999999999432,56.2,56.3,56.25,56.3,182.0,212.0,3024.0,2559.0,True,True
006208,2022-10-26 11:33:44.106756,-0.000888099467140302,-0.001776198934280493,-0.04999999999999716,-0.09999999999999432,56.2,56.3,56.25,56.3,182.0,172.0,3024.0,2559.0,False,False
006208,2022-10-26 11:33:44.914082,-0.000888099467140302,-0.001776198934280493,-0.04999999999999716,-0.09999999999999432,56.2,56.3,56.25,56.3,182.0,172.0,3024.0,2559.0,False,False
006208,2022-10-26 11:33:44.987481,-0.000888099467140302,-0.001776198934280493,-0.04999999999999716,-0.09999999999999432,56.2,56.3,56.25,56.3,182.0,172.0,3024.0,2559.0,False,False
006208,2022-10-26 11:33:45.012015,-0.000888099467140302,-0.001776198934280493,-0.04999999999999716,-0.09999999999999432,56.2,56.3,56.25,56.3,182.0,172.0,3024.0,2559.0,False,False
006208,2022-10-26 11:33:46.433568,-0.000888099467140302,-0.001776198934280493,-0.04999999999999716,-0.09999999999999432,56.2,56.3,56.25,56.3,182.0,172.0,3024.0,2559.0,False,False
006208,2022-10-26 11:33:46.436018,-0.000888099467140302,-0.001776198934280493,-0.04999999999999716,-0.09999999999999432,56.2,56.3,56.25,56.3,182.0,172.0,3024.0,2559.0,False,False
006208,2022-10-26 11:33:46.569322,-0.000888099467140302,-0.001776198934280493,-0.04999999999999716,-0.09999999999999432,56.2,56.3,56.25,56.3,182.0,172.0,3024.0,2559.0,False,False
006208,2022-10-26 11:33:47.118670,-0.000888099467140302,-0.001776198934280493,-0.04999999999999716,-0.09999999999999432,56.2,56.3,56.25,56.3,182.0,172.0,3024.0,2559.0,False,False
006208,2022-10-26 11:33:47.129219,-0.000888099467140302,-0.001776198934280493,-0.04999999999999716,-0.09999999999999432,56.2,56.3,56.25,56.3,182.0,172.0,3024.0,2559.0,False,False
006208,2022-10-26 11:33:47.741721,-0.000888099467140302,-0.001776198934280493,-0.04999999999999716,-0.09999999999999432,56.2,56.3,56.25,56.3,182.0,212.0,3024.0,2559.0,False,False
006208,2022-10-26 11:33:48.170259,-0.000888099467140302,-0.001776198934280493,-0.04999999999999716,-0.09999999999999432,56.2,56.3,56.25,56.3,182.0,212.0,3024.0,2543.0,True,True
006208,2022-10-26 11:33:48.226915,-0.000888099467140302,-0.001776198934280493,-0.04999999999999716,-0.09999999999999432,56.2,56.3,56.25,56.3,182.0,212.0,3024.0,2543.0,False,False
006208,2022-10-26 11:33:48.227272,-0.000888099467140302,-0.001776198934280493,-0.04999999999999716,-0.09999999999999432,56.2,56.3,56.25,56.3,182.0,192.0,3024.0,2543.0,False,False
006208,2022-10-26 11:33:48.302288,-0.000888099467140302,-0.001776198934280493,-0.04999999999999716,-0.09999999999999432,56.2,56.3,56.25,56.3,182.0,192.0,3024.0,2543.0,False,False
006208,2022-10-26 11:33:49.172826,-0.000888099467140302,-0.001776198934280493,-0.04999999999999716,-0.09999999999999432,56.2,56.3,56.25,56.3,182.0,191.0,3024.0,2543.0,False,False
006208,2022-10-26 11:33:49.203045,-0.000888099467140302,-0.001776198934280493,-0.04999999999999716,-0.09999999999999432,56.2,56.3,56.25,56.3,182.0,191.0,3024.0,2543.0,False,False
006208,2022-10-26 11:33:49.203211,-0.000888099467140302,-0.001776198934280493,-0.04999999999999716,-0.09999999999999432,56.2,56.3,56.25,56.3,182.0,191.0,3024.0,2543.0,False,False
006208,2022-10-26 11:33:49.409462,-0.000888099467140302,-0.001776198934280493,-0.04999999999999716,-0.09999999999999432,56.2,56.3,56.25,56.3,182.0,192.0,3024.0,2543.0,False,False
006208,2022-10-26 11:33:53.355805,-0.000888099467140302,-0.001776198934280493,-0.04999999999999716,-0.09999999999999432,56.2,56.3,56.25,56.3,182.0,192.0,3024.0,2543.0,False,False
006208,2022-10-26 11:33:53.356110,-0.000888099467140302,-0.001776198934280493,-0.04999999999999716,-0.09999999999999432,56.2,56.3,56.25,56.3,182.0,212.0,3024.0,2543.0,False,False
006208,2022-10-26 11:33:56.563316,-0.000888099467140302,-0.001776198934280493,-0.04999999999999716,-0.09999999999999432,56.2,56.3,56.25,56.3,182.0,212.0,3024.0,2543.0,False,False
006208,2022-10-26 11:33:56.623177,-0.000888099467140302,-0.001776198934280493,-0.04999999999999716,-0.09999999999999432,56.2,56.3,56.25,56.3,182.0,212.0,3024.0,2543.0,False,False
006208,2022-10-26 11:33:56.696647,-0.000888099467140302,-0.001776198934280493,-0.04999999999999716,-0.09999999999999432,56.2,56.3,56.25,56.3,182.0,212.0,3024.0,2543.0,False,False
006208,2022-10-26 11:33:58.206136,-0.000888099467140302,-0.001776198934280493,-0.04999999999999716,-0.09999999999999432,56.2,56.3,56.25,56.3,182.0,212.0,3024.0,2543.0,True,True
006208,2022-10-26 11:33:58.798184,-0.000888099467140302,-0.001776198934280493,-0.04999999999999716,-0.09999999999999432,56.2,56.3,56.25,56.3,182.0,192.0,3024.0,2543.0,False,False
006208,2022-10-26 11:33:58.866022,-0.000888099467140302,-0.001776198934280493,-0.04999999999999716,-0.09999999999999432,56.2,56.3,56.25,56.3,182.0,192.0,3024.0,2543.0,False,False
006208,2022-10-26 11:33:58.941631,-0.000888099467140302,-0.001776198934280493,-0.04999999999999716,-0.09999999999999432,56.2,56.3,56.25,56.3,182.0,192.0,3024.0,2543.0,False,False
006208,2022-10-26 11:34:01.022387,-0.000888099467140302,-0.001776198934280493,-0.04999999999999716,-0.09999999999999432,56.2,56.3,56.25,56.3,182.0,192.0,3024.0,2543.0,False,False
006208,2022-10-26 11:34:01.132142,-0.000888099467140302,-0.001776198934280493,-0.04999999999999716,-0.09999999999999432,56.2,56.3,56.25,56.3,182.0,212.0,3024.0,2543.0,False,False
006208,2022-10-26 11:34:01.186281,-0.000888099467140302,-0.001776198934280493,-0.04999999999999716,-0.09999999999999432,56.2,56.3,56.25,56.3,182.0,212.0,3024.0,2543.0,False,False
006208,2022-10-26 11:34:06.688837,-0.000888099467140302,-0.001776198934280493,-0.04999999999999716,-0.09999999999999432,56.2,56.3,56.25,56.3,182.0,212.0,3024.0,2543.0,False,False
006208,2022-10-26 11:34:06.698052,-0.000888099467140302,-0.001776198934280493,-0.04999999999999716,-0.09999999999999432,56.2,56.3,56.25,56.3,182.0,212.0,3024.0,2543.0,False,False
006208,2022-10-26 11:34:06.826238,-0.000888099467140302,-0.001776198934280493,-0.04999999999999716,-0.09999999999999432,56.2,56.3,56.25,56.3,182.0,212.0,3024.0,2543.0,False,False
006208,2022-10-26 11:34:07.456127,-0.000888099467140302,-0.001776198934280493,-0.04999999999999716,-0.09999999999999432,56.2,56.3,56.25,56.3,182.0,212.0,3024.0,2543.0,False,True
006208,2022-10-26 11:34:08.583075,-0.000888099467140302,-0.001776198934280493,-0.04999999999999716,-0.09999999999999432,56.2,56.3,56.25,56.3,182.0,211.0,3024.0,2543.0,False,False
006208,2022-10-26 11:34:16.817531,-0.000888099467140302,-0.001776198934280493,-0.04999999999999716,-0.09999999999999432,56.2,56.3,56.25,56.3,182.0,211.0,3024.0,2543.0,False,False
006208,2022-10-26 11:34:16.820086,-0.000888099467140302,-0.001776198934280493,-0.04999999999999716,-0.09999999999999432,56.2,56.3,56.25,56.3,182.0,211.0,3024.0,2543.0,False,False
006208,2022-10-26 11:34:16.952649,-0.000888099467140302,-0.001776198934280493,-0.04999999999999716,-0.09999999999999432,56.2,56.3,56.25,56.3,182.0,211.0,3024.0,2543.0,False,False
006208,2022-10-26 11:34:17.498509,-0.000888099467140302,-0.001776198934280493,-0.04999999999999716,-0.09999999999999432,56.2,56.3,56.25,56.3,182.0,191.0,3024.0,2543.0,False,False
006208,2022-10-26 11:34:17.493238,-0.000888099467140302,-0.001776198934280493,-0.04999999999999716,-0.09999999999999432,56.2,56.3,56.25,56.3,182.0,191.0,3024.0,2543.0,True,True
006208,2022-10-26 11:34:17.498732,-0.000888099467140302,-0.001776198934280493,-0.04999999999999716,-0.09999999999999432,56.2,56.3,56.25,56.3,182.0,191.0,3024.0,2543.0,False,False
006208,2022-10-26 11:34:17.589618,-0.000888099467140302,-0.001776198934280493,-0.04999999999999716,-0.09999999999999432,56.2,56.3,56.25,56.3,182.0,191.0,3024.0,2543.0,False,False
006208,2022-10-26 11:34:17.785919,-0.000888099467140302,-0.001776198934280493,-0.04999999999999716,-0.09999999999999432,56.2,56.3,56.25,56.3,182.0,191.0,3024.0,2543.0,False,False
006208,2022-10-26 11:34:17.819179,-0.000888099467140302,-0.001776198934280493,-0.04999999999999716,-0.09999999999999432,56.2,56.3,56.25,56.3,182.0,211.0,3024.0,2543.0,False,False
006208,2022-10-26 11:34:18.069169,-0.000888099467140302,-0.001776198934280493,-0.04999999999999716,-0.09999999999999432,56.2,56.3,56.25,56.3,182.0,171.0,3024.0,2543.0,False,False
006208,2022-10-26 11:34:18.136560,-0.000888099467140302,-0.001776198934280493,-0.04999999999999716,-0.09999999999999432,56.2,56.3,56.25,56.3,182.0,171.0,3024.0,2543.0,False,False
006208,2022-10-26 11:34:18.254188,-0.000888099467140302,-0.001776198934280493,-0.04999999999999716,-0.09999999999999432,56.2,56.3,56.25,56.3,182.0,171.0,3024.0,2543.0,False,False
006208,2022-10-26 11:34:21.011442,-0.000888099467140302,-0.001776198934280493,-0.04999999999999716,-0.09999999999999432,56.2,56.3,56.25,56.3,182.0,211.0,3024.0,2543.0,False,False
006208,2022-10-26 11:34:21.289063,-0.000888099467140302,-0.001776198934280493,-0.04999999999999716,-0.09999999999999432,56.2,56.3,56.25,56.3,182.0,191.0,3024.0,2543.0,False,False
006208,2022-10-26 11:34:21.340354,-0.000888099467140302,-0.001776198934280493,-0.04999999999999716,-0.09999999999999432,56.2,56.3,56.25,56.3,182.0,191.0,3024.0,2543.0,False,False
006208,2022-10-26 11:34:21.764360,-0.000888099467140302,-0.001776198934280493,-0.04999999999999716,-0.09999999999999432,56.2,56.3,56.25,56.3,182.0,191.0,3024.0,2543.0,False,False
006208,2022-10-26 11:34:21.819036,-0.000888099467140302,-0.001776198934280493,-0.04999999999999716,-0.09999999999999432,56.2,56.3,56.25,56.3,182.0,191.0,3024.0,2543.0,False,False
006208,2022-10-26 11:34:22.187320,-0.000888099467140302,-0.001776198934280493,-0.04999999999999716,-0.09999999999999432,56.2,56.3,56.25,56.3,182.0,191.0,3024.0,2543.0,False,False
006208,2022-10-26 11:34:22.187465,-0.000888099467140302,-0.001776198934280493,-0.04999999999999716,-0.09999999999999432,56.2,56.3,56.25,56.3,182.0,191.0,3024.0,2543.0,False,False
006208,2022-10-26 11:34:23.215765,-0.000888099467140302,-0.001776198934280493,-0.04999999999999716,-0.09999999999999432,56.2,56.3,56.25,56.3,182.0,190.0,3024.0,2543.0,False,False
006208,2022-10-26 11:34:26.517077,-0.000888099467140302,-0.001776198934280493,-0.04999999999999716,-0.09999999999999432,56.2,56.3,56.25,56.3,107.0,190.0,3024.0,2543.0,False,False
006208,2022-10-26 11:34:26.517529,-0.000888099467140302,-0.001776198934280493,-0.04999999999999716,-0.09999999999999432,56.2,56.3,56.25,56.3,107.0,190.0,3024.0,2543.0,False,False
006208,2022-10-26 11:34:26.929123,-0.000888099467140302,-0.001776198934280493,-0.04999999999999716,-0.09999999999999432,56.2,56.3,56.25,56.3,107.0,160.0,3024.0,2543.0,False,False
006208,2022-10-26 11:34:26.948896,-0.000888099467140302,-0.001776198934280493,-0.04999999999999716,-0.09999999999999432,56.2,56.3,56.25,56.3,107.0,160.0,3024.0,2543.0,False,False
006208,2022-10-26 11:34:27.082168,-0.000888099467140302,-0.001776198934280493,-0.04999999999999716,-0.09999999999999432,56.2,56.3,56.25,56.3,107.0,160.0,3024.0,2543.0,False,False
006208,2022-10-26 11:34:27.447192,-0.000888099467140302,-0.001776198934280493,-0.04999999999999716,-0.09999999999999432,56.2,56.3,56.25,56.3,107.0,160.0,3024.0,2543.0,False,False
006208,2022-10-26 11:34:27.535405,-0.000888099467140302,-0.001776198934280493,-0.04999999999999716,-0.09999999999999432,56.2,56.3,56.25,56.3,107.0,160.0,2724.0,2543.0,True,True
006208,2022-10-26 11:34:30.042221,-0.000888099467140302,-0.001776198934280493,-0.04999999999999716,-0.09999999999999432,56.2,56.3,56.25,56.3,107.0,160.0,2724.0,2543.0,False,False
006208,2022-10-26 11:34:30.122545,-0.000888099467140302,-0.001776198934280493,-0.04999999999999716,-0.09999999999999432,56.2,56.3,56.25,56.3,107.0,160.0,2724.0,2543.0,False,False
006208,2022-10-26 11:34:31.066357,-0.000888099467140302,-0.001776198934280493,-0.04999999999999716,-0.09999999999999432,56.2,56.3,56.25,56.3,107.0,160.0,2724.0,2543.0,False,False
006208,2022-10-26 11:34:31.077505,-0.000888099467140302,-0.001776198934280493,-0.04999999999999716,-0.09999999999999432,56.2,56.3,56.25,56.3,107.0,160.0,2724.0,2543.0,False,False
006208,2022-10-26 11:34:33.798179,-0.000888099467140302,-0.001776198934280493,-0.04999999999999716,-0.09999999999999432,56.2,56.3,56.25,56.3,107.0,160.0,2724.0,2543.0,False,False
006208,2022-10-26 11:34:33.803504,-0.000888099467140302,-0.001776198934280493,-0.04999999999999716,-0.09999999999999432,56.2,56.3,56.25,56.3,107.0,190.0,2724.0,2543.0,False,False
006208,2022-10-26 11:34:35.451181,-0.000888099467140302,-0.001776198934280493,-0.04999999999999716,-0.09999999999999432,56.2,56.3,56.25,56.3,107.0,190.0,2724.0,2543.0,False,False
006208,2022-10-26 11:34:35.460460,-0.000888099467140302,-0.001776198934280493,-0.04999999999999716,-0.09999999999999432,56.2,56.3,56.25,56.3,107.0,190.0,2724.0,2543.0,False,False
006208,2022-10-26 11:34:37.073924,-0.000888099467140302,-0.001776198934280493,-0.04999999999999716,-0.09999999999999432,56.2,56.3,56.25,56.3,107.0,190.0,2724.0,2543.0,False,False
006208,2022-10-26 11:34:37.082826,-0.000888099467140302,-0.001776198934280493,-0.04999999999999716,-0.09999999999999432,56.2,56.3,56.25,56.3,107.0,190.0,2724.0,2543.0,False,False
006208,2022-10-26 11:34:37.211652,-0.000888099467140302,-0.001776198934280493,-0.04999999999999716,-0.09999999999999432,56.2,56.3,56.25,56.3,107.0,190.0,2724.0,2543.0,False,False
006208,2022-10-26 11:34:37.574576,-0.000888099467140302,-0.001776198934280493,-0.04999999999999716,-0.09999999999999432,56.2,56.3,56.25,56.3,107.0,190.0,2727.0,2543.0,True,True
006208,2022-10-26 11:34:38.716471,-0.000888099467140302,-0.001776198934280493,-0.04999999999999716,-0.09999999999999432,56.2,56.3,56.25,56.3,107.0,190.0,2727.0,2543.0,False,False
006208,2022-10-26 11:34:38.716606,-0.000888099467140302,-0.001776198934280493,-0.04999999999999716,-0.09999999999999432,56.2,56.3,56.25,56.3,182.0,190.0,2727.0,2543.0,False,False
006208,2022-10-26 11:34:40.285003,-0.000888099467140302,-0.001776198934280493,-0.04999999999999716,-0.09999999999999432,56.2,56.3,56.25,56.3,182.0,190.0,2727.0,2543.0,False,False
006208,2022-10-26 11:34:40.285463,-0.000888099467140302,-0.001776198934280493,-0.04999999999999716,-0.09999999999999432,56.2,56.3,56.25,56.3,182.0,210.0,2727.0,2543.0,False,False
006208,2022-10-26 11:34:40.360901,-0.000888099467140302,-0.001776198934280493,-0.04999999999999716,-0.09999999999999432,56.2,56.3,56.25,56.3,182.0,210.0,2727.0,2543.0,False,False
006208,2022-10-26 11:34:40.425309,-0.000888099467140302,-0.001776198934280493,-0.04999999999999716,-0.09999999999999432,56.2,56.3,56.25,56.3,182.0,210.0,2727.0,2543.0,False,False
006208,2022-10-26 11:34:47.204995,-0.000888099467140302,-0.001776198934280493,-0.04999999999999716,-0.09999999999999432,56.2,56.3,56.25,56.3,182.0,210.0,2727.0,2543.0,False,False
006208,2022-10-26 11:34:47.207895,-0.000888099467140302,-0.001776198934280493,-0.04999999999999716,-0.09999999999999432,56.2,56.3,56.25,56.3,182.0,210.0,2727.0,2543.0,False,False
006208,2022-10-26 11:34:47.335298,-0.000888099467140302,-0.001776198934280493,-0.04999999999999716,-0.09999999999999432,56.2,56.3,56.25,56.3,182.0,210.0,2727.0,2543.0,False,False
006208,2022-10-26 11:34:47.617785,-0.000888099467140302,-0.001776198934280493,-0.04999999999999716,-0.09999999999999432,56.2,56.3,56.25,56.3,182.0,210.0,2762.0,2543.0,True,True
006208,2022-10-26 11:34:50.401137,-0.000888099467140302,-0.001776198934280493,-0.04999999999999716,-0.09999999999999432,56.2,56.3,56.25,56.3,107.0,210.0,2762.0,2543.0,False,False
006208,2022-10-26 11:34:50.401332,-0.000888099467140302,-0.001776198934280493,-0.04999999999999716,-0.09999999999999432,56.2,56.3,56.25,56.3,107.0,210.0,2762.0,2543.0,False,False
006208,2022-10-26 11:34:50.426894,-0.000888099467140302,-0.001776198934280493,-0.04999999999999716,-0.09999999999999432,56.2,56.3,56.25,56.3,7.0,210.0,2762.0,2543.0,False,False
006208,2022-10-26 11:34:51.428523,-0.000888099467140302,-0.001776198934280493,-0.04999999999999716,-0.09999999999999432,56.2,56.3,56.25,56.3,7.0,310.0,2762.0,2543.0,False,False
006208,2022-10-26 11:34:51.428557,-0.000888099467140302,-0.001776198934280493,-0.04999999999999716,-0.09999999999999432,56.2,56.3,56.25,56.3,7.0,310.0,2762.0,2543.0,False,False
006208,2022-10-26 11:34:56.209494,-0.000888099467140302,-0.001776198934280493,-0.04999999999999716,-0.09999999999999432,56.2,56.3,56.25,56.3,7.0,309.0,2762.0,2543.0,False,False
006208,2022-10-26 11:34:56.872889,-0.000888099467140302,-0.001776198934280493,-0.04999999999999716,-0.09999999999999432,56.2,56.3,56.25,56.3,7.0,309.0,2762.0,2543.0,False,False
006208,2022-10-26 11:34:56.951213,-0.000888099467140302,-0.001776198934280493,-0.04999999999999716,-0.09999999999999432,56.2,56.3,56.25,56.3,7.0,309.0,2762.0,2543.0,False,False
006208,2022-10-26 11:34:57.287562,-0.000888099467140302,-0.001776198934280493,-0.04999999999999716,-0.09999999999999432,56.2,56.3,56.25,56.3,7.0,309.0,2762.0,2543.0,False,False
006208,2022-10-26 11:34:57.291464,-0.000888099467140302,-0.001776198934280493,-0.04999999999999716,-0.09999999999999432,56.2,56.3,56.25,56.3,7.0,309.0,2762.0,2543.0,False,False
006208,2022-10-26 11:34:57.430694,-0.000888099467140302,-0.001776198934280493,-0.04999999999999716,-0.09999999999999432,56.2,56.3,56.25,56.3,7.0,309.0,2762.0,2543.0,False,False
006208,2022-10-26 11:34:57.623550,-0.000888099467140302,-0.001776198934280493,-0.04999999999999716,-0.09999999999999432,56.2,56.3,56.25,56.3,7.0,309.0,2762.0,2543.0,True,True
006208,2022-10-26 11:34:57.644750,-0.000888099467140302,-0.001776198934280493,-0.04999999999999716,-0.09999999999999432,56.2,56.3,56.25,56.3,7.0,289.0,2762.0,2543.0,False,False
006208,2022-10-26 11:34:57.644919,-0.000888099467140302,-0.001776198934280493,-0.04999999999999716,-0.09999999999999432,56.2,56.3,56.25,56.3,7.0,289.0,2762.0,2543.0,False,False
006208,2022-10-26 11:34:58.325417,-0.000888099467140302,-0.001776198934280493,-0.04999999999999716,-0.09999999999999432,56.2,56.3,56.25,56.3,7.0,289.0,2762.0,2543.0,False,False
006208,2022-10-26 11:34:58.325546,-0.000888099467140302,-0.001776198934280493,-0.04999999999999716,-0.09999999999999432,56.2,56.3,56.25,56.3,7.0,289.0,2762.0,2543.0,False,False
006208,2022-10-26 11:35:01.147674,-0.000888099467140302,-0.001776198934280493,-0.04999999999999716,-0.09999999999999432,56.2,56.3,56.25,56.3,7.0,289.0,2762.0,2543.0,False,False
006208,2022-10-26 11:35:01.147864,-0.000888099467140302,-0.001776198934280493,-0.04999999999999716,-0.09999999999999432,56.2,56.3,56.25,56.3,7.0,309.0,2762.0,2543.0,False,False
006208,2022-10-26 11:35:05.374004,0.0,-0.001776198934280493,0.0,-0.09999999999999432,56.2,56.25,56.25,56.3,7.0,5.0,2762.0,2543.0,False,False
006208,2022-10-26 11:35:05.401382,0.0,-0.001776198934280493,0.0,-0.09999999999999432,56.2,56.25,56.25,56.3,7.0,5.0,2762.0,2543.0,False,False
006208,2022-10-26 11:35:05.499533,0.0,-0.001776198934280493,0.0,-0.09999999999999432,56.2,56.25,56.25,56.3,7.0,5.0,2762.0,2543.0,False,False
006208,2022-10-26 11:35:05.598774,0.0,-0.001776198934280493,0.0,-0.09999999999999432,56.2,56.25,56.25,56.3,7.0,5.0,2762.0,2543.0,False,False
006208,2022-10-26 11:35:06.330444,0.0,-0.001776198934280493,0.0,-0.09999999999999432,56.2,56.25,56.25,56.3,7.0,5.0,2762.0,2543.0,False,False
006208,2022-10-26 11:35:06.406755,0.0,-0.001776198934280493,0.0,-0.09999999999999432,56.2,56.25,56.25,56.3,7.0,5.0,2762.0,2543.0,False,False
006208,2022-10-26 11:35:07.801901,0.0,-0.001776198934280493,0.0,-0.09999999999999432,56.2,56.25,56.25,56.3,7.0,5.0,2762.0,2543.0,True,True
006208,2022-10-26 11:35:14.680783,0.0,-0.001776198934280493,0.0,-0.09999999999999432,56.2,56.25,56.25,56.3,7.0,5.0,2762.0,2543.0,False,False
006208,2022-10-26 11:35:15.553028,0.0,-0.001776198934280493,0.0,-0.09999999999999432,56.2,56.25,56.25,56.3,7.0,5.0,2762.0,2543.0,False,False
006208,2022-10-26 11:35:15.562274,0.0,-0.001776198934280493,0.0,-0.09999999999999432,56.2,56.25,56.25,56.3,7.0,5.0,2762.0,2543.0,False,False
006208,2022-10-26 11:35:15.689586,0.0,-0.001776198934280493,0.0,-0.09999999999999432,56.2,56.25,56.25,56.3,7.0,5.0,2762.0,2543.0,False,False
006208,2022-10-26 11:35:16.316010,0.0,-0.001776198934280493,0.0,-0.09999999999999432,56.2,56.25,56.25,56.3,7.0,5.0,2762.0,2543.0,False,False
006208,2022-10-26 11:35:17.806413,0.0,-0.001776198934280493,0.0,-0.09999999999999432,56.2,56.25,56.25,56.3,7.0,5.0,2767.0,2543.0,True,True
006208,2022-10-26 11:35:19.995699,0.0,-0.001776198934280493,0.0,-0.09999999999999432,56.2,56.25,56.25,56.3,7.0,5.0,2767.0,2543.0,False,False
006208,2022-10-26 11:35:19.995899,0.0,-0.001776198934280493,0.0,-0.09999999999999432,56.2,56.25,56.25,56.3,7.0,5.0,2767.0,2543.0,False,False
006208,2022-10-26 11:35:21.141306,0.0,-0.001776198934280493,0.0,-0.09999999999999432,56.2,56.25,56.25,56.3,7.0,5.0,2767.0,2543.0,False,False
006208,2022-10-26 11:35:21.141341,0.0,-0.001776198934280493,0.0,-0.09999999999999432,56.2,56.25,56.25,56.3,7.0,5.0,2767.0,2543.0,False,False
006208,2022-10-26 11:35:22.961939,0.0,-0.001776198934280493,0.0,-0.09999999999999432,56.2,56.25,56.25,56.3,7.0,5.0,2767.0,2543.0,False,False
006208,2022-10-26 11:35:22.962238,0.0,-0.001776198934280493,0.0,-0.09999999999999432,56.2,56.25,56.25,56.3,7.0,5.0,2767.0,2543.0,False,False
006208,2022-10-26 11:35:25.656518,0.0,-0.001776198934280493,0.0,-0.09999999999999432,56.2,56.25,56.25,56.3,7.0,5.0,2767.0,2543.0,False,False
006208,2022-10-26 11:35:25.659947,0.0,-0.001776198934280493,0.0,-0.09999999999999432,56.2,56.25,56.25,56.3,7.0,5.0,2767.0,2543.0,False,False
006208,2022-10-26 11:35:25.791071,0.0,-0.001776198934280493,0.0,-0.09999999999999432,56.2,56.25,56.25,56.3,7.0,5.0,2767.0,2543.0,False,False
006208,2022-10-26 11:35:27.832822,0.0,-0.001776198934280493,0.0,-0.09999999999999432,56.2,56.25,56.25,56.3,7.0,5.0,3024.0,2355.0,True,True
006208,2022-10-26 11:35:30.019246,0.0,-0.001776198934280493,0.0,-0.09999999999999432,56.2,56.25,56.25,56.3,7.0,4.0,3024.0,2355.0,False,False
006208,2022-10-26 11:35:35.761153,0.0,-0.001776198934280493,0.0,-0.09999999999999432,56.2,56.25,56.25,56.3,7.0,4.0,3024.0,2355.0,False,False
006208,2022-10-26 11:35:35.770229,0.0,-0.001776198934280493,0.0,-0.09999999999999432,56.2,56.25,56.25,56.3,7.0,4.0,3024.0,2355.0,False,False
006208,2022-10-26 11:35:35.901161,0.0,-0.001776198934280493,0.0,-0.09999999999999432,56.2,56.25,56.25,56.3,7.0,4.0,3024.0,2355.0,False,False
006208,2022-10-26 11:35:37.857714,0.0,-0.001776198934280493,0.0,-0.09999999999999432,56.2,56.25,56.25,56.3,7.0,4.0,3112.0,2409.0,True,True
006208,2022-10-26 11:35:38.304850,0.0,-0.001776198934280493,0.0,-0.09999999999999432,56.2,56.25,56.25,56.3,7.0,4.0,3112.0,2409.0,False,False
006208,2022-10-26 11:35:38.304989,0.0,-0.001776198934280493,0.0,-0.09999999999999432,56.2,56.25,56.25,56.3,7.0,4.0,3112.0,2409.0,False,False
006208,2022-10-26 11:35:38.814384,0.0,-0.001776198934280493,0.0,-0.09999999999999432,56.2,56.25,56.25,56.3,7.0,4.0,3112.0,2409.0,False,False
006208,2022-10-26 11:35:38.860751,0.0,-0.001776198934280493,0.0,-0.09999999999999432,56.2,56.25,56.25,56.3,7.0,4.0,3112.0,2409.0,False,False
006208,2022-10-26 11:35:40.025997,0.0,-0.001776198934280493,0.0,-0.09999999999999432,56.2,56.25,56.25,56.3,7.0,4.0,3112.0,2409.0,False,False
006208,2022-10-26 11:35:40.026060,0.0,-0.001776198934280493,0.0,-0.09999999999999432,56.2,56.25,56.25,56.3,7.0,4.0,3112.0,2409.0,False,False
006208,2022-10-26 11:35:41.762910,0.0,-0.001776198934280493,0.0,-0.09999999999999432,56.2,56.25,56.25,56.3,7.0,4.0,3112.0,2409.0,False,False
006208,2022-10-26 11:35:41.788492,0.0,-0.001776198934280493,0.0,-0.09999999999999432,56.2,56.25,56.25,56.3,7.0,4.0,3112.0,2409.0,False,False
006208,2022-10-26 11:35:45.035647,0.0,-0.001776198934280493,0.0,-0.09999999999999432,56.2,56.25,56.25,56.3,7.0,4.0,3112.0,2409.0,False,False
006208,2022-10-26 11:35:45.065337,0.0,-0.001776198934280493,0.0,-0.09999999999999432,56.2,56.25,56.25,56.3,7.0,4.0,3112.0,2409.0,False,False
006208,2022-10-26 11:35:45.878200,0.0,-0.001776198934280493,0.0,-0.09999999999999432,56.2,56.25,56.25,56.3,7.0,4.0,3112.0,2409.0,False,False
006208,2022-10-26 11:35:45.887907,0.0,-0.001776198934280493,0.0,-0.09999999999999432,56.2,56.25,56.25,56.3,7.0,4.0,3112.0,2409.0,False,False
006208,2022-10-26 11:35:46.023754,0.0,-0.001776198934280493,0.0,-0.09999999999999432,56.2,56.25,56.25,56.3,7.0,4.0,3112.0,2409.0,False,False
006208,2022-10-26 11:35:46.841729,0.0,-0.001776198934280493,0.0,-0.09999999999999432,56.2,56.25,56.25,56.3,7.0,4.0,3112.0,2409.0,False,False
006208,2022-10-26 11:35:46.842071,0.0,-0.001776198934280493,0.0,-0.09999999999999432,56.2,56.25,56.25,56.3,7.0,4.0,3112.0,2409.0,False,False
006208,2022-10-26 11:35:55.995937,0.0,-0.001776198934280493,0.0,-0.09999999999999432,56.2,56.25,56.25,56.3,7.0,4.0,3112.0,2409.0,False,False
006208,2022-10-26 11:35:55.999823,0.0,-0.001776198934280493,0.0,-0.09999999999999432,56.2,56.25,56.25,56.3,7.0,4.0,3112.0,2409.0,False,False
006208,2022-10-26 11:35:56.130036,0.0,-0.001776198934280493,0.0,-0.09999999999999432,56.2,56.25,56.25,56.3,7.0,4.0,3112.0,2409.0,False,False
006208,2022-10-26 11:35:56.606503,0.0,-0.001776198934280493,0.0,-0.09999999999999432,56.2,56.25,56.25,56.3,7.0,5.0,3112.0,2409.0,False,False
006208,2022-10-26 11:35:57.916223,0.0,-0.001776198934280493,0.0,-0.09999999999999432,56.2,56.25,56.25,56.3,7.0,5.0,309.0,2603.0,True,True
006208,2022-10-26 11:36:00.415584,0.0,-0.001776198934280493,0.0,-0.09999999999999432,56.2,56.25,56.25,56.3,7.0,5.0,309.0,2603.0,False,False
006208,2022-10-26 11:36:00.424440,0.0,-0.001776198934280493,0.0,-0.09999999999999432,56.2,56.25,56.25,56.3,7.0,5.0,309.0,2603.0,False,False
006208,2022-10-26 11:36:03.082004,0.0,-0.001776198934280493,0.0,-0.09999999999999432,56.2,56.25,56.25,56.3,7.0,4.0,309.0,2603.0,False,False
006208,2022-10-26 11:36:06.110977,0.0,-0.001776198934280493,0.0,-0.09999999999999432,56.2,56.25,56.25,56.3,7.0,4.0,309.0,2603.0,False,False
006208,2022-10-26 11:36:06.113797,0.0,-0.001776198934280493,0.0,-0.09999999999999432,56.2,56.25,56.25,56.3,7.0,4.0,309.0,2603.0,False,False
006208,2022-10-26 11:36:06.246431,0.0,-0.001776198934280493,0.0,-0.09999999999999432,56.2,56.25,56.25,56.3,7.0,4.0,309.0,2603.0,False,False
006208,2022-10-26 11:36:07.942549,-0.000888888888888828,-0.000888888888888828,-0.04999999999999716,-0.04999999999999716,56.2,56.25,56.2,56.25,7.0,4.0,1356.0,645.0,True,True
006208,2022-10-26 11:36:09.987167,-0.000888888888888828,-0.000888888888888828,-0.04999999999999716,-0.04999999999999716,56.2,56.25,56.2,56.25,12.0,4.0,1356.0,645.0,False,False
006208,2022-10-26 11:36:15.802413,-0.000888888888888828,-0.000888888888888828,-0.04999999999999716,-0.04999999999999716,56.2,56.25,56.2,56.25,12.0,4.0,1356.0,645.0,False,False
006208,2022-10-26 11:36:15.812471,-0.000888888888888828,-0.000888888888888828,-0.04999999999999716,-0.04999999999999716,56.2,56.25,56.2,56.25,12.0,34.0,1356.0,645.0,False,False
006208,2022-10-26 11:36:16.233501,-0.000888888888888828,-0.000888888888888828,-0.04999999999999716,-0.04999999999999716,56.2,56.25,56.2,56.25,12.0,34.0,1356.0,645.0,False,False
006208,2022-10-26 11:36:16.236543,-0.000888888888888828,-0.000888888888888828,-0.04999999999999716,-0.04999999999999716,56.2,56.25,56.2,56.25,12.0,34.0,1356.0,645.0,False,False
006208,2022-10-26 11:36:16.366229,-0.000888888888888828,-0.000888888888888828,-0.04999999999999716,-0.04999999999999716,56.2,56.25,56.2,56.25,12.0,34.0,1356.0,645.0,False,False
006208,2022-10-26 11:36:17.621763,-0.000888888888888828,-0.000888888888888828,-0.04999999999999716,-0.04999999999999716,56.2,56.25,56.2,56.25,12.0,34.0,1356.0,645.0,False,False
006208,2022-10-26 11:36:17.975810,-0.000888888888888828,-0.000888888888888828,-0.04999999999999716,-0.04999999999999716,56.2,56.25,56.2,56.25,12.0,34.0,1356.0,1095.0,True,True
006208,2022-10-26 11:36:18.611596,-0.000888888888888828,-0.000888888888888828,-0.04999999999999716,-0.04999999999999716,56.2,56.25,56.2,56.25,12.0,34.0,1356.0,1095.0,False,False
006208,2022-10-26 11:36:19.041753,-0.000888888888888828,-0.000888888888888828,-0.04999999999999716,-0.04999999999999716,56.2,56.25,56.2,56.25,12.0,34.0,1356.0,1095.0,False,False
006208,2022-10-26 11:36:25.135154,-0.000888888888888828,-0.000888888888888828,-0.04999999999999716,-0.04999999999999716,56.2,56.25,56.2,56.25,12.0,34.0,1356.0,1095.0,False,False
006208,2022-10-26 11:36:25.143459,-0.000888888888888828,-0.000888888888888828,-0.04999999999999716,-0.04999999999999716,56.2,56.25,56.2,56.25,12.0,34.0,1356.0,1095.0,False,False
006208,2022-10-26 11:36:26.311094,-0.000888888888888828,-0.000888888888888828,-0.04999999999999716,-0.04999999999999716,56.2,56.25,56.2,56.25,12.0,39.0,1356.0,1095.0,False,False
006208,2022-10-26 11:36:26.345509,-0.000888888888888828,-0.000888888888888828,-0.04999999999999716,-0.04999999999999716,56.2,56.25,56.2,56.25,12.0,39.0,1356.0,1095.0,False,False
006208,2022-10-26 11:36:26.350812,-0.000888888888888828,-0.000888888888888828,-0.04999999999999716,-0.04999999999999716,56.2,56.25,56.2,56.25,12.0,39.0,1356.0,1095.0,False,False
006208,2022-10-26 11:36:26.479684,-0.000888888888888828,-0.000888888888888828,-0.04999999999999716,-0.04999999999999716,56.2,56.25,56.2,56.25,12.0,39.0,1356.0,1095.0,False,False
006208,2022-10-26 11:36:28.656590,-0.000888888888888828,-0.000888888888888828,-0.04999999999999716,-0.04999999999999716,56.2,56.25,56.2,56.25,12.0,40.0,1356.0,1095.0,False,False
006208,2022-10-26 11:36:29.373845,-0.000888888888888828,-0.000888888888888828,-0.04999999999999716,-0.04999999999999716,56.2,56.25,56.2,56.25,12.0,40.0,1356.0,1095.0,False,False
006208,2022-10-26 11:36:29.384217,-0.000888888888888828,-0.000888888888888828,-0.04999999999999716,-0.04999999999999716,56.2,56.25,56.2,56.25,12.0,40.0,1356.0,1095.0,False,False
006208,2022-10-26 11:36:29.615408,-0.000888888888888828,-0.000888888888888828,-0.04999999999999716,-0.04999999999999716,56.2,56.25,56.2,56.25,12.0,40.0,1356.0,1095.0,False,False
006208,2022-10-26 11:36:32.967745,-0.000888888888888828,-0.000888888888888828,-0.04999999999999716,-0.04999999999999716,56.2,56.25,56.2,56.25,12.0,40.0,1356.0,1095.0,False,False
006208,2022-10-26 11:36:36.023524,-0.000888888888888828,-0.000888888888888828,-0.04999999999999716,-0.04999999999999716,56.2,56.25,56.2,56.25,12.0,39.0,1356.0,1095.0,False,False
006208,2022-10-26 11:36:36.046388,-0.000888888888888828,-0.000888888888888828,-0.04999999999999716,-0.04999999999999716,56.2,56.25,56.2,56.25,12.0,39.0,1356.0,1095.0,False,False
006208,2022-10-26 11:36:36.463616,-0.000888888888888828,-0.000888888888888828,-0.04999999999999716,-0.04999999999999716,56.2,56.25,56.2,56.25,12.0,39.0,1356.0,1095.0,False,False
006208,2022-10-26 11:36:36.478513,-0.000888888888888828,-0.000888888888888828,-0.04999999999999716,-0.04999999999999716,56.2,56.25,56.2,56.25,12.0,39.0,1356.0,1095.0,False,False
006208,2022-10-26 11:36:36.598870,-0.000888888888888828,-0.000888888888888828,-0.04999999999999716,-0.04999999999999716,56.2,56.25,56.2,56.25,12.0,39.0,1356.0,1095.0,False,False
006208,2022-10-26 11:36:37.046313,-0.000888888888888828,-0.000888888888888828,-0.04999999999999716,-0.04999999999999716,56.2,56.25,56.2,56.25,112.0,39.0,1356.0,1095.0,False,False
006208,2022-10-26 11:36:37.574149,-0.000888888888888828,-0.000888888888888828,-0.04999999999999716,-0.04999999999999716,56.2,56.25,56.2,56.25,112.0,39.0,1356.0,1095.0,False,False
006208,2022-10-26 11:36:37.585541,-0.000888888888888828,-0.000888888888888828,-0.04999999999999716,-0.04999999999999716,56.2,56.25,56.2,56.25,112.0,9.0,1356.0,1095.0,False,False
006208,2022-10-26 11:36:37.590912,-0.000888888888888828,-0.000888888888888828,-0.04999999999999716,-0.04999999999999716,56.2,56.25,56.2,56.25,112.0,9.0,1356.0,1095.0,False,False
006208,2022-10-26 11:36:37.755136,-0.000888888888888828,-0.000888888888888828,-0.04999999999999716,-0.04999999999999716,56.2,56.25,56.2,56.25,112.0,9.0,1356.0,1095.0,False,False
006208,2022-10-26 11:36:40.266768,-0.000888888888888828,-0.000888888888888828,-0.04999999999999716,-0.04999999999999716,56.2,56.25,56.2,56.25,112.0,9.0,1356.0,1095.0,False,False
006208,2022-10-26 11:36:40.498767,-0.000888888888888828,-0.000888888888888828,-0.04999999999999716,-0.04999999999999716,56.2,56.25,56.2,56.25,112.0,9.0,1356.0,1095.0,False,False
006208,2022-10-26 11:36:40.526200,-0.000888888888888828,-0.000888888888888828,-0.04999999999999716,-0.04999999999999716,56.2,56.25,56.2,56.25,12.0,9.0,1356.0,1095.0,False,False
006208,2022-10-26 11:36:40.705938,-0.000888888888888828,-0.000888888888888828,-0.04999999999999716,-0.04999999999999716,56.2,56.25,56.2,56.25,12.0,9.0,1356.0,1095.0,False,False
006208,2022-10-26 11:36:40.712558,-0.000888888888888828,-0.000888888888888828,-0.04999999999999716,-0.04999999999999716,56.2,56.25,56.2,56.25,12.0,39.0,1356.0,1095.0,False,False
006208,2022-10-26 11:36:41.526143,-0.000888888888888828,-0.000888888888888828,-0.04999999999999716,-0.04999999999999716,56.2,56.25,56.2,56.25,12.0,39.0,1356.0,1095.0,False,False
006208,2022-10-26 11:36:42.125461,-0.000888888888888828,-0.000888888888888828,-0.04999999999999716,-0.04999999999999716,56.2,56.25,56.2,56.25,12.0,9.0,1356.0,1095.0,False,False
006208,2022-10-26 11:36:42.130669,-0.000888888888888828,-0.000888888888888828,-0.04999999999999716,-0.04999999999999716,56.2,56.25,56.2,56.25,12.0,9.0,1356.0,1095.0,False,False
006208,2022-10-26 11:36:42.818687,-0.000888888888888828,-0.000888888888888828,-0.04999999999999716,-0.04999999999999716,56.2,56.25,56.2,56.25,12.0,49.0,1356.0,1095.0,False,False
006208,2022-10-26 11:36:44.812174,-0.000888888888888828,-0.000888888888888828,-0.04999999999999716,-0.04999999999999716,56.2,56.25,56.2,56.25,12.0,49.0,1356.0,1095.0,False,False
006208,2022-10-26 11:36:44.817962,-0.000888888888888828,-0.000888888888888828,-0.04999999999999716,-0.04999999999999716,56.2,56.25,56.2,56.25,12.0,79.0,1356.0,1095.0,False,False
006208,2022-10-26 11:36:45.060643,-0.000888888888888828,-0.000888888888888828,-0.04999999999999716,-0.04999999999999716,56.2,56.25,56.2,56.25,12.0,49.0,1356.0,1095.0,False,False
006208,2022-10-26 11:36:45.065766,-0.000888888888888828,-0.000888888888888828,-0.04999999999999716,-0.04999999999999716,56.2,56.25,56.2,56.25,12.0,49.0,1356.0,1095.0,False,False
006208,2022-10-26 11:36:46.581971,-0.000888888888888828,-0.000888888888888828,-0.04999999999999716,-0.04999999999999716,56.2,56.25,56.2,56.25,12.0,49.0,1356.0,1095.0,False,False
006208,2022-10-26 11:36:46.596269,-0.000888888888888828,-0.000888888888888828,-0.04999999999999716,-0.04999999999999716,56.2,56.25,56.2,56.25,12.0,49.0,1356.0,1095.0,False,False
006208,2022-10-26 11:36:46.721975,-0.000888888888888828,-0.000888888888888828,-0.04999999999999716,-0.04999999999999716,56.2,56.25,56.2,56.25,12.0,49.0,1356.0,1095.0,False,False
006208,2022-10-26 11:36:47.004235,-0.000888888888888828,-0.000888888888888828,-0.04999999999999716,-0.04999999999999716,56.2,56.25,56.2,56.25,12.0,49.0,1356.0,1095.0,False,False
006208,2022-10-26 11:36:47.004409,-0.000888888888888828,-0.000888888888888828,-0.04999999999999716,-0.04999999999999716,56.2,56.25,56.2,56.25,12.0,49.0,1356.0,1095.0,False,False
006208,2022-10-26 11:36:48.084209,-0.000888888888888828,-0.000888888888888828,-0.04999999999999716,-0.04999999999999716,56.2,56.25,56.2,56.25,12.0,49.0,1356.0,1085.0,True,True
006208,2022-10-26 11:36:48.468073,-0.000888888888888828,-0.000888888888888828,-0.04999999999999716,-0.04999999999999716,56.2,56.25,56.2,56.25,12.0,49.0,1356.0,1085.0,False,False
006208,2022-10-26 11:36:49.211302,-0.000888888888888828,-0.000888888888888828,-0.04999999999999716,-0.04999999999999716,56.2,56.25,56.2,56.25,12.0,99.0,1356.0,1085.0,False,False
006208,2022-10-26 11:36:51.699307,-0.000888888888888828,-0.000888888888888828,-0.04999999999999716,-0.04999999999999716,56.2,56.25,56.2,56.25,12.0,99.0,1356.0,1085.0,False,False
006208,2022-10-26 11:36:51.699525,-0.000888888888888828,-0.000888888888888828,-0.04999999999999716,-0.04999999999999716,56.2,56.25,56.2,56.25,12.0,99.0,1356.0,1085.0,False,False
006208,2022-10-26 11:36:52.802543,-0.000888888888888828,-0.000888888888888828,-0.04999999999999716,-0.04999999999999716,56.2,56.25,56.2,56.25,12.0,99.0,1356.0,1085.0,False,False
006208,2022-10-26 11:36:52.808852,-0.000888888888888828,-0.000888888888888828,-0.04999999999999716,-0.04999999999999716,56.2,56.25,56.2,56.25,12.0,129.0,1356.0,1085.0,False,False
006208,2022-10-26 11:36:53.273733,-0.000888888888888828,-0.000888888888888828,-0.04999999999999716,-0.04999999999999716,56.2,56.25,56.2,56.25,12.0,130.0,1356.0,1085.0,False,False
006208,2022-10-26 11:36:56.699337,-0.000888888888888828,-0.000888888888888828,-0.04999999999999716,-0.04999999999999716,56.2,56.25,56.2,56.25,12.0,130.0,1356.0,1085.0,False,False
006208,2022-10-26 11:36:56.702436,-0.000888888888888828,-0.000888888888888828,-0.04999999999999716,-0.04999999999999716,56.2,56.25,56.2,56.25,12.0,130.0,1356.0,1085.0,False,False
006208,2022-10-26 11:36:56.837005,-0.000888888888888828,-0.000888888888888828,-0.04999999999999716,-0.04999999999999716,56.2,56.25,56.2,56.25,12.0,130.0,1356.0,1085.0,False,False
006208,2022-10-26 11:37:00.126992,-0.000888888888888828,-0.000888888888888828,-0.04999999999999716,-0.04999999999999716,56.2,56.25,56.2,56.25,12.0,130.0,1356.0,1085.0,False,False
006208,2022-10-26 11:37:00.127279,-0.000888888888888828,-0.000888888888888828,-0.04999999999999716,-0.04999999999999716,56.2,56.25,56.2,56.25,12.0,150.0,1356.0,1085.0,False,False
006208,2022-10-26 11:37:00.580187,-0.000888888888888828,-0.000888888888888828,-0.04999999999999716,-0.04999999999999716,56.2,56.25,56.2,56.25,12.0,130.0,1356.0,1085.0,False,False
006208,2022-10-26 11:37:00.580550,-0.000888888888888828,-0.000888888888888828,-0.04999999999999716,-0.04999999999999716,56.2,56.25,56.2,56.25,12.0,130.0,1356.0,1085.0,False,False
006208,2022-10-26 11:37:01.598985,-0.000888888888888828,-0.000888888888888828,-0.04999999999999716,-0.04999999999999716,56.2,56.25,56.2,56.25,12.0,130.0,1356.0,1085.0,False,False
006208,2022-10-26 11:37:02.022878,-0.000888888888888828,-0.000888888888888828,-0.04999999999999716,-0.04999999999999716,56.2,56.25,56.2,56.25,12.0,130.0,1356.0,1085.0,False,False
006208,2022-10-26 11:37:03.786356,-0.000888888888888828,-0.000888888888888828,-0.04999999999999716,-0.04999999999999716,56.2,56.25,56.2,56.25,12.0,130.0,1356.0,1085.0,False,False
006208,2022-10-26 11:37:03.789232,-0.000888888888888828,-0.000888888888888828,-0.04999999999999716,-0.04999999999999716,56.2,56.25,56.2,56.25,12.0,130.0,1356.0,1085.0,False,False
006208,2022-10-26 11:37:06.170410,-0.000888888888888828,-0.000888888888888828,-0.04999999999999716,-0.04999999999999716,56.2,56.25,56.2,56.25,12.0,130.0,1356.0,1085.0,False,False
006208,2022-10-26 11:37:06.814998,-0.000888888888888828,-0.000888888888888828,-0.04999999999999716,-0.04999999999999716,56.2,56.25,56.2,56.25,12.0,130.0,1356.0,1085.0,False,False
006208,2022-10-26 11:37:06.820851,-0.000888888888888828,-0.000888888888888828,-0.04999999999999716,-0.04999999999999716,56.2,56.25,56.2,56.25,12.0,130.0,1356.0,1085.0,False,False
006208,2022-10-26 11:37:06.947677,-0.000888888888888828,-0.000888888888888828,-0.04999999999999716,-0.04999999999999716,56.2,56.25,56.2,56.25,12.0,130.0,1356.0,1085.0,False,False
006208,2022-10-26 11:37:07.029703,-0.000888888888888828,-0.000888888888888828,-0.04999999999999716,-0.04999999999999716,56.2,56.25,56.2,56.25,12.0,130.0,1356.0,1085.0,False,False
006208,2022-10-26 11:37:07.545634,-0.000888888888888828,-0.000888888888888828,-0.04999999999999716,-0.04999999999999716,56.2,56.25,56.2,56.25,12.0,130.0,1356.0,1067.0,False,True
006208,2022-10-26 11:37:10.021021,-0.000888888888888828,-0.000888888888888828,-0.04999999999999716,-0.04999999999999716,56.2,56.25,56.2,56.25,12.0,129.0,1356.0,1067.0,False,False
006208,2022-10-26 11:37:11.356723,-0.000888888888888828,-0.000888888888888828,-0.04999999999999716,-0.04999999999999716,56.2,56.25,56.2,56.25,13.0,129.0,1356.0,1067.0,False,False
006208,2022-10-26 11:37:12.343418,-0.000888888888888828,-0.000888888888888828,-0.04999999999999716,-0.04999999999999716,56.2,56.25,56.2,56.25,13.0,129.0,1356.0,1067.0,False,False
006208,2022-10-26 11:37:12.441718,-0.000888888888888828,-0.000888888888888828,-0.04999999999999716,-0.04999999999999716,56.2,56.25,56.2,56.25,13.0,129.0,1356.0,1067.0,False,False
006208,2022-10-26 11:37:16.933846,-0.000888888888888828,-0.000888888888888828,-0.04999999999999716,-0.04999999999999716,56.2,56.25,56.2,56.25,13.0,129.0,1356.0,1067.0,False,False
006208,2022-10-26 11:37:16.939995,-0.000888888888888828,-0.000888888888888828,-0.04999999999999716,-0.04999999999999716,56.2,56.25,56.2,56.25,13.0,129.0,1356.0,1067.0,False,False
006208,2022-10-26 11:37:17.076154,-0.000888888888888828,-0.000888888888888828,-0.04999999999999716,-0.04999999999999716,56.2,56.25,56.2,56.25,13.0,149.0,1356.0,1067.0,False,False
006208,2022-10-26 11:37:17.593127,-0.000888888888888828,-0.000888888888888828,-0.04999999999999716,-0.04999999999999716,56.2,56.25,56.2,56.25,13.0,149.0,1356.0,1052.0,True,True
006208,2022-10-26 11:37:18.303789,-0.000888888888888828,-0.000888888888888828,-0.04999999999999716,-0.04999999999999716,56.2,56.25,56.2,56.25,13.0,149.0,1356.0,1052.0,False,False
006208,2022-10-26 11:37:18.304005,-0.000888888888888828,-0.000888888888888828,-0.04999999999999716,-0.04999999999999716,56.2,56.25,56.2,56.25,13.0,129.0,1356.0,1052.0,False,False
006208,2022-10-26 11:37:19.068802,-0.000888888888888828,-0.000888888888888828,-0.04999999999999716,-0.04999999999999716,56.2,56.25,56.2,56.25,13.0,129.0,1356.0,1052.0,False,False
006208,2022-10-26 11:37:19.068940,-0.000888888888888828,-0.000888888888888828,-0.04999999999999716,-0.04999999999999716,56.2,56.25,56.2,56.25,13.0,149.0,1356.0,1052.0,False,False
006208,2022-10-26 11:37:22.076619,-0.000888888888888828,-0.000888888888888828,-0.04999999999999716,-0.04999999999999716,56.2,56.25,56.2,56.25,13.0,149.0,1356.0,1052.0,False,False
006208,2022-10-26 11:37:22.088477,-0.000888888888888828,-0.000888888888888828,-0.04999999999999716,-0.04999999999999716,56.2,56.25,56.2,56.25,13.0,149.0,1356.0,1052.0,False,False
006208,2022-10-26 11:37:23.067965,-0.000888888888888828,-0.000888888888888828,-0.04999999999999716,-0.04999999999999716,56.2,56.25,56.2,56.25,13.0,149.0,1356.0,1052.0,False,False
006208,2022-10-26 11:37:23.076903,-0.000888888888888828,-0.000888888888888828,-0.04999999999999716,-0.04999999999999716,56.2,56.25,56.2,56.25,13.0,149.0,1356.0,1052.0,False,False
006208,2022-10-26 11:37:27.053250,-0.000888888888888828,-0.000888888888888828,-0.04999999999999716,-0.04999999999999716,56.2,56.25,56.2,56.25,13.0,149.0,1356.0,1052.0,False,False
006208,2022-10-26 11:37:27.062307,-0.000888888888888828,-0.000888888888888828,-0.04999999999999716,-0.04999999999999716,56.2,56.25,56.2,56.25,13.0,149.0,1356.0,1052.0,False,False
006208,2022-10-26 11:37:27.189410,-0.000888888888888828,-0.000888888888888828,-0.04999999999999716,-0.04999999999999716,56.2,56.25,56.2,56.25,13.0,149.0,1356.0,1052.0,False,False
006208,2022-10-26 11:37:27.439767,-0.000888888888888828,-0.000888888888888828,-0.04999999999999716,-0.04999999999999716,56.2,56.25,56.2,56.25,13.0,129.0,1356.0,1052.0,False,False
006208,2022-10-26 11:37:27.440198,-0.000888888888888828,-0.000888888888888828,-0.04999999999999716,-0.04999999999999716,56.2,56.25,56.2,56.25,13.0,129.0,1356.0,1052.0,False,False
006208,2022-10-26 11:37:27.631419,-0.000888888888888828,-0.000888888888888828,-0.04999999999999716,-0.04999999999999716,56.2,56.25,56.2,56.25,13.0,129.0,1356.0,1017.0,True,True
006208,2022-10-26 11:37:31.111558,-0.000888888888888828,-0.000888888888888828,-0.04999999999999716,-0.04999999999999716,56.2,56.25,56.2,56.25,13.0,129.0,1356.0,1017.0,False,False
006208,2022-10-26 11:37:31.145365,-0.000888888888888828,-0.000888888888888828,-0.04999999999999716,-0.04999999999999716,56.2,56.25,56.2,56.25,88.0,99.0,1356.0,1017.0,False,False
006208,2022-10-26 11:37:32.145513,-0.000888888888888828,-0.000888888888888828,-0.04999999999999716,-0.04999999999999716,56.2,56.25,56.2,56.25,188.0,99.0,1356.0,1017.0,False,False
006208,2022-10-26 11:37:33.519875,-0.000888888888888828,-0.000888888888888828,-0.04999999999999716,-0.04999999999999716,56.2,56.25,56.2,56.25,188.0,99.0,1356.0,1017.0,False,False
006208,2022-10-26 11:37:33.525142,-0.000888888888888828,-0.000888888888888828,-0.04999999999999716,-0.04999999999999716,56.2,56.25,56.2,56.25,188.0,129.0,1356.0,1017.0,False,False
006208,2022-10-26 11:37:37.171626,-0.000888888888888828,-0.000888888888888828,-0.04999999999999716,-0.04999999999999716,56.2,56.25,56.2,56.25,188.0,129.0,1356.0,1017.0,False,False
006208,2022-10-26 11:37:37.174883,-0.000888888888888828,-0.000888888888888828,-0.04999999999999716,-0.04999999999999716,56.2,56.25,56.2,56.25,188.0,129.0,1356.0,1017.0,False,False
006208,2022-10-26 11:37:37.306682,-0.000888888888888828,-0.000888888888888828,-0.04999999999999716,-0.04999999999999716,56.2,56.25,56.2,56.25,188.0,129.0,1356.0,1017.0,False,False
006208,2022-10-26 11:37:37.659487,-0.000888888888888828,-0.000888888888888828,-0.04999999999999716,-0.04999999999999716,56.2,56.25,56.2,56.25,188.0,129.0,1856.0,817.0,True,True
006208,2022-10-26 11:37:37.823284,-0.000888888888888828,-0.000888888888888828,-0.04999999999999716,-0.04999999999999716,56.2,56.25,56.2,56.25,188.0,99.0,1856.0,817.0,False,False
006208,2022-10-26 11:37:37.829330,-0.000888888888888828,-0.000888888888888828,-0.04999999999999716,-0.04999999999999716,56.2,56.25,56.2,56.25,188.0,99.0,1856.0,817.0,False,False
006208,2022-10-26 11:37:43.085449,-0.000888888888888828,-0.000888888888888828,-0.04999999999999716,-0.04999999999999716,56.2,56.25,56.2,56.25,188.0,98.0,1856.0,817.0,False,False
006208,2022-10-26 11:37:43.121501,-0.000888888888888828,-0.000888888888888828,-0.04999999999999716,-0.04999999999999716,56.2,56.25,56.2,56.25,88.0,98.0,1856.0,817.0,False,False
006208,2022-10-26 11:37:44.121781,-0.000888888888888828,-0.000888888888888828,-0.04999999999999716,-0.04999999999999716,56.2,56.25,56.2,56.25,88.0,98.0,1856.0,817.0,False,False
006208,2022-10-26 11:37:44.987539,-0.000888888888888828,-0.000888888888888828,-0.04999999999999716,-0.04999999999999716,56.2,56.25,56.2,56.25,88.0,98.0,1856.0,817.0,False,False
006208,2022-10-26 11:37:45.564816,-0.000888888888888828,-0.000888888888888828,-0.04999999999999716,-0.04999999999999716,56.2,56.25,56.2,56.25,88.0,98.0,1856.0,817.0,False,False
006208,2022-10-26 11:37:45.642244,-0.000888888888888828,-0.000888888888888828,-0.04999999999999716,-0.04999999999999716,56.2,56.25,56.2,56.25,88.0,128.0,1856.0,817.0,False,False
006208,2022-10-26 11:37:46.274199,-0.000888888888888828,-0.000888888888888828,-0.04999999999999716,-0.04999999999999716,56.2,56.25,56.2,56.25,13.0,128.0,1856.0,817.0,False,False
006208,2022-10-26 11:37:46.279169,-0.000888888888888828,-0.000888888888888828,-0.04999999999999716,-0.04999999999999716,56.2,56.25,56.2,56.25,13.0,128.0,1856.0,817.0,False,False
006208,2022-10-26 11:37:46.405191,-0.000888888888888828,-0.000888888888888828,-0.04999999999999716,-0.04999999999999716,56.2,56.25,56.2,56.25,13.0,128.0,1856.0,817.0,False,False
006208,2022-10-26 11:37:47.282844,-0.000888888888888828,-0.000888888888888828,-0.04999999999999716,-0.04999999999999716,56.2,56.25,56.2,56.25,13.0,128.0,1856.0,817.0,False,False
006208,2022-10-26 11:37:47.299886,-0.000888888888888828,-0.000888888888888828,-0.04999999999999716,-0.04999999999999716,56.2,56.25,56.2,56.25,13.0,128.0,1856.0,817.0,False,False
006208,2022-10-26 11:37:47.418240,-0.000888888888888828,-0.000888888888888828,-0.04999999999999716,-0.04999999999999716,56.2,56.25,56.2,56.25,13.0,128.0,1856.0,817.0,False,False
006208,2022-10-26 11:37:47.424007,-0.000888888888888828,-0.000888888888888828,-0.04999999999999716,-0.04999999999999716,56.2,56.25,56.2,56.25,13.0,128.0,1856.0,817.0,False,False
006208,2022-10-26 11:37:50.037937,-0.000888888888888828,-0.000888888888888828,-0.04999999999999716,-0.04999999999999716,56.2,56.25,56.2,56.25,13.0,128.0,1856.0,817.0,False,False
006208,2022-10-26 11:37:56.192277,-0.000888888888888828,-0.000888888888888828,-0.04999999999999716,-0.04999999999999716,56.2,56.25,56.2,56.25,13.0,128.0,1856.0,817.0,False,False
006208,2022-10-26 11:37:57.412480,-0.000888888888888828,-0.000888888888888828,-0.04999999999999716,-0.04999999999999716,56.2,56.25,56.2,56.25,13.0,128.0,1856.0,817.0,False,False
006208,2022-10-26 11:37:57.417053,-0.000888888888888828,-0.000888888888888828,-0.04999999999999716,-0.04999999999999716,56.2,56.25,56.2,56.25,13.0,128.0,1856.0,817.0,False,False
006208,2022-10-26 11:37:57.537253,-0.000888888888888828,-0.000888888888888828,-0.04999999999999716,-0.04999999999999716,56.2,56.25,56.2,56.25,13.0,128.0,1856.0,817.0,False,False
006208,2022-10-26 11:37:57.546606,-0.000888888888888828,-0.000888888888888828,-0.04999999999999716,-0.04999999999999716,56.2,56.25,56.2,56.25,13.0,128.0,1856.0,817.0,False,False
006208,2022-10-26 11:37:57.722841,-0.000888888888888828,-0.000888888888888828,-0.04999999999999716,-0.04999999999999716,56.2,56.25,56.2,56.25,13.0,128.0,2036.0,817.0,True,True
006208,2022-10-26 11:37:58.393889,-0.000888888888888828,-0.000888888888888828,-0.04999999999999716,-0.04999999999999716,56.2,56.25,56.2,56.25,13.0,128.0,2036.0,817.0,False,False
006208,2022-10-26 11:38:00.378151,-0.000888888888888828,-0.000888888888888828,-0.04999999999999716,-0.04999999999999716,56.2,56.25,56.2,56.25,13.0,148.0,2036.0,817.0,False,False
006208,2022-10-26 11:38:00.378513,-0.000888888888888828,-0.000888888888888828,-0.04999999999999716,-0.04999999999999716,56.2,56.25,56.2,56.25,13.0,148.0,2036.0,817.0,False,False
006208,2022-10-26 11:38:00.629725,-0.000888888888888828,-0.000888888888888828,-0.04999999999999716,-0.04999999999999716,56.2,56.25,56.2,56.25,13.0,148.0,2036.0,817.0,False,False
006208,2022-10-26 11:38:00.695928,-0.000888888888888828,-0.000888888888888828,-0.04999999999999716,-0.04999999999999716,56.2,56.25,56.2,56.25,13.0,148.0,2036.0,817.0,False,False
006208,2022-10-26 11:38:03.874942,-0.000888888888888828,-0.000888888888888828,-0.04999999999999716,-0.04999999999999716,56.2,56.25,56.2,56.25,13.0,128.0,2036.0,817.0,False,False
006208,2022-10-26 11:38:03.875191,-0.000888888888888828,-0.000888888888888828,-0.04999999999999716,-0.04999999999999716,56.2,56.25,56.2,56.25,13.0,128.0,2036.0,817.0,False,False
006208,2022-10-26 11:38:06.386328,-0.000888888888888828,-0.000888888888888828,-0.04999999999999716,-0.04999999999999716,56.2,56.25,56.2,56.25,13.0,128.0,2036.0,817.0,False,False
006208,2022-10-26 11:38:06.386500,-0.000888888888888828,-0.000888888888888828,-0.04999999999999716,-0.04999999999999716,56.2,56.25,56.2,56.25,13.0,148.0,2036.0,817.0,False,False
006208,2022-10-26 11:38:07.525740,-0.000888888888888828,-0.000888888888888828,-0.04999999999999716,-0.04999999999999716,56.2,56.25,56.2,56.25,13.0,148.0,2036.0,817.0,False,False
006208,2022-10-26 11:38:07.528750,-0.000888888888888828,-0.000888888888888828,-0.04999999999999716,-0.04999999999999716,56.2,56.25,56.2,56.25,13.0,148.0,2036.0,817.0,False,False
006208,2022-10-26 11:38:07.658762,-0.000888888888888828,-0.000888888888888828,-0.04999999999999716,-0.04999999999999716,56.2,56.25,56.2,56.25,13.0,148.0,2036.0,817.0,False,False
006208,2022-10-26 11:38:07.660141,-0.000888888888888828,-0.000888888888888828,-0.04999999999999716,-0.04999999999999716,56.2,56.25,56.2,56.25,13.0,148.0,2036.0,817.0,False,False
006208,2022-10-26 11:38:07.786060,-0.000888888888888828,-0.000888888888888828,-0.04999999999999716,-0.04999999999999716,56.2,56.25,56.2,56.25,18.0,148.0,2036.0,817.0,False,False
006208,2022-10-26 11:38:13.223062,-0.000888888888888828,-0.000888888888888828,-0.04999999999999716,-0.04999999999999716,56.2,56.25,56.2,56.25,18.0,148.0,2036.0,817.0,False,False
006208,2022-10-26 11:38:13.223208,-0.000888888888888828,-0.000888888888888828,-0.04999999999999716,-0.04999999999999716,56.2,56.25,56.2,56.25,18.0,128.0,2036.0,817.0,False,False
006208,2022-10-26 11:38:15.006495,-0.000888888888888828,-0.000888888888888828,-0.04999999999999716,-0.04999999999999716,56.2,56.25,56.2,56.25,18.0,128.0,2036.0,817.0,False,False
006208,2022-10-26 11:38:15.006824,-0.000888888888888828,-0.000888888888888828,-0.04999999999999716,-0.04999999999999716,56.2,56.25,56.2,56.25,18.0,148.0,2036.0,817.0,False,False
006208,2022-10-26 11:38:17.595766,-0.000888888888888828,-0.000888888888888828,-0.04999999999999716,-0.04999999999999716,56.2,56.25,56.2,56.25,18.0,148.0,2036.0,817.0,False,False
006208,2022-10-26 11:38:17.646102,-0.000888888888888828,-0.000888888888888828,-0.04999999999999716,-0.04999999999999716,56.2,56.25,56.2,56.25,18.0,128.0,2036.0,817.0,False,False
006208,2022-10-26 11:38:17.775910,-0.000888888888888828,-0.000888888888888828,-0.04999999999999716,-0.04999999999999716,56.2,56.25,56.2,56.25,18.0,128.0,2036.0,817.0,False,False
006208,2022-10-26 11:38:17.778067,-0.000888888888888828,-0.000888888888888828,-0.04999999999999716,-0.04999999999999716,56.2,56.25,56.2,56.25,18.0,128.0,2036.0,817.0,False,False
006208,2022-10-26 11:38:17.925054,-0.000888888888888828,-0.000888888888888828,-0.04999999999999716,-0.04999999999999716,56.2,56.25,56.2,56.25,18.0,148.0,2036.0,817.0,False,False
006208,2022-10-26 11:38:22.175544,-0.000888888888888828,-0.000888888888888828,-0.04999999999999716,-0.04999999999999716,56.2,56.25,56.2,56.25,18.0,128.0,2036.0,817.0,False,False
006208,2022-10-26 11:38:22.175687,-0.000888888888888828,-0.000888888888888828,-0.04999999999999716,-0.04999999999999716,56.2,56.25,56.2,56.25,18.0,128.0,2036.0,817.0,False,False
006208,2022-10-26 11:38:24.959645,-0.000888888888888828,-0.000888888888888828,-0.04999999999999716,-0.04999999999999716,56.2,56.25,56.2,56.25,18.0,127.0,2036.0,817.0,False,False
006208,2022-10-26 11:38:27.761247,-0.000888888888888828,-0.000888888888888828,-0.04999999999999716,-0.04999999999999716,56.2,56.25,56.2,56.25,18.0,127.0,2036.0,817.0,False,False
006208,2022-10-26 11:38:27.763603,-0.000888888888888828,-0.000888888888888828,-0.04999999999999716,-0.04999999999999716,56.2,56.25,56.2,56.25,18.0,127.0,2036.0,817.0,False,False
006208,2022-10-26 11:38:27.848741,-0.000888888888888828,-0.000888888888888828,-0.04999999999999716,-0.04999999999999716,56.2,56.25,56.2,56.25,18.0,127.0,2036.0,817.0,True,True
006208,2022-10-26 11:38:27.893972,-0.000888888888888828,-0.000888888888888828,-0.04999999999999716,-0.04999999999999716,56.2,56.25,56.2,56.25,18.0,127.0,2036.0,817.0,False,False
006208,2022-10-26 11:38:27.901218,-0.000888888888888828,-0.000888888888888828,-0.04999999999999716,-0.04999999999999716,56.2,56.25,56.2,56.25,18.0,127.0,2036.0,817.0,False,False
006208,2022-10-26 11:38:31.556051,-0.000888888888888828,-0.000888888888888828,-0.04999999999999716,-0.04999999999999716,56.2,56.25,56.2,56.25,18.0,127.0,2036.0,817.0,False,False
006208,2022-10-26 11:38:31.633496,-0.000888888888888828,-0.000888888888888828,-0.04999999999999716,-0.04999999999999716,56.2,56.25,56.2,56.25,18.0,202.0,2036.0,817.0,False,False
006208,2022-10-26 11:38:31.680639,-0.000888888888888828,-0.000888888888888828,-0.04999999999999716,-0.04999999999999716,56.2,56.25,56.2,56.25,18.0,202.0,2036.0,817.0,False,False
006208,2022-10-26 11:38:32.328729,-0.000888888888888828,-0.000888888888888828,-0.04999999999999716,-0.04999999999999716,56.2,56.25,56.2,56.25,18.0,202.0,2036.0,817.0,False,False
006208,2022-10-26 11:38:32.336994,-0.000888888888888828,-0.000888888888888828,-0.04999999999999716,-0.04999999999999716,56.2,56.25,56.2,56.25,18.0,222.0,2036.0,817.0,False,False
006208,2022-10-26 11:38:32.594148,-0.000888888888888828,-0.000888888888888828,-0.04999999999999716,-0.04999999999999716,56.2,56.25,56.2,56.25,18.0,322.0,2036.0,817.0,False,False
006208,2022-10-26 11:38:32.613733,-0.000888888888888828,-0.000888888888888828,-0.04999999999999716,-0.04999999999999716,56.2,56.25,56.2,56.25,18.0,322.0,2036.0,817.0,False,False
006208,2022-10-26 11:38:37.882709,-0.000888888888888828,-0.000888888888888828,-0.04999999999999716,-0.04999999999999716,56.2,56.25,56.2,56.25,18.0,322.0,2036.0,817.0,False,False
006208,2022-10-26 11:38:37.885696,-0.000888888888888828,-0.000888888888888828,-0.04999999999999716,-0.04999999999999716,56.2,56.25,56.2,56.25,18.0,322.0,2036.0,817.0,False,False
006208,2022-10-26 11:38:38.015695,-0.000888888888888828,-0.000888888888888828,-0.04999999999999716,-0.04999999999999716,56.2,56.25,56.2,56.25,18.0,322.0,2036.0,817.0,False,False
006208,2022-10-26 11:38:38.133136,-0.000888888888888828,-0.000888888888888828,-0.04999999999999716,-0.04999999999999716,56.2,56.25,56.2,56.25,18.0,322.0,2036.0,817.0,False,False
006208,2022-10-26 11:38:38.234264,-0.000888888888888828,-0.000888888888888828,-0.04999999999999716,-0.04999999999999716,56.2,56.25,56.2,56.25,18.0,356.0,2036.0,817.0,False,False
006208,2022-10-26 11:38:39.479996,-0.000888888888888828,-0.000888888888888828,-0.04999999999999716,-0.04999999999999716,56.2,56.25,56.2,56.25,18.0,356.0,2036.0,817.0,False,False
006208,2022-10-26 11:38:39.499649,-0.000888888888888828,-0.000888888888888828,-0.04999999999999716,-0.04999999999999716,56.2,56.25,56.2,56.25,18.0,322.0,2036.0,817.0,False,False
006208,2022-10-26 11:38:39.580947,-0.000888888888888828,-0.000888888888888828,-0.04999999999999716,-0.04999999999999716,56.2,56.25,56.2,56.25,8.0,222.0,2036.0,817.0,False,False
006208,2022-10-26 11:38:39.512514,-0.000888888888888828,-0.000888888888888828,-0.04999999999999716,-0.04999999999999716,56.2,56.25,56.2,56.25,18.0,222.0,2036.0,817.0,False,False
006208,2022-10-26 11:38:39.705056,-0.000888888888888828,-0.000888888888888828,-0.04999999999999716,-0.04999999999999716,56.2,56.25,56.2,56.25,8.0,222.0,2036.0,817.0,False,False
006208,2022-10-26 11:38:40.221791,0.0,-0.001777777777777767,0.0,-0.10000000000000142,56.15,56.2,56.2,56.25,7.0,2.0,2036.0,817.0,False,False
006208,2022-10-26 11:38:40.256111,0.0,-0.001777777777777767,0.0,-0.10000000000000142,56.15,56.2,56.2,56.25,7.0,2.0,2036.0,817.0,False,False
006208,2022-10-26 11:38:40.256599,0.0,-0.001777777777777767,0.0,-0.10000000000000142,56.15,56.2,56.2,56.25,7.0,2.0,2036.0,817.0,False,False
006208,2022-10-26 11:38:40.372514,0.0,-0.001777777777777767,0.0,-0.10000000000000142,56.15,56.2,56.2,56.25,7.0,2.0,2036.0,817.0,False,False
006208,2022-10-26 11:38:40.512863,0.0,-0.001777777777777767,0.0,-0.10000000000000142,56.15,56.2,56.2,56.25,7.0,2.0,2036.0,817.0,False,False
006208,2022-10-26 11:38:40.628065,0.0,-0.001777777777777767,0.0,-0.10000000000000142,56.15,56.2,56.2,56.25,7.0,2.0,2036.0,817.0,False,False
006208,2022-10-26 11:38:43.570652,0.0,-0.001777777777777767,0.0,-0.10000000000000142,56.15,56.2,56.2,56.25,7.0,2.0,2036.0,817.0,False,False
006208,2022-10-26 11:38:43.621226,0.0,-0.001777777777777767,0.0,-0.10000000000000142,56.15,56.2,56.2,56.25,7.0,2.0,2036.0,817.0,False,False
006208,2022-10-26 11:38:43.743465,0.0,-0.001777777777777767,0.0,-0.10000000000000142,56.15,56.2,56.2,56.25,7.0,2.0,2036.0,817.0,False,False
006208,2022-10-26 11:38:43.839113,0.0,-0.001777777777777767,0.0,-0.10000000000000142,56.15,56.2,56.2,56.25,7.0,2.0,2036.0,817.0,False,False
006208,2022-10-26 11:38:44.499730,0.0,-0.001777777777777767,0.0,-0.10000000000000142,56.15,56.2,56.2,56.25,7.0,2.0,2036.0,817.0,False,False
006208,2022-10-26 11:38:44.545401,0.0,-0.001777777777777767,0.0,-0.10000000000000142,56.15,56.2,56.2,56.25,7.0,2.0,2036.0,817.0,False,False
006208,2022-10-26 11:38:44.583528,0.0,-0.001777777777777767,0.0,-0.10000000000000142,56.15,56.2,56.2,56.25,7.0,2.0,2036.0,817.0,False,False
006208,2022-10-26 11:38:47.913497,0.0,-0.001777777777777767,0.0,-0.10000000000000142,56.15,56.2,56.2,56.25,7.0,2.0,2036.0,717.0,True,True
006208,2022-10-26 11:38:48.689189,0.0,-0.001777777777777767,0.0,-0.10000000000000142,56.15,56.2,56.2,56.25,7.0,7.0,2036.0,717.0,False,False
006208,2022-10-26 11:38:48.727183,0.0,-0.001777777777777767,0.0,-0.10000000000000142,56.15,56.2,56.2,56.25,7.0,7.0,2036.0,717.0,False,False
006208,2022-10-26 11:38:49.727408,0.0,-0.001777777777777767,0.0,-0.10000000000000142,56.15,56.2,56.2,56.25,7.0,7.0,2036.0,717.0,False,False
006208,2022-10-26 11:38:50.269873,0.0,-0.001777777777777767,0.0,-0.10000000000000142,56.15,56.2,56.2,56.25,7.0,7.0,2036.0,717.0,False,False
006208,2022-10-26 11:38:50.544357,0.0,-0.001777777777777767,0.0,-0.10000000000000142,56.15,56.2,56.2,56.25,7.0,7.0,2036.0,717.0,False,False
006208,2022-10-26 11:38:50.547687,0.0,-0.001777777777777767,0.0,-0.10000000000000142,56.15,56.2,56.2,56.25,7.0,7.0,2036.0,717.0,False,False
006208,2022-10-26 11:38:50.703439,0.0,-0.001777777777777767,0.0,-0.10000000000000142,56.15,56.2,56.2,56.25,7.0,7.0,2036.0,717.0,False,False
006208,2022-10-26 11:38:50.969449,0.0,-0.001777777777777767,0.0,-0.10000000000000142,56.15,56.2,56.2,56.25,7.0,5.0,2036.0,717.0,False,False
006208,2022-10-26 11:38:51.124001,0.0,-0.001777777777777767,0.0,-0.10000000000000142,56.15,56.2,56.2,56.25,7.0,5.0,2036.0,717.0,False,False
006208,2022-10-26 11:38:51.703948,0.0,-0.001777777777777767,0.0,-0.10000000000000142,56.15,56.2,56.2,56.25,107.0,5.0,2036.0,717.0,False,False
006208,2022-10-26 11:38:54.258646,0.0,-0.001777777777777767,0.0,-0.10000000000000142,56.15,56.2,56.2,56.25,107.0,5.0,2036.0,717.0,False,False
006208,2022-10-26 11:38:54.379836,0.0,-0.001777777777777767,0.0,-0.10000000000000142,56.15,56.2,56.2,56.25,7.0,5.0,2036.0,717.0,False,False
006208,2022-10-26 11:38:55.292397,0.0,-0.001777777777777767,0.0,-0.10000000000000142,56.15,56.2,56.2,56.25,107.0,5.0,2036.0,717.0,False,False
006208,2022-10-26 11:38:57.950607,0.0,-0.001777777777777767,0.0,-0.10000000000000142,56.15,56.2,56.2,56.25,107.0,5.0,2136.0,693.0,True,True
006208,2022-10-26 11:38:58.930050,0.0,-0.001777777777777767,0.0,-0.10000000000000142,56.15,56.2,56.2,56.25,107.0,4.0,2136.0,693.0,False,False
006208,2022-10-26 11:38:58.953951,0.0,-0.001777777777777767,0.0,-0.10000000000000142,56.15,56.2,56.2,56.25,7.0,4.0,2136.0,693.0,False,False
006208,2022-10-26 11:38:59.954014,0.0,-0.001777777777777767,0.0,-0.10000000000000142,56.15,56.2,56.2,56.25,7.0,4.0,2136.0,693.0,False,False
006208,2022-10-26 11:39:00.297846,0.0,-0.001777777777777767,0.0,-0.10000000000000142,56.15,56.2,56.2,56.25,7.0,3.0,2136.0,693.0,False,False
006208,2022-10-26 11:39:01.106959,0.0,-0.001777777777777767,0.0,-0.10000000000000142,56.15,56.2,56.2,56.25,7.0,3.0,2136.0,693.0,False,False
006208,2022-10-26 11:39:01.116044,0.0,-0.001777777777777767,0.0,-0.10000000000000142,56.15,56.2,56.2,56.25,7.0,3.0,2136.0,693.0,False,False
006208,2022-10-26 11:39:01.254305,0.0,-0.001777777777777767,0.0,-0.10000000000000142,56.15,56.2,56.2,56.25,7.0,3.0,2136.0,693.0,False,False
006208,2022-10-26 11:39:01.270814,0.0,-0.001777777777777767,0.0,-0.10000000000000142,56.15,56.2,56.2,56.25,7.0,3.0,2136.0,693.0,False,False
006208,2022-10-26 11:39:01.695699,0.0,-0.001777777777777767,0.0,-0.10000000000000142,56.15,56.2,56.2,56.25,7.0,3.0,2136.0,693.0,False,False
006208,2022-10-26 11:39:04.800448,0.0,-0.001777777777777767,0.0,-0.10000000000000142,56.15,56.2,56.2,56.25,7.0,3.0,2136.0,693.0,False,False
006208,2022-10-26 11:39:04.800691,0.0,-0.001777777777777767,0.0,-0.10000000000000142,56.15,56.2,56.2,56.25,7.0,3.0,2136.0,693.0,False,False
006208,2022-10-26 11:39:05.889820,0.0,-0.001777777777777767,0.0,-0.10000000000000142,56.15,56.2,56.2,56.25,7.0,3.0,2136.0,693.0,False,False
006208,2022-10-26 11:39:05.916067,0.0,-0.001777777777777767,0.0,-0.10000000000000142,56.15,56.2,56.2,56.25,82.0,3.0,2136.0,693.0,False,False
006208,2022-10-26 11:39:06.915771,0.0,-0.001777777777777767,0.0,-0.10000000000000142,56.15,56.2,56.2,56.25,182.0,3.0,2136.0,693.0,False,False
006208,2022-10-26 11:39:07.495697,0.0,-0.001777777777777767,0.0,-0.10000000000000142,56.15,56.2,56.2,56.25,182.0,3.0,2136.0,693.0,False,False
006208,2022-10-26 11:39:08.249013,0.0,-0.001777777777777767,0.0,-0.10000000000000142,56.15,56.2,56.2,56.25,182.0,3.0,2136.0,693.0,False,False
006208,2022-10-26 11:39:08.261440,0.0,-0.001777777777777767,0.0,-0.10000000000000142,56.15,56.2,56.2,56.25,182.0,3.0,2136.0,693.0,False,False
006208,2022-10-26 11:39:08.268776,0.0,-0.001777777777777767,0.0,-0.10000000000000142,56.15,56.2,56.2,56.25,182.0,3.0,2136.0,693.0,False,False
006208,2022-10-26 11:39:10.308030,0.0,-0.001777777777777767,0.0,-0.10000000000000142,56.15,56.2,56.2,56.25,182.0,2.0,2136.0,693.0,False,False
006208,2022-10-26 11:39:10.348035,0.0,-0.001777777777777767,0.0,-0.10000000000000142,56.15,56.2,56.2,56.25,182.0,2.0,2136.0,693.0,False,False
006208,2022-10-26 11:39:10.371173,0.0,-0.001777777777777767,0.0,-0.10000000000000142,56.15,56.2,56.2,56.25,182.0,2.0,2136.0,693.0,False,False
006208,2022-10-26 11:39:11.683772,0.0,-0.001777777777777767,0.0,-0.10000000000000142,56.15,56.2,56.2,56.25,182.0,2.0,2136.0,693.0,False,False
006208,2022-10-26 11:39:11.688863,0.0,-0.001777777777777767,0.0,-0.10000000000000142,56.15,56.2,56.2,56.25,182.0,2.0,2136.0,693.0,False,False
006208,2022-10-26 11:39:11.842412,0.0,-0.001777777777777767,0.0,-0.10000000000000142,56.15,56.2,56.2,56.25,182.0,2.0,2136.0,693.0,False,False
006208,2022-10-26 11:39:12.265337,0.0,-0.001777777777777767,0.0,-0.10000000000000142,56.15,56.2,56.2,56.25,182.0,2.0,2136.0,693.0,False,False
006208,2022-10-26 11:39:12.462775,0.0,-0.001777777777777767,0.0,-0.10000000000000142,56.15,56.2,56.2,56.25,182.0,2.0,2136.0,693.0,False,False
006208,2022-10-26 11:39:12.463147,0.0,-0.001777777777777767,0.0,-0.10000000000000142,56.15,56.2,56.2,56.25,182.0,2.0,2136.0,693.0,False,False
006208,2022-10-26 11:39:19.466304,0.0,-0.001777777777777767,0.0,-0.10000000000000142,56.15,56.2,56.2,56.25,107.0,2.0,2136.0,693.0,False,False
006208,2022-10-26 11:39:19.496625,0.0,-0.001777777777777767,0.0,-0.10000000000000142,56.15,56.2,56.2,56.25,7.0,2.0,2136.0,693.0,False,False
006208,2022-10-26 11:39:19.576610,0.0,-0.001777777777777767,0.0,-0.10000000000000142,56.15,56.2,56.2,56.25,7.0,2.0,2136.0,693.0,False,False
006208,2022-10-26 11:39:19.700918,0.0,-0.001777777777777767,0.0,-0.10000000000000142,56.15,56.2,56.2,56.25,7.0,2.0,2136.0,693.0,False,False
006208,2022-10-26 11:39:20.303036,-0.000888888888888828,-0.001777777777777767,-0.04999999999999716,-0.10000000000000142,56.15,56.25,56.2,56.25,7.0,257.0,2136.0,693.0,False,False
006208,2022-10-26 11:39:20.337683,-0.000888888888888828,-0.001777777777777767,-0.04999999999999716,-0.10000000000000142,56.15,56.25,56.2,56.25,7.0,257.0,2136.0,693.0,False,False
006208,2022-10-26 11:39:20.364059,-0.000888888888888828,-0.001777777777777767,-0.04999999999999716,-0.10000000000000142,56.15,56.25,56.2,56.25,7.0,217.0,2136.0,693.0,False,False
006208,2022-10-26 11:39:20.495281,-0.000888888888888828,-0.001777777777777767,-0.04999999999999716,-0.10000000000000142,56.15,56.25,56.2,56.25,7.0,317.0,2136.0,693.0,False,False
006208,2022-10-26 11:39:20.967468,0.0,-0.001777777777777767,0.0,-0.10000000000000142,56.15,56.2,56.2,56.25,7.0,40.0,2136.0,693.0,False,False
006208,2022-10-26 11:39:21.007310,0.0,-0.001777777777777767,0.0,-0.10000000000000142,56.15,56.2,56.2,56.25,7.0,40.0,2136.0,693.0,False,False
006208,2022-10-26 11:39:21.061118,0.0,-0.001777777777777767,0.0,-0.10000000000000142,56.15,56.2,56.2,56.25,7.0,40.0,2136.0,693.0,False,False
006208,2022-10-26 11:39:21.213687,0.0,-0.001777777777777767,0.0,-0.10000000000000142,56.15,56.2,56.2,56.25,7.0,40.0,2136.0,693.0,False,False
006208,2022-10-26 11:39:21.368714,0.0,-0.001777777777777767,0.0,-0.10000000000000142,56.15,56.2,56.2,56.25,7.0,40.0,2136.0,693.0,False,False
006208,2022-10-26 11:39:22.267896,0.0,-0.001777777777777767,0.0,-0.10000000000000142,56.15,56.2,56.2,56.25,7.0,40.0,2136.0,693.0,False,False
006208,2022-10-26 11:39:22.968466,0.0,-0.001777777777777767,0.0,-0.10000000000000142,56.15,56.2,56.2,56.25,7.0,90.0,2136.0,693.0,False,False
006208,2022-10-26 11:39:26.989867,0.0,-0.001777777777777767,0.0,-0.10000000000000142,56.15,56.2,56.2,56.25,7.0,89.0,2136.0,693.0,False,False
006208,2022-10-26 11:39:28.044037,0.0,-0.001777777777777767,0.0,-0.10000000000000142,56.15,56.2,56.2,56.25,7.0,89.0,2136.0,693.0,True,True
006208,2022-10-26 11:39:29.030558,0.0,-0.001777777777777767,0.0,-0.10000000000000142,56.15,56.2,56.2,56.25,7.0,89.0,2136.0,693.0,False,False
006208,2022-10-26 11:39:29.030758,0.0,-0.001777777777777767,0.0,-0.10000000000000142,56.15,56.2,56.2,56.25,82.0,89.0,2136.0,693.0,False,False
006208,2022-10-26 11:39:29.339076,0.0,-0.001777777777777767,0.0,-0.10000000000000142,56.15,56.2,56.2,56.25,82.0,89.0,2136.0,693.0,False,False
006208,2022-10-26 11:39:29.359443,0.0,-0.001777777777777767,0.0,-0.10000000000000142,56.15,56.2,56.2,56.25,82.0,119.0,2136.0,693.0,False,False
006208,2022-10-26 11:39:29.519989,0.0,-0.001777777777777767,0.0,-0.10000000000000142,56.15,56.2,56.2,56.25,82.0,89.0,2136.0,693.0,False,False
006208,2022-10-26 11:39:29.524393,0.0,-0.001777777777777767,0.0,-0.10000000000000142,56.15,56.2,56.2,56.25,82.0,89.0,2136.0,693.0,False,False
006208,2022-10-26 11:39:29.999077,0.0,-0.001777777777777767,0.0,-0.10000000000000142,56.15,56.2,56.2,56.25,82.0,89.0,2136.0,693.0,False,False
006208,2022-10-26 11:39:30.004430,0.0,-0.001777777777777767,0.0,-0.10000000000000142,56.15,56.2,56.2,56.25,82.0,119.0,2136.0,693.0,False,False
006208,2022-10-26 11:39:30.157345,0.0,-0.001777777777777767,0.0,-0.10000000000000142,56.15,56.2,56.2,56.25,82.0,89.0,2136.0,693.0,False,False
006208,2022-10-26 11:39:30.298290,0.0,-0.001777777777777767,0.0,-0.10000000000000142,56.15,56.2,56.2,56.25,82.0,88.0,2136.0,693.0,False,False
006208,2022-10-26 11:39:30.828417,0.0,-0.001777777777777767,0.0,-0.10000000000000142,56.15,56.2,56.2,56.25,82.0,88.0,2136.0,693.0,False,False
006208,2022-10-26 11:39:30.849883,0.0,-0.001777777777777767,0.0,-0.10000000000000142,56.15,56.2,56.2,56.25,82.0,88.0,2136.0,693.0,False,False
006208,2022-10-26 11:39:31.201183,0.0,-0.001777777777777767,0.0,-0.10000000000000142,56.15,56.2,56.2,56.25,82.0,88.0,2136.0,693.0,False,False
006208,2022-10-26 11:39:31.207041,0.0,-0.001777777777777767,0.0,-0.10000000000000142,56.15,56.2,56.2,56.25,82.0,88.0,2136.0,693.0,False,False
006208,2022-10-26 11:39:31.338792,0.0,-0.001777777777777767,0.0,-0.10000000000000142,56.15,56.2,56.2,56.25,82.0,88.0,2136.0,693.0,False,False
006208,2022-10-26 11:39:31.451371,0.0,-0.001777777777777767,0.0,-0.10000000000000142,56.15,56.2,56.2,56.25,82.0,88.0,2136.0,693.0,False,False
006208,2022-10-26 11:39:31.805835,0.0,-0.001777777777777767,0.0,-0.10000000000000142,56.15,56.2,56.2,56.25,82.0,88.0,2136.0,693.0,False,False
006208,2022-10-26 11:39:31.830932,0.0,-0.001777777777777767,0.0,-0.10000000000000142,56.15,56.2,56.2,56.25,82.0,88.0,2136.0,693.0,False,False
006208,2022-10-26 11:39:31.896747,0.0,-0.001777777777777767,0.0,-0.10000000000000142,56.15,56.2,56.2,56.25,82.0,87.0,2136.0,693.0,False,False
006208,2022-10-26 11:39:35.060421,0.0,-0.001777777777777767,0.0,-0.10000000000000142,56.15,56.2,56.2,56.25,82.0,87.0,2136.0,693.0,False,False
006208,2022-10-26 11:39:35.066215,0.0,-0.001777777777777767,0.0,-0.10000000000000142,56.15,56.2,56.2,56.25,82.0,117.0,2136.0,693.0,False,False
006208,2022-10-26 11:39:35.163615,0.0,-0.001777777777777767,0.0,-0.10000000000000142,56.15,56.2,56.2,56.25,82.0,50.0,2136.0,693.0,False,False
006208,2022-10-26 11:39:35.600685,-0.000888888888888828,-0.001777777777777767,-0.04999999999999716,-0.10000000000000142,56.15,56.25,56.2,56.25,82.0,357.0,2136.0,693.0,False,False
006208,2022-10-26 11:39:35.628617,-0.000888888888888828,-0.001777777777777767,-0.04999999999999716,-0.10000000000000142,56.15,56.25,56.2,56.25,82.0,357.0,2136.0,693.0,False,False
006208,2022-10-26 11:39:35.694600,-0.000888888888888828,-0.001777777777777767,-0.04999999999999716,-0.10000000000000142,56.15,56.25,56.2,56.25,82.0,357.0,2136.0,693.0,False,False
006208,2022-10-26 11:39:35.807730,-0.000888888888888828,-0.001777777777777767,-0.04999999999999716,-0.10000000000000142,56.15,56.25,56.2,56.25,82.0,317.0,2136.0,693.0,False,False
006208,2022-10-26 11:39:35.937080,-0.000888888888888828,-0.001777777777777767,-0.04999999999999716,-0.10000000000000142,56.15,56.25,56.2,56.25,82.0,317.0,2136.0,693.0,False,False
006208,2022-10-26 11:39:36.086270,-0.000888888888888828,-0.001777777777777767,-0.04999999999999716,-0.10000000000000142,56.15,56.25,56.2,56.25,82.0,217.0,2136.0,693.0,False,False
006208,2022-10-26 11:39:36.208363,-0.000888888888888828,-0.001777777777777767,-0.04999999999999716,-0.10000000000000142,56.15,56.25,56.2,56.25,82.0,217.0,2136.0,693.0,False,False
006208,2022-10-26 11:39:36.566116,-0.000888888888888828,-0.001777777777777767,-0.04999999999999716,-0.10000000000000142,56.15,56.25,56.2,56.25,82.0,217.0,2136.0,693.0,False,False
006208,2022-10-26 11:39:36.566515,-0.000888888888888828,-0.001777777777777767,-0.04999999999999716,-0.10000000000000142,56.15,56.25,56.2,56.25,82.0,217.0,2136.0,693.0,False,False
006208,2022-10-26 11:39:36.818315,-0.000888888888888828,-0.001777777777777767,-0.04999999999999716,-0.10000000000000142,56.15,56.25,56.2,56.25,82.0,217.0,2136.0,693.0,False,False
006208,2022-10-26 11:39:36.828431,-0.000888888888888828,-0.001777777777777767,-0.04999999999999716,-0.10000000000000142,56.15,56.25,56.2,56.25,82.0,217.0,2136.0,693.0,False,False
006208,2022-10-26 11:39:37.081033,-0.000888888888888828,-0.001777777777777767,-0.04999999999999716,-0.10000000000000142,56.15,56.25,56.2,56.25,182.0,217.0,2136.0,693.0,False,False
006208,2022-10-26 11:39:37.536303,-0.000888888888888828,-0.001777777777777767,-0.04999999999999716,-0.10000000000000142,56.15,56.25,56.2,56.25,182.0,217.0,2136.0,693.0,False,False
006208,2022-10-26 11:39:37.546963,-0.000888888888888828,-0.001777777777777767,-0.04999999999999716,-0.10000000000000142,56.15,56.25,56.2,56.25,182.0,217.0,2136.0,693.0,False,False
006208,2022-10-26 11:39:38.079291,-0.000888888888888828,-0.001777777777777767,-0.04999999999999716,-0.10000000000000142,56.15,56.25,56.2,56.25,182.0,217.0,548.0,1067.0,True,True
006208,2022-10-26 11:39:38.354695,-0.000888888888888828,-0.001777777777777767,-0.04999999999999716,-0.10000000000000142,56.15,56.25,56.2,56.25,182.0,217.0,548.0,1067.0,False,False
006208,2022-10-26 11:39:38.408594,-0.000888888888888828,-0.001777777777777767,-0.04999999999999716,-0.10000000000000142,56.15,56.25,56.2,56.25,182.0,217.0,548.0,1067.0,False,False
006208,2022-10-26 11:39:40.293249,-0.000888888888888828,-0.001777777777777767,-0.04999999999999716,-0.10000000000000142,56.15,56.25,56.2,56.25,182.0,216.0,548.0,1067.0,False,False
006208,2022-10-26 11:39:42.119140,-0.000888888888888828,-0.001777777777777767,-0.04999999999999716,-0.10000000000000142,56.15,56.25,56.2,56.25,182.0,216.0,548.0,1067.0,False,False
006208,2022-10-26 11:39:42.540498,-0.000888888888888828,-0.001777777777777767,-0.04999999999999716,-0.10000000000000142,56.15,56.25,56.2,56.25,182.0,216.0,548.0,1067.0,False,False
006208,2022-10-26 11:39:45.925076,-0.000888888888888828,-0.001777777777777767,-0.04999999999999716,-0.10000000000000142,56.15,56.25,56.2,56.25,182.0,216.0,548.0,1067.0,False,False
006208,2022-10-26 11:39:45.928533,-0.000888888888888828,-0.001777777777777767,-0.04999999999999716,-0.10000000000000142,56.15,56.25,56.2,56.25,182.0,216.0,548.0,1067.0,False,False
006208,2022-10-26 11:39:46.063218,-0.000888888888888828,-0.001777777777777767,-0.04999999999999716,-0.10000000000000142,56.15,56.25,56.2,56.25,182.0,216.0,548.0,1067.0,False,False
006208,2022-10-26 11:39:48.107343,-0.000888888888888828,-0.001777777777777767,-0.04999999999999716,-0.10000000000000142,56.15,56.25,56.2,56.25,182.0,216.0,811.0,1072.0,True,True
006208,2022-10-26 11:39:49.303801,-0.000888888888888828,-0.001777777777777767,-0.04999999999999716,-0.10000000000000142,56.15,56.25,56.2,56.25,182.0,216.0,811.0,1072.0,False,False
006208,2022-10-26 11:39:49.303894,-0.000888888888888828,-0.001777777777777767,-0.04999999999999716,-0.10000000000000142,56.15,56.25,56.2,56.25,182.0,216.0,811.0,1072.0,False,False
006208,2022-10-26 11:39:49.723845,-0.000888888888888828,-0.001777777777777767,-0.04999999999999716,-0.10000000000000142,56.15,56.25,56.2,56.25,182.0,216.0,811.0,1072.0,False,False
006208,2022-10-26 11:39:50.303792,-0.000888888888888828,-0.001777777777777767,-0.04999999999999716,-0.10000000000000142,56.15,56.25,56.2,56.25,182.0,214.0,811.0,1072.0,False,False
006208,2022-10-26 11:39:50.356873,-0.000888888888888828,-0.001777777777777767,-0.04999999999999716,-0.10000000000000142,56.15,56.25,56.2,56.25,182.0,214.0,811.0,1072.0,False,False
006208,2022-10-26 11:39:50.357042,-0.000888888888888828,-0.001777777777777767,-0.04999999999999716,-0.10000000000000142,56.15,56.25,56.2,56.25,182.0,214.0,811.0,1072.0,False,False
006208,2022-10-26 11:39:56.081773,-0.000888888888888828,-0.001777777777777767,-0.04999999999999716,-0.10000000000000142,56.15,56.25,56.2,56.25,182.0,214.0,811.0,1072.0,False,False
006208,2022-10-26 11:39:56.110267,-0.000888888888888828,-0.001777777777777767,-0.04999999999999716,-0.10000000000000142,56.15,56.25,56.2,56.25,82.0,214.0,811.0,1072.0,False,False
006208,2022-10-26 11:39:56.226634,-0.000888888888888828,-0.001777777777777767,-0.04999999999999716,-0.10000000000000142,56.15,56.25,56.2,56.25,82.0,214.0,811.0,1072.0,False,False
006208,2022-10-26 11:39:57.118097,-0.000888888888888828,-0.001777777777777767,-0.04999999999999716,-0.10000000000000142,56.15,56.25,56.2,56.25,82.0,314.0,811.0,1072.0,False,False
006208,2022-10-26 11:39:58.202605,-0.000888888888888828,-0.001777777777777767,-0.04999999999999716,-0.10000000000000142,56.15,56.25,56.2,56.25,82.0,314.0,1011.0,1072.0,True,True
006208,2022-10-26 11:40:00.353641,-0.000888888888888828,-0.001777777777777767,-0.04999999999999716,-0.10000000000000142,56.15,56.25,56.2,56.25,82.0,313.0,1011.0,1072.0,False,False
006208,2022-10-26 11:40:00.668314,-0.000888888888888828,-0.001777777777777767,-0.04999999999999716,-0.10000000000000142,56.15,56.25,56.2,56.25,7.0,313.0,1011.0,1072.0,False,False
006208,2022-10-26 11:40:00.668448,-0.000888888888888828,-0.001777777777777767,-0.04999999999999716,-0.10000000000000142,56.15,56.25,56.2,56.25,7.0,313.0,1011.0,1072.0,False,False
006208,2022-10-26 11:40:06.057560,-0.000888888888888828,-0.001777777777777767,-0.04999999999999716,-0.10000000000000142,56.15,56.25,56.2,56.25,7.0,312.0,1011.0,1072.0,False,False
006208,2022-10-26 11:40:06.260094,-0.000888888888888828,-0.001777777777777767,-0.04999999999999716,-0.10000000000000142,56.15,56.25,56.2,56.25,7.0,312.0,1011.0,1072.0,False,False
006208,2022-10-26 11:40:06.277693,-0.000888888888888828,-0.001777777777777767,-0.04999999999999716,-0.10000000000000142,56.15,56.25,56.2,56.25,7.0,312.0,1011.0,1072.0,False,False
006208,2022-10-26 11:40:06.400932,-0.000888888888888828,-0.001777777777777767,-0.04999999999999716,-0.10000000000000142,56.15,56.25,56.2,56.25,7.0,312.0,1011.0,1072.0,False,False
006208,2022-10-26 11:40:07.685667,-0.000888888888888828,-0.001777777777777767,-0.04999999999999716,-0.10000000000000142,56.15,56.25,56.2,56.25,7.0,312.0,1011.0,1072.0,False,True
006208,2022-10-26 11:40:07.948246,-0.000888888888888828,-0.001777777777777767,-0.04999999999999716,-0.10000000000000142,56.15,56.25,56.2,56.25,7.0,292.0,1011.0,1072.0,False,False
006208,2022-10-26 11:40:07.948373,-0.000888888888888828,-0.001777777777777767,-0.04999999999999716,-0.10000000000000142,56.15,56.25,56.2,56.25,7.0,292.0,1011.0,1072.0,False,False
006208,2022-10-26 11:40:07.959687,-0.000888888888888828,-0.001777777777777767,-0.04999999999999716,-0.10000000000000142,56.15,56.25,56.2,56.25,7.0,292.0,1011.0,1072.0,False,False
006208,2022-10-26 11:40:09.080278,-0.000888888888888828,-0.001777777777777767,-0.04999999999999716,-0.10000000000000142,56.15,56.25,56.2,56.25,7.0,292.0,1011.0,1072.0,False,False
006208,2022-10-26 11:40:09.230803,-0.000888888888888828,-0.001777777777777767,-0.04999999999999716,-0.10000000000000142,56.15,56.25,56.2,56.25,7.0,292.0,1011.0,1072.0,False,False
006208,2022-10-26 11:40:09.235088,-0.000888888888888828,-0.001777777777777767,-0.04999999999999716,-0.10000000000000142,56.15,56.25,56.2,56.25,7.0,312.0,1011.0,1072.0,False,False
006208,2022-10-26 11:40:10.399762,-0.000888888888888828,-0.001777777777777767,-0.04999999999999716,-0.10000000000000142,56.15,56.25,56.2,56.25,7.0,310.0,1011.0,1072.0,False,False
006208,2022-10-26 11:40:14.822489,-0.000888888888888828,-0.001777777777777767,-0.04999999999999716,-0.10000000000000142,56.15,56.25,56.2,56.25,7.0,310.0,1011.0,1072.0,False,False
006208,2022-10-26 11:40:14.832287,-0.000888888888888828,-0.001777777777777767,-0.04999999999999716,-0.10000000000000142,56.15,56.25,56.2,56.25,7.0,310.0,1011.0,1072.0,False,False
006208,2022-10-26 11:40:14.933822,-0.000888888888888828,-0.001777777777777767,-0.04999999999999716,-0.10000000000000142,56.15,56.25,56.2,56.25,7.0,324.0,1011.0,1072.0,False,False
006208,2022-10-26 11:40:15.144395,-0.000888888888888828,-0.001777777777777767,-0.04999999999999716,-0.10000000000000142,56.15,56.25,56.2,56.25,7.0,294.0,1011.0,1072.0,False,False
006208,2022-10-26 11:40:15.157486,-0.000888888888888828,-0.001777777777777767,-0.04999999999999716,-0.10000000000000142,56.15,56.25,56.2,56.25,7.0,294.0,1011.0,1072.0,False,False
006208,2022-10-26 11:40:15.821234,-0.000888888888888828,-0.001777777777777767,-0.04999999999999716,-0.10000000000000142,56.15,56.25,56.2,56.25,7.0,294.0,1011.0,1072.0,False,False
006208,2022-10-26 11:40:15.821269,-0.000888888888888828,-0.001777777777777767,-0.04999999999999716,-0.10000000000000142,56.15,56.25,56.2,56.25,7.0,294.0,1011.0,1072.0,False,False
006208,2022-10-26 11:40:16.420212,-0.000888888888888828,-0.001777777777777767,-0.04999999999999716,-0.10000000000000142,56.15,56.25,56.2,56.25,7.0,294.0,1011.0,1072.0,False,False
006208,2022-10-26 11:40:16.425078,-0.000888888888888828,-0.001777777777777767,-0.04999999999999716,-0.10000000000000142,56.15,56.25,56.2,56.25,7.0,294.0,1011.0,1072.0,False,False
006208,2022-10-26 11:40:16.557059,-0.000888888888888828,-0.001777777777777767,-0.04999999999999716,-0.10000000000000142,56.15,56.25,56.2,56.25,7.0,294.0,1011.0,1072.0,False,False
006208,2022-10-26 11:40:16.639226,-0.000888888888888828,-0.001777777777777767,-0.04999999999999716,-0.10000000000000142,56.15,56.25,56.2,56.25,7.0,294.0,1011.0,1072.0,False,False
006208,2022-10-26 11:40:17.138914,-0.000888888888888828,-0.001777777777777767,-0.04999999999999716,-0.10000000000000142,56.15,56.25,56.2,56.25,7.0,294.0,1011.0,1072.0,False,False
006208,2022-10-26 11:40:17.139129,-0.000888888888888828,-0.001777777777777767,-0.04999999999999716,-0.10000000000000142,56.15,56.25,56.2,56.25,7.0,294.0,1011.0,1072.0,False,False
006208,2022-10-26 11:40:17.752699,-0.000888888888888828,-0.001777777777777767,-0.04999999999999716,-0.10000000000000142,56.15,56.25,56.2,56.25,7.0,294.0,1011.0,1072.0,True,True
006208,2022-10-26 11:40:19.050229,-0.000888888888888828,-0.001777777777777767,-0.04999999999999716,-0.10000000000000142,56.15,56.25,56.2,56.25,7.0,294.0,1011.0,1072.0,False,False
006208,2022-10-26 11:40:19.055296,-0.000888888888888828,-0.001777777777777767,-0.04999999999999716,-0.10000000000000142,56.15,56.25,56.2,56.25,7.0,324.0,1011.0,1072.0,False,False
006208,2022-10-26 11:40:20.442324,-0.000888888888888828,-0.001777777777777767,-0.04999999999999716,-0.10000000000000142,56.15,56.25,56.2,56.25,7.0,323.0,1011.0,1072.0,False,False
006208,2022-10-26 11:40:20.591676,-0.000888888888888828,-0.001777777777777767,-0.04999999999999716,-0.10000000000000142,56.15,56.25,56.2,56.25,7.0,323.0,1011.0,1072.0,False,False
006208,2022-10-26 11:40:20.591816,-0.000888888888888828,-0.001777777777777767,-0.04999999999999716,-0.10000000000000142,56.15,56.25,56.2,56.25,7.0,323.0,1011.0,1072.0,False,False
006208,2022-10-26 11:40:21.473415,-0.000888888888888828,-0.001777777777777767,-0.04999999999999716,-0.10000000000000142,56.15,56.25,56.2,56.25,7.0,323.0,1011.0,1072.0,False,False
006208,2022-10-26 11:40:21.473436,-0.000888888888888828,-0.001777777777777767,-0.04999999999999716,-0.10000000000000142,56.15,56.25,56.2,56.25,7.0,323.0,1011.0,1072.0,False,False
006208,2022-10-26 11:40:21.503562,-0.000888888888888828,-0.001777777777777767,-0.04999999999999716,-0.10000000000000142,56.15,56.25,56.2,56.25,7.0,293.0,1011.0,1072.0,False,False
006208,2022-10-26 11:40:21.774013,-0.000888888888888828,-0.001777777777777767,-0.04999999999999716,-0.10000000000000142,56.15,56.25,56.2,56.25,7.0,293.0,1011.0,1072.0,False,False
006208,2022-10-26 11:40:21.774154,-0.000888888888888828,-0.001777777777777767,-0.04999999999999716,-0.10000000000000142,56.15,56.25,56.2,56.25,7.0,293.0,1011.0,1072.0,False,False
006208,2022-10-26 11:40:22.455523,-0.000888888888888828,-0.001777777777777767,-0.04999999999999716,-0.10000000000000142,56.15,56.25,56.2,56.25,7.0,293.0,1011.0,1072.0,False,False
006208,2022-10-26 11:40:22.455643,-0.000888888888888828,-0.001777777777777767,-0.04999999999999716,-0.10000000000000142,56.15,56.25,56.2,56.25,7.0,293.0,1011.0,1072.0,False,False
006208,2022-10-26 11:40:24.068845,-0.000888888888888828,-0.001777777777777767,-0.04999999999999716,-0.10000000000000142,56.15,56.25,56.2,56.25,7.0,293.0,1011.0,1072.0,False,False
006208,2022-10-26 11:40:24.084401,-0.000888888888888828,-0.001777777777777767,-0.04999999999999716,-0.10000000000000142,56.15,56.25,56.2,56.25,7.0,343.0,1011.0,1072.0,False,False
006208,2022-10-26 11:40:24.140825,-0.000888888888888828,-0.001777777777777767,-0.04999999999999716,-0.10000000000000142,56.15,56.25,56.2,56.25,7.0,323.0,1011.0,1072.0,False,False
006208,2022-10-26 11:40:24.374005,-0.000888888888888828,-0.001777777777777767,-0.04999999999999716,-0.10000000000000142,56.15,56.25,56.2,56.25,7.0,343.0,1011.0,1072.0,False,False
006208,2022-10-26 11:40:24.664973,-0.000888888888888828,-0.001777777777777767,-0.04999999999999716,-0.10000000000000142,56.15,56.25,56.2,56.25,7.0,343.0,1011.0,1072.0,False,False
006208,2022-10-26 11:40:24.665324,-0.000888888888888828,-0.001777777777777767,-0.04999999999999716,-0.10000000000000142,56.15,56.25,56.2,56.25,7.0,323.0,1011.0,1072.0,False,False
006208,2022-10-26 11:40:25.276117,-0.000888888888888828,-0.001777777777777767,-0.04999999999999716,-0.10000000000000142,56.15,56.25,56.2,56.25,7.0,323.0,1011.0,1072.0,False,False
006208,2022-10-26 11:40:25.276147,-0.000888888888888828,-0.001777777777777767,-0.04999999999999716,-0.10000000000000142,56.15,56.25,56.2,56.25,7.0,323.0,1011.0,1072.0,False,False
006208,2022-10-26 11:40:25.971708,-0.000888888888888828,-0.001777777777777767,-0.04999999999999716,-0.10000000000000142,56.15,56.25,56.2,56.25,7.0,323.0,1011.0,1072.0,False,False
006208,2022-10-26 11:40:25.971765,-0.000888888888888828,-0.001777777777777767,-0.04999999999999716,-0.10000000000000142,56.15,56.25,56.2,56.25,7.0,323.0,1011.0,1072.0,False,False
006208,2022-10-26 11:40:26.447531,-0.000888888888888828,-0.001777777777777767,-0.04999999999999716,-0.10000000000000142,56.15,56.25,56.2,56.25,7.0,323.0,1011.0,1072.0,False,False
006208,2022-10-26 11:40:26.447706,-0.000888888888888828,-0.001777777777777767,-0.04999999999999716,-0.10000000000000142,56.15,56.25,56.2,56.25,7.0,343.0,1011.0,1072.0,False,False
006208,2022-10-26 11:40:26.570601,-0.000888888888888828,-0.001777777777777767,-0.04999999999999716,-0.10000000000000142,56.15,56.25,56.2,56.25,7.0,343.0,1011.0,1072.0,False,False
006208,2022-10-26 11:40:26.700134,-0.000888888888888828,-0.001777777777777767,-0.04999999999999716,-0.10000000000000142,56.15,56.25,56.2,56.25,7.0,343.0,1011.0,1072.0,False,False
006208,2022-10-26 11:40:27.803814,-0.000888888888888828,-0.001777777777777767,-0.04999999999999716,-0.10000000000000142,56.15,56.25,56.2,56.25,7.0,343.0,1221.0,1072.0,True,True
006208,2022-10-26 11:40:30.442900,-0.000888888888888828,-0.001777777777777767,-0.04999999999999716,-0.10000000000000142,56.15,56.25,56.2,56.25,7.0,342.0,1221.0,1072.0,False,False
006208,2022-10-26 11:40:31.715385,-0.000888888888888828,-0.001777777777777767,-0.04999999999999716,-0.10000000000000142,56.15,56.25,56.2,56.25,7.0,322.0,1221.0,1072.0,False,False
006208,2022-10-26 11:40:31.715561,-0.000888888888888828,-0.001777777777777767,-0.04999999999999716,-0.10000000000000142,56.15,56.25,56.2,56.25,7.0,322.0,1221.0,1072.0,False,False
006208,2022-10-26 11:40:31.932375,-0.000888888888888828,-0.001777777777777767,-0.04999999999999716,-0.10000000000000142,56.15,56.25,56.2,56.25,7.0,342.0,1221.0,1072.0,False,False
006208,2022-10-26 11:40:31.932379,-0.000888888888888828,-0.001777777777777767,-0.04999999999999716,-0.10000000000000142,56.15,56.25,56.2,56.25,7.0,342.0,1221.0,1072.0,False,False
006208,2022-10-26 11:40:36.694250,-0.000888888888888828,-0.001777777777777767,-0.04999999999999716,-0.10000000000000142,56.15,56.25,56.2,56.25,7.0,342.0,1221.0,1072.0,False,False
006208,2022-10-26 11:40:36.704623,-0.000888888888888828,-0.001777777777777767,-0.04999999999999716,-0.10000000000000142,56.15,56.25,56.2,56.25,7.0,342.0,1221.0,1072.0,False,False
006208,2022-10-26 11:40:36.844115,-0.000888888888888828,-0.001777777777777767,-0.04999999999999716,-0.10000000000000142,56.15,56.25,56.2,56.25,7.0,342.0,1221.0,1072.0,False,False
006208,2022-10-26 11:40:38.779848,-0.000888888888888828,-0.001777777777777767,-0.04999999999999716,-0.10000000000000142,56.15,56.25,56.2,56.25,7.0,322.0,1221.0,1072.0,False,False
006208,2022-10-26 11:40:38.780008,-0.000888888888888828,-0.001777777777777767,-0.04999999999999716,-0.10000000000000142,56.15,56.25,56.2,56.25,7.0,322.0,1221.0,1072.0,False,False
006208,2022-10-26 11:40:39.063267,-0.000888888888888828,-0.001777777777777767,-0.04999999999999716,-0.10000000000000142,56.15,56.25,56.2,56.25,7.0,321.0,1221.0,1072.0,False,False
006208,2022-10-26 11:40:40.198103,-0.000888888888888828,-0.001777777777777767,-0.04999999999999716,-0.10000000000000142,56.15,56.25,56.2,56.25,7.0,341.0,1221.0,1072.0,False,False
006208,2022-10-26 11:40:40.198142,-0.000888888888888828,-0.001777777777777767,-0.04999999999999716,-0.10000000000000142,56.15,56.25,56.2,56.25,7.0,341.0,1221.0,1072.0,False,False
006208,2022-10-26 11:40:40.469821,-0.000888888888888828,-0.001777777777777767,-0.04999999999999716,-0.10000000000000142,56.15,56.25,56.2,56.25,7.0,339.0,1221.0,1072.0,False,False
006208,2022-10-26 11:40:46.833243,-0.000888888888888828,-0.001777777777777767,-0.04999999999999716,-0.10000000000000142,56.15,56.25,56.2,56.25,7.0,339.0,1221.0,1072.0,False,False
006208,2022-10-26 11:40:46.841230,-0.000888888888888828,-0.001777777777777767,-0.04999999999999716,-0.10000000000000142,56.15,56.25,56.2,56.25,7.0,339.0,1221.0,1072.0,False,False
006208,2022-10-26 11:40:46.965760,-0.000888888888888828,-0.001777777777777767,-0.04999999999999716,-0.10000000000000142,56.15,56.25,56.2,56.25,7.0,339.0,1221.0,1072.0,False,False
006208,2022-10-26 11:40:47.907941,-0.000888888888888828,-0.001777777777777767,-0.04999999999999716,-0.10000000000000142,56.15,56.25,56.2,56.25,7.0,339.0,1215.0,1072.0,True,True
006208,2022-10-26 11:40:50.462565,-0.000888888888888828,-0.001777777777777767,-0.04999999999999716,-0.10000000000000142,56.15,56.25,56.2,56.25,7.0,338.0,1215.0,1072.0,False,False
006208,2022-10-26 11:40:50.560403,-0.000888888888888828,-0.001777777777777767,-0.04999999999999716,-0.10000000000000142,56.15,56.25,56.2,56.25,7.0,318.0,1215.0,1072.0,False,False
006208,2022-10-26 11:40:50.560598,-0.000888888888888828,-0.001777777777777767,-0.04999999999999716,-0.10000000000000142,56.15,56.25,56.2,56.25,7.0,318.0,1215.0,1072.0,False,False
006208,2022-10-26 11:40:52.502147,-0.000888888888888828,-0.001777777777777767,-0.04999999999999716,-0.10000000000000142,56.15,56.25,56.2,56.25,7.0,318.0,1215.0,1072.0,False,False
006208,2022-10-26 11:40:52.503561,-0.000888888888888828,-0.001777777777777767,-0.04999999999999716,-0.10000000000000142,56.15,56.25,56.2,56.25,7.0,338.0,1215.0,1072.0,False,False
006208,2022-10-26 11:40:52.590098,-0.000888888888888828,-0.001777777777777767,-0.04999999999999716,-0.10000000000000142,56.15,56.25,56.2,56.25,7.0,372.0,1215.0,1072.0,False,False
006208,2022-10-26 11:40:54.283189,-0.000888888888888828,-0.001777777777777767,-0.04999999999999716,-0.10000000000000142,56.15,56.25,56.2,56.25,7.0,352.0,1215.0,1072.0,False,False
006208,2022-10-26 11:40:54.283316,-0.000888888888888828,-0.001777777777777767,-0.04999999999999716,-0.10000000000000142,56.15,56.25,56.2,56.25,7.0,352.0,1215.0,1072.0,False,False
006208,2022-10-26 11:40:56.961604,-0.000888888888888828,-0.001777777777777767,-0.04999999999999716,-0.10000000000000142,56.15,56.25,56.2,56.25,7.0,352.0,1215.0,1072.0,False,False
006208,2022-10-26 11:40:56.964688,-0.000888888888888828,-0.001777777777777767,-0.04999999999999716,-0.10000000000000142,56.15,56.25,56.2,56.25,7.0,352.0,1215.0,1072.0,False,False
006208,2022-10-26 11:40:57.096888,-0.000888888888888828,-0.001777777777777767,-0.04999999999999716,-0.10000000000000142,56.15,56.25,56.2,56.25,7.0,352.0,1215.0,1072.0,False,False
006208,2022-10-26 11:40:57.769544,0.0,-0.001777777777777767,0.0,-0.10000000000000142,56.15,56.2,56.2,56.25,7.0,1.0,1215.0,1072.0,False,False
006208,2022-10-26 11:40:57.798866,0.0,-0.001777777777777767,0.0,-0.10000000000000142,56.15,56.2,56.2,56.25,7.0,1.0,1215.0,1072.0,False,False
006208,2022-10-26 11:40:57.887095,0.0,-0.001777777777777767,0.0,-0.10000000000000142,56.15,56.2,56.2,56.25,7.0,1.0,1215.0,1072.0,False,False
006208,2022-10-26 11:40:58.015806,0.0,-0.001777777777777767,0.0,-0.10000000000000142,56.15,56.2,56.2,56.25,7.0,1.0,1215.0,1072.0,False,False
006208,2022-10-26 11:40:59.736403,0.0,-0.001777777777777767,0.0,-0.10000000000000142,56.15,56.2,56.2,56.25,7.0,1.0,1215.0,1072.0,False,False
006208,2022-10-26 11:40:59.826750,0.0,-0.001777777777777767,0.0,-0.10000000000000142,56.15,56.2,56.2,56.25,7.0,1.0,1215.0,1072.0,False,False
006208,2022-10-26 11:40:59.845306,0.0,-0.001777777777777767,0.0,-0.10000000000000142,56.15,56.2,56.2,56.25,7.0,1.0,1215.0,1072.0,False,False
006208,2022-10-26 11:41:00.484512,-0.000888888888888828,-0.001777777777777767,-0.04999999999999716,-0.10000000000000142,56.15,56.25,56.2,56.25,7.0,391.0,1215.0,1072.0,False,False
006208,2022-10-26 11:41:00.495773,-0.000888888888888828,-0.001777777777777767,-0.04999999999999716,-0.10000000000000142,56.15,56.25,56.2,56.25,7.0,391.0,1215.0,1072.0,False,False
006208,2022-10-26 11:41:00.512248,-0.000888888888888828,-0.001777777777777767,-0.04999999999999716,-0.10000000000000142,56.15,56.25,56.2,56.25,7.0,391.0,1215.0,1072.0,False,False
006208,2022-10-26 11:41:00.636221,-0.000888888888888828,-0.001777777777777767,-0.04999999999999716,-0.10000000000000142,56.15,56.25,56.2,56.25,7.0,351.0,1215.0,1072.0,False,False
006208,2022-10-26 11:41:00.766473,-0.000888888888888828,-0.001777777777777767,-0.04999999999999716,-0.10000000000000142,56.15,56.25,56.2,56.25,7.0,351.0,1215.0,1072.0,False,False
006208,2022-10-26 11:41:01.451564,-0.000888888888888828,-0.001777777777777767,-0.04999999999999716,-0.10000000000000142,56.15,56.25,56.2,56.25,7.0,351.0,1215.0,1072.0,False,False
006208,2022-10-26 11:41:01.451735,-0.000888888888888828,-0.001777777777777767,-0.04999999999999716,-0.10000000000000142,56.15,56.25,56.2,56.25,7.0,371.0,1215.0,1072.0,False,False
006208,2022-10-26 11:41:02.692505,-0.000888888888888828,-0.001777777777777767,-0.04999999999999716,-0.10000000000000142,56.15,56.25,56.2,56.25,7.0,371.0,1215.0,1072.0,False,False
006208,2022-10-26 11:41:02.801702,-0.000888888888888828,-0.001777777777777767,-0.04999999999999716,-0.10000000000000142,56.15,56.25,56.2,56.25,7.0,371.0,1215.0,1072.0,False,False
006208,2022-10-26 11:41:02.928780,-0.000888888888888828,-0.001777777777777767,-0.04999999999999716,-0.10000000000000142,56.15,56.25,56.2,56.25,7.0,371.0,1215.0,1072.0,False,False
006208,2022-10-26 11:41:02.932375,-0.000888888888888828,-0.001777777777777767,-0.04999999999999716,-0.10000000000000142,56.15,56.25,56.2,56.25,7.0,337.0,1215.0,1072.0,False,False
006208,2022-10-26 11:41:04.260987,-0.000888888888888828,-0.001777777777777767,-0.04999999999999716,-0.10000000000000142,56.15,56.25,56.2,56.25,7.0,317.0,1215.0,1072.0,False,False
006208,2022-10-26 11:41:04.261202,-0.000888888888888828,-0.001777777777777767,-0.04999999999999716,-0.10000000000000142,56.15,56.25,56.2,56.25,7.0,317.0,1215.0,1072.0,False,False
006208,2022-10-26 11:41:05.244028,-0.000888888888888828,-0.001777777777777767,-0.04999999999999716,-0.10000000000000142,56.15,56.25,56.2,56.25,7.0,317.0,1215.0,1072.0,False,False
006208,2022-10-26 11:41:05.244045,-0.000888888888888828,-0.001777777777777767,-0.04999999999999716,-0.10000000000000142,56.15,56.25,56.2,56.25,7.0,337.0,1215.0,1072.0,False,False
006208,2022-10-26 11:41:05.888200,-0.000888888888888828,-0.001777777777777767,-0.04999999999999716,-0.10000000000000142,56.15,56.25,56.2,56.25,7.0,317.0,1215.0,1072.0,False,False
006208,2022-10-26 11:41:05.888365,-0.000888888888888828,-0.001777777777777767,-0.04999999999999716,-0.10000000000000142,56.15,56.25,56.2,56.25,7.0,317.0,1215.0,1072.0,False,False
006208,2022-10-26 11:41:06.033906,-0.000888888888888828,-0.001777777777777767,-0.04999999999999716,-0.10000000000000142,56.15,56.25,56.2,56.25,7.0,337.0,1215.0,1072.0,False,False
006208,2022-10-26 11:41:06.130078,-0.000888888888888828,-0.001777777777777767,-0.04999999999999716,-0.10000000000000142,56.15,56.25,56.2,56.25,7.0,317.0,1215.0,1072.0,False,False
006208,2022-10-26 11:41:07.232284,-0.000888888888888828,-0.001777777777777767,-0.04999999999999716,-0.10000000000000142,56.15,56.25,56.2,56.25,7.0,317.0,1215.0,1072.0,False,False
006208,2022-10-26 11:41:07.232445,-0.000888888888888828,-0.001777777777777767,-0.04999999999999716,-0.10000000000000142,56.15,56.25,56.2,56.25,7.0,337.0,1215.0,1072.0,False,False
006208,2022-10-26 11:41:07.989984,-0.000888888888888828,-0.001777777777777767,-0.04999999999999716,-0.10000000000000142,56.15,56.25,56.2,56.25,7.0,337.0,1615.0,1072.0,True,True
006208,2022-10-26 11:41:08.120659,-0.000888888888888828,-0.001777777777777767,-0.04999999999999716,-0.10000000000000142,56.15,56.25,56.2,56.25,7.0,317.0,1615.0,1072.0,False,False
006208,2022-10-26 11:41:08.120849,-0.000888888888888828,-0.001777777777777767,-0.04999999999999716,-0.10000000000000142,56.15,56.25,56.2,56.25,7.0,317.0,1615.0,1072.0,False,False
006208,2022-10-26 11:41:08.623323,-0.000888888888888828,-0.001777777777777767,-0.04999999999999716,-0.10000000000000142,56.15,56.25,56.2,56.25,7.0,317.0,1615.0,1072.0,False,False
006208,2022-10-26 11:41:08.630070,-0.000888888888888828,-0.001777777777777767,-0.04999999999999716,-0.10000000000000142,56.15,56.25,56.2,56.25,7.0,351.0,1615.0,1072.0,False,False
006208,2022-10-26 11:41:10.459435,-0.000888888888888828,-0.001777777777777767,-0.04999999999999716,-0.10000000000000142,56.15,56.25,56.2,56.25,7.0,350.0,1615.0,1072.0,False,False
006208,2022-10-26 11:41:10.765140,-0.000888888888888828,-0.001777777777777767,-0.04999999999999716,-0.10000000000000142,56.15,56.25,56.2,56.25,7.0,350.0,1615.0,1072.0,False,False
006208,2022-10-26 11:41:10.769115,-0.000888888888888828,-0.001777777777777767,-0.04999999999999716,-0.10000000000000142,56.15,56.25,56.2,56.25,7.0,350.0,1615.0,1072.0,False,False
006208,2022-10-26 11:41:10.907285,-0.000888888888888828,-0.001777777777777767,-0.04999999999999716,-0.10000000000000142,56.15,56.25,56.2,56.25,7.0,350.0,1615.0,1072.0,False,False
006208,2022-10-26 11:41:13.097775,-0.000888888888888828,-0.001777777777777767,-0.04999999999999716,-0.10000000000000142,56.15,56.25,56.2,56.25,7.0,349.0,1615.0,1072.0,False,False
006208,2022-10-26 11:41:13.556453,-0.000888888888888828,-0.001777777777777767,-0.04999999999999716,-0.10000000000000142,56.15,56.25,56.2,56.25,7.0,349.0,1615.0,1072.0,False,False
006208,2022-10-26 11:41:13.556513,-0.000888888888888828,-0.001777777777777767,-0.04999999999999716,-0.10000000000000142,56.15,56.25,56.2,56.25,7.0,369.0,1615.0,1072.0,False,False
006208,2022-10-26 11:41:15.654001,-0.000888888888888828,-0.001777777777777767,-0.04999999999999716,-0.10000000000000142,56.15,56.25,56.2,56.25,7.0,369.0,1615.0,1072.0,False,False
006208,2022-10-26 11:41:17.334232,-0.000888888888888828,-0.001777777777777767,-0.04999999999999716,-0.10000000000000142,56.15,56.25,56.2,56.25,7.0,349.0,1615.0,1072.0,False,False
006208,2022-10-26 11:41:17.334397,-0.000888888888888828,-0.001777777777777767,-0.04999999999999716,-0.10000000000000142,56.15,56.25,56.2,56.25,7.0,349.0,1615.0,1072.0,False,False
006208,2022-10-26 11:41:17.487420,-0.000888888888888828,-0.001777777777777767,-0.04999999999999716,-0.10000000000000142,56.15,56.25,56.2,56.25,7.0,369.0,1615.0,1072.0,False,False
006208,2022-10-26 11:41:18.034741,-0.000888888888888828,-0.001777777777777767,-0.04999999999999716,-0.10000000000000142,56.15,56.25,56.2,56.25,7.0,369.0,1615.0,1072.0,True,True
006208,2022-10-26 11:41:19.104800,-0.000888888888888828,-0.001777777777777767,-0.04999999999999716,-0.10000000000000142,56.15,56.25,56.2,56.25,7.0,349.0,1615.0,1072.0,False,False
006208,2022-10-26 11:41:19.104908,-0.000888888888888828,-0.001777777777777767,-0.04999999999999716,-0.10000000000000142,56.15,56.25,56.2,56.25,7.0,349.0,1615.0,1072.0,False,False
006208,2022-10-26 11:41:20.480500,-0.000888888888888828,-0.001777777777777767,-0.04999999999999716,-0.10000000000000142,56.15,56.25,56.2,56.25,7.0,348.0,1615.0,1072.0,False,False
006208,2022-10-26 11:41:20.884239,-0.000888888888888828,-0.001777777777777767,-0.04999999999999716,-0.10000000000000142,56.15,56.25,56.2,56.25,7.0,348.0,1615.0,1072.0,False,False
006208,2022-10-26 11:41:20.897363,-0.000888888888888828,-0.001777777777777767,-0.04999999999999716,-0.10000000000000142,56.15,56.25,56.2,56.25,7.0,348.0,1615.0,1072.0,False,False
006208,2022-10-26 11:41:21.031013,-0.000888888888888828,-0.001777777777777767,-0.04999999999999716,-0.10000000000000142,56.15,56.25,56.2,56.25,7.0,348.0,1615.0,1072.0,False,False
006208,2022-10-26 11:41:21.840668,-0.000888888888888828,-0.001777777777777767,-0.04999999999999716,-0.10000000000000142,56.15,56.25,56.2,56.25,7.0,348.0,1615.0,1072.0,False,False
006208,2022-10-26 11:41:22.078869,-0.000888888888888828,-0.001777777777777767,-0.04999999999999716,-0.10000000000000142,56.15,56.25,56.2,56.25,7.0,348.0,1615.0,1072.0,False,False
006208,2022-10-26 11:41:25.433992,-0.000888888888888828,-0.001777777777777767,-0.04999999999999716,-0.10000000000000142,56.15,56.25,56.2,56.25,7.0,348.0,1615.0,1072.0,False,False
006208,2022-10-26 11:41:26.283944,0.0,-0.001777777777777767,0.0,-0.10000000000000142,56.15,56.2,56.2,56.25,7.0,5.0,1615.0,1072.0,False,False
006208,2022-10-26 11:41:26.309007,0.0,-0.001777777777777767,0.0,-0.10000000000000142,56.15,56.2,56.2,56.25,7.0,5.0,1615.0,1072.0,False,False
006208,2022-10-26 11:41:26.389440,0.0,-0.001777777777777767,0.0,-0.10000000000000142,56.15,56.2,56.2,56.25,7.0,5.0,1615.0,1072.0,False,False
006208,2022-10-26 11:41:26.477037,0.0,-0.001777777777777767,0.0,-0.10000000000000142,56.15,56.2,56.2,56.25,7.0,5.0,1615.0,1072.0,False,False
006208,2022-10-26 11:41:26.803152,0.0,-0.001777777777777767,0.0,-0.10000000000000142,56.15,56.2,56.2,56.25,7.0,5.0,1615.0,1072.0,False,False
006208,2022-10-26 11:41:27.476417,0.0,-0.001777777777777767,0.0,-0.10000000000000142,56.15,56.2,56.2,56.25,7.0,5.0,1615.0,1072.0,False,False
006208,2022-10-26 11:41:27.975229,0.0,-0.001777777777777767,0.0,-0.10000000000000142,56.15,56.2,56.2,56.25,7.0,5.0,1615.0,1072.0,False,False
006208,2022-10-26 11:41:28.048908,0.0,-0.001777777777777767,0.0,-0.10000000000000142,56.15,56.2,56.2,56.25,7.0,5.0,1615.0,1072.0,False,False
006208,2022-10-26 11:41:28.059266,0.0,-0.001777777777777767,0.0,-0.10000000000000142,56.15,56.2,56.2,56.25,7.0,5.0,1615.0,1072.0,False,False
006208,2022-10-26 11:41:28.981853,0.0,-0.001777777777777767,0.0,-0.10000000000000142,56.15,56.2,56.2,56.25,7.0,5.0,1615.0,1072.0,False,False
006208,2022-10-26 11:41:28.987831,0.0,-0.001777777777777767,0.0,-0.10000000000000142,56.15,56.2,56.2,56.25,7.0,5.0,1615.0,1072.0,False,False
006208,2022-10-26 11:41:29.308537,0.0,-0.001777777777777767,0.0,-0.10000000000000142,56.15,56.2,56.2,56.25,7.0,5.0,1615.0,1072.0,False,False
006208,2022-10-26 11:41:29.398262,0.0,-0.001777777777777767,0.0,-0.10000000000000142,56.15,56.2,56.2,56.25,7.0,5.0,1615.0,1072.0,False,False
006208,2022-10-26 11:41:29.408144,0.0,-0.001777777777777767,0.0,-0.10000000000000142,56.15,56.2,56.2,56.25,7.0,5.0,1615.0,1072.0,False,False
006208,2022-10-26 11:41:30.501303,0.0,-0.001777777777777767,0.0,-0.10000000000000142,56.15,56.2,56.2,56.25,7.0,3.0,1615.0,1072.0,False,False
006208,2022-10-26 11:41:31.790050,0.0,-0.001777777777777767,0.0,-0.10000000000000142,56.15,56.2,56.2,56.25,7.0,3.0,1615.0,1072.0,False,False
006208,2022-10-26 11:41:31.801070,0.0,-0.001777777777777767,0.0,-0.10000000000000142,56.15,56.2,56.2,56.25,7.0,3.0,1615.0,1072.0,False,False
006208,2022-10-26 11:41:33.782119,0.0,-0.001777777777777767,0.0,-0.10000000000000142,56.15,56.2,56.2,56.25,7.0,3.0,1615.0,1072.0,False,False
006208,2022-10-26 11:41:33.788261,0.0,-0.001777777777777767,0.0,-0.10000000000000142,56.15,56.2,56.2,56.25,7.0,3.0,1615.0,1072.0,False,False
006208,2022-10-26 11:41:36.472894,0.0,-0.001777777777777767,0.0,-0.10000000000000142,56.15,56.2,56.2,56.25,7.0,3.0,1615.0,1072.0,False,False
006208,2022-10-26 11:41:36.478868,0.0,-0.001777777777777767,0.0,-0.10000000000000142,56.15,56.2,56.2,56.25,7.0,3.0,1615.0,1072.0,False,False
006208,2022-10-26 11:41:36.622574,0.0,-0.001777777777777767,0.0,-0.10000000000000142,56.15,56.2,56.2,56.25,7.0,3.0,1615.0,1072.0,False,False
006208,2022-10-26 11:41:38.125738,-0.000889679715302516,-0.000889679715302516,-0.05000000000000426,-0.05000000000000426,56.15,56.2,56.15,56.2,7.0,3.0,1687.0,383.0,True,True
006208,2022-10-26 11:41:40.112239,-0.000889679715302516,-0.000889679715302516,-0.05000000000000426,-0.05000000000000426,56.15,56.2,56.15,56.2,7.0,3.0,1687.0,383.0,False,False
006208,2022-10-26 11:41:40.168163,-0.000889679715302516,-0.000889679715302516,-0.05000000000000426,-0.05000000000000426,56.15,56.2,56.15,56.2,7.0,78.0,1687.0,383.0,False,False
006208,2022-10-26 11:41:40.200846,-0.000889679715302516,-0.000889679715302516,-0.05000000000000426,-0.05000000000000426,56.15,56.2,56.15,56.2,7.0,78.0,1687.0,383.0,False,False
006208,2022-10-26 11:41:40.522006,-0.000889679715302516,-0.000889679715302516,-0.05000000000000426,-0.05000000000000426,56.15,56.2,56.15,56.2,7.0,77.0,1687.0,383.0,False,False
006208,2022-10-26 11:41:40.671503,-0.000889679715302516,-0.000889679715302516,-0.05000000000000426,-0.05000000000000426,56.15,56.2,56.15,56.2,7.0,117.0,1687.0,383.0,False,False
006208,2022-10-26 11:41:40.731116,-0.000889679715302516,-0.000889679715302516,-0.05000000000000426,-0.05000000000000426,56.15,56.2,56.15,56.2,7.0,117.0,1687.0,383.0,False,False
006208,2022-10-26 11:41:40.739762,-0.000889679715302516,-0.000889679715302516,-0.05000000000000426,-0.05000000000000426,56.15,56.2,56.15,56.2,7.0,117.0,1687.0,383.0,False,False
006208,2022-10-26 11:41:41.939700,-0.000889679715302516,-0.000889679715302516,-0.05000000000000426,-0.05000000000000426,56.15,56.2,56.15,56.2,7.0,117.0,1687.0,383.0,False,False
006208,2022-10-26 11:41:41.939874,-0.000889679715302516,-0.000889679715302516,-0.05000000000000426,-0.05000000000000426,56.15,56.2,56.15,56.2,7.0,117.0,1687.0,383.0,False,False
006208,2022-10-26 11:41:42.004464,-0.000889679715302516,-0.000889679715302516,-0.05000000000000426,-0.05000000000000426,56.15,56.2,56.15,56.2,7.0,117.0,1687.0,383.0,False,False
006208,2022-10-26 11:41:42.829232,-0.000889679715302516,-0.000889679715302516,-0.05000000000000426,-0.05000000000000426,56.15,56.2,56.15,56.2,7.0,117.0,1687.0,383.0,False,False
006208,2022-10-26 11:41:45.855707,-0.000889679715302516,-0.000889679715302516,-0.05000000000000426,-0.05000000000000426,56.15,56.2,56.15,56.2,7.0,117.0,1687.0,383.0,False,False
006208,2022-10-26 11:41:46.191844,-0.000889679715302516,-0.000889679715302516,-0.05000000000000426,-0.05000000000000426,56.15,56.2,56.15,56.2,7.0,116.0,1687.0,383.0,False,False
006208,2022-10-26 11:41:46.601044,-0.000889679715302516,-0.000889679715302516,-0.05000000000000426,-0.05000000000000426,56.15,56.2,56.15,56.2,7.0,116.0,1687.0,383.0,False,False
006208,2022-10-26 11:41:46.607332,-0.000889679715302516,-0.000889679715302516,-0.05000000000000426,-0.05000000000000426,56.15,56.2,56.15,56.2,7.0,116.0,1687.0,383.0,False,False
006208,2022-10-26 11:41:46.743331,-0.000889679715302516,-0.000889679715302516,-0.05000000000000426,-0.05000000000000426,56.15,56.2,56.15,56.2,7.0,116.0,1687.0,383.0,False,False
006208,2022-10-26 11:41:47.314479,-0.000889679715302516,-0.000889679715302516,-0.05000000000000426,-0.05000000000000426,56.15,56.2,56.15,56.2,7.0,116.0,1687.0,383.0,False,False
006208,2022-10-26 11:41:47.314677,-0.000889679715302516,-0.000889679715302516,-0.05000000000000426,-0.05000000000000426,56.15,56.2,56.15,56.2,7.0,116.0,1687.0,383.0,False,False
006208,2022-10-26 11:41:47.374615,-0.000889679715302516,-0.000889679715302516,-0.05000000000000426,-0.05000000000000426,56.15,56.2,56.15,56.2,7.0,116.0,1687.0,383.0,False,False
006208,2022-10-26 11:41:48.165036,-0.000889679715302516,-0.000889679715302516,-0.05000000000000426,-0.05000000000000426,56.15,56.2,56.15,56.2,7.0,116.0,1687.0,363.0,True,True
006208,2022-10-26 11:41:49.464306,-0.000889679715302516,-0.000889679715302516,-0.05000000000000426,-0.05000000000000426,56.15,56.2,56.15,56.2,7.0,116.0,1687.0,363.0,False,False
006208,2022-10-26 11:41:50.182690,-0.000889679715302516,-0.000889679715302516,-0.05000000000000426,-0.05000000000000426,56.15,56.2,56.15,56.2,7.0,116.0,1687.0,363.0,False,False
006208,2022-10-26 11:41:50.182780,-0.000889679715302516,-0.000889679715302516,-0.05000000000000426,-0.05000000000000426,56.15,56.2,56.15,56.2,7.0,116.0,1687.0,363.0,False,False
006208,2022-10-26 11:41:50.496165,-0.000889679715302516,-0.000889679715302516,-0.05000000000000426,-0.05000000000000426,56.15,56.2,56.15,56.2,7.0,115.0,1687.0,363.0,False,False
006208,2022-10-26 11:41:56.138857,-0.000889679715302516,-0.000889679715302516,-0.05000000000000426,-0.05000000000000426,56.15,56.2,56.15,56.2,7.0,115.0,1687.0,363.0,False,False
006208,2022-10-26 11:41:56.736869,-0.000889679715302516,-0.000889679715302516,-0.05000000000000426,-0.05000000000000426,56.15,56.2,56.15,56.2,7.0,115.0,1687.0,363.0,False,False
006208,2022-10-26 11:41:56.755980,-0.000889679715302516,-0.000889679715302516,-0.05000000000000426,-0.05000000000000426,56.15,56.2,56.15,56.2,7.0,165.0,1687.0,363.0,False,False
006208,2022-10-26 11:41:56.867805,-0.000889679715302516,-0.000889679715302516,-0.05000000000000426,-0.05000000000000426,56.15,56.2,56.15,56.2,7.0,165.0,1687.0,363.0,False,False
006208,2022-10-26 11:41:57.757364,-0.000889679715302516,-0.000889679715302516,-0.05000000000000426,-0.05000000000000426,56.15,56.2,56.15,56.2,7.0,265.0,1687.0,363.0,False,False
006208,2022-10-26 11:41:57.825281,-0.000889679715302516,-0.000889679715302516,-0.05000000000000426,-0.05000000000000426,56.15,56.2,56.15,56.2,7.0,265.0,1687.0,363.0,False,False
006208,2022-10-26 11:42:00.500999,-0.000889679715302516,-0.000889679715302516,-0.05000000000000426,-0.05000000000000426,56.15,56.2,56.15,56.2,7.0,263.0,1687.0,363.0,False,False
006208,2022-10-26 11:42:00.610073,-0.000889679715302516,-0.000889679715302516,-0.05000000000000426,-0.05000000000000426,56.15,56.2,56.15,56.2,7.0,263.0,1687.0,363.0,False,False
006208,2022-10-26 11:42:00.638995,-0.000889679715302516,-0.000889679715302516,-0.05000000000000426,-0.05000000000000426,56.15,56.2,56.15,56.2,7.0,163.0,1687.0,363.0,False,False
006208,2022-10-26 11:42:00.765577,-0.000889679715302516,-0.000889679715302516,-0.05000000000000426,-0.05000000000000426,56.15,56.2,56.15,56.2,7.0,163.0,1687.0,363.0,False,False
006208,2022-10-26 11:42:00.876645,-0.000889679715302516,-0.000889679715302516,-0.05000000000000426,-0.05000000000000426,56.15,56.2,56.15,56.2,7.0,163.0,1687.0,363.0,False,False
006208,2022-10-26 11:42:01.640588,-0.000889679715302516,-0.000889679715302516,-0.05000000000000426,-0.05000000000000426,56.15,56.2,56.15,56.2,7.0,263.0,1687.0,363.0,False,False
006208,2022-10-26 11:42:06.859370,-0.000889679715302516,-0.000889679715302516,-0.05000000000000426,-0.05000000000000426,56.15,56.2,56.15,56.2,7.0,263.0,1687.0,363.0,False,False
006208,2022-10-26 11:42:06.952614,-0.000889679715302516,-0.000889679715302516,-0.05000000000000426,-0.05000000000000426,56.15,56.2,56.15,56.2,7.0,163.0,1687.0,363.0,False,False
006208,2022-10-26 11:42:07.071203,-0.000889679715302516,-0.000889679715302516,-0.05000000000000426,-0.05000000000000426,56.15,56.2,56.15,56.2,7.0,163.0,1687.0,363.0,False,False
006208,2022-10-26 11:42:07.088881,-0.000889679715302516,-0.000889679715302516,-0.05000000000000426,-0.05000000000000426,56.15,56.2,56.15,56.2,7.0,163.0,1687.0,363.0,False,False
006208,2022-10-26 11:42:07.412294,-0.000889679715302516,-0.000889679715302516,-0.05000000000000426,-0.05000000000000426,56.15,56.2,56.15,56.2,7.0,163.0,1687.0,363.0,False,False
006208,2022-10-26 11:42:07.412312,-0.000889679715302516,-0.000889679715302516,-0.05000000000000426,-0.05000000000000426,56.15,56.2,56.15,56.2,7.0,163.0,1687.0,363.0,False,False
006208,2022-10-26 11:42:07.884329,-0.000889679715302516,-0.000889679715302516,-0.05000000000000426,-0.05000000000000426,56.15,56.2,56.15,56.2,7.0,163.0,1687.0,363.0,False,False
006208,2022-10-26 11:42:08.242245,-0.000889679715302516,-0.000889679715302516,-0.05000000000000426,-0.05000000000000426,56.15,56.2,56.15,56.2,7.0,163.0,1667.0,363.0,True,True
006208,2022-10-26 11:42:10.506087,-0.000889679715302516,-0.000889679715302516,-0.05000000000000426,-0.05000000000000426,56.15,56.2,56.15,56.2,7.0,162.0,1667.0,363.0,False,False
006208,2022-10-26 11:42:10.747181,-0.000889679715302516,-0.000889679715302516,-0.05000000000000426,-0.05000000000000426,56.15,56.2,56.15,56.2,7.0,162.0,1667.0,363.0,False,False
006208,2022-10-26 11:42:10.821443,-0.000889679715302516,-0.000889679715302516,-0.05000000000000426,-0.05000000000000426,56.15,56.2,56.15,56.2,7.0,162.0,1667.0,363.0,False,False
006208,2022-10-26 11:42:10.907724,-0.000889679715302516,-0.000889679715302516,-0.05000000000000426,-0.05000000000000426,56.15,56.2,56.15,56.2,7.0,162.0,1667.0,363.0,False,False
006208,2022-10-26 11:42:13.165181,-0.000889679715302516,-0.000889679715302516,-0.05000000000000426,-0.05000000000000426,56.15,56.2,56.15,56.2,7.0,160.0,1667.0,363.0,False,False
006208,2022-10-26 11:42:17.410699,-0.000889679715302516,-0.000889679715302516,-0.05000000000000426,-0.05000000000000426,56.15,56.2,56.15,56.2,7.0,160.0,1667.0,363.0,False,False
006208,2022-10-26 11:42:17.413952,-0.000889679715302516,-0.000889679715302516,-0.05000000000000426,-0.05000000000000426,56.15,56.2,56.15,56.2,7.0,160.0,1667.0,363.0,False,False
006208,2022-10-26 11:42:17.544194,-0.000889679715302516,-0.000889679715302516,-0.05000000000000426,-0.05000000000000426,56.15,56.2,56.15,56.2,7.0,160.0,1667.0,363.0,False,False
006208,2022-10-26 11:42:19.147070,-0.000889679715302516,-0.000889679715302516,-0.05000000000000426,-0.05000000000000426,56.15,56.2,56.15,56.2,7.0,159.0,1667.0,363.0,False,False
006208,2022-10-26 11:42:20.542348,-0.000889679715302516,-0.000889679715302516,-0.05000000000000426,-0.05000000000000426,56.15,56.2,56.15,56.2,7.0,157.0,1667.0,363.0,False,False
006208,2022-10-26 11:42:24.721850,-0.000889679715302516,-0.000889679715302516,-0.05000000000000426,-0.05000000000000426,56.15,56.2,56.15,56.2,7.0,90.0,1667.0,363.0,False,False
006208,2022-10-26 11:42:24.721957,-0.000889679715302516,-0.000889679715302516,-0.05000000000000426,-0.05000000000000426,56.15,56.2,56.15,56.2,7.0,90.0,1667.0,363.0,False,False
006208,2022-10-26 11:42:27.540349,-0.000889679715302516,-0.000889679715302516,-0.05000000000000426,-0.05000000000000426,56.15,56.2,56.15,56.2,7.0,90.0,1667.0,363.0,False,False
006208,2022-10-26 11:42:27.543419,-0.000889679715302516,-0.000889679715302516,-0.05000000000000426,-0.05000000000000426,56.15,56.2,56.15,56.2,7.0,90.0,1667.0,363.0,False,False
006208,2022-10-26 11:42:27.673677,-0.000889679715302516,-0.000889679715302516,-0.05000000000000426,-0.05000000000000426,56.15,56.2,56.15,56.2,7.0,90.0,1667.0,363.0,False,False
006208,2022-10-26 11:42:30.516286,-0.000889679715302516,-0.000889679715302516,-0.05000000000000426,-0.05000000000000426,56.15,56.2,56.15,56.2,7.0,89.0,1667.0,363.0,False,False
006208,2022-10-26 11:42:37.669078,-0.000889679715302516,-0.000889679715302516,-0.05000000000000426,-0.05000000000000426,56.15,56.2,56.15,56.2,7.0,89.0,1667.0,363.0,False,False
006208,2022-10-26 11:42:37.671856,-0.000889679715302516,-0.000889679715302516,-0.05000000000000426,-0.05000000000000426,56.15,56.2,56.15,56.2,7.0,89.0,1667.0,363.0,False,False
006208,2022-10-26 11:42:37.801624,-0.000889679715302516,-0.000889679715302516,-0.05000000000000426,-0.05000000000000426,56.15,56.2,56.15,56.2,7.0,89.0,1667.0,363.0,False,False
006208,2022-10-26 11:42:38.377088,-0.000889679715302516,-0.000889679715302516,-0.05000000000000426,-0.05000000000000426,56.15,56.2,56.15,56.2,7.0,89.0,1667.0,363.0,True,True
006208,2022-10-26 11:42:38.877485,-0.000889679715302516,-0.000889679715302516,-0.05000000000000426,-0.05000000000000426,56.15,56.2,56.15,56.2,7.0,89.0,1667.0,363.0,False,False
006208,2022-10-26 11:42:40.521250,-0.000889679715302516,-0.000889679715302516,-0.05000000000000426,-0.05000000000000426,56.15,56.2,56.15,56.2,7.0,88.0,1667.0,363.0,False,False
006208,2022-10-26 11:42:40.651185,-0.000889679715302516,-0.000889679715302516,-0.05000000000000426,-0.05000000000000426,56.15,56.2,56.15,56.2,7.0,88.0,1667.0,363.0,False,False
006208,2022-10-26 11:42:40.661857,-0.000889679715302516,-0.000889679715302516,-0.05000000000000426,-0.05000000000000426,56.15,56.2,56.15,56.2,7.0,88.0,1667.0,363.0,False,False
006208,2022-10-26 11:42:43.783151,-0.000889679715302516,-0.000889679715302516,-0.05000000000000426,-0.05000000000000426,56.15,56.2,56.15,56.2,7.0,88.0,1667.0,363.0,False,False
006208,2022-10-26 11:42:43.803099,-0.000889679715302516,-0.000889679715302516,-0.05000000000000426,-0.05000000000000426,56.15,56.2,56.15,56.2,7.0,118.0,1667.0,363.0,False,False
006208,2022-10-26 11:42:47.794945,-0.000889679715302516,-0.000889679715302516,-0.05000000000000426,-0.05000000000000426,56.15,56.2,56.15,56.2,7.0,118.0,1667.0,363.0,False,False
006208,2022-10-26 11:42:47.798105,-0.000889679715302516,-0.000889679715302516,-0.05000000000000426,-0.05000000000000426,56.15,56.2,56.15,56.2,7.0,118.0,1667.0,363.0,False,False
006208,2022-10-26 11:42:47.935765,-0.000889679715302516,-0.000889679715302516,-0.05000000000000426,-0.05000000000000426,56.15,56.2,56.15,56.2,7.0,118.0,1667.0,363.0,False,False
006208,2022-10-26 11:42:48.416214,-0.000889679715302516,-0.000889679715302516,-0.05000000000000426,-0.05000000000000426,56.15,56.2,56.15,56.2,7.0,118.0,1667.0,363.0,True,True
006208,2022-10-26 11:42:50.526291,-0.000889679715302516,-0.000889679715302516,-0.05000000000000426,-0.05000000000000426,56.15,56.2,56.15,56.2,7.0,116.0,1667.0,363.0,False,False
006208,2022-10-26 11:42:55.261926,-0.000889679715302516,-0.000889679715302516,-0.05000000000000426,-0.05000000000000426,56.15,56.2,56.15,56.2,8.0,116.0,1667.0,363.0,False,False
006208,2022-10-26 11:42:56.972198,-0.000889679715302516,-0.000889679715302516,-0.05000000000000426,-0.05000000000000426,56.15,56.2,56.15,56.2,8.0,116.0,1667.0,363.0,False,False
006208,2022-10-26 11:42:56.972329,-0.000889679715302516,-0.000889679715302516,-0.05000000000000426,-0.05000000000000426,56.15,56.2,56.15,56.2,8.0,116.0,1667.0,363.0,False,False
006208,2022-10-26 11:42:56.988614,-0.000889679715302516,-0.000889679715302516,-0.05000000000000426,-0.05000000000000426,56.15,56.2,56.15,56.2,8.0,86.0,1667.0,363.0,False,False
006208,2022-10-26 11:42:57.922494,-0.000889679715302516,-0.000889679715302516,-0.05000000000000426,-0.05000000000000426,56.15,56.2,56.15,56.2,8.0,86.0,1667.0,363.0,False,False
006208,2022-10-26 11:42:57.926193,-0.000889679715302516,-0.000889679715302516,-0.05000000000000426,-0.05000000000000426,56.15,56.2,56.15,56.2,8.0,86.0,1667.0,363.0,False,False
006208,2022-10-26 11:42:58.062030,-0.000889679715302516,-0.000889679715302516,-0.05000000000000426,-0.05000000000000426,56.15,56.2,56.15,56.2,8.0,86.0,1667.0,363.0,False,False
006208,2022-10-26 11:42:58.457416,-0.000889679715302516,-0.000889679715302516,-0.05000000000000426,-0.05000000000000426,56.15,56.2,56.15,56.2,8.0,86.0,1667.0,373.0,True,True
006208,2022-10-26 11:42:59.364728,-0.000889679715302516,-0.000889679715302516,-0.05000000000000426,-0.05000000000000426,56.15,56.2,56.15,56.2,8.0,86.0,1667.0,373.0,False,False
006208,2022-10-26 11:42:59.364913,-0.000889679715302516,-0.000889679715302516,-0.05000000000000426,-0.05000000000000426,56.15,56.2,56.15,56.2,8.0,86.0,1667.0,373.0,False,False
006208,2022-10-26 11:42:59.580701,-0.000889679715302516,-0.000889679715302516,-0.05000000000000426,-0.05000000000000426,56.15,56.2,56.15,56.2,8.0,86.0,1667.0,373.0,False,False
006208,2022-10-26 11:43:00.593859,-0.000889679715302516,-0.000889679715302516,-0.05000000000000426,-0.05000000000000426,56.15,56.2,56.15,56.2,8.0,85.0,1667.0,373.0,False,False
006208,2022-10-26 11:43:01.185324,-0.000889679715302516,-0.000889679715302516,-0.05000000000000426,-0.05000000000000426,56.15,56.2,56.15,56.2,8.0,84.0,1667.0,373.0,False,False
006208,2022-10-26 11:43:05.040826,-0.000889679715302516,-0.000889679715302516,-0.05000000000000426,-0.05000000000000426,56.15,56.2,56.15,56.2,8.0,84.0,1667.0,373.0,False,False
006208,2022-10-26 11:43:05.057262,-0.000889679715302516,-0.000889679715302516,-0.05000000000000426,-0.05000000000000426,56.15,56.2,56.15,56.2,8.0,114.0,1667.0,373.0,False,False
006208,2022-10-26 11:43:07.730445,-0.000889679715302516,-0.000889679715302516,-0.05000000000000426,-0.05000000000000426,56.15,56.2,56.15,56.2,8.0,114.0,1667.0,369.0,False,True
006208,2022-10-26 11:43:08.050500,-0.000889679715302516,-0.000889679715302516,-0.05000000000000426,-0.05000000000000426,56.15,56.2,56.15,56.2,8.0,114.0,1667.0,369.0,False,False
006208,2022-10-26 11:43:08.058176,-0.000889679715302516,-0.000889679715302516,-0.05000000000000426,-0.05000000000000426,56.15,56.2,56.15,56.2,8.0,114.0,1667.0,369.0,False,False
006208,2022-10-26 11:43:08.193129,-0.000889679715302516,-0.000889679715302516,-0.05000000000000426,-0.05000000000000426,56.15,56.2,56.15,56.2,8.0,114.0,1667.0,369.0,False,False
006208,2022-10-26 11:43:10.536465,-0.000889679715302516,-0.000889679715302516,-0.05000000000000426,-0.05000000000000426,56.15,56.2,56.15,56.2,8.0,112.0,1667.0,369.0,False,False
006208,2022-10-26 11:43:15.816395,-0.000889679715302516,-0.000889679715302516,-0.05000000000000426,-0.05000000000000426,56.15,56.2,56.15,56.2,8.0,112.0,1667.0,369.0,False,False
006208,2022-10-26 11:43:15.833326,-0.000889679715302516,-0.000889679715302516,-0.05000000000000426,-0.05000000000000426,56.15,56.2,56.15,56.2,8.0,82.0,1667.0,369.0,False,False
006208,2022-10-26 11:43:17.808273,-0.000889679715302516,-0.000889679715302516,-0.05000000000000426,-0.05000000000000426,56.15,56.2,56.15,56.2,8.0,82.0,1667.0,369.0,True,True
006208,2022-10-26 11:43:18.181173,-0.000889679715302516,-0.000889679715302516,-0.05000000000000426,-0.05000000000000426,56.15,56.2,56.15,56.2,8.0,82.0,1667.0,369.0,False,False
006208,2022-10-26 11:43:18.184533,-0.000889679715302516,-0.000889679715302516,-0.05000000000000426,-0.05000000000000426,56.15,56.2,56.15,56.2,8.0,82.0,1667.0,369.0,False,False
006208,2022-10-26 11:43:18.312181,-0.000889679715302516,-0.000889679715302516,-0.05000000000000426,-0.05000000000000426,56.15,56.2,56.15,56.2,8.0,82.0,1667.0,369.0,False,False
006208,2022-10-26 11:43:20.127495,-0.000889679715302516,-0.000889679715302516,-0.05000000000000426,-0.05000000000000426,56.15,56.2,56.15,56.2,8.0,82.0,1667.0,369.0,False,False
006208,2022-10-26 11:43:20.127672,-0.000889679715302516,-0.000889679715302516,-0.05000000000000426,-0.05000000000000426,56.15,56.2,56.15,56.2,8.0,82.0,1667.0,369.0,False,False
006208,2022-10-26 11:43:20.557230,-0.000889679715302516,-0.000889679715302516,-0.05000000000000426,-0.05000000000000426,56.15,56.2,56.15,56.2,8.0,81.0,1667.0,369.0,False,False
006208,2022-10-26 11:43:20.854498,-0.000889679715302516,-0.000889679715302516,-0.05000000000000426,-0.05000000000000426,56.15,56.2,56.15,56.2,8.0,81.0,1667.0,369.0,False,False
006208,2022-10-26 11:43:20.854546,-0.000889679715302516,-0.000889679715302516,-0.05000000000000426,-0.05000000000000426,56.15,56.2,56.15,56.2,8.0,81.0,1667.0,369.0,False,False
006208,2022-10-26 11:43:20.866350,-0.000889679715302516,-0.000889679715302516,-0.05000000000000426,-0.05000000000000426,56.15,56.2,56.15,56.2,8.0,111.0,1667.0,369.0,False,False
006208,2022-10-26 11:43:27.846368,-0.000889679715302516,-0.000889679715302516,-0.05000000000000426,-0.05000000000000426,56.15,56.2,56.15,56.2,8.0,111.0,1667.0,369.0,True,True
006208,2022-10-26 11:43:28.307267,-0.000889679715302516,-0.000889679715302516,-0.05000000000000426,-0.05000000000000426,56.15,56.2,56.15,56.2,8.0,111.0,1667.0,369.0,False,False
006208,2022-10-26 11:43:28.319156,-0.000889679715302516,-0.000889679715302516,-0.05000000000000426,-0.05000000000000426,56.15,56.2,56.15,56.2,8.0,111.0,1667.0,369.0,False,False
006208,2022-10-26 11:43:28.455493,-0.000889679715302516,-0.000889679715302516,-0.05000000000000426,-0.05000000000000426,56.15,56.2,56.15,56.2,8.0,111.0,1667.0,369.0,False,False
006208,2022-10-26 11:43:30.546424,-0.000889679715302516,-0.000889679715302516,-0.05000000000000426,-0.05000000000000426,56.15,56.2,56.15,56.2,8.0,110.0,1667.0,369.0,False,False
006208,2022-10-26 11:43:31.461312,-0.000889679715302516,-0.000889679715302516,-0.05000000000000426,-0.05000000000000426,56.15,56.2,56.15,56.2,8.0,110.0,1667.0,369.0,False,False
006208,2022-10-26 11:43:32.462883,-0.000889679715302516,-0.000889679715302516,-0.05000000000000426,-0.05000000000000426,56.15,56.2,56.15,56.2,8.0,210.0,1667.0,369.0,False,False
006208,2022-10-26 11:43:35.254738,-0.000889679715302516,-0.000889679715302516,-0.05000000000000426,-0.05000000000000426,56.15,56.2,56.15,56.2,8.0,209.0,1667.0,369.0,False,False
006208,2022-10-26 11:43:35.284833,-0.000889679715302516,-0.000889679715302516,-0.05000000000000426,-0.05000000000000426,56.15,56.2,56.15,56.2,8.0,109.0,1667.0,369.0,False,False
006208,2022-10-26 11:43:35.360000,-0.000889679715302516,-0.000889679715302516,-0.05000000000000426,-0.05000000000000426,56.15,56.2,56.15,56.2,8.0,109.0,1667.0,369.0,False,False
006208,2022-10-26 11:43:35.437953,-0.000889679715302516,-0.000889679715302516,-0.05000000000000426,-0.05000000000000426,56.15,56.2,56.15,56.2,8.0,109.0,1667.0,369.0,False,False
006208,2022-10-26 11:43:36.286011,-0.000889679715302516,-0.000889679715302516,-0.05000000000000426,-0.05000000000000426,56.15,56.2,56.15,56.2,8.0,109.0,1667.0,369.0,False,False
006208,2022-10-26 11:43:36.360512,-0.000889679715302516,-0.000889679715302516,-0.05000000000000426,-0.05000000000000426,56.15,56.2,56.15,56.2,8.0,109.0,1667.0,369.0,False,False
006208,2022-10-26 11:43:38.435747,-0.000889679715302516,-0.000889679715302516,-0.05000000000000426,-0.05000000000000426,56.15,56.2,56.15,56.2,8.0,109.0,1667.0,369.0,False,False
006208,2022-10-26 11:43:38.487999,-0.000889679715302516,-0.000889679715302516,-0.05000000000000426,-0.05000000000000426,56.15,56.2,56.15,56.2,8.0,109.0,1667.0,369.0,False,False
006208,2022-10-26 11:43:38.608678,-0.000889679715302516,-0.000889679715302516,-0.05000000000000426,-0.05000000000000426,56.15,56.2,56.15,56.2,8.0,109.0,1667.0,369.0,False,False
006208,2022-10-26 11:43:38.709357,-0.000889679715302516,-0.000889679715302516,-0.05000000000000426,-0.05000000000000426,56.15,56.2,56.15,56.2,8.0,109.0,1667.0,369.0,False,False
006208,2022-10-26 11:43:39.451654,-0.000889679715302516,-0.000889679715302516,-0.05000000000000426,-0.05000000000000426,56.15,56.2,56.15,56.2,8.0,109.0,1667.0,369.0,False,False
006208,2022-10-26 11:43:40.551655,-0.000889679715302516,-0.000889679715302516,-0.05000000000000426,-0.05000000000000426,56.15,56.2,56.15,56.2,8.0,107.0,1667.0,369.0,False,False
006208,2022-10-26 11:43:46.225005,-0.000889679715302516,-0.000889679715302516,-0.05000000000000426,-0.05000000000000426,56.15,56.2,56.15,56.2,8.0,107.0,1667.0,369.0,False,False
006208,2022-10-26 11:43:46.242858,-0.000889679715302516,-0.000889679715302516,-0.05000000000000426,-0.05000000000000426,56.15,56.2,56.15,56.2,8.0,77.0,1667.0,369.0,False,False
006208,2022-10-26 11:43:46.333733,-0.000889679715302516,-0.000889679715302516,-0.05000000000000426,-0.05000000000000426,56.15,56.2,56.15,56.2,8.0,77.0,1667.0,369.0,False,False
006208,2022-10-26 11:43:46.577418,-0.000889679715302516,-0.000889679715302516,-0.05000000000000426,-0.05000000000000426,56.15,56.2,56.15,56.2,8.0,77.0,1667.0,369.0,False,False
006208,2022-10-26 11:43:46.589384,-0.000889679715302516,-0.000889679715302516,-0.05000000000000426,-0.05000000000000426,56.15,56.2,56.15,56.2,8.0,77.0,1667.0,369.0,False,False
006208,2022-10-26 11:43:47.437105,-0.000889679715302516,-0.000889679715302516,-0.05000000000000426,-0.05000000000000426,56.15,56.2,56.15,56.2,8.0,77.0,1667.0,369.0,False,False
006208,2022-10-26 11:43:47.454199,-0.000889679715302516,-0.000889679715302516,-0.05000000000000426,-0.05000000000000426,56.15,56.2,56.15,56.2,8.0,107.0,1667.0,369.0,False,False
006208,2022-10-26 11:43:47.930776,-0.000889679715302516,-0.000889679715302516,-0.05000000000000426,-0.05000000000000426,56.15,56.2,56.15,56.2,8.0,107.0,1702.0,569.0,True,True
006208,2022-10-26 11:43:48.562009,-0.000889679715302516,-0.000889679715302516,-0.05000000000000426,-0.05000000000000426,56.15,56.2,56.15,56.2,8.0,107.0,1702.0,569.0,False,False
006208,2022-10-26 11:43:48.568612,-0.000889679715302516,-0.000889679715302516,-0.05000000000000426,-0.05000000000000426,56.15,56.2,56.15,56.2,8.0,107.0,1702.0,569.0,False,False
006208,2022-10-26 11:43:48.708625,-0.000889679715302516,-0.000889679715302516,-0.05000000000000426,-0.05000000000000426,56.15,56.2,56.15,56.2,8.0,107.0,1702.0,569.0,False,False
006208,2022-10-26 11:43:49.651261,-0.000889679715302516,-0.000889679715302516,-0.05000000000000426,-0.05000000000000426,56.15,56.2,56.15,56.2,8.0,107.0,1702.0,569.0,False,False
006208,2022-10-26 11:43:49.721008,-0.000889679715302516,-0.000889679715302516,-0.05000000000000426,-0.05000000000000426,56.15,56.2,56.15,56.2,8.0,141.0,1702.0,569.0,False,False
006208,2022-10-26 11:43:50.230995,-0.000889679715302516,-0.000889679715302516,-0.05000000000000426,-0.05000000000000426,56.15,56.2,56.15,56.2,8.0,141.0,1702.0,569.0,False,False
006208,2022-10-26 11:43:50.251522,-0.000889679715302516,-0.000889679715302516,-0.05000000000000426,-0.05000000000000426,56.15,56.2,56.15,56.2,8.0,107.0,1702.0,569.0,False,False
006208,2022-10-26 11:43:50.572125,-0.000889679715302516,-0.000889679715302516,-0.05000000000000426,-0.05000000000000426,56.15,56.2,56.15,56.2,8.0,106.0,1702.0,569.0,False,False
006208,2022-10-26 11:43:52.262291,-0.000889679715302516,-0.000889679715302516,-0.05000000000000426,-0.05000000000000426,56.15,56.2,56.15,56.2,3.0,106.0,1702.0,569.0,False,False
006208,2022-10-26 11:43:53.061845,-0.000889679715302516,-0.000889679715302516,-0.05000000000000426,-0.05000000000000426,56.15,56.2,56.15,56.2,3.0,106.0,1702.0,569.0,False,False
006208,2022-10-26 11:43:53.061962,-0.000889679715302516,-0.000889679715302516,-0.05000000000000426,-0.05000000000000426,56.15,56.2,56.15,56.2,3.0,106.0,1702.0,569.0,False,False
006208,2022-10-26 11:43:53.963736,0.0,-0.001779359430605032,0.0,-0.10000000000000142,56.1,56.15,56.15,56.2,221.0,2.0,1702.0,569.0,False,False
006208,2022-10-26 11:43:53.994260,0.0,-0.001779359430605032,0.0,-0.10000000000000142,56.1,56.15,56.15,56.2,221.0,2.0,1702.0,569.0,False,False
006208,2022-10-26 11:43:53.994685,0.0,-0.001779359430605032,0.0,-0.10000000000000142,56.1,56.15,56.15,56.2,221.0,2.0,1702.0,569.0,False,False
006208,2022-10-26 11:43:54.078420,0.0,-0.001779359430605032,0.0,-0.10000000000000142,56.1,56.15,56.15,56.2,181.0,2.0,1702.0,569.0,False,False
006208,2022-10-26 11:43:54.235815,0.0,-0.001779359430605032,0.0,-0.10000000000000142,56.1,56.15,56.15,56.2,181.0,2.0,1702.0,569.0,False,False
006208,2022-10-26 11:43:55.012827,0.0,-0.001779359430605032,0.0,-0.10000000000000142,56.1,56.15,56.15,56.2,215.0,2.0,1702.0,569.0,False,False
006208,2022-10-26 11:43:55.109953,0.0,-0.001779359430605032,0.0,-0.10000000000000142,56.1,56.15,56.15,56.2,215.0,2.0,1702.0,569.0,False,False
006208,2022-10-26 11:43:55.166685,0.0,-0.001779359430605032,0.0,-0.10000000000000142,56.1,56.15,56.15,56.2,215.0,2.0,1702.0,569.0,False,False
006208,2022-10-26 11:43:55.293279,0.0,-0.001779359430605032,0.0,-0.10000000000000142,56.1,56.15,56.15,56.2,215.0,2.0,1702.0,569.0,False,False
006208,2022-10-26 11:43:55.412223,0.0,-0.001779359430605032,0.0,-0.10000000000000142,56.1,56.15,56.15,56.2,215.0,2.0,1702.0,569.0,False,False
006208,2022-10-26 11:43:55.652240,0.0,-0.001779359430605032,0.0,-0.10000000000000142,56.1,56.15,56.15,56.2,215.0,2.0,1702.0,569.0,False,False
006208,2022-10-26 11:43:55.747403,0.0,-0.001779359430605032,0.0,-0.10000000000000142,56.1,56.15,56.15,56.2,215.0,2.0,1702.0,569.0,False,False
006208,2022-10-26 11:43:57.184757,0.0,-0.001779359430605032,0.0,-0.10000000000000142,56.1,56.15,56.15,56.2,215.0,2.0,1702.0,569.0,False,False
006208,2022-10-26 11:43:57.206367,0.0,-0.001779359430605032,0.0,-0.10000000000000142,56.1,56.15,56.15,56.2,215.0,2.0,1702.0,569.0,False,False
006208,2022-10-26 11:43:57.709896,0.0,-0.001779359430605032,0.0,-0.10000000000000142,56.1,56.15,56.15,56.2,215.0,2.0,1702.0,569.0,False,False
006208,2022-10-26 11:43:57.744718,0.0,-0.001779359430605032,0.0,-0.10000000000000142,56.1,56.15,56.15,56.2,215.0,2.0,1702.0,569.0,False,False
006208,2022-10-26 11:43:57.978162,0.0,-0.001779359430605032,0.0,-0.10000000000000142,56.1,56.15,56.15,56.2,215.0,2.0,1702.0,829.0,True,True
006208,2022-10-26 11:43:58.108302,0.0,-0.001779359430605032,0.0,-0.10000000000000142,56.1,56.15,56.15,56.2,215.0,2.0,1702.0,829.0,False,False
006208,2022-10-26 11:43:58.120048,0.0,-0.001779359430605032,0.0,-0.10000000000000142,56.1,56.15,56.15,56.2,181.0,2.0,1702.0,829.0,False,False
006208,2022-10-26 11:44:00.398366,0.0,-0.001779359430605032,0.0,-0.10000000000000142,56.1,56.15,56.15,56.2,181.0,2.0,1702.0,829.0,False,False
006208,2022-10-26 11:44:00.449850,0.0,-0.001779359430605032,0.0,-0.10000000000000142,56.1,56.15,56.15,56.2,181.0,2.0,1702.0,829.0,False,False
006208,2022-10-26 11:44:00.546111,0.0,-0.001779359430605032,0.0,-0.10000000000000142,56.1,56.15,56.15,56.2,181.0,1.0,1702.0,829.0,False,False
006208,2022-10-26 11:44:03.765082,0.0,-0.001779359430605032,0.0,-0.10000000000000142,56.1,56.15,56.15,56.2,181.0,1.0,1702.0,829.0,False,False
006208,2022-10-26 11:44:03.806359,0.0,-0.001779359430605032,0.0,-0.10000000000000142,56.1,56.15,56.15,56.2,221.0,1.0,1702.0,829.0,False,False
006208,2022-10-26 11:44:03.874072,0.0,-0.001779359430605032,0.0,-0.10000000000000142,56.1,56.15,56.15,56.2,221.0,1.0,1702.0,829.0,False,False
006208,2022-10-26 11:44:04.068089,0.0,-0.001779359430605032,0.0,-0.10000000000000142,56.1,56.15,56.15,56.2,221.0,1.0,1702.0,829.0,False,False
006208,2022-10-26 11:44:04.146614,0.0,-0.001779359430605032,0.0,-0.10000000000000142,56.1,56.15,56.15,56.2,221.0,1.0,1702.0,829.0,False,False
006208,2022-10-26 11:44:04.156123,0.0,-0.001779359430605032,0.0,-0.10000000000000142,56.1,56.15,56.15,56.2,221.0,1.0,1702.0,829.0,False,False
006208,2022-10-26 11:44:04.286010,0.0,-0.001779359430605032,0.0,-0.10000000000000142,56.1,56.15,56.15,56.2,221.0,1.0,1702.0,829.0,False,False
006208,2022-10-26 11:44:08.017294,0.0,-0.001779359430605032,0.0,-0.10000000000000142,56.1,56.15,56.15,56.2,221.0,1.0,1702.0,629.0,True,True
006208,2022-10-26 11:44:08.241970,-0.000889679715302516,-0.001779359430605032,-0.05000000000000426,-0.10000000000000142,56.1,56.2,56.15,56.2,221.0,147.0,1702.0,629.0,False,False
006208,2022-10-26 11:44:08.269221,-0.000889679715302516,-0.001779359430605032,-0.05000000000000426,-0.10000000000000142,56.1,56.2,56.15,56.2,221.0,147.0,1702.0,629.0,False,False
006208,2022-10-26 11:44:08.358637,-0.000889679715302516,-0.000889679715302516,-0.05000000000000426,-0.05000000000000426,56.15,56.2,56.15,56.2,40.0,107.0,1702.0,629.0,False,False
006208,2022-10-26 11:44:08.507251,-0.000889679715302516,-0.000889679715302516,-0.05000000000000426,-0.05000000000000426,56.15,56.2,56.15,56.2,40.0,107.0,1702.0,629.0,False,False
006208,2022-10-26 11:44:08.544962,-0.000889679715302516,-0.000889679715302516,-0.05000000000000426,-0.05000000000000426,56.15,56.2,56.15,56.2,40.0,107.0,1702.0,629.0,False,False
006208,2022-10-26 11:44:08.991106,-0.000889679715302516,-0.000889679715302516,-0.05000000000000426,-0.05000000000000426,56.15,56.2,56.15,56.2,40.0,107.0,1702.0,629.0,False,False
006208,2022-10-26 11:44:09.012089,-0.000889679715302516,-0.000889679715302516,-0.05000000000000426,-0.05000000000000426,56.15,56.2,56.15,56.2,40.0,107.0,1702.0,629.0,False,False
006208,2022-10-26 11:44:09.127658,-0.000889679715302516,-0.000889679715302516,-0.05000000000000426,-0.05000000000000426,56.15,56.2,56.15,56.2,40.0,107.0,1702.0,629.0,False,False
006208,2022-10-26 11:44:10.310088,-0.000889679715302516,-0.000889679715302516,-0.05000000000000426,-0.05000000000000426,56.15,56.2,56.15,56.2,40.0,107.0,1702.0,629.0,False,False
006208,2022-10-26 11:44:10.383734,-0.000889679715302516,-0.001779359430605032,-0.05000000000000426,-0.10000000000000142,56.1,56.2,56.15,56.2,221.0,107.0,1702.0,629.0,False,False
006208,2022-10-26 11:44:10.507307,-0.000889679715302516,-0.001779359430605032,-0.05000000000000426,-0.10000000000000142,56.1,56.2,56.15,56.2,181.0,107.0,1702.0,629.0,False,False
006208,2022-10-26 11:44:10.582218,-0.000889679715302516,-0.001779359430605032,-0.05000000000000426,-0.10000000000000142,56.1,56.2,56.15,56.2,181.0,105.0,1702.0,629.0,False,False
006208,2022-10-26 11:44:10.637414,-0.000889679715302516,-0.001779359430605032,-0.05000000000000426,-0.10000000000000142,56.1,56.2,56.15,56.2,181.0,105.0,1702.0,629.0,False,False
006208,2022-10-26 11:44:11.083830,-0.000889679715302516,-0.001779359430605032,-0.05000000000000426,-0.10000000000000142,56.1,56.2,56.15,56.2,181.0,105.0,1702.0,629.0,False,False
006208,2022-10-26 11:44:11.107066,-0.000889679715302516,-0.001779359430605032,-0.05000000000000426,-0.10000000000000142,56.1,56.2,56.15,56.2,181.0,105.0,1702.0,629.0,False,False
006208,2022-10-26 11:44:11.649199,-0.000889679715302516,-0.001779359430605032,-0.05000000000000426,-0.10000000000000142,56.1,56.2,56.15,56.2,181.0,105.0,1702.0,629.0,False,False
006208,2022-10-26 11:44:11.735022,-0.000889679715302516,-0.001779359430605032,-0.05000000000000426,-0.10000000000000142,56.1,56.2,56.15,56.2,215.0,105.0,1702.0,629.0,False,False
006208,2022-10-26 11:44:11.995027,-0.000889679715302516,-0.001779359430605032,-0.05000000000000426,-0.10000000000000142,56.1,56.2,56.15,56.2,215.0,105.0,1702.0,629.0,False,False
006208,2022-10-26 11:44:12.006902,-0.000889679715302516,-0.001779359430605032,-0.05000000000000426,-0.10000000000000142,56.1,56.2,56.15,56.2,215.0,105.0,1702.0,629.0,False,False
006208,2022-10-26 11:44:12.017112,-0.000889679715302516,-0.001779359430605032,-0.05000000000000426,-0.10000000000000142,56.1,56.2,56.15,56.2,215.0,105.0,1702.0,629.0,False,False
006208,2022-10-26 11:44:12.450005,-0.000889679715302516,-0.001779359430605032,-0.05000000000000426,-0.10000000000000142,56.1,56.2,56.15,56.2,215.0,105.0,1702.0,629.0,False,False
006208,2022-10-26 11:44:12.471433,-0.000889679715302516,-0.001779359430605032,-0.05000000000000426,-0.10000000000000142,56.1,56.2,56.15,56.2,215.0,105.0,1702.0,629.0,False,False
006208,2022-10-26 11:44:15.069210,-0.000889679715302516,-0.001779359430605032,-0.05000000000000426,-0.10000000000000142,56.1,56.2,56.15,56.2,215.0,105.0,1702.0,629.0,False,False
006208,2022-10-26 11:44:15.146125,-0.000889679715302516,-0.001779359430605032,-0.05000000000000426,-0.10000000000000142,56.1,56.2,56.15,56.2,181.0,105.0,1702.0,629.0,False,False
006208,2022-10-26 11:44:16.492003,-0.000889679715302516,-0.001779359430605032,-0.05000000000000426,-0.10000000000000142,56.1,56.2,56.15,56.2,181.0,105.0,1702.0,629.0,False,False
006208,2022-10-26 11:44:16.504272,-0.000889679715302516,-0.001779359430605032,-0.05000000000000426,-0.10000000000000142,56.1,56.2,56.15,56.2,181.0,105.0,1702.0,629.0,False,False
006208,2022-10-26 11:44:16.540267,-0.000889679715302516,-0.001779359430605032,-0.05000000000000426,-0.10000000000000142,56.1,56.2,56.15,56.2,181.0,105.0,1702.0,629.0,False,False
006208,2022-10-26 11:44:17.723156,-0.000889679715302516,-0.001779359430605032,-0.05000000000000426,-0.10000000000000142,56.1,56.2,56.15,56.2,182.0,105.0,1702.0,629.0,False,False
006208,2022-10-26 11:44:17.763506,-0.000889679715302516,-0.000889679715302516,-0.05000000000000426,-0.05000000000000426,56.15,56.2,56.15,56.2,1.0,105.0,1702.0,629.0,False,False
006208,2022-10-26 11:44:17.787082,-0.000889679715302516,-0.000889679715302516,-0.05000000000000426,-0.05000000000000426,56.15,56.2,56.15,56.2,1.0,105.0,1702.0,629.0,False,False
006208,2022-10-26 11:44:18.061035,-0.000889679715302516,-0.000889679715302516,-0.05000000000000426,-0.05000000000000426,56.15,56.2,56.15,56.2,1.0,105.0,1702.0,629.0,False,False
006208,2022-10-26 11:44:19.216671,-0.000889679715302516,-0.000889679715302516,-0.05000000000000426,-0.05000000000000426,56.15,56.2,56.15,56.2,1.0,105.0,1702.0,629.0,False,False
006208,2022-10-26 11:44:19.251895,-0.000889679715302516,-0.000889679715302516,-0.05000000000000426,-0.05000000000000426,56.15,56.2,56.15,56.2,1.0,145.0,1702.0,629.0,False,False
006208,2022-10-26 11:44:20.587420,-0.000889679715302516,-0.000889679715302516,-0.05000000000000426,-0.05000000000000426,56.15,56.2,56.15,56.2,1.0,144.0,1702.0,629.0,False,False
006208,2022-10-26 11:44:20.855784,-0.000889679715302516,-0.000889679715302516,-0.05000000000000426,-0.05000000000000426,56.15,56.2,56.15,56.2,1.0,144.0,1702.0,629.0,False,False
006208,2022-10-26 11:44:20.946668,-0.000889679715302516,-0.000889679715302516,-0.05000000000000426,-0.05000000000000426,56.15,56.2,56.15,56.2,1.0,144.0,1702.0,629.0,False,False
006208,2022-10-26 11:44:20.995172,-0.000889679715302516,-0.000889679715302516,-0.05000000000000426,-0.05000000000000426,56.15,56.2,56.15,56.2,1.0,144.0,1702.0,629.0,False,False
006208,2022-10-26 11:44:21.079399,-0.000889679715302516,-0.000889679715302516,-0.05000000000000426,-0.05000000000000426,56.15,56.2,56.15,56.2,1.0,144.0,1702.0,629.0,False,False
006208,2022-10-26 11:44:21.846624,-0.000889679715302516,-0.000889679715302516,-0.05000000000000426,-0.05000000000000426,56.15,56.2,56.15,56.2,1.0,144.0,1702.0,629.0,False,False
006208,2022-10-26 11:44:21.856708,-0.000889679715302516,-0.000889679715302516,-0.05000000000000426,-0.05000000000000426,56.15,56.2,56.15,56.2,1.0,144.0,1702.0,629.0,False,False
006208,2022-10-26 11:44:21.979165,-0.000889679715302516,-0.000889679715302516,-0.05000000000000426,-0.05000000000000426,56.15,56.2,56.15,56.2,1.0,144.0,1702.0,629.0,False,False
006208,2022-10-26 11:44:22.042352,-0.000889679715302516,-0.000889679715302516,-0.05000000000000426,-0.05000000000000426,56.15,56.2,56.15,56.2,1.0,144.0,1702.0,629.0,False,False
006208,2022-10-26 11:44:23.091181,-0.000889679715302516,-0.000889679715302516,-0.05000000000000426,-0.05000000000000426,56.15,56.2,56.15,56.2,1.0,144.0,1702.0,629.0,False,False
006208,2022-10-26 11:44:27.593213,0.0,-0.001779359430605032,0.0,-0.10000000000000142,56.1,56.15,56.15,56.2,256.0,4.0,1702.0,629.0,False,False
006208,2022-10-26 11:44:27.624741,0.0,-0.001779359430605032,0.0,-0.10000000000000142,56.1,56.15,56.15,56.2,256.0,4.0,1702.0,629.0,False,False
006208,2022-10-26 11:44:27.684960,0.0,-0.001779359430605032,0.0,-0.10000000000000142,56.1,56.15,56.15,56.2,256.0,4.0,1702.0,629.0,False,False
006208,2022-10-26 11:44:27.746939,0.0,-0.001779359430605032,0.0,-0.10000000000000142,56.1,56.15,56.15,56.2,256.0,4.0,1702.0,629.0,False,False
006208,2022-10-26 11:44:27.887260,0.0,-0.001779359430605032,0.0,-0.10000000000000142,56.1,56.15,56.15,56.2,216.0,4.0,1702.0,629.0,False,False
006208,2022-10-26 11:44:28.025716,0.0,-0.001779359430605032,0.0,-0.10000000000000142,56.1,56.15,56.15,56.2,216.0,4.0,1702.0,629.0,False,False
006208,2022-10-26 11:44:28.095271,0.0,-0.001779359430605032,0.0,-0.10000000000000142,56.1,56.15,56.15,56.2,216.0,4.0,1702.0,329.0,True,True
006208,2022-10-26 11:44:28.098922,0.0,-0.001779359430605032,0.0,-0.10000000000000142,56.1,56.15,56.15,56.2,216.0,4.0,1702.0,329.0,False,False
006208,2022-10-26 11:44:28.257153,0.0,-0.001779359430605032,0.0,-0.10000000000000142,56.1,56.15,56.15,56.2,216.0,9.0,1702.0,329.0,False,False
006208,2022-10-26 11:44:28.868522,0.0,-0.001779359430605032,0.0,-0.10000000000000142,56.1,56.15,56.15,56.2,182.0,9.0,1702.0,329.0,False,False
006208,2022-10-26 11:44:28.903570,0.0,-0.001779359430605032,0.0,-0.10000000000000142,56.1,56.15,56.15,56.2,182.0,9.0,1702.0,329.0,False,False
006208,2022-10-26 11:44:28.924883,0.0,-0.001779359430605032,0.0,-0.10000000000000142,56.1,56.15,56.15,56.2,182.0,9.0,1702.0,329.0,False,False
006208,2022-10-26 11:44:29.786253,0.0,-0.001779359430605032,0.0,-0.10000000000000142,56.1,56.15,56.15,56.2,182.0,9.0,1702.0,329.0,False,False
006208,2022-10-26 11:44:29.888213,0.0,-0.001779359430605032,0.0,-0.10000000000000142,56.1,56.15,56.15,56.2,182.0,9.0,1702.0,329.0,False,False
006208,2022-10-26 11:44:29.926352,0.0,-0.001779359430605032,0.0,-0.10000000000000142,56.1,56.15,56.15,56.2,182.0,9.0,1702.0,329.0,False,False
006208,2022-10-26 11:44:30.472308,0.0,-0.001779359430605032,0.0,-0.10000000000000142,56.1,56.15,56.15,56.2,182.0,9.0,1702.0,329.0,False,False
006208,2022-10-26 11:44:30.526500,0.0,-0.001779359430605032,0.0,-0.10000000000000142,56.1,56.15,56.15,56.2,182.0,9.0,1702.0,329.0,False,False
006208,2022-10-26 11:44:30.608034,0.0,-0.001779359430605032,0.0,-0.10000000000000142,56.1,56.15,56.15,56.2,182.0,7.0,1702.0,329.0,False,False
006208,2022-10-26 11:44:30.628499,0.0,-0.001779359430605032,0.0,-0.10000000000000142,56.1,56.15,56.15,56.2,182.0,7.0,1702.0,329.0,False,False
006208,2022-10-26 11:44:32.602269,0.0,-0.001779359430605032,0.0,-0.10000000000000142,56.1,56.15,56.15,56.2,182.0,7.0,1702.0,329.0,False,False
006208,2022-10-26 11:44:32.630284,0.0,-0.001779359430605032,0.0,-0.10000000000000142,56.1,56.15,56.15,56.2,182.0,7.0,1702.0,329.0,False,False
006208,2022-10-26 11:44:37.922381,0.0,-0.001779359430605032,0.0,-0.10000000000000142,56.1,56.15,56.15,56.2,182.0,7.0,1702.0,329.0,False,False
006208,2022-10-26 11:44:37.924448,0.0,-0.001779359430605032,0.0,-0.10000000000000142,56.1,56.15,56.15,56.2,182.0,7.0,1702.0,329.0,False,False
006208,2022-10-26 11:44:38.146501,0.0,-0.001779359430605032,0.0,-0.10000000000000142,56.1,56.15,56.15,56.2,182.0,7.0,1711.0,329.0,True,True
006208,2022-10-26 11:44:38.062306,0.0,-0.001779359430605032,0.0,-0.10000000000000142,56.1,56.15,56.15,56.2,182.0,7.0,1711.0,329.0,False,False
006208,2022-10-26 11:44:40.581952,0.0,-0.001779359430605032,0.0,-0.10000000000000142,56.1,56.15,56.15,56.2,182.0,6.0,1711.0,329.0,False,False
006208,2022-10-26 11:44:42.229831,0.0,-0.001779359430605032,0.0,-0.10000000000000142,56.1,56.15,56.15,56.2,182.0,5.0,1711.0,329.0,False,False
006208,2022-10-26 11:44:48.050176,0.0,-0.001779359430605032,0.0,-0.10000000000000142,56.1,56.15,56.15,56.2,182.0,5.0,1711.0,329.0,False,False
006208,2022-10-26 11:44:48.053086,0.0,-0.001779359430605032,0.0,-0.10000000000000142,56.1,56.15,56.15,56.2,182.0,5.0,1711.0,329.0,False,False
006208,2022-10-26 11:44:48.190077,0.0,-0.001779359430605032,0.0,-0.10000000000000142,56.1,56.15,56.15,56.2,182.0,5.0,1711.0,329.0,False,False
006208,2022-10-26 11:44:50.461642,0.0,-0.001779359430605032,0.0,-0.10000000000000142,56.1,56.15,56.15,56.2,182.0,5.0,1711.0,329.0,False,False
006208,2022-10-26 11:44:50.461659,0.0,-0.001779359430605032,0.0,-0.10000000000000142,56.1,56.15,56.15,56.2,182.0,5.0,1711.0,329.0,False,False
006208,2022-10-26 11:44:50.573065,0.0,-0.001779359430605032,0.0,-0.10000000000000142,56.1,56.15,56.15,56.2,182.0,4.0,1711.0,329.0,False,False
006208,2022-10-26 11:44:51.892543,0.0,-0.001779359430605032,0.0,-0.10000000000000142,56.1,56.15,56.15,56.2,181.0,4.0,1711.0,329.0,False,False
006208,2022-10-26 11:44:52.569078,0.0,-0.001779359430605032,0.0,-0.10000000000000142,56.1,56.15,56.15,56.2,181.0,4.0,1711.0,329.0,False,False
006208,2022-10-26 11:44:52.569184,0.0,-0.001779359430605032,0.0,-0.10000000000000142,56.1,56.15,56.15,56.2,181.0,4.0,1711.0,329.0,False,False
006208,2022-10-26 11:44:54.354871,0.0,-0.001779359430605032,0.0,-0.10000000000000142,56.1,56.15,56.15,56.2,181.0,4.0,1711.0,329.0,False,False
006208,2022-10-26 11:44:54.365356,0.0,-0.001779359430605032,0.0,-0.10000000000000142,56.1,56.15,56.15,56.2,181.0,4.0,1711.0,329.0,False,False
006208,2022-10-26 11:44:54.757879,0.0,-0.001779359430605032,0.0,-0.10000000000000142,56.1,56.15,56.15,56.2,181.0,4.0,1711.0,329.0,False,False
006208,2022-10-26 11:44:54.757896,0.0,-0.001779359430605032,0.0,-0.10000000000000142,56.1,56.15,56.15,56.2,181.0,4.0,1711.0,329.0,False,False
006208,2022-10-26 11:44:55.049112,0.0,-0.001779359430605032,0.0,-0.10000000000000142,56.1,56.15,56.15,56.2,181.0,4.0,1711.0,329.0,False,False
006208,2022-10-26 11:44:55.054831,0.0,-0.001779359430605032,0.0,-0.10000000000000142,56.1,56.15,56.15,56.2,181.0,4.0,1711.0,329.0,False,False
006208,2022-10-26 11:44:56.422276,0.0,-0.001779359430605032,0.0,-0.10000000000000142,56.1,56.15,56.15,56.2,181.0,4.0,1711.0,329.0,False,False
006208,2022-10-26 11:44:56.437822,0.0,-0.001779359430605032,0.0,-0.10000000000000142,56.1,56.15,56.15,56.2,181.0,4.0,1711.0,329.0,False,False
006208,2022-10-26 11:44:58.132571,0.0,-0.001779359430605032,0.0,-0.10000000000000142,56.1,56.15,56.15,56.2,181.0,4.0,1711.0,329.0,False,False
006208,2022-10-26 11:44:58.136271,0.0,-0.001779359430605032,0.0,-0.10000000000000142,56.1,56.15,56.15,56.2,181.0,4.0,1711.0,329.0,False,False
006208,2022-10-26 11:44:58.264774,0.0,-0.001779359430605032,0.0,-0.10000000000000142,56.1,56.15,56.15,56.2,181.0,4.0,1711.0,329.0,False,False
006208,2022-10-26 11:44:59.492744,0.0,-0.001779359430605032,0.0,-0.10000000000000142,56.1,56.15,56.15,56.2,181.0,4.0,1711.0,329.0,False,False
006208,2022-10-26 11:44:59.503552,0.0,-0.001779359430605032,0.0,-0.10000000000000142,56.1,56.15,56.15,56.2,181.0,4.0,1711.0,329.0,False,False
006208,2022-10-26 11:45:00.556599,0.0,-0.001779359430605032,0.0,-0.10000000000000142,56.1,56.15,56.15,56.2,181.0,2.0,1711.0,329.0,False,False
006208,2022-10-26 11:45:02.737876,0.0,-0.001779359430605032,0.0,-0.10000000000000142,56.1,56.15,56.15,56.2,181.0,2.0,1711.0,329.0,False,False
006208,2022-10-26 11:45:02.737899,0.0,-0.001779359430605032,0.0,-0.10000000000000142,56.1,56.15,56.15,56.2,181.0,2.0,1711.0,329.0,False,False
006208,2022-10-26 11:45:06.621264,-0.000889679715302516,-0.001779359430605032,-0.05000000000000426,-0.10000000000000142,56.1,56.2,56.15,56.2,181.0,163.0,1711.0,329.0,False,False
006208,2022-10-26 11:45:06.652831,-0.000889679715302516,-0.001779359430605032,-0.05000000000000426,-0.10000000000000142,56.1,56.2,56.15,56.2,181.0,163.0,1711.0,329.0,False,False
006208,2022-10-26 11:45:06.702493,-0.000889679715302516,-0.001779359430605032,-0.05000000000000426,-0.10000000000000142,56.1,56.2,56.15,56.2,181.0,163.0,1711.0,329.0,False,False
006208,2022-10-26 11:45:06.719050,-0.000889679715302516,-0.001779359430605032,-0.05000000000000426,-0.10000000000000142,56.1,56.2,56.15,56.2,181.0,163.0,1711.0,329.0,False,False
006208,2022-10-26 11:45:06.939668,-0.000889679715302516,-0.001779359430605032,-0.05000000000000426,-0.10000000000000142,56.1,56.2,56.15,56.2,181.0,123.0,1711.0,329.0,False,False
006208,2022-10-26 11:45:06.962717,-0.000889679715302516,-0.001779359430605032,-0.05000000000000426,-0.10000000000000142,56.1,56.2,56.15,56.2,181.0,93.0,1711.0,329.0,False,False
006208,2022-10-26 11:45:08.126729,-0.000889679715302516,-0.001779359430605032,-0.05000000000000426,-0.10000000000000142,56.1,56.2,56.15,56.2,181.0,93.0,1711.0,329.0,False,False
006208,2022-10-26 11:45:08.144180,-0.000889679715302516,-0.001779359430605032,-0.05000000000000426,-0.10000000000000142,56.1,56.2,56.15,56.2,181.0,93.0,1711.0,329.0,False,False
006208,2022-10-26 11:45:08.408639,-0.000889679715302516,-0.001779359430605032,-0.05000000000000426,-0.10000000000000142,56.1,56.2,56.15,56.2,181.0,93.0,1711.0,329.0,False,False
006208,2022-10-26 11:45:08.408713,-0.000889679715302516,-0.001779359430605032,-0.05000000000000426,-0.10000000000000142,56.1,56.2,56.15,56.2,181.0,93.0,1711.0,329.0,False,False
006208,2022-10-26 11:45:08.730207,-0.000889679715302516,-0.001779359430605032,-0.05000000000000426,-0.10000000000000142,56.1,56.2,56.15,56.2,181.0,93.0,1711.0,329.0,False,False
006208,2022-10-26 11:45:08.735668,-0.000889679715302516,-0.001779359430605032,-0.05000000000000426,-0.10000000000000142,56.1,56.2,56.15,56.2,181.0,93.0,1711.0,329.0,False,False
006208,2022-10-26 11:45:09.392200,0.0,-0.001779359430605032,0.0,-0.10000000000000142,56.1,56.15,56.15,56.2,181.0,1.0,1711.0,329.0,False,False
006208,2022-10-26 11:45:09.416805,0.0,-0.001779359430605032,0.0,-0.10000000000000142,56.1,56.15,56.15,56.2,181.0,1.0,1711.0,329.0,False,False
006208,2022-10-26 11:45:09.489561,0.0,-0.001779359430605032,0.0,-0.10000000000000142,56.1,56.15,56.15,56.2,181.0,1.0,1711.0,329.0,False,False
006208,2022-10-26 11:45:09.680000,0.0,-0.001779359430605032,0.0,-0.10000000000000142,56.1,56.15,56.15,56.2,181.0,1.0,1711.0,329.0,False,False
006208,2022-10-26 11:45:10.015952,0.0,-0.001779359430605032,0.0,-0.10000000000000142,56.1,56.15,56.15,56.2,181.0,1.0,1711.0,329.0,False,False
006208,2022-10-26 11:45:10.146233,0.0,-0.001779359430605032,0.0,-0.10000000000000142,56.1,56.15,56.15,56.2,181.0,1.0,1711.0,329.0,False,False
006208,2022-10-26 11:45:10.507283,-0.000889679715302516,-0.001779359430605032,-0.05000000000000426,-0.10000000000000142,56.1,56.2,56.15,56.2,181.0,133.0,1711.0,329.0,False,False
006208,2022-10-26 11:45:10.539617,-0.000889679715302516,-0.001779359430605032,-0.05000000000000426,-0.10000000000000142,56.1,56.2,56.15,56.2,181.0,133.0,1711.0,329.0,False,False
006208,2022-10-26 11:45:10.592696,-0.000889679715302516,-0.001779359430605032,-0.05000000000000426,-0.10000000000000142,56.1,56.2,56.15,56.2,181.0,133.0,1711.0,329.0,False,False
006208,2022-10-26 11:45:10.669188,-0.000889679715302516,-0.001779359430605032,-0.05000000000000426,-0.10000000000000142,56.1,56.2,56.15,56.2,181.0,93.0,1711.0,329.0,False,False
006208,2022-10-26 11:45:10.798023,-0.000889679715302516,-0.001779359430605032,-0.05000000000000426,-0.10000000000000142,56.1,56.2,56.15,56.2,181.0,93.0,1711.0,329.0,False,False
006208,2022-10-26 11:45:10.978116,-0.000889679715302516,-0.001779359430605032,-0.05000000000000426,-0.10000000000000142,56.1,56.2,56.15,56.2,181.0,93.0,1711.0,329.0,False,False
006208,2022-10-26 11:45:11.056425,-0.000889679715302516,-0.001779359430605032,-0.05000000000000426,-0.10000000000000142,56.1,56.2,56.15,56.2,181.0,93.0,1711.0,329.0,False,False
006208,2022-10-26 11:45:11.068137,-0.000889679715302516,-0.001779359430605032,-0.05000000000000426,-0.10000000000000142,56.1,56.2,56.15,56.2,181.0,93.0,1711.0,329.0,False,False
006208,2022-10-26 11:45:13.639035,-0.000889679715302516,-0.001779359430605032,-0.05000000000000426,-0.10000000000000142,56.1,56.2,56.15,56.2,181.0,93.0,1711.0,329.0,False,False
006208,2022-10-26 11:45:13.639266,-0.000889679715302516,-0.001779359430605032,-0.05000000000000426,-0.10000000000000142,56.1,56.2,56.15,56.2,181.0,93.0,1711.0,329.0,False,False
006208,2022-10-26 11:45:14.006027,-0.000889679715302516,-0.001779359430605032,-0.05000000000000426,-0.10000000000000142,56.1,56.2,56.15,56.2,181.0,93.0,1711.0,329.0,False,False
006208,2022-10-26 11:45:14.022253,-0.000889679715302516,-0.000889679715302516,-0.05000000000000426,-0.05000000000000426,56.15,56.2,56.15,56.2,75.0,93.0,1711.0,329.0,False,False
006208,2022-10-26 11:45:14.149622,-0.000889679715302516,-0.000889679715302516,-0.05000000000000426,-0.05000000000000426,56.15,56.2,56.15,56.2,75.0,50.0,1711.0,329.0,False,False
006208,2022-10-26 11:45:14.322358,-0.001777777777777767,-0.000889679715302516,-0.10000000000000142,-0.05000000000000426,56.15,56.25,56.15,56.2,75.0,427.0,1711.0,329.0,False,False
006208,2022-10-26 11:45:14.390677,-0.001777777777777767,-0.000889679715302516,-0.10000000000000142,-0.05000000000000426,56.15,56.25,56.15,56.2,75.0,427.0,1711.0,329.0,False,False
006208,2022-10-26 11:45:14.530021,-0.001777777777777767,-0.000889679715302516,-0.10000000000000142,-0.05000000000000426,56.15,56.25,56.15,56.2,75.0,387.0,1711.0,329.0,False,False
006208,2022-10-26 11:45:14.608783,-0.001777777777777767,-0.000889679715302516,-0.10000000000000142,-0.05000000000000426,56.15,56.25,56.15,56.2,75.0,387.0,1711.0,329.0,False,False
006208,2022-10-26 11:45:14.722056,-0.001777777777777767,-0.000889679715302516,-0.10000000000000142,-0.05000000000000426,56.15,56.25,56.15,56.2,75.0,387.0,1711.0,329.0,False,False
006208,2022-10-26 11:45:14.889125,-0.001777777777777767,-0.000889679715302516,-0.10000000000000142,-0.05000000000000426,56.15,56.25,56.15,56.2,75.0,387.0,1711.0,329.0,False,False
006208,2022-10-26 11:45:15.134196,-0.001777777777777767,-0.000889679715302516,-0.10000000000000142,-0.05000000000000426,56.15,56.25,56.15,56.2,75.0,386.0,1711.0,329.0,False,False
006208,2022-10-26 11:45:15.158918,-0.001777777777777767,-0.000889679715302516,-0.10000000000000142,-0.05000000000000426,56.15,56.25,56.15,56.2,75.0,286.0,1711.0,329.0,False,False
006208,2022-10-26 11:45:15.266629,-0.001777777777777767,-0.000889679715302516,-0.10000000000000142,-0.05000000000000426,56.15,56.25,56.15,56.2,75.0,286.0,1711.0,329.0,False,False
006208,2022-10-26 11:45:15.279339,-0.001777777777777767,-0.000889679715302516,-0.10000000000000142,-0.05000000000000426,56.15,56.25,56.15,56.2,75.0,252.0,1711.0,329.0,False,False
006208,2022-10-26 11:45:15.763497,-0.001777777777777767,-0.000889679715302516,-0.10000000000000142,-0.05000000000000426,56.15,56.25,56.15,56.2,75.0,252.0,1711.0,329.0,False,False
006208,2022-10-26 11:45:16.157279,-0.001777777777777767,-0.000889679715302516,-0.10000000000000142,-0.05000000000000426,56.15,56.25,56.15,56.2,175.0,252.0,1711.0,329.0,False,False
006208,2022-10-26 11:45:16.157283,-0.001777777777777767,-0.000889679715302516,-0.10000000000000142,-0.05000000000000426,56.15,56.25,56.15,56.2,175.0,252.0,1711.0,329.0,False,False
006208,2022-10-26 11:45:16.329712,-0.001777777777777767,-0.000889679715302516,-0.10000000000000142,-0.05000000000000426,56.15,56.25,56.15,56.2,175.0,177.0,1711.0,329.0,False,False
006208,2022-10-26 11:45:16.415934,-0.001777777777777767,-0.000889679715302516,-0.10000000000000142,-0.05000000000000426,56.15,56.25,56.15,56.2,175.0,177.0,1711.0,329.0,False,False
006208,2022-10-26 11:45:16.703418,-0.001777777777777767,-0.000889679715302516,-0.10000000000000142,-0.05000000000000426,56.15,56.25,56.15,56.2,175.0,177.0,1711.0,329.0,False,False
006208,2022-10-26 11:45:16.703813,-0.001777777777777767,-0.000889679715302516,-0.10000000000000142,-0.05000000000000426,56.15,56.25,56.15,56.2,175.0,177.0,1711.0,329.0,False,False
006208,2022-10-26 11:45:16.901762,-0.001777777777777767,-0.000889679715302516,-0.10000000000000142,-0.05000000000000426,56.15,56.25,56.15,56.2,175.0,177.0,1711.0,329.0,False,False
006208,2022-10-26 11:45:16.984279,-0.001777777777777767,-0.000889679715302516,-0.10000000000000142,-0.05000000000000426,56.15,56.25,56.15,56.2,175.0,177.0,1711.0,329.0,False,False
006208,2022-10-26 11:45:17.277002,-0.001777777777777767,-0.000889679715302516,-0.10000000000000142,-0.05000000000000426,56.15,56.25,56.15,56.2,175.0,177.0,1711.0,329.0,False,False
006208,2022-10-26 11:45:17.288873,-0.001777777777777767,-0.000889679715302516,-0.10000000000000142,-0.05000000000000426,56.15,56.25,56.15,56.2,175.0,177.0,1711.0,329.0,False,False
006208,2022-10-26 11:45:17.311226,-0.001777777777777767,-0.000889679715302516,-0.10000000000000142,-0.05000000000000426,56.15,56.25,56.15,56.2,175.0,177.0,1711.0,329.0,False,False
006208,2022-10-26 11:45:18.393553,-0.001777777777777767,-0.000889679715302516,-0.10000000000000142,-0.05000000000000426,56.15,56.25,56.15,56.2,175.0,177.0,1711.0,229.0,True,True
006208,2022-10-26 11:45:19.350008,-0.001777777777777767,-0.000889679715302516,-0.10000000000000142,-0.05000000000000426,56.15,56.25,56.15,56.2,175.0,177.0,1711.0,229.0,False,False
006208,2022-10-26 11:45:19.359924,-0.001777777777777767,-0.000889679715302516,-0.10000000000000142,-0.05000000000000426,56.15,56.25,56.15,56.2,175.0,143.0,1711.0,229.0,False,False
006208,2022-10-26 11:45:20.418537,-0.001777777777777767,-0.000889679715302516,-0.10000000000000142,-0.05000000000000426,56.15,56.25,56.15,56.2,175.0,143.0,1711.0,229.0,False,False
006208,2022-10-26 11:45:20.447883,-0.001777777777777767,-0.000889679715302516,-0.10000000000000142,-0.05000000000000426,56.15,56.25,56.15,56.2,175.0,141.0,1711.0,229.0,False,False
006208,2022-10-26 11:45:20.483910,-0.001777777777777767,-0.000889679715302516,-0.10000000000000142,-0.05000000000000426,56.15,56.25,56.15,56.2,175.0,91.0,1711.0,229.0,False,False
006208,2022-10-26 11:45:20.629890,-0.001777777777777767,-0.000889679715302516,-0.10000000000000142,-0.05000000000000426,56.15,56.25,56.15,56.2,175.0,40.0,1711.0,229.0,False,False
006208,2022-10-26 11:45:20.754754,-0.001777777777777767,-0.000889679715302516,-0.10000000000000142,-0.05000000000000426,56.15,56.25,56.15,56.2,235.0,40.0,1711.0,229.0,False,False
006208,2022-10-26 11:45:20.766668,-0.001777777777777767,-0.000889679715302516,-0.10000000000000142,-0.05000000000000426,56.15,56.25,56.15,56.2,235.0,40.0,1711.0,229.0,False,False
006208,2022-10-26 11:45:21.052239,-0.001777777777777767,-0.000889679715302516,-0.10000000000000142,-0.05000000000000426,56.15,56.25,56.15,56.2,235.0,40.0,1711.0,229.0,False,False
006208,2022-10-26 11:45:21.094266,-0.001777777777777767,-0.000889679715302516,-0.10000000000000142,-0.05000000000000426,56.15,56.25,56.15,56.2,175.0,40.0,1711.0,229.0,False,False
006208,2022-10-26 11:45:21.792796,-0.001777777777777767,-0.000889679715302516,-0.10000000000000142,-0.05000000000000426,56.15,56.25,56.15,56.2,175.0,40.0,1711.0,229.0,False,False
006208,2022-10-26 11:45:21.797622,-0.001777777777777767,-0.000889679715302516,-0.10000000000000142,-0.05000000000000426,56.15,56.25,56.15,56.2,175.0,70.0,1711.0,229.0,False,False
006208,2022-10-26 11:45:22.051697,-0.001777777777777767,-0.000889679715302516,-0.10000000000000142,-0.05000000000000426,56.15,56.25,56.15,56.2,175.0,70.0,1711.0,229.0,False,False
006208,2022-10-26 11:45:22.065991,-0.001777777777777767,-0.000889679715302516,-0.10000000000000142,-0.05000000000000426,56.15,56.25,56.15,56.2,175.0,40.0,1711.0,229.0,False,False
006208,2022-10-26 11:45:22.318912,-0.001777777777777767,-0.000889679715302516,-0.10000000000000142,-0.05000000000000426,56.15,56.25,56.15,56.2,175.0,40.0,1711.0,229.0,False,False
006208,2022-10-26 11:45:22.319097,-0.001777777777777767,-0.000889679715302516,-0.10000000000000142,-0.05000000000000426,56.15,56.25,56.15,56.2,175.0,40.0,1711.0,229.0,False,False
006208,2022-10-26 11:45:22.977590,-0.001777777777777767,-0.000889679715302516,-0.10000000000000142,-0.05000000000000426,56.15,56.25,56.15,56.2,175.0,40.0,1711.0,229.0,False,False
006208,2022-10-26 11:45:22.977748,-0.001777777777777767,-0.000889679715302516,-0.10000000000000142,-0.05000000000000426,56.15,56.25,56.15,56.2,175.0,40.0,1711.0,229.0,False,False
006208,2022-10-26 11:45:23.695589,-0.001777777777777767,-0.000889679715302516,-0.10000000000000142,-0.05000000000000426,56.15,56.25,56.15,56.2,175.0,40.0,1711.0,229.0,False,False
006208,2022-10-26 11:45:23.712163,-0.001777777777777767,-0.000889679715302516,-0.10000000000000142,-0.05000000000000426,56.15,56.25,56.15,56.2,175.0,70.0,1711.0,229.0,False,False
006208,2022-10-26 11:45:24.619402,-0.001777777777777767,-0.000889679715302516,-0.10000000000000142,-0.05000000000000426,56.15,56.25,56.15,56.2,175.0,70.0,1711.0,229.0,False,False
006208,2022-10-26 11:45:24.622930,-0.001777777777777767,-0.000889679715302516,-0.10000000000000142,-0.05000000000000426,56.15,56.25,56.15,56.2,175.0,70.0,1711.0,229.0,False,False
006208,2022-10-26 11:45:24.753752,-0.001777777777777767,-0.000889679715302516,-0.10000000000000142,-0.05000000000000426,56.15,56.25,56.15,56.2,175.0,70.0,1711.0,229.0,False,False
006208,2022-10-26 11:45:24.759010,-0.001777777777777767,-0.000889679715302516,-0.10000000000000142,-0.05000000000000426,56.15,56.25,56.15,56.2,175.0,70.0,1711.0,229.0,False,False
006208,2022-10-26 11:45:25.051066,-0.001777777777777767,-0.000889679715302516,-0.10000000000000142,-0.05000000000000426,56.15,56.25,56.15,56.2,175.0,70.0,1711.0,229.0,False,False
006208,2022-10-26 11:45:25.051494,-0.001777777777777767,-0.000889679715302516,-0.10000000000000142,-0.05000000000000426,56.15,56.25,56.15,56.2,175.0,70.0,1711.0,229.0,False,False
006208,2022-10-26 11:45:25.492930,-0.001777777777777767,-0.000889679715302516,-0.10000000000000142,-0.05000000000000426,56.15,56.25,56.15,56.2,175.0,70.0,1711.0,229.0,False,False
006208,2022-10-26 11:45:25.492964,-0.001777777777777767,-0.000889679715302516,-0.10000000000000142,-0.05000000000000426,56.15,56.25,56.15,56.2,175.0,70.0,1711.0,229.0,False,False
006208,2022-10-26 11:45:25.535721,-0.001777777777777767,-0.000889679715302516,-0.10000000000000142,-0.05000000000000426,56.15,56.25,56.15,56.2,175.0,70.0,1711.0,229.0,False,False
006208,2022-10-26 11:45:25.664158,-0.001777777777777767,-0.000889679715302516,-0.10000000000000142,-0.05000000000000426,56.15,56.25,56.15,56.2,175.0,40.0,1711.0,229.0,False,False
006208,2022-10-26 11:45:26.002630,-0.001777777777777767,-0.000889679715302516,-0.10000000000000142,-0.05000000000000426,56.15,56.25,56.15,56.2,175.0,40.0,1711.0,229.0,False,False
006208,2022-10-26 11:45:26.008579,-0.001777777777777767,-0.000889679715302516,-0.10000000000000142,-0.05000000000000426,56.15,56.25,56.15,56.2,175.0,40.0,1711.0,229.0,False,False
006208,2022-10-26 11:45:26.023322,-0.001777777777777767,-0.000889679715302516,-0.10000000000000142,-0.05000000000000426,56.15,56.25,56.15,56.2,175.0,40.0,1711.0,229.0,False,False
006208,2022-10-26 11:45:26.256720,-0.001777777777777767,-0.000889679715302516,-0.10000000000000142,-0.05000000000000426,56.15,56.25,56.15,56.2,175.0,40.0,1711.0,229.0,False,False
006208,2022-10-26 11:45:26.285220,-0.001777777777777767,-0.000889679715302516,-0.10000000000000142,-0.05000000000000426,56.15,56.25,56.15,56.2,175.0,40.0,1711.0,229.0,False,False
006208,2022-10-26 11:45:27.411942,-0.001777777777777767,-0.000889679715302516,-0.10000000000000142,-0.05000000000000426,56.15,56.25,56.15,56.2,235.0,40.0,1711.0,229.0,False,False
006208,2022-10-26 11:45:28.418461,-0.000888888888888828,-0.001777777777777767,-0.04999999999999716,-0.10000000000000142,56.15,56.25,56.2,56.25,235.0,40.0,130.0,5.0,True,True
006208,2022-10-26 11:45:30.034447,-0.000888888888888828,-0.001777777777777767,-0.04999999999999716,-0.10000000000000142,56.15,56.25,56.2,56.25,175.0,40.0,130.0,5.0,False,False
006208,2022-10-26 11:45:30.415662,-0.000888888888888828,-0.001777777777777767,-0.04999999999999716,-0.10000000000000142,56.15,56.25,56.2,56.25,175.0,39.0,130.0,5.0,False,False
006208,2022-10-26 11:45:30.420517,-0.000888888888888828,-0.001777777777777767,-0.04999999999999716,-0.10000000000000142,56.15,56.25,56.2,56.25,175.0,39.0,130.0,5.0,False,False
006208,2022-10-26 11:45:30.439066,-0.000888888888888828,-0.001777777777777767,-0.04999999999999716,-0.10000000000000142,56.15,56.25,56.2,56.25,175.0,39.0,130.0,5.0,False,False
006208,2022-10-26 11:45:30.667780,-0.000888888888888828,-0.001777777777777767,-0.04999999999999716,-0.10000000000000142,56.15,56.25,56.2,56.25,235.0,39.0,130.0,5.0,False,False
006208,2022-10-26 11:45:31.036232,-0.000888888888888828,-0.001777777777777767,-0.04999999999999716,-0.10000000000000142,56.15,56.25,56.2,56.25,175.0,39.0,130.0,5.0,False,False
006208,2022-10-26 11:45:31.566081,-0.000888888888888828,-0.001777777777777767,-0.04999999999999716,-0.10000000000000142,56.15,56.25,56.2,56.25,175.0,39.0,130.0,5.0,False,False
006208,2022-10-26 11:45:31.566213,-0.000888888888888828,-0.001777777777777767,-0.04999999999999716,-0.10000000000000142,56.15,56.25,56.2,56.25,175.0,39.0,130.0,5.0,False,False
006208,2022-10-26 11:45:31.853714,-0.000888888888888828,-0.001777777777777767,-0.04999999999999716,-0.10000000000000142,56.15,56.25,56.2,56.25,235.0,39.0,130.0,5.0,False,False
006208,2022-10-26 11:45:32.359515,-0.000888888888888828,-0.001777777777777767,-0.04999999999999716,-0.10000000000000142,56.15,56.25,56.2,56.25,235.0,39.0,130.0,5.0,False,False
006208,2022-10-26 11:45:32.444687,-0.000888888888888828,-0.001777777777777767,-0.04999999999999716,-0.10000000000000142,56.15,56.25,56.2,56.25,235.0,39.0,130.0,5.0,False,False
006208,2022-10-26 11:45:32.554998,-0.000888888888888828,-0.001777777777777767,-0.04999999999999716,-0.10000000000000142,56.15,56.25,56.2,56.25,239.0,39.0,130.0,5.0,False,False
006208,2022-10-26 11:45:34.410394,-0.000888888888888828,-0.001777777777777767,-0.04999999999999716,-0.10000000000000142,56.15,56.25,56.2,56.25,239.0,39.0,130.0,5.0,False,False
006208,2022-10-26 11:45:34.472926,-0.000888888888888828,-0.001777777777777767,-0.04999999999999716,-0.10000000000000142,56.15,56.25,56.2,56.25,239.0,39.0,130.0,5.0,False,False
006208,2022-10-26 11:45:34.605744,-0.000888888888888828,-0.001777777777777767,-0.04999999999999716,-0.10000000000000142,56.15,56.25,56.2,56.25,239.0,39.0,130.0,5.0,False,False
006208,2022-10-26 11:45:34.731717,-0.000888888888888828,-0.001777777777777767,-0.04999999999999716,-0.10000000000000142,56.15,56.25,56.2,56.25,239.0,39.0,130.0,5.0,False,False
006208,2022-10-26 11:45:34.864528,-0.000888888888888828,-0.001777777777777767,-0.04999999999999716,-0.10000000000000142,56.15,56.25,56.2,56.25,239.0,39.0,130.0,5.0,False,False
006208,2022-10-26 11:45:35.002041,-0.000888888888888828,-0.001777777777777767,-0.04999999999999716,-0.10000000000000142,56.15,56.25,56.2,56.25,239.0,39.0,130.0,5.0,False,False
006208,2022-10-26 11:45:35.019796,-0.000888888888888828,-0.001777777777777767,-0.04999999999999716,-0.10000000000000142,56.15,56.25,56.2,56.25,239.0,69.0,130.0,5.0,False,False
006208,2022-10-26 11:45:35.438989,-0.000888888888888828,-0.001777777777777767,-0.04999999999999716,-0.10000000000000142,56.15,56.25,56.2,56.25,179.0,69.0,130.0,5.0,False,False
006208,2022-10-26 11:45:36.132243,-0.000888888888888828,-0.001777777777777767,-0.04999999999999716,-0.10000000000000142,56.15,56.25,56.2,56.25,179.0,109.0,130.0,5.0,False,False
006208,2022-10-26 11:45:36.234135,-0.000888888888888828,-0.001777777777777767,-0.04999999999999716,-0.10000000000000142,56.15,56.25,56.2,56.25,179.0,69.0,130.0,5.0,False,False
006208,2022-10-26 11:45:37.236096,-0.000888888888888828,-0.001777777777777767,-0.04999999999999716,-0.10000000000000142,56.15,56.25,56.2,56.25,179.0,109.0,130.0,5.0,False,False
006208,2022-10-26 11:45:37.837413,-0.000888888888888828,-0.001777777777777767,-0.04999999999999716,-0.10000000000000142,56.15,56.25,56.2,56.25,179.0,69.0,130.0,5.0,False,False
006208,2022-10-26 11:45:38.297022,-0.000888888888888828,-0.001777777777777767,-0.04999999999999716,-0.10000000000000142,56.15,56.25,56.2,56.25,239.0,69.0,130.0,5.0,False,False
006208,2022-10-26 11:45:38.831848,-0.000888888888888828,-0.001777777777777767,-0.04999999999999716,-0.10000000000000142,56.15,56.25,56.2,56.25,179.0,69.0,130.0,5.0,False,False
006208,2022-10-26 11:45:39.751492,-0.000888888888888828,-0.001777777777777767,-0.04999999999999716,-0.10000000000000142,56.15,56.25,56.2,56.25,239.0,69.0,130.0,5.0,False,False
006208,2022-10-26 11:45:40.419705,-0.000888888888888828,-0.001777777777777767,-0.04999999999999716,-0.10000000000000142,56.15,56.25,56.2,56.25,239.0,68.0,130.0,5.0,False,False
006208,2022-10-26 11:45:40.835351,-0.000888888888888828,-0.001777777777777767,-0.04999999999999716,-0.10000000000000142,56.15,56.25,56.2,56.25,179.0,68.0,130.0,5.0,False,False
006208,2022-10-26 11:45:41.989263,-0.000888888888888828,-0.001777777777777767,-0.04999999999999716,-0.10000000000000142,56.15,56.25,56.2,56.25,239.0,68.0,130.0,5.0,False,False
006208,2022-10-26 11:45:44.840987,-0.000888888888888828,-0.001777777777777767,-0.04999999999999716,-0.10000000000000142,56.15,56.25,56.2,56.25,239.0,68.0,130.0,5.0,False,False
006208,2022-10-26 11:45:44.844385,-0.000888888888888828,-0.001777777777777767,-0.04999999999999716,-0.10000000000000142,56.15,56.25,56.2,56.25,239.0,68.0,130.0,5.0,False,False
006208,2022-10-26 11:45:44.974233,-0.000888888888888828,-0.001777777777777767,-0.04999999999999716,-0.10000000000000142,56.15,56.25,56.2,56.25,239.0,68.0,130.0,5.0,False,False
006208,2022-10-26 11:45:44.989219,-0.000888888888888828,-0.001777777777777767,-0.04999999999999716,-0.10000000000000142,56.15,56.25,56.2,56.25,239.0,68.0,130.0,5.0,False,False
006208,2022-10-26 11:45:49.066128,-0.000888888888888828,-0.001777777777777767,-0.04999999999999716,-0.10000000000000142,56.15,56.25,56.2,56.25,239.0,67.0,130.0,5.0,False,False
006208,2022-10-26 11:45:49.329322,-0.000888888888888828,-0.000888888888888828,-0.04999999999999716,-0.04999999999999716,56.2,56.25,56.2,56.25,1.0,67.0,130.0,5.0,False,False
006208,2022-10-26 11:45:49.360613,-0.000888888888888828,-0.000888888888888828,-0.04999999999999716,-0.04999999999999716,56.2,56.25,56.2,56.25,1.0,67.0,130.0,5.0,False,False
006208,2022-10-26 11:45:49.390970,-0.000888888888888828,-0.000888888888888828,-0.04999999999999716,-0.04999999999999716,56.2,56.25,56.2,56.25,1.0,67.0,130.0,5.0,False,False
006208,2022-10-26 11:45:49.612273,-0.000888888888888828,-0.000888888888888828,-0.04999999999999716,-0.04999999999999716,56.2,56.25,56.2,56.25,1.0,67.0,130.0,5.0,False,False
006208,2022-10-26 11:45:49.618772,-0.000888888888888828,-0.000888888888888828,-0.04999999999999716,-0.04999999999999716,56.2,56.25,56.2,56.25,1.0,67.0,130.0,5.0,False,False
006208,2022-10-26 11:45:50.442697,-0.000888888888888828,-0.000888888888888828,-0.04999999999999716,-0.04999999999999716,56.2,56.25,56.2,56.25,1.0,65.0,130.0,5.0,False,False
006208,2022-10-26 11:45:52.329177,-0.000888888888888828,-0.000888888888888828,-0.04999999999999716,-0.04999999999999716,56.2,56.25,56.2,56.25,1.0,65.0,130.0,5.0,False,False
006208,2022-10-26 11:45:52.341871,-0.000888888888888828,-0.000888888888888828,-0.04999999999999716,-0.04999999999999716,56.2,56.25,56.2,56.25,1.0,65.0,130.0,5.0,False,False
006208,2022-10-26 11:45:52.419665,-0.000888888888888828,-0.000888888888888828,-0.04999999999999716,-0.04999999999999716,56.2,56.25,56.2,56.25,1.0,65.0,130.0,5.0,False,False
006208,2022-10-26 11:45:52.563012,-0.000888888888888828,-0.000888888888888828,-0.04999999999999716,-0.04999999999999716,56.2,56.25,56.2,56.25,1.0,65.0,130.0,5.0,False,False
006208,2022-10-26 11:45:52.870813,-0.000888888888888828,-0.000888888888888828,-0.04999999999999716,-0.04999999999999716,56.2,56.25,56.2,56.25,1.0,65.0,130.0,5.0,False,False
006208,2022-10-26 11:45:52.881575,-0.000888888888888828,-0.000888888888888828,-0.04999999999999716,-0.04999999999999716,56.2,56.25,56.2,56.25,1.0,65.0,130.0,5.0,False,False
006208,2022-10-26 11:45:53.035856,-0.000888888888888828,-0.000888888888888828,-0.04999999999999716,-0.04999999999999716,56.2,56.25,56.2,56.25,1.0,65.0,130.0,5.0,False,False
006208,2022-10-26 11:45:55.298485,-0.000888888888888828,-0.000888888888888828,-0.04999999999999716,-0.04999999999999716,56.2,56.25,56.2,56.25,1.0,65.0,130.0,5.0,False,False
006208,2022-10-26 11:45:57.278183,-0.000888888888888828,-0.000888888888888828,-0.04999999999999716,-0.04999999999999716,56.2,56.25,56.2,56.25,1.0,69.0,130.0,5.0,False,False
006208,2022-10-26 11:45:58.505400,-0.001777777777777767,0.0,-0.10000000000000142,0.0,56.2,56.25,56.15,56.2,1.0,69.0,1711.0,70.0,True,True
006208,2022-10-26 11:45:59.530884,-0.001777777777777767,0.0,-0.10000000000000142,0.0,56.2,56.25,56.15,56.2,1.0,69.0,1711.0,70.0,False,False
006208,2022-10-26 11:45:59.533572,-0.001777777777777767,0.0,-0.10000000000000142,0.0,56.2,56.25,56.15,56.2,1.0,69.0,1711.0,70.0,False,False
006208,2022-10-26 11:45:59.664994,-0.001777777777777767,0.0,-0.10000000000000142,0.0,56.2,56.25,56.15,56.2,1.0,69.0,1711.0,70.0,False,False
006208,2022-10-26 11:46:00.391498,-0.001777777777777767,0.0,-0.10000000000000142,0.0,56.2,56.25,56.15,56.2,1.0,69.0,1711.0,70.0,False,False
006208,2022-10-26 11:46:00.404745,-0.001777777777777767,0.0,-0.10000000000000142,0.0,56.2,56.25,56.15,56.2,1.0,38.0,1711.0,70.0,False,False
006208,2022-10-26 11:46:00.424784,-0.001777777777777767,0.0,-0.10000000000000142,0.0,56.2,56.25,56.15,56.2,1.0,58.0,1711.0,70.0,False,False
006208,2022-10-26 11:46:02.482396,-0.001777777777777767,0.0,-0.10000000000000142,0.0,56.2,56.25,56.15,56.2,1.0,58.0,1711.0,70.0,False,False
006208,2022-10-26 11:46:02.482487,-0.001777777777777767,0.0,-0.10000000000000142,0.0,56.2,56.25,56.15,56.2,1.0,58.0,1711.0,70.0,False,False
006208,2022-10-26 11:46:02.902521,-0.001777777777777767,0.0,-0.10000000000000142,0.0,56.2,56.25,56.15,56.2,1.0,58.0,1711.0,70.0,False,False
006208,2022-10-26 11:46:04.917399,-0.001777777777777767,0.0,-0.10000000000000142,0.0,56.2,56.25,56.15,56.2,1.0,58.0,1711.0,70.0,False,False
006208,2022-10-26 11:46:04.917705,-0.001777777777777767,0.0,-0.10000000000000142,0.0,56.2,56.25,56.15,56.2,1.0,58.0,1711.0,70.0,False,False
006208,2022-10-26 11:46:05.306991,-0.001777777777777767,0.0,-0.10000000000000142,0.0,56.2,56.25,56.15,56.2,1.0,58.0,1711.0,70.0,False,False
006208,2022-10-26 11:46:07.931264,-0.001777777777777767,0.0,-0.10000000000000142,0.0,56.2,56.25,56.15,56.2,1.0,58.0,1711.0,60.0,False,True
006208,2022-10-26 11:46:09.645562,-0.001777777777777767,0.0,-0.10000000000000142,0.0,56.2,56.25,56.15,56.2,1.0,58.0,1711.0,60.0,False,False
006208,2022-10-26 11:46:09.651797,-0.001777777777777767,0.0,-0.10000000000000142,0.0,56.2,56.25,56.15,56.2,1.0,58.0,1711.0,60.0,False,False
006208,2022-10-26 11:46:09.782800,-0.001777777777777767,0.0,-0.10000000000000142,0.0,56.2,56.25,56.15,56.2,1.0,58.0,1711.0,60.0,False,False
006208,2022-10-26 11:46:10.402673,-0.001777777777777767,0.0,-0.10000000000000142,0.0,56.2,56.25,56.15,56.2,1.0,56.0,1711.0,60.0,False,False
006208,2022-10-26 11:46:11.863754,-0.001777777777777767,0.0,-0.10000000000000142,0.0,56.2,56.25,56.15,56.2,1.0,56.0,1711.0,60.0,False,False
006208,2022-10-26 11:46:11.872801,-0.001777777777777767,0.0,-0.10000000000000142,0.0,56.2,56.25,56.15,56.2,1.0,56.0,1711.0,60.0,False,False
006208,2022-10-26 11:46:12.626059,-0.001777777777777767,0.0,-0.10000000000000142,0.0,56.2,56.25,56.15,56.2,1.0,56.0,1711.0,60.0,False,False
006208,2022-10-26 11:46:12.630300,-0.001777777777777767,0.0,-0.10000000000000142,0.0,56.2,56.25,56.15,56.2,1.0,56.0,1711.0,60.0,False,False
006208,2022-10-26 11:46:15.061024,-0.001777777777777767,0.0,-0.10000000000000142,0.0,56.2,56.25,56.15,56.2,1.0,56.0,1711.0,60.0,False,False
006208,2022-10-26 11:46:15.503927,-0.001777777777777767,0.0,-0.10000000000000142,0.0,56.2,56.25,56.15,56.2,1.0,56.0,1711.0,60.0,False,False
006208,2022-10-26 11:46:15.691979,-0.001777777777777767,0.0,-0.10000000000000142,0.0,56.2,56.25,56.15,56.2,1.0,96.0,1711.0,60.0,False,False
006208,2022-10-26 11:46:17.720934,-0.001777777777777767,0.0,-0.10000000000000142,0.0,56.2,56.25,56.15,56.2,1.0,96.0,1711.0,60.0,False,False
006208,2022-10-26 11:46:17.795998,-0.001777777777777767,0.0,-0.10000000000000142,0.0,56.2,56.25,56.15,56.2,1.0,171.0,1711.0,60.0,False,False
006208,2022-10-26 11:46:17.956718,-0.001777777777777767,0.0,-0.10000000000000142,0.0,56.2,56.25,56.15,56.2,1.0,171.0,1711.0,60.0,False,False
006208,2022-10-26 11:46:17.958709,-0.001777777777777767,0.0,-0.10000000000000142,0.0,56.2,56.25,56.15,56.2,1.0,171.0,1711.0,60.0,True,True
006208,2022-10-26 11:46:18.720759,-0.001777777777777767,0.0,-0.10000000000000142,0.0,56.2,56.25,56.15,56.2,1.0,271.0,1711.0,60.0,False,False
006208,2022-10-26 11:46:19.699454,-0.001777777777777767,0.0,-0.10000000000000142,0.0,56.2,56.25,56.15,56.2,1.0,271.0,1711.0,60.0,False,False
006208,2022-10-26 11:46:19.705721,-0.001777777777777767,0.0,-0.10000000000000142,0.0,56.2,56.25,56.15,56.2,1.0,271.0,1711.0,60.0,False,False
006208,2022-10-26 11:46:19.771010,-0.001777777777777767,0.0,-0.10000000000000142,0.0,56.2,56.25,56.15,56.2,1.0,271.0,1711.0,60.0,False,False
006208,2022-10-26 11:46:19.920609,-0.001777777777777767,0.0,-0.10000000000000142,0.0,56.2,56.25,56.15,56.2,1.0,305.0,1711.0,60.0,False,False
006208,2022-10-26 11:46:20.408827,-0.001777777777777767,0.0,-0.10000000000000142,0.0,56.2,56.25,56.15,56.2,1.0,304.0,1711.0,60.0,False,False
006208,2022-10-26 11:46:21.549993,-0.001777777777777767,0.0,-0.10000000000000142,0.0,56.2,56.25,56.15,56.2,1.0,304.0,1711.0,60.0,False,False
006208,2022-10-26 11:46:21.737998,-0.001777777777777767,0.0,-0.10000000000000142,0.0,56.2,56.25,56.15,56.2,1.0,304.0,1711.0,60.0,False,False
006208,2022-10-26 11:46:22.027488,-0.001777777777777767,0.0,-0.10000000000000142,0.0,56.2,56.25,56.15,56.2,1.0,303.0,1711.0,60.0,False,False
006208,2022-10-26 11:46:22.747857,-0.001777777777777767,0.0,-0.10000000000000142,0.0,56.2,56.25,56.15,56.2,1.0,303.0,1711.0,60.0,False,False
006208,2022-10-26 11:46:22.770858,-0.001777777777777767,0.0,-0.10000000000000142,0.0,56.2,56.25,56.15,56.2,1.0,203.0,1711.0,60.0,False,False
006208,2022-10-26 11:46:23.771125,-0.001777777777777767,0.0,-0.10000000000000142,0.0,56.2,56.25,56.15,56.2,1.0,203.0,1711.0,60.0,False,False
006208,2022-10-26 11:46:24.060355,-0.001777777777777767,0.0,-0.10000000000000142,0.0,56.2,56.25,56.15,56.2,1.0,203.0,1711.0,60.0,False,False
006208,2022-10-26 11:46:24.073493,-0.001777777777777767,0.0,-0.10000000000000142,0.0,56.2,56.25,56.15,56.2,1.0,169.0,1711.0,60.0,False,False
006208,2022-10-26 11:46:24.211339,-0.001777777777777767,0.0,-0.10000000000000142,0.0,56.2,56.25,56.15,56.2,1.0,94.0,1711.0,60.0,False,False
006208,2022-10-26 11:46:24.292078,-0.001777777777777767,0.0,-0.10000000000000142,0.0,56.2,56.25,56.15,56.2,1.0,94.0,1711.0,60.0,False,False
006208,2022-10-26 11:46:25.061211,-0.001777777777777767,0.0,-0.10000000000000142,0.0,56.2,56.25,56.15,56.2,1.0,94.0,1711.0,60.0,False,False
006208,2022-10-26 11:46:25.082603,-0.001777777777777767,0.0,-0.10000000000000142,0.0,56.2,56.25,56.15,56.2,1.0,94.0,1711.0,60.0,False,False
006208,2022-10-26 11:46:25.089361,-0.001777777777777767,0.0,-0.10000000000000142,0.0,56.2,56.25,56.15,56.2,1.0,94.0,1711.0,60.0,False,False
006208,2022-10-26 11:46:27.986031,-0.001777777777777767,0.0,-0.10000000000000142,0.0,56.2,56.25,56.15,56.2,1.0,94.0,1911.0,60.0,True,True
006208,2022-10-26 11:46:29.875168,-0.001777777777777767,0.0,-0.10000000000000142,0.0,56.2,56.25,56.15,56.2,1.0,54.0,1911.0,60.0,False,False
006208,2022-10-26 11:46:29.888395,-0.001777777777777767,0.0,-0.10000000000000142,0.0,56.2,56.25,56.15,56.2,1.0,54.0,1911.0,60.0,False,False
006208,2022-10-26 11:46:30.046345,-0.001777777777777767,0.0,-0.10000000000000142,0.0,56.2,56.25,56.15,56.2,1.0,54.0,1911.0,60.0,False,False
006208,2022-10-26 11:46:30.397634,-0.001777777777777767,0.0,-0.10000000000000142,0.0,56.2,56.25,56.15,56.2,1.0,54.0,1911.0,60.0,False,False
006208,2022-10-26 11:46:30.403643,-0.001777777777777767,0.0,-0.10000000000000142,0.0,56.2,56.25,56.15,56.2,1.0,53.0,1911.0,60.0,False,False
006208,2022-10-26 11:46:30.408585,-0.001777777777777767,0.0,-0.10000000000000142,0.0,56.2,56.25,56.15,56.2,1.0,53.0,1911.0,60.0,False,False
006208,2022-10-26 11:46:30.508446,-0.001777777777777767,0.0,-0.10000000000000142,0.0,56.2,56.25,56.15,56.2,1.0,87.0,1911.0,60.0,False,False
006208,2022-10-26 11:46:30.902040,-0.001777777777777767,0.0,-0.10000000000000142,0.0,56.2,56.25,56.15,56.2,1.0,87.0,1911.0,60.0,False,False
006208,2022-10-26 11:46:30.924399,-0.001777777777777767,0.0,-0.10000000000000142,0.0,56.2,56.25,56.15,56.2,1.0,53.0,1911.0,60.0,False,False
006208,2022-10-26 11:46:31.618895,-0.001777777777777767,0.0,-0.10000000000000142,0.0,56.2,56.25,56.15,56.2,1.0,93.0,1911.0,60.0,False,False
006208,2022-10-26 11:46:32.571128,-0.001777777777777767,0.0,-0.10000000000000142,0.0,56.2,56.25,56.15,56.2,1.0,93.0,1911.0,60.0,False,False
006208,2022-10-26 11:46:33.072417,-0.001777777777777767,0.0,-0.10000000000000142,0.0,56.2,56.25,56.15,56.2,1.0,53.0,1911.0,60.0,False,False
006208,2022-10-26 11:46:34.294187,-0.001777777777777767,0.0,-0.10000000000000142,0.0,56.2,56.25,56.15,56.2,1.0,93.0,1911.0,60.0,False,False
006208,2022-10-26 11:46:35.066222,-0.001777777777777767,0.0,-0.10000000000000142,0.0,56.2,56.25,56.15,56.2,1.0,53.0,1911.0,60.0,False,False
006208,2022-10-26 11:46:35.886961,-0.001777777777777767,0.0,-0.10000000000000142,0.0,56.2,56.25,56.15,56.2,1.0,53.0,1911.0,60.0,False,False
006208,2022-10-26 11:46:35.914889,-0.001777777777777767,0.0,-0.10000000000000142,0.0,56.2,56.25,56.15,56.2,1.0,53.0,1911.0,60.0,False,False
006208,2022-10-26 11:46:38.020080,-0.001777777777777767,0.0,-0.10000000000000142,0.0,56.2,56.25,56.15,56.2,1.0,53.0,2211.0,60.0,True,True
006208,2022-10-26 11:46:40.003002,-0.001777777777777767,0.0,-0.10000000000000142,0.0,56.2,56.25,56.15,56.2,1.0,53.0,2211.0,60.0,False,False
006208,2022-10-26 11:46:40.022491,-0.001777777777777767,0.0,-0.10000000000000142,0.0,56.2,56.25,56.15,56.2,1.0,53.0,2211.0,60.0,False,False
006208,2022-10-26 11:46:40.134590,-0.001777777777777767,0.0,-0.10000000000000142,0.0,56.2,56.25,56.15,56.2,1.0,53.0,2211.0,60.0,False,False
006208,2022-10-26 11:46:40.398586,-0.001777777777777767,0.0,-0.10000000000000142,0.0,56.2,56.25,56.15,56.2,1.0,51.0,2211.0,60.0,False,False
006208,2022-10-26 11:46:41.007942,-0.001777777777777767,0.0,-0.10000000000000142,0.0,56.2,56.25,56.15,56.2,1.0,51.0,2211.0,60.0,False,False
006208,2022-10-26 11:46:41.008072,-0.001777777777777767,0.0,-0.10000000000000142,0.0,56.2,56.25,56.15,56.2,1.0,51.0,2211.0,60.0,False,False
006208,2022-10-26 11:46:41.867332,-0.001777777777777767,0.0,-0.10000000000000142,0.0,56.2,56.25,56.15,56.2,1.0,51.0,2211.0,60.0,False,False
006208,2022-10-26 11:46:41.867466,-0.001777777777777767,0.0,-0.10000000000000142,0.0,56.2,56.25,56.15,56.2,1.0,51.0,2211.0,60.0,False,False
006208,2022-10-26 11:46:42.045173,-0.001777777777777767,0.0,-0.10000000000000142,0.0,56.2,56.25,56.15,56.2,1.0,51.0,2211.0,60.0,False,False
006208,2022-10-26 11:46:42.261063,-0.001777777777777767,0.0,-0.10000000000000142,0.0,56.2,56.25,56.15,56.2,1.0,51.0,2211.0,60.0,False,False
006208,2022-10-26 11:46:42.713312,-0.001777777777777767,0.0,-0.10000000000000142,0.0,56.2,56.25,56.15,56.2,1.0,51.0,2211.0,60.0,False,False
006208,2022-10-26 11:46:42.842249,-0.001777777777777767,0.0,-0.10000000000000142,0.0,56.2,56.25,56.15,56.2,1.0,51.0,2211.0,60.0,False,False
006208,2022-10-26 11:46:44.558637,-0.001777777777777767,0.0,-0.10000000000000142,0.0,56.2,56.25,56.15,56.2,1.0,51.0,2211.0,60.0,False,False
006208,2022-10-26 11:46:44.558802,-0.001777777777777767,0.0,-0.10000000000000142,0.0,56.2,56.25,56.15,56.2,1.0,51.0,2211.0,60.0,False,False
006208,2022-10-26 11:46:44.789323,-0.001777777777777767,0.0,-0.10000000000000142,0.0,56.2,56.25,56.15,56.2,1.0,51.0,2211.0,60.0,False,False
006208,2022-10-26 11:46:44.789543,-0.001777777777777767,0.0,-0.10000000000000142,0.0,56.2,56.25,56.15,56.2,1.0,51.0,2211.0,60.0,False,False
006208,2022-10-26 11:46:45.908436,-0.001777777777777767,0.0,-0.10000000000000142,0.0,56.2,56.25,56.15,56.2,1.0,51.0,2211.0,60.0,False,False
006208,2022-10-26 11:46:45.949643,-0.001777777777777767,0.0,-0.10000000000000142,0.0,56.2,56.25,56.15,56.2,1.0,51.0,2211.0,60.0,False,False
006208,2022-10-26 11:46:45.953417,-0.001777777777777767,0.0,-0.10000000000000142,0.0,56.2,56.25,56.15,56.2,1.0,51.0,2211.0,60.0,False,False
006208,2022-10-26 11:46:46.577946,-0.001777777777777767,0.0,-0.10000000000000142,0.0,56.2,56.25,56.15,56.2,1.0,51.0,2211.0,60.0,False,False
006208,2022-10-26 11:46:46.605184,-0.001777777777777767,0.0,-0.10000000000000142,0.0,56.2,56.25,56.15,56.2,1.0,51.0,2211.0,60.0,False,False
006208,2022-10-26 11:46:48.073029,-0.001777777777777767,0.0,-0.10000000000000142,0.0,56.2,56.25,56.15,56.2,1.0,51.0,2211.0,43.0,True,True
006208,2022-10-26 11:46:48.463196,-0.001777777777777767,0.0,-0.10000000000000142,0.0,56.2,56.25,56.15,56.2,1.0,51.0,2211.0,43.0,False,False
006208,2022-10-26 11:46:48.493024,-0.001777777777777767,0.0,-0.10000000000000142,0.0,56.2,56.25,56.15,56.2,1.0,51.0,2211.0,43.0,False,False
006208,2022-10-26 11:46:50.111638,-0.001777777777777767,0.0,-0.10000000000000142,0.0,56.2,56.25,56.15,56.2,1.0,51.0,2211.0,43.0,False,False
006208,2022-10-26 11:46:50.123052,-0.001777777777777767,0.0,-0.10000000000000142,0.0,56.2,56.25,56.15,56.2,1.0,51.0,2211.0,43.0,False,False
006208,2022-10-26 11:46:50.254133,-0.001777777777777767,0.0,-0.10000000000000142,0.0,56.2,56.25,56.15,56.2,1.0,51.0,2211.0,43.0,False,False
006208,2022-10-26 11:46:50.378018,-0.001777777777777767,0.0,-0.10000000000000142,0.0,56.2,56.25,56.15,56.2,1.0,50.0,2211.0,43.0,False,False
006208,2022-10-26 11:46:55.073394,-0.001777777777777767,0.0,-0.10000000000000142,0.0,56.2,56.25,56.15,56.2,1.0,50.0,2211.0,43.0,False,False
006208,2022-10-26 11:46:55.082391,-0.001777777777777767,0.0,-0.10000000000000142,0.0,56.2,56.25,56.15,56.2,1.0,90.0,2211.0,43.0,False,False
006208,2022-10-26 11:46:56.005885,-0.001777777777777767,0.0,-0.10000000000000142,0.0,56.2,56.25,56.15,56.2,1.0,89.0,2211.0,43.0,False,False
006208,2022-10-26 11:46:56.581993,-0.001777777777777767,0.0,-0.10000000000000142,0.0,56.2,56.25,56.15,56.2,1.0,89.0,2211.0,43.0,False,False
006208,2022-10-26 11:46:56.582190,-0.001777777777777767,0.0,-0.10000000000000142,0.0,56.2,56.25,56.15,56.2,1.0,89.0,2211.0,43.0,False,False
006208,2022-10-26 11:46:58.101734,-0.001777777777777767,0.0,-0.10000000000000142,0.0,56.2,56.25,56.15,56.2,1.0,89.0,2211.0,43.0,True,True
006208,2022-10-26 11:46:58.878580,-0.001777777777777767,0.0,-0.10000000000000142,0.0,56.2,56.25,56.15,56.2,1.0,49.0,2211.0,43.0,False,False
006208,2022-10-26 11:47:00.238188,-0.001777777777777767,0.0,-0.10000000000000142,0.0,56.2,56.25,56.15,56.2,1.0,49.0,2211.0,43.0,False,False
006208,2022-10-26 11:47:00.245435,-0.001777777777777767,0.0,-0.10000000000000142,0.0,56.2,56.25,56.15,56.2,1.0,49.0,2211.0,43.0,False,False
006208,2022-10-26 11:47:00.404284,-0.001777777777777767,0.0,-0.10000000000000142,0.0,56.2,56.25,56.15,56.2,1.0,48.0,2211.0,43.0,False,False
006208,2022-10-26 11:47:00.408077,-0.001777777777777767,0.0,-0.10000000000000142,0.0,56.2,56.25,56.15,56.2,1.0,48.0,2211.0,43.0,False,False
006208,2022-10-26 11:47:02.748131,-0.001777777777777767,0.0,-0.10000000000000142,0.0,56.2,56.25,56.15,56.2,1.0,48.0,2211.0,43.0,False,False
006208,2022-10-26 11:47:02.748245,-0.001777777777777767,0.0,-0.10000000000000142,0.0,56.2,56.25,56.15,56.2,1.0,48.0,2211.0,43.0,False,False
006208,2022-10-26 11:47:08.130777,-0.001777777777777767,0.0,-0.10000000000000142,0.0,56.2,56.25,56.15,56.2,1.0,48.0,2211.0,43.0,True,True
006208,2022-10-26 11:47:10.355869,-0.001777777777777767,0.0,-0.10000000000000142,0.0,56.2,56.25,56.15,56.2,1.0,48.0,2211.0,43.0,False,False
006208,2022-10-26 11:47:10.383677,-0.001777777777777767,0.0,-0.10000000000000142,0.0,56.2,56.25,56.15,56.2,1.0,46.0,2211.0,43.0,False,False
006208,2022-10-26 11:47:10.359981,-0.001777777777777767,0.0,-0.10000000000000142,0.0,56.2,56.25,56.15,56.2,1.0,48.0,2211.0,43.0,False,False
006208,2022-10-26 11:47:10.506860,-0.001777777777777767,0.0,-0.10000000000000142,0.0,56.2,56.25,56.15,56.2,1.0,46.0,2211.0,43.0,False,False
006208,2022-10-26 11:47:10.621277,-0.001777777777777767,0.0,-0.10000000000000142,0.0,56.2,56.25,56.15,56.2,1.0,86.0,2211.0,43.0,False,False
006208,2022-10-26 11:47:13.386534,-0.001777777777777767,0.0,-0.10000000000000142,0.0,56.2,56.25,56.15,56.2,1.0,86.0,2211.0,43.0,False,False
006208,2022-10-26 11:47:13.398175,-0.001777777777777767,0.0,-0.10000000000000142,0.0,56.2,56.25,56.15,56.2,1.0,86.0,2211.0,43.0,False,False
006208,2022-10-26 11:47:13.485738,-0.001777777777777767,0.0,-0.10000000000000142,0.0,56.2,56.25,56.15,56.2,1.0,120.0,2211.0,43.0,False,False
006208,2022-10-26 11:47:16.291454,-0.001777777777777767,0.0,-0.10000000000000142,0.0,56.2,56.25,56.15,56.2,1.0,120.0,2211.0,43.0,False,False
006208,2022-10-26 11:47:16.291823,-0.001777777777777767,0.0,-0.10000000000000142,0.0,56.2,56.25,56.15,56.2,1.0,195.0,2211.0,43.0,False,False
006208,2022-10-26 11:47:16.320235,-0.001777777777777767,0.0,-0.10000000000000142,0.0,56.2,56.25,56.15,56.2,1.0,195.0,2211.0,43.0,False,False
006208,2022-10-26 11:47:17.319998,-0.001777777777777767,0.0,-0.10000000000000142,0.0,56.2,56.25,56.15,56.2,1.0,295.0,2211.0,43.0,False,False
006208,2022-10-26 11:47:18.168046,-0.001777777777777767,0.0,-0.10000000000000142,0.0,56.2,56.25,56.15,56.2,1.0,295.0,2211.0,43.0,True,True
006208,2022-10-26 11:47:20.048898,-0.001777777777777767,0.0,-0.10000000000000142,0.0,56.2,56.25,56.15,56.2,1.0,295.0,2211.0,43.0,False,False
006208,2022-10-26 11:47:20.111907,-0.001777777777777767,0.0,-0.10000000000000142,0.0,56.2,56.25,56.15,56.2,1.0,295.0,2211.0,43.0,False,False
006208,2022-10-26 11:47:20.174332,-0.001777777777777767,0.0,-0.10000000000000142,0.0,56.2,56.25,56.15,56.2,1.0,295.0,2211.0,43.0,False,False
006208,2022-10-26 11:47:20.197898,-0.001777777777777767,0.0,-0.10000000000000142,0.0,56.2,56.25,56.15,56.2,1.0,295.0,2211.0,43.0,False,False
006208,2022-10-26 11:47:20.378624,-0.001777777777777767,0.0,-0.10000000000000142,0.0,56.2,56.25,56.15,56.2,1.0,294.0,2211.0,43.0,False,False
006208,2022-10-26 11:47:20.468105,-0.001777777777777767,0.0,-0.10000000000000142,0.0,56.2,56.25,56.15,56.2,1.0,294.0,2211.0,43.0,False,False
006208,2022-10-26 11:47:20.476144,-0.001777777777777767,0.0,-0.10000000000000142,0.0,56.2,56.25,56.15,56.2,1.0,294.0,2211.0,43.0,False,False
006208,2022-10-26 11:47:20.681596,-0.001777777777777767,0.0,-0.10000000000000142,0.0,56.2,56.25,56.15,56.2,1.0,294.0,2211.0,43.0,False,False
006208,2022-10-26 11:47:20.806510,-0.001777777777777767,0.0,-0.10000000000000142,0.0,56.2,56.25,56.15,56.2,1.0,294.0,2211.0,43.0,False,False
006208,2022-10-26 11:47:20.898063,-0.001777777777777767,0.0,-0.10000000000000142,0.0,56.2,56.25,56.15,56.2,1.0,294.0,2211.0,43.0,False,False
006208,2022-10-26 11:47:20.986251,-0.001777777777777767,0.0,-0.10000000000000142,0.0,56.2,56.25,56.15,56.2,1.0,294.0,2211.0,43.0,False,False
006208,2022-10-26 11:47:22.948279,-0.001777777777777767,0.0,-0.10000000000000142,0.0,56.2,56.25,56.15,56.2,1.0,294.0,2211.0,43.0,False,False
006208,2022-10-26 11:47:23.004259,-0.001777777777777767,0.0,-0.10000000000000142,0.0,56.2,56.25,56.15,56.2,1.0,294.0,2211.0,43.0,False,False
006208,2022-10-26 11:47:25.783096,-0.001777777777777767,0.0,-0.10000000000000142,0.0,56.2,56.25,56.15,56.2,1.0,314.0,2211.0,43.0,False,False
006208,2022-10-26 11:47:25.888301,-0.001777777777777767,0.0,-0.10000000000000142,0.0,56.2,56.25,56.15,56.2,1.0,314.0,2211.0,43.0,False,False
006208,2022-10-26 11:47:25.894200,-0.001777777777777767,0.0,-0.10000000000000142,0.0,56.2,56.25,56.15,56.2,1.0,344.0,2211.0,43.0,False,False
006208,2022-10-26 11:47:28.200202,-0.001777777777777767,0.0,-0.10000000000000142,0.0,56.2,56.25,56.15,56.2,1.0,344.0,2211.0,439.0,True,True
006208,2022-10-26 11:47:28.903973,-0.001777777777777767,0.0,-0.10000000000000142,0.0,56.2,56.25,56.15,56.2,1.0,314.0,2211.0,439.0,False,False
006208,2022-10-26 11:47:28.908819,-0.001777777777777767,0.0,-0.10000000000000142,0.0,56.2,56.25,56.15,56.2,1.0,314.0,2211.0,439.0,False,False
006208,2022-10-26 11:47:30.341295,-0.001777777777777767,0.0,-0.10000000000000142,0.0,56.2,56.25,56.15,56.2,1.0,314.0,2211.0,439.0,False,False
006208,2022-10-26 11:47:30.358244,-0.001777777777777767,0.0,-0.10000000000000142,0.0,56.2,56.25,56.15,56.2,1.0,342.0,2211.0,439.0,False,False
006208,2022-10-26 11:47:30.346899,-0.001777777777777767,0.0,-0.10000000000000142,0.0,56.2,56.25,56.15,56.2,1.0,344.0,2211.0,439.0,False,False
006208,2022-10-26 11:47:30.590225,-0.001777777777777767,0.0,-0.10000000000000142,0.0,56.2,56.25,56.15,56.2,1.0,342.0,2211.0,439.0,False,False
006208,2022-10-26 11:47:30.592975,-0.001777777777777767,0.0,-0.10000000000000142,0.0,56.2,56.25,56.15,56.2,1.0,342.0,2211.0,439.0,False,False
006208,2022-10-26 11:47:30.726615,-0.001777777777777767,0.0,-0.10000000000000142,0.0,56.2,56.25,56.15,56.2,1.0,342.0,2211.0,439.0,False,False
006208,2022-10-26 11:47:30.979512,-0.001777777777777767,0.0,-0.10000000000000142,0.0,56.2,56.25,56.15,56.2,1.0,342.0,2211.0,439.0,False,False
006208,2022-10-26 11:47:31.672539,-0.001777777777777767,0.0,-0.10000000000000142,0.0,56.2,56.25,56.15,56.2,1.0,267.0,2211.0,439.0,False,False
006208,2022-10-26 11:47:31.672728,-0.001777777777777767,0.0,-0.10000000000000142,0.0,56.2,56.25,56.15,56.2,1.0,267.0,2211.0,439.0,False,False
006208,2022-10-26 11:47:31.705581,-0.001777777777777767,0.0,-0.10000000000000142,0.0,56.2,56.25,56.15,56.2,1.0,167.0,2211.0,439.0,False,False
006208,2022-10-26 11:47:32.705388,-0.001777777777777767,0.0,-0.10000000000000142,0.0,56.2,56.25,56.15,56.2,1.0,167.0,2211.0,439.0,False,False
006208,2022-10-26 11:47:32.767152,-0.001777777777777767,0.0,-0.10000000000000142,0.0,56.2,56.25,56.15,56.2,1.0,167.0,2211.0,439.0,False,False
006208,2022-10-26 11:47:32.846718,-0.001777777777777767,0.0,-0.10000000000000142,0.0,56.2,56.25,56.15,56.2,1.0,167.0,2211.0,439.0,False,False
006208,2022-10-26 11:47:33.170499,-0.001777777777777767,0.0,-0.10000000000000142,0.0,56.2,56.25,56.15,56.2,1.0,167.0,2211.0,439.0,False,False
006208,2022-10-26 11:47:33.181704,-0.001777777777777767,0.0,-0.10000000000000142,0.0,56.2,56.25,56.15,56.2,1.0,167.0,2211.0,439.0,False,False
006208,2022-10-26 11:47:33.191834,-0.001777777777777767,0.0,-0.10000000000000142,0.0,56.2,56.25,56.15,56.2,1.0,133.0,2211.0,439.0,False,False
006208,2022-10-26 11:47:33.899511,-0.001777777777777767,0.0,-0.10000000000000142,0.0,56.2,56.25,56.15,56.2,1.0,133.0,2211.0,439.0,False,False
006208,2022-10-26 11:47:33.921865,-0.001777777777777767,0.0,-0.10000000000000142,0.0,56.2,56.25,56.15,56.2,1.0,133.0,2211.0,439.0,False,False
006208,2022-10-26 11:47:34.770189,-0.001777777777777767,0.0,-0.10000000000000142,0.0,56.2,56.25,56.15,56.2,1.0,133.0,2211.0,439.0,False,False
006208,2022-10-26 11:47:34.802121,-0.001777777777777767,0.0,-0.10000000000000142,0.0,56.2,56.25,56.15,56.2,1.0,133.0,2211.0,439.0,False,False
006208,2022-10-26 11:47:34.821427,-0.001777777777777767,0.0,-0.10000000000000142,0.0,56.2,56.25,56.15,56.2,1.0,133.0,2211.0,439.0,False,False
006208,2022-10-26 11:47:35.522900,-0.001777777777777767,0.0,-0.10000000000000142,0.0,56.2,56.25,56.15,56.2,1.0,183.0,2211.0,439.0,False,False
006208,2022-10-26 11:47:37.024217,-0.001777777777777767,0.0,-0.10000000000000142,0.0,56.2,56.25,56.15,56.2,1.0,182.0,2211.0,439.0,False,False
006208,2022-10-26 11:47:39.950588,-0.001777777777777767,0.0,-0.10000000000000142,0.0,56.2,56.25,56.15,56.2,1.0,182.0,2211.0,439.0,False,False
006208,2022-10-26 11:47:39.950656,-0.001777777777777767,0.0,-0.10000000000000142,0.0,56.2,56.25,56.15,56.2,1.0,202.0,2211.0,439.0,False,False
006208,2022-10-26 11:47:40.353358,-0.001777777777777767,0.0,-0.10000000000000142,0.0,56.2,56.25,56.15,56.2,1.0,201.0,2211.0,439.0,False,False
006208,2022-10-26 11:47:40.424624,-0.001777777777777767,0.0,-0.10000000000000142,0.0,56.2,56.25,56.15,56.2,1.0,201.0,2211.0,439.0,False,False
006208,2022-10-26 11:47:40.472023,-0.001777777777777767,0.0,-0.10000000000000142,0.0,56.2,56.25,56.15,56.2,1.0,201.0,2211.0,439.0,False,False
006208,2022-10-26 11:47:40.710178,-0.001777777777777767,0.0,-0.10000000000000142,0.0,56.2,56.25,56.15,56.2,1.0,201.0,2211.0,439.0,False,False
006208,2022-10-26 11:47:40.713054,-0.001777777777777767,0.0,-0.10000000000000142,0.0,56.2,56.25,56.15,56.2,1.0,201.0,2211.0,439.0,False,False
006208,2022-10-26 11:47:40.845737,-0.001777777777777767,0.0,-0.10000000000000142,0.0,56.2,56.25,56.15,56.2,1.0,201.0,2211.0,439.0,False,False
006208,2022-10-26 11:47:43.228066,-0.001777777777777767,0.0,-0.10000000000000142,0.0,56.2,56.25,56.15,56.2,1.0,181.0,2211.0,439.0,False,False
006208,2022-10-26 11:47:43.228170,-0.001777777777777767,0.0,-0.10000000000000142,0.0,56.2,56.25,56.15,56.2,1.0,181.0,2211.0,439.0,False,False
006208,2022-10-26 11:47:43.921942,-0.001777777777777767,0.0,-0.10000000000000142,0.0,56.2,56.25,56.15,56.2,1.0,181.0,2211.0,439.0,False,False
006208,2022-10-26 11:47:43.929753,-0.001777777777777767,0.0,-0.10000000000000142,0.0,56.2,56.25,56.15,56.2,1.0,181.0,2211.0,439.0,False,False
006208,2022-10-26 11:47:50.379549,-0.001777777777777767,0.0,-0.10000000000000142,0.0,56.2,56.25,56.15,56.2,1.0,180.0,2211.0,439.0,False,False
006208,2022-10-26 11:47:50.826188,-0.001777777777777767,0.0,-0.10000000000000142,0.0,56.2,56.25,56.15,56.2,1.0,180.0,2211.0,439.0,False,False
006208,2022-10-26 11:47:50.829614,-0.001777777777777767,0.0,-0.10000000000000142,0.0,56.2,56.25,56.15,56.2,1.0,180.0,2211.0,439.0,False,False
006208,2022-10-26 11:47:50.964416,-0.001777777777777767,0.0,-0.10000000000000142,0.0,56.2,56.25,56.15,56.2,1.0,180.0,2211.0,439.0,False,False
006208,2022-10-26 11:48:00.374394,-0.001777777777777767,0.0,-0.10000000000000142,0.0,56.2,56.25,56.15,56.2,1.0,178.0,2211.0,439.0,False,False
006208,2022-10-26 11:48:00.944712,-0.001777777777777767,0.0,-0.10000000000000142,0.0,56.2,56.25,56.15,56.2,1.0,178.0,2211.0,439.0,False,False
006208,2022-10-26 11:48:00.950963,-0.001777777777777767,0.0,-0.10000000000000142,0.0,56.2,56.25,56.15,56.2,1.0,178.0,2211.0,439.0,False,False
006208,2022-10-26 11:48:01.080398,-0.001777777777777767,0.0,-0.10000000000000142,0.0,56.2,56.25,56.15,56.2,1.0,178.0,2211.0,439.0,False,False
006208,2022-10-26 11:48:10.338399,-0.001777777777777767,0.0,-0.10000000000000142,0.0,56.2,56.25,56.15,56.2,1.0,177.0,2211.0,439.0,False,False
006208,2022-10-26 11:48:11.019889,-0.001777777777777767,0.0,-0.10000000000000142,0.0,56.2,56.25,56.15,56.2,1.0,176.0,2211.0,439.0,False,False
006208,2022-10-26 11:48:11.061824,-0.001777777777777767,0.0,-0.10000000000000142,0.0,56.2,56.25,56.15,56.2,1.0,176.0,2211.0,439.0,False,False
006208,2022-10-26 11:48:11.064903,-0.001777777777777767,0.0,-0.10000000000000142,0.0,56.2,56.25,56.15,56.2,1.0,176.0,2211.0,439.0,False,False
006208,2022-10-26 11:48:11.199140,-0.001777777777777767,0.0,-0.10000000000000142,0.0,56.2,56.25,56.15,56.2,1.0,176.0,2211.0,439.0,False,False
006208,2022-10-26 11:48:18.379465,-0.001777777777777767,0.0,-0.10000000000000142,0.0,56.2,56.25,56.15,56.2,1.0,176.0,2229.0,439.0,True,True
006208,2022-10-26 11:48:20.320171,-0.001777777777777767,0.0,-0.10000000000000142,0.0,56.2,56.25,56.15,56.2,1.0,174.0,2229.0,439.0,False,False
006208,2022-10-26 11:48:21.192224,-0.001777777777777767,0.0,-0.10000000000000142,0.0,56.2,56.25,56.15,56.2,1.0,174.0,2229.0,439.0,False,False
006208,2022-10-26 11:48:21.194710,-0.001777777777777767,0.0,-0.10000000000000142,0.0,56.2,56.25,56.15,56.2,1.0,174.0,2229.0,439.0,False,False
006208,2022-10-26 11:48:21.317158,-0.001777777777777767,0.0,-0.10000000000000142,0.0,56.2,56.25,56.15,56.2,1.0,174.0,2229.0,439.0,False,False
006208,2022-10-26 11:48:21.777443,-0.001777777777777767,0.0,-0.10000000000000142,0.0,56.2,56.25,56.15,56.2,1.0,144.0,2229.0,439.0,False,False
006208,2022-10-26 11:48:21.784179,-0.001777777777777767,0.0,-0.10000000000000142,0.0,56.2,56.25,56.15,56.2,1.0,144.0,2229.0,439.0,False,False
006208,2022-10-26 11:48:21.789581,-0.001777777777777767,0.0,-0.10000000000000142,0.0,56.2,56.25,56.15,56.2,1.0,144.0,2229.0,439.0,False,False
006208,2022-10-26 11:48:21.952772,-0.001777777777777767,0.0,-0.10000000000000142,0.0,56.2,56.25,56.15,56.2,1.0,174.0,2229.0,439.0,False,False
006208,2022-10-26 11:48:30.344262,-0.001777777777777767,0.0,-0.10000000000000142,0.0,56.2,56.25,56.15,56.2,1.0,173.0,2229.0,439.0,False,False
006208,2022-10-26 11:48:31.298469,-0.001777777777777767,0.0,-0.10000000000000142,0.0,56.2,56.25,56.15,56.2,1.0,173.0,2229.0,439.0,False,False
006208,2022-10-26 11:48:31.320339,-0.001777777777777767,0.0,-0.10000000000000142,0.0,56.2,56.25,56.15,56.2,1.0,173.0,2229.0,439.0,False,False
006208,2022-10-26 11:48:31.439736,-0.001777777777777767,0.0,-0.10000000000000142,0.0,56.2,56.25,56.15,56.2,1.0,133.0,2229.0,439.0,False,False
006208,2022-10-26 11:48:38.445849,-0.001777777777777767,0.0,-0.10000000000000142,0.0,56.2,56.25,56.15,56.2,1.0,133.0,2229.0,439.0,True,True
006208,2022-10-26 11:48:38.708832,-0.001777777777777767,-0.000889679715302516,-0.10000000000000142,-0.05000000000000426,56.15,56.25,56.15,56.2,253.0,133.0,2229.0,439.0,False,False
006208,2022-10-26 11:48:38.739103,-0.001777777777777767,-0.000889679715302516,-0.10000000000000142,-0.05000000000000426,56.15,56.25,56.15,56.2,253.0,133.0,2229.0,439.0,False,False
006208,2022-10-26 11:48:38.741348,-0.001777777777777767,-0.000889679715302516,-0.10000000000000142,-0.05000000000000426,56.15,56.25,56.15,56.2,253.0,133.0,2229.0,439.0,False,False
006208,2022-10-26 11:48:38.830239,-0.001777777777777767,-0.000889679715302516,-0.10000000000000142,-0.05000000000000426,56.15,56.25,56.15,56.2,253.0,133.0,2229.0,439.0,False,False
006208,2022-10-26 11:48:38.998133,-0.001777777777777767,-0.000889679715302516,-0.10000000000000142,-0.05000000000000426,56.15,56.25,56.15,56.2,213.0,133.0,2229.0,439.0,False,False
006208,2022-10-26 11:48:39.038020,-0.001777777777777767,-0.000889679715302516,-0.10000000000000142,-0.05000000000000426,56.15,56.25,56.15,56.2,213.0,133.0,2229.0,439.0,False,False
006208,2022-10-26 11:48:39.873817,-0.001777777777777767,-0.000889679715302516,-0.10000000000000142,-0.05000000000000426,56.15,56.25,56.15,56.2,179.0,133.0,2229.0,439.0,False,False
006208,2022-10-26 11:48:39.887569,-0.001777777777777767,-0.000889679715302516,-0.10000000000000142,-0.05000000000000426,56.15,56.25,56.15,56.2,179.0,133.0,2229.0,439.0,False,False
006208,2022-10-26 11:48:39.894589,-0.001777777777777767,-0.000889679715302516,-0.10000000000000142,-0.05000000000000426,56.15,56.25,56.15,56.2,179.0,133.0,2229.0,439.0,False,False
006208,2022-10-26 11:48:40.339023,-0.001777777777777767,-0.000889679715302516,-0.10000000000000142,-0.05000000000000426,56.15,56.25,56.15,56.2,179.0,132.0,2229.0,439.0,False,False
006208,2022-10-26 11:48:40.756548,-0.001777777777777767,-0.000889679715302516,-0.10000000000000142,-0.05000000000000426,56.15,56.25,56.15,56.2,179.0,132.0,2229.0,439.0,False,False
006208,2022-10-26 11:48:40.780358,-0.001777777777777767,-0.000889679715302516,-0.10000000000000142,-0.05000000000000426,56.15,56.25,56.15,56.2,179.0,132.0,2229.0,439.0,False,False
006208,2022-10-26 11:48:40.882023,-0.001777777777777767,-0.000889679715302516,-0.10000000000000142,-0.05000000000000426,56.15,56.25,56.15,56.2,179.0,132.0,2229.0,439.0,False,False
006208,2022-10-26 11:48:40.890297,-0.001777777777777767,-0.000889679715302516,-0.10000000000000142,-0.05000000000000426,56.15,56.25,56.15,56.2,179.0,132.0,2229.0,439.0,False,False
006208,2022-10-26 11:48:41.958642,-0.001777777777777767,-0.000889679715302516,-0.10000000000000142,-0.05000000000000426,56.15,56.25,56.15,56.2,179.0,132.0,2229.0,439.0,False,False
006208,2022-10-26 11:48:41.958791,-0.001777777777777767,-0.000889679715302516,-0.10000000000000142,-0.05000000000000426,56.15,56.25,56.15,56.2,179.0,132.0,2229.0,439.0,False,False
006208,2022-10-26 11:48:42.104537,-0.001777777777777767,-0.000889679715302516,-0.10000000000000142,-0.05000000000000426,56.15,56.25,56.15,56.2,179.0,132.0,2229.0,439.0,False,False
006208,2022-10-26 11:48:42.218559,-0.001777777777777767,-0.000889679715302516,-0.10000000000000142,-0.05000000000000426,56.15,56.25,56.15,56.2,179.0,102.0,2229.0,439.0,False,False
006208,2022-10-26 11:48:44.008890,-0.001777777777777767,-0.000889679715302516,-0.10000000000000142,-0.05000000000000426,56.15,56.25,56.15,56.2,179.0,101.0,2229.0,439.0,False,False
006208,2022-10-26 11:48:44.489259,-0.001777777777777767,-0.000889679715302516,-0.10000000000000142,-0.05000000000000426,56.15,56.25,56.15,56.2,179.0,101.0,2229.0,439.0,False,False
006208,2022-10-26 11:48:44.517417,-0.001777777777777767,-0.000889679715302516,-0.10000000000000142,-0.05000000000000426,56.15,56.25,56.15,56.2,179.0,101.0,2229.0,439.0,False,False
006208,2022-10-26 11:48:44.634614,-0.001777777777777767,-0.000889679715302516,-0.10000000000000142,-0.05000000000000426,56.15,56.25,56.15,56.2,179.0,101.0,2229.0,439.0,False,False
006208,2022-10-26 11:48:46.885070,-0.001777777777777767,-0.000889679715302516,-0.10000000000000142,-0.05000000000000426,56.15,56.25,56.15,56.2,179.0,101.0,2229.0,439.0,False,False
006208,2022-10-26 11:48:47.777918,-0.001777777777777767,-0.000889679715302516,-0.10000000000000142,-0.05000000000000426,56.15,56.25,56.15,56.2,179.0,100.0,2229.0,439.0,False,False
006208,2022-10-26 11:48:48.481332,-0.001777777777777767,-0.000889679715302516,-0.10000000000000142,-0.05000000000000426,56.15,56.25,56.15,56.2,179.0,100.0,2229.0,439.0,True,True
006208,2022-10-26 11:48:48.823582,-0.001777777777777767,-0.000889679715302516,-0.10000000000000142,-0.05000000000000426,56.15,56.25,56.15,56.2,179.0,100.0,2229.0,439.0,False,False
006208,2022-10-26 11:48:49.036532,-0.001777777777777767,-0.000889679715302516,-0.10000000000000142,-0.05000000000000426,56.15,56.25,56.15,56.2,179.0,100.0,2229.0,439.0,False,False
006208,2022-10-26 11:48:49.040899,-0.001777777777777767,-0.000889679715302516,-0.10000000000000142,-0.05000000000000426,56.15,56.25,56.15,56.2,179.0,100.0,2229.0,439.0,False,False
006208,2022-10-26 11:48:49.173693,-0.001777777777777767,-0.000889679715302516,-0.10000000000000142,-0.05000000000000426,56.15,56.25,56.15,56.2,179.0,100.0,2229.0,439.0,False,False
006208,2022-10-26 11:48:49.861531,-0.001777777777777767,-0.000889679715302516,-0.10000000000000142,-0.05000000000000426,56.15,56.25,56.15,56.2,179.0,100.0,2229.0,439.0,False,False
006208,2022-10-26 11:48:49.872442,-0.001777777777777767,-0.000889679715302516,-0.10000000000000142,-0.05000000000000426,56.15,56.25,56.15,56.2,179.0,130.0,2229.0,439.0,False,False
006208,2022-10-26 11:48:50.318554,-0.001777777777777767,-0.000889679715302516,-0.10000000000000142,-0.05000000000000426,56.15,56.25,56.15,56.2,179.0,128.0,2229.0,439.0,False,False
006208,2022-10-26 11:48:50.403179,-0.001777777777777767,-0.000889679715302516,-0.10000000000000142,-0.05000000000000426,56.15,56.25,56.15,56.2,179.0,124.0,2229.0,439.0,False,False
006208,2022-10-26 11:48:50.443447,-0.001777777777777767,-0.000889679715302516,-0.10000000000000142,-0.05000000000000426,56.15,56.25,56.15,56.2,179.0,124.0,2229.0,439.0,False,False
006208,2022-10-26 11:48:59.147374,-0.001777777777777767,-0.000889679715302516,-0.10000000000000142,-0.05000000000000426,56.15,56.25,56.15,56.2,179.0,124.0,2229.0,439.0,False,False
006208,2022-10-26 11:48:59.156550,-0.001777777777777767,-0.000889679715302516,-0.10000000000000142,-0.05000000000000426,56.15,56.25,56.15,56.2,179.0,124.0,2229.0,439.0,False,False
006208,2022-10-26 11:48:59.293166,-0.001777777777777767,-0.000889679715302516,-0.10000000000000142,-0.05000000000000426,56.15,56.25,56.15,56.2,179.0,124.0,2229.0,439.0,False,False
006208,2022-10-26 11:49:00.313529,-0.001777777777777767,-0.000889679715302516,-0.10000000000000142,-0.05000000000000426,56.15,56.25,56.15,56.2,179.0,123.0,2229.0,439.0,False,False
006208,2022-10-26 11:49:07.948072,-0.001777777777777767,-0.000889679715302516,-0.10000000000000142,-0.05000000000000426,56.15,56.25,56.15,56.2,179.0,123.0,2229.0,439.0,False,True
006208,2022-10-26 11:49:08.369994,-0.001777777777777767,-0.000889679715302516,-0.10000000000000142,-0.05000000000000426,56.15,56.25,56.15,56.2,179.0,122.0,2229.0,439.0,False,False
006208,2022-10-26 11:49:09.281408,-0.001777777777777767,-0.000889679715302516,-0.10000000000000142,-0.05000000000000426,56.15,56.25,56.15,56.2,179.0,122.0,2229.0,439.0,False,False
006208,2022-10-26 11:49:09.284939,-0.001777777777777767,-0.000889679715302516,-0.10000000000000142,-0.05000000000000426,56.15,56.25,56.15,56.2,179.0,122.0,2229.0,439.0,False,False
006208,2022-10-26 11:49:09.406410,-0.001777777777777767,-0.000889679715302516,-0.10000000000000142,-0.05000000000000426,56.15,56.25,56.15,56.2,179.0,122.0,2229.0,439.0,False,False
006208,2022-10-26 11:49:10.324578,-0.001777777777777767,-0.000889679715302516,-0.10000000000000142,-0.05000000000000426,56.15,56.25,56.15,56.2,179.0,120.0,2229.0,439.0,False,False
006208,2022-10-26 11:49:16.223154,-0.001777777777777767,-0.000889679715302516,-0.10000000000000142,-0.05000000000000426,56.15,56.25,56.15,56.2,179.0,120.0,2229.0,439.0,False,False
006208,2022-10-26 11:49:16.234249,-0.001777777777777767,-0.000889679715302516,-0.10000000000000142,-0.05000000000000426,56.15,56.25,56.15,56.2,179.0,120.0,2229.0,439.0,False,False
006208,2022-10-26 11:49:16.698803,-0.001777777777777767,-0.000889679715302516,-0.10000000000000142,-0.05000000000000426,56.15,56.25,56.15,56.2,179.0,120.0,2229.0,439.0,False,False
006208,2022-10-26 11:49:16.704881,-0.001777777777777767,-0.000889679715302516,-0.10000000000000142,-0.05000000000000426,56.15,56.25,56.15,56.2,179.0,120.0,2229.0,439.0,False,False
006208,2022-10-26 11:49:17.662744,-0.001777777777777767,-0.000889679715302516,-0.10000000000000142,-0.05000000000000426,56.15,56.25,56.15,56.2,179.0,120.0,2229.0,439.0,False,False
006208,2022-10-26 11:49:17.663114,-0.001777777777777767,-0.000889679715302516,-0.10000000000000142,-0.05000000000000426,56.15,56.25,56.15,56.2,179.0,140.0,2229.0,439.0,False,False
006208,2022-10-26 11:49:17.987857,-0.001777777777777767,-0.000889679715302516,-0.10000000000000142,-0.05000000000000426,56.15,56.25,56.15,56.2,179.0,140.0,2229.0,419.0,True,True
006208,2022-10-26 11:49:17.999377,-0.001777777777777767,-0.000889679715302516,-0.10000000000000142,-0.05000000000000426,56.15,56.25,56.15,56.2,179.0,139.0,2229.0,419.0,False,False
006208,2022-10-26 11:49:18.308529,-0.001777777777777767,-0.000889679715302516,-0.10000000000000142,-0.05000000000000426,56.15,56.25,56.15,56.2,104.0,139.0,2229.0,419.0,False,False
006208,2022-10-26 11:49:18.376273,-0.001777777777777767,0.0,-0.10000000000000142,0.0,56.2,56.25,56.15,56.2,75.0,139.0,2229.0,419.0,False,False
006208,2022-10-26 11:49:18.536813,-0.001777777777777767,0.0,-0.10000000000000142,0.0,56.2,56.25,56.15,56.2,75.0,139.0,2229.0,419.0,False,False
006208,2022-10-26 11:49:19.190231,-0.001777777777777767,0.0,-0.10000000000000142,0.0,56.2,56.25,56.15,56.2,75.0,139.0,2229.0,419.0,False,False
006208,2022-10-26 11:49:19.278194,-0.001777777777777767,0.0,-0.10000000000000142,0.0,56.2,56.25,56.15,56.2,75.0,139.0,2229.0,419.0,False,False
006208,2022-10-26 11:49:19.287668,-0.001777777777777767,0.0,-0.10000000000000142,0.0,56.2,56.25,56.15,56.2,75.0,139.0,2229.0,419.0,False,False
006208,2022-10-26 11:49:20.334765,-0.001777777777777767,0.0,-0.10000000000000142,0.0,56.2,56.25,56.15,56.2,75.0,138.0,2229.0,419.0,False,False
006208,2022-10-26 11:49:22.027757,-0.001777777777777767,0.0,-0.10000000000000142,0.0,56.2,56.25,56.15,56.2,75.0,138.0,2229.0,419.0,False,False
006208,2022-10-26 11:49:22.138769,-0.001777777777777767,0.0,-0.10000000000000142,0.0,56.2,56.25,56.15,56.2,75.0,138.0,2229.0,419.0,False,False
006208,2022-10-26 11:49:26.106731,-0.001777777777777767,0.0,-0.10000000000000142,0.0,56.2,56.25,56.15,56.2,75.0,139.0,2229.0,419.0,False,False
006208,2022-10-26 11:49:27.398538,-0.001777777777777767,0.0,-0.10000000000000142,0.0,56.2,56.25,56.15,56.2,75.0,139.0,2229.0,419.0,False,False
006208,2022-10-26 11:49:27.398860,-0.001777777777777767,0.0,-0.10000000000000142,0.0,56.2,56.25,56.15,56.2,75.0,119.0,2229.0,419.0,False,False
006208,2022-10-26 11:49:27.545655,-0.001777777777777767,0.0,-0.10000000000000142,0.0,56.2,56.25,56.15,56.2,75.0,119.0,2229.0,419.0,False,False
006208,2022-10-26 11:49:28.018211,-0.001777777777777767,0.0,-0.10000000000000142,0.0,56.2,56.25,56.15,56.2,75.0,119.0,2229.0,396.0,True,True
006208,2022-10-26 11:49:28.278877,-0.001777777777777767,0.0,-0.10000000000000142,0.0,56.2,56.25,56.15,56.2,75.0,119.0,2229.0,396.0,False,False
006208,2022-10-26 11:49:28.373203,-0.001777777777777767,0.0,-0.10000000000000142,0.0,56.2,56.25,56.15,56.2,75.0,139.0,2229.0,396.0,False,False
006208,2022-10-26 11:49:28.539602,-0.001777777777777767,0.0,-0.10000000000000142,0.0,56.2,56.25,56.15,56.2,75.0,139.0,2229.0,396.0,False,False
006208,2022-10-26 11:49:28.609742,-0.001777777777777767,0.0,-0.10000000000000142,0.0,56.2,56.25,56.15,56.2,75.0,139.0,2229.0,396.0,False,False
006208,2022-10-26 11:49:28.740568,-0.001777777777777767,0.0,-0.10000000000000142,0.0,56.2,56.25,56.15,56.2,75.0,139.0,2229.0,396.0,False,False
006208,2022-10-26 11:49:28.822106,-0.001777777777777767,0.0,-0.10000000000000142,0.0,56.2,56.25,56.15,56.2,75.0,139.0,2229.0,396.0,False,False
006208,2022-10-26 11:49:28.975500,-0.001777777777777767,0.0,-0.10000000000000142,0.0,56.2,56.25,56.15,56.2,75.0,139.0,2229.0,396.0,False,False
006208,2022-10-26 11:49:30.298853,-0.001777777777777767,0.0,-0.10000000000000142,0.0,56.2,56.25,56.15,56.2,75.0,138.0,2229.0,396.0,False,False
006208,2022-10-26 11:49:31.565216,-0.001777777777777767,0.0,-0.10000000000000142,0.0,56.2,56.25,56.15,56.2,75.0,118.0,2229.0,396.0,False,False
006208,2022-10-26 11:49:31.565460,-0.001777777777777767,0.0,-0.10000000000000142,0.0,56.2,56.25,56.15,56.2,75.0,118.0,2229.0,396.0,False,False
006208,2022-10-26 11:49:32.768480,-0.001777777777777767,0.0,-0.10000000000000142,0.0,56.2,56.25,56.15,56.2,75.0,118.0,2229.0,396.0,False,False
006208,2022-10-26 11:49:32.888468,-0.001777777777777767,0.0,-0.10000000000000142,0.0,56.2,56.25,56.15,56.2,75.0,118.0,2229.0,396.0,False,False
006208,2022-10-26 11:49:33.799599,-0.001777777777777767,0.0,-0.10000000000000142,0.0,56.2,56.25,56.15,56.2,75.0,118.0,2229.0,396.0,False,False
006208,2022-10-26 11:49:33.822319,-0.001777777777777767,0.0,-0.10000000000000142,0.0,56.2,56.25,56.15,56.2,75.0,118.0,2229.0,396.0,False,False
006208,2022-10-26 11:49:38.054480,-0.001777777777777767,0.0,-0.10000000000000142,0.0,56.2,56.25,56.15,56.2,75.0,118.0,2279.0,396.0,True,True
006208,2022-10-26 11:49:38.182329,-0.001777777777777767,0.0,-0.10000000000000142,0.0,56.2,56.25,56.15,56.2,75.0,118.0,2279.0,396.0,False,False
006208,2022-10-26 11:49:38.193158,-0.001777777777777767,0.0,-0.10000000000000142,0.0,56.2,56.25,56.15,56.2,75.0,118.0,2279.0,396.0,False,False
006208,2022-10-26 11:49:38.665627,-0.001777777777777767,0.0,-0.10000000000000142,0.0,56.2,56.25,56.15,56.2,75.0,118.0,2279.0,396.0,False,False
006208,2022-10-26 11:49:38.669203,-0.001777777777777767,0.0,-0.10000000000000142,0.0,56.2,56.25,56.15,56.2,75.0,118.0,2279.0,396.0,False,False
006208,2022-10-26 11:49:38.811514,-0.001777777777777767,0.0,-0.10000000000000142,0.0,56.2,56.25,56.15,56.2,75.0,118.0,2279.0,396.0,False,False
006208,2022-10-26 11:49:40.309474,-0.001777777777777767,0.0,-0.10000000000000142,0.0,56.2,56.25,56.15,56.2,75.0,116.0,2279.0,396.0,False,False
006208,2022-10-26 11:49:48.085616,-0.000888888888888828,-0.001776198934280493,-0.04999999999999716,-0.09999999999999432,56.2,56.25,56.2,56.3,75.0,116.0,143.0,2687.0,True,True
006208,2022-10-26 11:49:48.790653,-0.000888888888888828,-0.001776198934280493,-0.04999999999999716,-0.09999999999999432,56.2,56.25,56.2,56.3,75.0,116.0,143.0,2687.0,False,False
006208,2022-10-26 11:49:48.795087,-0.000888888888888828,-0.001776198934280493,-0.04999999999999716,-0.09999999999999432,56.2,56.25,56.2,56.3,75.0,116.0,143.0,2687.0,False,False
006208,2022-10-26 11:49:48.928917,-0.000888888888888828,-0.001776198934280493,-0.04999999999999716,-0.09999999999999432,56.2,56.25,56.2,56.3,75.0,116.0,143.0,2687.0,False,False
006208,2022-10-26 11:49:49.151861,-0.000888888888888828,-0.002664298401420906,-0.04999999999999716,-0.14999999999999858,56.15,56.25,56.2,56.3,178.0,116.0,143.0,2687.0,False,False
006208,2022-10-26 11:49:49.221962,-0.000888888888888828,-0.002664298401420906,-0.04999999999999716,-0.14999999999999858,56.15,56.25,56.2,56.3,253.0,116.0,143.0,2687.0,False,False
006208,2022-10-26 11:49:49.233778,-0.000888888888888828,-0.002664298401420906,-0.04999999999999716,-0.14999999999999858,56.15,56.25,56.2,56.3,253.0,116.0,143.0,2687.0,False,False
006208,2022-10-26 11:49:49.368442,-0.000888888888888828,-0.002664298401420906,-0.04999999999999716,-0.14999999999999858,56.15,56.25,56.2,56.3,213.0,116.0,143.0,2687.0,False,False
006208,2022-10-26 11:49:49.503431,-0.000888888888888828,-0.002664298401420906,-0.04999999999999716,-0.14999999999999858,56.15,56.25,56.2,56.3,213.0,117.0,143.0,2687.0,False,False
006208,2022-10-26 11:49:50.153072,-0.000888888888888828,-0.002664298401420906,-0.04999999999999716,-0.14999999999999858,56.15,56.25,56.2,56.3,213.0,116.0,143.0,2687.0,False,False
006208,2022-10-26 11:49:50.275417,-0.000888888888888828,-0.002664298401420906,-0.04999999999999716,-0.14999999999999858,56.15,56.25,56.2,56.3,213.0,115.0,143.0,2687.0,False,False
006208,2022-10-26 11:49:50.453611,-0.000888888888888828,-0.001776198934280493,-0.04999999999999716,-0.09999999999999432,56.2,56.25,56.2,56.3,1.0,115.0,143.0,2687.0,False,False
006208,2022-10-26 11:49:50.493304,-0.000888888888888828,-0.001776198934280493,-0.04999999999999716,-0.09999999999999432,56.2,56.25,56.2,56.3,1.0,115.0,143.0,2687.0,False,False
006208,2022-10-26 11:49:50.533277,-0.000888888888888828,-0.001776198934280493,-0.04999999999999716,-0.09999999999999432,56.2,56.25,56.2,56.3,1.0,115.0,143.0,2687.0,False,False
006208,2022-10-26 11:49:50.770403,-0.000888888888888828,-0.001776198934280493,-0.04999999999999716,-0.09999999999999432,56.2,56.25,56.2,56.3,1.0,115.0,143.0,2687.0,False,False
006208,2022-10-26 11:49:50.829967,-0.000888888888888828,-0.001776198934280493,-0.04999999999999716,-0.09999999999999432,56.2,56.25,56.2,56.3,1.0,115.0,143.0,2687.0,False,False
006208,2022-10-26 11:49:50.980489,-0.000888888888888828,-0.001776198934280493,-0.04999999999999716,-0.09999999999999432,56.2,56.25,56.2,56.3,1.0,114.0,143.0,2687.0,False,False
006208,2022-10-26 11:49:51.067999,-0.000888888888888828,-0.001776198934280493,-0.04999999999999716,-0.09999999999999432,56.2,56.25,56.2,56.3,1.0,114.0,143.0,2687.0,False,False
006208,2022-10-26 11:49:51.085102,-0.000888888888888828,-0.001776198934280493,-0.04999999999999716,-0.09999999999999432,56.2,56.25,56.2,56.3,1.0,114.0,143.0,2687.0,False,False
006208,2022-10-26 11:49:54.278104,-0.000888888888888828,-0.001776198934280493,-0.04999999999999716,-0.09999999999999432,56.2,56.25,56.2,56.3,1.0,114.0,143.0,2687.0,False,False
006208,2022-10-26 11:49:54.301117,-0.000888888888888828,-0.001776198934280493,-0.04999999999999716,-0.09999999999999432,56.2,56.25,56.2,56.3,1.0,114.0,143.0,2687.0,False,False
006208,2022-10-26 11:49:58.172451,-0.000888888888888828,-0.001776198934280493,-0.04999999999999716,-0.09999999999999432,56.2,56.25,56.2,56.3,1.0,114.0,163.0,2687.0,True,True
006208,2022-10-26 11:50:00.369651,-0.000888888888888828,-0.001776198934280493,-0.04999999999999716,-0.09999999999999432,56.2,56.25,56.2,56.3,1.0,113.0,163.0,2687.0,False,False
006208,2022-10-26 11:50:00.890070,-0.000888888888888828,-0.001776198934280493,-0.04999999999999716,-0.09999999999999432,56.2,56.25,56.2,56.3,1.0,113.0,163.0,2687.0,False,False
006208,2022-10-26 11:50:00.892740,-0.000888888888888828,-0.001776198934280493,-0.04999999999999716,-0.09999999999999432,56.2,56.25,56.2,56.3,1.0,113.0,163.0,2687.0,False,False
006208,2022-10-26 11:50:01.023587,-0.000888888888888828,-0.001776198934280493,-0.04999999999999716,-0.09999999999999432,56.2,56.25,56.2,56.3,1.0,113.0,163.0,2687.0,False,False
006208,2022-10-26 11:50:01.808564,-0.000888888888888828,-0.001776198934280493,-0.04999999999999716,-0.09999999999999432,56.2,56.25,56.2,56.3,1.0,113.0,163.0,2687.0,False,False
006208,2022-10-26 11:50:01.808883,-0.000888888888888828,-0.001776198934280493,-0.04999999999999716,-0.09999999999999432,56.2,56.25,56.2,56.3,76.0,113.0,163.0,2687.0,False,False
006208,2022-10-26 11:50:03.224450,-0.000888888888888828,-0.001776198934280493,-0.04999999999999716,-0.09999999999999432,56.2,56.25,56.2,56.3,76.0,113.0,163.0,2687.0,False,False
006208,2022-10-26 11:50:10.416332,-0.000888888888888828,-0.001776198934280493,-0.04999999999999716,-0.09999999999999432,56.2,56.25,56.2,56.3,76.0,111.0,163.0,2687.0,False,False
006208,2022-10-26 11:50:11.057263,-0.000888888888888828,-0.001776198934280493,-0.04999999999999716,-0.09999999999999432,56.2,56.25,56.2,56.3,76.0,111.0,163.0,2687.0,False,False
006208,2022-10-26 11:50:11.061290,-0.000888888888888828,-0.001776198934280493,-0.04999999999999716,-0.09999999999999432,56.2,56.25,56.2,56.3,76.0,111.0,163.0,2687.0,False,False
006208,2022-10-26 11:50:11.191467,-0.000888888888888828,-0.001776198934280493,-0.04999999999999716,-0.09999999999999432,56.2,56.25,56.2,56.3,76.0,111.0,163.0,2687.0,False,False
006208,2022-10-26 11:50:11.957809,-0.000888888888888828,-0.001776198934280493,-0.04999999999999716,-0.09999999999999432,56.2,56.25,56.2,56.3,76.0,111.0,163.0,2687.0,False,False
006208,2022-10-26 11:50:11.973724,-0.000888888888888828,-0.001776198934280493,-0.04999999999999716,-0.09999999999999432,56.2,56.25,56.2,56.3,76.0,81.0,163.0,2687.0,False,False
006208,2022-10-26 11:50:15.486438,-0.000888888888888828,-0.001776198934280493,-0.04999999999999716,-0.09999999999999432,56.2,56.25,56.2,56.3,76.0,81.0,163.0,2687.0,False,False
006208,2022-10-26 11:50:15.486620,-0.000888888888888828,-0.001776198934280493,-0.04999999999999716,-0.09999999999999432,56.2,56.25,56.2,56.3,76.0,81.0,163.0,2687.0,False,False
006208,2022-10-26 11:50:16.300619,-0.000888888888888828,-0.001776198934280493,-0.04999999999999716,-0.09999999999999432,56.2,56.25,56.2,56.3,76.0,81.0,163.0,2687.0,False,False
006208,2022-10-26 11:50:16.311329,-0.000888888888888828,-0.001776198934280493,-0.04999999999999716,-0.09999999999999432,56.2,56.25,56.2,56.3,76.0,111.0,163.0,2687.0,False,False
006208,2022-10-26 11:50:18.335511,-0.000888888888888828,-0.001776198934280493,-0.04999999999999716,-0.09999999999999432,56.2,56.25,56.2,56.3,76.0,111.0,173.0,2687.0,True,True
006208,2022-10-26 11:50:18.400872,-0.000888888888888828,-0.001776198934280493,-0.04999999999999716,-0.09999999999999432,56.2,56.25,56.2,56.3,76.0,113.0,173.0,2687.0,False,False
006208,2022-10-26 11:50:20.442890,-0.000888888888888828,-0.001776198934280493,-0.04999999999999716,-0.09999999999999432,56.2,56.25,56.2,56.3,76.0,112.0,173.0,2687.0,False,False
006208,2022-10-26 11:50:21.203097,-0.000888888888888828,-0.001776198934280493,-0.04999999999999716,-0.09999999999999432,56.2,56.25,56.2,56.3,76.0,112.0,173.0,2687.0,False,False
006208,2022-10-26 11:50:21.208655,-0.000888888888888828,-0.001776198934280493,-0.04999999999999716,-0.09999999999999432,56.2,56.25,56.2,56.3,76.0,112.0,173.0,2687.0,False,False
006208,2022-10-26 11:50:21.337649,-0.000888888888888828,-0.001776198934280493,-0.04999999999999716,-0.09999999999999432,56.2,56.25,56.2,56.3,76.0,112.0,173.0,2687.0,False,False
006208,2022-10-26 11:50:23.564445,-0.000888888888888828,-0.001776198934280493,-0.04999999999999716,-0.09999999999999432,56.2,56.25,56.2,56.3,76.0,114.0,173.0,2687.0,False,False
006208,2022-10-26 11:50:25.028430,-0.000888888888888828,-0.001776198934280493,-0.04999999999999716,-0.09999999999999432,56.2,56.25,56.2,56.3,76.0,113.0,173.0,2687.0,False,False
006208,2022-10-26 11:50:30.443799,-0.000888888888888828,-0.001776198934280493,-0.04999999999999716,-0.09999999999999432,56.2,56.25,56.2,56.3,76.0,111.0,173.0,2687.0,False,False
006208,2022-10-26 11:50:31.339546,-0.000888888888888828,-0.001776198934280493,-0.04999999999999716,-0.09999999999999432,56.2,56.25,56.2,56.3,76.0,111.0,173.0,2687.0,False,False
006208,2022-10-26 11:50:31.347813,-0.000888888888888828,-0.001776198934280493,-0.04999999999999716,-0.09999999999999432,56.2,56.25,56.2,56.3,76.0,111.0,173.0,2687.0,False,False
006208,2022-10-26 11:50:31.487164,-0.000888888888888828,-0.001776198934280493,-0.04999999999999716,-0.09999999999999432,56.2,56.25,56.2,56.3,76.0,111.0,173.0,2687.0,False,False
006208,2022-10-26 11:50:38.448760,-0.001777777777777767,0.0,-0.10000000000000142,0.0,56.2,56.25,56.15,56.2,76.0,111.0,2279.0,484.0,True,True
006208,2022-10-26 11:50:40.454824,-0.001777777777777767,0.0,-0.10000000000000142,0.0,56.2,56.25,56.15,56.2,76.0,110.0,2279.0,484.0,False,False
006208,2022-10-26 11:50:41.477948,-0.001777777777777767,0.0,-0.10000000000000142,0.0,56.2,56.25,56.15,56.2,76.0,110.0,2279.0,484.0,False,False
006208,2022-10-26 11:50:41.481704,-0.001777777777777767,0.0,-0.10000000000000142,0.0,56.2,56.25,56.15,56.2,76.0,110.0,2279.0,484.0,False,False
006208,2022-10-26 11:50:41.618443,-0.001777777777777767,0.0,-0.10000000000000142,0.0,56.2,56.25,56.15,56.2,76.0,110.0,2279.0,484.0,False,False
006208,2022-10-26 11:50:43.137428,-0.001777777777777767,0.0,-0.10000000000000142,0.0,56.2,56.25,56.15,56.2,1.0,110.0,2279.0,484.0,False,False
006208,2022-10-26 11:50:43.137551,-0.001777777777777767,0.0,-0.10000000000000142,0.0,56.2,56.25,56.15,56.2,1.0,110.0,2279.0,484.0,False,False
006208,2022-10-26 11:50:48.494619,-0.001777777777777767,0.0,-0.10000000000000142,0.0,56.2,56.25,56.15,56.2,1.0,110.0,2279.0,1084.0,True,True
006208,2022-10-26 11:50:50.462933,-0.001777777777777767,0.0,-0.10000000000000142,0.0,56.2,56.25,56.15,56.2,1.0,109.0,2279.0,1084.0,False,False
006208,2022-10-26 11:50:51.606577,-0.001777777777777767,0.0,-0.10000000000000142,0.0,56.2,56.25,56.15,56.2,1.0,109.0,2279.0,1084.0,False,False
006208,2022-10-26 11:50:51.613136,-0.001777777777777767,0.0,-0.10000000000000142,0.0,56.2,56.25,56.15,56.2,1.0,109.0,2279.0,1084.0,False,False
006208,2022-10-26 11:50:51.742565,-0.001777777777777767,0.0,-0.10000000000000142,0.0,56.2,56.25,56.15,56.2,1.0,109.0,2279.0,1084.0,False,False
006208,2022-10-26 11:50:56.071611,-0.001777777777777767,0.0,-0.10000000000000142,0.0,56.2,56.25,56.15,56.2,1.0,106.0,2279.0,1084.0,False,False
006208,2022-10-26 11:50:58.125036,-0.001777777777777767,0.0,-0.10000000000000142,0.0,56.2,56.25,56.15,56.2,1.0,105.0,2279.0,1084.0,False,False
006208,2022-10-26 11:50:59.207492,-0.001777777777777767,0.0,-0.10000000000000142,0.0,56.2,56.25,56.15,56.2,1.0,86.0,2279.0,1084.0,False,False
006208,2022-10-26 11:50:59.405241,-0.001777777777777767,0.0,-0.10000000000000142,0.0,56.2,56.25,56.15,56.2,1.0,86.0,2279.0,1084.0,False,False
006208,2022-10-26 11:50:59.405550,-0.001777777777777767,0.0,-0.10000000000000142,0.0,56.2,56.25,56.15,56.2,76.0,86.0,2279.0,1084.0,False,False
006208,2022-10-26 11:50:59.485135,-0.001777777777777767,0.0,-0.10000000000000142,0.0,56.2,56.25,56.15,56.2,76.0,86.0,2279.0,1084.0,False,False
006208,2022-10-26 11:51:00.485162,-0.001777777777777767,0.0,-0.10000000000000142,0.0,56.2,56.25,56.15,56.2,76.0,84.0,2279.0,1084.0,False,False
006208,2022-10-26 11:51:01.740385,-0.001777777777777767,0.0,-0.10000000000000142,0.0,56.2,56.25,56.15,56.2,76.0,84.0,2279.0,1084.0,False,False
006208,2022-10-26 11:51:01.744070,-0.001777777777777767,0.0,-0.10000000000000142,0.0,56.2,56.25,56.15,56.2,76.0,84.0,2279.0,1084.0,False,False
006208,2022-10-26 11:51:01.881823,-0.001777777777777767,0.0,-0.10000000000000142,0.0,56.2,56.25,56.15,56.2,76.0,84.0,2279.0,1084.0,False,False
006208,2022-10-26 11:51:04.165965,-0.001777777777777767,0.0,-0.10000000000000142,0.0,56.2,56.25,56.15,56.2,76.0,84.0,2279.0,1084.0,False,False
006208,2022-10-26 11:51:04.256130,-0.001777777777777767,0.0,-0.10000000000000142,0.0,56.2,56.25,56.15,56.2,76.0,84.0,2279.0,1084.0,False,False
006208,2022-10-26 11:51:04.616616,-0.001777777777777767,0.0,-0.10000000000000142,0.0,56.2,56.25,56.15,56.2,1.0,84.0,2279.0,1084.0,False,False
006208,2022-10-26 11:51:04.617003,-0.001777777777777767,0.0,-0.10000000000000142,0.0,56.2,56.25,56.15,56.2,1.0,84.0,2279.0,1084.0,False,False
006208,2022-10-26 11:51:04.696673,-0.001777777777777767,0.0,-0.10000000000000142,0.0,56.2,56.25,56.15,56.2,1.0,84.0,2279.0,1084.0,False,False
006208,2022-10-26 11:51:07.509808,-0.001777777777777767,0.0,-0.10000000000000142,0.0,56.2,56.25,56.15,56.2,1.0,84.0,2279.0,1084.0,False,False
006208,2022-10-26 11:51:07.510736,-0.001777777777777767,0.0,-0.10000000000000142,0.0,56.2,56.25,56.15,56.2,76.0,84.0,2279.0,1084.0,False,False
006208,2022-10-26 11:51:07.575777,-0.001777777777777767,0.0,-0.10000000000000142,0.0,56.2,56.25,56.15,56.2,76.0,84.0,2279.0,1084.0,False,False
006208,2022-10-26 11:51:07.581563,-0.001777777777777767,0.0,-0.10000000000000142,0.0,56.2,56.25,56.15,56.2,76.0,84.0,2279.0,1084.0,False,False
006208,2022-10-26 11:51:08.106146,-0.001777777777777767,0.0,-0.10000000000000142,0.0,56.2,56.25,56.15,56.2,76.0,84.0,2279.0,1084.0,False,False
006208,2022-10-26 11:51:08.125909,-0.001777777777777767,0.0,-0.10000000000000142,0.0,56.2,56.25,56.15,56.2,76.0,84.0,2279.0,1084.0,False,False
006208,2022-10-26 11:51:08.583044,-0.001777777777777767,0.0,-0.10000000000000142,0.0,56.2,56.25,56.15,56.2,76.0,84.0,2779.0,1084.0,True,True
006208,2022-10-26 11:51:09.544690,-0.001777777777777767,0.0,-0.10000000000000142,0.0,56.2,56.25,56.15,56.2,76.0,84.0,2779.0,1084.0,False,False
006208,2022-10-26 11:51:09.563094,-0.001777777777777767,0.0,-0.10000000000000142,0.0,56.2,56.25,56.15,56.2,76.0,84.0,2779.0,1084.0,False,False
006208,2022-10-26 11:51:10.475359,-0.001777777777777767,0.0,-0.10000000000000142,0.0,56.2,56.25,56.15,56.2,76.0,83.0,2779.0,1084.0,False,False
006208,2022-10-26 11:51:10.741901,-0.001777777777777767,0.0,-0.10000000000000142,0.0,56.2,56.25,56.15,56.2,76.0,36.0,2779.0,1084.0,False,False
006208,2022-10-26 11:51:11.348124,-0.001777777777777767,0.0,-0.10000000000000142,0.0,56.2,56.25,56.15,56.2,76.0,86.0,2779.0,1084.0,False,False
006208,2022-10-26 11:51:11.864217,-0.001777777777777767,0.0,-0.10000000000000142,0.0,56.2,56.25,56.15,56.2,76.0,86.0,2779.0,1084.0,False,False
006208,2022-10-26 11:51:11.869771,-0.001777777777777767,0.0,-0.10000000000000142,0.0,56.2,56.25,56.15,56.2,76.0,86.0,2779.0,1084.0,False,False
006208,2022-10-26 11:51:12.000432,-0.001777777777777767,0.0,-0.10000000000000142,0.0,56.2,56.25,56.15,56.2,76.0,86.0,2779.0,1084.0,False,False
006208,2022-10-26 11:51:12.210193,-0.001777777777777767,0.0,-0.10000000000000142,0.0,56.2,56.25,56.15,56.2,76.0,86.0,2779.0,1084.0,False,False
006208,2022-10-26 11:51:12.224195,-0.001777777777777767,0.0,-0.10000000000000142,0.0,56.2,56.25,56.15,56.2,76.0,86.0,2779.0,1084.0,False,False
006208,2022-10-26 11:51:20.480900,-0.001777777777777767,0.0,-0.10000000000000142,0.0,56.2,56.25,56.15,56.2,76.0,84.0,2779.0,1084.0,False,False
006208,2022-10-26 11:51:20.556334,-0.001777777777777767,0.0,-0.10000000000000142,0.0,56.2,56.25,56.15,56.2,76.0,84.0,2779.0,1084.0,False,False
006208,2022-10-26 11:51:20.565968,-0.001777777777777767,0.0,-0.10000000000000142,0.0,56.2,56.25,56.15,56.2,76.0,84.0,2779.0,1084.0,False,False
006208,2022-10-26 11:51:21.996397,-0.001777777777777767,0.0,-0.10000000000000142,0.0,56.2,56.25,56.15,56.2,76.0,84.0,2779.0,1084.0,False,False
006208,2022-10-26 11:51:22.004387,-0.001777777777777767,0.0,-0.10000000000000142,0.0,56.2,56.25,56.15,56.2,76.0,84.0,2779.0,1084.0,False,False
006208,2022-10-26 11:51:22.163739,-0.001777777777777767,0.0,-0.10000000000000142,0.0,56.2,56.25,56.15,56.2,1.0,84.0,2779.0,1084.0,False,False
006208,2022-10-26 11:51:22.290957,-0.001777777777777767,0.0,-0.10000000000000142,0.0,56.2,56.25,56.15,56.2,1.0,84.0,2779.0,1084.0,False,False
006208,2022-10-26 11:51:23.162606,-0.001777777777777767,0.0,-0.10000000000000142,0.0,56.2,56.25,56.15,56.2,1.0,84.0,2779.0,1084.0,False,False
006208,2022-10-26 11:51:25.676157,-0.001777777777777767,0.0,-0.10000000000000142,0.0,56.2,56.25,56.15,56.2,1.0,84.0,2779.0,1084.0,False,False
006208,2022-10-26 11:51:25.756406,-0.001777777777777767,0.0,-0.10000000000000142,0.0,56.2,56.25,56.15,56.2,1.0,84.0,2779.0,1084.0,False,False
006208,2022-10-26 11:51:26.110732,-0.001777777777777767,0.0,-0.10000000000000142,0.0,56.2,56.25,56.15,56.2,1.0,84.0,2779.0,1084.0,False,False
006208,2022-10-26 11:51:26.122917,-0.001777777777777767,0.0,-0.10000000000000142,0.0,56.2,56.25,56.15,56.2,1.0,84.0,2779.0,1084.0,False,False
006208,2022-10-26 11:51:28.675375,-0.001777777777777767,0.0,-0.10000000000000142,0.0,56.2,56.25,56.15,56.2,1.0,84.0,2779.0,1084.0,True,True
006208,2022-10-26 11:51:29.728448,-0.001777777777777767,0.0,-0.10000000000000142,0.0,56.2,56.25,56.15,56.2,1.0,84.0,2779.0,1084.0,False,False
006208,2022-10-26 11:51:30.486327,-0.001777777777777767,0.0,-0.10000000000000142,0.0,56.2,56.25,56.15,56.2,1.0,83.0,2779.0,1084.0,False,False
006208,2022-10-26 11:51:30.998315,-0.001777777777777767,0.0,-0.10000000000000142,0.0,56.2,56.25,56.15,56.2,1.0,83.0,2779.0,1084.0,False,False
006208,2022-10-26 11:51:31.007979,-0.001777777777777767,0.0,-0.10000000000000142,0.0,56.2,56.25,56.15,56.2,1.0,83.0,2779.0,1084.0,False,False
006208,2022-10-26 11:51:32.114601,-0.001777777777777767,0.0,-0.10000000000000142,0.0,56.2,56.25,56.15,56.2,1.0,82.0,2779.0,1084.0,False,False
006208,2022-10-26 11:51:32.119842,-0.001777777777777767,0.0,-0.10000000000000142,0.0,56.2,56.25,56.15,56.2,1.0,82.0,2779.0,1084.0,False,False
006208,2022-10-26 11:51:32.129035,-0.001777777777777767,0.0,-0.10000000000000142,0.0,56.2,56.25,56.15,56.2,1.0,82.0,2779.0,1084.0,False,False
006208,2022-10-26 11:51:32.259220,-0.001777777777777767,0.0,-0.10000000000000142,0.0,56.2,56.25,56.15,56.2,1.0,82.0,2779.0,1084.0,False,False
006208,2022-10-26 11:51:36.345787,-0.001777777777777767,0.0,-0.10000000000000142,0.0,56.2,56.25,56.15,56.2,1.0,84.0,2779.0,1084.0,False,False
006208,2022-10-26 11:51:38.717121,-0.001777777777777767,0.0,-0.10000000000000142,0.0,56.2,56.25,56.15,56.2,1.0,84.0,2779.0,1081.0,True,True
006208,2022-10-26 11:51:40.491256,-0.001777777777777767,0.0,-0.10000000000000142,0.0,56.2,56.25,56.15,56.2,1.0,83.0,2779.0,1081.0,False,False
006208,2022-10-26 11:51:41.129091,-0.001777777777777767,0.0,-0.10000000000000142,0.0,56.2,56.25,56.15,56.2,1.0,83.0,2779.0,1081.0,False,False
006208,2022-10-26 11:51:41.131995,-0.001777777777777767,0.0,-0.10000000000000142,0.0,56.2,56.25,56.15,56.2,1.0,83.0,2779.0,1081.0,False,False
006208,2022-10-26 11:51:41.642661,-0.001777777777777767,0.0,-0.10000000000000142,0.0,56.2,56.25,56.15,56.2,1.0,83.0,2779.0,1081.0,False,False
006208,2022-10-26 11:51:41.785501,-0.001777777777777767,0.0,-0.10000000000000142,0.0,56.2,56.25,56.15,56.2,1.0,83.0,2779.0,1081.0,False,False
006208,2022-10-26 11:51:41.793940,-0.001777777777777767,0.0,-0.10000000000000142,0.0,56.2,56.25,56.15,56.2,1.0,83.0,2779.0,1081.0,False,False
006208,2022-10-26 11:51:42.078822,-0.001777777777777767,0.0,-0.10000000000000142,0.0,56.2,56.25,56.15,56.2,1.0,82.0,2779.0,1081.0,False,False
006208,2022-10-26 11:51:42.260755,-0.001777777777777767,0.0,-0.10000000000000142,0.0,56.2,56.25,56.15,56.2,1.0,82.0,2779.0,1081.0,False,False
006208,2022-10-26 11:51:42.265827,-0.001777777777777767,0.0,-0.10000000000000142,0.0,56.2,56.25,56.15,56.2,1.0,82.0,2779.0,1081.0,False,False
006208,2022-10-26 11:51:42.389662,-0.001777777777777767,0.0,-0.10000000000000142,0.0,56.2,56.25,56.15,56.2,1.0,82.0,2779.0,1081.0,False,False
006208,2022-10-26 11:51:48.756944,-0.001777777777777767,0.0,-0.10000000000000142,0.0,56.2,56.25,56.15,56.2,1.0,82.0,2794.0,581.0,True,True
006208,2022-10-26 11:51:50.511987,-0.001777777777777767,0.0,-0.10000000000000142,0.0,56.2,56.25,56.15,56.2,1.0,80.0,2794.0,581.0,False,False
006208,2022-10-26 11:51:52.382983,-0.001777777777777767,0.0,-0.10000000000000142,0.0,56.2,56.25,56.15,56.2,1.0,80.0,2794.0,581.0,False,False
006208,2022-10-26 11:51:52.388462,-0.001777777777777767,0.0,-0.10000000000000142,0.0,56.2,56.25,56.15,56.2,1.0,80.0,2794.0,581.0,False,False
006208,2022-10-26 11:51:52.545196,-0.001777777777777767,0.0,-0.10000000000000142,0.0,56.2,56.25,56.15,56.2,1.0,80.0,2794.0,581.0,False,False
006208,2022-10-26 11:51:58.811515,-0.001777777777777767,0.0,-0.10000000000000142,0.0,56.2,56.25,56.15,56.2,1.0,80.0,2794.0,611.0,True,True
006208,2022-10-26 11:52:00.517207,-0.001777777777777767,0.0,-0.10000000000000142,0.0,56.2,56.25,56.15,56.2,1.0,79.0,2794.0,611.0,False,False
006208,2022-10-26 11:52:00.542750,-0.001777777777777767,0.0,-0.10000000000000142,0.0,56.2,56.25,56.15,56.2,1.0,79.0,2794.0,611.0,False,False
006208,2022-10-26 11:52:01.543716,-0.001777777777777767,0.0,-0.10000000000000142,0.0,56.2,56.25,56.15,56.2,1.0,79.0,2794.0,611.0,False,False
006208,2022-10-26 11:52:02.507806,-0.001777777777777767,0.0,-0.10000000000000142,0.0,56.2,56.25,56.15,56.2,1.0,79.0,2794.0,611.0,False,False
006208,2022-10-26 11:52:02.532422,-0.001777777777777767,0.0,-0.10000000000000142,0.0,56.2,56.25,56.15,56.2,1.0,79.0,2794.0,611.0,False,False
006208,2022-10-26 11:52:02.692026,-0.001777777777777767,0.0,-0.10000000000000142,0.0,56.2,56.25,56.15,56.2,1.0,79.0,2794.0,611.0,False,False
006208,2022-10-26 11:52:03.534034,-0.001777777777777767,0.0,-0.10000000000000142,0.0,56.2,56.25,56.15,56.2,1.0,179.0,2794.0,611.0,False,False
006208,2022-10-26 11:52:08.050122,-0.001777777777777767,0.0,-0.10000000000000142,0.0,56.2,56.25,56.15,56.2,1.0,179.0,2794.0,611.0,False,True
006208,2022-10-26 11:52:10.506890,-0.001777777777777767,0.0,-0.10000000000000142,0.0,56.2,56.25,56.15,56.2,1.0,178.0,2794.0,611.0,False,False
006208,2022-10-26 11:52:10.542095,-0.001777777777777767,0.0,-0.10000000000000142,0.0,56.2,56.25,56.15,56.2,1.0,78.0,2794.0,611.0,False,False
006208,2022-10-26 11:52:11.542861,-0.001777777777777767,0.0,-0.10000000000000142,0.0,56.2,56.25,56.15,56.2,1.0,78.0,2794.0,611.0,False,False
006208,2022-10-26 11:52:12.638231,-0.001777777777777767,0.0,-0.10000000000000142,0.0,56.2,56.25,56.15,56.2,1.0,78.0,2794.0,611.0,False,False
006208,2022-10-26 11:52:12.709924,-0.001777777777777767,0.0,-0.10000000000000142,0.0,56.2,56.25,56.15,56.2,1.0,78.0,2794.0,611.0,False,False
006208,2022-10-26 11:52:12.780562,-0.001777777777777767,0.0,-0.10000000000000142,0.0,56.2,56.25,56.15,56.2,1.0,78.0,2794.0,611.0,False,False
006208,2022-10-26 11:52:13.157830,-0.001777777777777767,0.0,-0.10000000000000142,0.0,56.2,56.25,56.15,56.2,1.0,77.0,2794.0,611.0,False,False
006208,2022-10-26 11:52:18.100893,-0.001777777777777767,0.0,-0.10000000000000142,0.0,56.2,56.25,56.15,56.2,1.0,77.0,2794.0,1411.0,True,True
006208,2022-10-26 11:52:20.527284,-0.001777777777777767,0.0,-0.10000000000000142,0.0,56.2,56.25,56.15,56.2,1.0,75.0,2794.0,1411.0,False,False
006208,2022-10-26 11:52:22.768700,-0.001777777777777767,0.0,-0.10000000000000142,0.0,56.2,56.25,56.15,56.2,1.0,75.0,2794.0,1411.0,False,False
006208,2022-10-26 11:52:22.770826,-0.001777777777777767,0.0,-0.10000000000000142,0.0,56.2,56.25,56.15,56.2,1.0,75.0,2794.0,1411.0,False,False
006208,2022-10-26 11:52:22.940573,-0.001777777777777767,0.0,-0.10000000000000142,0.0,56.2,56.25,56.15,56.2,1.0,75.0,2794.0,1411.0,False,False
006208,2022-10-26 11:52:23.033759,-0.001777777777777767,0.0,-0.10000000000000142,0.0,56.2,56.25,56.15,56.2,1.0,75.0,2794.0,1411.0,False,False
006208,2022-10-26 11:52:28.140052,-0.001777777777777767,0.0,-0.10000000000000142,0.0,56.2,56.25,56.15,56.2,1.0,75.0,2794.0,1666.0,True,True
006208,2022-10-26 11:52:30.516928,-0.001777777777777767,0.0,-0.10000000000000142,0.0,56.2,56.25,56.15,56.2,1.0,74.0,2794.0,1666.0,False,False
006208,2022-10-26 11:52:32.896425,-0.001777777777777767,0.0,-0.10000000000000142,0.0,56.2,56.25,56.15,56.2,1.0,74.0,2794.0,1666.0,False,False
006208,2022-10-26 11:52:32.900339,-0.001777777777777767,0.0,-0.10000000000000142,0.0,56.2,56.25,56.15,56.2,1.0,74.0,2794.0,1666.0,False,False
006208,2022-10-26 11:52:33.031534,-0.001777777777777767,0.0,-0.10000000000000142,0.0,56.2,56.25,56.15,56.2,1.0,74.0,2794.0,1666.0,False,False
006208,2022-10-26 11:52:40.537275,-0.001777777777777767,0.0,-0.10000000000000142,0.0,56.2,56.25,56.15,56.2,1.0,72.0,2794.0,1666.0,False,False
006208,2022-10-26 11:52:43.022436,-0.001777777777777767,0.0,-0.10000000000000142,0.0,56.2,56.25,56.15,56.2,1.0,72.0,2794.0,1666.0,False,False
006208,2022-10-26 11:52:43.025794,-0.001777777777777767,0.0,-0.10000000000000142,0.0,56.2,56.25,56.15,56.2,1.0,72.0,2794.0,1666.0,False,False
006208,2022-10-26 11:52:43.166284,-0.001777777777777767,0.0,-0.10000000000000142,0.0,56.2,56.25,56.15,56.2,1.0,72.0,2794.0,1666.0,False,False
006208,2022-10-26 11:52:43.408084,-0.001777777777777767,0.0,-0.10000000000000142,0.0,56.2,56.25,56.15,56.2,1.0,72.0,2794.0,1666.0,False,False
006208,2022-10-26 11:52:43.419875,-0.001777777777777767,0.0,-0.10000000000000142,0.0,56.2,56.25,56.15,56.2,1.0,72.0,2794.0,1666.0,False,False
006208,2022-10-26 11:52:46.138799,-0.001777777777777767,0.0,-0.10000000000000142,0.0,56.2,56.25,56.15,56.2,1.0,72.0,2794.0,1666.0,False,False
006208,2022-10-26 11:52:46.147580,-0.001777777777777767,0.0,-0.10000000000000142,0.0,56.2,56.25,56.15,56.2,1.0,72.0,2794.0,1666.0,False,False
006208,2022-10-26 11:52:46.477504,-0.001777777777777767,0.0,-0.10000000000000142,0.0,56.2,56.25,56.15,56.2,1.0,71.0,2794.0,1666.0,False,False
006208,2022-10-26 11:52:47.159289,-0.001777777777777767,0.0,-0.10000000000000142,0.0,56.2,56.25,56.15,56.2,1.0,70.0,2794.0,1666.0,False,False
006208,2022-10-26 11:52:50.526905,-0.001777777777777767,0.0,-0.10000000000000142,0.0,56.2,56.25,56.15,56.2,1.0,69.0,2794.0,1666.0,False,False
006208,2022-10-26 11:52:53.151086,-0.001777777777777767,0.0,-0.10000000000000142,0.0,56.2,56.25,56.15,56.2,1.0,69.0,2794.0,1666.0,False,False
006208,2022-10-26 11:52:53.154463,-0.001777777777777767,0.0,-0.10000000000000142,0.0,56.2,56.25,56.15,56.2,1.0,69.0,2794.0,1666.0,False,False
006208,2022-10-26 11:52:53.285461,-0.001777777777777767,0.0,-0.10000000000000142,0.0,56.2,56.25,56.15,56.2,1.0,69.0,2794.0,1666.0,False,False
006208,2022-10-26 11:52:58.284136,-0.001777777777777767,0.0,-0.10000000000000142,0.0,56.2,56.25,56.15,56.2,1.0,69.0,2794.0,1655.0,True,True
006208,2022-10-26 11:52:59.438157,-0.001777777777777767,0.0,-0.10000000000000142,0.0,56.2,56.25,56.15,56.2,1.0,109.0,2794.0,1655.0,False,False
006208,2022-10-26 11:53:00.531911,-0.001777777777777767,0.0,-0.10000000000000142,0.0,56.2,56.25,56.15,56.2,1.0,108.0,2794.0,1655.0,False,False
006208,2022-10-26 11:53:03.276195,-0.001777777777777767,0.0,-0.10000000000000142,0.0,56.2,56.25,56.15,56.2,1.0,108.0,2794.0,1655.0,False,False
006208,2022-10-26 11:53:03.283566,-0.001777777777777767,0.0,-0.10000000000000142,0.0,56.2,56.25,56.15,56.2,1.0,108.0,2794.0,1655.0,False,False
006208,2022-10-26 11:53:03.446612,-0.001777777777777767,0.0,-0.10000000000000142,0.0,56.2,56.25,56.15,56.2,1.0,108.0,2794.0,1655.0,False,False
006208,2022-10-26 11:53:03.522251,-0.001777777777777767,0.0,-0.10000000000000142,0.0,56.2,56.25,56.15,56.2,1.0,108.0,2794.0,1655.0,False,False
006208,2022-10-26 11:53:07.619624,-0.001777777777777767,0.0,-0.10000000000000142,0.0,56.2,56.25,56.15,56.2,1.0,108.0,2794.0,1655.0,False,False
006208,2022-10-26 11:53:07.701222,-0.001777777777777767,0.0,-0.10000000000000142,0.0,56.2,56.25,56.15,56.2,1.0,108.0,2794.0,1655.0,False,False
006208,2022-10-26 11:53:08.329945,-0.001777777777777767,0.0,-0.10000000000000142,0.0,56.2,56.25,56.15,56.2,1.0,108.0,2894.0,1655.0,True,True
006208,2022-10-26 11:53:10.536939,-0.001777777777777767,0.0,-0.10000000000000142,0.0,56.2,56.25,56.15,56.2,1.0,106.0,2894.0,1655.0,False,False
006208,2022-10-26 11:53:13.406877,-0.001777777777777767,0.0,-0.10000000000000142,0.0,56.2,56.25,56.15,56.2,1.0,106.0,2894.0,1655.0,False,False
006208,2022-10-26 11:53:13.410266,-0.001777777777777767,0.0,-0.10000000000000142,0.0,56.2,56.25,56.15,56.2,1.0,106.0,2894.0,1655.0,False,False
006208,2022-10-26 11:53:13.542109,-0.001777777777777767,0.0,-0.10000000000000142,0.0,56.2,56.25,56.15,56.2,1.0,106.0,2894.0,1655.0,False,False
006208,2022-10-26 11:53:18.389008,-0.001777777777777767,0.0,-0.10000000000000142,0.0,56.2,56.25,56.15,56.2,1.0,106.0,2894.0,943.0,True,True
006208,2022-10-26 11:53:19.093716,-0.001777777777777767,0.0,-0.10000000000000142,0.0,56.2,56.25,56.15,56.2,1.0,105.0,2894.0,943.0,False,False
006208,2022-10-26 11:53:20.200585,-0.001777777777777767,0.0,-0.10000000000000142,0.0,56.2,56.25,56.15,56.2,1.0,104.0,2894.0,943.0,False,False
006208,2022-10-26 11:53:20.541904,-0.001777777777777767,0.0,-0.10000000000000142,0.0,56.2,56.25,56.15,56.2,1.0,103.0,2894.0,943.0,False,False
006208,2022-10-26 11:53:20.877076,-0.001777777777777767,0.0,-0.10000000000000142,0.0,56.2,56.25,56.15,56.2,1.0,95.0,2894.0,943.0,False,False
006208,2022-10-26 11:53:20.889111,-0.001777777777777767,0.0,-0.10000000000000142,0.0,56.2,56.25,56.15,56.2,1.0,95.0,2894.0,943.0,False,False
006208,2022-10-26 11:53:21.875226,-0.001777777777777767,0.0,-0.10000000000000142,0.0,56.2,56.25,56.15,56.2,1.0,95.0,2894.0,943.0,False,False
006208,2022-10-26 11:53:21.887226,-0.001777777777777767,0.0,-0.10000000000000142,0.0,56.2,56.25,56.15,56.2,1.0,125.0,2894.0,943.0,False,False
006208,2022-10-26 11:53:22.067031,-0.001777777777777767,0.0,-0.10000000000000142,0.0,56.2,56.25,56.15,56.2,1.0,125.0,2894.0,943.0,False,False
006208,2022-10-26 11:53:23.484385,-0.001777777777777767,0.0,-0.10000000000000142,0.0,56.2,56.25,56.15,56.2,1.0,145.0,2894.0,943.0,False,False
006208,2022-10-26 11:53:23.534617,-0.001777777777777767,0.0,-0.10000000000000142,0.0,56.2,56.25,56.15,56.2,1.0,145.0,2894.0,943.0,False,False
006208,2022-10-26 11:53:23.544744,-0.001777777777777767,0.0,-0.10000000000000142,0.0,56.2,56.25,56.15,56.2,1.0,145.0,2894.0,943.0,False,False
006208,2022-10-26 11:53:23.746679,-0.001777777777777767,0.0,-0.10000000000000142,0.0,56.2,56.25,56.15,56.2,1.0,145.0,2894.0,943.0,False,False
006208,2022-10-26 11:53:23.819667,-0.001777777777777767,0.0,-0.10000000000000142,0.0,56.2,56.25,56.15,56.2,1.0,145.0,2894.0,943.0,False,False
006208,2022-10-26 11:53:23.908541,-0.001777777777777767,0.0,-0.10000000000000142,0.0,56.2,56.25,56.15,56.2,1.0,145.0,2894.0,943.0,False,False
006208,2022-10-26 11:53:26.154878,-0.001777777777777767,0.0,-0.10000000000000142,0.0,56.2,56.25,56.15,56.2,1.0,145.0,2894.0,943.0,False,False
006208,2022-10-26 11:53:26.154995,-0.001777777777777767,0.0,-0.10000000000000142,0.0,56.2,56.25,56.15,56.2,1.0,165.0,2894.0,943.0,False,False
006208,2022-10-26 11:53:30.547253,-0.001777777777777767,0.0,-0.10000000000000142,0.0,56.2,56.25,56.15,56.2,1.0,163.0,2894.0,943.0,False,False
006208,2022-10-26 11:53:30.669701,-0.001777777777777767,0.0,-0.10000000000000142,0.0,56.2,56.25,56.15,56.2,1.0,143.0,2894.0,943.0,False,False
006208,2022-10-26 11:53:30.669835,-0.001777777777777767,0.0,-0.10000000000000142,0.0,56.2,56.25,56.15,56.2,1.0,143.0,2894.0,943.0,False,False
006208,2022-10-26 11:53:33.662801,-0.001777777777777767,0.0,-0.10000000000000142,0.0,56.2,56.25,56.15,56.2,1.0,143.0,2894.0,943.0,False,False
006208,2022-10-26 11:53:33.666208,-0.001777777777777767,0.0,-0.10000000000000142,0.0,56.2,56.25,56.15,56.2,1.0,143.0,2894.0,943.0,False,False
006208,2022-10-26 11:53:33.810578,-0.001777777777777767,0.0,-0.10000000000000142,0.0,56.2,56.25,56.15,56.2,1.0,143.0,2894.0,943.0,False,False
006208,2022-10-26 11:53:38.469373,-0.001777777777777767,0.0,-0.10000000000000142,0.0,56.2,56.25,56.15,56.2,1.0,143.0,2894.0,922.0,True,True
006208,2022-10-26 11:53:40.567815,-0.001777777777777767,0.0,-0.10000000000000142,0.0,56.2,56.25,56.15,56.2,1.0,142.0,2894.0,922.0,False,False
006208,2022-10-26 11:53:40.740198,-0.001777777777777767,0.0,-0.10000000000000142,0.0,56.2,56.25,56.15,56.2,1.0,141.0,2894.0,922.0,False,False
006208,2022-10-26 11:53:43.796363,-0.001777777777777767,0.0,-0.10000000000000142,0.0,56.2,56.25,56.15,56.2,1.0,141.0,2894.0,922.0,False,False
006208,2022-10-26 11:53:43.799495,-0.001777777777777767,0.0,-0.10000000000000142,0.0,56.2,56.25,56.15,56.2,1.0,141.0,2894.0,922.0,False,False
006208,2022-10-26 11:53:43.927484,-0.001777777777777767,0.0,-0.10000000000000142,0.0,56.2,56.25,56.15,56.2,1.0,141.0,2894.0,922.0,False,False
006208,2022-10-26 11:53:44.982818,-0.001777777777777767,0.0,-0.10000000000000142,0.0,56.2,56.25,56.15,56.2,1.0,92.0,2894.0,922.0,False,False
006208,2022-10-26 11:53:45.596883,-0.001777777777777767,0.0,-0.10000000000000142,0.0,56.2,56.25,56.15,56.2,1.0,142.0,2894.0,922.0,False,False
006208,2022-10-26 11:53:46.828438,-0.001777777777777767,0.0,-0.10000000000000142,0.0,56.2,56.25,56.15,56.2,1.0,142.0,2894.0,922.0,False,False
006208,2022-10-26 11:53:46.828583,-0.001777777777777767,0.0,-0.10000000000000142,0.0,56.2,56.25,56.15,56.2,76.0,142.0,2894.0,922.0,False,False
006208,2022-10-26 11:53:50.557281,-0.001777777777777767,0.0,-0.10000000000000142,0.0,56.2,56.25,56.15,56.2,76.0,141.0,2894.0,922.0,False,False
006208,2022-10-26 11:53:51.489203,-0.001777777777777767,0.0,-0.10000000000000142,0.0,56.2,56.25,56.15,56.2,76.0,141.0,2894.0,922.0,False,False
006208,2022-10-26 11:53:53.919936,-0.001777777777777767,0.0,-0.10000000000000142,0.0,56.2,56.25,56.15,56.2,76.0,141.0,2894.0,922.0,False,False
006208,2022-10-26 11:53:53.922748,-0.001777777777777767,0.0,-0.10000000000000142,0.0,56.2,56.25,56.15,56.2,76.0,141.0,2894.0,922.0,False,False
006208,2022-10-26 11:53:54.071325,-0.001777777777777767,0.0,-0.10000000000000142,0.0,56.2,56.25,56.15,56.2,76.0,141.0,2894.0,922.0,False,False
006208,2022-10-26 11:53:54.214404,-0.001777777777777767,0.0,-0.10000000000000142,0.0,56.2,56.25,56.15,56.2,76.0,140.0,2894.0,922.0,False,False
006208,2022-10-26 11:53:56.796903,-0.001777777777777767,0.0,-0.10000000000000142,0.0,56.2,56.25,56.15,56.2,76.0,140.0,2894.0,922.0,False,False
006208,2022-10-26 11:53:56.797053,-0.001777777777777767,0.0,-0.10000000000000142,0.0,56.2,56.25,56.15,56.2,76.0,140.0,2894.0,922.0,False,False
006208,2022-10-26 11:53:58.547575,-0.001777777777777767,0.0,-0.10000000000000142,0.0,56.2,56.25,56.15,56.2,76.0,140.0,3001.0,922.0,True,True
006208,2022-10-26 11:53:59.492848,-0.001777777777777767,0.0,-0.10000000000000142,0.0,56.2,56.25,56.15,56.2,76.0,139.0,3001.0,922.0,False,False
006208,2022-10-26 11:54:00.562325,-0.001777777777777767,0.0,-0.10000000000000142,0.0,56.2,56.25,56.15,56.2,76.0,137.0,3001.0,922.0,False,False
006208,2022-10-26 11:54:04.049428,-0.001777777777777767,0.0,-0.10000000000000142,0.0,56.2,56.25,56.15,56.2,76.0,137.0,3001.0,922.0,False,False
006208,2022-10-26 11:54:04.055364,-0.001777777777777767,0.0,-0.10000000000000142,0.0,56.2,56.25,56.15,56.2,76.0,137.0,3001.0,922.0,False,False
006208,2022-10-26 11:54:04.185624,-0.001777777777777767,0.0,-0.10000000000000142,0.0,56.2,56.25,56.15,56.2,76.0,137.0,3001.0,922.0,False,False
006208,2022-10-26 11:54:05.766601,-0.001777777777777767,0.0,-0.10000000000000142,0.0,56.2,56.25,56.15,56.2,76.0,137.0,3001.0,922.0,False,False
006208,2022-10-26 11:54:10.583036,-0.001777777777777767,0.0,-0.10000000000000142,0.0,56.2,56.25,56.15,56.2,76.0,136.0,3001.0,922.0,False,False
006208,2022-10-26 11:54:11.679313,-0.001777777777777767,0.0,-0.10000000000000142,0.0,56.2,56.25,56.15,56.2,76.0,136.0,3001.0,922.0,False,False
006208,2022-10-26 11:54:13.807959,-0.001777777777777767,0.0,-0.10000000000000142,0.0,56.2,56.25,56.15,56.2,76.0,136.0,3001.0,922.0,False,False
006208,2022-10-26 11:54:14.175848,-0.001777777777777767,0.0,-0.10000000000000142,0.0,56.2,56.25,56.15,56.2,76.0,136.0,3001.0,922.0,False,False
006208,2022-10-26 11:54:14.179950,-0.001777777777777767,0.0,-0.10000000000000142,0.0,56.2,56.25,56.15,56.2,76.0,136.0,3001.0,922.0,False,False
006208,2022-10-26 11:54:14.310334,-0.001777777777777767,0.0,-0.10000000000000142,0.0,56.2,56.25,56.15,56.2,76.0,136.0,3001.0,922.0,False,False
006208,2022-10-26 11:54:16.645060,-0.001777777777777767,0.0,-0.10000000000000142,0.0,56.2,56.25,56.15,56.2,76.0,136.0,3001.0,922.0,False,False
006208,2022-10-26 11:54:16.645210,-0.001777777777777767,0.0,-0.10000000000000142,0.0,56.2,56.25,56.15,56.2,76.0,136.0,3001.0,922.0,False,False
006208,2022-10-26 11:54:18.630026,-0.001777777777777767,0.0,-0.10000000000000142,0.0,56.2,56.25,56.15,56.2,76.0,136.0,3001.0,1222.0,True,True
006208,2022-10-26 11:54:19.811489,-0.001777777777777767,0.0,-0.10000000000000142,0.0,56.2,56.25,56.15,56.2,76.0,136.0,3001.0,1222.0,False,False
006208,2022-10-26 11:54:20.572802,-0.001777777777777767,0.0,-0.10000000000000142,0.0,56.2,56.25,56.15,56.2,76.0,134.0,3001.0,1222.0,False,False
006208,2022-10-26 11:54:21.547714,-0.001777777777777767,0.0,-0.10000000000000142,0.0,56.2,56.25,56.15,56.2,76.0,104.0,3001.0,1222.0,False,False
006208,2022-10-26 11:54:21.557839,-0.001777777777777767,0.0,-0.10000000000000142,0.0,56.2,56.25,56.15,56.2,76.0,104.0,3001.0,1222.0,False,False
006208,2022-10-26 11:54:21.767170,-0.001777777777777767,0.0,-0.10000000000000142,0.0,56.2,56.25,56.15,56.2,76.0,105.0,3001.0,1222.0,False,False
006208,2022-10-26 11:54:22.813754,-0.001777777777777767,0.0,-0.10000000000000142,0.0,56.2,56.25,56.15,56.2,76.0,105.0,3001.0,1222.0,False,False
006208,2022-10-26 11:54:22.895060,-0.001777777777777767,0.0,-0.10000000000000142,0.0,56.2,56.25,56.15,56.2,76.0,105.0,3001.0,1222.0,False,False
006208,2022-10-26 11:54:23.200292,-0.001777777777777767,0.0,-0.10000000000000142,0.0,56.2,56.25,56.15,56.2,76.0,105.0,3001.0,1222.0,False,False
006208,2022-10-26 11:54:23.212158,-0.001777777777777767,0.0,-0.10000000000000142,0.0,56.2,56.25,56.15,56.2,76.0,105.0,3001.0,1222.0,False,False
006208,2022-10-26 11:54:24.215032,-0.001777777777777767,0.0,-0.10000000000000142,0.0,56.2,56.25,56.15,56.2,76.0,105.0,3001.0,1222.0,False,False
006208,2022-10-26 11:54:24.224659,-0.001777777777777767,0.0,-0.10000000000000142,0.0,56.2,56.25,56.15,56.2,76.0,135.0,3001.0,1222.0,False,False
006208,2022-10-26 11:54:24.375463,-0.001777777777777767,0.0,-0.10000000000000142,0.0,56.2,56.25,56.15,56.2,76.0,135.0,3001.0,1222.0,False,False
006208,2022-10-26 11:54:24.442909,-0.001777777777777767,0.0,-0.10000000000000142,0.0,56.2,56.25,56.15,56.2,76.0,135.0,3001.0,1222.0,False,False
006208,2022-10-26 11:54:24.581155,-0.001777777777777767,0.0,-0.10000000000000142,0.0,56.2,56.25,56.15,56.2,76.0,135.0,3001.0,1222.0,False,False
006208,2022-10-26 11:54:27.235512,-0.001777777777777767,0.0,-0.10000000000000142,0.0,56.2,56.25,56.15,56.2,76.0,134.0,3001.0,1222.0,False,False
006208,2022-10-26 11:54:27.567488,-0.001777777777777767,0.0,-0.10000000000000142,0.0,56.2,56.25,56.15,56.2,76.0,104.0,3001.0,1222.0,False,False
006208,2022-10-26 11:54:27.578447,-0.001777777777777767,0.0,-0.10000000000000142,0.0,56.2,56.25,56.15,56.2,76.0,104.0,3001.0,1222.0,False,False
006208,2022-10-26 11:54:28.199316,-0.001777777777777767,0.0,-0.10000000000000142,0.0,56.2,56.25,56.15,56.2,76.0,104.0,3001.0,1222.0,False,False
006208,2022-10-26 11:54:28.207039,-0.001777777777777767,0.0,-0.10000000000000142,0.0,56.2,56.25,56.15,56.2,76.0,104.0,3001.0,1222.0,False,False
006208,2022-10-26 11:54:28.671128,-0.001777777777777767,0.0,-0.10000000000000142,0.0,56.2,56.25,56.15,56.2,76.0,104.0,3001.0,1119.0,True,True
006208,2022-10-26 11:54:28.926999,-0.001777777777777767,0.0,-0.10000000000000142,0.0,56.2,56.25,56.15,56.2,76.0,104.0,3001.0,1119.0,False,False
006208,2022-10-26 11:54:28.927128,-0.001777777777777767,0.0,-0.10000000000000142,0.0,56.2,56.25,56.15,56.2,76.0,104.0,3001.0,1119.0,False,False
006208,2022-10-26 11:54:30.592943,-0.001777777777777767,0.0,-0.10000000000000142,0.0,56.2,56.25,56.15,56.2,76.0,103.0,3001.0,1119.0,False,False
006208,2022-10-26 11:54:32.493689,-0.001777777777777767,0.0,-0.10000000000000142,0.0,56.2,56.25,56.15,56.2,76.0,103.0,3001.0,1119.0,False,False
006208,2022-10-26 11:54:32.496841,-0.001777777777777767,0.0,-0.10000000000000142,0.0,56.2,56.25,56.15,56.2,77.0,103.0,3001.0,1119.0,False,False
006208,2022-10-26 11:54:33.930700,-0.001777777777777767,0.0,-0.10000000000000142,0.0,56.2,56.25,56.15,56.2,77.0,103.0,3001.0,1119.0,False,False
006208,2022-10-26 11:54:33.947403,-0.001777777777777767,0.0,-0.10000000000000142,0.0,56.2,56.25,56.15,56.2,77.0,133.0,3001.0,1119.0,False,False
006208,2022-10-26 11:54:34.422342,-0.001777777777777767,0.0,-0.10000000000000142,0.0,56.2,56.25,56.15,56.2,77.0,133.0,3001.0,1119.0,False,False
006208,2022-10-26 11:54:34.434448,-0.001777777777777767,0.0,-0.10000000000000142,0.0,56.2,56.25,56.15,56.2,77.0,133.0,3001.0,1119.0,False,False
006208,2022-10-26 11:54:34.569123,-0.001777777777777767,0.0,-0.10000000000000142,0.0,56.2,56.25,56.15,56.2,77.0,133.0,3001.0,1119.0,False,False
006208,2022-10-26 11:54:38.116678,-0.001777777777777767,0.0,-0.10000000000000142,0.0,56.2,56.25,56.15,56.2,81.0,133.0,3001.0,1119.0,False,False
006208,2022-10-26 11:54:38.712302,-0.001777777777777767,0.0,-0.10000000000000142,0.0,56.2,56.25,56.15,56.2,81.0,133.0,3001.0,1069.0,True,True
006208,2022-10-26 11:54:40.582431,-0.001777777777777767,0.0,-0.10000000000000142,0.0,56.2,56.25,56.15,56.2,81.0,132.0,3001.0,1069.0,False,False
006208,2022-10-26 11:54:41.202054,-0.001777777777777767,0.0,-0.10000000000000142,0.0,56.2,56.25,56.15,56.2,81.0,132.0,3001.0,1069.0,False,False
006208,2022-10-26 11:54:41.223556,-0.001777777777777767,0.0,-0.10000000000000142,0.0,56.2,56.25,56.15,56.2,81.0,132.0,3001.0,1069.0,False,False
006208,2022-10-26 11:54:44.305024,-0.001777777777777767,0.0,-0.10000000000000142,0.0,56.2,56.25,56.15,56.2,81.0,132.0,3001.0,1069.0,False,False
006208,2022-10-26 11:54:44.324454,-0.001777777777777767,0.0,-0.10000000000000142,0.0,56.2,56.25,56.15,56.2,81.0,132.0,3001.0,1069.0,False,False
006208,2022-10-26 11:54:44.559405,-0.001777777777777767,0.0,-0.10000000000000142,0.0,56.2,56.25,56.15,56.2,81.0,132.0,3001.0,1069.0,False,False
006208,2022-10-26 11:54:44.563022,-0.001777777777777767,0.0,-0.10000000000000142,0.0,56.2,56.25,56.15,56.2,81.0,132.0,3001.0,1069.0,False,False
006208,2022-10-26 11:54:44.696453,-0.001777777777777767,0.0,-0.10000000000000142,0.0,56.2,56.25,56.15,56.2,81.0,132.0,3001.0,1069.0,False,False
006208,2022-10-26 11:54:46.558599,-0.001777777777777767,0.0,-0.10000000000000142,0.0,56.2,56.25,56.15,56.2,81.0,101.0,3001.0,1069.0,False,False
006208,2022-10-26 11:54:48.758683,-0.001777777777777767,0.0,-0.10000000000000142,0.0,56.2,56.25,56.15,56.2,81.0,101.0,3001.0,1119.0,True,True
006208,2022-10-26 11:54:50.249902,-0.001777777777777767,0.0,-0.10000000000000142,0.0,56.2,56.25,56.15,56.2,81.0,101.0,3001.0,1119.0,False,False
006208,2022-10-26 11:54:50.256210,-0.001777777777777767,0.0,-0.10000000000000142,0.0,56.2,56.25,56.15,56.2,81.0,101.0,3001.0,1119.0,False,False
006208,2022-10-26 11:54:50.603176,-0.001777777777777767,0.0,-0.10000000000000142,0.0,56.2,56.25,56.15,56.2,81.0,99.0,3001.0,1119.0,False,False
006208,2022-10-26 11:54:54.669489,-0.001777777777777767,0.0,-0.10000000000000142,0.0,56.2,56.25,56.15,56.2,81.0,99.0,3001.0,1119.0,False,False
006208,2022-10-26 11:54:54.721025,-0.001777777777777767,0.0,-0.10000000000000142,0.0,56.2,56.25,56.15,56.2,81.0,99.0,3001.0,1119.0,False,False
006208,2022-10-26 11:54:54.826466,-0.001777777777777767,0.0,-0.10000000000000142,0.0,56.2,56.25,56.15,56.2,81.0,99.0,3001.0,1119.0,False,False
006208,2022-10-26 11:54:54.991079,-0.001777777777777767,0.0,-0.10000000000000142,0.0,56.2,56.25,56.15,56.2,81.0,99.0,3001.0,1119.0,False,False
006208,2022-10-26 11:54:55.058728,-0.001777777777777767,0.0,-0.10000000000000142,0.0,56.2,56.25,56.15,56.2,81.0,99.0,3001.0,1119.0,False,False
006208,2022-10-26 11:54:58.769430,-0.001777777777777767,0.0,-0.10000000000000142,0.0,56.2,56.25,56.15,56.2,81.0,99.0,3051.0,1101.0,True,True
006208,2022-10-26 11:55:00.526013,-0.001777777777777767,0.0,-0.10000000000000142,0.0,56.2,56.25,56.15,56.2,81.0,98.0,3051.0,1101.0,False,False
006208,2022-10-26 11:55:01.145607,-0.001777777777777767,0.0,-0.10000000000000142,0.0,56.2,56.25,56.15,56.2,81.0,97.0,3051.0,1101.0,False,False
006208,2022-10-26 11:55:02.510160,-0.001777777777777767,0.0,-0.10000000000000142,0.0,56.2,56.25,56.15,56.2,81.0,97.0,3051.0,1101.0,False,False
006208,2022-10-26 11:55:02.524127,-0.001777777777777767,0.0,-0.10000000000000142,0.0,56.2,56.25,56.15,56.2,81.0,97.0,3051.0,1101.0,False,False
006208,2022-10-26 11:55:04.724805,-0.001777777777777767,0.0,-0.10000000000000142,0.0,56.2,56.25,56.15,56.2,81.0,97.0,3051.0,1101.0,False,False
006208,2022-10-26 11:55:04.805568,-0.001777777777777767,0.0,-0.10000000000000142,0.0,56.2,56.25,56.15,56.2,81.0,97.0,3051.0,1101.0,False,False
006208,2022-10-26 11:55:04.857949,-0.001777777777777767,0.0,-0.10000000000000142,0.0,56.2,56.25,56.15,56.2,81.0,97.0,3051.0,1101.0,False,False
006208,2022-10-26 11:55:05.002660,-0.001777777777777767,0.0,-0.10000000000000142,0.0,56.2,56.25,56.15,56.2,81.0,97.0,3051.0,1101.0,False,False
006208,2022-10-26 11:55:05.433097,-0.001777777777777767,0.0,-0.10000000000000142,0.0,56.2,56.25,56.15,56.2,81.0,97.0,3051.0,1101.0,False,False
006208,2022-10-26 11:55:05.776223,-0.001777777777777767,0.0,-0.10000000000000142,0.0,56.2,56.25,56.15,56.2,81.0,97.0,3051.0,1101.0,False,False
006208,2022-10-26 11:55:05.794459,-0.001777777777777767,0.0,-0.10000000000000142,0.0,56.2,56.25,56.15,56.2,81.0,97.0,3051.0,1101.0,False,False
006208,2022-10-26 11:55:08.151143,-0.001777777777777767,0.0,-0.10000000000000142,0.0,56.2,56.25,56.15,56.2,81.0,97.0,3051.0,984.0,False,True
006208,2022-10-26 11:55:10.322289,-0.001777777777777767,0.0,-0.10000000000000142,0.0,56.2,56.25,56.15,56.2,81.0,97.0,3051.0,984.0,False,False
006208,2022-10-26 11:55:10.476594,-0.001777777777777767,0.0,-0.10000000000000142,0.0,56.2,56.25,56.15,56.2,81.0,96.0,3051.0,984.0,False,False
006208,2022-10-26 11:55:14.807371,-0.001777777777777767,0.0,-0.10000000000000142,0.0,56.2,56.25,56.15,56.2,81.0,96.0,3051.0,984.0,False,False
006208,2022-10-26 11:55:14.815196,-0.001777777777777767,0.0,-0.10000000000000142,0.0,56.2,56.25,56.15,56.2,81.0,96.0,3051.0,984.0,False,False
006208,2022-10-26 11:55:14.941946,-0.001777777777777767,0.0,-0.10000000000000142,0.0,56.2,56.25,56.15,56.2,81.0,96.0,3051.0,984.0,False,False
006208,2022-10-26 11:55:17.961127,-0.001777777777777767,0.0,-0.10000000000000142,0.0,56.2,56.25,56.15,56.2,81.0,96.0,3051.0,984.0,False,False
006208,2022-10-26 11:55:18.154251,-0.001777777777777767,0.0,-0.10000000000000142,0.0,56.2,56.25,56.15,56.2,81.0,96.0,3051.0,934.0,True,True
006208,2022-10-26 11:55:18.675498,-0.001777777777777767,0.0,-0.10000000000000142,0.0,56.2,56.25,56.15,56.2,81.0,96.0,3051.0,934.0,False,False
006208,2022-10-26 11:55:19.920132,-0.001777777777777767,0.0,-0.10000000000000142,0.0,56.2,56.25,56.15,56.2,6.0,96.0,3051.0,934.0,False,False
006208,2022-10-26 11:55:19.920330,-0.001777777777777767,0.0,-0.10000000000000142,0.0,56.2,56.25,56.15,56.2,6.0,96.0,3051.0,934.0,False,False
006208,2022-10-26 11:55:20.464157,-0.001777777777777767,0.0,-0.10000000000000142,0.0,56.2,56.25,56.15,56.2,6.0,94.0,3051.0,934.0,False,False
006208,2022-10-26 11:55:24.903140,-0.001777777777777767,0.0,-0.10000000000000142,0.0,56.2,56.25,56.15,56.2,6.0,94.0,3051.0,934.0,False,False
006208,2022-10-26 11:55:24.904780,-0.001777777777777767,0.0,-0.10000000000000142,0.0,56.2,56.25,56.15,56.2,6.0,94.0,3051.0,934.0,False,False
006208,2022-10-26 11:55:24.909913,-0.001777777777777767,0.0,-0.10000000000000142,0.0,56.2,56.25,56.15,56.2,6.0,94.0,3051.0,934.0,False,False
006208,2022-10-26 11:55:25.045344,-0.001777777777777767,0.0,-0.10000000000000142,0.0,56.2,56.25,56.15,56.2,6.0,94.0,3051.0,934.0,False,False
006208,2022-10-26 11:55:27.331669,-0.001777777777777767,0.0,-0.10000000000000142,0.0,56.2,56.25,56.15,56.2,7.0,94.0,3051.0,934.0,False,False
006208,2022-10-26 11:55:29.461248,-0.001777777777777767,0.0,-0.10000000000000142,0.0,56.2,56.25,56.15,56.2,7.0,94.0,3051.0,934.0,False,False
006208,2022-10-26 11:55:29.491124,-0.001777777777777767,0.0,-0.10000000000000142,0.0,56.2,56.25,56.15,56.2,7.0,64.0,3051.0,934.0,False,False
006208,2022-10-26 11:55:30.493691,-0.001777777777777767,0.0,-0.10000000000000142,0.0,56.2,56.25,56.15,56.2,7.0,63.0,3051.0,934.0,False,False
006208,2022-10-26 11:55:31.055011,-0.001777777777777767,0.0,-0.10000000000000142,0.0,56.2,56.25,56.15,56.2,7.0,63.0,3051.0,934.0,False,False
006208,2022-10-26 11:55:31.984954,-0.001777777777777767,0.0,-0.10000000000000142,0.0,56.2,56.25,56.15,56.2,7.0,63.0,3051.0,934.0,False,False
006208,2022-10-26 11:55:31.990277,-0.001777777777777767,0.0,-0.10000000000000142,0.0,56.2,56.25,56.15,56.2,7.0,63.0,3051.0,934.0,False,False
006208,2022-10-26 11:55:34.056032,-0.001777777777777767,0.0,-0.10000000000000142,0.0,56.2,56.25,56.15,56.2,7.0,62.0,3051.0,934.0,False,False
006208,2022-10-26 11:55:35.010561,-0.001777777777777767,0.0,-0.10000000000000142,0.0,56.2,56.25,56.15,56.2,7.0,62.0,3051.0,934.0,False,False
006208,2022-10-26 11:55:35.019439,-0.001777777777777767,0.0,-0.10000000000000142,0.0,56.2,56.25,56.15,56.2,7.0,62.0,3051.0,934.0,False,False
006208,2022-10-26 11:55:35.151608,-0.001777777777777767,0.0,-0.10000000000000142,0.0,56.2,56.25,56.15,56.2,7.0,62.0,3051.0,934.0,False,False
006208,2022-10-26 11:55:40.406136,-0.001777777777777767,0.0,-0.10000000000000142,0.0,56.2,56.25,56.15,56.2,7.0,60.0,3051.0,934.0,False,False
006208,2022-10-26 11:55:45.120772,-0.001777777777777767,0.0,-0.10000000000000142,0.0,56.2,56.25,56.15,56.2,7.0,60.0,3051.0,934.0,False,False
006208,2022-10-26 11:55:45.130190,-0.001777777777777767,0.0,-0.10000000000000142,0.0,56.2,56.25,56.15,56.2,7.0,60.0,3051.0,934.0,False,False
006208,2022-10-26 11:55:45.261507,-0.001777777777777767,0.0,-0.10000000000000142,0.0,56.2,56.25,56.15,56.2,7.0,60.0,3051.0,934.0,False,False
006208,2022-10-26 11:55:50.427451,-0.001777777777777767,0.0,-0.10000000000000142,0.0,56.2,56.25,56.15,56.2,7.0,59.0,3051.0,934.0,False,False
006208,2022-10-26 11:55:55.242086,-0.001777777777777767,0.0,-0.10000000000000142,0.0,56.2,56.25,56.15,56.2,7.0,59.0,3051.0,934.0,False,False
006208,2022-10-26 11:55:55.245242,-0.001777777777777767,0.0,-0.10000000000000142,0.0,56.2,56.25,56.15,56.2,7.0,59.0,3051.0,934.0,False,False
006208,2022-10-26 11:55:55.378278,-0.001777777777777767,0.0,-0.10000000000000142,0.0,56.2,56.25,56.15,56.2,7.0,59.0,3051.0,934.0,False,False
006208,2022-10-26 11:55:58.255497,-0.001777777777777767,0.0,-0.10000000000000142,0.0,56.2,56.25,56.15,56.2,7.0,59.0,3051.0,890.0,True,True
006208,2022-10-26 11:56:00.420796,-0.001777777777777767,0.0,-0.10000000000000142,0.0,56.2,56.25,56.15,56.2,7.0,58.0,3051.0,890.0,False,False
006208,2022-10-26 11:56:05.360201,-0.001777777777777767,0.0,-0.10000000000000142,0.0,56.2,56.25,56.15,56.2,7.0,58.0,3051.0,890.0,False,False
006208,2022-10-26 11:56:05.360204,-0.001777777777777767,0.0,-0.10000000000000142,0.0,56.2,56.25,56.15,56.2,7.0,58.0,3051.0,890.0,False,False
006208,2022-10-26 11:56:05.374478,-0.001777777777777767,0.0,-0.10000000000000142,0.0,56.2,56.25,56.15,56.2,7.0,58.0,3051.0,890.0,False,False
006208,2022-10-26 11:56:05.496232,-0.001777777777777767,0.0,-0.10000000000000142,0.0,56.2,56.25,56.15,56.2,7.0,58.0,3051.0,890.0,False,False
006208,2022-10-26 11:56:08.050858,-0.001777777777777767,0.0,-0.10000000000000142,0.0,56.2,56.25,56.15,56.2,7.0,57.0,3051.0,890.0,False,False
006208,2022-10-26 11:56:10.430415,-0.001777777777777767,0.0,-0.10000000000000142,0.0,56.2,56.25,56.15,56.2,7.0,55.0,3051.0,890.0,False,False
006208,2022-10-26 11:56:15.272721,-0.001777777777777767,0.0,-0.10000000000000142,0.0,56.2,56.25,56.15,56.2,7.0,55.0,3051.0,890.0,False,False
006208,2022-10-26 11:56:15.288259,-0.001777777777777767,0.0,-0.10000000000000142,0.0,56.2,56.25,56.15,56.2,7.0,55.0,3051.0,890.0,False,False
006208,2022-10-26 11:56:15.479879,-0.001777777777777767,0.0,-0.10000000000000142,0.0,56.2,56.25,56.15,56.2,7.0,55.0,3051.0,890.0,False,False
006208,2022-10-26 11:56:15.611657,-0.001777777777777767,0.0,-0.10000000000000142,0.0,56.2,56.25,56.15,56.2,7.0,55.0,3051.0,890.0,False,False
006208,2022-10-26 11:56:15.641212,-0.001777777777777767,0.0,-0.10000000000000142,0.0,56.2,56.25,56.15,56.2,7.0,55.0,3051.0,890.0,False,False
006208,2022-10-26 11:56:17.012212,-0.001777777777777767,0.0,-0.10000000000000142,0.0,56.2,56.25,56.15,56.2,7.0,55.0,3051.0,890.0,False,False
006208,2022-10-26 11:56:17.012433,-0.001777777777777767,0.0,-0.10000000000000142,0.0,56.2,56.25,56.15,56.2,7.0,55.0,3051.0,890.0,False,False
006208,2022-10-26 11:56:18.317237,-0.001777777777777767,0.0,-0.10000000000000142,0.0,56.2,56.25,56.15,56.2,7.0,55.0,3251.0,890.0,True,True
006208,2022-10-26 11:56:20.425009,-0.001777777777777767,0.0,-0.10000000000000142,0.0,56.2,56.25,56.15,56.2,7.0,54.0,3251.0,890.0,False,False
006208,2022-10-26 11:56:20.809737,-0.001777777777777767,0.0,-0.10000000000000142,0.0,56.2,56.25,56.15,56.2,7.0,54.0,3251.0,890.0,False,False
006208,2022-10-26 11:56:20.813542,-0.001777777777777767,0.0,-0.10000000000000142,0.0,56.2,56.25,56.15,56.2,7.0,54.0,3251.0,890.0,False,False
006208,2022-10-26 11:56:21.873529,-0.001777777777777767,0.0,-0.10000000000000142,0.0,56.2,56.25,56.15,56.2,7.0,54.0,3251.0,890.0,False,False
006208,2022-10-26 11:56:21.873587,-0.001777777777777767,0.0,-0.10000000000000142,0.0,56.2,56.25,56.15,56.2,7.0,54.0,3251.0,890.0,False,False
006208,2022-10-26 11:56:25.594479,-0.001777777777777767,0.0,-0.10000000000000142,0.0,56.2,56.25,56.15,56.2,7.0,54.0,3251.0,890.0,False,False
006208,2022-10-26 11:56:25.612230,-0.001777777777777767,0.0,-0.10000000000000142,0.0,56.2,56.25,56.15,56.2,7.0,54.0,3251.0,890.0,False,False
006208,2022-10-26 11:56:25.755727,-0.001777777777777767,0.0,-0.10000000000000142,0.0,56.2,56.25,56.15,56.2,7.0,54.0,3251.0,890.0,False,False
006208,2022-10-26 11:56:25.939944,-0.001777777777777767,0.0,-0.10000000000000142,0.0,56.2,56.25,56.15,56.2,7.0,54.0,3251.0,890.0,False,False
006208,2022-10-26 11:56:26.213378,-0.001777777777777767,0.0,-0.10000000000000142,0.0,56.2,56.25,56.15,56.2,7.0,54.0,3251.0,890.0,False,False
006208,2022-10-26 11:56:26.218750,-0.001777777777777767,0.0,-0.10000000000000142,0.0,56.2,56.25,56.15,56.2,7.0,54.0,3251.0,890.0,False,False
006208,2022-10-26 11:56:26.400618,-0.001777777777777767,0.0,-0.10000000000000142,0.0,56.2,56.25,56.15,56.2,7.0,54.0,3251.0,890.0,False,False
006208,2022-10-26 11:56:26.400807,-0.001777777777777767,0.0,-0.10000000000000142,0.0,56.2,56.25,56.15,56.2,7.0,54.0,3251.0,890.0,False,False
006208,2022-10-26 11:56:30.376334,-0.001777777777777767,0.0,-0.10000000000000142,0.0,56.2,56.25,56.15,56.2,7.0,52.0,3251.0,890.0,False,False
006208,2022-10-26 11:56:30.395266,-0.001777777777777767,0.0,-0.10000000000000142,0.0,56.2,56.25,56.15,56.2,7.0,53.0,3251.0,890.0,False,False
006208,2022-10-26 11:56:32.763310,-0.001777777777777767,0.0,-0.10000000000000142,0.0,56.2,56.25,56.15,56.2,7.0,53.0,3251.0,890.0,False,False
006208,2022-10-26 11:56:32.773306,-0.001777777777777767,0.0,-0.10000000000000142,0.0,56.2,56.25,56.15,56.2,7.0,53.0,3251.0,890.0,False,False
006208,2022-10-26 11:56:35.710661,-0.001777777777777767,0.0,-0.10000000000000142,0.0,56.2,56.25,56.15,56.2,7.0,53.0,3251.0,890.0,False,False
006208,2022-10-26 11:56:35.713364,-0.001777777777777767,0.0,-0.10000000000000142,0.0,56.2,56.25,56.15,56.2,7.0,53.0,3251.0,890.0,False,False
006208,2022-10-26 11:56:35.775609,-0.001777777777777767,0.0,-0.10000000000000142,0.0,56.2,56.25,56.15,56.2,7.0,53.0,3251.0,890.0,False,False
006208,2022-10-26 11:56:35.855922,-0.001777777777777767,0.0,-0.10000000000000142,0.0,56.2,56.25,56.15,56.2,7.0,53.0,3251.0,890.0,False,False
006208,2022-10-26 11:56:36.010492,-0.001777777777777767,0.0,-0.10000000000000142,0.0,56.2,56.25,56.15,56.2,7.0,53.0,3251.0,890.0,False,False
006208,2022-10-26 11:56:36.936317,-0.001777777777777767,0.0,-0.10000000000000142,0.0,56.2,56.25,56.15,56.2,7.0,53.0,3251.0,890.0,False,False
006208,2022-10-26 11:56:36.942824,-0.001777777777777767,0.0,-0.10000000000000142,0.0,56.2,56.25,56.15,56.2,7.0,53.0,3251.0,890.0,False,False
006208,2022-10-26 11:56:37.868985,-0.001777777777777767,0.0,-0.10000000000000142,0.0,56.2,56.25,56.15,56.2,7.0,53.0,3251.0,890.0,False,False
006208,2022-10-26 11:56:37.869134,-0.001777777777777767,0.0,-0.10000000000000142,0.0,56.2,56.25,56.15,56.2,82.0,53.0,3251.0,890.0,False,False
006208,2022-10-26 11:56:40.399323,-0.001777777777777767,0.0,-0.10000000000000142,0.0,56.2,56.25,56.15,56.2,82.0,52.0,3251.0,890.0,False,False
006208,2022-10-26 11:56:44.367264,-0.001777777777777767,0.0,-0.10000000000000142,0.0,56.2,56.25,56.15,56.2,82.0,52.0,3251.0,890.0,False,False
006208,2022-10-26 11:56:44.367413,-0.001777777777777767,0.0,-0.10000000000000142,0.0,56.2,56.25,56.15,56.2,82.0,52.0,3251.0,890.0,False,False
006208,2022-10-26 11:56:45.404389,-0.001777777777777767,0.0,-0.10000000000000142,0.0,56.2,56.25,56.15,56.2,82.0,52.0,3251.0,890.0,False,False
006208,2022-10-26 11:56:45.404516,-0.001777777777777767,0.0,-0.10000000000000142,0.0,56.2,56.25,56.15,56.2,82.0,52.0,3251.0,890.0,False,False
006208,2022-10-26 11:56:45.828894,-0.001777777777777767,0.0,-0.10000000000000142,0.0,56.2,56.25,56.15,56.2,82.0,52.0,3251.0,890.0,False,False
006208,2022-10-26 11:56:45.829660,-0.001777777777777767,0.0,-0.10000000000000142,0.0,56.2,56.25,56.15,56.2,82.0,52.0,3251.0,890.0,False,False
006208,2022-10-26 11:56:45.832381,-0.001777777777777767,0.0,-0.10000000000000142,0.0,56.2,56.25,56.15,56.2,82.0,52.0,3251.0,890.0,False,False
006208,2022-10-26 11:56:45.963281,-0.001777777777777767,0.0,-0.10000000000000142,0.0,56.2,56.25,56.15,56.2,82.0,52.0,3251.0,890.0,False,False
006208,2022-10-26 11:56:47.812523,-0.001777777777777767,0.0,-0.10000000000000142,0.0,56.2,56.25,56.15,56.2,82.0,52.0,3251.0,890.0,False,False
006208,2022-10-26 11:56:47.812730,-0.001777777777777767,0.0,-0.10000000000000142,0.0,56.2,56.25,56.15,56.2,82.0,52.0,3251.0,890.0,False,False
006208,2022-10-26 11:56:48.416789,-0.001777777777777767,0.0,-0.10000000000000142,0.0,56.2,56.25,56.15,56.2,82.0,52.0,3351.0,849.0,True,True
006208,2022-10-26 11:56:49.009654,-0.001777777777777767,0.0,-0.10000000000000142,0.0,56.2,56.25,56.15,56.2,82.0,51.0,3351.0,849.0,False,False
006208,2022-10-26 11:56:49.640783,-0.001777777777777767,0.0,-0.10000000000000142,0.0,56.2,56.25,56.15,56.2,82.0,2.0,3351.0,849.0,False,False
006208,2022-10-26 11:56:50.260697,-0.001777777777777767,0.0,-0.10000000000000142,0.0,56.2,56.25,56.15,56.2,82.0,52.0,3351.0,849.0,False,False
006208,2022-10-26 11:56:50.394201,-0.001777777777777767,0.0,-0.10000000000000142,0.0,56.2,56.25,56.15,56.2,82.0,51.0,3351.0,849.0,False,False
006208,2022-10-26 11:56:55.939504,-0.001777777777777767,0.0,-0.10000000000000142,0.0,56.2,56.25,56.15,56.2,82.0,51.0,3351.0,849.0,False,False
006208,2022-10-26 11:56:55.951964,-0.001777777777777767,0.0,-0.10000000000000142,0.0,56.2,56.25,56.15,56.2,82.0,51.0,3351.0,849.0,False,False
006208,2022-10-26 11:56:56.084634,-0.001777777777777767,0.0,-0.10000000000000142,0.0,56.2,56.25,56.15,56.2,82.0,51.0,3351.0,849.0,False,False
006208,2022-10-26 11:56:56.087843,-0.001777777777777767,0.0,-0.10000000000000142,0.0,56.2,56.25,56.15,56.2,82.0,51.0,3351.0,849.0,False,False
006208,2022-10-26 11:56:56.226847,-0.001777777777777767,0.0,-0.10000000000000142,0.0,56.2,56.25,56.15,56.2,82.0,51.0,3351.0,849.0,False,False
006208,2022-10-26 11:56:58.449470,-0.001777777777777767,0.0,-0.10000000000000142,0.0,56.2,56.25,56.15,56.2,82.0,51.0,3376.0,849.0,True,True
006208,2022-10-26 11:56:58.522076,-0.001777777777777767,0.0,-0.10000000000000142,0.0,56.2,56.25,56.15,56.2,82.0,51.0,3376.0,849.0,False,False
006208,2022-10-26 11:56:58.549229,-0.001777777777777767,0.0,-0.10000000000000142,0.0,56.2,56.25,56.15,56.2,82.0,51.0,3376.0,849.0,False,False
006208,2022-10-26 11:56:59.549529,-0.001777777777777767,0.0,-0.10000000000000142,0.0,56.2,56.25,56.15,56.2,82.0,51.0,3376.0,849.0,False,False
006208,2022-10-26 11:56:59.549562,-0.001777777777777767,0.0,-0.10000000000000142,0.0,56.2,56.25,56.15,56.2,182.0,51.0,3376.0,849.0,False,False
006208,2022-10-26 11:56:59.822237,-0.001777777777777767,0.0,-0.10000000000000142,0.0,56.2,56.25,56.15,56.2,182.0,51.0,3376.0,849.0,False,False
006208,2022-10-26 11:56:59.833796,-0.001777777777777767,0.0,-0.10000000000000142,0.0,56.2,56.25,56.15,56.2,182.0,51.0,3376.0,849.0,False,False
006208,2022-10-26 11:57:00.373469,-0.001777777777777767,0.0,-0.10000000000000142,0.0,56.2,56.25,56.15,56.2,182.0,49.0,3376.0,849.0,False,False
006208,2022-10-26 11:57:00.635860,-0.001777777777777767,0.0,-0.10000000000000142,0.0,56.2,56.25,56.15,56.2,182.0,49.0,3376.0,849.0,False,False
006208,2022-10-26 11:57:00.654609,-0.001777777777777767,0.0,-0.10000000000000142,0.0,56.2,56.25,56.15,56.2,82.0,49.0,3376.0,849.0,False,False
006208,2022-10-26 11:57:01.402630,-0.001777777777777767,0.0,-0.10000000000000142,0.0,56.2,56.25,56.15,56.2,82.0,49.0,3376.0,849.0,False,False
006208,2022-10-26 11:57:01.410603,-0.001777777777777767,0.0,-0.10000000000000142,0.0,56.2,56.25,56.15,56.2,82.0,49.0,3376.0,849.0,False,False
006208,2022-10-26 11:57:01.655069,-0.001777777777777767,0.0,-0.10000000000000142,0.0,56.2,56.25,56.15,56.2,82.0,49.0,3376.0,849.0,False,False
006208,2022-10-26 11:57:03.488819,-0.001777777777777767,0.0,-0.10000000000000142,0.0,56.2,56.25,56.15,56.2,82.0,49.0,3376.0,849.0,False,False
006208,2022-10-26 11:57:03.493710,-0.001777777777777767,0.0,-0.10000000000000142,0.0,56.2,56.25,56.15,56.2,82.0,49.0,3376.0,849.0,False,False
006208,2022-10-26 11:57:03.747405,-0.001777777777777767,0.0,-0.10000000000000142,0.0,56.2,56.25,56.15,56.2,82.0,49.0,3376.0,849.0,False,False
006208,2022-10-26 11:57:03.755208,-0.001777777777777767,0.0,-0.10000000000000142,0.0,56.2,56.25,56.15,56.2,82.0,49.0,3376.0,849.0,False,False
006208,2022-10-26 11:57:05.031431,-0.002664298401420906,0.0,-0.14999999999999858,0.0,56.2,56.3,56.15,56.2,82.0,324.0,3376.0,849.0,False,False
006208,2022-10-26 11:57:05.068331,-0.002664298401420906,0.0,-0.14999999999999858,0.0,56.2,56.3,56.15,56.2,82.0,324.0,3376.0,849.0,False,False
006208,2022-10-26 11:57:05.185590,-0.002664298401420906,0.0,-0.14999999999999858,0.0,56.2,56.3,56.15,56.2,82.0,399.0,3376.0,849.0,False,False
006208,2022-10-26 11:57:05.255374,-0.002664298401420906,0.0,-0.14999999999999858,0.0,56.2,56.3,56.15,56.2,82.0,359.0,3376.0,849.0,False,False
006208,2022-10-26 11:57:05.381541,-0.002664298401420906,0.0,-0.14999999999999858,0.0,56.2,56.3,56.15,56.2,82.0,359.0,3376.0,849.0,False,False
006208,2022-10-26 11:57:05.643135,-0.002664298401420906,0.0,-0.14999999999999858,0.0,56.2,56.3,56.15,56.2,82.0,359.0,3376.0,849.0,False,False
006208,2022-10-26 11:57:05.735678,-0.001777777777777767,0.0,-0.10000000000000142,0.0,56.2,56.25,56.15,56.2,82.0,50.0,3376.0,849.0,False,False
006208,2022-10-26 11:57:05.767063,-0.001777777777777767,0.0,-0.10000000000000142,0.0,56.2,56.25,56.15,56.2,82.0,50.0,3376.0,849.0,False,False
006208,2022-10-26 11:57:05.849557,-0.001777777777777767,0.0,-0.10000000000000142,0.0,56.2,56.25,56.15,56.2,82.0,50.0,3376.0,849.0,False,False
006208,2022-10-26 11:57:06.101434,-0.001777777777777767,0.0,-0.10000000000000142,0.0,56.2,56.25,56.15,56.2,82.0,50.0,3376.0,849.0,False,False
006208,2022-10-26 11:57:08.481614,-0.001777777777777767,0.0,-0.10000000000000142,0.0,56.2,56.25,56.15,56.2,82.0,50.0,3376.0,649.0,True,True
006208,2022-10-26 11:57:10.368450,-0.001777777777777767,0.0,-0.10000000000000142,0.0,56.2,56.25,56.15,56.2,82.0,49.0,3376.0,649.0,False,False
006208,2022-10-26 11:57:13.392406,-0.001777777777777767,0.0,-0.10000000000000142,0.0,56.2,56.25,56.15,56.2,82.0,49.0,3376.0,649.0,False,False
006208,2022-10-26 11:57:13.402044,-0.001777777777777767,0.0,-0.10000000000000142,0.0,56.2,56.25,56.15,56.2,82.0,49.0,3376.0,649.0,False,False
006208,2022-10-26 11:57:14.790350,-0.001777777777777767,0.0,-0.10000000000000142,0.0,56.2,56.25,56.15,56.2,82.0,49.0,3376.0,649.0,False,False
006208,2022-10-26 11:57:14.790367,-0.001777777777777767,0.0,-0.10000000000000142,0.0,56.2,56.25,56.15,56.2,82.0,49.0,3376.0,649.0,False,False
006208,2022-10-26 11:57:15.851888,-0.001777777777777767,0.0,-0.10000000000000142,0.0,56.2,56.25,56.15,56.2,82.0,49.0,3376.0,649.0,False,False
006208,2022-10-26 11:57:15.856567,-0.001777777777777767,0.0,-0.10000000000000142,0.0,56.2,56.25,56.15,56.2,82.0,49.0,3376.0,649.0,False,False
006208,2022-10-26 11:57:16.088525,-0.001777777777777767,0.0,-0.10000000000000142,0.0,56.2,56.25,56.15,56.2,82.0,49.0,3376.0,649.0,False,False
006208,2022-10-26 11:57:16.092185,-0.001777777777777767,0.0,-0.10000000000000142,0.0,56.2,56.25,56.15,56.2,82.0,49.0,3376.0,649.0,False,False
006208,2022-10-26 11:57:16.305028,-0.001777777777777767,0.0,-0.10000000000000142,0.0,56.2,56.25,56.15,56.2,82.0,49.0,3376.0,649.0,False,False
006208,2022-10-26 11:57:16.564946,-0.001777777777777767,0.0,-0.10000000000000142,0.0,56.2,56.25,56.15,56.2,82.0,49.0,3376.0,649.0,False,False
006208,2022-10-26 11:57:16.565234,-0.001777777777777767,0.0,-0.10000000000000142,0.0,56.2,56.25,56.15,56.2,82.0,49.0,3376.0,649.0,False,False
006208,2022-10-26 11:57:17.063985,-0.001777777777777767,0.0,-0.10000000000000142,0.0,56.2,56.25,56.15,56.2,82.0,47.0,3376.0,649.0,False,False
006208,2022-10-26 11:57:19.810393,-0.001777777777777767,0.0,-0.10000000000000142,0.0,56.2,56.25,56.15,56.2,82.0,47.0,3376.0,649.0,False,False
006208,2022-10-26 11:57:19.822344,-0.001777777777777767,0.0,-0.10000000000000142,0.0,56.2,56.25,56.15,56.2,82.0,47.0,3376.0,649.0,False,False
006208,2022-10-26 11:57:20.363638,-0.001777777777777767,0.0,-0.10000000000000142,0.0,56.2,56.25,56.15,56.2,82.0,46.0,3376.0,649.0,False,False
006208,2022-10-26 11:57:20.411671,-0.002664298401420906,0.0,-0.14999999999999858,0.0,56.2,56.3,56.15,56.2,82.0,324.0,3376.0,649.0,False,False
006208,2022-10-26 11:57:20.440643,-0.002664298401420906,0.0,-0.14999999999999858,0.0,56.2,56.3,56.15,56.2,82.0,324.0,3376.0,649.0,False,False
006208,2022-10-26 11:57:20.504281,-0.002664298401420906,0.0,-0.14999999999999858,0.0,56.2,56.3,56.15,56.2,82.0,284.0,3376.0,649.0,False,False
006208,2022-10-26 11:57:20.621283,-0.002664298401420906,0.0,-0.14999999999999858,0.0,56.2,56.3,56.15,56.2,82.0,285.0,3376.0,649.0,False,False
006208,2022-10-26 11:57:21.019242,-0.001777777777777767,0.0,-0.10000000000000142,0.0,56.2,56.25,56.15,56.2,82.0,50.0,3376.0,649.0,False,False
006208,2022-10-26 11:57:21.038781,-0.001777777777777767,0.0,-0.10000000000000142,0.0,56.2,56.25,56.15,56.2,82.0,50.0,3376.0,649.0,False,False
006208,2022-10-26 11:57:21.094607,-0.001777777777777767,0.0,-0.10000000000000142,0.0,56.2,56.25,56.15,56.2,82.0,50.0,3376.0,649.0,False,False
006208,2022-10-26 11:57:21.339897,-0.001777777777777767,0.0,-0.10000000000000142,0.0,56.2,56.25,56.15,56.2,82.0,50.0,3376.0,649.0,False,False
006208,2022-10-26 11:57:21.356725,-0.001777777777777767,0.0,-0.10000000000000142,0.0,56.2,56.25,56.15,56.2,82.0,50.0,3376.0,649.0,False,False
006208,2022-10-26 11:57:21.482387,-0.001777777777777767,0.0,-0.10000000000000142,0.0,56.2,56.25,56.15,56.2,82.0,50.0,3376.0,649.0,False,False
006208,2022-10-26 11:57:23.016810,-0.001777777777777767,0.0,-0.10000000000000142,0.0,56.2,56.25,56.15,56.2,82.0,49.0,3376.0,649.0,False,False
006208,2022-10-26 11:57:24.271092,-0.001777777777777767,0.0,-0.10000000000000142,0.0,56.2,56.25,56.15,56.2,82.0,49.0,3376.0,649.0,False,False
006208,2022-10-26 11:57:24.341355,-0.001777777777777767,0.0,-0.10000000000000142,0.0,56.2,56.25,56.15,56.2,82.0,49.0,3376.0,649.0,False,False
006208,2022-10-26 11:57:24.351134,-0.001777777777777767,0.0,-0.10000000000000142,0.0,56.2,56.25,56.15,56.2,82.0,49.0,3376.0,649.0,False,False
006208,2022-10-26 11:57:28.542882,-0.001777777777777767,0.0,-0.10000000000000142,0.0,56.2,56.25,56.15,56.2,82.0,49.0,3376.0,560.0,True,True
006208,2022-10-26 11:57:28.961256,-0.001777777777777767,0.0,-0.10000000000000142,0.0,56.2,56.25,56.15,56.2,82.0,49.0,3376.0,560.0,False,False
006208,2022-10-26 11:57:30.358848,-0.001777777777777767,0.0,-0.10000000000000142,0.0,56.2,56.25,56.15,56.2,82.0,47.0,3376.0,560.0,False,False
006208,2022-10-26 11:57:30.504683,-0.001777777777777767,0.0,-0.10000000000000142,0.0,56.2,56.25,56.15,56.2,82.0,47.0,3376.0,560.0,False,False
006208,2022-10-26 11:57:30.573381,-0.001777777777777767,0.0,-0.10000000000000142,0.0,56.2,56.25,56.15,56.2,82.0,47.0,3376.0,560.0,False,False
006208,2022-10-26 11:57:31.329506,-0.001777777777777767,0.0,-0.10000000000000142,0.0,56.2,56.25,56.15,56.2,82.0,47.0,3376.0,560.0,False,False
006208,2022-10-26 11:57:31.333348,-0.001777777777777767,0.0,-0.10000000000000142,0.0,56.2,56.25,56.15,56.2,82.0,47.0,3376.0,560.0,False,False
006208,2022-10-26 11:57:31.468342,-0.001777777777777767,0.0,-0.10000000000000142,0.0,56.2,56.25,56.15,56.2,82.0,47.0,3376.0,560.0,False,False
006208,2022-10-26 11:57:35.805090,-0.002664298401420906,0.0,-0.14999999999999858,0.0,56.2,56.3,56.15,56.2,82.0,400.0,3376.0,560.0,False,False
006208,2022-10-26 11:57:35.836741,-0.002664298401420906,0.0,-0.14999999999999858,0.0,56.2,56.3,56.15,56.2,82.0,400.0,3376.0,560.0,False,False
006208,2022-10-26 11:57:35.905708,-0.002664298401420906,0.0,-0.14999999999999858,0.0,56.2,56.3,56.15,56.2,82.0,400.0,3376.0,560.0,False,False
006208,2022-10-26 11:57:35.938333,-0.002664298401420906,0.0,-0.14999999999999858,0.0,56.2,56.3,56.15,56.2,82.0,360.0,3376.0,560.0,False,False
006208,2022-10-26 11:57:36.064489,-0.002664298401420906,0.0,-0.14999999999999858,0.0,56.2,56.3,56.15,56.2,82.0,360.0,3376.0,560.0,False,False
006208,2022-10-26 11:57:36.411161,-0.001777777777777767,0.0,-0.10000000000000142,0.0,56.2,56.25,56.15,56.2,82.0,50.0,3376.0,560.0,False,False
006208,2022-10-26 11:57:36.452249,-0.001777777777777767,0.0,-0.10000000000000142,0.0,56.2,56.25,56.15,56.2,82.0,50.0,3376.0,560.0,False,False
006208,2022-10-26 11:57:36.781252,-0.001777777777777767,0.0,-0.10000000000000142,0.0,56.2,56.25,56.15,56.2,82.0,50.0,3376.0,560.0,False,False
006208,2022-10-26 11:57:37.190666,-0.001777777777777767,0.0,-0.10000000000000142,0.0,56.2,56.25,56.15,56.2,82.0,50.0,3376.0,560.0,False,False
006208,2022-10-26 11:57:37.190871,-0.001777777777777767,0.0,-0.10000000000000142,0.0,56.2,56.25,56.15,56.2,82.0,50.0,3376.0,560.0,False,False
006208,2022-10-26 11:57:39.591096,-0.001777777777777767,0.0,-0.10000000000000142,0.0,56.2,56.25,56.15,56.2,82.0,50.0,3376.0,560.0,False,False
006208,2022-10-26 11:57:40.369433,-0.001777777777777767,0.0,-0.10000000000000142,0.0,56.2,56.25,56.15,56.2,82.0,49.0,3376.0,560.0,False,False
006208,2022-10-26 11:57:45.631092,-0.001777777777777767,0.0,-0.10000000000000142,0.0,56.2,56.25,56.15,56.2,82.0,50.0,3376.0,560.0,False,False
006208,2022-10-26 11:57:46.770637,-0.001777777777777767,0.0,-0.10000000000000142,0.0,56.2,56.25,56.15,56.2,82.0,50.0,3376.0,560.0,False,False
006208,2022-10-26 11:57:46.792765,-0.001777777777777767,0.0,-0.10000000000000142,0.0,56.2,56.25,56.15,56.2,82.0,50.0,3376.0,560.0,False,False
006208,2022-10-26 11:57:46.908573,-0.001777777777777767,0.0,-0.10000000000000142,0.0,56.2,56.25,56.15,56.2,82.0,50.0,3376.0,560.0,False,False
006208,2022-10-26 11:57:48.130117,-0.001777777777777767,0.0,-0.10000000000000142,0.0,56.2,56.25,56.15,56.2,82.0,50.0,3376.0,560.0,False,False
006208,2022-10-26 11:57:48.130239,-0.001777777777777767,0.0,-0.10000000000000142,0.0,56.2,56.25,56.15,56.2,82.0,50.0,3376.0,560.0,False,False
006208,2022-10-26 11:57:49.658245,-0.001777777777777767,0.0,-0.10000000000000142,0.0,56.2,56.25,56.15,56.2,82.0,49.0,3376.0,560.0,False,False
006208,2022-10-26 11:57:50.348787,-0.001777777777777767,0.0,-0.10000000000000142,0.0,56.2,56.25,56.15,56.2,82.0,47.0,3376.0,560.0,False,False
006208,2022-10-26 11:57:50.658175,-0.001777777777777767,0.0,-0.10000000000000142,0.0,56.2,56.25,56.15,56.2,82.0,47.0,3376.0,560.0,False,False
006208,2022-10-26 11:57:50.658335,-0.001777777777777767,0.0,-0.10000000000000142,0.0,56.2,56.25,56.15,56.2,82.0,47.0,3376.0,560.0,False,False
006208,2022-10-26 11:57:51.262339,-0.001777777777777767,0.0,-0.10000000000000142,0.0,56.2,56.25,56.15,56.2,82.0,1.0,3376.0,560.0,False,False
006208,2022-10-26 11:57:51.886620,-0.001777777777777767,0.0,-0.10000000000000142,0.0,56.2,56.25,56.15,56.2,82.0,51.0,3376.0,560.0,False,False
006208,2022-10-26 11:57:55.966918,-0.001777777777777767,0.0,-0.10000000000000142,0.0,56.2,56.25,56.15,56.2,82.0,50.0,3376.0,560.0,False,False
006208,2022-10-26 11:57:56.421596,-0.001777777777777767,0.0,-0.10000000000000142,0.0,56.2,56.25,56.15,56.2,7.0,50.0,3376.0,560.0,False,False
006208,2022-10-26 11:57:56.421733,-0.001777777777777767,0.0,-0.10000000000000142,0.0,56.2,56.25,56.15,56.2,7.0,50.0,3376.0,560.0,False,False
006208,2022-10-26 11:57:56.718369,-0.001777777777777767,0.0,-0.10000000000000142,0.0,56.2,56.25,56.15,56.2,7.0,50.0,3376.0,560.0,False,False
006208,2022-10-26 11:57:56.772003,-0.001777777777777767,0.0,-0.10000000000000142,0.0,56.2,56.25,56.15,56.2,7.0,50.0,3376.0,560.0,False,False
006208,2022-10-26 11:57:56.894103,-0.001777777777777767,0.0,-0.10000000000000142,0.0,56.2,56.25,56.15,56.2,7.0,50.0,3376.0,560.0,False,False
006208,2022-10-26 11:57:57.023196,-0.001777777777777767,0.0,-0.10000000000000142,0.0,56.2,56.25,56.15,56.2,7.0,50.0,3376.0,560.0,False,False
006208,2022-10-26 11:57:57.174029,-0.001777777777777767,0.0,-0.10000000000000142,0.0,56.2,56.25,56.15,56.2,7.0,50.0,3376.0,560.0,False,False
006208,2022-10-26 11:57:57.389332,-0.001777777777777767,0.0,-0.10000000000000142,0.0,56.2,56.25,56.15,56.2,7.0,50.0,3376.0,560.0,False,False
006208,2022-10-26 11:57:57.408609,-0.001777777777777767,0.0,-0.10000000000000142,0.0,56.2,56.25,56.15,56.2,7.0,50.0,3376.0,560.0,False,False
006208,2022-10-26 11:57:58.633269,-0.001777777777777767,0.0,-0.10000000000000142,0.0,56.2,56.25,56.15,56.2,7.0,50.0,3326.0,560.0,True,True
006208,2022-10-26 11:57:58.683658,-0.001777777777777767,0.0,-0.10000000000000142,0.0,56.2,56.25,56.15,56.2,7.0,49.0,3326.0,560.0,False,False
006208,2022-10-26 11:57:59.823252,-0.001777777777777767,0.0,-0.10000000000000142,0.0,56.2,56.25,56.15,56.2,7.0,49.0,3326.0,560.0,False,False
006208,2022-10-26 11:57:59.849991,-0.001777777777777767,0.0,-0.10000000000000142,0.0,56.2,56.25,56.15,56.2,7.0,49.0,3326.0,560.0,False,False
006208,2022-10-26 11:58:00.359467,-0.001777777777777767,0.0,-0.10000000000000142,0.0,56.2,56.25,56.15,56.2,7.0,48.0,3326.0,560.0,False,False
006208,2022-10-26 11:58:00.424179,-0.001777777777777767,0.0,-0.10000000000000142,0.0,56.2,56.25,56.15,56.2,7.0,48.0,3326.0,560.0,False,False
006208,2022-10-26 11:58:00.517508,-0.001777777777777767,0.0,-0.10000000000000142,0.0,56.2,56.25,56.15,56.2,7.0,49.0,3326.0,560.0,False,False
006208,2022-10-26 11:58:02.713552,-0.001777777777777767,0.0,-0.10000000000000142,0.0,56.2,56.25,56.15,56.2,7.0,49.0,3326.0,560.0,False,False
006208,2022-10-26 11:58:03.301501,-0.001777777777777767,0.0,-0.10000000000000142,0.0,56.2,56.25,56.15,56.2,7.0,49.0,3326.0,560.0,False,False
006208,2022-10-26 11:58:06.669864,-0.001777777777777767,0.0,-0.10000000000000142,0.0,56.2,56.25,56.15,56.2,7.0,1.0,3326.0,560.0,False,False
006208,2022-10-26 11:58:07.007484,-0.001777777777777767,0.0,-0.10000000000000142,0.0,56.2,56.25,56.15,56.2,7.0,1.0,3326.0,560.0,False,False
006208,2022-10-26 11:58:07.027300,-0.001777777777777767,0.0,-0.10000000000000142,0.0,56.2,56.25,56.15,56.2,7.0,1.0,3326.0,560.0,False,False
006208,2022-10-26 11:58:07.142266,-0.001777777777777767,0.0,-0.10000000000000142,0.0,56.2,56.25,56.15,56.2,7.0,1.0,3326.0,560.0,False,False
006208,2022-10-26 11:58:07.283335,-0.001777777777777767,0.0,-0.10000000000000142,0.0,56.2,56.25,56.15,56.2,7.0,51.0,3326.0,560.0,False,False
006208,2022-10-26 11:58:08.261140,-0.001777777777777767,0.0,-0.10000000000000142,0.0,56.2,56.25,56.15,56.2,7.0,51.0,3326.0,542.0,False,True
006208,2022-10-26 11:58:10.338758,-0.001777777777777767,0.0,-0.10000000000000142,0.0,56.2,56.25,56.15,56.2,7.0,50.0,3326.0,542.0,False,False
006208,2022-10-26 11:58:16.219137,-0.001777777777777767,0.0,-0.10000000000000142,0.0,56.2,56.25,56.15,56.2,7.0,50.0,3326.0,542.0,False,False
006208,2022-10-26 11:58:16.222147,-0.001777777777777767,0.0,-0.10000000000000142,0.0,56.2,56.25,56.15,56.2,7.0,50.0,3326.0,542.0,False,False
006208,2022-10-26 11:58:17.124495,-0.001777777777777767,0.0,-0.10000000000000142,0.0,56.2,56.25,56.15,56.2,7.0,50.0,3326.0,542.0,False,False
006208,2022-10-26 11:58:17.127550,-0.001777777777777767,0.0,-0.10000000000000142,0.0,56.2,56.25,56.15,56.2,7.0,50.0,3326.0,542.0,False,False
006208,2022-10-26 11:58:17.266780,-0.001777777777777767,0.0,-0.10000000000000142,0.0,56.2,56.25,56.15,56.2,7.0,50.0,3326.0,542.0,False,False
006208,2022-10-26 11:58:17.370055,-0.001777777777777767,0.0,-0.10000000000000142,0.0,56.2,56.25,56.15,56.2,7.0,50.0,3326.0,542.0,False,False
006208,2022-10-26 11:58:17.466130,-0.001777777777777767,0.0,-0.10000000000000142,0.0,56.2,56.25,56.15,56.2,7.0,50.0,3326.0,542.0,False,False
006208,2022-10-26 11:58:18.294354,-0.001777777777777767,0.0,-0.10000000000000142,0.0,56.2,56.25,56.15,56.2,7.0,50.0,3467.0,542.0,True,True
006208,2022-10-26 11:58:18.903858,-0.001777777777777767,0.0,-0.10000000000000142,0.0,56.2,56.25,56.15,56.2,7.0,50.0,3467.0,542.0,False,False
006208,2022-10-26 11:58:18.914510,-0.001777777777777767,0.0,-0.10000000000000142,0.0,56.2,56.25,56.15,56.2,7.0,50.0,3467.0,542.0,False,False
006208,2022-10-26 11:58:20.349533,-0.001777777777777767,0.0,-0.10000000000000142,0.0,56.2,56.25,56.15,56.2,7.0,48.0,3467.0,542.0,False,False
006208,2022-10-26 11:58:22.098890,-0.002664298401420906,0.0,-0.14999999999999858,0.0,56.2,56.3,56.15,56.2,7.0,402.0,3467.0,542.0,False,False
006208,2022-10-26 11:58:22.118564,-0.002664298401420906,0.0,-0.14999999999999858,0.0,56.2,56.3,56.15,56.2,7.0,402.0,3467.0,542.0,False,False
006208,2022-10-26 11:58:22.180715,-0.002664298401420906,0.0,-0.14999999999999858,0.0,56.2,56.3,56.15,56.2,7.0,402.0,3467.0,542.0,False,False
006208,2022-10-26 11:58:22.307516,-0.002664298401420906,0.0,-0.14999999999999858,0.0,56.2,56.3,56.15,56.2,7.0,362.0,3467.0,542.0,False,False
006208,2022-10-26 11:58:22.438463,-0.002664298401420906,0.0,-0.14999999999999858,0.0,56.2,56.3,56.15,56.2,7.0,362.0,3467.0,542.0,False,False
006208,2022-10-26 11:58:22.710663,-0.001777777777777767,0.0,-0.10000000000000142,0.0,56.2,56.25,56.15,56.2,7.0,50.0,3467.0,542.0,False,False
006208,2022-10-26 11:58:22.736278,-0.001777777777777767,0.0,-0.10000000000000142,0.0,56.2,56.25,56.15,56.2,7.0,50.0,3467.0,542.0,False,False
006208,2022-10-26 11:58:22.955350,-0.001777777777777767,0.0,-0.10000000000000142,0.0,56.2,56.25,56.15,56.2,7.0,50.0,3467.0,542.0,False,False
006208,2022-10-26 11:58:28.549728,-0.001777777777777767,0.0,-0.10000000000000142,0.0,56.2,56.25,56.15,56.2,7.0,50.0,3467.0,542.0,False,False
006208,2022-10-26 11:58:29.945490,-0.001777777777777767,0.0,-0.10000000000000142,0.0,56.2,56.25,56.15,56.2,7.0,49.0,3467.0,542.0,False,False
006208,2022-10-26 11:58:30.328999,-0.001777777777777767,0.0,-0.10000000000000142,0.0,56.2,56.25,56.15,56.2,7.0,48.0,3467.0,542.0,False,False
006208,2022-10-26 11:58:30.478601,-0.001777777777777767,0.0,-0.10000000000000142,0.0,56.2,56.25,56.15,56.2,7.0,48.0,3467.0,542.0,False,False
006208,2022-10-26 11:58:30.488997,-0.001777777777777767,0.0,-0.10000000000000142,0.0,56.2,56.25,56.15,56.2,7.0,48.0,3467.0,542.0,False,False
006208,2022-10-26 11:58:31.401400,-0.001777777777777767,0.0,-0.10000000000000142,0.0,56.2,56.25,56.15,56.2,7.0,48.0,3467.0,542.0,False,False
006208,2022-10-26 11:58:31.401507,-0.001777777777777767,0.0,-0.10000000000000142,0.0,56.2,56.25,56.15,56.2,7.0,48.0,3467.0,542.0,False,False
006208,2022-10-26 11:58:31.406693,-0.001777777777777767,0.0,-0.10000000000000142,0.0,56.2,56.25,56.15,56.2,7.0,48.0,3467.0,542.0,False,False
006208,2022-10-26 11:58:32.942535,-0.001777777777777767,0.0,-0.10000000000000142,0.0,56.2,56.25,56.15,56.2,7.0,48.0,3467.0,542.0,False,False
006208,2022-10-26 11:58:32.945503,-0.001777777777777767,0.0,-0.10000000000000142,0.0,56.2,56.25,56.15,56.2,7.0,48.0,3467.0,542.0,False,False
006208,2022-10-26 11:58:33.076395,-0.001777777777777767,0.0,-0.10000000000000142,0.0,56.2,56.25,56.15,56.2,7.0,48.0,3467.0,542.0,False,False
006208,2022-10-26 11:58:37.495367,-0.002664298401420906,0.0,-0.14999999999999858,0.0,56.2,56.3,56.15,56.2,7.0,402.0,3467.0,542.0,False,False
006208,2022-10-26 11:58:37.521680,-0.002664298401420906,0.0,-0.14999999999999858,0.0,56.2,56.3,56.15,56.2,7.0,402.0,3467.0,542.0,False,False
006208,2022-10-26 11:58:37.581026,-0.002664298401420906,0.0,-0.14999999999999858,0.0,56.2,56.3,56.15,56.2,7.0,362.0,3467.0,542.0,False,False
006208,2022-10-26 11:58:37.667784,-0.002664298401420906,0.0,-0.14999999999999858,0.0,56.2,56.3,56.15,56.2,7.0,362.0,3467.0,542.0,False,False
006208,2022-10-26 11:58:38.168157,-0.001777777777777767,0.0,-0.10000000000000142,0.0,56.2,56.25,56.15,56.2,7.0,50.0,3467.0,542.0,False,False
006208,2022-10-26 11:58:38.249766,-0.001777777777777767,0.0,-0.10000000000000142,0.0,56.2,56.25,56.15,56.2,7.0,50.0,3467.0,542.0,False,False
006208,2022-10-26 11:58:38.396447,-0.001777777777777767,0.0,-0.10000000000000142,0.0,56.2,56.25,56.15,56.2,7.0,50.0,3467.0,542.0,False,False
006208,2022-10-26 11:58:38.520965,-0.001777777777777767,0.0,-0.10000000000000142,0.0,56.2,56.25,56.15,56.2,7.0,50.0,3467.0,542.0,False,False
006208,2022-10-26 11:58:38.542751,-0.001777777777777767,0.0,-0.10000000000000142,0.0,56.2,56.25,56.15,56.2,7.0,50.0,3467.0,542.0,False,False
006208,2022-10-26 11:58:40.324207,-0.001777777777777767,0.0,-0.10000000000000142,0.0,56.2,56.25,56.15,56.2,7.0,48.0,3467.0,542.0,False,False
006208,2022-10-26 11:58:41.149506,-0.001777777777777767,0.0,-0.10000000000000142,0.0,56.2,56.25,56.15,56.2,7.0,48.0,3467.0,542.0,False,False
006208,2022-10-26 11:58:41.216840,-0.001777777777777767,0.0,-0.10000000000000142,0.0,56.2,56.25,56.15,56.2,7.0,48.0,3467.0,542.0,False,False
006208,2022-10-26 11:58:41.226613,-0.001777777777777767,0.0,-0.10000000000000142,0.0,56.2,56.25,56.15,56.2,7.0,48.0,3467.0,542.0,False,False
006208,2022-10-26 11:58:48.384801,-0.001777777777777767,0.0,-0.10000000000000142,0.0,56.2,56.25,56.15,56.2,7.0,48.0,3467.0,542.0,False,False
006208,2022-10-26 11:58:48.390777,-0.001777777777777767,0.0,-0.10000000000000142,0.0,56.2,56.25,56.15,56.2,7.0,48.0,3467.0,542.0,False,False
006208,2022-10-26 11:58:48.526625,-0.001777777777777767,0.0,-0.10000000000000142,0.0,56.2,56.25,56.15,56.2,7.0,48.0,3467.0,542.0,False,False
006208,2022-10-26 11:58:50.334703,-0.001777777777777767,0.0,-0.10000000000000142,0.0,56.2,56.25,56.15,56.2,7.0,47.0,3467.0,542.0,False,False
006208,2022-10-26 11:58:52.880991,-0.002664298401420906,0.0,-0.14999999999999858,0.0,56.2,56.3,56.15,56.2,7.0,402.0,3467.0,542.0,False,False
006208,2022-10-26 11:58:52.914676,-0.002664298401420906,0.0,-0.14999999999999858,0.0,56.2,56.3,56.15,56.2,7.0,402.0,3467.0,542.0,False,False
006208,2022-10-26 11:58:52.989813,-0.002664298401420906,0.0,-0.14999999999999858,0.0,56.2,56.3,56.15,56.2,7.0,362.0,3467.0,542.0,False,False
006208,2022-10-26 11:58:53.119696,-0.002664298401420906,0.0,-0.14999999999999858,0.0,56.2,56.3,56.15,56.2,7.0,362.0,3467.0,542.0,False,False
006208,2022-10-26 11:58:53.491217,-0.001777777777777767,0.0,-0.10000000000000142,0.0,56.2,56.25,56.15,56.2,7.0,50.0,3467.0,542.0,False,False
006208,2022-10-26 11:58:53.521817,-0.001777777777777767,0.0,-0.10000000000000142,0.0,56.2,56.25,56.15,56.2,7.0,50.0,3467.0,542.0,False,False
006208,2022-10-26 11:58:53.590945,-0.001777777777777767,0.0,-0.10000000000000142,0.0,56.2,56.25,56.15,56.2,7.0,50.0,3467.0,542.0,False,False
006208,2022-10-26 11:58:53.672993,-0.001777777777777767,0.0,-0.10000000000000142,0.0,56.2,56.25,56.15,56.2,7.0,50.0,3467.0,542.0,False,False
006208,2022-10-26 11:58:53.835191,-0.001777777777777767,0.0,-0.10000000000000142,0.0,56.2,56.25,56.15,56.2,7.0,50.0,3467.0,542.0,False,False
006208,2022-10-26 11:58:58.004316,-0.001777777777777767,0.0,-0.10000000000000142,0.0,56.2,56.25,56.15,56.2,7.0,50.0,3467.0,542.0,False,False
006208,2022-10-26 11:58:58.004536,-0.001777777777777767,0.0,-0.10000000000000142,0.0,56.2,56.25,56.15,56.2,7.0,50.0,3467.0,542.0,False,False
006208,2022-10-26 11:58:58.410725,-0.001777777777777767,0.0,-0.10000000000000142,0.0,56.2,56.25,56.15,56.2,7.0,50.0,3326.0,542.0,True,True
006208,2022-10-26 11:58:58.975816,-0.001777777777777767,0.0,-0.10000000000000142,0.0,56.2,56.25,56.15,56.2,7.0,50.0,3326.0,542.0,False,False
006208,2022-10-26 11:58:58.975978,-0.001777777777777767,0.0,-0.10000000000000142,0.0,56.2,56.25,56.15,56.2,7.0,50.0,3326.0,542.0,False,False
006208,2022-10-26 11:58:59.485257,-0.001777777777777767,0.0,-0.10000000000000142,0.0,56.2,56.25,56.15,56.2,7.0,50.0,3326.0,542.0,False,False
006208,2022-10-26 11:58:59.485494,-0.001777777777777767,0.0,-0.10000000000000142,0.0,56.2,56.25,56.15,56.2,7.0,50.0,3326.0,542.0,False,False
006208,2022-10-26 11:59:00.329601,-0.001777777777777767,0.0,-0.10000000000000142,0.0,56.2,56.25,56.15,56.2,7.0,49.0,3326.0,542.0,False,False
006208,2022-10-26 11:59:02.443100,-0.001777777777777767,0.0,-0.10000000000000142,0.0,56.2,56.25,56.15,56.2,7.0,49.0,3326.0,542.0,False,False
006208,2022-10-26 11:59:02.443213,-0.001777777777777767,0.0,-0.10000000000000142,0.0,56.2,56.25,56.15,56.2,7.0,49.0,3326.0,542.0,False,False
006208,2022-10-26 11:59:02.938950,-0.001777777777777767,0.0,-0.10000000000000142,0.0,56.2,56.25,56.15,56.2,7.0,48.0,3326.0,542.0,False,False
006208,2022-10-26 11:59:03.274276,-0.001777777777777767,0.0,-0.10000000000000142,0.0,56.2,56.25,56.15,56.2,7.0,48.0,3326.0,542.0,False,False
006208,2022-10-26 11:59:03.274320,-0.001777777777777767,0.0,-0.10000000000000142,0.0,56.2,56.25,56.15,56.2,7.0,48.0,3326.0,542.0,False,False
006208,2022-10-26 11:59:03.826185,-0.001777777777777767,0.0,-0.10000000000000142,0.0,56.2,56.25,56.15,56.2,7.0,48.0,3326.0,542.0,False,False
006208,2022-10-26 11:59:03.829858,-0.001777777777777767,0.0,-0.10000000000000142,0.0,56.2,56.25,56.15,56.2,7.0,48.0,3326.0,542.0,False,False
006208,2022-10-26 11:59:03.966404,-0.001777777777777767,0.0,-0.10000000000000142,0.0,56.2,56.25,56.15,56.2,7.0,48.0,3326.0,542.0,False,False
006208,2022-10-26 11:59:04.203898,-0.001777777777777767,0.0,-0.10000000000000142,0.0,56.2,56.25,56.15,56.2,7.0,48.0,3326.0,542.0,False,False
006208,2022-10-26 11:59:04.203964,-0.001777777777777767,0.0,-0.10000000000000142,0.0,56.2,56.25,56.15,56.2,7.0,48.0,3326.0,542.0,False,False
006208,2022-10-26 11:59:04.284998,-0.001777777777777767,0.0,-0.10000000000000142,0.0,56.2,56.25,56.15,56.2,7.0,48.0,3326.0,542.0,False,False
006208,2022-10-26 11:59:05.821682,-0.001777777777777767,0.0,-0.10000000000000142,0.0,56.2,56.25,56.15,56.2,7.0,48.0,3326.0,542.0,False,False
006208,2022-10-26 11:59:05.821901,-0.001777777777777767,0.0,-0.10000000000000142,0.0,56.2,56.25,56.15,56.2,7.0,48.0,3326.0,542.0,False,False
006208,2022-10-26 11:59:08.261970,-0.002664298401420906,0.0,-0.14999999999999858,0.0,56.2,56.3,56.15,56.2,7.0,382.0,3326.0,542.0,False,False
006208,2022-10-26 11:59:08.288282,-0.002664298401420906,0.0,-0.14999999999999858,0.0,56.2,56.3,56.15,56.2,7.0,382.0,3326.0,542.0,False,False
006208,2022-10-26 11:59:08.372898,-0.002664298401420906,0.0,-0.14999999999999858,0.0,56.2,56.3,56.15,56.2,7.0,402.0,3326.0,542.0,False,False
006208,2022-10-26 11:59:08.431742,-0.002664298401420906,0.0,-0.14999999999999858,0.0,56.2,56.3,56.15,56.2,7.0,362.0,3326.0,542.0,False,False
006208,2022-10-26 11:59:08.561353,-0.002664298401420906,0.0,-0.14999999999999858,0.0,56.2,56.3,56.15,56.2,7.0,362.0,3326.0,542.0,False,False
006208,2022-10-26 11:59:08.964459,-0.001777777777777767,0.0,-0.10000000000000142,0.0,56.2,56.25,56.15,56.2,7.0,50.0,3326.0,542.0,False,False
006208,2022-10-26 11:59:08.993039,-0.001777777777777767,0.0,-0.10000000000000142,0.0,56.2,56.25,56.15,56.2,7.0,50.0,3326.0,542.0,False,False
006208,2022-10-26 11:59:09.064371,-0.001777777777777767,0.0,-0.10000000000000142,0.0,56.2,56.25,56.15,56.2,7.0,50.0,3326.0,542.0,False,False
006208,2022-10-26 11:59:09.281412,-0.001777777777777767,0.0,-0.10000000000000142,0.0,56.2,56.25,56.15,56.2,7.0,50.0,3326.0,542.0,False,False
006208,2022-10-26 11:59:10.309258,-0.001777777777777767,0.0,-0.10000000000000142,0.0,56.2,56.25,56.15,56.2,7.0,48.0,3326.0,542.0,False,False
006208,2022-10-26 11:59:11.121535,-0.001777777777777767,0.0,-0.10000000000000142,0.0,56.2,56.25,56.15,56.2,7.0,48.0,3326.0,542.0,False,False
006208,2022-10-26 11:59:11.121539,-0.001777777777777767,0.0,-0.10000000000000142,0.0,56.2,56.25,56.15,56.2,7.0,48.0,3326.0,542.0,False,False
006208,2022-10-26 11:59:13.585085,-0.001777777777777767,0.0,-0.10000000000000142,0.0,56.2,56.25,56.15,56.2,7.0,48.0,3326.0,542.0,False,False
006208,2022-10-26 11:59:13.585195,-0.001777777777777767,0.0,-0.10000000000000142,0.0,56.2,56.25,56.15,56.2,7.0,48.0,3326.0,542.0,False,False
006208,2022-10-26 11:59:18.474036,-0.001777777777777767,0.0,-0.10000000000000142,0.0,56.2,56.25,56.15,56.2,7.0,48.0,3136.0,542.0,True,True
006208,2022-10-26 11:59:19.271002,-0.001777777777777767,0.0,-0.10000000000000142,0.0,56.2,56.25,56.15,56.2,7.0,48.0,3136.0,542.0,False,False
006208,2022-10-26 11:59:19.273774,-0.001777777777777767,0.0,-0.10000000000000142,0.0,56.2,56.25,56.15,56.2,7.0,48.0,3136.0,542.0,False,False
006208,2022-10-26 11:59:19.415843,-0.001777777777777767,0.0,-0.10000000000000142,0.0,56.2,56.25,56.15,56.2,7.0,48.0,3136.0,542.0,False,False
006208,2022-10-26 11:59:20.290284,-0.001777777777777767,0.0,-0.10000000000000142,0.0,56.2,56.25,56.15,56.2,7.0,47.0,3136.0,542.0,False,False
006208,2022-10-26 11:59:20.507486,-0.001777777777777767,0.0,-0.10000000000000142,0.0,56.2,56.25,56.15,56.2,7.0,47.0,3136.0,542.0,False,False
006208,2022-10-26 11:59:20.588316,-0.001777777777777767,0.0,-0.10000000000000142,0.0,56.2,56.25,56.15,56.2,7.0,47.0,3136.0,542.0,False,False
006208,2022-10-26 11:59:23.658134,-0.002664298401420906,0.0,-0.14999999999999858,0.0,56.2,56.3,56.15,56.2,7.0,382.0,3136.0,542.0,False,False
006208,2022-10-26 11:59:23.695520,-0.002664298401420906,0.0,-0.14999999999999858,0.0,56.2,56.3,56.15,56.2,7.0,382.0,3136.0,542.0,False,False
006208,2022-10-26 11:59:23.875238,-0.002664298401420906,0.0,-0.14999999999999858,0.0,56.2,56.3,56.15,56.2,7.0,342.0,3136.0,542.0,False,False
006208,2022-10-26 11:59:24.003910,-0.002664298401420906,0.0,-0.14999999999999858,0.0,56.2,56.3,56.15,56.2,7.0,342.0,3136.0,542.0,False,False
006208,2022-10-26 11:59:24.299870,-0.001777777777777767,0.0,-0.10000000000000142,0.0,56.2,56.25,56.15,56.2,7.0,50.0,3136.0,542.0,False,False
006208,2022-10-26 11:59:24.324953,-0.001777777777777767,0.0,-0.10000000000000142,0.0,56.2,56.25,56.15,56.2,7.0,50.0,3136.0,542.0,False,False
006208,2022-10-26 11:59:24.432786,-0.001777777777777767,0.0,-0.10000000000000142,0.0,56.2,56.25,56.15,56.2,7.0,50.0,3136.0,542.0,False,False
006208,2022-10-26 11:59:24.520841,-0.001777777777777767,0.0,-0.10000000000000142,0.0,56.2,56.25,56.15,56.2,7.0,50.0,3136.0,542.0,False,False
006208,2022-10-26 11:59:25.346322,-0.001777777777777767,0.0,-0.10000000000000142,0.0,56.2,56.25,56.15,56.2,7.0,50.0,3136.0,542.0,False,False
006208,2022-10-26 11:59:25.353114,-0.001777777777777767,0.0,-0.10000000000000142,0.0,56.2,56.25,56.15,56.2,7.0,50.0,3136.0,542.0,False,False
006208,2022-10-26 11:59:27.741431,-0.001777777777777767,0.0,-0.10000000000000142,0.0,56.2,56.25,56.15,56.2,7.0,60.0,3136.0,542.0,False,False
006208,2022-10-26 11:59:28.509276,-0.001777777777777767,0.0,-0.10000000000000142,0.0,56.2,56.25,56.15,56.2,7.0,60.0,3136.0,542.0,True,True
006208,2022-10-26 11:59:30.299257,-0.001777777777777767,0.0,-0.10000000000000142,0.0,56.2,56.25,56.15,56.2,7.0,58.0,3136.0,542.0,False,False
006208,2022-10-26 11:59:34.507419,-0.001777777777777767,0.0,-0.10000000000000142,0.0,56.2,56.25,56.15,56.2,7.0,58.0,3136.0,542.0,False,False
006208,2022-10-26 11:59:34.510463,-0.001777777777777767,0.0,-0.10000000000000142,0.0,56.2,56.25,56.15,56.2,7.0,58.0,3136.0,542.0,False,False
006208,2022-10-26 11:59:34.642559,-0.001777777777777767,0.0,-0.10000000000000142,0.0,56.2,56.25,56.15,56.2,7.0,58.0,3136.0,542.0,False,False
006208,2022-10-26 11:59:36.963738,-0.001777777777777767,0.0,-0.10000000000000142,0.0,56.2,56.25,56.15,56.2,7.0,57.0,3136.0,542.0,False,False
006208,2022-10-26 11:59:39.056315,-0.001777777777777767,0.0,-0.10000000000000142,0.0,56.2,56.25,56.15,56.2,7.0,10.0,3136.0,542.0,False,False
006208,2022-10-26 11:59:39.664862,-0.001777777777777767,0.0,-0.10000000000000142,0.0,56.2,56.25,56.15,56.2,7.0,60.0,3136.0,542.0,False,False
006208,2022-10-26 11:59:40.325633,-0.001777777777777767,0.0,-0.10000000000000142,0.0,56.2,56.25,56.15,56.2,7.0,59.0,3136.0,542.0,False,False
006208,2022-10-26 11:59:44.626589,-0.001777777777777767,0.0,-0.10000000000000142,0.0,56.2,56.25,56.15,56.2,7.0,59.0,3136.0,542.0,False,False
006208,2022-10-26 11:59:44.629654,-0.001777777777777767,0.0,-0.10000000000000142,0.0,56.2,56.25,56.15,56.2,7.0,59.0,3136.0,542.0,False,False
006208,2022-10-26 11:59:44.771153,-0.001777777777777767,0.0,-0.10000000000000142,0.0,56.2,56.25,56.15,56.2,7.0,59.0,3136.0,542.0,False,False
006208,2022-10-26 11:59:46.350900,-0.001777777777777767,0.0,-0.10000000000000142,0.0,56.2,56.25,56.15,56.2,7.0,59.0,3136.0,542.0,False,False
006208,2022-10-26 11:59:46.356707,-0.001777777777777767,0.0,-0.10000000000000142,0.0,56.2,56.25,56.15,56.2,7.0,89.0,3136.0,542.0,False,False
006208,2022-10-26 11:59:46.383281,-0.001777777777777767,0.0,-0.10000000000000142,0.0,56.2,56.25,56.15,56.2,7.0,89.0,3136.0,542.0,False,False
006208,2022-10-26 11:59:47.383655,-0.001777777777777767,0.0,-0.10000000000000142,0.0,56.2,56.25,56.15,56.2,7.0,189.0,3136.0,542.0,False,False
006208,2022-10-26 11:59:47.462444,-0.001777777777777767,0.0,-0.10000000000000142,0.0,56.2,56.25,56.15,56.2,7.0,189.0,3136.0,542.0,False,False
006208,2022-10-26 11:59:48.091169,-0.000889679715302516,-0.000889679715302516,-0.05000000000000426,-0.05000000000000426,56.15,56.2,56.15,56.2,149.0,13.0,3136.0,542.0,False,False
006208,2022-10-26 11:59:48.114617,-0.000889679715302516,-0.000889679715302516,-0.05000000000000426,-0.05000000000000426,56.15,56.2,56.15,56.2,149.0,13.0,3136.0,542.0,False,False
006208,2022-10-26 11:59:48.156511,-0.000889679715302516,-0.000889679715302516,-0.05000000000000426,-0.05000000000000426,56.15,56.2,56.15,56.2,149.0,13.0,3136.0,542.0,False,False
006208,2022-10-26 11:59:48.171799,-0.000889679715302516,-0.000889679715302516,-0.05000000000000426,-0.05000000000000426,56.15,56.2,56.15,56.2,149.0,13.0,3136.0,542.0,False,False
006208,2022-10-26 11:59:48.250144,-0.000889679715302516,-0.000889679715302516,-0.05000000000000426,-0.05000000000000426,56.15,56.2,56.15,56.2,109.0,13.0,3136.0,542.0,False,False
006208,2022-10-26 11:59:48.377865,-0.000889679715302516,-0.000889679715302516,-0.05000000000000426,-0.05000000000000426,56.15,56.2,56.15,56.2,109.0,13.0,3136.0,542.0,False,False
006208,2022-10-26 11:59:49.128398,-0.000889679715302516,-0.000889679715302516,-0.05000000000000426,-0.05000000000000426,56.15,56.2,56.15,56.2,109.0,13.0,3136.0,542.0,False,False
006208,2022-10-26 11:59:49.131767,-0.000889679715302516,-0.000889679715302516,-0.05000000000000426,-0.05000000000000426,56.15,56.2,56.15,56.2,109.0,13.0,3136.0,542.0,False,False
006208,2022-10-26 11:59:49.142075,-0.000889679715302516,-0.000889679715302516,-0.05000000000000426,-0.05000000000000426,56.15,56.2,56.15,56.2,109.0,13.0,3136.0,542.0,False,False
006208,2022-10-26 11:59:49.325675,-0.000889679715302516,-0.000889679715302516,-0.05000000000000426,-0.05000000000000426,56.15,56.2,56.15,56.2,109.0,13.0,3136.0,542.0,False,False
006208,2022-10-26 11:59:49.528105,-0.000889679715302516,-0.000889679715302516,-0.05000000000000426,-0.05000000000000426,56.15,56.2,56.15,56.2,75.0,13.0,3136.0,542.0,False,False
006208,2022-10-26 11:59:49.560248,-0.000889679715302516,-0.000889679715302516,-0.05000000000000426,-0.05000000000000426,56.15,56.2,56.15,56.2,75.0,13.0,3136.0,542.0,False,False
006208,2022-10-26 11:59:50.002321,-0.000889679715302516,-0.000889679715302516,-0.05000000000000426,-0.05000000000000426,56.15,56.2,56.15,56.2,75.0,13.0,3136.0,542.0,False,False
006208,2022-10-26 11:59:50.076670,-0.000889679715302516,-0.000889679715302516,-0.05000000000000426,-0.05000000000000426,56.15,56.2,56.15,56.2,75.0,13.0,3136.0,542.0,False,False
006208,2022-10-26 11:59:50.196332,-0.000889679715302516,-0.000889679715302516,-0.05000000000000426,-0.05000000000000426,56.15,56.2,56.15,56.2,75.0,13.0,3136.0,542.0,False,False
006208,2022-10-26 11:59:50.289496,-0.000889679715302516,-0.000889679715302516,-0.05000000000000426,-0.05000000000000426,56.15,56.2,56.15,56.2,75.0,12.0,3136.0,542.0,False,False
006208,2022-10-26 11:59:58.422952,-0.000889679715302516,-0.000889679715302516,-0.05000000000000426,-0.05000000000000426,56.15,56.2,56.15,56.2,75.0,12.0,3136.0,542.0,False,False
006208,2022-10-26 11:59:58.547699,-0.000889679715302516,-0.000889679715302516,-0.05000000000000426,-0.05000000000000426,56.15,56.2,56.15,56.2,75.0,12.0,3136.0,542.0,False,False
006208,2022-10-26 11:59:58.656919,-0.000889679715302516,-0.000889679715302516,-0.05000000000000426,-0.05000000000000426,56.15,56.2,56.15,56.2,75.0,12.0,3586.0,542.0,True,True
006208,2022-10-26 11:59:58.564298,-0.000889679715302516,-0.000889679715302516,-0.05000000000000426,-0.05000000000000426,56.15,56.2,56.15,56.2,75.0,12.0,3586.0,542.0,False,False
006208,2022-10-26 12:00:00.434022,-0.000889679715302516,-0.000889679715302516,-0.05000000000000426,-0.05000000000000426,56.15,56.2,56.15,56.2,75.0,10.0,3586.0,542.0,False,False
006208,2022-10-26 12:00:00.464777,-0.000889679715302516,-0.000889679715302516,-0.05000000000000426,-0.05000000000000426,56.15,56.2,56.15,56.2,75.0,10.0,3586.0,542.0,False,False
006208,2022-10-26 12:00:00.627806,-0.000889679715302516,-0.000889679715302516,-0.05000000000000426,-0.05000000000000426,56.15,56.2,56.15,56.2,75.0,10.0,3586.0,542.0,False,False
006208,2022-10-26 12:00:00.632547,-0.000889679715302516,-0.000889679715302516,-0.05000000000000426,-0.05000000000000426,56.15,56.2,56.15,56.2,75.0,10.0,3586.0,542.0,False,False
006208,2022-10-26 12:00:00.753570,-0.000889679715302516,-0.000889679715302516,-0.05000000000000426,-0.05000000000000426,56.15,56.2,56.15,56.2,75.0,10.0,3586.0,542.0,False,False
006208,2022-10-26 12:00:01.471464,-0.000889679715302516,-0.000889679715302516,-0.05000000000000426,-0.05000000000000426,56.15,56.2,56.15,56.2,175.0,10.0,3586.0,542.0,False,False
006208,2022-10-26 12:00:04.596560,-0.000889679715302516,-0.000889679715302516,-0.05000000000000426,-0.05000000000000426,56.15,56.2,56.15,56.2,175.0,11.0,3586.0,542.0,False,False
006208,2022-10-26 12:00:04.623138,-0.000889679715302516,-0.000889679715302516,-0.05000000000000426,-0.05000000000000426,56.15,56.2,56.15,56.2,75.0,11.0,3586.0,542.0,False,False
006208,2022-10-26 12:00:05.627880,-0.000889679715302516,-0.000889679715302516,-0.05000000000000426,-0.05000000000000426,56.15,56.2,56.15,56.2,75.0,11.0,3586.0,542.0,False,False
006208,2022-10-26 12:00:08.597728,-0.000889679715302516,-0.000889679715302516,-0.05000000000000426,-0.05000000000000426,56.15,56.2,56.15,56.2,75.0,11.0,3586.0,542.0,False,False
006208,2022-10-26 12:00:08.696051,-0.000889679715302516,-0.000889679715302516,-0.05000000000000426,-0.05000000000000426,56.15,56.2,56.15,56.2,75.0,11.0,3586.0,542.0,False,False
006208,2022-10-26 12:00:08.781184,-0.000889679715302516,-0.000889679715302516,-0.05000000000000426,-0.05000000000000426,56.15,56.2,56.15,56.2,75.0,11.0,3776.0,319.0,True,True
006208,2022-10-26 12:00:08.800457,-0.000889679715302516,-0.000889679715302516,-0.05000000000000426,-0.05000000000000426,56.15,56.2,56.15,56.2,75.0,11.0,3776.0,319.0,False,False
006208,2022-10-26 12:00:08.896095,-0.000889679715302516,-0.000889679715302516,-0.05000000000000426,-0.05000000000000426,56.15,56.2,56.15,56.2,75.0,11.0,3776.0,319.0,False,False
006208,2022-10-26 12:00:09.052908,-0.000889679715302516,-0.000889679715302516,-0.05000000000000426,-0.05000000000000426,56.15,56.2,56.15,56.2,75.0,11.0,3776.0,319.0,False,False
006208,2022-10-26 12:00:10.385752,-0.000889679715302516,-0.000889679715302516,-0.05000000000000426,-0.05000000000000426,56.15,56.2,56.15,56.2,75.0,10.0,3776.0,319.0,False,False
006208,2022-10-26 12:00:10.675114,-0.000889679715302516,-0.000889679715302516,-0.05000000000000426,-0.05000000000000426,56.15,56.2,56.15,56.2,75.0,9.0,3776.0,319.0,False,False
006208,2022-10-26 12:00:16.558126,-0.000889679715302516,-0.000889679715302516,-0.05000000000000426,-0.05000000000000426,56.15,56.2,56.15,56.2,75.0,9.0,3776.0,319.0,False,False
006208,2022-10-26 12:00:16.563018,-0.000889679715302516,-0.000889679715302516,-0.05000000000000426,-0.05000000000000426,56.15,56.2,56.15,56.2,75.0,9.0,3776.0,319.0,False,False
006208,2022-10-26 12:00:16.843175,-0.000889679715302516,-0.000889679715302516,-0.05000000000000426,-0.05000000000000426,56.15,56.2,56.15,56.2,75.0,9.0,3776.0,319.0,False,False
006208,2022-10-26 12:00:16.843252,-0.000889679715302516,-0.000889679715302516,-0.05000000000000426,-0.05000000000000426,56.15,56.2,56.15,56.2,75.0,9.0,3776.0,319.0,False,False
006208,2022-10-26 12:00:17.535332,-0.000889679715302516,-0.000889679715302516,-0.05000000000000426,-0.05000000000000426,56.15,56.2,56.15,56.2,75.0,9.0,3776.0,319.0,False,False
006208,2022-10-26 12:00:17.535498,-0.000889679715302516,-0.000889679715302516,-0.05000000000000426,-0.05000000000000426,56.15,56.2,56.15,56.2,75.0,9.0,3776.0,319.0,False,False
006208,2022-10-26 12:00:18.748240,-0.000889679715302516,-0.000889679715302516,-0.05000000000000426,-0.05000000000000426,56.15,56.2,56.15,56.2,75.0,9.0,3776.0,319.0,False,False
006208,2022-10-26 12:00:18.754006,-0.000889679715302516,-0.000889679715302516,-0.05000000000000426,-0.05000000000000426,56.15,56.2,56.15,56.2,75.0,9.0,3776.0,319.0,False,False
006208,2022-10-26 12:00:18.846342,-0.000889679715302516,-0.000889679715302516,-0.05000000000000426,-0.05000000000000426,56.15,56.2,56.15,56.2,75.0,9.0,3776.0,315.0,True,True
006208,2022-10-26 12:00:18.885022,-0.000889679715302516,-0.000889679715302516,-0.05000000000000426,-0.05000000000000426,56.15,56.2,56.15,56.2,75.0,9.0,3776.0,315.0,False,False
006208,2022-10-26 12:00:18.936438,-0.000889679715302516,-0.000889679715302516,-0.05000000000000426,-0.05000000000000426,56.15,56.2,56.15,56.2,75.0,9.0,3776.0,315.0,False,False
006208,2022-10-26 12:00:19.978114,-0.000889679715302516,-0.000889679715302516,-0.05000000000000426,-0.05000000000000426,56.15,56.2,56.15,56.2,75.0,9.0,3776.0,315.0,False,False
006208,2022-10-26 12:00:19.978296,-0.000889679715302516,-0.000889679715302516,-0.05000000000000426,-0.05000000000000426,56.15,56.2,56.15,56.2,75.0,9.0,3776.0,315.0,False,False
006208,2022-10-26 12:00:20.443337,-0.000889679715302516,-0.000889679715302516,-0.05000000000000426,-0.05000000000000426,56.15,56.2,56.15,56.2,75.0,8.0,3776.0,315.0,False,False
006208,2022-10-26 12:00:20.639337,-0.000889679715302516,-0.000889679715302516,-0.05000000000000426,-0.05000000000000426,56.15,56.2,56.15,56.2,75.0,8.0,3776.0,315.0,False,False
006208,2022-10-26 12:00:20.639406,-0.000889679715302516,-0.000889679715302516,-0.05000000000000426,-0.05000000000000426,56.15,56.2,56.15,56.2,75.0,8.0,3776.0,315.0,False,False
006208,2022-10-26 12:00:26.627110,-0.000889679715302516,-0.000889679715302516,-0.05000000000000426,-0.05000000000000426,56.15,56.2,56.15,56.2,75.0,8.0,3776.0,315.0,False,False
006208,2022-10-26 12:00:26.627277,-0.000889679715302516,-0.000889679715302516,-0.05000000000000426,-0.05000000000000426,56.15,56.2,56.15,56.2,75.0,8.0,3776.0,315.0,False,False
006208,2022-10-26 12:00:27.522015,-0.000889679715302516,-0.000889679715302516,-0.05000000000000426,-0.05000000000000426,56.15,56.2,56.15,56.2,75.0,8.0,3776.0,315.0,False,False
006208,2022-10-26 12:00:27.522069,-0.000889679715302516,-0.000889679715302516,-0.05000000000000426,-0.05000000000000426,56.15,56.2,56.15,56.2,75.0,8.0,3776.0,315.0,False,False
006208,2022-10-26 12:00:28.892861,-0.000889679715302516,-0.000889679715302516,-0.05000000000000426,-0.05000000000000426,56.15,56.2,56.15,56.2,75.0,8.0,3776.0,315.0,False,False
006208,2022-10-26 12:00:28.895306,-0.000889679715302516,-0.000889679715302516,-0.05000000000000426,-0.05000000000000426,56.15,56.2,56.15,56.2,75.0,8.0,3776.0,315.0,False,False
006208,2022-10-26 12:00:29.045648,-0.000889679715302516,-0.000889679715302516,-0.05000000000000426,-0.05000000000000426,56.15,56.2,56.15,56.2,75.0,8.0,3776.0,315.0,False,False
006208,2022-10-26 12:00:29.160018,-0.000889679715302516,-0.000889679715302516,-0.05000000000000426,-0.05000000000000426,56.15,56.2,56.15,56.2,75.0,8.0,3776.0,315.0,False,False
006208,2022-10-26 12:00:30.506572,-0.000889679715302516,-0.000889679715302516,-0.05000000000000426,-0.05000000000000426,56.15,56.2,56.15,56.2,75.0,6.0,3776.0,315.0,False,False
006208,2022-10-26 12:00:32.338726,-0.000889679715302516,-0.000889679715302516,-0.05000000000000426,-0.05000000000000426,56.15,56.2,56.15,56.2,75.0,6.0,3776.0,315.0,False,False
006208,2022-10-26 12:00:32.338881,-0.000889679715302516,-0.000889679715302516,-0.05000000000000426,-0.05000000000000426,56.15,56.2,56.15,56.2,75.0,6.0,3776.0,315.0,False,False
006208,2022-10-26 12:00:34.717159,-0.000889679715302516,-0.000889679715302516,-0.05000000000000426,-0.05000000000000426,56.15,56.2,56.15,56.2,75.0,6.0,3776.0,315.0,False,False
006208,2022-10-26 12:00:34.717287,-0.000889679715302516,-0.000889679715302516,-0.05000000000000426,-0.05000000000000426,56.15,56.2,56.15,56.2,75.0,6.0,3776.0,315.0,False,False
006208,2022-10-26 12:00:36.747365,-0.000889679715302516,-0.000889679715302516,-0.05000000000000426,-0.05000000000000426,56.15,56.2,56.15,56.2,75.0,6.0,3776.0,315.0,False,False
006208,2022-10-26 12:00:36.747482,-0.000889679715302516,-0.000889679715302516,-0.05000000000000426,-0.05000000000000426,56.15,56.2,56.15,56.2,75.0,6.0,3776.0,315.0,False,False
006208,2022-10-26 12:00:38.799505,-0.000889679715302516,-0.001779359430605032,-0.05000000000000426,-0.10000000000000142,56.1,56.2,56.15,56.2,280.0,6.0,3776.0,315.0,False,False
006208,2022-10-26 12:00:38.897778,-0.000889679715302516,-0.001779359430605032,-0.05000000000000426,-0.10000000000000142,56.1,56.2,56.15,56.2,355.0,6.0,3776.0,315.0,False,False
006208,2022-10-26 12:00:38.960918,-0.000889679715302516,-0.001779359430605032,-0.05000000000000426,-0.10000000000000142,56.1,56.2,56.15,56.2,355.0,6.0,3776.0,93.0,True,True
006208,2022-10-26 12:00:39.001129,-0.000889679715302516,-0.001779359430605032,-0.05000000000000426,-0.10000000000000142,56.1,56.2,56.15,56.2,315.0,6.0,3776.0,93.0,False,False
006208,2022-10-26 12:00:39.112039,-0.000889679715302516,-0.001779359430605032,-0.05000000000000426,-0.10000000000000142,56.1,56.2,56.15,56.2,315.0,6.0,3776.0,93.0,False,False
006208,2022-10-26 12:00:39.210344,-0.000889679715302516,-0.001779359430605032,-0.05000000000000426,-0.10000000000000142,56.1,56.2,56.15,56.2,315.0,6.0,3776.0,93.0,False,False
006208,2022-10-26 12:00:39.387799,-0.000889679715302516,-0.001779359430605032,-0.05000000000000426,-0.10000000000000142,56.1,56.2,56.15,56.2,315.0,6.0,3776.0,93.0,False,False
006208,2022-10-26 12:00:39.573067,-0.000889679715302516,-0.001779359430605032,-0.05000000000000426,-0.10000000000000142,56.1,56.2,56.15,56.2,315.0,6.0,3776.0,93.0,False,False
006208,2022-10-26 12:00:39.583087,-0.000889679715302516,-0.001779359430605032,-0.05000000000000426,-0.10000000000000142,56.1,56.2,56.15,56.2,315.0,6.0,3776.0,93.0,False,False
006208,2022-10-26 12:00:39.896453,-0.000889679715302516,-0.001779359430605032,-0.05000000000000426,-0.10000000000000142,56.1,56.2,56.15,56.2,315.0,6.0,3776.0,93.0,False,False
006208,2022-10-26 12:00:39.927708,-0.000889679715302516,-0.001779359430605032,-0.05000000000000426,-0.10000000000000142,56.1,56.2,56.15,56.2,315.0,6.0,3776.0,93.0,False,False
006208,2022-10-26 12:00:40.470719,-0.000889679715302516,-0.001779359430605032,-0.05000000000000426,-0.10000000000000142,56.1,56.2,56.15,56.2,315.0,5.0,3776.0,93.0,False,False
006208,2022-10-26 12:00:40.642323,-0.000889679715302516,-0.001779359430605032,-0.05000000000000426,-0.10000000000000142,56.1,56.2,56.15,56.2,315.0,5.0,3776.0,93.0,False,False
006208,2022-10-26 12:00:40.653362,-0.000889679715302516,-0.001779359430605032,-0.05000000000000426,-0.10000000000000142,56.1,56.2,56.15,56.2,315.0,5.0,3776.0,93.0,False,False
006208,2022-10-26 12:00:40.663329,-0.000889679715302516,-0.001779359430605032,-0.05000000000000426,-0.10000000000000142,56.1,56.2,56.15,56.2,281.0,5.0,3776.0,93.0,False,False
006208,2022-10-26 12:00:43.864725,-0.000889679715302516,-0.001779359430605032,-0.05000000000000426,-0.10000000000000142,56.1,56.2,56.15,56.2,281.0,5.0,3776.0,93.0,False,False
006208,2022-10-26 12:00:43.893744,-0.000889679715302516,-0.001779359430605032,-0.05000000000000426,-0.10000000000000142,56.1,56.2,56.15,56.2,281.0,5.0,3776.0,93.0,False,False
006208,2022-10-26 12:00:44.066922,-0.000889679715302516,-0.001779359430605032,-0.05000000000000426,-0.10000000000000142,56.1,56.2,56.15,56.2,281.0,4.0,3776.0,93.0,False,False
006208,2022-10-26 12:00:44.774595,-0.000889679715302516,-0.001779359430605032,-0.05000000000000426,-0.10000000000000142,56.1,56.2,56.15,56.2,281.0,1.0,3776.0,93.0,False,False
006208,2022-10-26 12:00:48.846453,-0.000889679715302516,-0.001779359430605032,-0.05000000000000426,-0.10000000000000142,56.1,56.2,56.15,56.2,281.0,1.0,3776.0,93.0,False,False
006208,2022-10-26 12:00:49.012908,0.0,-0.002666666666666595,0.0,-0.14999999999999858,56.1,56.2,56.2,56.25,281.0,1.0,207.0,305.0,True,True
006208,2022-10-26 12:00:49.205433,0.0,-0.002666666666666595,0.0,-0.14999999999999858,56.1,56.2,56.2,56.25,281.0,1.0,207.0,305.0,False,False
006208,2022-10-26 12:00:49.208015,0.0,-0.002666666666666595,0.0,-0.14999999999999858,56.1,56.2,56.2,56.25,281.0,1.0,207.0,305.0,False,False
006208,2022-10-26 12:00:49.354930,0.0,-0.002666666666666595,0.0,-0.14999999999999858,56.1,56.2,56.2,56.25,281.0,1.0,207.0,305.0,False,False
006208,2022-10-26 12:00:50.246897,0.0,-0.002666666666666595,0.0,-0.14999999999999858,56.1,56.2,56.2,56.25,281.0,1.0,207.0,305.0,False,False
006208,2022-10-26 12:00:50.247060,0.0,-0.002666666666666595,0.0,-0.14999999999999858,56.1,56.2,56.2,56.25,281.0,1.0,207.0,305.0,False,False
006208,2022-10-26 12:00:50.447924,-0.000888888888888828,-0.002666666666666595,-0.04999999999999716,-0.14999999999999858,56.1,56.25,56.2,56.25,281.0,307.0,207.0,305.0,False,False
006208,2022-10-26 12:00:50.478821,-0.000888888888888828,-0.002666666666666595,-0.04999999999999716,-0.14999999999999858,56.1,56.25,56.2,56.25,281.0,307.0,207.0,305.0,False,False
006208,2022-10-26 12:00:50.480689,-0.000888888888888828,-0.002666666666666595,-0.04999999999999716,-0.14999999999999858,56.1,56.25,56.2,56.25,281.0,307.0,207.0,305.0,False,False
006208,2022-10-26 12:00:50.549251,-0.000888888888888828,-0.002666666666666595,-0.04999999999999716,-0.14999999999999858,56.1,56.25,56.2,56.25,281.0,307.0,207.0,305.0,False,False
006208,2022-10-26 12:00:50.676897,-0.000888888888888828,-0.002666666666666595,-0.04999999999999716,-0.14999999999999858,56.1,56.25,56.2,56.25,281.0,267.0,207.0,305.0,False,False
006208,2022-10-26 12:00:50.801803,-0.000888888888888828,-0.002666666666666595,-0.04999999999999716,-0.14999999999999858,56.1,56.25,56.2,56.25,281.0,267.0,207.0,305.0,False,False
006208,2022-10-26 12:00:51.385142,-0.000888888888888828,-0.002666666666666595,-0.04999999999999716,-0.14999999999999858,56.1,56.25,56.2,56.25,281.0,267.0,207.0,305.0,False,False
006208,2022-10-26 12:00:51.395150,-0.000888888888888828,-0.002666666666666595,-0.04999999999999716,-0.14999999999999858,56.1,56.25,56.2,56.25,281.0,267.0,207.0,305.0,False,False
006208,2022-10-26 12:00:51.525422,-0.000888888888888828,-0.002666666666666595,-0.04999999999999716,-0.14999999999999858,56.1,56.25,56.2,56.25,281.0,267.0,207.0,305.0,False,False
006208,2022-10-26 12:00:55.232866,-0.000888888888888828,-0.002666666666666595,-0.04999999999999716,-0.14999999999999858,56.1,56.25,56.2,56.25,221.0,267.0,207.0,305.0,False,False
006208,2022-10-26 12:00:57.526353,-0.000888888888888828,-0.002666666666666595,-0.04999999999999716,-0.14999999999999858,56.1,56.25,56.2,56.25,221.0,267.0,207.0,305.0,False,False
006208,2022-10-26 12:01:00.485478,-0.000888888888888828,-0.002666666666666595,-0.04999999999999716,-0.14999999999999858,56.1,56.25,56.2,56.25,221.0,266.0,207.0,305.0,False,False
006208,2022-10-26 12:01:00.803996,-0.000888888888888828,-0.002666666666666595,-0.04999999999999716,-0.14999999999999858,56.1,56.25,56.2,56.25,221.0,266.0,207.0,305.0,False,False
006208,2022-10-26 12:01:00.807642,-0.000888888888888828,-0.002666666666666595,-0.04999999999999716,-0.14999999999999858,56.1,56.25,56.2,56.25,221.0,266.0,207.0,305.0,False,False
006208,2022-10-26 12:01:00.938727,-0.000888888888888828,-0.002666666666666595,-0.04999999999999716,-0.14999999999999858,56.1,56.25,56.2,56.25,221.0,266.0,207.0,305.0,False,False
006208,2022-10-26 12:01:01.425358,-0.000888888888888828,-0.002666666666666595,-0.04999999999999716,-0.14999999999999858,56.1,56.25,56.2,56.25,221.0,266.0,207.0,305.0,False,False
006208,2022-10-26 12:01:01.544619,-0.000888888888888828,-0.002666666666666595,-0.04999999999999716,-0.14999999999999858,56.1,56.25,56.2,56.25,221.0,266.0,207.0,305.0,False,False
006208,2022-10-26 12:01:01.544709,-0.000888888888888828,-0.002666666666666595,-0.04999999999999716,-0.14999999999999858,56.1,56.25,56.2,56.25,221.0,266.0,207.0,305.0,False,False
006208,2022-10-26 12:01:02.091640,-0.000888888888888828,-0.002666666666666595,-0.04999999999999716,-0.14999999999999858,56.1,56.25,56.2,56.25,221.0,306.0,207.0,305.0,False,False
006208,2022-10-26 12:01:03.065430,-0.000888888888888828,-0.002666666666666595,-0.04999999999999716,-0.14999999999999858,56.1,56.25,56.2,56.25,221.0,306.0,207.0,305.0,False,False
006208,2022-10-26 12:01:03.065568,-0.000888888888888828,-0.002666666666666595,-0.04999999999999716,-0.14999999999999858,56.1,56.25,56.2,56.25,221.0,306.0,207.0,305.0,False,False
006208,2022-10-26 12:01:03.821308,-0.000888888888888828,-0.002666666666666595,-0.04999999999999716,-0.14999999999999858,56.1,56.25,56.2,56.25,221.0,266.0,207.0,305.0,False,False
006208,2022-10-26 12:01:07.858478,-0.000888888888888828,-0.002666666666666595,-0.04999999999999716,-0.14999999999999858,56.1,56.25,56.2,56.25,221.0,266.0,207.0,305.0,False,False
006208,2022-10-26 12:01:07.858573,-0.000888888888888828,-0.002666666666666595,-0.04999999999999716,-0.14999999999999858,56.1,56.25,56.2,56.25,221.0,266.0,207.0,305.0,False,False
006208,2022-10-26 12:01:08.125664,-0.000888888888888828,-0.002666666666666595,-0.04999999999999716,-0.14999999999999858,56.1,56.25,56.2,56.25,221.0,266.0,207.0,305.0,False,False
006208,2022-10-26 12:01:08.125699,-0.000888888888888828,-0.002666666666666595,-0.04999999999999716,-0.14999999999999858,56.1,56.25,56.2,56.25,221.0,266.0,207.0,305.0,False,False
006208,2022-10-26 12:01:08.326594,-0.000888888888888828,-0.002666666666666595,-0.04999999999999716,-0.14999999999999858,56.1,56.25,56.2,56.25,221.0,266.0,257.0,305.0,False,True
006208,2022-10-26 12:01:08.947896,-0.000888888888888828,-0.002666666666666595,-0.04999999999999716,-0.14999999999999858,56.1,56.25,56.2,56.25,221.0,306.0,257.0,305.0,False,False
006208,2022-10-26 12:01:10.476032,-0.000888888888888828,-0.002666666666666595,-0.04999999999999716,-0.14999999999999858,56.1,56.25,56.2,56.25,221.0,305.0,257.0,305.0,False,False
006208,2022-10-26 12:01:10.932889,-0.000888888888888828,-0.002666666666666595,-0.04999999999999716,-0.14999999999999858,56.1,56.25,56.2,56.25,221.0,305.0,257.0,305.0,False,False
006208,2022-10-26 12:01:10.938479,-0.000888888888888828,-0.002666666666666595,-0.04999999999999716,-0.14999999999999858,56.1,56.25,56.2,56.25,221.0,305.0,257.0,305.0,False,False
006208,2022-10-26 12:01:11.064009,-0.000888888888888828,-0.002666666666666595,-0.04999999999999716,-0.14999999999999858,56.1,56.25,56.2,56.25,221.0,305.0,257.0,305.0,False,False
006208,2022-10-26 12:01:11.081377,-0.000888888888888828,-0.002666666666666595,-0.04999999999999716,-0.14999999999999858,56.1,56.25,56.2,56.25,221.0,305.0,257.0,305.0,False,False
006208,2022-10-26 12:01:16.425915,-0.000888888888888828,-0.002666666666666595,-0.04999999999999716,-0.14999999999999858,56.1,56.25,56.2,56.25,221.0,304.0,257.0,305.0,False,False
006208,2022-10-26 12:01:18.372813,-0.000888888888888828,-0.002666666666666595,-0.04999999999999716,-0.14999999999999858,56.1,56.25,56.2,56.25,221.0,304.0,292.0,305.0,True,True
006208,2022-10-26 12:01:18.724277,-0.000888888888888828,-0.002666666666666595,-0.04999999999999716,-0.14999999999999858,56.1,56.25,56.2,56.25,221.0,304.0,292.0,305.0,False,False
006208,2022-10-26 12:01:18.724384,-0.000888888888888828,-0.002666666666666595,-0.04999999999999716,-0.14999999999999858,56.1,56.25,56.2,56.25,221.0,304.0,292.0,305.0,False,False
006208,2022-10-26 12:01:19.723813,-0.000888888888888828,-0.002666666666666595,-0.04999999999999716,-0.14999999999999858,56.1,56.25,56.2,56.25,221.0,304.0,292.0,305.0,False,False
006208,2022-10-26 12:01:19.723887,-0.000888888888888828,-0.002666666666666595,-0.04999999999999716,-0.14999999999999858,56.1,56.25,56.2,56.25,221.0,304.0,292.0,305.0,False,False
006208,2022-10-26 12:01:20.481494,-0.000888888888888828,-0.002666666666666595,-0.04999999999999716,-0.14999999999999858,56.1,56.25,56.2,56.25,221.0,302.0,292.0,305.0,False,False
006208,2022-10-26 12:01:21.064941,-0.000888888888888828,-0.002666666666666595,-0.04999999999999716,-0.14999999999999858,56.1,56.25,56.2,56.25,221.0,302.0,292.0,305.0,False,False
006208,2022-10-26 12:01:21.069325,-0.000888888888888828,-0.002666666666666595,-0.04999999999999716,-0.14999999999999858,56.1,56.25,56.2,56.25,221.0,302.0,292.0,305.0,False,False
006208,2022-10-26 12:01:21.200172,-0.000888888888888828,-0.002666666666666595,-0.04999999999999716,-0.14999999999999858,56.1,56.25,56.2,56.25,221.0,302.0,292.0,305.0,False,False
006208,2022-10-26 12:01:22.259236,-0.000888888888888828,-0.002666666666666595,-0.04999999999999716,-0.14999999999999858,56.1,56.25,56.2,56.25,221.0,292.0,292.0,305.0,False,False
006208,2022-10-26 12:01:23.686540,-0.000888888888888828,-0.002666666666666595,-0.04999999999999716,-0.14999999999999858,56.1,56.25,56.2,56.25,221.0,292.0,292.0,305.0,False,False
006208,2022-10-26 12:01:23.686699,-0.000888888888888828,-0.002666666666666595,-0.04999999999999716,-0.14999999999999858,56.1,56.25,56.2,56.25,221.0,292.0,292.0,305.0,False,False
006208,2022-10-26 12:01:26.098388,-0.000888888888888828,-0.002666666666666595,-0.04999999999999716,-0.14999999999999858,56.1,56.25,56.2,56.25,221.0,291.0,292.0,305.0,False,False
006208,2022-10-26 12:01:27.097147,-0.000888888888888828,-0.002666666666666595,-0.04999999999999716,-0.14999999999999858,56.1,56.25,56.2,56.25,221.0,249.0,292.0,305.0,False,False
006208,2022-10-26 12:01:27.124431,-0.000888888888888828,-0.002666666666666595,-0.04999999999999716,-0.14999999999999858,56.1,56.25,56.2,56.25,221.0,279.0,292.0,305.0,False,False
006208,2022-10-26 12:01:27.705002,-0.000888888888888828,-0.002666666666666595,-0.04999999999999716,-0.14999999999999858,56.1,56.25,56.2,56.25,221.0,329.0,292.0,305.0,False,False
006208,2022-10-26 12:01:28.412817,-0.000888888888888828,-0.002666666666666595,-0.04999999999999716,-0.14999999999999858,56.1,56.25,56.2,56.25,221.0,329.0,292.0,305.0,True,True
006208,2022-10-26 12:01:30.486739,-0.000888888888888828,-0.002666666666666595,-0.04999999999999716,-0.14999999999999858,56.1,56.25,56.2,56.25,221.0,328.0,292.0,305.0,False,False
006208,2022-10-26 12:01:30.527871,-0.000888888888888828,-0.002666666666666595,-0.04999999999999716,-0.14999999999999858,56.1,56.25,56.2,56.25,221.0,328.0,292.0,305.0,False,False
006208,2022-10-26 12:01:30.528013,-0.000888888888888828,-0.002666666666666595,-0.04999999999999716,-0.14999999999999858,56.1,56.25,56.2,56.25,221.0,348.0,292.0,305.0,False,False
006208,2022-10-26 12:01:31.189960,-0.000888888888888828,-0.002666666666666595,-0.04999999999999716,-0.14999999999999858,56.1,56.25,56.2,56.25,221.0,348.0,292.0,305.0,False,False
006208,2022-10-26 12:01:31.192623,-0.000888888888888828,-0.002666666666666595,-0.04999999999999716,-0.14999999999999858,56.1,56.25,56.2,56.25,221.0,348.0,292.0,305.0,False,False
006208,2022-10-26 12:01:31.321718,-0.000888888888888828,-0.002666666666666595,-0.04999999999999716,-0.14999999999999858,56.1,56.25,56.2,56.25,221.0,348.0,292.0,305.0,False,False
006208,2022-10-26 12:01:31.327826,-0.000888888888888828,-0.002666666666666595,-0.04999999999999716,-0.14999999999999858,56.1,56.25,56.2,56.25,221.0,348.0,292.0,305.0,False,False
006208,2022-10-26 12:01:32.940543,-0.000888888888888828,-0.002666666666666595,-0.04999999999999716,-0.14999999999999858,56.1,56.25,56.2,56.25,121.0,348.0,292.0,305.0,False,False
006208,2022-10-26 12:01:33.771180,-0.000888888888888828,-0.002666666666666595,-0.04999999999999716,-0.14999999999999858,56.1,56.25,56.2,56.25,121.0,328.0,292.0,305.0,False,False
006208,2022-10-26 12:01:33.771317,-0.000888888888888828,-0.002666666666666595,-0.04999999999999716,-0.14999999999999858,56.1,56.25,56.2,56.25,121.0,328.0,292.0,305.0,False,False
006208,2022-10-26 12:01:33.941906,0.0,-0.002666666666666595,0.0,-0.14999999999999858,56.1,56.2,56.2,56.25,121.0,100.0,292.0,305.0,False,False
006208,2022-10-26 12:01:34.051910,0.0,-0.002666666666666595,0.0,-0.14999999999999858,56.1,56.2,56.2,56.25,121.0,100.0,292.0,305.0,False,False
006208,2022-10-26 12:01:34.115058,0.0,-0.002666666666666595,0.0,-0.14999999999999858,56.1,56.2,56.2,56.25,121.0,100.0,292.0,305.0,False,False
006208,2022-10-26 12:01:34.274101,0.0,-0.002666666666666595,0.0,-0.14999999999999858,56.1,56.2,56.2,56.25,121.0,100.0,292.0,305.0,False,False
006208,2022-10-26 12:01:35.762605,0.0,-0.002666666666666595,0.0,-0.14999999999999858,56.1,56.2,56.2,56.25,121.0,100.0,292.0,305.0,False,False
006208,2022-10-26 12:01:35.838723,0.0,-0.002666666666666595,0.0,-0.14999999999999858,56.1,56.2,56.2,56.25,121.0,100.0,292.0,305.0,False,False
006208,2022-10-26 12:01:35.851764,0.0,-0.002666666666666595,0.0,-0.14999999999999858,56.1,56.2,56.2,56.25,121.0,100.0,292.0,305.0,False,False
006208,2022-10-26 12:01:36.121921,0.0,-0.002666666666666595,0.0,-0.14999999999999858,56.1,56.2,56.2,56.25,121.0,100.0,292.0,305.0,False,False
006208,2022-10-26 12:01:36.181651,-0.000888888888888828,-0.002666666666666595,-0.04999999999999716,-0.14999999999999858,56.1,56.25,56.2,56.25,121.0,338.0,292.0,305.0,False,False
006208,2022-10-26 12:01:36.284597,-0.000888888888888828,-0.002666666666666595,-0.04999999999999716,-0.14999999999999858,56.1,56.25,56.2,56.25,121.0,298.0,292.0,305.0,False,False
006208,2022-10-26 12:01:36.415765,-0.000888888888888828,-0.002666666666666595,-0.04999999999999716,-0.14999999999999858,56.1,56.25,56.2,56.25,121.0,298.0,292.0,305.0,False,False
006208,2022-10-26 12:01:36.602584,-0.000888888888888828,-0.002666666666666595,-0.04999999999999716,-0.14999999999999858,56.1,56.25,56.2,56.25,121.0,298.0,292.0,305.0,False,False
006208,2022-10-26 12:01:36.602902,-0.000888888888888828,-0.002666666666666595,-0.04999999999999716,-0.14999999999999858,56.1,56.25,56.2,56.25,121.0,298.0,292.0,305.0,False,False
006208,2022-10-26 12:01:37.147487,0.0,-0.002666666666666595,0.0,-0.14999999999999858,56.1,56.2,56.2,56.25,121.0,100.0,292.0,305.0,False,False
006208,2022-10-26 12:01:37.180447,0.0,-0.002666666666666595,0.0,-0.14999999999999858,56.1,56.2,56.2,56.25,121.0,100.0,292.0,305.0,False,False
006208,2022-10-26 12:01:37.240699,0.0,-0.002666666666666595,0.0,-0.14999999999999858,56.1,56.2,56.2,56.25,121.0,100.0,292.0,305.0,False,False
006208,2022-10-26 12:01:37.339237,0.0,-0.002666666666666595,0.0,-0.14999999999999858,56.1,56.2,56.2,56.25,121.0,100.0,292.0,305.0,False,False
006208,2022-10-26 12:01:37.499941,0.0,-0.002666666666666595,0.0,-0.14999999999999858,56.1,56.2,56.2,56.25,121.0,100.0,292.0,305.0,False,False
006208,2022-10-26 12:01:37.578026,0.0,-0.002666666666666595,0.0,-0.14999999999999858,56.1,56.2,56.2,56.25,121.0,100.0,292.0,305.0,False,False
006208,2022-10-26 12:01:38.151585,0.0,-0.002666666666666595,0.0,-0.14999999999999858,56.1,56.2,56.2,56.25,121.0,100.0,292.0,305.0,False,False
006208,2022-10-26 12:01:38.151726,0.0,-0.002666666666666595,0.0,-0.14999999999999858,56.1,56.2,56.2,56.25,121.0,100.0,292.0,305.0,False,False
006208,2022-10-26 12:01:39.426780,0.0,-0.002666666666666595,0.0,-0.14999999999999858,56.1,56.2,56.2,56.25,121.0,116.0,292.0,305.0,False,False
006208,2022-10-26 12:01:40.507447,0.0,-0.002666666666666595,0.0,-0.14999999999999858,56.1,56.2,56.2,56.25,121.0,114.0,292.0,305.0,False,False
006208,2022-10-26 12:01:40.873134,0.0,-0.002666666666666595,0.0,-0.14999999999999858,56.1,56.2,56.2,56.25,121.0,113.0,292.0,305.0,False,False
006208,2022-10-26 12:01:41.649912,0.0,-0.002666666666666595,0.0,-0.14999999999999858,56.1,56.2,56.2,56.25,121.0,114.0,292.0,305.0,False,False
006208,2022-10-26 12:01:42.052798,0.0,-0.002666666666666595,0.0,-0.14999999999999858,56.1,56.2,56.2,56.25,121.0,114.0,292.0,305.0,False,False
006208,2022-10-26 12:01:42.058794,0.0,-0.002666666666666595,0.0,-0.14999999999999858,56.1,56.2,56.2,56.25,121.0,114.0,292.0,305.0,False,False
006208,2022-10-26 12:01:47.327967,0.0,-0.002666666666666595,0.0,-0.14999999999999858,56.1,56.2,56.2,56.25,121.0,114.0,292.0,305.0,False,False
006208,2022-10-26 12:01:47.339501,0.0,-0.002666666666666595,0.0,-0.14999999999999858,56.1,56.2,56.2,56.25,121.0,114.0,292.0,305.0,False,False
006208,2022-10-26 12:01:47.477693,0.0,-0.002666666666666595,0.0,-0.14999999999999858,56.1,56.2,56.2,56.25,121.0,114.0,292.0,305.0,False,False
006208,2022-10-26 12:01:50.497078,0.0,-0.002666666666666595,0.0,-0.14999999999999858,56.1,56.2,56.2,56.25,121.0,113.0,292.0,305.0,False,False
006208,2022-10-26 12:01:50.957764,0.0,-0.002666666666666595,0.0,-0.14999999999999858,56.1,56.2,56.2,56.25,121.0,113.0,292.0,305.0,False,False
006208,2022-10-26 12:01:50.957811,0.0,-0.002666666666666595,0.0,-0.14999999999999858,56.1,56.2,56.2,56.25,121.0,113.0,292.0,305.0,False,False
006208,2022-10-26 12:01:57.463692,0.0,-0.002666666666666595,0.0,-0.14999999999999858,56.1,56.2,56.2,56.25,121.0,113.0,292.0,305.0,False,False
006208,2022-10-26 12:01:57.467599,0.0,-0.002666666666666595,0.0,-0.14999999999999858,56.1,56.2,56.2,56.25,121.0,113.0,292.0,305.0,False,False
006208,2022-10-26 12:01:57.603775,0.0,-0.002666666666666595,0.0,-0.14999999999999858,56.1,56.2,56.2,56.25,121.0,113.0,292.0,305.0,False,False
006208,2022-10-26 12:01:58.550994,0.0,-0.002666666666666595,0.0,-0.14999999999999858,56.1,56.2,56.2,56.25,121.0,113.0,312.0,305.0,True,True
006208,2022-10-26 12:01:59.105707,0.0,-0.002666666666666595,0.0,-0.14999999999999858,56.1,56.2,56.2,56.25,121.0,112.0,312.0,305.0,False,False
006208,2022-10-26 12:02:00.502180,0.0,-0.002666666666666595,0.0,-0.14999999999999858,56.1,56.2,56.2,56.25,121.0,111.0,312.0,305.0,False,False
006208,2022-10-26 12:02:01.930073,0.0,-0.002666666666666595,0.0,-0.14999999999999858,56.1,56.2,56.2,56.25,121.0,111.0,312.0,305.0,False,False
006208,2022-10-26 12:02:01.930233,0.0,-0.002666666666666595,0.0,-0.14999999999999858,56.1,56.2,56.2,56.25,121.0,111.0,312.0,305.0,False,False
006208,2022-10-26 12:02:07.593060,0.0,-0.002666666666666595,0.0,-0.14999999999999858,56.1,56.2,56.2,56.25,121.0,111.0,312.0,305.0,False,False
006208,2022-10-26 12:02:07.596384,0.0,-0.002666666666666595,0.0,-0.14999999999999858,56.1,56.2,56.2,56.25,121.0,111.0,312.0,305.0,False,False
006208,2022-10-26 12:02:07.726870,0.0,-0.002666666666666595,0.0,-0.14999999999999858,56.1,56.2,56.2,56.25,121.0,111.0,312.0,305.0,False,False
006208,2022-10-26 12:02:08.603078,0.0,-0.002666666666666595,0.0,-0.14999999999999858,56.1,56.2,56.2,56.25,121.0,111.0,347.0,305.0,True,True
006208,2022-10-26 12:02:10.522943,0.0,-0.002666666666666595,0.0,-0.14999999999999858,56.1,56.2,56.2,56.25,121.0,109.0,347.0,305.0,False,False
006208,2022-10-26 12:02:16.915579,0.0,-0.002666666666666595,0.0,-0.14999999999999858,56.1,56.2,56.2,56.25,121.0,109.0,347.0,305.0,False,False
006208,2022-10-26 12:02:16.915723,0.0,-0.002666666666666595,0.0,-0.14999999999999858,56.1,56.2,56.2,56.25,121.0,109.0,347.0,305.0,False,False
006208,2022-10-26 12:02:17.718928,0.0,-0.002666666666666595,0.0,-0.14999999999999858,56.1,56.2,56.2,56.25,121.0,109.0,347.0,305.0,False,False
006208,2022-10-26 12:02:17.751825,0.0,-0.002666666666666595,0.0,-0.14999999999999858,56.1,56.2,56.2,56.25,121.0,17.0,347.0,305.0,False,False
006208,2022-10-26 12:02:17.853906,0.0,-0.002666666666666595,0.0,-0.14999999999999858,56.1,56.2,56.2,56.25,121.0,17.0,347.0,305.0,False,False
006208,2022-10-26 12:02:18.752486,0.0,-0.002666666666666595,0.0,-0.14999999999999858,56.1,56.2,56.2,56.25,221.0,17.0,347.0,305.0,False,False
006208,2022-10-26 12:02:20.512107,0.0,-0.002666666666666595,0.0,-0.14999999999999858,56.1,56.2,56.2,56.25,221.0,16.0,347.0,305.0,False,False
006208,2022-10-26 12:02:27.849187,0.0,-0.002666666666666595,0.0,-0.14999999999999858,56.1,56.2,56.2,56.25,221.0,16.0,347.0,305.0,False,False
006208,2022-10-26 12:02:27.977413,0.0,-0.002666666666666595,0.0,-0.14999999999999858,56.1,56.2,56.2,56.25,221.0,16.0,347.0,305.0,False,False
006208,2022-10-26 12:02:27.988503,0.0,-0.002666666666666595,0.0,-0.14999999999999858,56.1,56.2,56.2,56.25,221.0,16.0,347.0,305.0,False,False
006208,2022-10-26 12:02:28.695681,0.0,-0.002666666666666595,0.0,-0.14999999999999858,56.1,56.2,56.2,56.25,221.0,16.0,362.0,305.0,True,True
006208,2022-10-26 12:02:30.533008,0.0,-0.002666666666666595,0.0,-0.14999999999999858,56.1,56.2,56.2,56.25,221.0,14.0,362.0,305.0,False,False
006208,2022-10-26 12:02:31.498304,0.0,-0.002666666666666595,0.0,-0.14999999999999858,56.1,56.2,56.2,56.25,222.0,14.0,362.0,305.0,False,False
006208,2022-10-26 12:02:32.167388,0.0,-0.002666666666666595,0.0,-0.14999999999999858,56.1,56.2,56.2,56.25,222.0,13.0,362.0,305.0,False,False
006208,2022-10-26 12:02:35.046819,0.0,-0.002666666666666595,0.0,-0.14999999999999858,56.1,56.2,56.2,56.25,222.0,13.0,362.0,305.0,False,False
006208,2022-10-26 12:02:35.074658,0.0,-0.002666666666666595,0.0,-0.14999999999999858,56.1,56.2,56.2,56.25,122.0,13.0,362.0,305.0,False,False
006208,2022-10-26 12:02:35.135976,0.0,-0.002666666666666595,0.0,-0.14999999999999858,56.1,56.2,56.2,56.25,122.0,13.0,362.0,305.0,False,False
006208,2022-10-26 12:02:35.261937,0.0,-0.002666666666666595,0.0,-0.14999999999999858,56.1,56.2,56.2,56.25,122.0,13.0,362.0,305.0,False,False
006208,2022-10-26 12:02:35.427252,0.0,-0.002666666666666595,0.0,-0.14999999999999858,56.1,56.2,56.2,56.25,122.0,13.0,362.0,305.0,False,False
006208,2022-10-26 12:02:36.075482,0.0,-0.002666666666666595,0.0,-0.14999999999999858,56.1,56.2,56.2,56.25,122.0,113.0,362.0,305.0,False,False
006208,2022-10-26 12:02:37.975994,0.0,-0.002666666666666595,0.0,-0.14999999999999858,56.1,56.2,56.2,56.25,122.0,113.0,362.0,305.0,False,False
006208,2022-10-26 12:02:37.978695,0.0,-0.002666666666666595,0.0,-0.14999999999999858,56.1,56.2,56.2,56.25,122.0,113.0,362.0,305.0,False,False
006208,2022-10-26 12:02:38.109531,0.0,-0.002666666666666595,0.0,-0.14999999999999858,56.1,56.2,56.2,56.25,122.0,113.0,362.0,305.0,False,False
006208,2022-10-26 12:02:38.116158,0.0,-0.002666666666666595,0.0,-0.14999999999999858,56.1,56.2,56.2,56.25,122.0,113.0,362.0,305.0,False,False
006208,2022-10-26 12:02:38.758792,0.0,-0.002666666666666595,0.0,-0.14999999999999858,56.1,56.2,56.2,56.25,122.0,113.0,372.0,305.0,True,True
006208,2022-10-26 12:02:40.522835,0.0,-0.002666666666666595,0.0,-0.14999999999999858,56.1,56.2,56.2,56.25,122.0,112.0,372.0,305.0,False,False
006208,2022-10-26 12:02:41.479336,0.0,-0.002666666666666595,0.0,-0.14999999999999858,56.1,56.2,56.2,56.25,123.0,112.0,372.0,305.0,False,False
006208,2022-10-26 12:02:41.530616,0.0,-0.002666666666666595,0.0,-0.14999999999999858,56.1,56.2,56.2,56.25,123.0,112.0,372.0,305.0,False,False
006208,2022-10-26 12:02:45.448133,0.0,-0.002666666666666595,0.0,-0.14999999999999858,56.1,56.2,56.2,56.25,123.0,112.0,372.0,305.0,False,False
006208,2022-10-26 12:02:46.201126,0.0,-0.002666666666666595,0.0,-0.14999999999999858,56.1,56.2,56.2,56.25,123.0,112.0,372.0,305.0,False,False
006208,2022-10-26 12:02:46.201228,0.0,-0.002666666666666595,0.0,-0.14999999999999858,56.1,56.2,56.2,56.25,123.0,112.0,372.0,305.0,False,False
006208,2022-10-26 12:02:48.090011,0.0,-0.002666666666666595,0.0,-0.14999999999999858,56.1,56.2,56.2,56.25,123.0,112.0,372.0,305.0,False,False
006208,2022-10-26 12:02:48.094893,0.0,-0.002666666666666595,0.0,-0.14999999999999858,56.1,56.2,56.2,56.25,123.0,112.0,372.0,305.0,False,False
006208,2022-10-26 12:02:48.226578,0.0,-0.002666666666666595,0.0,-0.14999999999999858,56.1,56.2,56.2,56.25,123.0,12.0,372.0,305.0,False,False
006208,2022-10-26 12:02:48.228813,0.0,-0.002666666666666595,0.0,-0.14999999999999858,56.1,56.2,56.2,56.25,123.0,12.0,372.0,305.0,False,False
006208,2022-10-26 12:02:48.607647,0.0,-0.002666666666666595,0.0,-0.14999999999999858,56.1,56.2,56.2,56.25,123.0,12.0,372.0,305.0,False,False
006208,2022-10-26 12:02:48.608068,0.0,-0.002666666666666595,0.0,-0.14999999999999858,56.1,56.2,56.2,56.25,123.0,12.0,372.0,305.0,False,False
006208,2022-10-26 12:02:48.762445,0.0,-0.002666666666666595,0.0,-0.14999999999999858,56.1,56.2,56.2,56.25,123.0,12.0,372.0,305.0,False,False
006208,2022-10-26 12:02:49.116171,0.0,-0.002666666666666595,0.0,-0.14999999999999858,56.1,56.2,56.2,56.25,223.0,12.0,372.0,305.0,False,False
006208,2022-10-26 12:02:50.283243,0.0,-0.002666666666666595,0.0,-0.14999999999999858,56.1,56.2,56.2,56.25,223.0,12.0,372.0,305.0,False,False
006208,2022-10-26 12:02:50.527821,0.0,-0.002666666666666595,0.0,-0.14999999999999858,56.1,56.2,56.2,56.25,223.0,11.0,372.0,305.0,False,False
006208,2022-10-26 12:02:52.629685,0.0,-0.002666666666666595,0.0,-0.14999999999999858,56.1,56.2,56.2,56.25,223.0,11.0,372.0,305.0,False,False
006208,2022-10-26 12:02:52.706908,0.0,-0.002666666666666595,0.0,-0.14999999999999858,56.1,56.2,56.2,56.25,223.0,11.0,372.0,305.0,False,False
006208,2022-10-26 12:02:58.218007,0.0,-0.002666666666666595,0.0,-0.14999999999999858,56.1,56.2,56.2,56.25,223.0,11.0,372.0,305.0,False,False
006208,2022-10-26 12:02:58.222195,0.0,-0.002666666666666595,0.0,-0.14999999999999858,56.1,56.2,56.2,56.25,223.0,11.0,372.0,305.0,False,False
006208,2022-10-26 12:02:58.354259,0.0,-0.002666666666666595,0.0,-0.14999999999999858,56.1,56.2,56.2,56.25,223.0,11.0,372.0,305.0,False,False
006208,2022-10-26 12:02:58.433081,0.0,-0.002666666666666595,0.0,-0.14999999999999858,56.1,56.2,56.2,56.25,223.0,11.0,372.0,305.0,False,False
006208,2022-10-26 12:03:00.602742,0.0,-0.002666666666666595,0.0,-0.14999999999999858,56.1,56.2,56.2,56.25,223.0,9.0,372.0,305.0,False,False
006208,2022-10-26 12:03:03.367138,0.0,-0.002666666666666595,0.0,-0.14999999999999858,56.1,56.2,56.2,56.25,223.0,9.0,372.0,305.0,False,False
006208,2022-10-26 12:03:03.446303,0.0,-0.002666666666666595,0.0,-0.14999999999999858,56.1,56.2,56.2,56.25,223.0,9.0,372.0,305.0,False,False
006208,2022-10-26 12:03:04.026941,0.0,-0.002666666666666595,0.0,-0.14999999999999858,56.1,56.2,56.2,56.25,223.0,9.0,372.0,305.0,False,False
006208,2022-10-26 12:03:04.037752,0.0,-0.002666666666666595,0.0,-0.14999999999999858,56.1,56.2,56.2,56.25,223.0,9.0,372.0,305.0,False,False
006208,2022-10-26 12:03:05.319641,0.0,-0.002666666666666595,0.0,-0.14999999999999858,56.1,56.2,56.2,56.25,223.0,9.0,372.0,305.0,False,False
006208,2022-10-26 12:03:05.320053,0.0,-0.002666666666666595,0.0,-0.14999999999999858,56.1,56.2,56.2,56.25,223.0,9.0,372.0,305.0,False,False
006208,2022-10-26 12:03:06.207023,0.0,-0.002666666666666595,0.0,-0.14999999999999858,56.1,56.2,56.2,56.25,223.0,8.0,372.0,305.0,False,False
006208,2022-10-26 12:03:08.310391,0.0,-0.002666666666666595,0.0,-0.14999999999999858,56.1,56.2,56.2,56.25,223.0,6.0,372.0,305.0,False,False
006208,2022-10-26 12:03:08.348762,0.0,-0.002666666666666595,0.0,-0.14999999999999858,56.1,56.2,56.2,56.25,223.0,6.0,372.0,305.0,False,False
006208,2022-10-26 12:03:08.355790,0.0,-0.002666666666666595,0.0,-0.14999999999999858,56.1,56.2,56.2,56.25,223.0,6.0,372.0,305.0,False,False
006208,2022-10-26 12:03:08.488398,0.0,-0.002666666666666595,0.0,-0.14999999999999858,56.1,56.2,56.2,56.25,223.0,6.0,372.0,305.0,False,False
006208,2022-10-26 12:03:08.811885,0.0,-0.002666666666666595,0.0,-0.14999999999999858,56.1,56.2,56.2,56.25,223.0,6.0,372.0,305.0,False,False
006208,2022-10-26 12:03:08.819383,0.0,-0.002666666666666595,0.0,-0.14999999999999858,56.1,56.2,56.2,56.25,223.0,6.0,372.0,305.0,False,False
006208,2022-10-26 12:03:08.896650,0.0,-0.002666666666666595,0.0,-0.14999999999999858,56.1,56.2,56.2,56.25,223.0,6.0,372.0,247.0,True,True
006208,2022-10-26 12:03:10.345353,0.0,-0.002666666666666595,0.0,-0.14999999999999858,56.1,56.2,56.2,56.25,223.0,7.0,372.0,247.0,False,False
006208,2022-10-26 12:03:10.584503,0.0,-0.002666666666666595,0.0,-0.14999999999999858,56.1,56.2,56.2,56.25,223.0,6.0,372.0,247.0,False,False
006208,2022-10-26 12:03:11.142082,0.0,-0.002666666666666595,0.0,-0.14999999999999858,56.1,56.2,56.2,56.25,223.0,6.0,372.0,247.0,False,False
006208,2022-10-26 12:03:11.142109,0.0,-0.002666666666666595,0.0,-0.14999999999999858,56.1,56.2,56.2,56.25,223.0,6.0,372.0,247.0,False,False
006208,2022-10-26 12:03:18.476374,0.0,-0.002666666666666595,0.0,-0.14999999999999858,56.1,56.2,56.2,56.25,223.0,6.0,372.0,247.0,False,False
006208,2022-10-26 12:03:18.480453,0.0,-0.002666666666666595,0.0,-0.14999999999999858,56.1,56.2,56.2,56.25,223.0,6.0,372.0,247.0,False,False
006208,2022-10-26 12:03:18.611259,0.0,-0.002666666666666595,0.0,-0.14999999999999858,56.1,56.2,56.2,56.25,223.0,6.0,372.0,247.0,False,False
006208,2022-10-26 12:03:18.959413,0.0,-0.002666666666666595,0.0,-0.14999999999999858,56.1,56.2,56.2,56.25,223.0,6.0,380.0,257.0,True,True
006208,2022-10-26 12:03:20.542622,0.0,-0.002666666666666595,0.0,-0.14999999999999858,56.1,56.2,56.2,56.25,223.0,5.0,380.0,257.0,False,False
006208,2022-10-26 12:03:25.226225,0.0,-0.002666666666666595,0.0,-0.14999999999999858,56.1,56.2,56.2,56.25,223.0,5.0,380.0,257.0,False,False
006208,2022-10-26 12:03:25.226269,0.0,-0.002666666666666595,0.0,-0.14999999999999858,56.1,56.2,56.2,56.25,223.0,5.0,380.0,257.0,False,False
006208,2022-10-26 12:03:27.030438,0.0,-0.002666666666666595,0.0,-0.14999999999999858,56.1,56.2,56.2,56.25,223.0,5.0,380.0,257.0,False,False
006208,2022-10-26 12:03:27.030539,0.0,-0.002666666666666595,0.0,-0.14999999999999858,56.1,56.2,56.2,56.25,223.0,5.0,380.0,257.0,False,False
006208,2022-10-26 12:03:28.602702,0.0,-0.002666666666666595,0.0,-0.14999999999999858,56.1,56.2,56.2,56.25,223.0,5.0,380.0,257.0,False,False
006208,2022-10-26 12:03:28.605484,0.0,-0.002666666666666595,0.0,-0.14999999999999858,56.1,56.2,56.2,56.25,223.0,5.0,380.0,257.0,False,False
006208,2022-10-26 12:03:28.738969,0.0,-0.002666666666666595,0.0,-0.14999999999999858,56.1,56.2,56.2,56.25,223.0,5.0,380.0,257.0,False,False
006208,2022-10-26 12:03:30.547639,0.0,-0.002666666666666595,0.0,-0.14999999999999858,56.1,56.2,56.2,56.25,223.0,3.0,380.0,257.0,False,False
006208,2022-10-26 12:03:38.731766,0.0,-0.002666666666666595,0.0,-0.14999999999999858,56.1,56.2,56.2,56.25,223.0,3.0,380.0,257.0,False,False
006208,2022-10-26 12:03:38.733858,0.0,-0.002666666666666595,0.0,-0.14999999999999858,56.1,56.2,56.2,56.25,223.0,3.0,380.0,257.0,False,False
006208,2022-10-26 12:03:38.865580,0.0,-0.002666666666666595,0.0,-0.14999999999999858,56.1,56.2,56.2,56.25,223.0,3.0,380.0,257.0,False,False
006208,2022-10-26 12:03:39.037622,0.0,-0.002666666666666595,0.0,-0.14999999999999858,56.1,56.2,56.2,56.25,223.0,3.0,380.0,307.0,True,True
006208,2022-10-26 12:03:39.161489,0.0,-0.002666666666666595,0.0,-0.14999999999999858,56.1,56.2,56.2,56.25,223.0,2.0,380.0,307.0,False,False
006208,2022-10-26 12:03:40.552876,0.0,-0.002666666666666595,0.0,-0.14999999999999858,56.1,56.2,56.2,56.25,223.0,1.0,380.0,307.0,False,False
006208,2022-10-26 12:03:48.873570,0.0,-0.002666666666666595,0.0,-0.14999999999999858,56.1,56.2,56.2,56.25,223.0,1.0,380.0,307.0,False,False
006208,2022-10-26 12:03:48.877377,0.0,-0.002666666666666595,0.0,-0.14999999999999858,56.1,56.2,56.2,56.25,223.0,1.0,380.0,307.0,False,False
006208,2022-10-26 12:03:49.083130,0.0,-0.002666666666666595,0.0,-0.14999999999999858,56.1,56.2,56.2,56.25,223.0,1.0,380.0,357.0,True,True
006208,2022-10-26 12:03:49.011951,0.0,-0.002666666666666595,0.0,-0.14999999999999858,56.1,56.2,56.2,56.25,223.0,1.0,380.0,357.0,False,False
006208,2022-10-26 12:03:49.388483,0.0,-0.002666666666666595,0.0,-0.14999999999999858,56.1,56.2,56.2,56.25,223.0,1.0,380.0,357.0,False,False
006208,2022-10-26 12:03:49.388681,0.0,-0.002666666666666595,0.0,-0.14999999999999858,56.1,56.2,56.2,56.25,223.0,1.0,380.0,357.0,False,False
006208,2022-10-26 12:03:50.557983,-0.000888888888888828,-0.002666666666666595,-0.04999999999999716,-0.14999999999999858,56.1,56.25,56.2,56.25,223.0,387.0,380.0,357.0,False,False
006208,2022-10-26 12:03:50.588974,-0.000888888888888828,-0.002666666666666595,-0.04999999999999716,-0.14999999999999858,56.1,56.25,56.2,56.25,223.0,387.0,380.0,357.0,False,False
006208,2022-10-26 12:03:50.590866,-0.000888888888888828,-0.002666666666666595,-0.04999999999999716,-0.14999999999999858,56.1,56.25,56.2,56.25,223.0,387.0,380.0,357.0,False,False
006208,2022-10-26 12:03:50.656329,-0.000888888888888828,-0.002666666666666595,-0.04999999999999716,-0.14999999999999858,56.1,56.25,56.2,56.25,223.0,347.0,380.0,357.0,False,False
006208,2022-10-26 12:03:50.788059,-0.000888888888888828,-0.002666666666666595,-0.04999999999999716,-0.14999999999999858,56.1,56.25,56.2,56.25,223.0,347.0,380.0,357.0,False,False
006208,2022-10-26 12:03:51.777816,-0.000888888888888828,-0.002666666666666595,-0.04999999999999716,-0.14999999999999858,56.1,56.25,56.2,56.25,223.0,347.0,380.0,357.0,False,False
006208,2022-10-26 12:03:51.791603,-0.000888888888888828,-0.002666666666666595,-0.04999999999999716,-0.14999999999999858,56.1,56.25,56.2,56.25,223.0,347.0,380.0,357.0,False,False
006208,2022-10-26 12:03:52.257191,-0.000888888888888828,-0.002666666666666595,-0.04999999999999716,-0.14999999999999858,56.1,56.25,56.2,56.25,223.0,347.0,380.0,357.0,False,False
006208,2022-10-26 12:03:52.266858,-0.000888888888888828,-0.002666666666666595,-0.04999999999999716,-0.14999999999999858,56.1,56.25,56.2,56.25,223.0,347.0,380.0,357.0,False,False
006208,2022-10-26 12:03:57.178511,-0.000888888888888828,-0.002666666666666595,-0.04999999999999716,-0.14999999999999858,56.1,56.25,56.2,56.25,223.0,347.0,380.0,357.0,False,False
006208,2022-10-26 12:03:57.211059,-0.000888888888888828,-0.002666666666666595,-0.04999999999999716,-0.14999999999999858,56.1,56.25,56.2,56.25,223.0,297.0,380.0,357.0,False,False
006208,2022-10-26 12:03:59.072315,-0.000888888888888828,-0.002666666666666595,-0.04999999999999716,-0.14999999999999858,56.1,56.25,56.2,56.25,223.0,297.0,380.0,357.0,False,False
006208,2022-10-26 12:03:59.126258,-0.000888888888888828,-0.002666666666666595,-0.04999999999999716,-0.14999999999999858,56.1,56.25,56.2,56.25,223.0,297.0,450.0,657.0,True,True
006208,2022-10-26 12:03:59.077340,-0.000888888888888828,-0.002666666666666595,-0.04999999999999716,-0.14999999999999858,56.1,56.25,56.2,56.25,223.0,327.0,450.0,657.0,False,False
006208,2022-10-26 12:04:00.578327,-0.000888888888888828,-0.002666666666666595,-0.04999999999999716,-0.14999999999999858,56.1,56.25,56.2,56.25,223.0,326.0,450.0,657.0,False,False
006208,2022-10-26 12:04:00.792986,-0.000888888888888828,-0.002666666666666595,-0.04999999999999716,-0.14999999999999858,56.1,56.25,56.2,56.25,223.0,326.0,450.0,657.0,False,False
006208,2022-10-26 12:04:00.796065,-0.000888888888888828,-0.002666666666666595,-0.04999999999999716,-0.14999999999999858,56.1,56.25,56.2,56.25,223.0,326.0,450.0,657.0,False,False
006208,2022-10-26 12:04:00.920291,-0.000888888888888828,-0.002666666666666595,-0.04999999999999716,-0.14999999999999858,56.1,56.25,56.2,56.25,223.0,326.0,450.0,657.0,False,False
006208,2022-10-26 12:04:02.380027,-0.000888888888888828,-0.002666666666666595,-0.04999999999999716,-0.14999999999999858,56.1,56.25,56.2,56.25,223.0,326.0,450.0,657.0,False,False
006208,2022-10-26 12:04:02.460376,-0.000888888888888828,-0.002666666666666595,-0.04999999999999716,-0.14999999999999858,56.1,56.25,56.2,56.25,223.0,360.0,450.0,657.0,False,False
006208,2022-10-26 12:04:02.985058,-0.000888888888888828,-0.002666666666666595,-0.04999999999999716,-0.14999999999999858,56.1,56.25,56.2,56.25,223.0,360.0,450.0,657.0,False,False
006208,2022-10-26 12:04:02.995758,-0.000888888888888828,-0.002666666666666595,-0.04999999999999716,-0.14999999999999858,56.1,56.25,56.2,56.25,223.0,326.0,450.0,657.0,False,False
006208,2022-10-26 12:04:03.455646,-0.000888888888888828,-0.001777777777777767,-0.04999999999999716,-0.10000000000000142,56.15,56.25,56.2,56.25,75.0,326.0,450.0,657.0,False,False
006208,2022-10-26 12:04:03.493182,-0.000888888888888828,-0.001777777777777767,-0.04999999999999716,-0.10000000000000142,56.15,56.25,56.2,56.25,75.0,326.0,450.0,657.0,False,False
006208,2022-10-26 12:04:03.522586,-0.000888888888888828,-0.001777777777777767,-0.04999999999999716,-0.10000000000000142,56.15,56.25,56.2,56.25,75.0,326.0,450.0,657.0,False,False
006208,2022-10-26 12:04:03.698190,-0.000888888888888828,-0.001777777777777767,-0.04999999999999716,-0.10000000000000142,56.15,56.25,56.2,56.25,75.0,326.0,450.0,657.0,False,False
006208,2022-10-26 12:04:06.425838,-0.000888888888888828,-0.001777777777777767,-0.04999999999999716,-0.10000000000000142,56.15,56.25,56.2,56.25,75.0,326.0,450.0,657.0,False,False
006208,2022-10-26 12:04:06.426059,-0.000888888888888828,-0.001777777777777767,-0.04999999999999716,-0.10000000000000142,56.15,56.25,56.2,56.25,75.0,326.0,450.0,657.0,False,False
006208,2022-10-26 12:04:06.624911,-0.000888888888888828,-0.001777777777777767,-0.04999999999999716,-0.10000000000000142,56.15,56.25,56.2,56.25,75.0,326.0,450.0,657.0,False,False
006208,2022-10-26 12:04:06.644594,-0.000888888888888828,-0.001777777777777767,-0.04999999999999716,-0.10000000000000142,56.15,56.25,56.2,56.25,75.0,326.0,450.0,657.0,False,False
006208,2022-10-26 12:04:07.772027,-0.000888888888888828,-0.001777777777777767,-0.04999999999999716,-0.10000000000000142,56.15,56.25,56.2,56.25,75.0,326.0,450.0,657.0,False,False
006208,2022-10-26 12:04:07.782092,-0.000888888888888828,-0.001777777777777767,-0.04999999999999716,-0.10000000000000142,56.15,56.25,56.2,56.25,75.0,326.0,450.0,657.0,False,False
006208,2022-10-26 12:04:08.044887,-0.000888888888888828,-0.001777777777777767,-0.04999999999999716,-0.10000000000000142,56.15,56.25,56.2,56.25,75.0,326.0,450.0,657.0,False,False
006208,2022-10-26 12:04:08.419528,-0.000888888888888828,-0.001777777777777767,-0.04999999999999716,-0.10000000000000142,56.15,56.25,56.2,56.25,75.0,326.0,450.0,657.0,False,True
006208,2022-10-26 12:04:10.567804,-0.000888888888888828,-0.001777777777777767,-0.04999999999999716,-0.10000000000000142,56.15,56.25,56.2,56.25,75.0,325.0,450.0,657.0,False,False
006208,2022-10-26 12:04:13.220585,-0.000888888888888828,-0.001777777777777767,-0.04999999999999716,-0.10000000000000142,56.15,56.25,56.2,56.25,75.0,324.0,450.0,657.0,False,False
006208,2022-10-26 12:04:13.695590,-0.000888888888888828,-0.001777777777777767,-0.04999999999999716,-0.10000000000000142,56.15,56.25,56.2,56.25,75.0,324.0,450.0,657.0,False,False
006208,2022-10-26 12:04:13.699299,-0.000888888888888828,-0.001777777777777767,-0.04999999999999716,-0.10000000000000142,56.15,56.25,56.2,56.25,75.0,324.0,450.0,657.0,False,False
006208,2022-10-26 12:04:13.829807,-0.000888888888888828,-0.001777777777777767,-0.04999999999999716,-0.10000000000000142,56.15,56.25,56.2,56.25,75.0,324.0,450.0,657.0,False,False
006208,2022-10-26 12:04:14.203602,-0.000888888888888828,-0.001777777777777767,-0.04999999999999716,-0.10000000000000142,56.15,56.25,56.2,56.25,75.0,294.0,450.0,657.0,False,False
006208,2022-10-26 12:04:14.210526,-0.000888888888888828,-0.001777777777777767,-0.04999999999999716,-0.10000000000000142,56.15,56.25,56.2,56.25,75.0,294.0,450.0,657.0,False,False
006208,2022-10-26 12:04:14.614211,-0.000888888888888828,-0.001777777777777767,-0.04999999999999716,-0.10000000000000142,56.15,56.25,56.2,56.25,75.0,254.0,450.0,657.0,False,False
006208,2022-10-26 12:04:15.067466,-0.000888888888888828,-0.001777777777777767,-0.04999999999999716,-0.10000000000000142,56.15,56.25,56.2,56.25,75.0,254.0,450.0,657.0,False,False
006208,2022-10-26 12:04:15.073231,-0.000888888888888828,-0.001777777777777767,-0.04999999999999716,-0.10000000000000142,56.15,56.25,56.2,56.25,75.0,284.0,450.0,657.0,False,False
006208,2022-10-26 12:04:15.462153,-0.000888888888888828,-0.001777777777777767,-0.04999999999999716,-0.10000000000000142,56.15,56.25,56.2,56.25,75.0,284.0,450.0,657.0,False,False
006208,2022-10-26 12:04:15.462191,-0.000888888888888828,-0.001777777777777767,-0.04999999999999716,-0.10000000000000142,56.15,56.25,56.2,56.25,75.0,284.0,450.0,657.0,False,False
006208,2022-10-26 12:04:16.154249,-0.000888888888888828,-0.001777777777777767,-0.04999999999999716,-0.10000000000000142,56.15,56.25,56.2,56.25,75.0,284.0,450.0,657.0,False,False
006208,2022-10-26 12:04:16.154268,-0.000888888888888828,-0.001777777777777767,-0.04999999999999716,-0.10000000000000142,56.15,56.25,56.2,56.25,75.0,284.0,450.0,657.0,False,False
006208,2022-10-26 12:04:18.458578,-0.000888888888888828,-0.001777777777777767,-0.04999999999999716,-0.10000000000000142,56.15,56.25,56.2,56.25,75.0,284.0,505.0,657.0,True,True
006208,2022-10-26 12:04:20.572911,-0.000888888888888828,-0.001777777777777767,-0.04999999999999716,-0.10000000000000142,56.15,56.25,56.2,56.25,75.0,282.0,505.0,657.0,False,False
006208,2022-10-26 12:04:21.439705,-0.000888888888888828,-0.001777777777777767,-0.04999999999999716,-0.10000000000000142,56.15,56.25,56.2,56.25,75.0,322.0,505.0,657.0,False,False
006208,2022-10-26 12:04:23.822689,-0.000888888888888828,-0.001777777777777767,-0.04999999999999716,-0.10000000000000142,56.15,56.25,56.2,56.25,75.0,322.0,505.0,657.0,False,False
006208,2022-10-26 12:04:23.826411,-0.000888888888888828,-0.001777777777777767,-0.04999999999999716,-0.10000000000000142,56.15,56.25,56.2,56.25,75.0,322.0,505.0,657.0,False,False
006208,2022-10-26 12:04:24.007700,-0.000888888888888828,-0.001777777777777767,-0.04999999999999716,-0.10000000000000142,56.15,56.25,56.2,56.25,75.0,282.0,505.0,657.0,False,False
006208,2022-10-26 12:04:26.989434,-0.000888888888888828,-0.001777777777777767,-0.04999999999999716,-0.10000000000000142,56.15,56.25,56.2,56.25,75.0,282.0,505.0,657.0,False,False
006208,2022-10-26 12:04:26.989597,-0.000888888888888828,-0.001777777777777767,-0.04999999999999716,-0.10000000000000142,56.15,56.25,56.2,56.25,75.0,282.0,505.0,657.0,False,False
006208,2022-10-26 12:04:28.505890,-0.000888888888888828,-0.001777777777777767,-0.04999999999999716,-0.10000000000000142,56.15,56.25,56.2,56.25,75.0,282.0,505.0,653.0,True,True
006208,2022-10-26 12:04:29.446449,-0.000888888888888828,-0.001777777777777767,-0.04999999999999716,-0.10000000000000142,56.15,56.25,56.2,56.25,75.0,282.0,505.0,653.0,False,False
006208,2022-10-26 12:04:30.593608,-0.000888888888888828,-0.001777777777777767,-0.04999999999999716,-0.10000000000000142,56.15,56.25,56.2,56.25,75.0,281.0,505.0,653.0,False,False
006208,2022-10-26 12:04:31.196189,-0.000888888888888828,-0.001777777777777767,-0.04999999999999716,-0.10000000000000142,56.15,56.25,56.2,56.25,75.0,281.0,505.0,653.0,False,False
006208,2022-10-26 12:04:31.279711,-0.000888888888888828,-0.001777777777777767,-0.04999999999999716,-0.10000000000000142,56.15,56.25,56.2,56.25,75.0,251.0,505.0,653.0,False,False
006208,2022-10-26 12:04:32.242474,-0.000888888888888828,-0.001777777777777767,-0.04999999999999716,-0.10000000000000142,56.15,56.25,56.2,56.25,75.0,251.0,505.0,653.0,False,False
006208,2022-10-26 12:04:32.242550,-0.000888888888888828,-0.001777777777777767,-0.04999999999999716,-0.10000000000000142,56.15,56.25,56.2,56.25,75.0,251.0,505.0,653.0,False,False
006208,2022-10-26 12:04:32.555322,-0.000888888888888828,-0.001777777777777767,-0.04999999999999716,-0.10000000000000142,56.15,56.25,56.2,56.25,75.0,251.0,505.0,653.0,False,False
006208,2022-10-26 12:04:32.561190,-0.000888888888888828,-0.001777777777777767,-0.04999999999999716,-0.10000000000000142,56.15,56.25,56.2,56.25,75.0,281.0,505.0,653.0,False,False
006208,2022-10-26 12:04:33.096170,-0.000888888888888828,-0.001777777777777767,-0.04999999999999716,-0.10000000000000142,56.15,56.25,56.2,56.25,75.0,321.0,505.0,653.0,False,False
006208,2022-10-26 12:04:33.944999,-0.000888888888888828,-0.001777777777777767,-0.04999999999999716,-0.10000000000000142,56.15,56.25,56.2,56.25,75.0,321.0,505.0,653.0,False,False
006208,2022-10-26 12:04:33.954827,-0.000888888888888828,-0.001777777777777767,-0.04999999999999716,-0.10000000000000142,56.15,56.25,56.2,56.25,75.0,321.0,505.0,653.0,False,False
006208,2022-10-26 12:04:34.087708,-0.000888888888888828,-0.001777777777777767,-0.04999999999999716,-0.10000000000000142,56.15,56.25,56.2,56.25,75.0,321.0,505.0,653.0,False,False
006208,2022-10-26 12:04:34.744875,-0.000888888888888828,-0.001777777777777767,-0.04999999999999716,-0.10000000000000142,56.15,56.25,56.2,56.25,75.0,281.0,505.0,653.0,False,False
006208,2022-10-26 12:04:40.583397,-0.000888888888888828,-0.001777777777777767,-0.04999999999999716,-0.10000000000000142,56.15,56.25,56.2,56.25,75.0,279.0,505.0,653.0,False,False
006208,2022-10-26 12:04:44.079256,-0.000888888888888828,-0.001777777777777767,-0.04999999999999716,-0.10000000000000142,56.15,56.25,56.2,56.25,75.0,279.0,505.0,653.0,False,False
006208,2022-10-26 12:04:44.082191,-0.000888888888888828,-0.001777777777777767,-0.04999999999999716,-0.10000000000000142,56.15,56.25,56.2,56.25,75.0,279.0,505.0,653.0,False,False
006208,2022-10-26 12:04:44.214496,-0.000888888888888828,-0.001777777777777767,-0.04999999999999716,-0.10000000000000142,56.15,56.25,56.2,56.25,75.0,279.0,505.0,653.0,False,False
006208,2022-10-26 12:04:46.217850,-0.000888888888888828,-0.001777777777777767,-0.04999999999999716,-0.10000000000000142,56.15,56.25,56.2,56.25,75.0,278.0,505.0,653.0,False,False
006208,2022-10-26 12:04:50.588049,-0.000888888888888828,-0.001777777777777767,-0.04999999999999716,-0.10000000000000142,56.15,56.25,56.2,56.25,75.0,277.0,505.0,653.0,False,False
006208,2022-10-26 12:04:51.335125,-0.000888888888888828,-0.001777777777777767,-0.04999999999999716,-0.10000000000000142,56.15,56.25,56.2,56.25,75.0,277.0,505.0,653.0,False,False
006208,2022-10-26 12:04:51.353706,-0.000888888888888828,-0.001777777777777767,-0.04999999999999716,-0.10000000000000142,56.15,56.25,56.2,56.25,75.0,247.0,505.0,653.0,False,False
006208,2022-10-26 12:04:54.195213,-0.000888888888888828,-0.001777777777777767,-0.04999999999999716,-0.10000000000000142,56.15,56.25,56.2,56.25,75.0,247.0,505.0,653.0,False,False
006208,2022-10-26 12:04:54.198551,-0.000888888888888828,-0.001777777777777767,-0.04999999999999716,-0.10000000000000142,56.15,56.25,56.2,56.25,75.0,247.0,505.0,653.0,False,False
006208,2022-10-26 12:04:54.328314,-0.000888888888888828,-0.001777777777777767,-0.04999999999999716,-0.10000000000000142,56.15,56.25,56.2,56.25,75.0,247.0,505.0,653.0,False,False
006208,2022-10-26 12:04:56.225080,-0.000888888888888828,-0.001777777777777767,-0.04999999999999716,-0.10000000000000142,56.15,56.25,56.2,56.25,75.0,247.0,505.0,653.0,False,False
006208,2022-10-26 12:04:56.242363,-0.000888888888888828,-0.001777777777777767,-0.04999999999999716,-0.10000000000000142,56.15,56.25,56.2,56.25,75.0,277.0,505.0,653.0,False,False
006208,2022-10-26 12:04:58.577408,-0.000888888888888828,-0.001777777777777767,-0.04999999999999716,-0.10000000000000142,56.15,56.25,56.2,56.25,75.0,277.0,505.0,653.0,False,False
006208,2022-10-26 12:04:58.595404,-0.000888888888888828,-0.001777777777777767,-0.04999999999999716,-0.10000000000000142,56.15,56.25,56.2,56.25,75.0,247.0,505.0,653.0,False,False
006208,2022-10-26 12:04:58.780433,-0.000888888888888828,-0.001777777777777767,-0.04999999999999716,-0.10000000000000142,56.15,56.25,56.2,56.25,75.0,247.0,540.0,653.0,True,True
006208,2022-10-26 12:05:00.557385,-0.000888888888888828,-0.001777777777777767,-0.04999999999999716,-0.10000000000000142,56.15,56.25,56.2,56.25,75.0,246.0,540.0,653.0,False,False
006208,2022-10-26 12:05:00.655480,-0.000888888888888828,-0.001777777777777767,-0.04999999999999716,-0.10000000000000142,56.15,56.25,56.2,56.25,75.0,246.0,540.0,653.0,False,False
006208,2022-10-26 12:05:00.655789,-0.000888888888888828,-0.001777777777777767,-0.04999999999999716,-0.10000000000000142,56.15,56.25,56.2,56.25,75.0,246.0,540.0,653.0,False,False
006208,2022-10-26 12:05:01.064702,-0.000888888888888828,-0.001777777777777767,-0.04999999999999716,-0.10000000000000142,56.15,56.25,56.2,56.25,75.0,246.0,540.0,653.0,False,False
006208,2022-10-26 12:05:01.076479,-0.000888888888888828,-0.001777777777777767,-0.04999999999999716,-0.10000000000000142,56.15,56.25,56.2,56.25,75.0,276.0,540.0,653.0,False,False
006208,2022-10-26 12:05:04.245840,-0.000888888888888828,-0.001777777777777767,-0.04999999999999716,-0.10000000000000142,56.15,56.25,56.2,56.25,75.0,276.0,540.0,653.0,False,False
006208,2022-10-26 12:05:04.251901,-0.000888888888888828,-0.001777777777777767,-0.04999999999999716,-0.10000000000000142,56.15,56.25,56.2,56.25,75.0,276.0,540.0,653.0,False,False
006208,2022-10-26 12:05:04.380177,-0.000888888888888828,-0.001777777777777767,-0.04999999999999716,-0.10000000000000142,56.15,56.25,56.2,56.25,75.0,276.0,540.0,653.0,False,False
006208,2022-10-26 12:05:05.040485,-0.000888888888888828,-0.001777777777777767,-0.04999999999999716,-0.10000000000000142,56.15,56.25,56.2,56.25,75.0,276.0,540.0,653.0,False,False
006208,2022-10-26 12:05:05.040677,-0.000888888888888828,-0.001777777777777767,-0.04999999999999716,-0.10000000000000142,56.15,56.25,56.2,56.25,75.0,276.0,540.0,653.0,False,False
006208,2022-10-26 12:05:06.457981,-0.000888888888888828,-0.001777777777777767,-0.04999999999999716,-0.10000000000000142,56.15,56.25,56.2,56.25,75.0,255.0,540.0,653.0,False,False
006208,2022-10-26 12:05:07.721950,-0.000888888888888828,-0.001777777777777767,-0.04999999999999716,-0.10000000000000142,56.15,56.25,56.2,56.25,75.0,255.0,540.0,653.0,False,False
006208,2022-10-26 12:05:07.751523,-0.000888888888888828,-0.001777777777777767,-0.04999999999999716,-0.10000000000000142,56.15,56.25,56.2,56.25,75.0,189.0,540.0,653.0,False,False
006208,2022-10-26 12:05:08.747796,-0.000888888888888828,-0.001777777777777767,-0.04999999999999716,-0.10000000000000142,56.15,56.25,56.2,56.25,75.0,289.0,540.0,653.0,False,False
006208,2022-10-26 12:05:08.807317,-0.000888888888888828,-0.001777777777777767,-0.04999999999999716,-0.10000000000000142,56.15,56.25,56.2,56.25,75.0,289.0,540.0,653.0,False,False
006208,2022-10-26 12:05:08.978515,-0.000888888888888828,-0.001777777777777767,-0.04999999999999716,-0.10000000000000142,56.15,56.25,56.2,56.25,75.0,289.0,740.0,1153.0,True,True
006208,2022-10-26 12:05:10.477116,-0.000888888888888828,-0.001777777777777767,-0.04999999999999716,-0.10000000000000142,56.15,56.25,56.2,56.25,75.0,287.0,740.0,1153.0,False,False
006208,2022-10-26 12:05:12.518900,-0.000888888888888828,-0.001777777777777767,-0.04999999999999716,-0.10000000000000142,56.15,56.25,56.2,56.25,75.0,287.0,740.0,1153.0,False,False
006208,2022-10-26 12:05:12.519399,-0.000888888888888828,-0.001777777777777767,-0.04999999999999716,-0.10000000000000142,56.15,56.25,56.2,56.25,75.0,287.0,740.0,1153.0,False,False
006208,2022-10-26 12:05:14.328993,-0.000888888888888828,-0.001777777777777767,-0.04999999999999716,-0.10000000000000142,56.15,56.25,56.2,56.25,75.0,287.0,740.0,1153.0,False,False
006208,2022-10-26 12:05:14.335104,-0.000888888888888828,-0.001777777777777767,-0.04999999999999716,-0.10000000000000142,56.15,56.25,56.2,56.25,75.0,287.0,740.0,1153.0,False,False
006208,2022-10-26 12:05:14.463706,-0.000888888888888828,-0.001777777777777767,-0.04999999999999716,-0.10000000000000142,56.15,56.25,56.2,56.25,75.0,287.0,740.0,1153.0,False,False
006208,2022-10-26 12:05:16.665469,-0.000888888888888828,-0.001777777777777767,-0.04999999999999716,-0.10000000000000142,56.15,56.25,56.2,56.25,75.0,287.0,740.0,1153.0,False,False
006208,2022-10-26 12:05:16.922620,-0.000888888888888828,-0.001777777777777767,-0.04999999999999716,-0.10000000000000142,56.15,56.25,56.2,56.25,75.0,257.0,740.0,1153.0,False,False
006208,2022-10-26 12:05:16.928717,-0.000888888888888828,-0.001777777777777767,-0.04999999999999716,-0.10000000000000142,56.15,56.25,56.2,56.25,75.0,257.0,740.0,1153.0,False,False
006208,2022-10-26 12:05:17.666644,-0.000888888888888828,-0.001777777777777767,-0.04999999999999716,-0.10000000000000142,56.15,56.25,56.2,56.25,75.0,257.0,740.0,1153.0,False,False
006208,2022-10-26 12:05:17.672161,-0.000888888888888828,-0.001777777777777767,-0.04999999999999716,-0.10000000000000142,56.15,56.25,56.2,56.25,75.0,287.0,740.0,1153.0,False,False
006208,2022-10-26 12:05:18.556933,-0.000888888888888828,-0.001777777777777767,-0.04999999999999716,-0.10000000000000142,56.15,56.25,56.2,56.25,75.0,287.0,740.0,1153.0,False,False
006208,2022-10-26 12:05:18.557084,-0.000888888888888828,-0.001777777777777767,-0.04999999999999716,-0.10000000000000142,56.15,56.25,56.2,56.25,75.0,287.0,740.0,1153.0,False,False
006208,2022-10-26 12:05:18.982563,-0.000888888888888828,-0.001777777777777767,-0.04999999999999716,-0.10000000000000142,56.15,56.25,56.2,56.25,75.0,287.0,775.0,1153.0,True,True
006208,2022-10-26 12:05:20.100727,-0.000888888888888828,-0.001777777777777767,-0.04999999999999716,-0.10000000000000142,56.15,56.25,56.2,56.25,75.0,327.0,775.0,1153.0,False,False
006208,2022-10-26 12:05:20.101758,-0.000888888888888828,-0.001777777777777767,-0.04999999999999716,-0.10000000000000142,56.15,56.25,56.2,56.25,75.0,326.0,775.0,1153.0,False,False
006208,2022-10-26 12:05:20.157583,-0.000888888888888828,-0.001777777777777767,-0.04999999999999716,-0.10000000000000142,56.15,56.25,56.2,56.25,75.0,286.0,775.0,1153.0,False,False
006208,2022-10-26 12:05:20.449087,-0.000888888888888828,-0.001777777777777767,-0.04999999999999716,-0.10000000000000142,56.15,56.25,56.2,56.25,75.0,285.0,775.0,1153.0,False,False
006208,2022-10-26 12:05:24.364717,-0.000888888888888828,-0.001777777777777767,-0.04999999999999716,-0.10000000000000142,56.15,56.25,56.2,56.25,75.0,285.0,775.0,1153.0,False,False
006208,2022-10-26 12:05:24.364852,-0.000888888888888828,-0.001777777777777767,-0.04999999999999716,-0.10000000000000142,56.15,56.25,56.2,56.25,75.0,285.0,775.0,1153.0,False,False
006208,2022-10-26 12:05:24.495840,-0.000888888888888828,-0.001777777777777767,-0.04999999999999716,-0.10000000000000142,56.15,56.25,56.2,56.25,75.0,185.0,775.0,1153.0,False,False
006208,2022-10-26 12:05:24.578806,-0.000888888888888828,-0.001777777777777767,-0.04999999999999716,-0.10000000000000142,56.15,56.25,56.2,56.25,75.0,185.0,775.0,1153.0,False,False
006208,2022-10-26 12:05:25.395003,-0.000888888888888828,-0.001777777777777767,-0.04999999999999716,-0.10000000000000142,56.15,56.25,56.2,56.25,75.0,185.0,775.0,1153.0,False,False
006208,2022-10-26 12:05:25.395039,-0.000888888888888828,-0.001777777777777767,-0.04999999999999716,-0.10000000000000142,56.15,56.25,56.2,56.25,175.0,185.0,775.0,1153.0,False,False
006208,2022-10-26 12:05:28.998411,-0.000888888888888828,-0.001777777777777767,-0.04999999999999716,-0.10000000000000142,56.15,56.25,56.2,56.25,175.0,185.0,775.0,1153.0,True,True
006208,2022-10-26 12:05:30.431779,-0.000888888888888828,-0.001777777777777767,-0.04999999999999716,-0.10000000000000142,56.15,56.25,56.2,56.25,175.0,184.0,775.0,1153.0,False,False
006208,2022-10-26 12:05:31.774509,-0.000888888888888828,-0.001777777777777767,-0.04999999999999716,-0.10000000000000142,56.15,56.25,56.2,56.25,175.0,114.0,775.0,1153.0,False,False
006208,2022-10-26 12:05:31.774640,-0.000888888888888828,-0.001777777777777767,-0.04999999999999716,-0.10000000000000142,56.15,56.25,56.2,56.25,175.0,114.0,775.0,1153.0,False,False
006208,2022-10-26 12:05:33.494607,-0.000888888888888828,-0.001777777777777767,-0.04999999999999716,-0.10000000000000142,56.15,56.25,56.2,56.25,175.0,80.0,775.0,1153.0,False,False
006208,2022-10-26 12:05:33.497748,-0.000888888888888828,-0.001777777777777767,-0.04999999999999716,-0.10000000000000142,56.15,56.25,56.2,56.25,175.0,80.0,775.0,1153.0,False,False
006208,2022-10-26 12:05:33.582633,-0.000888888888888828,-0.001777777777777767,-0.04999999999999716,-0.10000000000000142,56.15,56.25,56.2,56.25,175.0,80.0,775.0,1153.0,False,False
006208,2022-10-26 12:05:34.536872,-0.000888888888888828,-0.001777777777777767,-0.04999999999999716,-0.10000000000000142,56.15,56.25,56.2,56.25,175.0,80.0,775.0,1153.0,False,False
006208,2022-10-26 12:05:34.539916,-0.000888888888888828,-0.001777777777777767,-0.04999999999999716,-0.10000000000000142,56.15,56.25,56.2,56.25,175.0,80.0,775.0,1153.0,False,False
006208,2022-10-26 12:05:34.673064,-0.000888888888888828,-0.001777777777777767,-0.04999999999999716,-0.10000000000000142,56.15,56.25,56.2,56.25,175.0,80.0,775.0,1153.0,False,False
006208,2022-10-26 12:05:37.965890,-0.000888888888888828,-0.001777777777777767,-0.04999999999999716,-0.10000000000000142,56.15,56.25,56.2,56.25,175.0,80.0,775.0,1153.0,False,False
006208,2022-10-26 12:05:38.340805,-0.000888888888888828,-0.001777777777777767,-0.04999999999999716,-0.10000000000000142,56.15,56.25,56.2,56.25,175.0,80.0,775.0,1153.0,False,False
006208,2022-10-26 12:05:40.467535,-0.000888888888888828,-0.001777777777777767,-0.04999999999999716,-0.10000000000000142,56.15,56.25,56.2,56.25,175.0,78.0,775.0,1153.0,False,False
006208,2022-10-26 12:05:44.648531,-0.000888888888888828,-0.001777777777777767,-0.04999999999999716,-0.10000000000000142,56.15,56.25,56.2,56.25,175.0,78.0,775.0,1153.0,False,False
006208,2022-10-26 12:05:44.651485,-0.000888888888888828,-0.001777777777777767,-0.04999999999999716,-0.10000000000000142,56.15,56.25,56.2,56.25,175.0,78.0,775.0,1153.0,False,False
006208,2022-10-26 12:05:44.788320,-0.000888888888888828,-0.001777777777777767,-0.04999999999999716,-0.10000000000000142,56.15,56.25,56.2,56.25,175.0,78.0,775.0,1153.0,False,False
006208,2022-10-26 12:05:46.968299,-0.000888888888888828,-0.001777777777777767,-0.04999999999999716,-0.10000000000000142,56.15,56.25,56.2,56.25,175.0,78.0,775.0,1153.0,False,False
006208,2022-10-26 12:05:46.986482,-0.000888888888888828,-0.001777777777777767,-0.04999999999999716,-0.10000000000000142,56.15,56.25,56.2,56.25,175.0,48.0,775.0,1153.0,False,False
006208,2022-10-26 12:05:48.845744,-0.001776198934280493,-0.001777777777777767,-0.09999999999999432,-0.10000000000000142,56.15,56.3,56.2,56.25,175.0,420.0,775.0,1153.0,False,False
006208,2022-10-26 12:05:48.875456,-0.001776198934280493,-0.001777777777777767,-0.09999999999999432,-0.10000000000000142,56.15,56.3,56.2,56.25,175.0,420.0,775.0,1153.0,False,False
006208,2022-10-26 12:05:48.918555,-0.001776198934280493,-0.001777777777777767,-0.09999999999999432,-0.10000000000000142,56.15,56.3,56.2,56.25,175.0,420.0,775.0,1153.0,False,False
006208,2022-10-26 12:05:49.082071,-0.001776198934280493,-0.001777777777777767,-0.09999999999999432,-0.10000000000000142,56.15,56.3,56.2,56.25,175.0,380.0,775.0,1153.0,False,False
006208,2022-10-26 12:05:49.218596,-0.001776198934280493,-0.001777777777777767,-0.09999999999999432,-0.10000000000000142,56.15,56.3,56.2,56.25,175.0,380.0,775.0,1153.0,False,False
006208,2022-10-26 12:05:49.452985,-0.000888888888888828,-0.001777777777777767,-0.04999999999999716,-0.10000000000000142,56.15,56.25,56.2,56.25,175.0,50.0,775.0,1153.0,False,False
006208,2022-10-26 12:05:49.483975,-0.000888888888888828,-0.001777777777777767,-0.04999999999999716,-0.10000000000000142,56.15,56.25,56.2,56.25,175.0,50.0,775.0,1153.0,False,False
006208,2022-10-26 12:05:49.733053,-0.000888888888888828,-0.001777777777777767,-0.04999999999999716,-0.10000000000000142,56.15,56.25,56.2,56.25,175.0,50.0,775.0,1153.0,False,False
006208,2022-10-26 12:05:49.847867,-0.000888888888888828,-0.001777777777777767,-0.04999999999999716,-0.10000000000000142,56.15,56.25,56.2,56.25,175.0,50.0,775.0,1153.0,False,False
006208,2022-10-26 12:05:49.857982,-0.000888888888888828,-0.001777777777777767,-0.04999999999999716,-0.10000000000000142,56.15,56.25,56.2,56.25,175.0,50.0,775.0,1153.0,False,False
006208,2022-10-26 12:05:50.474750,-0.000888888888888828,-0.001777777777777767,-0.04999999999999716,-0.10000000000000142,56.15,56.25,56.2,56.25,175.0,49.0,775.0,1153.0,False,False
006208,2022-10-26 12:05:50.622330,-0.000888888888888828,-0.001777777777777767,-0.04999999999999716,-0.10000000000000142,56.15,56.25,56.2,56.25,175.0,49.0,775.0,1153.0,False,False
006208,2022-10-26 12:05:50.634137,-0.000888888888888828,-0.001777777777777767,-0.04999999999999716,-0.10000000000000142,56.15,56.25,56.2,56.25,175.0,49.0,775.0,1153.0,False,False
006208,2022-10-26 12:05:51.007209,-0.000888888888888828,-0.001777777777777767,-0.04999999999999716,-0.10000000000000142,56.15,56.25,56.2,56.25,175.0,49.0,775.0,1153.0,False,False
006208,2022-10-26 12:05:51.007279,-0.000888888888888828,-0.001777777777777767,-0.04999999999999716,-0.10000000000000142,56.15,56.25,56.2,56.25,175.0,49.0,775.0,1153.0,False,False
006208,2022-10-26 12:05:51.501159,-0.000888888888888828,-0.001777777777777767,-0.04999999999999716,-0.10000000000000142,56.15,56.25,56.2,56.25,175.0,49.0,775.0,1153.0,False,False
006208,2022-10-26 12:05:52.808513,-0.000888888888888828,-0.001777777777777767,-0.04999999999999716,-0.10000000000000142,56.15,56.25,56.2,56.25,175.0,49.0,775.0,1153.0,False,False
006208,2022-10-26 12:05:53.211451,-0.000888888888888828,-0.001777777777777767,-0.04999999999999716,-0.10000000000000142,56.15,56.25,56.2,56.25,175.0,49.0,775.0,1153.0,False,False
006208,2022-10-26 12:05:53.217814,-0.000888888888888828,-0.001777777777777767,-0.04999999999999716,-0.10000000000000142,56.15,56.25,56.2,56.25,175.0,49.0,775.0,1153.0,False,False
006208,2022-10-26 12:05:54.194620,-0.000888888888888828,-0.001777777777777767,-0.04999999999999716,-0.10000000000000142,56.15,56.25,56.2,56.25,175.0,49.0,775.0,1153.0,False,False
006208,2022-10-26 12:05:54.277254,-0.000888888888888828,-0.001777777777777767,-0.04999999999999716,-0.10000000000000142,56.15,56.25,56.2,56.25,175.0,49.0,775.0,1153.0,False,False
006208,2022-10-26 12:05:54.277351,-0.000888888888888828,-0.001777777777777767,-0.04999999999999716,-0.10000000000000142,56.15,56.25,56.2,56.25,175.0,49.0,775.0,1153.0,False,False
006208,2022-10-26 12:05:55.358998,-0.000888888888888828,-0.001777777777777767,-0.04999999999999716,-0.10000000000000142,56.15,56.25,56.2,56.25,175.0,49.0,775.0,1153.0,False,False
006208,2022-10-26 12:05:55.365319,-0.000888888888888828,-0.001777777777777767,-0.04999999999999716,-0.10000000000000142,56.15,56.25,56.2,56.25,175.0,49.0,775.0,1153.0,False,False
006208,2022-10-26 12:05:55.370477,-0.000888888888888828,-0.001777777777777767,-0.04999999999999716,-0.10000000000000142,56.15,56.25,56.2,56.25,175.0,79.0,775.0,1153.0,False,False
006208,2022-10-26 12:05:58.922106,-0.000888888888888828,-0.001777777777777767,-0.04999999999999716,-0.10000000000000142,56.15,56.25,56.2,56.25,175.0,79.0,775.0,1153.0,False,False
006208,2022-10-26 12:05:59.090299,-0.000888888888888828,-0.001777777777777767,-0.04999999999999716,-0.10000000000000142,56.15,56.25,56.2,56.25,175.0,79.0,875.0,1153.0,True,True
006208,2022-10-26 12:05:59.714832,-0.000888888888888828,-0.001777777777777767,-0.04999999999999716,-0.10000000000000142,56.15,56.25,56.2,56.25,175.0,79.0,875.0,1153.0,False,False
006208,2022-10-26 12:05:59.718043,-0.000888888888888828,-0.001777777777777767,-0.04999999999999716,-0.10000000000000142,56.15,56.25,56.2,56.25,175.0,79.0,875.0,1153.0,False,False
006208,2022-10-26 12:05:59.849270,-0.000888888888888828,-0.001777777777777767,-0.04999999999999716,-0.10000000000000142,56.15,56.25,56.2,56.25,175.0,79.0,875.0,1153.0,False,False
006208,2022-10-26 12:06:00.448795,-0.000888888888888828,-0.001777777777777767,-0.04999999999999716,-0.10000000000000142,56.15,56.25,56.2,56.25,175.0,77.0,875.0,1153.0,False,False
006208,2022-10-26 12:06:02.028125,-0.000888888888888828,-0.001777777777777767,-0.04999999999999716,-0.10000000000000142,56.15,56.25,56.2,56.25,175.0,76.0,875.0,1153.0,False,False
006208,2022-10-26 12:06:04.193529,-0.000888888888888828,-0.001777777777777767,-0.04999999999999716,-0.10000000000000142,56.15,56.25,56.2,56.25,175.0,30.0,875.0,1153.0,False,False
006208,2022-10-26 12:06:04.802143,-0.000888888888888828,-0.001777777777777767,-0.04999999999999716,-0.10000000000000142,56.15,56.25,56.2,56.25,175.0,80.0,875.0,1153.0,False,False
006208,2022-10-26 12:06:06.019406,-0.000888888888888828,-0.001777777777777767,-0.04999999999999716,-0.10000000000000142,56.15,56.25,56.2,56.25,175.0,80.0,875.0,1153.0,False,False
006208,2022-10-26 12:06:07.339088,-0.000888888888888828,-0.001777777777777767,-0.04999999999999716,-0.10000000000000142,56.15,56.25,56.2,56.25,175.0,80.0,875.0,1153.0,False,False
006208,2022-10-26 12:06:09.117506,-0.000888888888888828,-0.001777777777777767,-0.04999999999999716,-0.10000000000000142,56.15,56.25,56.2,56.25,175.0,80.0,875.0,1285.0,True,True
006208,2022-10-26 12:06:09.822720,-0.000888888888888828,-0.001777777777777767,-0.04999999999999716,-0.10000000000000142,56.15,56.25,56.2,56.25,175.0,80.0,875.0,1285.0,False,False
006208,2022-10-26 12:06:09.832527,-0.000888888888888828,-0.001777777777777767,-0.04999999999999716,-0.10000000000000142,56.15,56.25,56.2,56.25,175.0,80.0,875.0,1285.0,False,False
006208,2022-10-26 12:06:09.978416,-0.000888888888888828,-0.001777777777777767,-0.04999999999999716,-0.10000000000000142,56.15,56.25,56.2,56.25,175.0,80.0,875.0,1285.0,False,False
006208,2022-10-26 12:06:10.034359,-0.000888888888888828,-0.001777777777777767,-0.04999999999999716,-0.10000000000000142,56.15,56.25,56.2,56.25,175.0,80.0,875.0,1285.0,False,False
006208,2022-10-26 12:06:10.399867,-0.000888888888888828,-0.001777777777777767,-0.04999999999999716,-0.10000000000000142,56.15,56.25,56.2,56.25,175.0,79.0,875.0,1285.0,False,False
006208,2022-10-26 12:06:11.450796,-0.000888888888888828,-0.001777777777777767,-0.04999999999999716,-0.10000000000000142,56.15,56.25,56.2,56.25,175.0,79.0,875.0,1285.0,False,False
006208,2022-10-26 12:06:19.950308,-0.000888888888888828,-0.001777777777777767,-0.04999999999999716,-0.10000000000000142,56.15,56.25,56.2,56.25,175.0,79.0,875.0,1285.0,False,False
006208,2022-10-26 12:06:19.966930,-0.000888888888888828,-0.001777777777777767,-0.04999999999999716,-0.10000000000000142,56.15,56.25,56.2,56.25,175.0,79.0,875.0,1285.0,False,False
006208,2022-10-26 12:06:20.087446,-0.000888888888888828,-0.001777777777777767,-0.04999999999999716,-0.10000000000000142,56.15,56.25,56.2,56.25,175.0,79.0,875.0,1285.0,False,False
006208,2022-10-26 12:06:20.394203,-0.000888888888888828,-0.001777777777777767,-0.04999999999999716,-0.10000000000000142,56.15,56.25,56.2,56.25,175.0,78.0,875.0,1285.0,False,False
006208,2022-10-26 12:06:27.824289,-0.000888888888888828,-0.001777777777777767,-0.04999999999999716,-0.10000000000000142,56.15,56.25,56.2,56.25,175.0,78.0,875.0,1285.0,False,False
006208,2022-10-26 12:06:29.180977,-0.000888888888888828,-0.001777777777777767,-0.04999999999999716,-0.10000000000000142,56.15,56.25,56.2,56.25,175.0,78.0,875.0,1249.0,True,True
006208,2022-10-26 12:06:30.066463,-0.000888888888888828,-0.001777777777777767,-0.04999999999999716,-0.10000000000000142,56.15,56.25,56.2,56.25,175.0,78.0,875.0,1249.0,False,False
006208,2022-10-26 12:06:30.070649,-0.000888888888888828,-0.001777777777777767,-0.04999999999999716,-0.10000000000000142,56.15,56.25,56.2,56.25,175.0,78.0,875.0,1249.0,False,False
006208,2022-10-26 12:06:30.207975,-0.000888888888888828,-0.001777777777777767,-0.04999999999999716,-0.10000000000000142,56.15,56.25,56.2,56.25,175.0,78.0,875.0,1249.0,False,False
006208,2022-10-26 12:06:30.404680,-0.000888888888888828,-0.001777777777777767,-0.04999999999999716,-0.10000000000000142,56.15,56.25,56.2,56.25,175.0,76.0,875.0,1249.0,False,False
006208,2022-10-26 12:06:34.239292,-0.000888888888888828,-0.001777777777777767,-0.04999999999999716,-0.10000000000000142,56.15,56.25,56.2,56.25,185.0,76.0,875.0,1249.0,False,False
006208,2022-10-26 12:06:35.074192,-0.000888888888888828,-0.001777777777777767,-0.04999999999999716,-0.10000000000000142,56.15,56.25,56.2,56.25,185.0,75.0,875.0,1249.0,False,False
006208,2022-10-26 12:06:40.184625,-0.000888888888888828,-0.001777777777777767,-0.04999999999999716,-0.10000000000000142,56.15,56.25,56.2,56.25,185.0,75.0,875.0,1249.0,False,False
006208,2022-10-26 12:06:40.197605,-0.000888888888888828,-0.001777777777777767,-0.04999999999999716,-0.10000000000000142,56.15,56.25,56.2,56.25,185.0,75.0,875.0,1249.0,False,False
006208,2022-10-26 12:06:40.318882,-0.000888888888888828,-0.001777777777777767,-0.04999999999999716,-0.10000000000000142,56.15,56.25,56.2,56.25,185.0,75.0,875.0,1249.0,False,False
006208,2022-10-26 12:06:40.383856,-0.000888888888888828,-0.001777777777777767,-0.04999999999999716,-0.10000000000000142,56.15,56.25,56.2,56.25,185.0,74.0,875.0,1249.0,False,False
006208,2022-10-26 12:06:42.547534,-0.000888888888888828,-0.001777777777777767,-0.04999999999999716,-0.10000000000000142,56.15,56.25,56.2,56.25,185.0,74.0,875.0,1249.0,False,False
006208,2022-10-26 12:06:42.549799,-0.000888888888888828,-0.001777777777777767,-0.04999999999999716,-0.10000000000000142,56.15,56.25,56.2,56.25,185.0,50.0,875.0,1249.0,False,False
006208,2022-10-26 12:06:42.987015,-0.000888888888888828,-0.001777777777777767,-0.04999999999999716,-0.10000000000000142,56.15,56.25,56.2,56.25,185.0,50.0,875.0,1249.0,False,False
006208,2022-10-26 12:06:42.994754,-0.000888888888888828,-0.001777777777777767,-0.04999999999999716,-0.10000000000000142,56.15,56.25,56.2,56.25,185.0,100.0,875.0,1249.0,False,False
006208,2022-10-26 12:06:50.301971,-0.000888888888888828,-0.001777777777777767,-0.04999999999999716,-0.10000000000000142,56.15,56.25,56.2,56.25,185.0,100.0,875.0,1249.0,False,False
006208,2022-10-26 12:06:50.305677,-0.000888888888888828,-0.001777777777777767,-0.04999999999999716,-0.10000000000000142,56.15,56.25,56.2,56.25,185.0,100.0,875.0,1249.0,False,False
006208,2022-10-26 12:06:50.379018,-0.000888888888888828,-0.001777777777777767,-0.04999999999999716,-0.10000000000000142,56.15,56.25,56.2,56.25,185.0,98.0,875.0,1249.0,False,False
006208,2022-10-26 12:06:50.436983,-0.000888888888888828,-0.001777777777777767,-0.04999999999999716,-0.10000000000000142,56.15,56.25,56.2,56.25,185.0,98.0,875.0,1249.0,False,False
006208,2022-10-26 12:06:53.978215,-0.000888888888888828,-0.001777777777777767,-0.04999999999999716,-0.10000000000000142,56.15,56.25,56.2,56.25,110.0,98.0,875.0,1249.0,False,False
006208,2022-10-26 12:06:54.069383,-0.000888888888888828,-0.000888888888888828,-0.04999999999999716,-0.04999999999999716,56.2,56.25,56.2,56.25,75.0,98.0,875.0,1249.0,False,False
006208,2022-10-26 12:06:54.251614,-0.000888888888888828,-0.000888888888888828,-0.04999999999999716,-0.04999999999999716,56.2,56.25,56.2,56.25,75.0,98.0,875.0,1249.0,False,False
006208,2022-10-26 12:06:54.918489,-0.000888888888888828,-0.000888888888888828,-0.04999999999999716,-0.04999999999999716,56.2,56.25,56.2,56.25,75.0,98.0,875.0,1249.0,False,False
006208,2022-10-26 12:06:54.939135,-0.000888888888888828,-0.000888888888888828,-0.04999999999999716,-0.04999999999999716,56.2,56.25,56.2,56.25,75.0,98.0,875.0,1249.0,False,False
006208,2022-10-26 12:06:55.395966,-0.000888888888888828,-0.000888888888888828,-0.04999999999999716,-0.04999999999999716,56.2,56.25,56.2,56.25,75.0,98.0,875.0,1249.0,False,False
006208,2022-10-26 12:06:55.428277,-0.000888888888888828,-0.000888888888888828,-0.04999999999999716,-0.04999999999999716,56.2,56.25,56.2,56.25,75.0,98.0,875.0,1249.0,False,False
006208,2022-10-26 12:06:59.257037,-0.000888888888888828,-0.000888888888888828,-0.04999999999999716,-0.04999999999999716,56.2,56.25,56.2,56.25,75.0,98.0,875.0,1249.0,False,False
006208,2022-10-26 12:06:59.279783,-0.000888888888888828,-0.000888888888888828,-0.04999999999999716,-0.04999999999999716,56.2,56.25,56.2,56.25,75.0,98.0,875.0,1249.0,False,False
006208,2022-10-26 12:06:59.606669,-0.000888888888888828,-0.000888888888888828,-0.04999999999999716,-0.04999999999999716,56.2,56.25,56.2,56.25,75.0,98.0,875.0,1249.0,False,False
006208,2022-10-26 12:07:00.373882,-0.000888888888888828,-0.000888888888888828,-0.04999999999999716,-0.04999999999999716,56.2,56.25,56.2,56.25,75.0,97.0,875.0,1249.0,False,False
006208,2022-10-26 12:07:04.247096,-0.000888888888888828,-0.000888888888888828,-0.04999999999999716,-0.04999999999999716,56.2,56.25,56.2,56.25,75.0,97.0,875.0,1249.0,False,False
006208,2022-10-26 12:07:04.249986,-0.000888888888888828,-0.000888888888888828,-0.04999999999999716,-0.04999999999999716,56.2,56.25,56.2,56.25,75.0,97.0,875.0,1249.0,False,False
006208,2022-10-26 12:07:04.380169,-0.000888888888888828,-0.000888888888888828,-0.04999999999999716,-0.04999999999999716,56.2,56.25,56.2,56.25,75.0,97.0,875.0,1249.0,False,False
006208,2022-10-26 12:07:05.402404,-0.000888888888888828,-0.000888888888888828,-0.04999999999999716,-0.04999999999999716,56.2,56.25,56.2,56.25,75.0,50.0,875.0,1249.0,False,False
006208,2022-10-26 12:07:06.010922,-0.000888888888888828,-0.000888888888888828,-0.04999999999999716,-0.04999999999999716,56.2,56.25,56.2,56.25,75.0,100.0,875.0,1249.0,False,False
006208,2022-10-26 12:07:08.503926,-0.000888888888888828,-0.000888888888888828,-0.04999999999999716,-0.04999999999999716,56.2,56.25,56.2,56.25,75.0,100.0,875.0,1214.0,False,True
006208,2022-10-26 12:07:08.998706,-0.000888888888888828,-0.000888888888888828,-0.04999999999999716,-0.04999999999999716,56.2,56.25,56.2,56.25,75.0,99.0,875.0,1214.0,False,False
006208,2022-10-26 12:07:10.368863,-0.000888888888888828,-0.000888888888888828,-0.04999999999999716,-0.04999999999999716,56.2,56.25,56.2,56.25,75.0,98.0,875.0,1214.0,False,False
006208,2022-10-26 12:07:14.364493,-0.000888888888888828,-0.000888888888888828,-0.04999999999999716,-0.04999999999999716,56.2,56.25,56.2,56.25,75.0,98.0,875.0,1214.0,False,False
006208,2022-10-26 12:07:14.368620,-0.000888888888888828,-0.000888888888888828,-0.04999999999999716,-0.04999999999999716,56.2,56.25,56.2,56.25,75.0,98.0,875.0,1214.0,False,False
006208,2022-10-26 12:07:14.496862,-0.000888888888888828,-0.000888888888888828,-0.04999999999999716,-0.04999999999999716,56.2,56.25,56.2,56.25,75.0,98.0,875.0,1214.0,False,False
006208,2022-10-26 12:07:16.152033,-0.000888888888888828,-0.001777777777777767,-0.04999999999999716,-0.10000000000000142,56.15,56.25,56.2,56.25,185.0,98.0,875.0,1214.0,False,False
006208,2022-10-26 12:07:16.181472,-0.000888888888888828,-0.001777777777777767,-0.04999999999999716,-0.10000000000000142,56.15,56.25,56.2,56.25,260.0,98.0,875.0,1214.0,False,False
006208,2022-10-26 12:07:16.363355,-0.000888888888888828,-0.001777777777777767,-0.04999999999999716,-0.10000000000000142,56.15,56.25,56.2,56.25,220.0,98.0,875.0,1214.0,False,False
006208,2022-10-26 12:07:16.492837,-0.000888888888888828,-0.001777777777777767,-0.04999999999999716,-0.10000000000000142,56.15,56.25,56.2,56.25,220.0,98.0,875.0,1214.0,False,False
006208,2022-10-26 12:07:17.333304,-0.000888888888888828,-0.001777777777777767,-0.04999999999999716,-0.10000000000000142,56.15,56.25,56.2,56.25,220.0,98.0,875.0,1214.0,False,False
006208,2022-10-26 12:07:17.333750,-0.000888888888888828,-0.001777777777777767,-0.04999999999999716,-0.10000000000000142,56.15,56.25,56.2,56.25,220.0,98.0,875.0,1214.0,False,False
006208,2022-10-26 12:07:18.361556,-0.000888888888888828,-0.001777777777777767,-0.04999999999999716,-0.10000000000000142,56.15,56.25,56.2,56.25,220.0,98.0,875.0,1214.0,False,False
006208,2022-10-26 12:07:18.364586,-0.000888888888888828,-0.001777777777777767,-0.04999999999999716,-0.10000000000000142,56.15,56.25,56.2,56.25,220.0,98.0,875.0,1214.0,False,False
006208,2022-10-26 12:07:18.531007,-0.000888888888888828,-0.001777777777777767,-0.04999999999999716,-0.10000000000000142,56.15,56.25,56.2,56.25,220.0,98.0,875.0,1214.0,True,True
006208,2022-10-26 12:07:18.521931,-0.000888888888888828,-0.001777777777777767,-0.04999999999999716,-0.10000000000000142,56.15,56.25,56.2,56.25,186.0,98.0,875.0,1214.0,False,False
006208,2022-10-26 12:07:19.033629,-0.000888888888888828,-0.001777777777777767,-0.04999999999999716,-0.10000000000000142,56.15,56.25,56.2,56.25,186.0,98.0,875.0,1214.0,False,False
006208,2022-10-26 12:07:19.040856,-0.000888888888888828,-0.001777777777777767,-0.04999999999999716,-0.10000000000000142,56.15,56.25,56.2,56.25,186.0,98.0,875.0,1214.0,False,False
006208,2022-10-26 12:07:20.309651,-0.000888888888888828,-0.001777777777777767,-0.04999999999999716,-0.10000000000000142,56.15,56.25,56.2,56.25,111.0,98.0,875.0,1214.0,False,False
006208,2022-10-26 12:07:20.309780,-0.000888888888888828,-0.000888888888888828,-0.04999999999999716,-0.04999999999999716,56.2,56.25,56.2,56.25,75.0,98.0,875.0,1214.0,False,False
006208,2022-10-26 12:07:20.395209,-0.000888888888888828,-0.000888888888888828,-0.04999999999999716,-0.04999999999999716,56.2,56.25,56.2,56.25,75.0,96.0,875.0,1214.0,False,False
006208,2022-10-26 12:07:20.341999,-0.000888888888888828,-0.000888888888888828,-0.04999999999999716,-0.04999999999999716,56.2,56.25,56.2,56.25,75.0,98.0,875.0,1214.0,False,False
006208,2022-10-26 12:07:20.660121,-0.000888888888888828,-0.000888888888888828,-0.04999999999999716,-0.04999999999999716,56.2,56.25,56.2,56.25,75.0,96.0,875.0,1214.0,False,False
006208,2022-10-26 12:07:20.705988,-0.000888888888888828,-0.000888888888888828,-0.04999999999999716,-0.04999999999999716,56.2,56.25,56.2,56.25,75.0,96.0,875.0,1214.0,False,False
006208,2022-10-26 12:07:20.734240,-0.000888888888888828,-0.000888888888888828,-0.04999999999999716,-0.04999999999999716,56.2,56.25,56.2,56.25,75.0,96.0,875.0,1214.0,False,False
006208,2022-10-26 12:07:21.449411,-0.000888888888888828,-0.000888888888888828,-0.04999999999999716,-0.04999999999999716,56.2,56.25,56.2,56.25,75.0,96.0,875.0,1214.0,False,False
006208,2022-10-26 12:07:21.557689,-0.000888888888888828,-0.000888888888888828,-0.04999999999999716,-0.04999999999999716,56.2,56.25,56.2,56.25,75.0,96.0,875.0,1214.0,False,False
006208,2022-10-26 12:07:26.078488,-0.000888888888888828,-0.000888888888888828,-0.04999999999999716,-0.04999999999999716,56.2,56.25,56.2,56.25,75.0,96.0,875.0,1214.0,False,False
006208,2022-10-26 12:07:26.188440,-0.000888888888888828,-0.000888888888888828,-0.04999999999999716,-0.04999999999999716,56.2,56.25,56.2,56.25,75.0,96.0,875.0,1214.0,False,False
006208,2022-10-26 12:07:26.218610,-0.000888888888888828,-0.000888888888888828,-0.04999999999999716,-0.04999999999999716,56.2,56.25,56.2,56.25,75.0,96.0,875.0,1214.0,False,False
006208,2022-10-26 12:07:26.962626,-0.000888888888888828,-0.000888888888888828,-0.04999999999999716,-0.04999999999999716,56.2,56.25,56.2,56.25,75.0,50.0,875.0,1214.0,False,False
006208,2022-10-26 12:07:26.973841,-0.000888888888888828,-0.000888888888888828,-0.04999999999999716,-0.04999999999999716,56.2,56.25,56.2,56.25,75.0,50.0,875.0,1214.0,False,False
006208,2022-10-26 12:07:28.560104,-0.000888888888888828,-0.000888888888888828,-0.04999999999999716,-0.04999999999999716,56.2,56.25,56.2,56.25,75.0,50.0,875.0,914.0,True,True
006208,2022-10-26 12:07:29.933160,-0.000888888888888828,-0.001777777777777767,-0.04999999999999716,-0.10000000000000142,56.15,56.25,56.2,56.25,185.0,50.0,875.0,914.0,False,False
006208,2022-10-26 12:07:29.933376,-0.000888888888888828,-0.001777777777777767,-0.04999999999999716,-0.10000000000000142,56.15,56.25,56.2,56.25,260.0,50.0,875.0,914.0,False,False
006208,2022-10-26 12:07:29.995368,-0.000888888888888828,-0.001777777777777767,-0.04999999999999716,-0.10000000000000142,56.15,56.25,56.2,56.25,220.0,50.0,875.0,914.0,False,False
006208,2022-10-26 12:07:30.107940,-0.000888888888888828,-0.001777777777777767,-0.04999999999999716,-0.10000000000000142,56.15,56.25,56.2,56.25,220.0,50.0,875.0,914.0,False,False
006208,2022-10-26 12:07:30.359344,-0.000888888888888828,-0.001777777777777767,-0.04999999999999716,-0.10000000000000142,56.15,56.25,56.2,56.25,220.0,49.0,875.0,914.0,False,False
006208,2022-10-26 12:07:31.384751,-0.000888888888888828,-0.001777777777777767,-0.04999999999999716,-0.10000000000000142,56.15,56.25,56.2,56.25,220.0,49.0,875.0,914.0,False,False
006208,2022-10-26 12:07:31.397425,-0.000888888888888828,-0.001777777777777767,-0.04999999999999716,-0.10000000000000142,56.15,56.25,56.2,56.25,186.0,49.0,875.0,914.0,False,False
006208,2022-10-26 12:07:31.611125,-0.000888888888888828,-0.001777777777777767,-0.04999999999999716,-0.10000000000000142,56.15,56.25,56.2,56.25,186.0,49.0,875.0,914.0,False,False
006208,2022-10-26 12:07:33.312634,-0.000888888888888828,-0.001777777777777767,-0.04999999999999716,-0.10000000000000142,56.15,56.25,56.2,56.25,186.0,49.0,875.0,914.0,False,False
006208,2022-10-26 12:07:33.322727,-0.000888888888888828,-0.001777777777777767,-0.04999999999999716,-0.10000000000000142,56.15,56.25,56.2,56.25,186.0,49.0,875.0,914.0,False,False
006208,2022-10-26 12:07:33.506769,-0.000888888888888828,-0.001777777777777767,-0.04999999999999716,-0.10000000000000142,56.15,56.25,56.2,56.25,186.0,49.0,875.0,914.0,False,False
006208,2022-10-26 12:07:36.167444,-0.001776198934280493,-0.001777777777777767,-0.09999999999999432,-0.10000000000000142,56.15,56.3,56.2,56.25,186.0,425.0,875.0,914.0,False,False
006208,2022-10-26 12:07:36.178644,-0.001776198934280493,-0.001777777777777767,-0.09999999999999432,-0.10000000000000142,56.15,56.3,56.2,56.25,186.0,425.0,875.0,914.0,False,False
006208,2022-10-26 12:07:36.225336,-0.001776198934280493,-0.001777777777777767,-0.09999999999999432,-0.10000000000000142,56.15,56.3,56.2,56.25,186.0,425.0,875.0,914.0,False,False
006208,2022-10-26 12:07:36.386060,-0.001776198934280493,-0.001777777777777767,-0.09999999999999432,-0.10000000000000142,56.15,56.3,56.2,56.25,186.0,385.0,875.0,914.0,False,False
006208,2022-10-26 12:07:36.526169,-0.001776198934280493,-0.001777777777777767,-0.09999999999999432,-0.10000000000000142,56.15,56.3,56.2,56.25,186.0,385.0,875.0,914.0,False,False
006208,2022-10-26 12:07:36.775273,-0.000888888888888828,-0.001777777777777767,-0.04999999999999716,-0.10000000000000142,56.15,56.25,56.2,56.25,186.0,50.0,875.0,914.0,False,False
006208,2022-10-26 12:07:36.803845,-0.000888888888888828,-0.001777777777777767,-0.04999999999999716,-0.10000000000000142,56.15,56.25,56.2,56.25,186.0,50.0,875.0,914.0,False,False
006208,2022-10-26 12:07:37.023848,-0.000888888888888828,-0.001777777777777767,-0.04999999999999716,-0.10000000000000142,56.15,56.25,56.2,56.25,186.0,50.0,875.0,914.0,False,False
006208,2022-10-26 12:07:38.590264,-0.000888888888888828,-0.001777777777777767,-0.04999999999999716,-0.10000000000000142,56.15,56.25,56.2,56.25,186.0,50.0,875.0,914.0,True,True
006208,2022-10-26 12:07:40.354187,-0.000888888888888828,-0.001777777777777767,-0.04999999999999716,-0.10000000000000142,56.15,56.25,56.2,56.25,186.0,48.0,875.0,914.0,False,False
006208,2022-10-26 12:07:41.461857,-0.000888888888888828,-0.001777777777777767,-0.04999999999999716,-0.10000000000000142,56.15,56.25,56.2,56.25,186.0,48.0,875.0,914.0,False,False
006208,2022-10-26 12:07:41.473266,-0.000888888888888828,-0.001777777777777767,-0.04999999999999716,-0.10000000000000142,56.15,56.25,56.2,56.25,186.0,98.0,875.0,914.0,False,False
006208,2022-10-26 12:07:41.967733,-0.000888888888888828,-0.001777777777777767,-0.04999999999999716,-0.10000000000000142,56.15,56.25,56.2,56.25,186.0,97.0,875.0,914.0,False,False
006208,2022-10-26 12:07:45.055782,-0.000888888888888828,-0.001777777777777767,-0.04999999999999716,-0.10000000000000142,56.15,56.25,56.2,56.25,186.0,97.0,875.0,914.0,False,False
006208,2022-10-26 12:07:45.055957,-0.000888888888888828,-0.001777777777777767,-0.04999999999999716,-0.10000000000000142,56.15,56.25,56.2,56.25,186.0,97.0,875.0,914.0,False,False
006208,2022-10-26 12:07:47.012275,-0.000888888888888828,-0.001777777777777767,-0.04999999999999716,-0.10000000000000142,56.15,56.25,56.2,56.25,186.0,97.0,875.0,914.0,False,False
006208,2022-10-26 12:07:47.016747,-0.000888888888888828,-0.001777777777777767,-0.04999999999999716,-0.10000000000000142,56.15,56.25,56.2,56.25,186.0,97.0,875.0,914.0,False,False
006208,2022-10-26 12:07:47.149808,-0.000888888888888828,-0.001777777777777767,-0.04999999999999716,-0.10000000000000142,56.15,56.25,56.2,56.25,186.0,97.0,875.0,914.0,False,False
006208,2022-10-26 12:07:47.176771,-0.000888888888888828,-0.001777777777777767,-0.04999999999999716,-0.10000000000000142,56.15,56.25,56.2,56.25,186.0,97.0,875.0,914.0,False,False
006208,2022-10-26 12:07:47.935508,-0.000888888888888828,-0.001777777777777767,-0.04999999999999716,-0.10000000000000142,56.15,56.25,56.2,56.25,186.0,97.0,875.0,914.0,False,False
006208,2022-10-26 12:07:48.595198,-0.000888888888888828,-0.000888888888888828,-0.04999999999999716,-0.04999999999999716,56.2,56.25,56.2,56.25,1.0,97.0,875.0,914.0,False,False
006208,2022-10-26 12:07:48.614249,-0.000888888888888828,-0.000888888888888828,-0.04999999999999716,-0.04999999999999716,56.2,56.25,56.2,56.25,1.0,97.0,875.0,914.0,False,False
006208,2022-10-26 12:07:48.907139,-0.000888888888888828,-0.000888888888888828,-0.04999999999999716,-0.04999999999999716,56.2,56.25,56.2,56.25,1.0,97.0,875.0,914.0,False,False
006208,2022-10-26 12:07:49.955887,-0.000888888888888828,-0.000888888888888828,-0.04999999999999716,-0.04999999999999716,56.2,56.25,56.2,56.25,1.0,47.0,875.0,914.0,False,False
006208,2022-10-26 12:07:49.967028,-0.000888888888888828,-0.000888888888888828,-0.04999999999999716,-0.04999999999999716,56.2,56.25,56.2,56.25,1.0,47.0,875.0,914.0,False,False
006208,2022-10-26 12:07:50.060762,-0.000888888888888828,-0.000888888888888828,-0.04999999999999716,-0.04999999999999716,56.2,56.25,56.2,56.25,1.0,47.0,875.0,914.0,False,False
006208,2022-10-26 12:07:50.349117,-0.000888888888888828,-0.000888888888888828,-0.04999999999999716,-0.04999999999999716,56.2,56.25,56.2,56.25,1.0,46.0,875.0,914.0,False,False
006208,2022-10-26 12:07:50.993240,-0.000888888888888828,-0.000888888888888828,-0.04999999999999716,-0.04999999999999716,56.2,56.25,56.2,56.25,1.0,46.0,875.0,914.0,False,False
006208,2022-10-26 12:07:51.108402,-0.000888888888888828,-0.000888888888888828,-0.04999999999999716,-0.04999999999999716,56.2,56.25,56.2,56.25,1.0,46.0,875.0,914.0,False,False
006208,2022-10-26 12:07:51.117119,-0.000888888888888828,-0.000888888888888828,-0.04999999999999716,-0.04999999999999716,56.2,56.25,56.2,56.25,1.0,46.0,875.0,914.0,False,False
006208,2022-10-26 12:07:51.500347,-0.000888888888888828,-0.000888888888888828,-0.04999999999999716,-0.04999999999999716,56.2,56.25,56.2,56.25,1.0,46.0,875.0,914.0,False,False
006208,2022-10-26 12:07:51.541568,-0.000888888888888828,-0.000888888888888828,-0.04999999999999716,-0.04999999999999716,56.2,56.25,56.2,56.25,1.0,50.0,875.0,914.0,False,False
006208,2022-10-26 12:07:51.984205,-0.000888888888888828,-0.000888888888888828,-0.04999999999999716,-0.04999999999999716,56.2,56.25,56.2,56.25,1.0,50.0,875.0,914.0,False,False
006208,2022-10-26 12:07:52.151012,-0.000888888888888828,-0.000888888888888828,-0.04999999999999716,-0.04999999999999716,56.2,56.25,56.2,56.25,1.0,100.0,875.0,914.0,False,False
006208,2022-10-26 12:07:52.876725,-0.000888888888888828,-0.000888888888888828,-0.04999999999999716,-0.04999999999999716,56.2,56.25,56.2,56.25,1.0,100.0,875.0,914.0,False,False
006208,2022-10-26 12:07:52.899208,-0.000888888888888828,-0.000888888888888828,-0.04999999999999716,-0.04999999999999716,56.2,56.25,56.2,56.25,1.0,100.0,875.0,914.0,False,False
006208,2022-10-26 12:07:52.995233,-0.000888888888888828,-0.000888888888888828,-0.04999999999999716,-0.04999999999999716,56.2,56.25,56.2,56.25,1.0,100.0,875.0,914.0,False,False
006208,2022-10-26 12:07:53.601006,-0.000888888888888828,-0.000888888888888828,-0.04999999999999716,-0.04999999999999716,56.2,56.25,56.2,56.25,1.0,100.0,875.0,914.0,False,False
006208,2022-10-26 12:07:53.632992,-0.000888888888888828,-0.000888888888888828,-0.04999999999999716,-0.04999999999999716,56.2,56.25,56.2,56.25,1.0,100.0,875.0,914.0,False,False
006208,2022-10-26 12:07:54.633225,-0.000888888888888828,-0.000888888888888828,-0.04999999999999716,-0.04999999999999716,56.2,56.25,56.2,56.25,1.0,100.0,875.0,914.0,False,False
006208,2022-10-26 12:07:58.649365,-0.000888888888888828,-0.000888888888888828,-0.04999999999999716,-0.04999999999999716,56.2,56.25,56.2,56.25,1.0,100.0,935.0,914.0,True,True
006208,2022-10-26 12:07:58.888959,-0.000888888888888828,-0.000888888888888828,-0.04999999999999716,-0.04999999999999716,56.2,56.25,56.2,56.25,1.0,100.0,935.0,914.0,False,False
006208,2022-10-26 12:07:58.897651,-0.000888888888888828,-0.000888888888888828,-0.04999999999999716,-0.04999999999999716,56.2,56.25,56.2,56.25,1.0,100.0,935.0,914.0,False,False
006208,2022-10-26 12:07:59.033686,-0.000888888888888828,-0.000888888888888828,-0.04999999999999716,-0.04999999999999716,56.2,56.25,56.2,56.25,1.0,100.0,935.0,914.0,False,False
006208,2022-10-26 12:07:59.978344,-0.000888888888888828,-0.000888888888888828,-0.04999999999999716,-0.04999999999999716,56.2,56.25,56.2,56.25,1.0,100.0,935.0,914.0,False,False
006208,2022-10-26 12:07:59.978791,-0.000888888888888828,-0.000888888888888828,-0.04999999999999716,-0.04999999999999716,56.2,56.25,56.2,56.25,1.0,100.0,935.0,914.0,False,False
006208,2022-10-26 12:08:00.359888,-0.000888888888888828,-0.000888888888888828,-0.04999999999999716,-0.04999999999999716,56.2,56.25,56.2,56.25,1.0,99.0,935.0,914.0,False,False
006208,2022-10-26 12:08:06.112776,-0.000888888888888828,-0.000888888888888828,-0.04999999999999716,-0.04999999999999716,56.2,56.25,56.2,56.25,1.0,98.0,935.0,914.0,False,False
006208,2022-10-26 12:08:08.693843,-0.000888888888888828,-0.000888888888888828,-0.04999999999999716,-0.04999999999999716,56.2,56.25,56.2,56.25,1.0,98.0,935.0,814.0,True,True
006208,2022-10-26 12:08:09.012858,-0.000888888888888828,-0.000888888888888828,-0.04999999999999716,-0.04999999999999716,56.2,56.25,56.2,56.25,1.0,98.0,935.0,814.0,False,False
006208,2022-10-26 12:08:09.017040,-0.000888888888888828,-0.000888888888888828,-0.04999999999999716,-0.04999999999999716,56.2,56.25,56.2,56.25,1.0,98.0,935.0,814.0,False,False
006208,2022-10-26 12:08:09.147583,-0.000888888888888828,-0.000888888888888828,-0.04999999999999716,-0.04999999999999716,56.2,56.25,56.2,56.25,1.0,98.0,935.0,814.0,False,False
006208,2022-10-26 12:08:10.323954,-0.000888888888888828,-0.000888888888888828,-0.04999999999999716,-0.04999999999999716,56.2,56.25,56.2,56.25,1.0,96.0,935.0,814.0,False,False
006208,2022-10-26 12:08:14.947626,-0.000888888888888828,-0.000888888888888828,-0.04999999999999716,-0.04999999999999716,56.2,56.25,56.2,56.25,1.0,95.0,935.0,814.0,False,False
006208,2022-10-26 12:08:18.724982,-0.000888888888888828,-0.000888888888888828,-0.04999999999999716,-0.04999999999999716,56.2,56.25,56.2,56.25,1.0,95.0,959.0,764.0,True,True
006208,2022-10-26 12:08:19.132237,-0.000888888888888828,-0.000888888888888828,-0.04999999999999716,-0.04999999999999716,56.2,56.25,56.2,56.25,1.0,95.0,959.0,764.0,False,False
006208,2022-10-26 12:08:19.135531,-0.000888888888888828,-0.000888888888888828,-0.04999999999999716,-0.04999999999999716,56.2,56.25,56.2,56.25,1.0,95.0,959.0,764.0,False,False
006208,2022-10-26 12:08:19.264721,-0.000888888888888828,-0.000888888888888828,-0.04999999999999716,-0.04999999999999716,56.2,56.25,56.2,56.25,1.0,95.0,959.0,764.0,False,False
006208,2022-10-26 12:08:20.365641,-0.000888888888888828,-0.000888888888888828,-0.04999999999999716,-0.04999999999999716,56.2,56.25,56.2,56.25,1.0,94.0,959.0,764.0,False,False
006208,2022-10-26 12:08:25.206684,-0.000888888888888828,-0.000888888888888828,-0.04999999999999716,-0.04999999999999716,56.2,56.25,56.2,56.25,1.0,94.0,959.0,764.0,False,False
006208,2022-10-26 12:08:29.248381,-0.000888888888888828,-0.000888888888888828,-0.04999999999999716,-0.04999999999999716,56.2,56.25,56.2,56.25,1.0,94.0,959.0,764.0,False,False
006208,2022-10-26 12:08:29.251549,-0.000888888888888828,-0.000888888888888828,-0.04999999999999716,-0.04999999999999716,56.2,56.25,56.2,56.25,1.0,94.0,959.0,764.0,False,False
006208,2022-10-26 12:08:29.383606,-0.000888888888888828,-0.000888888888888828,-0.04999999999999716,-0.04999999999999716,56.2,56.25,56.2,56.25,1.0,94.0,959.0,764.0,False,False
006208,2022-10-26 12:08:30.192233,-0.000888888888888828,-0.000888888888888828,-0.04999999999999716,-0.04999999999999716,56.2,56.25,56.2,56.25,1.0,95.0,959.0,764.0,False,False
006208,2022-10-26 12:08:30.360801,-0.000888888888888828,-0.000888888888888828,-0.04999999999999716,-0.04999999999999716,56.2,56.25,56.2,56.25,1.0,94.0,959.0,764.0,False,False
006208,2022-10-26 12:08:33.544924,-0.000888888888888828,-0.000888888888888828,-0.04999999999999716,-0.04999999999999716,56.2,56.25,56.2,56.25,1.0,94.0,959.0,764.0,False,False
006208,2022-10-26 12:08:37.570731,-0.000888888888888828,-0.000888888888888828,-0.04999999999999716,-0.04999999999999716,56.2,56.25,56.2,56.25,1.0,94.0,959.0,764.0,False,False
006208,2022-10-26 12:08:39.366877,-0.000888888888888828,-0.000888888888888828,-0.04999999999999716,-0.04999999999999716,56.2,56.25,56.2,56.25,1.0,94.0,959.0,764.0,False,False
006208,2022-10-26 12:08:39.370231,-0.000888888888888828,-0.000888888888888828,-0.04999999999999716,-0.04999999999999716,56.2,56.25,56.2,56.25,1.0,94.0,959.0,764.0,False,False
006208,2022-10-26 12:08:39.502482,-0.000888888888888828,-0.000888888888888828,-0.04999999999999716,-0.04999999999999716,56.2,56.25,56.2,56.25,1.0,94.0,959.0,764.0,False,False
006208,2022-10-26 12:08:39.808665,-0.000888888888888828,-0.000888888888888828,-0.04999999999999716,-0.04999999999999716,56.2,56.25,56.2,56.25,1.0,94.0,959.0,764.0,False,False
006208,2022-10-26 12:08:39.811384,-0.000888888888888828,-0.000888888888888828,-0.04999999999999716,-0.04999999999999716,56.2,56.25,56.2,56.25,1.0,94.0,959.0,764.0,False,False
006208,2022-10-26 12:08:40.340032,-0.000888888888888828,-0.000888888888888828,-0.04999999999999716,-0.04999999999999716,56.2,56.25,56.2,56.25,1.0,92.0,959.0,764.0,False,False
006208,2022-10-26 12:08:41.111811,-0.000888888888888828,-0.000888888888888828,-0.04999999999999716,-0.04999999999999716,56.2,56.25,56.2,56.25,1.0,92.0,959.0,764.0,False,False
006208,2022-10-26 12:08:41.119384,-0.000888888888888828,-0.000888888888888828,-0.04999999999999716,-0.04999999999999716,56.2,56.25,56.2,56.25,1.0,92.0,959.0,764.0,False,False
006208,2022-10-26 12:08:46.493609,-0.000888888888888828,-0.000888888888888828,-0.04999999999999716,-0.04999999999999716,56.2,56.25,56.2,56.25,1.0,92.0,959.0,764.0,False,False
006208,2022-10-26 12:08:46.728964,-0.000888888888888828,-0.000888888888888828,-0.04999999999999716,-0.04999999999999716,56.2,56.25,56.2,56.25,1.0,92.0,959.0,764.0,False,False
006208,2022-10-26 12:08:48.825275,-0.000888888888888828,-0.000888888888888828,-0.04999999999999716,-0.04999999999999716,56.2,56.25,56.2,56.25,1.0,92.0,959.0,760.0,True,True
006208,2022-10-26 12:08:48.934631,-0.000888888888888828,-0.000888888888888828,-0.04999999999999716,-0.04999999999999716,56.2,56.25,56.2,56.25,1.0,91.0,959.0,760.0,False,False
006208,2022-10-26 12:08:49.484960,-0.000888888888888828,-0.000888888888888828,-0.04999999999999716,-0.04999999999999716,56.2,56.25,56.2,56.25,1.0,91.0,959.0,760.0,False,False
006208,2022-10-26 12:08:49.488352,-0.000888888888888828,-0.000888888888888828,-0.04999999999999716,-0.04999999999999716,56.2,56.25,56.2,56.25,1.0,91.0,959.0,760.0,False,False
006208,2022-10-26 12:08:49.620738,-0.000888888888888828,-0.000888888888888828,-0.04999999999999716,-0.04999999999999716,56.2,56.25,56.2,56.25,1.0,91.0,959.0,760.0,False,False
006208,2022-10-26 12:08:50.304354,-0.000888888888888828,-0.000888888888888828,-0.04999999999999716,-0.04999999999999716,56.2,56.25,56.2,56.25,1.0,90.0,959.0,760.0,False,False
006208,2022-10-26 12:08:53.719829,-0.000888888888888828,-0.000888888888888828,-0.04999999999999716,-0.04999999999999716,56.2,56.25,56.2,56.25,1.0,90.0,959.0,760.0,False,False
006208,2022-10-26 12:08:54.141181,-0.000888888888888828,-0.000888888888888828,-0.04999999999999716,-0.04999999999999716,56.2,56.25,56.2,56.25,1.0,90.0,959.0,760.0,False,False
006208,2022-10-26 12:08:59.513471,-0.000888888888888828,-0.000888888888888828,-0.04999999999999716,-0.04999999999999716,56.2,56.25,56.2,56.25,1.0,90.0,959.0,760.0,False,False
006208,2022-10-26 12:08:59.604332,-0.000888888888888828,-0.000888888888888828,-0.04999999999999716,-0.04999999999999716,56.2,56.25,56.2,56.25,1.0,90.0,959.0,760.0,False,False
006208,2022-10-26 12:08:59.607206,-0.000888888888888828,-0.000888888888888828,-0.04999999999999716,-0.04999999999999716,56.2,56.25,56.2,56.25,1.0,90.0,959.0,760.0,False,False
006208,2022-10-26 12:08:59.757189,-0.000888888888888828,-0.000888888888888828,-0.04999999999999716,-0.04999999999999716,56.2,56.25,56.2,56.25,1.0,90.0,959.0,760.0,False,False
006208,2022-10-26 12:09:00.408285,-0.000888888888888828,-0.000888888888888828,-0.04999999999999716,-0.04999999999999716,56.2,56.25,56.2,56.25,1.0,88.0,959.0,760.0,False,False
006208,2022-10-26 12:09:03.973338,-0.000888888888888828,-0.000888888888888828,-0.04999999999999716,-0.04999999999999716,56.2,56.25,56.2,56.25,1.0,88.0,959.0,760.0,False,False
006208,2022-10-26 12:09:03.990653,-0.000888888888888828,-0.000888888888888828,-0.04999999999999716,-0.04999999999999716,56.2,56.25,56.2,56.25,1.0,51.0,959.0,760.0,False,False
006208,2022-10-26 12:09:04.370522,-0.000888888888888828,-0.000888888888888828,-0.04999999999999716,-0.04999999999999716,56.2,56.25,56.2,56.25,1.0,51.0,959.0,760.0,False,False
006208,2022-10-26 12:09:04.388063,-0.000888888888888828,-0.000888888888888828,-0.04999999999999716,-0.04999999999999716,56.2,56.25,56.2,56.25,1.0,101.0,959.0,760.0,False,False
006208,2022-10-26 12:09:04.581866,-0.000888888888888828,-0.000888888888888828,-0.04999999999999716,-0.04999999999999716,56.2,56.25,56.2,56.25,1.0,101.0,959.0,760.0,False,False
006208,2022-10-26 12:09:04.633119,-0.000888888888888828,-0.000888888888888828,-0.04999999999999716,-0.04999999999999716,56.2,56.25,56.2,56.25,1.0,101.0,959.0,760.0,False,False
006208,2022-10-26 12:09:05.602207,-0.000888888888888828,-0.000888888888888828,-0.04999999999999716,-0.04999999999999716,56.2,56.25,56.2,56.25,1.0,101.0,959.0,760.0,False,False
006208,2022-10-26 12:09:07.828117,-0.000888888888888828,-0.000888888888888828,-0.04999999999999716,-0.04999999999999716,56.2,56.25,56.2,56.25,1.0,101.0,959.0,760.0,False,False
006208,2022-10-26 12:09:07.861698,-0.000888888888888828,-0.000888888888888828,-0.04999999999999716,-0.04999999999999716,56.2,56.25,56.2,56.25,1.0,101.0,959.0,760.0,False,False
006208,2022-10-26 12:09:07.937163,-0.000888888888888828,-0.000888888888888828,-0.04999999999999716,-0.04999999999999716,56.2,56.25,56.2,56.25,1.0,101.0,959.0,760.0,False,False
006208,2022-10-26 12:09:08.890301,-0.000888888888888828,-0.000888888888888828,-0.04999999999999716,-0.04999999999999716,56.2,56.25,56.2,56.25,1.0,101.0,959.0,602.0,True,True
006208,2022-10-26 12:09:09.719864,-0.000888888888888828,-0.000888888888888828,-0.04999999999999716,-0.04999999999999716,56.2,56.25,56.2,56.25,1.0,101.0,959.0,602.0,False,False
006208,2022-10-26 12:09:09.725822,-0.000888888888888828,-0.000888888888888828,-0.04999999999999716,-0.04999999999999716,56.2,56.25,56.2,56.25,1.0,101.0,959.0,602.0,False,False
006208,2022-10-26 12:09:09.861691,-0.000888888888888828,-0.000888888888888828,-0.04999999999999716,-0.04999999999999716,56.2,56.25,56.2,56.25,1.0,101.0,959.0,602.0,False,False
006208,2022-10-26 12:09:10.309850,-0.000888888888888828,-0.000888888888888828,-0.04999999999999716,-0.04999999999999716,56.2,56.25,56.2,56.25,1.0,100.0,959.0,602.0,False,False
006208,2022-10-26 12:09:11.513247,-0.000888888888888828,-0.000888888888888828,-0.04999999999999716,-0.04999999999999716,56.2,56.25,56.2,56.25,1.0,100.0,959.0,602.0,False,False
006208,2022-10-26 12:09:18.917317,-0.000888888888888828,-0.000888888888888828,-0.04999999999999716,-0.04999999999999716,56.2,56.25,56.2,56.25,1.0,100.0,959.0,692.0,True,True
006208,2022-10-26 12:09:19.838960,-0.000888888888888828,-0.000888888888888828,-0.04999999999999716,-0.04999999999999716,56.2,56.25,56.2,56.25,1.0,100.0,959.0,692.0,False,False
006208,2022-10-26 12:09:19.842485,-0.000888888888888828,-0.000888888888888828,-0.04999999999999716,-0.04999999999999716,56.2,56.25,56.2,56.25,1.0,100.0,959.0,692.0,False,False
006208,2022-10-26 12:09:19.976265,-0.000888888888888828,-0.000888888888888828,-0.04999999999999716,-0.04999999999999716,56.2,56.25,56.2,56.25,1.0,100.0,959.0,692.0,False,False
006208,2022-10-26 12:09:20.335999,-0.000888888888888828,-0.000888888888888828,-0.04999999999999716,-0.04999999999999716,56.2,56.25,56.2,56.25,1.0,99.0,959.0,692.0,False,False
006208,2022-10-26 12:09:21.981382,-0.000888888888888828,-0.000888888888888828,-0.04999999999999716,-0.04999999999999716,56.2,56.25,56.2,56.25,1.0,98.0,959.0,692.0,False,False
006208,2022-10-26 12:09:23.541221,-0.000888888888888828,-0.000888888888888828,-0.04999999999999716,-0.04999999999999716,56.2,56.25,56.2,56.25,1.0,98.0,959.0,692.0,False,False
006208,2022-10-26 12:09:23.920318,-0.000888888888888828,-0.000888888888888828,-0.04999999999999716,-0.04999999999999716,56.2,56.25,56.2,56.25,1.0,51.0,959.0,692.0,False,False
006208,2022-10-26 12:09:24.534716,-0.000888888888888828,-0.000888888888888828,-0.04999999999999716,-0.04999999999999716,56.2,56.25,56.2,56.25,1.0,101.0,959.0,692.0,False,False
006208,2022-10-26 12:09:28.113206,-0.000888888888888828,-0.000888888888888828,-0.04999999999999716,-0.04999999999999716,56.2,56.25,56.2,56.25,1.0,101.0,959.0,692.0,False,False
006208,2022-10-26 12:09:28.941963,-0.000888888888888828,-0.000888888888888828,-0.04999999999999716,-0.04999999999999716,56.2,56.25,56.2,56.25,1.0,101.0,959.0,678.0,True,True
006208,2022-10-26 12:09:29.956311,-0.000888888888888828,-0.000888888888888828,-0.04999999999999716,-0.04999999999999716,56.2,56.25,56.2,56.25,1.0,101.0,959.0,678.0,False,False
006208,2022-10-26 12:09:29.964522,-0.000888888888888828,-0.000888888888888828,-0.04999999999999716,-0.04999999999999716,56.2,56.25,56.2,56.25,1.0,101.0,959.0,678.0,False,False
006208,2022-10-26 12:09:30.092089,-0.000888888888888828,-0.000888888888888828,-0.04999999999999716,-0.04999999999999716,56.2,56.25,56.2,56.25,1.0,101.0,959.0,678.0,False,False
006208,2022-10-26 12:09:30.299771,-0.000888888888888828,-0.000888888888888828,-0.04999999999999716,-0.04999999999999716,56.2,56.25,56.2,56.25,1.0,99.0,959.0,678.0,False,False
006208,2022-10-26 12:09:31.526744,-0.000888888888888828,-0.000888888888888828,-0.04999999999999716,-0.04999999999999716,56.2,56.25,56.2,56.25,1.0,99.0,959.0,678.0,False,False
006208,2022-10-26 12:09:40.074489,-0.000888888888888828,-0.000888888888888828,-0.04999999999999716,-0.04999999999999716,56.2,56.25,56.2,56.25,1.0,99.0,959.0,678.0,False,False
006208,2022-10-26 12:09:40.080017,-0.000888888888888828,-0.000888888888888828,-0.04999999999999716,-0.04999999999999716,56.2,56.25,56.2,56.25,1.0,99.0,959.0,678.0,False,False
006208,2022-10-26 12:09:40.212457,-0.000888888888888828,-0.000888888888888828,-0.04999999999999716,-0.04999999999999716,56.2,56.25,56.2,56.25,1.0,99.0,959.0,678.0,False,False
006208,2022-10-26 12:09:40.281033,-0.000888888888888828,-0.000888888888888828,-0.04999999999999716,-0.04999999999999716,56.2,56.25,56.2,56.25,1.0,98.0,959.0,678.0,False,False
006208,2022-10-26 12:09:40.486807,-0.000888888888888828,-0.000888888888888828,-0.04999999999999716,-0.04999999999999716,56.2,56.25,56.2,56.25,1.0,98.0,959.0,678.0,False,False
006208,2022-10-26 12:09:40.494272,-0.000888888888888828,-0.000888888888888828,-0.04999999999999716,-0.04999999999999716,56.2,56.25,56.2,56.25,1.0,50.0,959.0,678.0,False,False
006208,2022-10-26 12:09:40.507371,-0.000888888888888828,-0.000888888888888828,-0.04999999999999716,-0.04999999999999716,56.2,56.25,56.2,56.25,1.0,50.0,959.0,678.0,False,False
006208,2022-10-26 12:09:40.693379,-0.000888888888888828,-0.000888888888888828,-0.04999999999999716,-0.04999999999999716,56.2,56.25,56.2,56.25,1.0,100.0,959.0,678.0,False,False
006208,2022-10-26 12:09:48.023356,-0.000888888888888828,-0.000888888888888828,-0.04999999999999716,-0.04999999999999716,56.2,56.25,56.2,56.25,1.0,101.0,959.0,678.0,False,False
006208,2022-10-26 12:09:50.192163,-0.000888888888888828,-0.000888888888888828,-0.04999999999999716,-0.04999999999999716,56.2,56.25,56.2,56.25,1.0,101.0,959.0,678.0,False,False
006208,2022-10-26 12:09:50.196278,-0.000888888888888828,-0.000888888888888828,-0.04999999999999716,-0.04999999999999716,56.2,56.25,56.2,56.25,1.0,101.0,959.0,678.0,False,False
006208,2022-10-26 12:09:50.289783,-0.000888888888888828,-0.000888888888888828,-0.04999999999999716,-0.04999999999999716,56.2,56.25,56.2,56.25,1.0,99.0,959.0,678.0,False,False
006208,2022-10-26 12:09:50.342750,-0.000888888888888828,-0.000888888888888828,-0.04999999999999716,-0.04999999999999716,56.2,56.25,56.2,56.25,1.0,99.0,959.0,678.0,False,False
006208,2022-10-26 12:09:51.688682,-0.000888888888888828,-0.000888888888888828,-0.04999999999999716,-0.04999999999999716,56.2,56.25,56.2,56.25,1.0,109.0,959.0,678.0,False,False
006208,2022-10-26 12:09:52.744233,-0.000888888888888828,-0.000888888888888828,-0.04999999999999716,-0.04999999999999716,56.2,56.25,56.2,56.25,1.0,109.0,959.0,678.0,False,False
006208,2022-10-26 12:09:52.744390,-0.000888888888888828,-0.000888888888888828,-0.04999999999999716,-0.04999999999999716,56.2,56.25,56.2,56.25,1.0,109.0,959.0,678.0,False,False
006208,2022-10-26 12:09:53.152707,-0.000888888888888828,-0.000888888888888828,-0.04999999999999716,-0.04999999999999716,56.2,56.25,56.2,56.25,1.0,109.0,959.0,678.0,False,False
006208,2022-10-26 12:09:53.152957,-0.000888888888888828,-0.000888888888888828,-0.04999999999999716,-0.04999999999999716,56.2,56.25,56.2,56.25,1.0,109.0,959.0,678.0,False,False
006208,2022-10-26 12:09:54.783988,-0.000888888888888828,-0.000888888888888828,-0.04999999999999716,-0.04999999999999716,56.2,56.25,56.2,56.25,1.0,61.0,959.0,678.0,False,False
006208,2022-10-26 12:09:55.391722,-0.000888888888888828,-0.000888888888888828,-0.04999999999999716,-0.04999999999999716,56.2,56.25,56.2,56.25,1.0,111.0,959.0,678.0,False,False
006208,2022-10-26 12:09:55.951182,-0.000888888888888828,-0.000888888888888828,-0.04999999999999716,-0.04999999999999716,56.2,56.25,56.2,56.25,1.0,110.0,959.0,678.0,False,False
006208,2022-10-26 12:09:59.115515,-0.000888888888888828,-0.000888888888888828,-0.04999999999999716,-0.04999999999999716,56.2,56.25,56.2,56.25,1.0,110.0,959.0,628.0,True,True
006208,2022-10-26 12:10:00.370591,-0.000888888888888828,-0.000888888888888828,-0.04999999999999716,-0.04999999999999716,56.2,56.25,56.2,56.25,1.0,109.0,959.0,628.0,False,False
006208,2022-10-26 12:10:00.380849,-0.000888888888888828,-0.000888888888888828,-0.04999999999999716,-0.04999999999999716,56.2,56.25,56.2,56.25,1.0,109.0,959.0,628.0,False,False
006208,2022-10-26 12:10:00.386140,-0.000888888888888828,-0.000888888888888828,-0.04999999999999716,-0.04999999999999716,56.2,56.25,56.2,56.25,1.0,109.0,959.0,628.0,False,False
006208,2022-10-26 12:10:00.518585,-0.000888888888888828,-0.000888888888888828,-0.04999999999999716,-0.04999999999999716,56.2,56.25,56.2,56.25,1.0,109.0,959.0,628.0,False,False
006208,2022-10-26 12:10:04.490367,-0.000888888888888828,-0.000888888888888828,-0.04999999999999716,-0.04999999999999716,56.2,56.25,56.2,56.25,3.0,109.0,959.0,628.0,False,False
006208,2022-10-26 12:10:08.601111,-0.000888888888888828,-0.000888888888888828,-0.04999999999999716,-0.04999999999999716,56.2,56.25,56.2,56.25,3.0,109.0,959.0,628.0,False,True
006208,2022-10-26 12:10:10.417082,-0.000888888888888828,-0.000888888888888828,-0.04999999999999716,-0.04999999999999716,56.2,56.25,56.2,56.25,3.0,108.0,959.0,628.0,False,False
006208,2022-10-26 12:10:10.544028,-0.000888888888888828,-0.000888888888888828,-0.04999999999999716,-0.04999999999999716,56.2,56.25,56.2,56.25,3.0,108.0,959.0,628.0,False,False
006208,2022-10-26 12:10:10.553376,-0.000888888888888828,-0.000888888888888828,-0.04999999999999716,-0.04999999999999716,56.2,56.25,56.2,56.25,3.0,108.0,959.0,628.0,False,False
006208,2022-10-26 12:10:10.691018,-0.000888888888888828,-0.000888888888888828,-0.04999999999999716,-0.04999999999999716,56.2,56.25,56.2,56.25,3.0,108.0,959.0,628.0,False,False
006208,2022-10-26 12:10:16.775098,-0.000888888888888828,-0.000888888888888828,-0.04999999999999716,-0.04999999999999716,56.2,56.25,56.2,56.25,3.0,108.0,959.0,628.0,False,False
006208,2022-10-26 12:10:18.683927,-0.000888888888888828,-0.000888888888888828,-0.04999999999999716,-0.04999999999999716,56.2,56.25,56.2,56.25,3.0,108.0,959.0,528.0,True,True
006208,2022-10-26 12:10:20.415600,-0.000888888888888828,-0.000888888888888828,-0.04999999999999716,-0.04999999999999716,56.2,56.25,56.2,56.25,3.0,106.0,959.0,528.0,False,False
006208,2022-10-26 12:10:20.702324,-0.000888888888888828,-0.000888888888888828,-0.04999999999999716,-0.04999999999999716,56.2,56.25,56.2,56.25,3.0,106.0,959.0,528.0,False,False
006208,2022-10-26 12:10:20.705363,-0.000888888888888828,-0.000888888888888828,-0.04999999999999716,-0.04999999999999716,56.2,56.25,56.2,56.25,3.0,106.0,959.0,528.0,False,False
006208,2022-10-26 12:10:20.837683,-0.000888888888888828,-0.000888888888888828,-0.04999999999999716,-0.04999999999999716,56.2,56.25,56.2,56.25,3.0,106.0,959.0,528.0,False,False
006208,2022-10-26 12:10:22.943683,-0.000888888888888828,-0.000888888888888828,-0.04999999999999716,-0.04999999999999716,56.2,56.25,56.2,56.25,3.0,106.0,959.0,528.0,False,False
006208,2022-10-26 12:10:28.095845,-0.000888888888888828,-0.000888888888888828,-0.04999999999999716,-0.04999999999999716,56.2,56.25,56.2,56.25,3.0,106.0,959.0,528.0,False,False
006208,2022-10-26 12:10:29.173814,-0.000888888888888828,-0.000888888888888828,-0.04999999999999716,-0.04999999999999716,56.2,56.25,56.2,56.25,3.0,105.0,959.0,528.0,False,False
006208,2022-10-26 12:10:30.444674,-0.000888888888888828,-0.000888888888888828,-0.04999999999999716,-0.04999999999999716,56.2,56.25,56.2,56.25,3.0,104.0,959.0,528.0,False,False
006208,2022-10-26 12:10:30.839365,-0.000888888888888828,-0.000888888888888828,-0.04999999999999716,-0.04999999999999716,56.2,56.25,56.2,56.25,3.0,104.0,959.0,528.0,False,False
006208,2022-10-26 12:10:30.843483,-0.000888888888888828,-0.000888888888888828,-0.04999999999999716,-0.04999999999999716,56.2,56.25,56.2,56.25,3.0,104.0,959.0,528.0,False,False
006208,2022-10-26 12:10:30.980536,-0.000888888888888828,-0.000888888888888828,-0.04999999999999716,-0.04999999999999716,56.2,56.25,56.2,56.25,3.0,104.0,959.0,528.0,False,False
006208,2022-10-26 12:10:36.348463,-0.000888888888888828,-0.000888888888888828,-0.04999999999999716,-0.04999999999999716,56.2,56.25,56.2,56.25,3.0,104.0,959.0,528.0,False,False
006208,2022-10-26 12:10:40.471268,-0.000888888888888828,-0.000888888888888828,-0.04999999999999716,-0.04999999999999716,56.2,56.25,56.2,56.25,3.0,102.0,959.0,528.0,False,False
006208,2022-10-26 12:10:40.973145,-0.000888888888888828,-0.000888888888888828,-0.04999999999999716,-0.04999999999999716,56.2,56.25,56.2,56.25,3.0,102.0,959.0,528.0,False,False
006208,2022-10-26 12:10:40.989805,-0.000888888888888828,-0.000888888888888828,-0.04999999999999716,-0.04999999999999716,56.2,56.25,56.2,56.25,3.0,102.0,959.0,528.0,False,False
006208,2022-10-26 12:10:41.109476,-0.000888888888888828,-0.000888888888888828,-0.04999999999999716,-0.04999999999999716,56.2,56.25,56.2,56.25,3.0,102.0,959.0,528.0,False,False
006208,2022-10-26 12:10:45.243128,-0.000888888888888828,-0.000888888888888828,-0.04999999999999716,-0.04999999999999716,56.2,56.25,56.2,56.25,3.0,102.0,959.0,528.0,False,False
006208,2022-10-26 12:10:48.819067,-0.000888888888888828,-0.000888888888888828,-0.04999999999999716,-0.04999999999999716,56.2,56.25,56.2,56.25,3.0,102.0,959.0,528.0,True,True
006208,2022-10-26 12:10:50.463858,-0.000888888888888828,-0.000888888888888828,-0.04999999999999716,-0.04999999999999716,56.2,56.25,56.2,56.25,3.0,101.0,959.0,528.0,False,False
006208,2022-10-26 12:10:51.105031,-0.000888888888888828,-0.000888888888888828,-0.04999999999999716,-0.04999999999999716,56.2,56.25,56.2,56.25,3.0,101.0,959.0,528.0,False,False
006208,2022-10-26 12:10:51.107783,-0.000888888888888828,-0.000888888888888828,-0.04999999999999716,-0.04999999999999716,56.2,56.25,56.2,56.25,3.0,101.0,959.0,528.0,False,False
006208,2022-10-26 12:10:51.242188,-0.000888888888888828,-0.000888888888888828,-0.04999999999999716,-0.04999999999999716,56.2,56.25,56.2,56.25,3.0,101.0,959.0,528.0,False,False
006208,2022-10-26 12:10:51.938675,-0.000888888888888828,-0.000888888888888828,-0.04999999999999716,-0.04999999999999716,56.2,56.25,56.2,56.25,3.0,101.0,959.0,528.0,False,False
006208,2022-10-26 12:10:51.980360,-0.000888888888888828,-0.000888888888888828,-0.04999999999999716,-0.04999999999999716,56.2,56.25,56.2,56.25,3.0,141.0,959.0,528.0,False,False
006208,2022-10-26 12:10:58.858977,-0.000888888888888828,-0.000888888888888828,-0.04999999999999716,-0.04999999999999716,56.2,56.25,56.2,56.25,3.0,141.0,959.0,528.0,True,True
006208,2022-10-26 12:11:00.470549,-0.000888888888888828,-0.000888888888888828,-0.04999999999999716,-0.04999999999999716,56.2,56.25,56.2,56.25,3.0,140.0,959.0,528.0,False,False
006208,2022-10-26 12:11:00.539581,-0.000888888888888828,-0.000888888888888828,-0.04999999999999716,-0.04999999999999716,56.2,56.25,56.2,56.25,3.0,140.0,959.0,528.0,False,False
006208,2022-10-26 12:11:01.235738,-0.000888888888888828,-0.000888888888888828,-0.04999999999999716,-0.04999999999999716,56.2,56.25,56.2,56.25,3.0,140.0,959.0,528.0,False,False
006208,2022-10-26 12:11:01.249437,-0.000888888888888828,-0.000888888888888828,-0.04999999999999716,-0.04999999999999716,56.2,56.25,56.2,56.25,3.0,140.0,959.0,528.0,False,False
006208,2022-10-26 12:11:01.382340,-0.000888888888888828,-0.000888888888888828,-0.04999999999999716,-0.04999999999999716,56.2,56.25,56.2,56.25,3.0,140.0,959.0,528.0,False,False
006208,2022-10-26 12:11:08.912407,-0.000888888888888828,-0.000888888888888828,-0.04999999999999716,-0.04999999999999716,56.2,56.25,56.2,56.25,3.0,140.0,959.0,349.0,True,True
006208,2022-10-26 12:11:10.492181,-0.000888888888888828,-0.000888888888888828,-0.04999999999999716,-0.04999999999999716,56.2,56.25,56.2,56.25,3.0,138.0,959.0,349.0,False,False
006208,2022-10-26 12:11:11.123419,-0.000888888888888828,-0.000888888888888828,-0.04999999999999716,-0.04999999999999716,56.2,56.25,56.2,56.25,3.0,137.0,959.0,349.0,False,False
006208,2022-10-26 12:11:11.363412,-0.000888888888888828,-0.000888888888888828,-0.04999999999999716,-0.04999999999999716,56.2,56.25,56.2,56.25,3.0,137.0,959.0,349.0,False,False
006208,2022-10-26 12:11:11.368073,-0.000888888888888828,-0.000888888888888828,-0.04999999999999716,-0.04999999999999716,56.2,56.25,56.2,56.25,3.0,137.0,959.0,349.0,False,False
006208,2022-10-26 12:11:11.498350,-0.000888888888888828,-0.000888888888888828,-0.04999999999999716,-0.04999999999999716,56.2,56.25,56.2,56.25,3.0,137.0,959.0,349.0,False,False
006208,2022-10-26 12:11:18.959269,-0.000888888888888828,-0.000888888888888828,-0.04999999999999716,-0.04999999999999716,56.2,56.25,56.2,56.25,3.0,137.0,959.0,529.0,True,True
006208,2022-10-26 12:11:20.138809,-0.000888888888888828,-0.000888888888888828,-0.04999999999999716,-0.04999999999999716,56.2,56.25,56.2,56.25,3.0,137.0,959.0,529.0,False,False
006208,2022-10-26 12:11:20.153996,-0.000888888888888828,-0.000888888888888828,-0.04999999999999716,-0.04999999999999716,56.2,56.25,56.2,56.25,3.0,101.0,959.0,529.0,False,False
006208,2022-10-26 12:11:20.497549,-0.000888888888888828,-0.000888888888888828,-0.04999999999999716,-0.04999999999999716,56.2,56.25,56.2,56.25,3.0,100.0,959.0,529.0,False,False
006208,2022-10-26 12:11:21.491210,-0.000888888888888828,-0.000888888888888828,-0.04999999999999716,-0.04999999999999716,56.2,56.25,56.2,56.25,3.0,100.0,959.0,529.0,False,False
006208,2022-10-26 12:11:21.495083,-0.000888888888888828,-0.000888888888888828,-0.04999999999999716,-0.04999999999999716,56.2,56.25,56.2,56.25,3.0,100.0,959.0,529.0,False,False
006208,2022-10-26 12:11:21.634581,-0.000888888888888828,-0.000888888888888828,-0.04999999999999716,-0.04999999999999716,56.2,56.25,56.2,56.25,3.0,100.0,959.0,529.0,False,False
006208,2022-10-26 12:11:22.724851,-0.000888888888888828,-0.000888888888888828,-0.04999999999999716,-0.04999999999999716,56.2,56.25,56.2,56.25,3.0,100.0,959.0,529.0,False,False
006208,2022-10-26 12:11:22.724981,-0.000888888888888828,-0.000888888888888828,-0.04999999999999716,-0.04999999999999716,56.2,56.25,56.2,56.25,3.0,100.0,959.0,529.0,False,False
006208,2022-10-26 12:11:23.638156,-0.000888888888888828,-0.000888888888888828,-0.04999999999999716,-0.04999999999999716,56.2,56.25,56.2,56.25,3.0,100.0,959.0,529.0,False,False
006208,2022-10-26 12:11:23.638338,-0.000888888888888828,-0.000888888888888828,-0.04999999999999716,-0.04999999999999716,56.2,56.25,56.2,56.25,3.0,100.0,959.0,529.0,False,False
006208,2022-10-26 12:11:28.999049,-0.000888888888888828,-0.000888888888888828,-0.04999999999999716,-0.04999999999999716,56.2,56.25,56.2,56.25,3.0,100.0,1159.0,529.0,True,True
006208,2022-10-26 12:11:30.502914,-0.000888888888888828,-0.000888888888888828,-0.04999999999999716,-0.04999999999999716,56.2,56.25,56.2,56.25,3.0,99.0,1159.0,529.0,False,False
006208,2022-10-26 12:11:31.106056,-0.000888888888888828,-0.000888888888888828,-0.04999999999999716,-0.04999999999999716,56.2,56.25,56.2,56.25,3.0,99.0,1159.0,529.0,False,False
006208,2022-10-26 12:11:31.179340,-0.000888888888888828,-0.000888888888888828,-0.04999999999999716,-0.04999999999999716,56.2,56.25,56.2,56.25,78.0,149.0,1159.0,529.0,False,False
006208,2022-10-26 12:11:31.219995,-0.000888888888888828,-0.000888888888888828,-0.04999999999999716,-0.04999999999999716,56.2,56.25,56.2,56.25,78.0,149.0,1159.0,529.0,False,False
006208,2022-10-26 12:11:31.621408,-0.000888888888888828,-0.000888888888888828,-0.04999999999999716,-0.04999999999999716,56.2,56.25,56.2,56.25,78.0,149.0,1159.0,529.0,False,False
006208,2022-10-26 12:11:31.679277,-0.000888888888888828,-0.000888888888888828,-0.04999999999999716,-0.04999999999999716,56.2,56.25,56.2,56.25,78.0,149.0,1159.0,529.0,False,False
006208,2022-10-26 12:11:31.756388,-0.000888888888888828,-0.000888888888888828,-0.04999999999999716,-0.04999999999999716,56.2,56.25,56.2,56.25,78.0,149.0,1159.0,529.0,False,False
006208,2022-10-26 12:11:32.139205,-0.000888888888888828,-0.000888888888888828,-0.04999999999999716,-0.04999999999999716,56.2,56.25,56.2,56.25,78.0,149.0,1159.0,529.0,False,False
006208,2022-10-26 12:11:32.149252,-0.000888888888888828,-0.000888888888888828,-0.04999999999999716,-0.04999999999999716,56.2,56.25,56.2,56.25,78.0,149.0,1159.0,529.0,False,False
006208,2022-10-26 12:11:32.935936,-0.000888888888888828,-0.000888888888888828,-0.04999999999999716,-0.04999999999999716,56.2,56.25,56.2,56.25,78.0,149.0,1159.0,529.0,False,False
006208,2022-10-26 12:11:32.946876,-0.000888888888888828,-0.000888888888888828,-0.04999999999999716,-0.04999999999999716,56.2,56.25,56.2,56.25,78.0,149.0,1159.0,529.0,False,False
006208,2022-10-26 12:11:33.469583,-0.000888888888888828,-0.000888888888888828,-0.04999999999999716,-0.04999999999999716,56.2,56.25,56.2,56.25,80.0,149.0,1159.0,529.0,False,False
006208,2022-10-26 12:11:36.076454,-0.000888888888888828,-0.000888888888888828,-0.04999999999999716,-0.04999999999999716,56.2,56.25,56.2,56.25,80.0,149.0,1159.0,529.0,False,False
006208,2022-10-26 12:11:39.037902,-0.000888888888888828,-0.000888888888888828,-0.04999999999999716,-0.04999999999999716,56.2,56.25,56.2,56.25,80.0,149.0,1159.0,487.0,True,True
006208,2022-10-26 12:11:40.492449,-0.000888888888888828,-0.000888888888888828,-0.04999999999999716,-0.04999999999999716,56.2,56.25,56.2,56.25,80.0,147.0,1159.0,487.0,False,False
006208,2022-10-26 12:11:40.641999,-0.000888888888888828,-0.000888888888888828,-0.04999999999999716,-0.04999999999999716,56.2,56.25,56.2,56.25,82.0,147.0,1159.0,487.0,False,False
006208,2022-10-26 12:11:41.749544,-0.000888888888888828,-0.000888888888888828,-0.04999999999999716,-0.04999999999999716,56.2,56.25,56.2,56.25,82.0,147.0,1159.0,487.0,False,False
006208,2022-10-26 12:11:41.752716,-0.000888888888888828,-0.000888888888888828,-0.04999999999999716,-0.04999999999999716,56.2,56.25,56.2,56.25,82.0,147.0,1159.0,487.0,False,False
006208,2022-10-26 12:11:41.882640,-0.000888888888888828,-0.000888888888888828,-0.04999999999999716,-0.04999999999999716,56.2,56.25,56.2,56.25,82.0,147.0,1159.0,487.0,False,False
006208,2022-10-26 12:11:44.905152,-0.000888888888888828,-0.000888888888888828,-0.04999999999999716,-0.04999999999999716,56.2,56.25,56.2,56.25,82.0,149.0,1159.0,487.0,False,False
006208,2022-10-26 12:11:45.095163,-0.000888888888888828,-0.000888888888888828,-0.04999999999999716,-0.04999999999999716,56.2,56.25,56.2,56.25,82.0,148.0,1159.0,487.0,False,False
006208,2022-10-26 12:11:49.076717,-0.000888888888888828,-0.000888888888888828,-0.04999999999999716,-0.04999999999999716,56.2,56.25,56.2,56.25,82.0,148.0,1209.0,487.0,True,True
006208,2022-10-26 12:11:50.497498,-0.000888888888888828,-0.000888888888888828,-0.04999999999999716,-0.04999999999999716,56.2,56.25,56.2,56.25,82.0,147.0,1209.0,487.0,False,False
006208,2022-10-26 12:11:51.874044,-0.000888888888888828,-0.000888888888888828,-0.04999999999999716,-0.04999999999999716,56.2,56.25,56.2,56.25,82.0,147.0,1209.0,487.0,False,False
006208,2022-10-26 12:11:51.881036,-0.000888888888888828,-0.000888888888888828,-0.04999999999999716,-0.04999999999999716,56.2,56.25,56.2,56.25,82.0,147.0,1209.0,487.0,False,False
006208,2022-10-26 12:11:52.011357,-0.000888888888888828,-0.000888888888888828,-0.04999999999999716,-0.04999999999999716,56.2,56.25,56.2,56.25,82.0,147.0,1209.0,487.0,False,False
006208,2022-10-26 12:11:54.541923,-0.000888888888888828,-0.000888888888888828,-0.04999999999999716,-0.04999999999999716,56.2,56.25,56.2,56.25,7.0,147.0,1209.0,487.0,False,False
006208,2022-10-26 12:11:54.542124,-0.000888888888888828,-0.000888888888888828,-0.04999999999999716,-0.04999999999999716,56.2,56.25,56.2,56.25,7.0,147.0,1209.0,487.0,False,False
006208,2022-10-26 12:11:59.119520,-0.000888888888888828,-0.000888888888888828,-0.04999999999999716,-0.04999999999999716,56.2,56.25,56.2,56.25,7.0,147.0,1239.0,487.0,True,True
006208,2022-10-26 12:11:59.751879,-0.000888888888888828,-0.000888888888888828,-0.04999999999999716,-0.04999999999999716,56.2,56.25,56.2,56.25,7.0,147.0,1239.0,487.0,False,False
006208,2022-10-26 12:11:59.830361,-0.000888888888888828,-0.000888888888888828,-0.04999999999999716,-0.04999999999999716,56.2,56.25,56.2,56.25,7.0,147.0,1239.0,487.0,False,False
006208,2022-10-26 12:12:00.547736,-0.000888888888888828,-0.000888888888888828,-0.04999999999999716,-0.04999999999999716,56.2,56.25,56.2,56.25,7.0,145.0,1239.0,487.0,False,False
006208,2022-10-26 12:12:02.004623,-0.000888888888888828,-0.000888888888888828,-0.04999999999999716,-0.04999999999999716,56.2,56.25,56.2,56.25,7.0,145.0,1239.0,487.0,False,False
006208,2022-10-26 12:12:02.010474,-0.000888888888888828,-0.000888888888888828,-0.04999999999999716,-0.04999999999999716,56.2,56.25,56.2,56.25,7.0,145.0,1239.0,487.0,False,False
006208,2022-10-26 12:12:02.141326,-0.000888888888888828,-0.000888888888888828,-0.04999999999999716,-0.04999999999999716,56.2,56.25,56.2,56.25,7.0,145.0,1239.0,487.0,False,False
006208,2022-10-26 12:12:09.157656,-0.000888888888888828,-0.000888888888888828,-0.04999999999999716,-0.04999999999999716,56.2,56.25,56.2,56.25,7.0,145.0,1204.0,311.0,True,True
006208,2022-10-26 12:12:10.345784,-0.000888888888888828,-0.000888888888888828,-0.04999999999999716,-0.04999999999999716,56.2,56.25,56.2,56.25,7.0,145.0,1204.0,311.0,False,False
006208,2022-10-26 12:12:10.601356,-0.000888888888888828,-0.000888888888888828,-0.04999999999999716,-0.04999999999999716,56.2,56.25,56.2,56.25,7.0,144.0,1204.0,311.0,False,False
006208,2022-10-26 12:12:12.132204,-0.000888888888888828,-0.000888888888888828,-0.04999999999999716,-0.04999999999999716,56.2,56.25,56.2,56.25,7.0,144.0,1204.0,311.0,False,False
006208,2022-10-26 12:12:12.139171,-0.000888888888888828,-0.000888888888888828,-0.04999999999999716,-0.04999999999999716,56.2,56.25,56.2,56.25,7.0,144.0,1204.0,311.0,False,False
006208,2022-10-26 12:12:12.267250,-0.000888888888888828,-0.000888888888888828,-0.04999999999999716,-0.04999999999999716,56.2,56.25,56.2,56.25,7.0,144.0,1204.0,311.0,False,False
006208,2022-10-26 12:12:16.893963,-0.000888888888888828,-0.000888888888888828,-0.04999999999999716,-0.04999999999999716,56.2,56.25,56.2,56.25,7.0,144.0,1204.0,311.0,False,False
006208,2022-10-26 12:12:18.070894,-0.000888888888888828,-0.000888888888888828,-0.04999999999999716,-0.04999999999999716,56.2,56.25,56.2,56.25,7.0,144.0,1204.0,311.0,False,False
006208,2022-10-26 12:12:18.155144,-0.000888888888888828,-0.000888888888888828,-0.04999999999999716,-0.04999999999999716,56.2,56.25,56.2,56.25,7.0,143.0,1204.0,311.0,False,False
006208,2022-10-26 12:12:18.247268,-0.000888888888888828,-0.000888888888888828,-0.04999999999999716,-0.04999999999999716,56.2,56.25,56.2,56.25,7.0,143.0,1204.0,311.0,False,False
006208,2022-10-26 12:12:20.512763,-0.000888888888888828,-0.000888888888888828,-0.04999999999999716,-0.04999999999999716,56.2,56.25,56.2,56.25,7.0,142.0,1204.0,311.0,False,False
006208,2022-10-26 12:12:22.265480,-0.000888888888888828,-0.000888888888888828,-0.04999999999999716,-0.04999999999999716,56.2,56.25,56.2,56.25,7.0,142.0,1204.0,311.0,False,False
006208,2022-10-26 12:12:22.269742,-0.000888888888888828,-0.000888888888888828,-0.04999999999999716,-0.04999999999999716,56.2,56.25,56.2,56.25,7.0,142.0,1204.0,311.0,False,False
006208,2022-10-26 12:12:22.395728,-0.000888888888888828,-0.000888888888888828,-0.04999999999999716,-0.04999999999999716,56.2,56.25,56.2,56.25,7.0,142.0,1204.0,311.0,False,False
006208,2022-10-26 12:12:22.735556,-0.000888888888888828,-0.000888888888888828,-0.04999999999999716,-0.04999999999999716,56.2,56.25,56.2,56.25,7.0,142.0,1204.0,311.0,False,False
006208,2022-10-26 12:12:22.746662,-0.000888888888888828,-0.000888888888888828,-0.04999999999999716,-0.04999999999999716,56.2,56.25,56.2,56.25,7.0,142.0,1204.0,311.0,False,False
006208,2022-10-26 12:12:23.213527,-0.000888888888888828,-0.000888888888888828,-0.04999999999999716,-0.04999999999999716,56.2,56.25,56.2,56.25,7.0,141.0,1204.0,311.0,False,False
006208,2022-10-26 12:12:26.599019,-0.000888888888888828,-0.000888888888888828,-0.04999999999999716,-0.04999999999999716,56.2,56.25,56.2,56.25,7.0,141.0,1204.0,311.0,False,False
006208,2022-10-26 12:12:26.608786,-0.000888888888888828,-0.000888888888888828,-0.04999999999999716,-0.04999999999999716,56.2,56.25,56.2,56.25,7.0,141.0,1204.0,311.0,False,False
006208,2022-10-26 12:12:28.691014,-0.000888888888888828,-0.000888888888888828,-0.04999999999999716,-0.04999999999999716,56.2,56.25,56.2,56.25,7.0,92.0,1204.0,311.0,False,False
006208,2022-10-26 12:12:29.235776,-0.000888888888888828,-0.000888888888888828,-0.04999999999999716,-0.04999999999999716,56.2,56.25,56.2,56.25,7.0,92.0,1204.0,191.0,True,True
006208,2022-10-26 12:12:29.299062,-0.000888888888888828,-0.000888888888888828,-0.04999999999999716,-0.04999999999999716,56.2,56.25,56.2,56.25,7.0,142.0,1204.0,191.0,False,False
006208,2022-10-26 12:12:30.503063,-0.000888888888888828,-0.000888888888888828,-0.04999999999999716,-0.04999999999999716,56.2,56.25,56.2,56.25,7.0,140.0,1204.0,191.0,False,False
006208,2022-10-26 12:12:32.380366,-0.000888888888888828,-0.000888888888888828,-0.04999999999999716,-0.04999999999999716,56.2,56.25,56.2,56.25,7.0,140.0,1204.0,191.0,False,False
006208,2022-10-26 12:12:32.394206,-0.000888888888888828,-0.000888888888888828,-0.04999999999999716,-0.04999999999999716,56.2,56.25,56.2,56.25,7.0,140.0,1204.0,191.0,False,False
006208,2022-10-26 12:12:32.525872,-0.000888888888888828,-0.000888888888888828,-0.04999999999999716,-0.04999999999999716,56.2,56.25,56.2,56.25,7.0,140.0,1204.0,191.0,False,False
006208,2022-10-26 12:12:35.741798,-0.000888888888888828,-0.000888888888888828,-0.04999999999999716,-0.04999999999999716,56.2,56.25,56.2,56.25,7.0,150.0,1204.0,191.0,False,False
006208,2022-10-26 12:12:35.781508,-0.000888888888888828,-0.000888888888888828,-0.04999999999999716,-0.04999999999999716,56.2,56.25,56.2,56.25,9.0,150.0,1204.0,191.0,False,False
006208,2022-10-26 12:12:39.277026,-0.000888888888888828,-0.000888888888888828,-0.04999999999999716,-0.04999999999999716,56.2,56.25,56.2,56.25,9.0,150.0,1209.0,191.0,True,True
006208,2022-10-26 12:12:40.538510,-0.000888888888888828,-0.000888888888888828,-0.04999999999999716,-0.04999999999999716,56.2,56.25,56.2,56.25,9.0,149.0,1209.0,191.0,False,False
006208,2022-10-26 12:12:42.518954,-0.000888888888888828,-0.000888888888888828,-0.04999999999999716,-0.04999999999999716,56.2,56.25,56.2,56.25,9.0,149.0,1209.0,191.0,False,False
006208,2022-10-26 12:12:42.524220,-0.000888888888888828,-0.000888888888888828,-0.04999999999999716,-0.04999999999999716,56.2,56.25,56.2,56.25,9.0,149.0,1209.0,191.0,False,False
006208,2022-10-26 12:12:42.655383,-0.000888888888888828,-0.000888888888888828,-0.04999999999999716,-0.04999999999999716,56.2,56.25,56.2,56.25,9.0,149.0,1209.0,191.0,False,False
006208,2022-10-26 12:12:43.623307,-0.000888888888888828,-0.000888888888888828,-0.04999999999999716,-0.04999999999999716,56.2,56.25,56.2,56.25,9.0,149.0,1209.0,191.0,False,False
006208,2022-10-26 12:12:43.640993,-0.000888888888888828,-0.000888888888888828,-0.04999999999999716,-0.04999999999999716,56.2,56.25,56.2,56.25,9.0,99.0,1209.0,191.0,False,False
006208,2022-10-26 12:12:43.840365,-0.000888888888888828,-0.000888888888888828,-0.04999999999999716,-0.04999999999999716,56.2,56.25,56.2,56.25,9.0,100.0,1209.0,191.0,False,False
006208,2022-10-26 12:12:49.316070,-0.000888888888888828,-0.000888888888888828,-0.04999999999999716,-0.04999999999999716,56.2,56.25,56.2,56.25,9.0,100.0,1209.0,91.0,True,True
006208,2022-10-26 12:12:49.399588,-0.000888888888888828,-0.000888888888888828,-0.04999999999999716,-0.04999999999999716,56.2,56.25,56.2,56.25,9.0,100.0,1209.0,91.0,False,False
006208,2022-10-26 12:12:49.414929,-0.000888888888888828,-0.000888888888888828,-0.04999999999999716,-0.04999999999999716,56.2,56.25,56.2,56.25,9.0,150.0,1209.0,91.0,False,False
006208,2022-10-26 12:12:50.543644,-0.000888888888888828,-0.000888888888888828,-0.04999999999999716,-0.04999999999999716,56.2,56.25,56.2,56.25,9.0,148.0,1209.0,91.0,False,False
006208,2022-10-26 12:12:52.134653,-0.000888888888888828,-0.000888888888888828,-0.04999999999999716,-0.04999999999999716,56.2,56.25,56.2,56.25,9.0,147.0,1209.0,91.0,False,False
006208,2022-10-26 12:12:52.644082,-0.000888888888888828,-0.000888888888888828,-0.04999999999999716,-0.04999999999999716,56.2,56.25,56.2,56.25,9.0,147.0,1209.0,91.0,False,False
006208,2022-10-26 12:12:52.650988,-0.000888888888888828,-0.000888888888888828,-0.04999999999999716,-0.04999999999999716,56.2,56.25,56.2,56.25,9.0,147.0,1209.0,91.0,False,False
006208,2022-10-26 12:12:52.781845,-0.000888888888888828,-0.000888888888888828,-0.04999999999999716,-0.04999999999999716,56.2,56.25,56.2,56.25,9.0,147.0,1209.0,91.0,False,False
006208,2022-10-26 12:12:59.359381,0.0,-0.001776198934280493,0.0,-0.09999999999999432,56.2,56.25,56.25,56.3,9.0,147.0,112.0,2753.0,True,True
006208,2022-10-26 12:13:00.548695,0.0,-0.001776198934280493,0.0,-0.09999999999999432,56.2,56.25,56.25,56.3,9.0,146.0,112.0,2753.0,False,False
006208,2022-10-26 12:13:02.771741,0.0,-0.001776198934280493,0.0,-0.09999999999999432,56.2,56.25,56.25,56.3,9.0,146.0,112.0,2753.0,False,False
006208,2022-10-26 12:13:02.778942,0.0,-0.001776198934280493,0.0,-0.09999999999999432,56.2,56.25,56.25,56.3,9.0,146.0,112.0,2753.0,False,False
006208,2022-10-26 12:13:02.907109,0.0,-0.001776198934280493,0.0,-0.09999999999999432,56.2,56.25,56.25,56.3,9.0,146.0,112.0,2753.0,False,False
006208,2022-10-26 12:13:08.800131,0.0,-0.001776198934280493,0.0,-0.09999999999999432,56.2,56.25,56.25,56.3,9.0,146.0,112.0,2753.0,False,True
006208,2022-10-26 12:13:09.013131,0.000889679715302405,-0.002664298401420906,0.04999999999999716,-0.14999999999999858,56.15,56.2,56.25,56.3,261.0,1.0,112.0,2753.0,False,False
006208,2022-10-26 12:13:09.030856,0.000889679715302405,-0.002664298401420906,0.04999999999999716,-0.14999999999999858,56.15,56.2,56.25,56.3,261.0,1.0,112.0,2753.0,False,False
006208,2022-10-26 12:13:09.088229,0.000889679715302405,-0.002664298401420906,0.04999999999999716,-0.14999999999999858,56.15,56.2,56.25,56.3,221.0,1.0,112.0,2753.0,False,False
006208,2022-10-26 12:13:09.201541,0.000889679715302405,-0.002664298401420906,0.04999999999999716,-0.14999999999999858,56.15,56.2,56.25,56.3,221.0,1.0,112.0,2753.0,False,False
006208,2022-10-26 12:13:09.999058,0.0,-0.002664298401420906,0.0,-0.14999999999999858,56.15,56.25,56.25,56.3,221.0,186.0,112.0,2753.0,False,False
006208,2022-10-26 12:13:10.022774,0.0,-0.002664298401420906,0.0,-0.14999999999999858,56.15,56.25,56.25,56.3,221.0,186.0,112.0,2753.0,False,False
006208,2022-10-26 12:13:10.196181,0.0,-0.002664298401420906,0.0,-0.14999999999999858,56.15,56.25,56.25,56.3,221.0,146.0,112.0,2753.0,False,False
006208,2022-10-26 12:13:10.323681,0.0,-0.002664298401420906,0.0,-0.14999999999999858,56.15,56.25,56.25,56.3,221.0,146.0,112.0,2753.0,False,False
006208,2022-10-26 12:13:10.428506,0.0,-0.002664298401420906,0.0,-0.14999999999999858,56.15,56.25,56.25,56.3,187.0,146.0,112.0,2753.0,False,False
006208,2022-10-26 12:13:10.537911,0.0,-0.002664298401420906,0.0,-0.14999999999999858,56.15,56.25,56.25,56.3,187.0,145.0,112.0,2753.0,False,False
006208,2022-10-26 12:13:10.566965,0.0,-0.002664298401420906,0.0,-0.14999999999999858,56.15,56.25,56.25,56.3,187.0,145.0,112.0,2753.0,False,False
006208,2022-10-26 12:13:13.320945,0.0,-0.002664298401420906,0.0,-0.14999999999999858,56.15,56.25,56.25,56.3,187.0,145.0,112.0,2753.0,False,False
006208,2022-10-26 12:13:13.335778,0.0,-0.002664298401420906,0.0,-0.14999999999999858,56.15,56.25,56.25,56.3,187.0,145.0,112.0,2753.0,False,False
006208,2022-10-26 12:13:13.428964,0.0,-0.002664298401420906,0.0,-0.14999999999999858,56.15,56.25,56.25,56.3,187.0,145.0,112.0,2753.0,False,False
006208,2022-10-26 12:13:14.347434,0.0,-0.002664298401420906,0.0,-0.14999999999999858,56.15,56.25,56.25,56.3,187.0,145.0,112.0,2753.0,False,False
006208,2022-10-26 12:13:14.347571,0.0,-0.002664298401420906,0.0,-0.14999999999999858,56.15,56.25,56.25,56.3,187.0,145.0,112.0,2753.0,False,False
006208,2022-10-26 12:13:14.597315,0.0,-0.002664298401420906,0.0,-0.14999999999999858,56.15,56.25,56.25,56.3,187.0,145.0,112.0,2753.0,False,False
006208,2022-10-26 12:13:14.604390,0.0,-0.002664298401420906,0.0,-0.14999999999999858,56.15,56.25,56.25,56.3,187.0,145.0,112.0,2753.0,False,False
006208,2022-10-26 12:13:14.866537,0.0,-0.002664298401420906,0.0,-0.14999999999999858,56.15,56.25,56.25,56.3,187.0,145.0,112.0,2753.0,False,False
006208,2022-10-26 12:13:14.874158,0.0,-0.002664298401420906,0.0,-0.14999999999999858,56.15,56.25,56.25,56.3,187.0,145.0,112.0,2753.0,False,False
006208,2022-10-26 12:13:14.891302,0.0,-0.002664298401420906,0.0,-0.14999999999999858,56.15,56.25,56.25,56.3,187.0,145.0,112.0,2753.0,False,False
006208,2022-10-26 12:13:15.226592,0.0,-0.002664298401420906,0.0,-0.14999999999999858,56.15,56.25,56.25,56.3,187.0,145.0,112.0,2753.0,False,False
006208,2022-10-26 12:13:18.837310,0.0,-0.002664298401420906,0.0,-0.14999999999999858,56.15,56.25,56.25,56.3,187.0,145.0,115.0,2753.0,True,True
006208,2022-10-26 12:13:20.325186,0.0,-0.002664298401420906,0.0,-0.14999999999999858,56.15,56.25,56.25,56.3,187.0,145.0,115.0,2753.0,False,False
006208,2022-10-26 12:13:20.328575,0.0,-0.002664298401420906,0.0,-0.14999999999999858,56.15,56.25,56.25,56.3,187.0,145.0,115.0,2753.0,False,False
006208,2022-10-26 12:13:20.464845,0.0,-0.002664298401420906,0.0,-0.14999999999999858,56.15,56.25,56.25,56.3,187.0,145.0,115.0,2753.0,False,False
006208,2022-10-26 12:13:20.527810,0.0,-0.002664298401420906,0.0,-0.14999999999999858,56.15,56.25,56.25,56.3,187.0,143.0,115.0,2753.0,False,False
006208,2022-10-26 12:13:20.512742,0.0,-0.002664298401420906,0.0,-0.14999999999999858,56.15,56.25,56.25,56.3,187.0,145.0,115.0,2753.0,False,False
006208,2022-10-26 12:13:25.163408,0.0,-0.002664298401420906,0.0,-0.14999999999999858,56.15,56.25,56.25,56.3,187.0,142.0,115.0,2753.0,False,False
006208,2022-10-26 12:13:27.192632,0.0,-0.002664298401420906,0.0,-0.14999999999999858,56.15,56.25,56.25,56.3,187.0,142.0,115.0,2753.0,False,False
006208,2022-10-26 12:13:27.249387,0.0,-0.002664298401420906,0.0,-0.14999999999999858,56.15,56.25,56.25,56.3,187.0,142.0,115.0,2753.0,False,False
006208,2022-10-26 12:13:27.676869,0.0,-0.002664298401420906,0.0,-0.14999999999999858,56.15,56.25,56.25,56.3,187.0,142.0,115.0,2753.0,False,False
006208,2022-10-26 12:13:27.694619,0.0,-0.002664298401420906,0.0,-0.14999999999999858,56.15,56.25,56.25,56.3,187.0,92.0,115.0,2753.0,False,False
006208,2022-10-26 12:13:28.876335,0.0,-0.002664298401420906,0.0,-0.14999999999999858,56.15,56.25,56.25,56.3,187.0,92.0,165.0,2753.0,True,True
006208,2022-10-26 12:13:29.958042,0.0,-0.002664298401420906,0.0,-0.14999999999999858,56.15,56.25,56.25,56.3,187.0,92.0,165.0,2753.0,False,False
006208,2022-10-26 12:13:29.958046,0.0,-0.002664298401420906,0.0,-0.14999999999999858,56.15,56.25,56.25,56.3,187.0,92.0,165.0,2753.0,False,False
006208,2022-10-26 12:13:30.336442,0.0,-0.002664298401420906,0.0,-0.14999999999999858,56.15,56.25,56.25,56.3,187.0,93.0,165.0,2753.0,False,False
006208,2022-10-26 12:13:30.450216,0.0,-0.002664298401420906,0.0,-0.14999999999999858,56.15,56.25,56.25,56.3,187.0,93.0,165.0,2753.0,False,False
006208,2022-10-26 12:13:30.459572,0.0,-0.002664298401420906,0.0,-0.14999999999999858,56.15,56.25,56.25,56.3,187.0,93.0,165.0,2753.0,False,False
006208,2022-10-26 12:13:30.563757,0.0,-0.002664298401420906,0.0,-0.14999999999999858,56.15,56.25,56.25,56.3,187.0,92.0,165.0,2753.0,False,False
006208,2022-10-26 12:13:30.615920,0.0,-0.002664298401420906,0.0,-0.14999999999999858,56.15,56.25,56.25,56.3,187.0,92.0,165.0,2753.0,False,False
006208,2022-10-26 12:13:32.168881,0.0,-0.002664298401420906,0.0,-0.14999999999999858,56.15,56.25,56.25,56.3,187.0,92.0,165.0,2753.0,False,False
006208,2022-10-26 12:13:32.181063,0.0,-0.002664298401420906,0.0,-0.14999999999999858,56.15,56.25,56.25,56.3,187.0,142.0,165.0,2753.0,False,False
006208,2022-10-26 12:13:34.157497,0.0,-0.002664298401420906,0.0,-0.14999999999999858,56.15,56.25,56.25,56.3,187.0,142.0,165.0,2753.0,False,False
006208,2022-10-26 12:13:34.157917,0.0,-0.002664298401420906,0.0,-0.14999999999999858,56.15,56.25,56.25,56.3,187.0,142.0,165.0,2753.0,False,False
006208,2022-10-26 12:13:38.853647,0.0,-0.002664298401420906,0.0,-0.14999999999999858,56.15,56.25,56.25,56.3,186.0,142.0,165.0,2753.0,False,False
006208,2022-10-26 12:13:38.916536,0.0,-0.002664298401420906,0.0,-0.14999999999999858,56.15,56.25,56.25,56.3,186.0,142.0,465.0,2753.0,True,True
006208,2022-10-26 12:13:39.114203,0.0,-0.002664298401420906,0.0,-0.14999999999999858,56.15,56.25,56.25,56.3,111.0,142.0,465.0,2753.0,False,False
006208,2022-10-26 12:13:39.114387,0.0,-0.001776198934280493,0.0,-0.09999999999999432,56.2,56.25,56.25,56.3,75.0,142.0,465.0,2753.0,False,False
006208,2022-10-26 12:13:39.142613,0.0,-0.001776198934280493,0.0,-0.09999999999999432,56.2,56.25,56.25,56.3,75.0,142.0,465.0,2753.0,False,False
006208,2022-10-26 12:13:39.492760,0.0,-0.001776198934280493,0.0,-0.09999999999999432,56.2,56.25,56.25,56.3,75.0,142.0,465.0,2753.0,False,False
006208,2022-10-26 12:13:39.981185,0.0,-0.001776198934280493,0.0,-0.09999999999999432,56.2,56.25,56.25,56.3,75.0,142.0,465.0,2753.0,False,False
006208,2022-10-26 12:13:40.273851,0.0,-0.001776198934280493,0.0,-0.09999999999999432,56.2,56.25,56.25,56.3,75.0,142.0,465.0,2753.0,False,False
006208,2022-10-26 12:13:40.283576,0.0,-0.001776198934280493,0.0,-0.09999999999999432,56.2,56.25,56.25,56.3,75.0,142.0,465.0,2753.0,False,False
006208,2022-10-26 12:13:40.568905,0.0,-0.001776198934280493,0.0,-0.09999999999999432,56.2,56.25,56.25,56.3,75.0,141.0,465.0,2753.0,False,False
006208,2022-10-26 12:13:41.716171,0.0,-0.001776198934280493,0.0,-0.09999999999999432,56.2,56.25,56.25,56.3,75.0,141.0,465.0,2753.0,False,False
006208,2022-10-26 12:13:41.737053,0.0,-0.001776198934280493,0.0,-0.09999999999999432,56.2,56.25,56.25,56.3,75.0,141.0,465.0,2753.0,False,False
006208,2022-10-26 12:13:41.857841,0.0,-0.001776198934280493,0.0,-0.09999999999999432,56.2,56.25,56.25,56.3,75.0,141.0,465.0,2753.0,False,False
006208,2022-10-26 12:13:41.908711,0.0,-0.001776198934280493,0.0,-0.09999999999999432,56.2,56.25,56.25,56.3,75.0,141.0,465.0,2753.0,False,False
006208,2022-10-26 12:13:44.536379,0.0,-0.001776198934280493,0.0,-0.09999999999999432,56.2,56.25,56.25,56.3,75.0,141.0,465.0,2753.0,False,False
006208,2022-10-26 12:13:44.547506,0.0,-0.001776198934280493,0.0,-0.09999999999999432,56.2,56.25,56.25,56.3,75.0,141.0,465.0,2753.0,False,False
006208,2022-10-26 12:13:47.112358,0.0,-0.001776198934280493,0.0,-0.09999999999999432,56.2,56.25,56.25,56.3,75.0,141.0,465.0,2753.0,False,False
006208,2022-10-26 12:13:47.123177,0.0,-0.001776198934280493,0.0,-0.09999999999999432,56.2,56.25,56.25,56.3,75.0,141.0,465.0,2753.0,False,False
006208,2022-10-26 12:13:47.150145,0.0,-0.001776198934280493,0.0,-0.09999999999999432,56.2,56.25,56.25,56.3,75.0,141.0,465.0,2753.0,False,False
006208,2022-10-26 12:13:48.151419,0.0,-0.001776198934280493,0.0,-0.09999999999999432,56.2,56.25,56.25,56.3,75.0,141.0,465.0,2753.0,False,False
006208,2022-10-26 12:13:48.151444,0.0,-0.001776198934280493,0.0,-0.09999999999999432,56.2,56.25,56.25,56.3,175.0,141.0,465.0,2753.0,False,False
006208,2022-10-26 12:13:49.493171,0.0,-0.001776198934280493,0.0,-0.09999999999999432,56.2,56.25,56.25,56.3,175.0,141.0,465.0,2753.0,False,False
006208,2022-10-26 12:13:49.495506,0.0,-0.001776198934280493,0.0,-0.09999999999999432,56.2,56.25,56.25,56.3,175.0,141.0,465.0,2753.0,False,False
006208,2022-10-26 12:13:49.626379,0.0,-0.001776198934280493,0.0,-0.09999999999999432,56.2,56.25,56.25,56.3,175.0,141.0,465.0,2753.0,False,False
006208,2022-10-26 12:13:50.317959,0.0,-0.001776198934280493,0.0,-0.09999999999999432,56.2,56.25,56.25,56.3,175.0,141.0,465.0,2753.0,False,False
006208,2022-10-26 12:13:50.318058,0.0,-0.001776198934280493,0.0,-0.09999999999999432,56.2,56.25,56.25,56.3,175.0,141.0,465.0,2753.0,False,False
006208,2022-10-26 12:13:50.573912,0.0,-0.001776198934280493,0.0,-0.09999999999999432,56.2,56.25,56.25,56.3,175.0,139.0,465.0,2753.0,False,False
006208,2022-10-26 12:13:52.548042,0.0,-0.001776198934280493,0.0,-0.09999999999999432,56.2,56.25,56.25,56.3,175.0,139.0,465.0,2753.0,False,False
006208,2022-10-26 12:13:52.548206,0.0,-0.001776198934280493,0.0,-0.09999999999999432,56.2,56.25,56.25,56.3,175.0,139.0,465.0,2753.0,False,False
006208,2022-10-26 12:13:54.307025,0.0,-0.001776198934280493,0.0,-0.09999999999999432,56.2,56.25,56.25,56.3,175.0,139.0,465.0,2753.0,False,False
006208,2022-10-26 12:13:54.324825,0.0,-0.001776198934280493,0.0,-0.09999999999999432,56.2,56.25,56.25,56.3,175.0,89.0,465.0,2753.0,False,False
006208,2022-10-26 12:13:54.703458,0.0,-0.001776198934280493,0.0,-0.09999999999999432,56.2,56.25,56.25,56.3,175.0,89.0,465.0,2753.0,False,False
006208,2022-10-26 12:13:54.703616,0.0,-0.001776198934280493,0.0,-0.09999999999999432,56.2,56.25,56.25,56.3,175.0,89.0,465.0,2753.0,False,False
006208,2022-10-26 12:13:54.857575,0.0,-0.001776198934280493,0.0,-0.09999999999999432,56.2,56.25,56.25,56.3,175.0,89.0,465.0,2753.0,False,False
006208,2022-10-26 12:13:55.486190,0.0,-0.001776198934280493,0.0,-0.09999999999999432,56.2,56.25,56.25,56.3,175.0,89.0,465.0,2753.0,False,False
006208,2022-10-26 12:13:55.486428,0.0,-0.001776198934280493,0.0,-0.09999999999999432,56.2,56.25,56.25,56.3,175.0,89.0,465.0,2753.0,False,False
006208,2022-10-26 12:13:55.574167,0.0,-0.001776198934280493,0.0,-0.09999999999999432,56.2,56.25,56.25,56.3,175.0,89.0,465.0,2753.0,False,False
006208,2022-10-26 12:13:55.672902,0.0,-0.001776198934280493,0.0,-0.09999999999999432,56.2,56.25,56.25,56.3,175.0,89.0,465.0,2753.0,False,False
006208,2022-10-26 12:13:56.833191,0.0,-0.001776198934280493,0.0,-0.09999999999999432,56.2,56.25,56.25,56.3,175.0,89.0,465.0,2753.0,False,False
006208,2022-10-26 12:13:56.846448,0.0,-0.001776198934280493,0.0,-0.09999999999999432,56.2,56.25,56.25,56.3,175.0,89.0,465.0,2753.0,False,False
006208,2022-10-26 12:13:57.857600,0.0,-0.001776198934280493,0.0,-0.09999999999999432,56.2,56.25,56.25,56.3,175.0,89.0,465.0,2753.0,False,False
006208,2022-10-26 12:13:57.863025,0.0,-0.001776198934280493,0.0,-0.09999999999999432,56.2,56.25,56.25,56.3,175.0,89.0,465.0,2753.0,False,False
006208,2022-10-26 12:13:58.198445,0.0,-0.001776198934280493,0.0,-0.09999999999999432,56.2,56.25,56.25,56.3,175.0,88.0,465.0,2753.0,False,False
006208,2022-10-26 12:13:58.999884,0.0,-0.001776198934280493,0.0,-0.09999999999999432,56.2,56.25,56.25,56.3,175.0,88.0,552.0,2735.0,True,True
006208,2022-10-26 12:13:59.615187,0.0,-0.001776198934280493,0.0,-0.09999999999999432,56.2,56.25,56.25,56.3,176.0,88.0,552.0,2735.0,False,False
006208,2022-10-26 12:13:59.623856,0.0,-0.001776198934280493,0.0,-0.09999999999999432,56.2,56.25,56.25,56.3,176.0,88.0,552.0,2735.0,False,False
006208,2022-10-26 12:13:59.755680,0.0,-0.001776198934280493,0.0,-0.09999999999999432,56.2,56.25,56.25,56.3,176.0,88.0,552.0,2735.0,False,False
006208,2022-10-26 12:14:00.563243,0.0,-0.001776198934280493,0.0,-0.09999999999999432,56.2,56.25,56.25,56.3,176.0,87.0,552.0,2735.0,False,False
006208,2022-10-26 12:14:01.841519,0.0,-0.001776198934280493,0.0,-0.09999999999999432,56.2,56.25,56.25,56.3,176.0,87.0,552.0,2735.0,False,False
006208,2022-10-26 12:14:02.374227,0.0,-0.001776198934280493,0.0,-0.09999999999999432,56.2,56.25,56.25,56.3,176.0,89.0,552.0,2735.0,False,False
006208,2022-10-26 12:14:05.043498,0.0,-0.001776198934280493,0.0,-0.09999999999999432,56.2,56.25,56.25,56.3,176.0,89.0,552.0,2735.0,False,False
006208,2022-10-26 12:14:05.331286,0.0,-0.001776198934280493,0.0,-0.09999999999999432,56.2,56.25,56.25,56.3,176.0,39.0,552.0,2735.0,False,False
006208,2022-10-26 12:14:07.398642,0.0,-0.001776198934280493,0.0,-0.09999999999999432,56.2,56.25,56.25,56.3,176.0,39.0,552.0,2735.0,False,False
006208,2022-10-26 12:14:07.418562,-0.000888099467140302,-0.001776198934280493,-0.04999999999999716,-0.09999999999999432,56.2,56.3,56.25,56.3,176.0,230.0,552.0,2735.0,False,False
006208,2022-10-26 12:14:07.509295,-0.000888099467140302,-0.001776198934280493,-0.04999999999999716,-0.09999999999999432,56.2,56.3,56.25,56.3,176.0,230.0,552.0,2735.0,False,False
006208,2022-10-26 12:14:07.528652,-0.000888099467140302,-0.001776198934280493,-0.04999999999999716,-0.09999999999999432,56.2,56.3,56.25,56.3,176.0,190.0,552.0,2735.0,False,False
006208,2022-10-26 12:14:07.709981,-0.000888099467140302,-0.001776198934280493,-0.04999999999999716,-0.09999999999999432,56.2,56.3,56.25,56.3,176.0,150.0,552.0,2735.0,False,False
006208,2022-10-26 12:14:08.130003,-0.000888099467140302,-0.001776198934280493,-0.04999999999999716,-0.09999999999999432,56.2,56.3,56.25,56.3,176.0,150.0,552.0,2735.0,False,False
006208,2022-10-26 12:14:08.758058,-0.000888099467140302,-0.001776198934280493,-0.04999999999999716,-0.09999999999999432,56.2,56.3,56.25,56.3,176.0,150.0,552.0,2735.0,False,False
006208,2022-10-26 12:14:08.758225,-0.000888099467140302,-0.001776198934280493,-0.04999999999999716,-0.09999999999999432,56.2,56.3,56.25,56.3,176.0,150.0,552.0,2735.0,False,False
006208,2022-10-26 12:14:09.043150,-0.000888099467140302,-0.001776198934280493,-0.04999999999999716,-0.09999999999999432,56.2,56.3,56.25,56.3,176.0,150.0,680.0,2735.0,True,True
006208,2022-10-26 12:14:09.518823,-0.000888099467140302,-0.001776198934280493,-0.04999999999999716,-0.09999999999999432,56.2,56.3,56.25,56.3,176.0,150.0,680.0,2735.0,False,False
006208,2022-10-26 12:14:09.615001,-0.000888099467140302,-0.001776198934280493,-0.04999999999999716,-0.09999999999999432,56.2,56.3,56.25,56.3,176.0,150.0,680.0,2735.0,False,False
006208,2022-10-26 12:14:09.656583,-0.000888099467140302,-0.001776198934280493,-0.04999999999999716,-0.09999999999999432,56.2,56.3,56.25,56.3,176.0,150.0,680.0,2735.0,False,False
006208,2022-10-26 12:14:10.322322,-0.000888099467140302,-0.001776198934280493,-0.04999999999999716,-0.09999999999999432,56.2,56.3,56.25,56.3,176.0,150.0,680.0,2735.0,False,False
006208,2022-10-26 12:14:10.322380,-0.000888099467140302,-0.001776198934280493,-0.04999999999999716,-0.09999999999999432,56.2,56.3,56.25,56.3,176.0,150.0,680.0,2735.0,False,False
006208,2022-10-26 12:14:10.584001,-0.000888099467140302,-0.001776198934280493,-0.04999999999999716,-0.09999999999999432,56.2,56.3,56.25,56.3,176.0,148.0,680.0,2735.0,False,False
006208,2022-10-26 12:14:11.275608,-0.000888099467140302,-0.001776198934280493,-0.04999999999999716,-0.09999999999999432,56.2,56.3,56.25,56.3,176.0,148.0,680.0,2735.0,False,False
006208,2022-10-26 12:14:11.275794,-0.000888099467140302,-0.001776198934280493,-0.04999999999999716,-0.09999999999999432,56.2,56.3,56.25,56.3,176.0,148.0,680.0,2735.0,False,False
006208,2022-10-26 12:14:11.552474,-0.000888099467140302,-0.001776198934280493,-0.04999999999999716,-0.09999999999999432,56.2,56.3,56.25,56.3,176.0,148.0,680.0,2735.0,False,False
006208,2022-10-26 12:14:11.566715,-0.000888099467140302,-0.001776198934280493,-0.04999999999999716,-0.09999999999999432,56.2,56.3,56.25,56.3,176.0,148.0,680.0,2735.0,False,False
006208,2022-10-26 12:14:12.180591,-0.000888099467140302,-0.001776198934280493,-0.04999999999999716,-0.09999999999999432,56.2,56.3,56.25,56.3,176.0,148.0,680.0,2735.0,False,False
006208,2022-10-26 12:14:13.912500,-0.000888099467140302,-0.001776198934280493,-0.04999999999999716,-0.09999999999999432,56.2,56.3,56.25,56.3,176.0,148.0,680.0,2735.0,False,False
006208,2022-10-26 12:14:13.921038,-0.000888099467140302,-0.001776198934280493,-0.04999999999999716,-0.09999999999999432,56.2,56.3,56.25,56.3,176.0,148.0,680.0,2735.0,False,False
006208,2022-10-26 12:14:16.606500,-0.000888099467140302,-0.001776198934280493,-0.04999999999999716,-0.09999999999999432,56.2,56.3,56.25,56.3,176.0,100.0,680.0,2735.0,False,False
006208,2022-10-26 12:14:17.215122,-0.000888099467140302,-0.001776198934280493,-0.04999999999999716,-0.09999999999999432,56.2,56.3,56.25,56.3,176.0,100.0,680.0,2735.0,False,False
006208,2022-10-26 12:14:17.340145,-0.000888099467140302,-0.001776198934280493,-0.04999999999999716,-0.09999999999999432,56.2,56.3,56.25,56.3,176.0,150.0,680.0,2735.0,False,False
006208,2022-10-26 12:14:17.418185,-0.000888099467140302,-0.001776198934280493,-0.04999999999999716,-0.09999999999999432,56.2,56.3,56.25,56.3,176.0,150.0,680.0,2735.0,False,False
006208,2022-10-26 12:14:17.646498,-0.000888099467140302,-0.001776198934280493,-0.04999999999999716,-0.09999999999999432,56.2,56.3,56.25,56.3,176.0,150.0,680.0,2735.0,False,False
006208,2022-10-26 12:14:17.646988,-0.000888099467140302,-0.001776198934280493,-0.04999999999999716,-0.09999999999999432,56.2,56.3,56.25,56.3,176.0,150.0,680.0,2735.0,False,False
006208,2022-10-26 12:14:17.651934,-0.000888099467140302,-0.001776198934280493,-0.04999999999999716,-0.09999999999999432,56.2,56.3,56.25,56.3,176.0,150.0,680.0,2735.0,False,False
006208,2022-10-26 12:14:17.780108,-0.000888099467140302,-0.001776198934280493,-0.04999999999999716,-0.09999999999999432,56.2,56.3,56.25,56.3,176.0,150.0,680.0,2735.0,False,False
006208,2022-10-26 12:14:19.083766,-0.000888099467140302,-0.001776198934280493,-0.04999999999999716,-0.09999999999999432,56.2,56.3,56.25,56.3,176.0,150.0,680.0,2635.0,True,True
006208,2022-10-26 12:14:20.573593,-0.000888099467140302,-0.001776198934280493,-0.04999999999999716,-0.09999999999999432,56.2,56.3,56.25,56.3,176.0,149.0,680.0,2635.0,False,False
006208,2022-10-26 12:14:27.308042,-0.000888099467140302,-0.001776198934280493,-0.04999999999999716,-0.09999999999999432,56.2,56.3,56.25,56.3,177.0,149.0,680.0,2635.0,False,False
006208,2022-10-26 12:14:27.782142,-0.000888099467140302,-0.001776198934280493,-0.04999999999999716,-0.09999999999999432,56.2,56.3,56.25,56.3,177.0,149.0,680.0,2635.0,False,False
006208,2022-10-26 12:14:27.782439,-0.000888099467140302,-0.001776198934280493,-0.04999999999999716,-0.09999999999999432,56.2,56.3,56.25,56.3,177.0,149.0,680.0,2635.0,False,False
006208,2022-10-26 12:14:27.788820,-0.000888099467140302,-0.001776198934280493,-0.04999999999999716,-0.09999999999999432,56.2,56.3,56.25,56.3,177.0,149.0,680.0,2635.0,False,False
006208,2022-10-26 12:14:27.928491,-0.000888099467140302,-0.001776198934280493,-0.04999999999999716,-0.09999999999999432,56.2,56.3,56.25,56.3,177.0,149.0,680.0,2635.0,False,False
006208,2022-10-26 12:14:29.121991,-0.000888099467140302,-0.001776198934280493,-0.04999999999999716,-0.09999999999999432,56.2,56.3,56.25,56.3,177.0,149.0,680.0,2635.0,True,True
006208,2022-10-26 12:14:29.990966,-0.000888099467140302,-0.001776198934280493,-0.04999999999999716,-0.09999999999999432,56.2,56.3,56.25,56.3,177.0,149.0,680.0,2635.0,False,False
006208,2022-10-26 12:14:30.295745,-0.000888099467140302,-0.001776198934280493,-0.04999999999999716,-0.09999999999999432,56.2,56.3,56.25,56.3,177.0,149.0,680.0,2635.0,False,False
006208,2022-10-26 12:14:30.594028,-0.000888099467140302,-0.001776198934280493,-0.04999999999999716,-0.09999999999999432,56.2,56.3,56.25,56.3,177.0,148.0,680.0,2635.0,False,False
006208,2022-10-26 12:14:32.264619,-0.000888099467140302,-0.001776198934280493,-0.04999999999999716,-0.09999999999999432,56.2,56.3,56.25,56.3,177.0,147.0,680.0,2635.0,False,False
006208,2022-10-26 12:14:35.543983,-0.000888099467140302,-0.001776198934280493,-0.04999999999999716,-0.09999999999999432,56.2,56.3,56.25,56.3,177.0,149.0,680.0,2635.0,False,False
006208,2022-10-26 12:14:37.906799,-0.000888099467140302,-0.001776198934280493,-0.04999999999999716,-0.09999999999999432,56.2,56.3,56.25,56.3,177.0,149.0,680.0,2635.0,False,False
006208,2022-10-26 12:14:37.918598,-0.000888099467140302,-0.001776198934280493,-0.04999999999999716,-0.09999999999999432,56.2,56.3,56.25,56.3,177.0,149.0,680.0,2635.0,False,False
006208,2022-10-26 12:14:38.044473,-0.000888099467140302,-0.001776198934280493,-0.04999999999999716,-0.09999999999999432,56.2,56.3,56.25,56.3,177.0,149.0,680.0,2635.0,False,False
006208,2022-10-26 12:14:38.065890,-0.000888099467140302,-0.001776198934280493,-0.04999999999999716,-0.09999999999999432,56.2,56.3,56.25,56.3,177.0,149.0,680.0,2635.0,False,False
006208,2022-10-26 12:14:40.568328,-0.000888099467140302,-0.001776198934280493,-0.04999999999999716,-0.09999999999999432,56.2,56.3,56.25,56.3,177.0,147.0,680.0,2635.0,False,False
006208,2022-10-26 12:14:40.751518,-0.000888099467140302,-0.001776198934280493,-0.04999999999999716,-0.09999999999999432,56.2,56.3,56.25,56.3,177.0,147.0,680.0,2635.0,False,False
006208,2022-10-26 12:14:40.767905,-0.000888099467140302,-0.001776198934280493,-0.04999999999999716,-0.09999999999999432,56.2,56.3,56.25,56.3,177.0,97.0,680.0,2635.0,False,False
006208,2022-10-26 12:14:43.507964,-0.000888099467140302,-0.001776198934280493,-0.04999999999999716,-0.09999999999999432,56.2,56.3,56.25,56.3,177.0,97.0,680.0,2635.0,False,False
006208,2022-10-26 12:14:43.508124,-0.000888099467140302,-0.001776198934280493,-0.04999999999999716,-0.09999999999999432,56.2,56.3,56.25,56.3,177.0,97.0,680.0,2635.0,False,False
006208,2022-10-26 12:14:43.632699,-0.000888099467140302,-0.001776198934280493,-0.04999999999999716,-0.09999999999999432,56.2,56.3,56.25,56.3,177.0,147.0,680.0,2635.0,False,False
006208,2022-10-26 12:14:48.042530,-0.000888099467140302,-0.001776198934280493,-0.04999999999999716,-0.09999999999999432,56.2,56.3,56.25,56.3,177.0,147.0,680.0,2635.0,False,False
006208,2022-10-26 12:14:48.042750,-0.000888099467140302,-0.001776198934280493,-0.04999999999999716,-0.09999999999999432,56.2,56.3,56.25,56.3,177.0,147.0,680.0,2635.0,False,False
006208,2022-10-26 12:14:48.043609,-0.000888099467140302,-0.001776198934280493,-0.04999999999999716,-0.09999999999999432,56.2,56.3,56.25,56.3,177.0,147.0,680.0,2635.0,False,False
006208,2022-10-26 12:14:48.046004,-0.000888099467140302,-0.001776198934280493,-0.04999999999999716,-0.09999999999999432,56.2,56.3,56.25,56.3,177.0,147.0,680.0,2635.0,False,False
006208,2022-10-26 12:14:48.194148,-0.000888099467140302,-0.001776198934280493,-0.04999999999999716,-0.09999999999999432,56.2,56.3,56.25,56.3,177.0,147.0,680.0,2635.0,False,False
006208,2022-10-26 12:14:50.604402,-0.000888099467140302,-0.001776198934280493,-0.04999999999999716,-0.09999999999999432,56.2,56.3,56.25,56.3,177.0,146.0,680.0,2635.0,False,False
006208,2022-10-26 12:14:53.362310,-0.000888099467140302,-0.001776198934280493,-0.04999999999999716,-0.09999999999999432,56.2,56.3,56.25,56.3,178.0,146.0,680.0,2635.0,False,False
006208,2022-10-26 12:14:57.180008,-0.000888099467140302,-0.000888099467140302,-0.04999999999999716,-0.04999999999999716,56.25,56.3,56.25,56.3,1.0,146.0,680.0,2635.0,False,False
006208,2022-10-26 12:14:57.237448,-0.000888099467140302,-0.000888099467140302,-0.04999999999999716,-0.04999999999999716,56.25,56.3,56.25,56.3,1.0,146.0,680.0,2635.0,False,False
006208,2022-10-26 12:14:57.382517,-0.000888099467140302,-0.000888099467140302,-0.04999999999999716,-0.04999999999999716,56.25,56.3,56.25,56.3,1.0,146.0,680.0,2635.0,False,False
006208,2022-10-26 12:14:57.447786,-0.000888099467140302,-0.000888099467140302,-0.04999999999999716,-0.04999999999999716,56.25,56.3,56.25,56.3,1.0,146.0,680.0,2635.0,False,False
006208,2022-10-26 12:14:57.578131,-0.000888099467140302,-0.000888099467140302,-0.04999999999999716,-0.04999999999999716,56.25,56.3,56.25,56.3,1.0,146.0,680.0,2635.0,False,False
006208,2022-10-26 12:14:59.709256,-0.000888099467140302,-0.000888099467140302,-0.04999999999999716,-0.04999999999999716,56.25,56.3,56.25,56.3,1.0,146.0,680.0,2635.0,False,False
006208,2022-10-26 12:14:59.718698,-0.000888099467140302,-0.000888099467140302,-0.04999999999999716,-0.04999999999999716,56.25,56.3,56.25,56.3,1.0,146.0,680.0,2635.0,False,False
006208,2022-10-26 12:14:59.839263,-0.000888099467140302,-0.000888099467140302,-0.04999999999999716,-0.04999999999999716,56.25,56.3,56.25,56.3,1.0,146.0,680.0,2635.0,False,False
006208,2022-10-26 12:14:59.888699,-0.000888099467140302,-0.000888099467140302,-0.04999999999999716,-0.04999999999999716,56.25,56.3,56.25,56.3,1.0,146.0,680.0,2635.0,False,False
006208,2022-10-26 12:15:00.620356,-0.000888099467140302,-0.000888099467140302,-0.04999999999999716,-0.04999999999999716,56.25,56.3,56.25,56.3,1.0,144.0,680.0,2635.0,False,False
006208,2022-10-26 12:15:02.099381,-0.000888099467140302,-0.000888099467140302,-0.04999999999999716,-0.04999999999999716,56.25,56.3,56.25,56.3,1.0,144.0,680.0,2635.0,False,False
006208,2022-10-26 12:15:02.202116,-0.000888099467140302,-0.000888099467140302,-0.04999999999999716,-0.04999999999999716,56.25,56.3,56.25,56.3,1.0,144.0,680.0,2635.0,False,False
006208,2022-10-26 12:15:02.469564,-0.000888099467140302,-0.000888099467140302,-0.04999999999999716,-0.04999999999999716,56.25,56.3,56.25,56.3,1.0,144.0,680.0,2635.0,False,False
006208,2022-10-26 12:15:02.479954,-0.000888099467140302,-0.000888099467140302,-0.04999999999999716,-0.04999999999999716,56.25,56.3,56.25,56.3,1.0,144.0,680.0,2635.0,False,False
006208,2022-10-26 12:15:02.521480,-0.000888099467140302,-0.000888099467140302,-0.04999999999999716,-0.04999999999999716,56.25,56.3,56.25,56.3,1.0,144.0,680.0,2635.0,False,False
006208,2022-10-26 12:15:02.691607,-0.000888099467140302,-0.000888099467140302,-0.04999999999999716,-0.04999999999999716,56.25,56.3,56.25,56.3,1.0,144.0,680.0,2635.0,False,False
006208,2022-10-26 12:15:03.119881,-0.000888099467140302,-0.000888099467140302,-0.04999999999999716,-0.04999999999999716,56.25,56.3,56.25,56.3,1.0,244.0,680.0,2635.0,False,False
006208,2022-10-26 12:15:05.191768,-0.000888099467140302,-0.000888099467140302,-0.04999999999999716,-0.04999999999999716,56.25,56.3,56.25,56.3,1.0,243.0,680.0,2635.0,False,False
006208,2022-10-26 12:15:05.256288,-0.000888099467140302,-0.000888099467140302,-0.04999999999999716,-0.04999999999999716,56.25,56.3,56.25,56.3,1.0,243.0,680.0,2635.0,False,False
006208,2022-10-26 12:15:05.266606,-0.000888099467140302,-0.000888099467140302,-0.04999999999999716,-0.04999999999999716,56.25,56.3,56.25,56.3,1.0,243.0,680.0,2635.0,False,False
006208,2022-10-26 12:15:05.954783,0.0,-0.001776198934280493,0.0,-0.09999999999999432,56.2,56.25,56.25,56.3,151.0,9.0,680.0,2635.0,False,False
006208,2022-10-26 12:15:06.002059,0.0,-0.001776198934280493,0.0,-0.09999999999999432,56.2,56.25,56.25,56.3,151.0,9.0,680.0,2635.0,False,False
006208,2022-10-26 12:15:06.064547,0.0,-0.001776198934280493,0.0,-0.09999999999999432,56.2,56.25,56.25,56.3,111.0,9.0,680.0,2635.0,False,False
006208,2022-10-26 12:15:06.176637,0.0,-0.001776198934280493,0.0,-0.09999999999999432,56.2,56.25,56.25,56.3,111.0,9.0,680.0,2635.0,False,False
006208,2022-10-26 12:15:06.296554,0.0,-0.001776198934280493,0.0,-0.09999999999999432,56.2,56.25,56.25,56.3,111.0,9.0,680.0,2635.0,False,False
006208,2022-10-26 12:15:06.865210,0.0,-0.001776198934280493,0.0,-0.09999999999999432,56.2,56.25,56.25,56.3,111.0,9.0,680.0,2635.0,False,False
006208,2022-10-26 12:15:06.919811,0.0,-0.001776198934280493,0.0,-0.09999999999999432,56.2,56.25,56.25,56.3,111.0,9.0,680.0,2635.0,False,False
006208,2022-10-26 12:15:06.971402,0.0,-0.001776198934280493,0.0,-0.09999999999999432,56.2,56.25,56.25,56.3,111.0,9.0,680.0,2635.0,False,False
006208,2022-10-26 12:15:07.160468,0.0,-0.001776198934280493,0.0,-0.09999999999999432,56.2,56.25,56.25,56.3,111.0,9.0,680.0,2635.0,False,False
006208,2022-10-26 12:15:07.438729,0.0,-0.001776198934280493,0.0,-0.09999999999999432,56.2,56.25,56.25,56.3,111.0,9.0,680.0,2635.0,False,False
006208,2022-10-26 12:15:07.528810,0.0,-0.001776198934280493,0.0,-0.09999999999999432,56.2,56.25,56.25,56.3,111.0,9.0,680.0,2635.0,False,False
006208,2022-10-26 12:15:07.721711,0.0,-0.001776198934280493,0.0,-0.09999999999999432,56.2,56.25,56.25,56.3,77.0,9.0,680.0,2635.0,False,False
006208,2022-10-26 12:15:07.742528,0.0,-0.001776198934280493,0.0,-0.09999999999999432,56.2,56.25,56.25,56.3,77.0,9.0,680.0,2635.0,False,False
006208,2022-10-26 12:15:08.519970,0.0,-0.001776198934280493,0.0,-0.09999999999999432,56.2,56.25,56.25,56.3,77.0,9.0,680.0,2635.0,False,False
006208,2022-10-26 12:15:08.541778,0.0,-0.001776198934280493,0.0,-0.09999999999999432,56.2,56.25,56.25,56.3,77.0,9.0,680.0,2635.0,False,False
006208,2022-10-26 12:15:08.887971,0.0,-0.001776198934280493,0.0,-0.09999999999999432,56.2,56.25,56.25,56.3,77.0,9.0,680.0,2635.0,False,False
006208,2022-10-26 12:15:08.919060,0.0,-0.001776198934280493,0.0,-0.09999999999999432,56.2,56.25,56.25,56.3,77.0,9.0,680.0,2635.0,False,False
006208,2022-10-26 12:15:09.379799,0.0,-0.001776198934280493,0.0,-0.09999999999999432,56.2,56.25,56.25,56.3,77.0,9.0,680.0,2577.0,True,True
006208,2022-10-26 12:15:10.477833,0.0,-0.001776198934280493,0.0,-0.09999999999999432,56.2,56.25,56.25,56.3,77.0,8.0,680.0,2577.0,False,False
006208,2022-10-26 12:15:11.037603,0.0,-0.001776198934280493,0.0,-0.09999999999999432,56.2,56.25,56.25,56.3,77.0,8.0,680.0,2577.0,False,False
006208,2022-10-26 12:15:11.053367,0.0,-0.001776198934280493,0.0,-0.09999999999999432,56.2,56.25,56.25,56.3,77.0,8.0,680.0,2577.0,False,False
006208,2022-10-26 12:15:11.107035,0.0,-0.001776198934280493,0.0,-0.09999999999999432,56.2,56.25,56.25,56.3,77.0,8.0,680.0,2577.0,False,False
006208,2022-10-26 12:15:11.229151,0.0,-0.001776198934280493,0.0,-0.09999999999999432,56.2,56.25,56.25,56.3,78.0,8.0,680.0,2577.0,False,False
006208,2022-10-26 12:15:11.879567,0.0,-0.001776198934280493,0.0,-0.09999999999999432,56.2,56.25,56.25,56.3,78.0,8.0,680.0,2577.0,False,False
006208,2022-10-26 12:15:12.107334,0.0,-0.001776198934280493,0.0,-0.09999999999999432,56.2,56.25,56.25,56.3,78.0,8.0,680.0,2577.0,False,False
006208,2022-10-26 12:15:12.956057,0.0,-0.001776198934280493,0.0,-0.09999999999999432,56.2,56.25,56.25,56.3,78.0,8.0,680.0,2577.0,False,False
006208,2022-10-26 12:15:12.977350,0.0,-0.001776198934280493,0.0,-0.09999999999999432,56.2,56.25,56.25,56.3,78.0,8.0,680.0,2577.0,False,False
006208,2022-10-26 12:15:14.431882,0.0,-0.001776198934280493,0.0,-0.09999999999999432,56.2,56.25,56.25,56.3,78.0,8.0,680.0,2577.0,False,False
006208,2022-10-26 12:15:14.447896,0.0,-0.001776198934280493,0.0,-0.09999999999999432,56.2,56.25,56.25,56.3,78.0,8.0,680.0,2577.0,False,False
006208,2022-10-26 12:15:14.663963,0.0,-0.001776198934280493,0.0,-0.09999999999999432,56.2,56.25,56.25,56.3,78.0,8.0,680.0,2577.0,False,False
006208,2022-10-26 12:15:16.130166,0.0,-0.001776198934280493,0.0,-0.09999999999999432,56.2,56.25,56.25,56.3,78.0,8.0,680.0,2577.0,False,False
006208,2022-10-26 12:15:16.133675,0.0,-0.001776198934280493,0.0,-0.09999999999999432,56.2,56.25,56.25,56.3,78.0,8.0,680.0,2577.0,False,False
006208,2022-10-26 12:15:16.263373,0.0,-0.001776198934280493,0.0,-0.09999999999999432,56.2,56.25,56.25,56.3,78.0,8.0,680.0,2577.0,False,False
006208,2022-10-26 12:15:17.169978,0.0,-0.001776198934280493,0.0,-0.09999999999999432,56.2,56.25,56.25,56.3,78.0,8.0,680.0,2577.0,False,False
006208,2022-10-26 12:15:17.170090,0.0,-0.001776198934280493,0.0,-0.09999999999999432,56.2,56.25,56.25,56.3,78.0,8.0,680.0,2577.0,False,False
006208,2022-10-26 12:15:17.189519,0.0,-0.001776198934280493,0.0,-0.09999999999999432,56.2,56.25,56.25,56.3,78.0,8.0,680.0,2577.0,False,False
006208,2022-10-26 12:15:18.426602,0.0,-0.001776198934280493,0.0,-0.09999999999999432,56.2,56.25,56.25,56.3,78.0,8.0,680.0,2577.0,False,False
006208,2022-10-26 12:15:19.381912,0.0,-0.001776198934280493,0.0,-0.09999999999999432,56.2,56.25,56.25,56.3,78.0,8.0,680.0,2577.0,True,True
006208,2022-10-26 12:15:19.753604,0.0,-0.001776198934280493,0.0,-0.09999999999999432,56.2,56.25,56.25,56.3,78.0,8.0,680.0,2577.0,False,False
006208,2022-10-26 12:15:20.480795,0.0,-0.001776198934280493,0.0,-0.09999999999999432,56.2,56.25,56.25,56.3,78.0,7.0,680.0,2577.0,False,False
006208,2022-10-26 12:15:26.228945,0.0,-0.001776198934280493,0.0,-0.09999999999999432,56.2,56.25,56.25,56.3,78.0,7.0,680.0,2577.0,False,False
006208,2022-10-26 12:15:26.232105,0.0,-0.001776198934280493,0.0,-0.09999999999999432,56.2,56.25,56.25,56.3,78.0,7.0,680.0,2577.0,False,False
006208,2022-10-26 12:15:26.369480,0.0,-0.001776198934280493,0.0,-0.09999999999999432,56.2,56.25,56.25,56.3,78.0,7.0,680.0,2577.0,False,False
006208,2022-10-26 12:15:29.398486,0.0,-0.001776198934280493,0.0,-0.09999999999999432,56.2,56.25,56.25,56.3,78.0,7.0,680.0,2575.0,True,True
006208,2022-10-26 12:15:30.432620,0.0,-0.001776198934280493,0.0,-0.09999999999999432,56.2,56.25,56.25,56.3,78.0,5.0,680.0,2575.0,False,False
006208,2022-10-26 12:15:36.253654,0.0,-0.001776198934280493,0.0,-0.09999999999999432,56.2,56.25,56.25,56.3,3.0,5.0,680.0,2575.0,False,False
006208,2022-10-26 12:15:36.253822,0.0,-0.001776198934280493,0.0,-0.09999999999999432,56.2,56.25,56.25,56.3,3.0,5.0,680.0,2575.0,False,False
006208,2022-10-26 12:15:36.343511,0.0,-0.001776198934280493,0.0,-0.09999999999999432,56.2,56.25,56.25,56.3,3.0,5.0,680.0,2575.0,False,False
006208,2022-10-26 12:15:36.474521,0.0,-0.001776198934280493,0.0,-0.09999999999999432,56.2,56.25,56.25,56.3,3.0,5.0,680.0,2575.0,False,False
006208,2022-10-26 12:15:36.755253,0.0,-0.001776198934280493,0.0,-0.09999999999999432,56.2,56.25,56.25,56.3,3.0,5.0,680.0,2575.0,False,False
006208,2022-10-26 12:15:36.755364,0.0,-0.001776198934280493,0.0,-0.09999999999999432,56.2,56.25,56.25,56.3,3.0,5.0,680.0,2575.0,False,False
006208,2022-10-26 12:15:39.419864,0.0,-0.001776198934280493,0.0,-0.09999999999999432,56.2,56.25,56.25,56.3,3.0,5.0,680.0,2455.0,True,True
006208,2022-10-26 12:15:39.558540,0.0,-0.001776198934280493,0.0,-0.09999999999999432,56.2,56.25,56.25,56.3,3.0,5.0,680.0,2455.0,False,False
006208,2022-10-26 12:15:39.959387,0.0,-0.001776198934280493,0.0,-0.09999999999999432,56.2,56.25,56.25,56.3,3.0,5.0,680.0,2455.0,False,False
006208,2022-10-26 12:15:40.286804,0.0,-0.001776198934280493,0.0,-0.09999999999999432,56.2,56.25,56.25,56.3,3.0,5.0,680.0,2455.0,False,False
006208,2022-10-26 12:15:40.295616,0.0,-0.001776198934280493,0.0,-0.09999999999999432,56.2,56.25,56.25,56.3,3.0,5.0,680.0,2455.0,False,False
006208,2022-10-26 12:15:40.421243,0.0,-0.001776198934280493,0.0,-0.09999999999999432,56.2,56.25,56.25,56.3,3.0,4.0,680.0,2455.0,False,False
006208,2022-10-26 12:15:43.111134,0.0,-0.001776198934280493,0.0,-0.09999999999999432,56.2,56.25,56.25,56.3,3.0,4.0,680.0,2455.0,False,False
006208,2022-10-26 12:15:43.111229,0.0,-0.001776198934280493,0.0,-0.09999999999999432,56.2,56.25,56.25,56.3,3.0,4.0,680.0,2455.0,False,False
006208,2022-10-26 12:15:43.129617,0.0,-0.001776198934280493,0.0,-0.09999999999999432,56.2,56.25,56.25,56.3,3.0,4.0,680.0,2455.0,False,False
006208,2022-10-26 12:15:43.401321,0.0,-0.001776198934280493,0.0,-0.09999999999999432,56.2,56.25,56.25,56.3,3.0,4.0,680.0,2455.0,False,False
006208,2022-10-26 12:15:43.414965,0.0,-0.001776198934280493,0.0,-0.09999999999999432,56.2,56.25,56.25,56.3,3.0,4.0,680.0,2455.0,False,False
006208,2022-10-26 12:15:44.518901,0.0,-0.001776198934280493,0.0,-0.09999999999999432,56.2,56.25,56.25,56.3,3.0,4.0,680.0,2455.0,False,False
006208,2022-10-26 12:15:44.619993,0.0,-0.001776198934280493,0.0,-0.09999999999999432,56.2,56.25,56.25,56.3,3.0,4.0,680.0,2455.0,False,False
006208,2022-10-26 12:15:44.927204,0.0,-0.001776198934280493,0.0,-0.09999999999999432,56.2,56.25,56.25,56.3,3.0,4.0,680.0,2455.0,False,False
006208,2022-10-26 12:15:44.936112,0.0,-0.001776198934280493,0.0,-0.09999999999999432,56.2,56.25,56.25,56.3,3.0,4.0,680.0,2455.0,False,False
006208,2022-10-26 12:15:46.278794,0.0,-0.001776198934280493,0.0,-0.09999999999999432,56.2,56.25,56.25,56.3,3.0,4.0,680.0,2455.0,False,False
006208,2022-10-26 12:15:46.278881,0.0,-0.001776198934280493,0.0,-0.09999999999999432,56.2,56.25,56.25,56.3,3.0,4.0,680.0,2455.0,False,False
006208,2022-10-26 12:15:46.469328,0.0,-0.001776198934280493,0.0,-0.09999999999999432,56.2,56.25,56.25,56.3,3.0,4.0,680.0,2455.0,False,False
006208,2022-10-26 12:15:46.593885,0.0,-0.001776198934280493,0.0,-0.09999999999999432,56.2,56.25,56.25,56.3,3.0,4.0,680.0,2455.0,False,False
006208,2022-10-26 12:15:46.755019,0.0,-0.001776198934280493,0.0,-0.09999999999999432,56.2,56.25,56.25,56.3,3.0,4.0,680.0,2455.0,False,False
006208,2022-10-26 12:15:46.770291,0.0,-0.001776198934280493,0.0,-0.09999999999999432,56.2,56.25,56.25,56.3,3.0,4.0,680.0,2455.0,False,False
006208,2022-10-26 12:15:47.076000,0.0,-0.001776198934280493,0.0,-0.09999999999999432,56.2,56.25,56.25,56.3,3.0,3.0,680.0,2455.0,False,False
006208,2022-10-26 12:15:47.563787,0.0,-0.001776198934280493,0.0,-0.09999999999999432,56.2,56.25,56.25,56.3,3.0,3.0,680.0,2455.0,False,False
006208,2022-10-26 12:15:47.590663,0.0,-0.001776198934280493,0.0,-0.09999999999999432,56.2,56.25,56.25,56.3,3.0,3.0,680.0,2455.0,False,False
006208,2022-10-26 12:15:48.367291,0.0,-0.001776198934280493,0.0,-0.09999999999999432,56.2,56.25,56.25,56.3,3.0,3.0,680.0,2455.0,False,False
006208,2022-10-26 12:15:48.367465,0.0,-0.001776198934280493,0.0,-0.09999999999999432,56.2,56.25,56.25,56.3,3.0,3.0,680.0,2455.0,False,False
006208,2022-10-26 12:15:48.562589,0.0,-0.001776198934280493,0.0,-0.09999999999999432,56.2,56.25,56.25,56.3,3.0,3.0,680.0,2455.0,False,False
006208,2022-10-26 12:15:49.073049,0.0,-0.001776198934280493,0.0,-0.09999999999999432,56.2,56.25,56.25,56.3,3.0,3.0,680.0,2455.0,False,False
006208,2022-10-26 12:15:49.073218,0.0,-0.001776198934280493,0.0,-0.09999999999999432,56.2,56.25,56.25,56.3,3.0,3.0,680.0,2455.0,False,False
006208,2022-10-26 12:15:50.284056,0.0,-0.001776198934280493,0.0,-0.09999999999999432,56.2,56.25,56.25,56.3,3.0,3.0,680.0,2455.0,False,False
006208,2022-10-26 12:15:50.363562,0.0,-0.001776198934280493,0.0,-0.09999999999999432,56.2,56.25,56.25,56.3,3.0,3.0,680.0,2455.0,False,False
006208,2022-10-26 12:15:50.412855,0.0,-0.001776198934280493,0.0,-0.09999999999999432,56.2,56.25,56.25,56.3,3.0,1.0,680.0,2455.0,False,False
006208,2022-10-26 12:15:51.383335,0.0,-0.001776198934280493,0.0,-0.09999999999999432,56.2,56.25,56.25,56.3,3.0,1.0,680.0,2455.0,False,False
006208,2022-10-26 12:15:51.402277,0.0,-0.001776198934280493,0.0,-0.09999999999999432,56.2,56.25,56.25,56.3,3.0,1.0,680.0,2455.0,False,False
006208,2022-10-26 12:15:51.946320,0.0,-0.001776198934280493,0.0,-0.09999999999999432,56.2,56.25,56.25,56.3,4.0,1.0,680.0,2455.0,False,False
006208,2022-10-26 12:15:56.160052,0.0,-0.001776198934280493,0.0,-0.09999999999999432,56.2,56.25,56.25,56.3,4.0,1.0,680.0,2455.0,False,False
006208,2022-10-26 12:15:56.160188,0.0,-0.001776198934280493,0.0,-0.09999999999999432,56.2,56.25,56.25,56.3,4.0,1.0,680.0,2455.0,False,False
006208,2022-10-26 12:15:56.567431,0.0,-0.001776198934280493,0.0,-0.09999999999999432,56.2,56.25,56.25,56.3,4.0,1.0,680.0,2455.0,False,False
006208,2022-10-26 12:15:56.577001,0.0,-0.001776198934280493,0.0,-0.09999999999999432,56.2,56.25,56.25,56.3,4.0,1.0,680.0,2455.0,False,False
006208,2022-10-26 12:15:56.707209,0.0,-0.001776198934280493,0.0,-0.09999999999999432,56.2,56.25,56.25,56.3,4.0,1.0,680.0,2455.0,False,False
006208,2022-10-26 12:15:56.956755,0.0,-0.001776198934280493,0.0,-0.09999999999999432,56.2,56.25,56.25,56.3,4.0,1.0,680.0,2455.0,False,False
006208,2022-10-26 12:15:56.956810,0.0,-0.001776198934280493,0.0,-0.09999999999999432,56.2,56.25,56.25,56.3,4.0,1.0,680.0,2455.0,False,False
006208,2022-10-26 12:15:59.488265,0.0,-0.001776198934280493,0.0,-0.09999999999999432,56.2,56.25,56.25,56.3,4.0,1.0,680.0,2455.0,True,True
006208,2022-10-26 12:16:00.406237,-0.000888099467140302,-0.001776198934280493,-0.04999999999999716,-0.09999999999999432,56.2,56.3,56.25,56.3,4.0,392.0,680.0,2455.0,False,False
006208,2022-10-26 12:16:00.439689,-0.000888099467140302,-0.001776198934280493,-0.04999999999999716,-0.09999999999999432,56.2,56.3,56.25,56.3,4.0,392.0,680.0,2455.0,False,False
006208,2022-10-26 12:16:00.507880,-0.000888099467140302,-0.001776198934280493,-0.04999999999999716,-0.09999999999999432,56.2,56.3,56.25,56.3,4.0,392.0,680.0,2455.0,False,False
006208,2022-10-26 12:16:00.558680,-0.000888099467140302,-0.001776198934280493,-0.04999999999999716,-0.09999999999999432,56.2,56.3,56.25,56.3,4.0,352.0,680.0,2455.0,False,False
006208,2022-10-26 12:16:00.695533,-0.000888099467140302,-0.001776198934280493,-0.04999999999999716,-0.09999999999999432,56.2,56.3,56.25,56.3,4.0,352.0,680.0,2455.0,False,False
006208,2022-10-26 12:16:01.635299,-0.000888099467140302,-0.001776198934280493,-0.04999999999999716,-0.09999999999999432,56.2,56.3,56.25,56.3,4.0,352.0,680.0,2455.0,False,False
006208,2022-10-26 12:16:01.647440,-0.000888099467140302,-0.001776198934280493,-0.04999999999999716,-0.09999999999999432,56.2,56.3,56.25,56.3,4.0,352.0,680.0,2455.0,False,False
006208,2022-10-26 12:16:01.866717,-0.000888099467140302,-0.001776198934280493,-0.04999999999999716,-0.09999999999999432,56.2,56.3,56.25,56.3,4.0,352.0,680.0,2455.0,False,False
006208,2022-10-26 12:16:01.879026,-0.000888099467140302,-0.001776198934280493,-0.04999999999999716,-0.09999999999999432,56.2,56.3,56.25,56.3,4.0,352.0,680.0,2455.0,False,False
006208,2022-10-26 12:16:04.788419,-0.000888099467140302,-0.001776198934280493,-0.04999999999999716,-0.09999999999999432,56.2,56.3,56.25,56.3,4.0,392.0,680.0,2455.0,False,False
006208,2022-10-26 12:16:06.247065,-0.000888099467140302,-0.001776198934280493,-0.04999999999999716,-0.09999999999999432,56.2,56.3,56.25,56.3,4.0,352.0,680.0,2455.0,False,False
006208,2022-10-26 12:16:08.002074,-0.000888099467140302,-0.001776198934280493,-0.04999999999999716,-0.09999999999999432,56.2,56.3,56.25,56.3,4.0,352.0,680.0,2455.0,False,False
006208,2022-10-26 12:16:08.002140,-0.000888099467140302,-0.001776198934280493,-0.04999999999999716,-0.09999999999999432,56.2,56.3,56.25,56.3,4.0,352.0,680.0,2455.0,False,False
006208,2022-10-26 12:16:08.915860,-0.000888099467140302,-0.001776198934280493,-0.04999999999999716,-0.09999999999999432,56.2,56.3,56.25,56.3,4.0,352.0,680.0,2455.0,False,True
006208,2022-10-26 12:16:10.245224,-0.000888099467140302,-0.001776198934280493,-0.04999999999999716,-0.09999999999999432,56.2,56.3,56.25,56.3,4.0,352.0,680.0,2455.0,False,False
006208,2022-10-26 12:16:10.245393,-0.000888099467140302,-0.001776198934280493,-0.04999999999999716,-0.09999999999999432,56.2,56.3,56.25,56.3,4.0,352.0,680.0,2455.0,False,False
006208,2022-10-26 12:16:10.400345,-0.000888099467140302,-0.001776198934280493,-0.04999999999999716,-0.09999999999999432,56.2,56.3,56.25,56.3,4.0,351.0,680.0,2455.0,False,False
006208,2022-10-26 12:16:10.682728,-0.000888099467140302,-0.001776198934280493,-0.04999999999999716,-0.09999999999999432,56.2,56.3,56.25,56.3,4.0,351.0,680.0,2455.0,False,False
006208,2022-10-26 12:16:10.691656,-0.000888099467140302,-0.001776198934280493,-0.04999999999999716,-0.09999999999999432,56.2,56.3,56.25,56.3,4.0,351.0,680.0,2455.0,False,False
006208,2022-10-26 12:16:10.816678,-0.000888099467140302,-0.001776198934280493,-0.04999999999999716,-0.09999999999999432,56.2,56.3,56.25,56.3,4.0,351.0,680.0,2455.0,False,False
006208,2022-10-26 12:16:12.878349,-0.000888099467140302,-0.001776198934280493,-0.04999999999999716,-0.09999999999999432,56.2,56.3,56.25,56.3,4.0,351.0,680.0,2455.0,False,False
006208,2022-10-26 12:16:12.891300,-0.000888099467140302,-0.001776198934280493,-0.04999999999999716,-0.09999999999999432,56.2,56.3,56.25,56.3,4.0,301.0,680.0,2455.0,False,False
006208,2022-10-26 12:16:14.024339,-0.000888099467140302,-0.001776198934280493,-0.04999999999999716,-0.09999999999999432,56.2,56.3,56.25,56.3,4.0,301.0,680.0,2455.0,False,False
006208,2022-10-26 12:16:14.024501,-0.000888099467140302,-0.001776198934280493,-0.04999999999999716,-0.09999999999999432,56.2,56.3,56.25,56.3,4.0,301.0,680.0,2455.0,False,False
006208,2022-10-26 12:16:17.737024,-0.000888099467140302,-0.001776198934280493,-0.04999999999999716,-0.09999999999999432,56.2,56.3,56.25,56.3,4.0,301.0,680.0,2455.0,False,False
006208,2022-10-26 12:16:17.747964,-0.000888099467140302,-0.001776198934280493,-0.04999999999999716,-0.09999999999999432,56.2,56.3,56.25,56.3,4.0,351.0,680.0,2455.0,False,False
006208,2022-10-26 12:16:18.628813,-0.000888099467140302,-0.001776198934280493,-0.04999999999999716,-0.09999999999999432,56.2,56.3,56.25,56.3,4.0,351.0,680.0,2455.0,False,False
006208,2022-10-26 12:16:18.628876,-0.000888099467140302,-0.001776198934280493,-0.04999999999999716,-0.09999999999999432,56.2,56.3,56.25,56.3,4.0,351.0,680.0,2455.0,False,False
006208,2022-10-26 12:16:18.946726,-0.000888099467140302,-0.001776198934280493,-0.04999999999999716,-0.09999999999999432,56.2,56.3,56.25,56.3,4.0,351.0,680.0,2455.0,True,True
006208,2022-10-26 12:16:20.410404,-0.000888099467140302,-0.001776198934280493,-0.04999999999999716,-0.09999999999999432,56.2,56.3,56.25,56.3,4.0,349.0,680.0,2455.0,False,False
006208,2022-10-26 12:16:20.798866,-0.000888099467140302,-0.001776198934280493,-0.04999999999999716,-0.09999999999999432,56.2,56.3,56.25,56.3,4.0,349.0,680.0,2455.0,False,False
006208,2022-10-26 12:16:20.805446,-0.000888099467140302,-0.001776198934280493,-0.04999999999999716,-0.09999999999999432,56.2,56.3,56.25,56.3,4.0,349.0,680.0,2455.0,False,False
006208,2022-10-26 12:16:20.934123,-0.000888099467140302,-0.001776198934280493,-0.04999999999999716,-0.09999999999999432,56.2,56.3,56.25,56.3,4.0,349.0,680.0,2455.0,False,False
006208,2022-10-26 12:16:21.042814,-0.000888099467140302,-0.001776198934280493,-0.04999999999999716,-0.09999999999999432,56.2,56.3,56.25,56.3,4.0,348.0,680.0,2455.0,False,False
006208,2022-10-26 12:16:23.253188,0.0,-0.001776198934280493,0.0,-0.09999999999999432,56.2,56.25,56.25,56.3,4.0,1.0,680.0,2455.0,False,False
006208,2022-10-26 12:16:23.289552,0.0,-0.001776198934280493,0.0,-0.09999999999999432,56.2,56.25,56.25,56.3,4.0,1.0,680.0,2455.0,False,False
006208,2022-10-26 12:16:23.423943,0.0,-0.001776198934280493,0.0,-0.09999999999999432,56.2,56.25,56.25,56.3,4.0,1.0,680.0,2455.0,False,False
006208,2022-10-26 12:16:23.537183,0.0,-0.001776198934280493,0.0,-0.09999999999999432,56.2,56.25,56.25,56.3,4.0,1.0,680.0,2455.0,False,False
006208,2022-10-26 12:16:25.239936,0.0,-0.001776198934280493,0.0,-0.09999999999999432,56.2,56.25,56.25,56.3,4.0,1.0,680.0,2455.0,False,False
006208,2022-10-26 12:16:25.324631,0.0,-0.001776198934280493,0.0,-0.09999999999999432,56.2,56.25,56.25,56.3,4.0,1.0,680.0,2455.0,False,False
006208,2022-10-26 12:16:28.977580,0.0,-0.001776198934280493,0.0,-0.09999999999999432,56.2,56.25,56.25,56.3,4.0,1.0,680.0,2455.0,True,True
006208,2022-10-26 12:16:30.389699,-0.000888099467140302,-0.001776198934280493,-0.04999999999999716,-0.09999999999999432,56.2,56.3,56.25,56.3,4.0,388.0,680.0,2455.0,False,False
006208,2022-10-26 12:16:30.425726,-0.000888099467140302,-0.001776198934280493,-0.04999999999999716,-0.09999999999999432,56.2,56.3,56.25,56.3,4.0,388.0,680.0,2455.0,False,False
006208,2022-10-26 12:16:30.492629,-0.000888099467140302,-0.001776198934280493,-0.04999999999999716,-0.09999999999999432,56.2,56.3,56.25,56.3,4.0,388.0,680.0,2455.0,False,False
006208,2022-10-26 12:16:30.520187,-0.000888099467140302,-0.001776198934280493,-0.04999999999999716,-0.09999999999999432,56.2,56.3,56.25,56.3,4.0,388.0,680.0,2455.0,False,False
006208,2022-10-26 12:16:30.623339,-0.000888099467140302,-0.001776198934280493,-0.04999999999999716,-0.09999999999999432,56.2,56.3,56.25,56.3,4.0,348.0,680.0,2455.0,False,False
006208,2022-10-26 12:16:30.748820,-0.000888099467140302,-0.001776198934280493,-0.04999999999999716,-0.09999999999999432,56.2,56.3,56.25,56.3,4.0,348.0,680.0,2455.0,False,False
006208,2022-10-26 12:16:31.210906,-0.000888099467140302,-0.001776198934280493,-0.04999999999999716,-0.09999999999999432,56.2,56.3,56.25,56.3,4.0,348.0,680.0,2455.0,False,False
006208,2022-10-26 12:16:31.227719,-0.000888099467140302,-0.001776198934280493,-0.04999999999999716,-0.09999999999999432,56.2,56.3,56.25,56.3,4.0,348.0,680.0,2455.0,False,False
006208,2022-10-26 12:16:31.365946,-0.000888099467140302,-0.001776198934280493,-0.04999999999999716,-0.09999999999999432,56.2,56.3,56.25,56.3,4.0,348.0,680.0,2455.0,False,False
006208,2022-10-26 12:16:31.374497,-0.000888099467140302,-0.001776198934280493,-0.04999999999999716,-0.09999999999999432,56.2,56.3,56.25,56.3,4.0,348.0,680.0,2455.0,False,False
006208,2022-10-26 12:16:31.847289,-0.000888099467140302,-0.001776198934280493,-0.04999999999999716,-0.09999999999999432,56.2,56.3,56.25,56.3,4.0,348.0,680.0,2455.0,False,False
006208,2022-10-26 12:16:31.847326,-0.000888099467140302,-0.001776198934280493,-0.04999999999999716,-0.09999999999999432,56.2,56.3,56.25,56.3,4.0,348.0,680.0,2455.0,False,False
006208,2022-10-26 12:16:31.862692,-0.000888099467140302,-0.001776198934280493,-0.04999999999999716,-0.09999999999999432,56.2,56.3,56.25,56.3,4.0,298.0,680.0,2455.0,False,False
006208,2022-10-26 12:16:33.101402,-0.000888099467140302,-0.001776198934280493,-0.04999999999999716,-0.09999999999999432,56.2,56.3,56.25,56.3,4.0,298.0,680.0,2455.0,False,False
006208,2022-10-26 12:16:33.101405,-0.000888099467140302,-0.001776198934280493,-0.04999999999999716,-0.09999999999999432,56.2,56.3,56.25,56.3,4.0,298.0,680.0,2455.0,False,False
006208,2022-10-26 12:16:34.002263,-0.000888099467140302,-0.001776198934280493,-0.04999999999999716,-0.09999999999999432,56.2,56.3,56.25,56.3,4.0,298.0,680.0,2455.0,False,False
006208,2022-10-26 12:16:34.017783,-0.000888099467140302,-0.001776198934280493,-0.04999999999999716,-0.09999999999999432,56.2,56.3,56.25,56.3,4.0,348.0,680.0,2455.0,False,False
006208,2022-10-26 12:16:34.980349,-0.000888099467140302,-0.001776198934280493,-0.04999999999999716,-0.09999999999999432,56.2,56.3,56.25,56.3,4.0,348.0,680.0,2455.0,False,False
006208,2022-10-26 12:16:34.980446,-0.000888099467140302,-0.001776198934280493,-0.04999999999999716,-0.09999999999999432,56.2,56.3,56.25,56.3,4.0,348.0,680.0,2455.0,False,False
006208,2022-10-26 12:16:38.467546,-0.000888099467140302,-0.001776198934280493,-0.04999999999999716,-0.09999999999999432,56.2,56.3,56.25,56.3,4.0,348.0,680.0,2455.0,False,False
006208,2022-10-26 12:16:38.467614,-0.000888099467140302,-0.001776198934280493,-0.04999999999999716,-0.09999999999999432,56.2,56.3,56.25,56.3,4.0,348.0,680.0,2455.0,False,False
006208,2022-10-26 12:16:39.007483,-0.000888099467140302,-0.001776198934280493,-0.04999999999999716,-0.09999999999999432,56.2,56.3,56.25,56.3,4.0,348.0,680.0,2420.0,True,True
006208,2022-10-26 12:16:40.400255,-0.000888099467140302,-0.001776198934280493,-0.04999999999999716,-0.09999999999999432,56.2,56.3,56.25,56.3,4.0,347.0,680.0,2420.0,False,False
006208,2022-10-26 12:16:40.739867,-0.000888099467140302,-0.001776198934280493,-0.04999999999999716,-0.09999999999999432,56.2,56.3,56.25,56.3,4.0,347.0,680.0,2420.0,False,False
006208,2022-10-26 12:16:40.750136,-0.000888099467140302,-0.001776198934280493,-0.04999999999999716,-0.09999999999999432,56.2,56.3,56.25,56.3,4.0,347.0,680.0,2420.0,False,False
006208,2022-10-26 12:16:40.872926,-0.000888099467140302,-0.001776198934280493,-0.04999999999999716,-0.09999999999999432,56.2,56.3,56.25,56.3,4.0,347.0,680.0,2420.0,False,False
006208,2022-10-26 12:16:49.048447,-0.000888099467140302,-0.001776198934280493,-0.04999999999999716,-0.09999999999999432,56.2,56.3,56.25,56.3,4.0,347.0,680.0,2440.0,True,True
006208,2022-10-26 12:16:50.364294,-0.000888099467140302,-0.001776198934280493,-0.04999999999999716,-0.09999999999999432,56.2,56.3,56.25,56.3,4.0,345.0,680.0,2440.0,False,False
006208,2022-10-26 12:16:50.852917,-0.000888099467140302,-0.001776198934280493,-0.04999999999999716,-0.09999999999999432,56.2,56.3,56.25,56.3,4.0,345.0,680.0,2440.0,False,False
006208,2022-10-26 12:16:50.912067,-0.000888099467140302,-0.001776198934280493,-0.04999999999999716,-0.09999999999999432,56.2,56.3,56.25,56.3,4.0,345.0,680.0,2440.0,False,False
006208,2022-10-26 12:16:51.011263,-0.000888099467140302,-0.001776198934280493,-0.04999999999999716,-0.09999999999999432,56.2,56.3,56.25,56.3,4.0,345.0,680.0,2440.0,False,False
006208,2022-10-26 12:16:53.690987,-0.000888099467140302,-0.001776198934280493,-0.04999999999999716,-0.09999999999999432,56.2,56.3,56.25,56.3,4.0,345.0,680.0,2440.0,False,False
006208,2022-10-26 12:16:53.691155,-0.000888099467140302,-0.001776198934280493,-0.04999999999999716,-0.09999999999999432,56.2,56.3,56.25,56.3,4.0,345.0,680.0,2440.0,False,False
006208,2022-10-26 12:16:53.991104,-0.000888099467140302,-0.001776198934280493,-0.04999999999999716,-0.09999999999999432,56.2,56.3,56.25,56.3,4.0,344.0,680.0,2440.0,False,False
006208,2022-10-26 12:17:00.405872,-0.000888099467140302,-0.001776198934280493,-0.04999999999999716,-0.09999999999999432,56.2,56.3,56.25,56.3,4.0,343.0,680.0,2440.0,False,False
006208,2022-10-26 12:17:00.979401,-0.000888099467140302,-0.001776198934280493,-0.04999999999999716,-0.09999999999999432,56.2,56.3,56.25,56.3,4.0,343.0,680.0,2440.0,False,False
006208,2022-10-26 12:17:00.986290,-0.000888099467140302,-0.001776198934280493,-0.04999999999999716,-0.09999999999999432,56.2,56.3,56.25,56.3,4.0,343.0,680.0,2440.0,False,False
006208,2022-10-26 12:17:01.122387,-0.000888099467140302,-0.001776198934280493,-0.04999999999999716,-0.09999999999999432,56.2,56.3,56.25,56.3,4.0,343.0,680.0,2440.0,False,False
006208,2022-10-26 12:17:02.799692,-0.000888099467140302,-0.001776198934280493,-0.04999999999999716,-0.09999999999999432,56.2,56.3,56.25,56.3,4.0,383.0,680.0,2440.0,False,False
006208,2022-10-26 12:17:04.863184,-0.000888099467140302,-0.001776198934280493,-0.04999999999999716,-0.09999999999999432,56.2,56.3,56.25,56.3,4.0,343.0,680.0,2440.0,False,False
006208,2022-10-26 12:17:09.645340,-0.000888099467140302,-0.001776198934280493,-0.04999999999999716,-0.09999999999999432,56.2,56.3,56.25,56.3,5.0,343.0,680.0,2440.0,False,False
006208,2022-10-26 12:17:10.369612,-0.000888099467140302,-0.001776198934280493,-0.04999999999999716,-0.09999999999999432,56.2,56.3,56.25,56.3,5.0,341.0,680.0,2440.0,False,False
006208,2022-10-26 12:17:11.091368,-0.000888099467140302,-0.001776198934280493,-0.04999999999999716,-0.09999999999999432,56.2,56.3,56.25,56.3,5.0,341.0,680.0,2440.0,False,False
006208,2022-10-26 12:17:11.096848,-0.000888099467140302,-0.001776198934280493,-0.04999999999999716,-0.09999999999999432,56.2,56.3,56.25,56.3,5.0,341.0,680.0,2440.0,False,False
006208,2022-10-26 12:17:11.227948,-0.000888099467140302,-0.001776198934280493,-0.04999999999999716,-0.09999999999999432,56.2,56.3,56.25,56.3,5.0,341.0,680.0,2440.0,False,False
006208,2022-10-26 12:17:14.348104,-0.000888099467140302,-0.001776198934280493,-0.04999999999999716,-0.09999999999999432,56.2,56.3,56.25,56.3,5.0,341.0,680.0,2440.0,False,False
006208,2022-10-26 12:17:14.366668,-0.000888099467140302,-0.001776198934280493,-0.04999999999999716,-0.09999999999999432,56.2,56.3,56.25,56.3,5.0,291.0,680.0,2440.0,False,False
006208,2022-10-26 12:17:14.516624,-0.000888099467140302,-0.001776198934280493,-0.04999999999999716,-0.09999999999999432,56.2,56.3,56.25,56.3,5.0,341.0,680.0,2440.0,False,False
006208,2022-10-26 12:17:18.988609,-0.000888099467140302,-0.001776198934280493,-0.04999999999999716,-0.09999999999999432,56.2,56.3,56.25,56.3,5.0,341.0,680.0,2440.0,False,False
006208,2022-10-26 12:17:19.005632,-0.000888099467140302,-0.001776198934280493,-0.04999999999999716,-0.09999999999999432,56.2,56.3,56.25,56.3,5.0,291.0,680.0,2440.0,False,False
006208,2022-10-26 12:17:19.136604,-0.000888099467140302,-0.001776198934280493,-0.04999999999999716,-0.09999999999999432,56.2,56.3,56.25,56.3,5.0,291.0,680.0,2436.0,True,True
006208,2022-10-26 12:17:19.788678,-0.000888099467140302,-0.001776198934280493,-0.04999999999999716,-0.09999999999999432,56.2,56.3,56.25,56.3,5.0,291.0,680.0,2436.0,False,False
006208,2022-10-26 12:17:19.788740,-0.000888099467140302,-0.001776198934280493,-0.04999999999999716,-0.09999999999999432,56.2,56.3,56.25,56.3,5.0,291.0,680.0,2436.0,False,False
006208,2022-10-26 12:17:20.281473,-0.000888099467140302,-0.001776198934280493,-0.04999999999999716,-0.09999999999999432,56.2,56.3,56.25,56.3,5.0,291.0,680.0,2436.0,False,False
006208,2022-10-26 12:17:20.364730,-0.000888099467140302,-0.001776198934280493,-0.04999999999999716,-0.09999999999999432,56.2,56.3,56.25,56.3,5.0,290.0,680.0,2436.0,False,False
006208,2022-10-26 12:17:21.208873,-0.000888099467140302,-0.001776198934280493,-0.04999999999999716,-0.09999999999999432,56.2,56.3,56.25,56.3,5.0,290.0,680.0,2436.0,False,False
006208,2022-10-26 12:17:21.212767,-0.000888099467140302,-0.001776198934280493,-0.04999999999999716,-0.09999999999999432,56.2,56.3,56.25,56.3,5.0,290.0,680.0,2436.0,False,False
006208,2022-10-26 12:17:21.346239,-0.000888099467140302,-0.001776198934280493,-0.04999999999999716,-0.09999999999999432,56.2,56.3,56.25,56.3,5.0,290.0,680.0,2436.0,False,False
006208,2022-10-26 12:17:21.552286,-0.000888099467140302,-0.001776198934280493,-0.04999999999999716,-0.09999999999999432,56.2,56.3,56.25,56.3,5.0,290.0,680.0,2436.0,False,False
006208,2022-10-26 12:17:21.857404,-0.000888099467140302,-0.001776198934280493,-0.04999999999999716,-0.09999999999999432,56.2,56.3,56.25,56.3,5.0,290.0,680.0,2436.0,False,False
006208,2022-10-26 12:17:21.857535,-0.000888099467140302,-0.001776198934280493,-0.04999999999999716,-0.09999999999999432,56.2,56.3,56.25,56.3,5.0,290.0,680.0,2436.0,False,False
006208,2022-10-26 12:17:23.458155,-0.000888099467140302,-0.001776198934280493,-0.04999999999999716,-0.09999999999999432,56.2,56.3,56.25,56.3,5.0,290.0,680.0,2436.0,False,False
006208,2022-10-26 12:17:23.475251,-0.000888099467140302,-0.001776198934280493,-0.04999999999999716,-0.09999999999999432,56.2,56.3,56.25,56.3,5.0,340.0,680.0,2436.0,False,False
006208,2022-10-26 12:17:24.200239,-0.000888099467140302,-0.001776198934280493,-0.04999999999999716,-0.09999999999999432,56.2,56.3,56.25,56.3,5.0,380.0,680.0,2436.0,False,False
006208,2022-10-26 12:17:24.365731,-0.000888099467140302,-0.001776198934280493,-0.04999999999999716,-0.09999999999999432,56.2,56.3,56.25,56.3,5.0,380.0,680.0,2436.0,False,False
006208,2022-10-26 12:17:24.365863,-0.000888099467140302,-0.001776198934280493,-0.04999999999999716,-0.09999999999999432,56.2,56.3,56.25,56.3,5.0,380.0,680.0,2436.0,False,False
006208,2022-10-26 12:17:28.011225,-0.000888099467140302,-0.001776198934280493,-0.04999999999999716,-0.09999999999999432,56.2,56.3,56.25,56.3,5.0,379.0,680.0,2436.0,False,False
006208,2022-10-26 12:17:29.169788,-0.000888099467140302,-0.001776198934280493,-0.04999999999999716,-0.09999999999999432,56.2,56.3,56.25,56.3,5.0,379.0,680.0,2436.0,True,True
006208,2022-10-26 12:17:30.375328,-0.000888099467140302,-0.001776198934280493,-0.04999999999999716,-0.09999999999999432,56.2,56.3,56.25,56.3,5.0,378.0,680.0,2436.0,False,False
006208,2022-10-26 12:17:31.331535,-0.000888099467140302,-0.001776198934280493,-0.04999999999999716,-0.09999999999999432,56.2,56.3,56.25,56.3,5.0,378.0,680.0,2436.0,False,False
006208,2022-10-26 12:17:31.334748,-0.000888099467140302,-0.001776198934280493,-0.04999999999999716,-0.09999999999999432,56.2,56.3,56.25,56.3,5.0,378.0,680.0,2436.0,False,False
006208,2022-10-26 12:17:31.463478,-0.000888099467140302,-0.001776198934280493,-0.04999999999999716,-0.09999999999999432,56.2,56.3,56.25,56.3,5.0,378.0,680.0,2436.0,False,False
006208,2022-10-26 12:17:37.050669,-0.000888099467140302,-0.001776198934280493,-0.04999999999999716,-0.09999999999999432,56.2,56.3,56.25,56.3,5.0,378.0,680.0,2436.0,False,False
006208,2022-10-26 12:17:37.050690,-0.000888099467140302,-0.001776198934280493,-0.04999999999999716,-0.09999999999999432,56.2,56.3,56.25,56.3,5.0,378.0,680.0,2436.0,False,False
006208,2022-10-26 12:17:38.512365,-0.000888099467140302,-0.001776198934280493,-0.04999999999999716,-0.09999999999999432,56.2,56.3,56.25,56.3,5.0,379.0,680.0,2436.0,False,False
006208,2022-10-26 12:17:39.211477,-0.000888099467140302,-0.001776198934280493,-0.04999999999999716,-0.09999999999999432,56.2,56.3,56.25,56.3,5.0,379.0,680.0,2431.0,True,True
006208,2022-10-26 12:17:40.354615,-0.000888099467140302,-0.001776198934280493,-0.04999999999999716,-0.09999999999999432,56.2,56.3,56.25,56.3,5.0,377.0,680.0,2431.0,False,False
006208,2022-10-26 12:17:40.453783,-0.000888099467140302,-0.001776198934280493,-0.04999999999999716,-0.09999999999999432,56.2,56.3,56.25,56.3,5.0,377.0,680.0,2431.0,False,False
006208,2022-10-26 12:17:40.551199,-0.000888099467140302,-0.001776198934280493,-0.04999999999999716,-0.09999999999999432,56.2,56.3,56.25,56.3,5.0,377.0,680.0,2431.0,False,False
006208,2022-10-26 12:17:40.618804,-0.000888099467140302,-0.001776198934280493,-0.04999999999999716,-0.09999999999999432,56.2,56.3,56.25,56.3,5.0,377.0,680.0,2431.0,False,False
006208,2022-10-26 12:17:40.801474,-0.000888099467140302,-0.001776198934280493,-0.04999999999999716,-0.09999999999999432,56.2,56.3,56.25,56.3,5.0,377.0,680.0,2431.0,False,False
006208,2022-10-26 12:17:40.809897,-0.000888099467140302,-0.001776198934280493,-0.04999999999999716,-0.09999999999999432,56.2,56.3,56.25,56.3,5.0,377.0,680.0,2431.0,False,False
006208,2022-10-26 12:17:41.075896,-0.000888099467140302,-0.001776198934280493,-0.04999999999999716,-0.09999999999999432,56.2,56.3,56.25,56.3,5.0,377.0,680.0,2431.0,False,False
006208,2022-10-26 12:17:42.913091,-0.000888099467140302,-0.001776198934280493,-0.04999999999999716,-0.09999999999999432,56.2,56.3,56.25,56.3,5.0,377.0,680.0,2431.0,False,False
006208,2022-10-26 12:17:49.240265,-0.000888099467140302,-0.001776198934280493,-0.04999999999999716,-0.09999999999999432,56.2,56.3,56.25,56.3,5.0,377.0,730.0,2531.0,True,True
006208,2022-10-26 12:17:50.349804,-0.000888099467140302,-0.001776198934280493,-0.04999999999999716,-0.09999999999999432,56.2,56.3,56.25,56.3,5.0,376.0,730.0,2531.0,False,False
006208,2022-10-26 12:17:51.063533,-0.000888099467140302,-0.001776198934280493,-0.04999999999999716,-0.09999999999999432,56.2,56.3,56.25,56.3,5.0,376.0,730.0,2531.0,False,False
006208,2022-10-26 12:17:51.067528,-0.000888099467140302,-0.001776198934280493,-0.04999999999999716,-0.09999999999999432,56.2,56.3,56.25,56.3,5.0,376.0,730.0,2531.0,False,False
006208,2022-10-26 12:17:51.210834,-0.000888099467140302,-0.001776198934280493,-0.04999999999999716,-0.09999999999999432,56.2,56.3,56.25,56.3,5.0,376.0,730.0,2531.0,False,False
006208,2022-10-26 12:17:58.877922,-0.000888099467140302,-0.000888099467140302,-0.04999999999999716,-0.04999999999999716,56.25,56.3,56.25,56.3,2.0,376.0,730.0,2531.0,False,False
006208,2022-10-26 12:17:58.909169,-0.000888099467140302,-0.000888099467140302,-0.04999999999999716,-0.04999999999999716,56.25,56.3,56.25,56.3,2.0,376.0,730.0,2531.0,False,False
006208,2022-10-26 12:17:59.270405,-0.000888099467140302,-0.000888099467140302,-0.04999999999999716,-0.04999999999999716,56.25,56.3,56.25,56.3,2.0,376.0,830.0,2801.0,True,True
006208,2022-10-26 12:17:59.705310,-0.000888099467140302,-0.000888099467140302,-0.04999999999999716,-0.04999999999999716,56.25,56.3,56.25,56.3,2.0,376.0,830.0,2801.0,False,False
006208,2022-10-26 12:17:59.793119,-0.000888099467140302,-0.000888099467140302,-0.04999999999999716,-0.04999999999999716,56.25,56.3,56.25,56.3,2.0,376.0,830.0,2801.0,False,False
006208,2022-10-26 12:17:59.839432,-0.000888099467140302,-0.000888099467140302,-0.04999999999999716,-0.04999999999999716,56.25,56.3,56.25,56.3,2.0,376.0,830.0,2801.0,False,False
006208,2022-10-26 12:18:00.438448,-0.000888099467140302,-0.000888099467140302,-0.04999999999999716,-0.04999999999999716,56.25,56.3,56.25,56.3,2.0,374.0,830.0,2801.0,False,False
006208,2022-10-26 12:18:00.824472,0.0,-0.001776198934280493,0.0,-0.09999999999999432,56.2,56.25,56.25,56.3,5.0,8.0,830.0,2801.0,False,False
006208,2022-10-26 12:18:00.840077,0.0,-0.001776198934280493,0.0,-0.09999999999999432,56.2,56.25,56.25,56.3,5.0,8.0,830.0,2801.0,False,False
006208,2022-10-26 12:18:00.894409,0.0,-0.001776198934280493,0.0,-0.09999999999999432,56.2,56.25,56.25,56.3,5.0,8.0,830.0,2801.0,False,False
006208,2022-10-26 12:18:00.980761,0.0,-0.001776198934280493,0.0,-0.09999999999999432,56.2,56.25,56.25,56.3,5.0,7.0,830.0,2801.0,False,False
006208,2022-10-26 12:18:01.056851,0.0,-0.001776198934280493,0.0,-0.09999999999999432,56.2,56.25,56.25,56.3,5.0,7.0,830.0,2801.0,False,False
006208,2022-10-26 12:18:01.057064,0.0,-0.001776198934280493,0.0,-0.09999999999999432,56.2,56.25,56.25,56.3,5.0,7.0,830.0,2801.0,False,False
006208,2022-10-26 12:18:01.187192,0.0,-0.001776198934280493,0.0,-0.09999999999999432,56.2,56.25,56.25,56.3,5.0,7.0,830.0,2801.0,False,False
006208,2022-10-26 12:18:01.393804,-0.000888099467140302,-0.001776198934280493,-0.04999999999999716,-0.09999999999999432,56.2,56.3,56.25,56.3,5.0,374.0,830.0,2801.0,False,False
006208,2022-10-26 12:18:01.499210,-0.000888099467140302,-0.001776198934280493,-0.04999999999999716,-0.09999999999999432,56.2,56.3,56.25,56.3,5.0,374.0,830.0,2801.0,False,False
006208,2022-10-26 12:18:02.799002,-0.000888099467140302,-0.001776198934280493,-0.04999999999999716,-0.09999999999999432,56.2,56.3,56.25,56.3,5.0,374.0,830.0,2801.0,False,False
006208,2022-10-26 12:18:02.805411,-0.000888099467140302,-0.001776198934280493,-0.04999999999999716,-0.09999999999999432,56.2,56.3,56.25,56.3,5.0,374.0,830.0,2801.0,False,False
006208,2022-10-26 12:18:02.885065,-0.000888099467140302,-0.001776198934280493,-0.04999999999999716,-0.09999999999999432,56.2,56.3,56.25,56.3,5.0,374.0,830.0,2801.0,False,False
006208,2022-10-26 12:18:03.599300,-0.000888099467140302,-0.001776198934280493,-0.04999999999999716,-0.09999999999999432,56.2,56.3,56.25,56.3,5.0,374.0,830.0,2801.0,False,False
006208,2022-10-26 12:18:03.618642,-0.000888099467140302,-0.001776198934280493,-0.04999999999999716,-0.09999999999999432,56.2,56.3,56.25,56.3,5.0,374.0,830.0,2801.0,False,False
006208,2022-10-26 12:18:08.929794,-0.000888099467140302,-0.001776198934280493,-0.04999999999999716,-0.09999999999999432,56.2,56.3,56.25,56.3,5.0,374.0,830.0,2801.0,False,False
006208,2022-10-26 12:18:08.929876,-0.000888099467140302,-0.001776198934280493,-0.04999999999999716,-0.09999999999999432,56.2,56.3,56.25,56.3,5.0,374.0,830.0,2801.0,False,False
006208,2022-10-26 12:18:09.127731,-0.000888099467140302,-0.001776198934280493,-0.04999999999999716,-0.09999999999999432,56.2,56.3,56.25,56.3,5.0,375.0,830.0,2801.0,False,False
006208,2022-10-26 12:18:09.297509,-0.000888099467140302,-0.001776198934280493,-0.04999999999999716,-0.09999999999999432,56.2,56.3,56.25,56.3,5.0,375.0,830.0,2743.0,True,True
006208,2022-10-26 12:18:10.339942,-0.000888099467140302,-0.001776198934280493,-0.04999999999999716,-0.09999999999999432,56.2,56.3,56.25,56.3,5.0,374.0,830.0,2743.0,False,False
006208,2022-10-26 12:18:11.480899,-0.000888099467140302,-0.001776198934280493,-0.04999999999999716,-0.09999999999999432,56.2,56.3,56.25,56.3,5.0,374.0,830.0,2743.0,False,False
006208,2022-10-26 12:18:11.490664,-0.000888099467140302,-0.001776198934280493,-0.04999999999999716,-0.09999999999999432,56.2,56.3,56.25,56.3,5.0,374.0,830.0,2743.0,False,False
006208,2022-10-26 12:18:11.619915,-0.000888099467140302,-0.001776198934280493,-0.04999999999999716,-0.09999999999999432,56.2,56.3,56.25,56.3,5.0,374.0,830.0,2743.0,False,False
006208,2022-10-26 12:18:12.411872,-0.000888099467140302,-0.001776198934280493,-0.04999999999999716,-0.09999999999999432,56.2,56.3,56.25,56.3,5.0,374.0,830.0,2743.0,False,False
006208,2022-10-26 12:18:12.421000,-0.000888099467140302,-0.001776198934280493,-0.04999999999999716,-0.09999999999999432,56.2,56.3,56.25,56.3,5.0,324.0,830.0,2743.0,False,False
006208,2022-10-26 12:18:12.432733,-0.000888099467140302,-0.001776198934280493,-0.04999999999999716,-0.09999999999999432,56.2,56.3,56.25,56.3,5.0,324.0,830.0,2743.0,False,False
006208,2022-10-26 12:18:14.047257,-0.000888099467140302,-0.001776198934280493,-0.04999999999999716,-0.09999999999999432,56.2,56.3,56.25,56.3,5.0,324.0,830.0,2743.0,False,False
006208,2022-10-26 12:18:14.062005,-0.000888099467140302,-0.001776198934280493,-0.04999999999999716,-0.09999999999999432,56.2,56.3,56.25,56.3,5.0,374.0,830.0,2743.0,False,False
006208,2022-10-26 12:18:14.631842,-0.000888099467140302,-0.001776198934280493,-0.04999999999999716,-0.09999999999999432,56.2,56.3,56.25,56.3,5.0,375.0,830.0,2743.0,False,False
006208,2022-10-26 12:18:15.170298,-0.000888099467140302,-0.001776198934280493,-0.04999999999999716,-0.09999999999999432,56.2,56.3,56.25,56.3,5.0,375.0,830.0,2743.0,False,False
006208,2022-10-26 12:18:15.170378,-0.000888099467140302,-0.001776198934280493,-0.04999999999999716,-0.09999999999999432,56.2,56.3,56.25,56.3,5.0,375.0,830.0,2743.0,False,False
006208,2022-10-26 12:18:19.329676,-0.000888099467140302,-0.001776198934280493,-0.04999999999999716,-0.09999999999999432,56.2,56.3,56.25,56.3,5.0,375.0,850.0,2743.0,True,True
006208,2022-10-26 12:18:20.350722,-0.000888099467140302,-0.001776198934280493,-0.04999999999999716,-0.09999999999999432,56.2,56.3,56.25,56.3,5.0,374.0,850.0,2743.0,False,False
006208,2022-10-26 12:18:20.421776,-0.000888099467140302,-0.001776198934280493,-0.04999999999999716,-0.09999999999999432,56.2,56.3,56.25,56.3,5.0,374.0,850.0,2743.0,False,False
006208,2022-10-26 12:18:20.421844,-0.000888099467140302,-0.001776198934280493,-0.04999999999999716,-0.09999999999999432,56.2,56.3,56.25,56.3,5.0,374.0,850.0,2743.0,False,False
006208,2022-10-26 12:18:21.596029,-0.000888099467140302,-0.001776198934280493,-0.04999999999999716,-0.09999999999999432,56.2,56.3,56.25,56.3,5.0,374.0,850.0,2743.0,False,False
006208,2022-10-26 12:18:21.608159,-0.000888099467140302,-0.001776198934280493,-0.04999999999999716,-0.09999999999999432,56.2,56.3,56.25,56.3,5.0,374.0,850.0,2743.0,False,False
006208,2022-10-26 12:18:21.746278,-0.000888099467140302,-0.001776198934280493,-0.04999999999999716,-0.09999999999999432,56.2,56.3,56.25,56.3,5.0,374.0,850.0,2743.0,False,False
006208,2022-10-26 12:18:29.360742,-0.000888099467140302,-0.001776198934280493,-0.04999999999999716,-0.09999999999999432,56.2,56.3,56.25,56.3,5.0,374.0,850.0,2643.0,True,True
006208,2022-10-26 12:18:30.345568,-0.000888099467140302,-0.001776198934280493,-0.04999999999999716,-0.09999999999999432,56.2,56.3,56.25,56.3,5.0,372.0,850.0,2643.0,False,False
006208,2022-10-26 12:18:30.363585,-0.000888099467140302,-0.001776198934280493,-0.04999999999999716,-0.09999999999999432,56.2,56.3,56.25,56.3,5.0,372.0,850.0,2643.0,False,False
006208,2022-10-26 12:18:31.363967,-0.000888099467140302,-0.001776198934280493,-0.04999999999999716,-0.09999999999999432,56.2,56.3,56.25,56.3,5.0,372.0,850.0,2643.0,False,False
006208,2022-10-26 12:18:31.726672,-0.000888099467140302,-0.001776198934280493,-0.04999999999999716,-0.09999999999999432,56.2,56.3,56.25,56.3,5.0,372.0,850.0,2643.0,False,False
006208,2022-10-26 12:18:31.730032,-0.000888099467140302,-0.001776198934280493,-0.04999999999999716,-0.09999999999999432,56.2,56.3,56.25,56.3,5.0,372.0,850.0,2643.0,False,False
006208,2022-10-26 12:18:31.857192,-0.000888099467140302,-0.001776198934280493,-0.04999999999999716,-0.09999999999999432,56.2,56.3,56.25,56.3,5.0,372.0,850.0,2643.0,False,False
006208,2022-10-26 12:18:34.979541,-0.000888099467140302,-0.001776198934280493,-0.04999999999999716,-0.09999999999999432,56.2,56.3,56.25,56.3,5.0,371.0,850.0,2643.0,False,False
006208,2022-10-26 12:18:40.325004,-0.000888099467140302,-0.001776198934280493,-0.04999999999999716,-0.09999999999999432,56.2,56.3,56.25,56.3,5.0,370.0,850.0,2643.0,False,False
006208,2022-10-26 12:18:41.839909,-0.000888099467140302,-0.001776198934280493,-0.04999999999999716,-0.09999999999999432,56.2,56.3,56.25,56.3,5.0,370.0,850.0,2643.0,False,False
006208,2022-10-26 12:18:41.844367,-0.000888099467140302,-0.001776198934280493,-0.04999999999999716,-0.09999999999999432,56.2,56.3,56.25,56.3,5.0,370.0,850.0,2643.0,False,False
006208,2022-10-26 12:18:41.975660,-0.000888099467140302,-0.001776198934280493,-0.04999999999999716,-0.09999999999999432,56.2,56.3,56.25,56.3,5.0,370.0,850.0,2643.0,False,False
006208,2022-10-26 12:18:49.429271,-0.000888099467140302,-0.001776198934280493,-0.04999999999999716,-0.09999999999999432,56.2,56.3,56.25,56.3,5.0,370.0,850.0,2643.0,True,True
006208,2022-10-26 12:18:49.614439,-0.000888099467140302,-0.001776198934280493,-0.04999999999999716,-0.09999999999999432,56.2,56.3,56.25,56.3,5.0,370.0,850.0,2643.0,False,False
006208,2022-10-26 12:18:50.335809,-0.000888099467140302,-0.001776198934280493,-0.04999999999999716,-0.09999999999999432,56.2,56.3,56.25,56.3,5.0,368.0,850.0,2643.0,False,False
006208,2022-10-26 12:18:50.614788,0.0,-0.001776198934280493,0.0,-0.09999999999999432,56.2,56.25,56.25,56.3,5.0,100.0,850.0,2643.0,False,False
006208,2022-10-26 12:18:50.640165,0.0,-0.001776198934280493,0.0,-0.09999999999999432,56.2,56.25,56.25,56.3,5.0,100.0,850.0,2643.0,False,False
006208,2022-10-26 12:18:50.706601,0.0,-0.001776198934280493,0.0,-0.09999999999999432,56.2,56.25,56.25,56.3,5.0,100.0,850.0,2643.0,False,False
006208,2022-10-26 12:18:50.807404,0.0,-0.001776198934280493,0.0,-0.09999999999999432,56.2,56.25,56.25,56.3,5.0,100.0,850.0,2643.0,False,False
006208,2022-10-26 12:18:52.442206,0.0,-0.001776198934280493,0.0,-0.09999999999999432,56.2,56.25,56.25,56.3,5.0,100.0,850.0,2643.0,False,False
006208,2022-10-26 12:18:52.454903,0.0,-0.001776198934280493,0.0,-0.09999999999999432,56.2,56.25,56.25,56.3,5.0,100.0,850.0,2643.0,False,False
006208,2022-10-26 12:18:52.586990,0.0,-0.001776198934280493,0.0,-0.09999999999999432,56.2,56.25,56.25,56.3,5.0,134.0,850.0,2643.0,False,False
006208,2022-10-26 12:18:52.858540,0.0,-0.001776198934280493,0.0,-0.09999999999999432,56.2,56.25,56.25,56.3,5.0,134.0,850.0,2643.0,False,False
006208,2022-10-26 12:18:52.971953,0.0,-0.001776198934280493,0.0,-0.09999999999999432,56.2,56.25,56.25,56.3,5.0,134.0,850.0,2643.0,False,False
006208,2022-10-26 12:18:52.981734,0.0,-0.001776198934280493,0.0,-0.09999999999999432,56.2,56.25,56.25,56.3,5.0,134.0,850.0,2643.0,False,False
006208,2022-10-26 12:18:53.818825,0.0,-0.001776198934280493,0.0,-0.09999999999999432,56.2,56.25,56.25,56.3,5.0,133.0,850.0,2643.0,False,False
006208,2022-10-26 12:18:56.798904,0.0,-0.001776198934280493,0.0,-0.09999999999999432,56.2,56.25,56.25,56.3,5.0,133.0,850.0,2643.0,False,False
006208,2022-10-26 12:18:56.852776,0.0,-0.001776198934280493,0.0,-0.09999999999999432,56.2,56.25,56.25,56.3,5.0,99.0,850.0,2643.0,False,False
006208,2022-10-26 12:18:56.932120,0.0,-0.001776198934280493,0.0,-0.09999999999999432,56.2,56.25,56.25,56.3,5.0,99.0,850.0,2643.0,False,False
006208,2022-10-26 12:18:57.809377,0.0,-0.001776198934280493,0.0,-0.09999999999999432,56.2,56.25,56.25,56.3,5.0,99.0,850.0,2643.0,False,False
006208,2022-10-26 12:18:57.883207,0.0,-0.001776198934280493,0.0,-0.09999999999999432,56.2,56.25,56.25,56.3,5.0,133.0,850.0,2643.0,False,False
006208,2022-10-26 12:18:57.999447,0.0,-0.001776198934280493,0.0,-0.09999999999999432,56.2,56.25,56.25,56.3,5.0,133.0,850.0,2643.0,False,False
006208,2022-10-26 12:18:59.457249,0.0,-0.001776198934280493,0.0,-0.09999999999999432,56.2,56.25,56.25,56.3,5.0,133.0,850.0,2823.0,True,True
006208,2022-10-26 12:19:00.330818,0.0,-0.001776198934280493,0.0,-0.09999999999999432,56.2,56.25,56.25,56.3,5.0,132.0,850.0,2823.0,False,False
006208,2022-10-26 12:19:00.796272,0.0,-0.001776198934280493,0.0,-0.09999999999999432,56.2,56.25,56.25,56.3,5.0,132.0,850.0,2823.0,False,False
006208,2022-10-26 12:19:00.875674,0.0,-0.001776198934280493,0.0,-0.09999999999999432,56.2,56.25,56.25,56.3,5.0,132.0,850.0,2823.0,False,False
006208,2022-10-26 12:19:01.005887,0.0,-0.001776198934280493,0.0,-0.09999999999999432,56.2,56.25,56.25,56.3,5.0,132.0,850.0,2823.0,False,False
006208,2022-10-26 12:19:01.044702,0.0,-0.001776198934280493,0.0,-0.09999999999999432,56.2,56.25,56.25,56.3,5.0,132.0,850.0,2823.0,False,False
006208,2022-10-26 12:19:01.166315,0.0,-0.001776198934280493,0.0,-0.09999999999999432,56.2,56.25,56.25,56.3,5.0,132.0,850.0,2823.0,False,False
006208,2022-10-26 12:19:06.466049,0.0,-0.001776198934280493,0.0,-0.09999999999999432,56.2,56.25,56.25,56.3,5.0,132.0,850.0,2823.0,False,False
006208,2022-10-26 12:19:06.478959,0.0,-0.001776198934280493,0.0,-0.09999999999999432,56.2,56.25,56.25,56.3,5.0,98.0,850.0,2823.0,False,False
006208,2022-10-26 12:19:06.573523,0.0,-0.001776198934280493,0.0,-0.09999999999999432,56.2,56.25,56.25,56.3,5.0,98.0,850.0,2823.0,False,False
006208,2022-10-26 12:19:06.642712,0.0,-0.001776198934280493,0.0,-0.09999999999999432,56.2,56.25,56.25,56.3,5.0,98.0,850.0,2823.0,False,False
006208,2022-10-26 12:19:07.927496,0.0,-0.001776198934280493,0.0,-0.09999999999999432,56.2,56.25,56.25,56.3,5.0,97.0,850.0,2823.0,False,False
006208,2022-10-26 12:19:08.347882,0.0,-0.001776198934280493,0.0,-0.09999999999999432,56.2,56.25,56.25,56.3,5.0,97.0,850.0,2823.0,False,False
006208,2022-10-26 12:19:08.367044,0.0,-0.001776198934280493,0.0,-0.09999999999999432,56.2,56.25,56.25,56.3,5.0,97.0,850.0,2823.0,False,False
006208,2022-10-26 12:19:08.427101,0.0,-0.001776198934280493,0.0,-0.09999999999999432,56.2,56.25,56.25,56.3,5.0,97.0,850.0,2823.0,False,False
006208,2022-10-26 12:19:08.601813,0.0,-0.001776198934280493,0.0,-0.09999999999999432,56.2,56.25,56.25,56.3,5.0,131.0,850.0,2823.0,False,False
006208,2022-10-26 12:19:08.698666,0.0,-0.001776198934280493,0.0,-0.09999999999999432,56.2,56.25,56.25,56.3,5.0,131.0,850.0,2823.0,False,False
006208,2022-10-26 12:19:09.087195,0.0,-0.001776198934280493,0.0,-0.09999999999999432,56.2,56.25,56.25,56.3,5.0,131.0,850.0,2823.0,False,True
006208,2022-10-26 12:19:09.102682,0.0,-0.001776198934280493,0.0,-0.09999999999999432,56.2,56.25,56.25,56.3,5.0,131.0,850.0,2823.0,False,False
006208,2022-10-26 12:19:09.118749,0.0,-0.001776198934280493,0.0,-0.09999999999999432,56.2,56.25,56.25,56.3,5.0,131.0,850.0,2823.0,False,False
006208,2022-10-26 12:19:09.221039,0.0,-0.001776198934280493,0.0,-0.09999999999999432,56.2,56.25,56.25,56.3,5.0,131.0,850.0,2823.0,False,False
006208,2022-10-26 12:19:09.366470,0.000889679715302405,-0.002664298401420906,0.04999999999999716,-0.14999999999999858,56.15,56.2,56.25,56.3,220.0,5.0,850.0,2823.0,False,False
006208,2022-10-26 12:19:09.385571,0.000889679715302405,-0.002664298401420906,0.04999999999999716,-0.14999999999999858,56.15,56.2,56.25,56.3,220.0,5.0,850.0,2823.0,False,False
006208,2022-10-26 12:19:09.464658,0.000889679715302405,-0.002664298401420906,0.04999999999999716,-0.14999999999999858,56.15,56.2,56.25,56.3,180.0,5.0,850.0,2823.0,False,False
006208,2022-10-26 12:19:09.601014,0.000889679715302405,-0.002664298401420906,0.04999999999999716,-0.14999999999999858,56.15,56.2,56.25,56.3,180.0,5.0,850.0,2823.0,False,False
006208,2022-10-26 12:19:09.647492,0.000889679715302405,-0.002664298401420906,0.04999999999999716,-0.14999999999999858,56.15,56.2,56.25,56.3,180.0,5.0,850.0,2823.0,False,False
006208,2022-10-26 12:19:09.795287,0.000889679715302405,-0.002664298401420906,0.04999999999999716,-0.14999999999999858,56.15,56.2,56.25,56.3,180.0,5.0,850.0,2823.0,False,False
006208,2022-10-26 12:19:10.294811,0.000889679715302405,-0.002664298401420906,0.04999999999999716,-0.14999999999999858,56.15,56.2,56.25,56.3,180.0,4.0,850.0,2823.0,False,False
006208,2022-10-26 12:19:10.542628,0.000889679715302405,-0.002664298401420906,0.04999999999999716,-0.14999999999999858,56.15,56.2,56.25,56.3,146.0,4.0,850.0,2823.0,False,False
006208,2022-10-26 12:19:10.631758,0.000889679715302405,-0.002664298401420906,0.04999999999999716,-0.14999999999999858,56.15,56.2,56.25,56.3,146.0,4.0,850.0,2823.0,False,False
006208,2022-10-26 12:19:10.833008,0.000889679715302405,-0.002664298401420906,0.04999999999999716,-0.14999999999999858,56.15,56.2,56.25,56.3,146.0,4.0,850.0,2823.0,False,False
006208,2022-10-26 12:19:10.833510,0.000889679715302405,-0.002664298401420906,0.04999999999999716,-0.14999999999999858,56.15,56.2,56.25,56.3,146.0,4.0,850.0,2823.0,False,False
006208,2022-10-26 12:19:11.446633,0.000889679715302405,-0.002664298401420906,0.04999999999999716,-0.14999999999999858,56.15,56.2,56.25,56.3,146.0,4.0,850.0,2823.0,False,False
006208,2022-10-26 12:19:11.476814,0.000889679715302405,-0.002664298401420906,0.04999999999999716,-0.14999999999999858,56.15,56.2,56.25,56.3,146.0,4.0,850.0,2823.0,False,False
006208,2022-10-26 12:19:11.560240,0.000889679715302405,-0.002664298401420906,0.04999999999999716,-0.14999999999999858,56.15,56.2,56.25,56.3,146.0,4.0,850.0,2823.0,False,False
006208,2022-10-26 12:19:13.902092,0.000889679715302405,-0.002664298401420906,0.04999999999999716,-0.14999999999999858,56.15,56.2,56.25,56.3,146.0,4.0,850.0,2823.0,False,False
006208,2022-10-26 12:19:13.934314,0.000889679715302405,-0.002664298401420906,0.04999999999999716,-0.14999999999999858,56.15,56.2,56.25,56.3,146.0,4.0,850.0,2823.0,False,False
006208,2022-10-26 12:19:14.037010,0.000889679715302405,-0.002664298401420906,0.04999999999999716,-0.14999999999999858,56.15,56.2,56.25,56.3,146.0,4.0,850.0,2823.0,False,False
006208,2022-10-26 12:19:14.478050,0.000889679715302405,-0.002664298401420906,0.04999999999999716,-0.14999999999999858,56.15,56.2,56.25,56.3,146.0,4.0,850.0,2823.0,False,False
006208,2022-10-26 12:19:14.535391,0.000889679715302405,-0.002664298401420906,0.04999999999999716,-0.14999999999999858,56.15,56.2,56.25,56.3,146.0,4.0,850.0,2823.0,False,False
006208,2022-10-26 12:19:14.545207,0.000889679715302405,-0.002664298401420906,0.04999999999999716,-0.14999999999999858,56.15,56.2,56.25,56.3,146.0,4.0,850.0,2823.0,False,False
006208,2022-10-26 12:19:14.920911,0.000889679715302405,-0.002664298401420906,0.04999999999999716,-0.14999999999999858,56.15,56.2,56.25,56.3,246.0,4.0,850.0,2823.0,False,False
006208,2022-10-26 12:19:15.026834,-0.000888099467140302,-0.002664298401420906,-0.04999999999999716,-0.14999999999999858,56.15,56.3,56.25,56.3,246.0,427.0,850.0,2823.0,False,False
006208,2022-10-26 12:19:15.112748,-0.000888099467140302,-0.002664298401420906,-0.04999999999999716,-0.14999999999999858,56.15,56.3,56.25,56.3,246.0,427.0,850.0,2823.0,False,False
006208,2022-10-26 12:19:15.270788,-0.000888099467140302,-0.002664298401420906,-0.04999999999999716,-0.14999999999999858,56.15,56.3,56.25,56.3,246.0,387.0,850.0,2823.0,False,False
006208,2022-10-26 12:19:15.394926,-0.000888099467140302,-0.002664298401420906,-0.04999999999999716,-0.14999999999999858,56.15,56.3,56.25,56.3,246.0,387.0,850.0,2823.0,False,False
006208,2022-10-26 12:19:15.545823,0.0,-0.002664298401420906,0.0,-0.14999999999999858,56.15,56.25,56.25,56.3,246.0,10.0,850.0,2823.0,False,False
006208,2022-10-26 12:19:15.564852,0.0,-0.002664298401420906,0.0,-0.14999999999999858,56.15,56.25,56.25,56.3,246.0,10.0,850.0,2823.0,False,False
006208,2022-10-26 12:19:15.717918,0.0,-0.002664298401420906,0.0,-0.14999999999999858,56.15,56.25,56.25,56.3,246.0,10.0,850.0,2823.0,False,False
006208,2022-10-26 12:19:16.551344,0.0,-0.002664298401420906,0.0,-0.14999999999999858,56.15,56.25,56.25,56.3,246.0,10.0,850.0,2823.0,False,False
006208,2022-10-26 12:19:16.564492,0.0,-0.002664298401420906,0.0,-0.14999999999999858,56.15,56.25,56.25,56.3,246.0,10.0,850.0,2823.0,False,False
006208,2022-10-26 12:19:16.683771,0.0,-0.002664298401420906,0.0,-0.14999999999999858,56.15,56.25,56.25,56.3,246.0,10.0,850.0,2823.0,False,False
006208,2022-10-26 12:19:16.903468,0.0,-0.002664298401420906,0.0,-0.14999999999999858,56.15,56.25,56.25,56.3,246.0,10.0,850.0,2823.0,False,False
006208,2022-10-26 12:19:16.993850,0.0,-0.002664298401420906,0.0,-0.14999999999999858,56.15,56.25,56.25,56.3,246.0,10.0,850.0,2823.0,False,False
006208,2022-10-26 12:19:17.244863,0.0,-0.002664298401420906,0.0,-0.14999999999999858,56.15,56.25,56.25,56.3,246.0,10.0,850.0,2823.0,False,False
006208,2022-10-26 12:19:17.244899,0.0,-0.002664298401420906,0.0,-0.14999999999999858,56.15,56.25,56.25,56.3,246.0,10.0,850.0,2823.0,False,False
006208,2022-10-26 12:19:17.314993,0.0,-0.002664298401420906,0.0,-0.14999999999999858,56.15,56.25,56.25,56.3,246.0,10.0,850.0,2823.0,False,False
006208,2022-10-26 12:19:19.120409,0.0,-0.002664298401420906,0.0,-0.14999999999999858,56.15,56.25,56.25,56.3,246.0,10.0,850.0,2823.0,True,True
006208,2022-10-26 12:19:19.384627,0.0,-0.002664298401420906,0.0,-0.14999999999999858,56.15,56.25,56.25,56.3,246.0,10.0,850.0,2823.0,False,False
006208,2022-10-26 12:19:20.320809,0.0,-0.002664298401420906,0.0,-0.14999999999999858,56.15,56.25,56.25,56.3,246.0,8.0,850.0,2823.0,False,False
006208,2022-10-26 12:19:25.700216,0.0,-0.002664298401420906,0.0,-0.14999999999999858,56.15,56.25,56.25,56.3,246.0,8.0,850.0,2823.0,False,False
006208,2022-10-26 12:19:25.703923,0.0,-0.002664298401420906,0.0,-0.14999999999999858,56.15,56.25,56.25,56.3,246.0,8.0,850.0,2823.0,False,False
006208,2022-10-26 12:19:25.835945,0.0,-0.002664298401420906,0.0,-0.14999999999999858,56.15,56.25,56.25,56.3,246.0,8.0,850.0,2823.0,False,False
006208,2022-10-26 12:19:26.733576,0.0,-0.002664298401420906,0.0,-0.14999999999999858,56.15,56.25,56.25,56.3,246.0,8.0,850.0,2823.0,False,False
006208,2022-10-26 12:19:27.268283,-0.000888099467140302,-0.002664298401420906,-0.04999999999999716,-0.14999999999999858,56.15,56.3,56.25,56.3,246.0,420.0,850.0,2823.0,False,False
006208,2022-10-26 12:19:27.302387,-0.000888099467140302,-0.002664298401420906,-0.04999999999999716,-0.14999999999999858,56.15,56.3,56.25,56.3,246.0,420.0,850.0,2823.0,False,False
006208,2022-10-26 12:19:27.466192,-0.000888099467140302,-0.002664298401420906,-0.04999999999999716,-0.14999999999999858,56.15,56.3,56.25,56.3,246.0,380.0,850.0,2823.0,False,False
006208,2022-10-26 12:19:27.594212,-0.000888099467140302,-0.002664298401420906,-0.04999999999999716,-0.14999999999999858,56.15,56.3,56.25,56.3,246.0,380.0,850.0,2823.0,False,False
006208,2022-10-26 12:19:28.393619,-0.000888099467140302,-0.002664298401420906,-0.04999999999999716,-0.14999999999999858,56.15,56.3,56.25,56.3,246.0,380.0,850.0,2823.0,False,False
006208,2022-10-26 12:19:28.402994,-0.000888099467140302,-0.002664298401420906,-0.04999999999999716,-0.14999999999999858,56.15,56.3,56.25,56.3,246.0,380.0,850.0,2823.0,False,False
006208,2022-10-26 12:19:28.593772,0.0,-0.002664298401420906,0.0,-0.14999999999999858,56.15,56.25,56.25,56.3,246.0,10.0,850.0,2823.0,False,False
006208,2022-10-26 12:19:28.718992,0.0,-0.002664298401420906,0.0,-0.14999999999999858,56.15,56.25,56.25,56.3,246.0,10.0,850.0,2823.0,False,False
006208,2022-10-26 12:19:29.160766,0.0,-0.002664298401420906,0.0,-0.14999999999999858,56.15,56.25,56.25,56.3,246.0,10.0,850.0,3076.0,True,True
006208,2022-10-26 12:19:30.300645,0.0,-0.002664298401420906,0.0,-0.14999999999999858,56.15,56.25,56.25,56.3,246.0,9.0,850.0,3076.0,False,False
006208,2022-10-26 12:19:31.327035,0.0,-0.002664298401420906,0.0,-0.14999999999999858,56.15,56.25,56.25,56.3,246.0,9.0,850.0,3076.0,False,False
006208,2022-10-26 12:19:31.417321,0.0,-0.002664298401420906,0.0,-0.14999999999999858,56.15,56.25,56.25,56.3,246.0,9.0,850.0,3076.0,False,False
006208,2022-10-26 12:19:31.426191,0.0,-0.002664298401420906,0.0,-0.14999999999999858,56.15,56.25,56.25,56.3,246.0,9.0,850.0,3076.0,False,False
006208,2022-10-26 12:19:38.722233,0.0,-0.002664298401420906,0.0,-0.14999999999999858,56.15,56.25,56.25,56.3,246.0,9.0,850.0,3076.0,False,False
006208,2022-10-26 12:19:38.727846,0.0,-0.002664298401420906,0.0,-0.14999999999999858,56.15,56.25,56.25,56.3,246.0,9.0,850.0,3076.0,False,False
006208,2022-10-26 12:19:38.864323,0.0,-0.002664298401420906,0.0,-0.14999999999999858,56.15,56.25,56.25,56.3,246.0,9.0,850.0,3076.0,False,False
006208,2022-10-26 12:19:40.326996,0.0,-0.002664298401420906,0.0,-0.14999999999999858,56.15,56.25,56.25,56.3,246.0,8.0,850.0,3076.0,False,False
006208,2022-10-26 12:19:40.915580,0.0,-0.002664298401420906,0.0,-0.14999999999999858,56.15,56.25,56.25,56.3,246.0,7.0,850.0,3076.0,False,False
006208,2022-10-26 12:19:45.790483,0.0,-0.001776198934280493,0.0,-0.09999999999999432,56.2,56.25,56.25,56.3,1.0,7.0,850.0,3076.0,False,False
006208,2022-10-26 12:19:45.861351,0.0,-0.001776198934280493,0.0,-0.09999999999999432,56.2,56.25,56.25,56.3,1.0,7.0,850.0,3076.0,False,False
006208,2022-10-26 12:19:46.081656,0.0,-0.001776198934280493,0.0,-0.09999999999999432,56.2,56.25,56.25,56.3,1.0,7.0,850.0,3076.0,False,False
006208,2022-10-26 12:19:49.088737,0.0,-0.001776198934280493,0.0,-0.09999999999999432,56.2,56.25,56.25,56.3,1.0,7.0,850.0,3076.0,False,False
006208,2022-10-26 12:19:49.179484,0.0,-0.001776198934280493,0.0,-0.09999999999999432,56.2,56.25,56.25,56.3,1.0,7.0,850.0,3076.0,False,False
006208,2022-10-26 12:19:49.188480,0.0,-0.001776198934280493,0.0,-0.09999999999999432,56.2,56.25,56.25,56.3,1.0,7.0,850.0,3076.0,False,False
006208,2022-10-26 12:19:49.364548,0.0,-0.001776198934280493,0.0,-0.09999999999999432,56.2,56.25,56.25,56.3,1.0,7.0,850.0,3076.0,False,False
006208,2022-10-26 12:19:50.264607,0.0,-0.001776198934280493,0.0,-0.09999999999999432,56.2,56.25,56.25,56.3,1.0,6.0,850.0,3076.0,False,False
006208,2022-10-26 12:19:50.277305,0.0,-0.001776198934280493,0.0,-0.09999999999999432,56.2,56.25,56.25,56.3,1.0,4.0,850.0,3076.0,False,False
006208,2022-10-26 12:19:50.332420,0.0,-0.001776198934280493,0.0,-0.09999999999999432,56.2,56.25,56.25,56.3,1.0,4.0,850.0,3076.0,False,False
006208,2022-10-26 12:19:50.353003,0.0,-0.001776198934280493,0.0,-0.09999999999999432,56.2,56.25,56.25,56.3,1.0,4.0,850.0,3076.0,False,False
006208,2022-10-26 12:19:50.495209,0.0,-0.001776198934280493,0.0,-0.09999999999999432,56.2,56.25,56.25,56.3,1.0,4.0,850.0,3076.0,False,False
006208,2022-10-26 12:19:50.506029,0.0,-0.001776198934280493,0.0,-0.09999999999999432,56.2,56.25,56.25,56.3,1.0,4.0,850.0,3076.0,False,False
006208,2022-10-26 12:19:51.103115,0.0,-0.001776198934280493,0.0,-0.09999999999999432,56.2,56.25,56.25,56.3,1.0,4.0,850.0,3076.0,False,False
006208,2022-10-26 12:19:51.103320,0.0,-0.001776198934280493,0.0,-0.09999999999999432,56.2,56.25,56.25,56.3,1.0,4.0,850.0,3076.0,False,False
006208,2022-10-26 12:19:51.402977,0.0,-0.001776198934280493,0.0,-0.09999999999999432,56.2,56.25,56.25,56.3,1.0,4.0,850.0,3076.0,False,False
006208,2022-10-26 12:19:51.418686,0.0,-0.001776198934280493,0.0,-0.09999999999999432,56.2,56.25,56.25,56.3,1.0,4.0,850.0,3076.0,False,False
006208,2022-10-26 12:19:51.590699,0.0,-0.001776198934280493,0.0,-0.09999999999999432,56.2,56.25,56.25,56.3,1.0,4.0,850.0,3076.0,False,False
006208,2022-10-26 12:19:51.678921,0.0,-0.001776198934280493,0.0,-0.09999999999999432,56.2,56.25,56.25,56.3,1.0,4.0,850.0,3076.0,False,False
006208,2022-10-26 12:19:52.366068,0.0,-0.001776198934280493,0.0,-0.09999999999999432,56.2,56.25,56.25,56.3,1.0,4.0,850.0,3076.0,False,False
006208,2022-10-26 12:19:52.366278,0.0,-0.001776198934280493,0.0,-0.09999999999999432,56.2,56.25,56.25,56.3,1.0,4.0,850.0,3076.0,False,False
006208,2022-10-26 12:19:55.065919,0.0,-0.001776198934280493,0.0,-0.09999999999999432,56.2,56.25,56.25,56.3,1.0,4.0,850.0,3076.0,False,False
006208,2022-10-26 12:19:55.065936,0.0,-0.001776198934280493,0.0,-0.09999999999999432,56.2,56.25,56.25,56.3,1.0,4.0,850.0,3076.0,False,False
006208,2022-10-26 12:19:56.108768,0.0,-0.001776198934280493,0.0,-0.09999999999999432,56.2,56.25,56.25,56.3,1.0,4.0,850.0,3076.0,False,False
006208,2022-10-26 12:19:56.111855,0.0,-0.001776198934280493,0.0,-0.09999999999999432,56.2,56.25,56.25,56.3,1.0,4.0,850.0,3076.0,False,False
006208,2022-10-26 12:19:56.245336,0.0,-0.001776198934280493,0.0,-0.09999999999999432,56.2,56.25,56.25,56.3,1.0,4.0,850.0,3076.0,False,False
006208,2022-10-26 12:19:56.562550,0.0,-0.001776198934280493,0.0,-0.09999999999999432,56.2,56.25,56.25,56.3,1.0,4.0,850.0,3076.0,False,False
006208,2022-10-26 12:19:56.562754,0.0,-0.001776198934280493,0.0,-0.09999999999999432,56.2,56.25,56.25,56.3,1.0,4.0,850.0,3076.0,False,False
006208,2022-10-26 12:19:56.723458,0.0,-0.001776198934280493,0.0,-0.09999999999999432,56.2,56.25,56.25,56.3,1.0,4.0,850.0,3076.0,False,False
006208,2022-10-26 12:19:57.690888,0.0,-0.001776198934280493,0.0,-0.09999999999999432,56.2,56.25,56.25,56.3,1.0,4.0,850.0,3076.0,False,False
006208,2022-10-26 12:19:57.691053,0.0,-0.001776198934280493,0.0,-0.09999999999999432,56.2,56.25,56.25,56.3,1.0,4.0,850.0,3076.0,False,False
006208,2022-10-26 12:19:59.328658,0.0,-0.001776198934280493,0.0,-0.09999999999999432,56.2,56.25,56.25,56.3,1.0,4.0,850.0,3076.0,True,True
006208,2022-10-26 12:20:00.355697,0.0,-0.001776198934280493,0.0,-0.09999999999999432,56.2,56.25,56.25,56.3,1.0,3.0,850.0,3076.0,False,False
006208,2022-10-26 12:20:06.290719,0.0,-0.001776198934280493,0.0,-0.09999999999999432,56.2,56.25,56.25,56.3,1.0,3.0,850.0,3076.0,False,False
006208,2022-10-26 12:20:06.295015,0.0,-0.001776198934280493,0.0,-0.09999999999999432,56.2,56.25,56.25,56.3,1.0,3.0,850.0,3076.0,False,False
006208,2022-10-26 12:20:06.427041,0.0,-0.001776198934280493,0.0,-0.09999999999999432,56.2,56.25,56.25,56.3,1.0,3.0,850.0,3076.0,False,False
006208,2022-10-26 12:20:10.031382,0.0,-0.001776198934280493,0.0,-0.09999999999999432,56.2,56.25,56.25,56.3,1.0,3.0,850.0,3076.0,False,False
006208,2022-10-26 12:20:10.037442,0.0,-0.001776198934280493,0.0,-0.09999999999999432,56.2,56.25,56.25,56.3,1.0,3.0,850.0,3076.0,False,False
006208,2022-10-26 12:20:10.401998,0.0,-0.001776198934280493,0.0,-0.09999999999999432,56.2,56.25,56.25,56.3,1.0,1.0,850.0,3076.0,False,False
006208,2022-10-26 12:20:11.368289,0.0,-0.001776198934280493,0.0,-0.09999999999999432,56.2,56.25,56.25,56.3,1.0,1.0,850.0,3076.0,False,False
006208,2022-10-26 12:20:11.373693,0.0,-0.001776198934280493,0.0,-0.09999999999999432,56.2,56.25,56.25,56.3,1.0,1.0,850.0,3076.0,False,False
006208,2022-10-26 12:20:11.783889,0.0,-0.001776198934280493,0.0,-0.09999999999999432,56.2,56.25,56.25,56.3,1.0,1.0,850.0,3076.0,False,False
006208,2022-10-26 12:20:11.845023,0.0,-0.001776198934280493,0.0,-0.09999999999999432,56.2,56.25,56.25,56.3,1.0,1.0,850.0,3076.0,False,False
006208,2022-10-26 12:20:12.303894,0.0,-0.001776198934280493,0.0,-0.09999999999999432,56.2,56.25,56.25,56.3,1.0,1.0,850.0,3076.0,False,False
006208,2022-10-26 12:20:12.303956,0.0,-0.001776198934280493,0.0,-0.09999999999999432,56.2,56.25,56.25,56.3,1.0,1.0,850.0,3076.0,False,False
006208,2022-10-26 12:20:12.897787,0.0,-0.001776198934280493,0.0,-0.09999999999999432,56.2,56.25,56.25,56.3,1.0,1.0,850.0,3076.0,False,False
006208,2022-10-26 12:20:12.923983,0.0,-0.001776198934280493,0.0,-0.09999999999999432,56.2,56.25,56.25,56.3,1.0,1.0,850.0,3076.0,False,False
006208,2022-10-26 12:20:13.112054,0.0,-0.001776198934280493,0.0,-0.09999999999999432,56.2,56.25,56.25,56.3,1.0,1.0,850.0,3076.0,False,False
006208,2022-10-26 12:20:13.130547,0.0,-0.001776198934280493,0.0,-0.09999999999999432,56.2,56.25,56.25,56.3,1.0,1.0,850.0,3076.0,False,False
006208,2022-10-26 12:20:15.160935,-0.000888099467140302,-0.001776198934280493,-0.04999999999999716,-0.09999999999999432,56.2,56.3,56.25,56.3,1.0,440.0,850.0,3076.0,False,False
006208,2022-10-26 12:20:15.193532,-0.000888099467140302,-0.001776198934280493,-0.04999999999999716,-0.09999999999999432,56.2,56.3,56.25,56.3,1.0,440.0,850.0,3076.0,False,False
006208,2022-10-26 12:20:15.250462,-0.000888099467140302,-0.001776198934280493,-0.04999999999999716,-0.09999999999999432,56.2,56.3,56.25,56.3,1.0,400.0,850.0,3076.0,False,False
006208,2022-10-26 12:20:15.374723,-0.000888099467140302,-0.001776198934280493,-0.04999999999999716,-0.09999999999999432,56.2,56.3,56.25,56.3,1.0,400.0,850.0,3076.0,False,False
006208,2022-10-26 12:20:15.476996,-0.000888099467140302,-0.001776198934280493,-0.04999999999999716,-0.09999999999999432,56.2,56.3,56.25,56.3,1.0,380.0,850.0,3076.0,False,False
006208,2022-10-26 12:20:15.841460,-0.000888099467140302,-0.001776198934280493,-0.04999999999999716,-0.09999999999999432,56.2,56.3,56.25,56.3,1.0,380.0,850.0,3076.0,False,False
006208,2022-10-26 12:20:15.852058,-0.000888099467140302,-0.001776198934280493,-0.04999999999999716,-0.09999999999999432,56.2,56.3,56.25,56.3,1.0,380.0,850.0,3076.0,False,False
006208,2022-10-26 12:20:15.942973,-0.000888099467140302,-0.001776198934280493,-0.04999999999999716,-0.09999999999999432,56.2,56.3,56.25,56.3,1.0,380.0,850.0,3076.0,False,False
006208,2022-10-26 12:20:16.074517,-0.000888099467140302,-0.001776198934280493,-0.04999999999999716,-0.09999999999999432,56.2,56.3,56.25,56.3,1.0,400.0,850.0,3076.0,False,False
006208,2022-10-26 12:20:19.483248,-0.000888099467140302,-0.001776198934280493,-0.04999999999999716,-0.09999999999999432,56.2,56.3,56.25,56.3,1.0,400.0,950.0,2868.0,True,True
006208,2022-10-26 12:20:20.444484,-0.000888099467140302,-0.001776198934280493,-0.04999999999999716,-0.09999999999999432,56.2,56.3,56.25,56.3,1.0,399.0,950.0,2868.0,False,False
006208,2022-10-26 12:20:25.370352,-0.000888099467140302,-0.001776198934280493,-0.04999999999999716,-0.09999999999999432,56.2,56.3,56.25,56.3,1.0,399.0,950.0,2868.0,False,False
006208,2022-10-26 12:20:25.387421,-0.000888099467140302,-0.001776198934280493,-0.04999999999999716,-0.09999999999999432,56.2,56.3,56.25,56.3,1.0,399.0,950.0,2868.0,False,False
006208,2022-10-26 12:20:25.505463,-0.000888099467140302,-0.001776198934280493,-0.04999999999999716,-0.09999999999999432,56.2,56.3,56.25,56.3,1.0,399.0,950.0,2868.0,False,False
006208,2022-10-26 12:20:29.538974,-0.000888099467140302,-0.001776198934280493,-0.04999999999999716,-0.09999999999999432,56.2,56.3,56.25,56.3,1.0,399.0,973.0,2863.0,True,True
006208,2022-10-26 12:20:30.445473,-0.000888099467140302,-0.001776198934280493,-0.04999999999999716,-0.09999999999999432,56.2,56.3,56.25,56.3,1.0,398.0,973.0,2863.0,False,False
006208,2022-10-26 12:20:35.506473,-0.000888099467140302,-0.001776198934280493,-0.04999999999999716,-0.09999999999999432,56.2,56.3,56.25,56.3,1.0,398.0,973.0,2863.0,False,False
006208,2022-10-26 12:20:35.509605,-0.000888099467140302,-0.001776198934280493,-0.04999999999999716,-0.09999999999999432,56.2,56.3,56.25,56.3,1.0,398.0,973.0,2863.0,False,False
006208,2022-10-26 12:20:35.642918,-0.000888099467140302,-0.001776198934280493,-0.04999999999999716,-0.09999999999999432,56.2,56.3,56.25,56.3,1.0,398.0,973.0,2863.0,False,False
006208,2022-10-26 12:20:37.273018,-0.000888099467140302,-0.001776198934280493,-0.04999999999999716,-0.09999999999999432,56.2,56.3,56.25,56.3,1.0,378.0,973.0,2863.0,False,False
006208,2022-10-26 12:20:37.273046,-0.000888099467140302,-0.001776198934280493,-0.04999999999999716,-0.09999999999999432,56.2,56.3,56.25,56.3,1.0,378.0,973.0,2863.0,False,False
006208,2022-10-26 12:20:39.062468,-0.000888099467140302,-0.001776198934280493,-0.04999999999999716,-0.09999999999999432,56.2,56.3,56.25,56.3,1.0,328.0,973.0,2863.0,False,False
006208,2022-10-26 12:20:39.074822,-0.000888099467140302,-0.001776198934280493,-0.04999999999999716,-0.09999999999999432,56.2,56.3,56.25,56.3,1.0,328.0,973.0,2863.0,False,False
006208,2022-10-26 12:20:39.582634,-0.000888099467140302,-0.001776198934280493,-0.04999999999999716,-0.09999999999999432,56.2,56.3,56.25,56.3,1.0,328.0,973.0,2858.0,True,True
006208,2022-10-26 12:20:40.471932,-0.000888099467140302,-0.001776198934280493,-0.04999999999999716,-0.09999999999999432,56.2,56.3,56.25,56.3,1.0,326.0,973.0,2858.0,False,False
006208,2022-10-26 12:20:41.432951,-0.000888099467140302,-0.001776198934280493,-0.04999999999999716,-0.09999999999999432,56.2,56.3,56.25,56.3,1.0,326.0,973.0,2858.0,False,False
006208,2022-10-26 12:20:41.444313,-0.000888099467140302,-0.001776198934280493,-0.04999999999999716,-0.09999999999999432,56.2,56.3,56.25,56.3,1.0,376.0,973.0,2858.0,False,False
006208,2022-10-26 12:20:45.649424,-0.000888099467140302,-0.001776198934280493,-0.04999999999999716,-0.09999999999999432,56.2,56.3,56.25,56.3,1.0,376.0,973.0,2858.0,False,False
006208,2022-10-26 12:20:45.652256,-0.000888099467140302,-0.001776198934280493,-0.04999999999999716,-0.09999999999999432,56.2,56.3,56.25,56.3,1.0,376.0,973.0,2858.0,False,False
006208,2022-10-26 12:20:45.782639,-0.000888099467140302,-0.001776198934280493,-0.04999999999999716,-0.09999999999999432,56.2,56.3,56.25,56.3,1.0,376.0,973.0,2858.0,False,False
006208,2022-10-26 12:20:45.793359,-0.000888099467140302,-0.001776198934280493,-0.04999999999999716,-0.09999999999999432,56.2,56.3,56.25,56.3,1.0,376.0,973.0,2858.0,False,False
006208,2022-10-26 12:20:45.996002,-0.000888099467140302,-0.001776198934280493,-0.04999999999999716,-0.09999999999999432,56.2,56.3,56.25,56.3,1.0,326.0,973.0,2858.0,False,False
006208,2022-10-26 12:20:46.804438,-0.000888099467140302,-0.001776198934280493,-0.04999999999999716,-0.09999999999999432,56.2,56.3,56.25,56.3,1.0,326.0,973.0,2858.0,False,False
006208,2022-10-26 12:20:46.804546,-0.000888099467140302,-0.001776198934280493,-0.04999999999999716,-0.09999999999999432,56.2,56.3,56.25,56.3,1.0,326.0,973.0,2858.0,False,False
006208,2022-10-26 12:20:47.778013,-0.000888099467140302,-0.000888099467140302,-0.04999999999999716,-0.04999999999999716,56.25,56.3,56.25,56.3,2.0,326.0,973.0,2858.0,False,False
006208,2022-10-26 12:20:47.811577,-0.000888099467140302,-0.000888099467140302,-0.04999999999999716,-0.04999999999999716,56.25,56.3,56.25,56.3,2.0,326.0,973.0,2858.0,False,False
006208,2022-10-26 12:20:47.845786,-0.000888099467140302,-0.000888099467140302,-0.04999999999999716,-0.04999999999999716,56.25,56.3,56.25,56.3,2.0,326.0,973.0,2858.0,False,False
006208,2022-10-26 12:20:48.477968,-0.000888099467140302,-0.000888099467140302,-0.04999999999999716,-0.04999999999999716,56.25,56.3,56.25,56.3,2.0,326.0,973.0,2858.0,False,False
006208,2022-10-26 12:20:48.570518,-0.000888099467140302,-0.000888099467140302,-0.04999999999999716,-0.04999999999999716,56.25,56.3,56.25,56.3,2.0,326.0,973.0,2858.0,False,False
006208,2022-10-26 12:20:48.631073,-0.000888099467140302,-0.000888099467140302,-0.04999999999999716,-0.04999999999999716,56.25,56.3,56.25,56.3,2.0,326.0,973.0,2858.0,False,False
006208,2022-10-26 12:20:48.754109,-0.000888099467140302,-0.000888099467140302,-0.04999999999999716,-0.04999999999999716,56.25,56.3,56.25,56.3,2.0,326.0,973.0,2858.0,False,False
006208,2022-10-26 12:20:49.626291,-0.000888099467140302,-0.000888099467140302,-0.04999999999999716,-0.04999999999999716,56.25,56.3,56.25,56.3,2.0,326.0,1028.0,2678.0,True,True
006208,2022-10-26 12:20:50.464446,-0.000888099467140302,-0.000888099467140302,-0.04999999999999716,-0.04999999999999716,56.25,56.3,56.25,56.3,2.0,325.0,1028.0,2678.0,False,False
006208,2022-10-26 12:20:50.490071,-0.000888099467140302,-0.000888099467140302,-0.04999999999999716,-0.04999999999999716,56.25,56.3,56.25,56.3,2.0,325.0,1028.0,2678.0,False,False
006208,2022-10-26 12:20:50.502000,-0.000888099467140302,-0.000888099467140302,-0.04999999999999716,-0.04999999999999716,56.25,56.3,56.25,56.3,2.0,375.0,1028.0,2678.0,False,False
006208,2022-10-26 12:20:50.560849,-0.000888099467140302,-0.000888099467140302,-0.04999999999999716,-0.04999999999999716,56.25,56.3,56.25,56.3,2.0,375.0,1028.0,2678.0,False,False
006208,2022-10-26 12:20:50.788103,-0.000888099467140302,-0.000888099467140302,-0.04999999999999716,-0.04999999999999716,56.25,56.3,56.25,56.3,2.0,375.0,1028.0,2678.0,False,False
006208,2022-10-26 12:20:50.867292,-0.000888099467140302,-0.000888099467140302,-0.04999999999999716,-0.04999999999999716,56.25,56.3,56.25,56.3,2.0,375.0,1028.0,2678.0,False,False
006208,2022-10-26 12:20:50.888055,-0.000888099467140302,-0.000888099467140302,-0.04999999999999716,-0.04999999999999716,56.25,56.3,56.25,56.3,2.0,375.0,1028.0,2678.0,False,False
006208,2022-10-26 12:20:51.164797,-0.000888099467140302,-0.000888099467140302,-0.04999999999999716,-0.04999999999999716,56.25,56.3,56.25,56.3,2.0,375.0,1028.0,2678.0,False,False
006208,2022-10-26 12:20:51.207676,-0.000888099467140302,-0.000888099467140302,-0.04999999999999716,-0.04999999999999716,56.25,56.3,56.25,56.3,2.0,375.0,1028.0,2678.0,False,False
006208,2022-10-26 12:20:51.207755,-0.000888099467140302,-0.000888099467140302,-0.04999999999999716,-0.04999999999999716,56.25,56.3,56.25,56.3,2.0,375.0,1028.0,2678.0,False,False
006208,2022-10-26 12:20:52.029314,-0.000888099467140302,-0.000888099467140302,-0.04999999999999716,-0.04999999999999716,56.25,56.3,56.25,56.3,2.0,325.0,1028.0,2678.0,False,False
006208,2022-10-26 12:20:52.041274,-0.000888099467140302,-0.000888099467140302,-0.04999999999999716,-0.04999999999999716,56.25,56.3,56.25,56.3,2.0,325.0,1028.0,2678.0,False,False
006208,2022-10-26 12:20:52.667249,-0.000888099467140302,-0.000888099467140302,-0.04999999999999716,-0.04999999999999716,56.25,56.3,56.25,56.3,2.0,345.0,1028.0,2678.0,False,False
006208,2022-10-26 12:20:52.758453,-0.000888099467140302,-0.000888099467140302,-0.04999999999999716,-0.04999999999999716,56.25,56.3,56.25,56.3,2.0,345.0,1028.0,2678.0,False,False
006208,2022-10-26 12:20:52.812581,-0.000888099467140302,-0.000888099467140302,-0.04999999999999716,-0.04999999999999716,56.25,56.3,56.25,56.3,2.0,345.0,1028.0,2678.0,False,False
006208,2022-10-26 12:20:57.013499,-0.000888099467140302,-0.000888099467140302,-0.04999999999999716,-0.04999999999999716,56.25,56.3,56.25,56.3,2.0,325.0,1028.0,2678.0,False,False
006208,2022-10-26 12:20:57.013636,-0.000888099467140302,-0.000888099467140302,-0.04999999999999716,-0.04999999999999716,56.25,56.3,56.25,56.3,2.0,325.0,1028.0,2678.0,False,False
006208,2022-10-26 12:20:57.104782,-0.000888099467140302,-0.000888099467140302,-0.04999999999999716,-0.04999999999999716,56.25,56.3,56.25,56.3,2.0,324.0,1028.0,2678.0,False,False
006208,2022-10-26 12:20:57.142253,-0.000888099467140302,-0.000888099467140302,-0.04999999999999716,-0.04999999999999716,56.25,56.3,56.25,56.3,2.0,364.0,1028.0,2678.0,False,False
006208,2022-10-26 12:20:59.672253,-0.000888099467140302,-0.000888099467140302,-0.04999999999999716,-0.04999999999999716,56.25,56.3,56.25,56.3,2.0,364.0,1168.0,2698.0,True,True
006208,2022-10-26 12:21:00.534843,-0.000888099467140302,-0.000888099467140302,-0.04999999999999716,-0.04999999999999716,56.25,56.3,56.25,56.3,2.0,362.0,1168.0,2698.0,False,False
006208,2022-10-26 12:21:01.162663,-0.000888099467140302,-0.000888099467140302,-0.04999999999999716,-0.04999999999999716,56.25,56.3,56.25,56.3,2.0,362.0,1168.0,2698.0,False,False
006208,2022-10-26 12:21:01.166713,-0.000888099467140302,-0.000888099467140302,-0.04999999999999716,-0.04999999999999716,56.25,56.3,56.25,56.3,2.0,362.0,1168.0,2698.0,False,False
006208,2022-10-26 12:21:01.301569,-0.000888099467140302,-0.000888099467140302,-0.04999999999999716,-0.04999999999999716,56.25,56.3,56.25,56.3,2.0,362.0,1168.0,2698.0,False,False
006208,2022-10-26 12:21:01.311257,-0.000888099467140302,-0.000888099467140302,-0.04999999999999716,-0.04999999999999716,56.25,56.3,56.25,56.3,2.0,362.0,1168.0,2698.0,False,False
006208,2022-10-26 12:21:01.520903,-0.000888099467140302,-0.000888099467140302,-0.04999999999999716,-0.04999999999999716,56.25,56.3,56.25,56.3,2.0,328.0,1168.0,2698.0,False,False
006208,2022-10-26 12:21:01.607774,0.0,-0.001776198934280493,0.0,-0.09999999999999432,56.2,56.25,56.25,56.3,35.0,32.0,1168.0,2698.0,False,False
006208,2022-10-26 12:21:01.668036,0.0,-0.001776198934280493,0.0,-0.09999999999999432,56.2,56.25,56.25,56.3,35.0,32.0,1168.0,2698.0,False,False
006208,2022-10-26 12:21:01.746282,0.0,-0.001776198934280493,0.0,-0.09999999999999432,56.2,56.25,56.25,56.3,75.0,32.0,1168.0,2698.0,False,False
006208,2022-10-26 12:21:01.928140,0.0,-0.001776198934280493,0.0,-0.09999999999999432,56.2,56.25,56.25,56.3,35.0,32.0,1168.0,2698.0,False,False
006208,2022-10-26 12:21:02.058143,0.0,-0.001776198934280493,0.0,-0.09999999999999432,56.2,56.25,56.25,56.3,35.0,32.0,1168.0,2698.0,False,False
006208,2022-10-26 12:21:02.058898,0.0,-0.001776198934280493,0.0,-0.09999999999999432,56.2,56.25,56.25,56.3,35.0,32.0,1168.0,2698.0,False,False
006208,2022-10-26 12:21:03.189759,0.0,-0.001776198934280493,0.0,-0.09999999999999432,56.2,56.25,56.25,56.3,1.0,32.0,1168.0,2698.0,False,False
006208,2022-10-26 12:21:03.300322,-0.000888099467140302,-0.001776198934280493,-0.04999999999999716,-0.09999999999999432,56.2,56.3,56.25,56.3,1.0,368.0,1168.0,2698.0,False,False
006208,2022-10-26 12:21:03.408187,-0.000888099467140302,-0.001776198934280493,-0.04999999999999716,-0.09999999999999432,56.2,56.3,56.25,56.3,1.0,368.0,1168.0,2698.0,False,False
006208,2022-10-26 12:21:03.459480,-0.000888099467140302,-0.001776198934280493,-0.04999999999999716,-0.09999999999999432,56.2,56.3,56.25,56.3,1.0,328.0,1168.0,2698.0,False,False
006208,2022-10-26 12:21:03.591650,-0.000888099467140302,-0.001776198934280493,-0.04999999999999716,-0.09999999999999432,56.2,56.3,56.25,56.3,1.0,328.0,1168.0,2698.0,False,False
006208,2022-10-26 12:21:06.212882,-0.000888099467140302,-0.001776198934280493,-0.04999999999999716,-0.09999999999999432,56.2,56.3,56.25,56.3,1.0,328.0,1168.0,2698.0,False,False
006208,2022-10-26 12:21:06.238446,-0.000888099467140302,-0.001776198934280493,-0.04999999999999716,-0.09999999999999432,56.2,56.3,56.25,56.3,1.0,328.0,1168.0,2698.0,False,False
006208,2022-10-26 12:21:06.366319,-0.000888099467140302,-0.001776198934280493,-0.04999999999999716,-0.09999999999999432,56.2,56.3,56.25,56.3,1.0,328.0,1168.0,2698.0,False,False
006208,2022-10-26 12:21:06.891722,-0.000888099467140302,-0.001776198934280493,-0.04999999999999716,-0.09999999999999432,56.2,56.3,56.25,56.3,1.0,328.0,1168.0,2698.0,False,False
006208,2022-10-26 12:21:06.919994,-0.000888099467140302,-0.001776198934280493,-0.04999999999999716,-0.09999999999999432,56.2,56.3,56.25,56.3,1.0,362.0,1168.0,2698.0,False,False
006208,2022-10-26 12:21:09.715403,-0.000888099467140302,-0.001776198934280493,-0.04999999999999716,-0.09999999999999432,56.2,56.3,56.25,56.3,1.0,362.0,1168.0,2640.0,True,True
006208,2022-10-26 12:21:10.492661,-0.000888099467140302,-0.001776198934280493,-0.04999999999999716,-0.09999999999999432,56.2,56.3,56.25,56.3,1.0,361.0,1168.0,2640.0,False,False
006208,2022-10-26 12:21:11.701097,-0.000888099467140302,-0.001776198934280493,-0.04999999999999716,-0.09999999999999432,56.2,56.3,56.25,56.3,1.0,361.0,1168.0,2640.0,False,False
006208,2022-10-26 12:21:13.589781,-0.000888099467140302,-0.001776198934280493,-0.04999999999999716,-0.09999999999999432,56.2,56.3,56.25,56.3,1.0,361.0,1168.0,2640.0,False,False
006208,2022-10-26 12:21:13.593184,-0.000888099467140302,-0.001776198934280493,-0.04999999999999716,-0.09999999999999432,56.2,56.3,56.25,56.3,1.0,361.0,1168.0,2640.0,False,False
006208,2022-10-26 12:21:13.729221,-0.000888099467140302,-0.001776198934280493,-0.04999999999999716,-0.09999999999999432,56.2,56.3,56.25,56.3,1.0,361.0,1168.0,2640.0,False,False
006208,2022-10-26 12:21:13.962820,-0.000888099467140302,-0.001776198934280493,-0.04999999999999716,-0.09999999999999432,56.2,56.3,56.25,56.3,1.0,361.0,1168.0,2640.0,False,False
006208,2022-10-26 12:21:14.964258,0.0,-0.001776198934280493,0.0,-0.09999999999999432,56.2,56.25,56.25,56.3,1.0,100.0,1168.0,2640.0,False,False
006208,2022-10-26 12:21:15.063236,0.0,-0.001776198934280493,0.0,-0.09999999999999432,56.2,56.25,56.25,56.3,1.0,100.0,1168.0,2640.0,False,False
006208,2022-10-26 12:21:15.286433,0.0,-0.001776198934280493,0.0,-0.09999999999999432,56.2,56.25,56.25,56.3,1.0,100.0,1168.0,2640.0,False,False
006208,2022-10-26 12:21:18.057993,0.0,-0.001776198934280493,0.0,-0.09999999999999432,56.2,56.25,56.25,56.3,1.0,100.0,1168.0,2640.0,False,False
006208,2022-10-26 12:21:18.068004,0.0,-0.001776198934280493,0.0,-0.09999999999999432,56.2,56.25,56.25,56.3,1.0,100.0,1168.0,2640.0,False,False
006208,2022-10-26 12:21:18.176196,-0.000888099467140302,-0.001776198934280493,-0.04999999999999716,-0.09999999999999432,56.2,56.3,56.25,56.3,1.0,421.0,1168.0,2640.0,False,False
006208,2022-10-26 12:21:18.188304,-0.000888099467140302,-0.001776198934280493,-0.04999999999999716,-0.09999999999999432,56.2,56.3,56.25,56.3,1.0,421.0,1168.0,2640.0,False,False
006208,2022-10-26 12:21:18.308238,-0.000888099467140302,-0.001776198934280493,-0.04999999999999716,-0.09999999999999432,56.2,56.3,56.25,56.3,1.0,381.0,1168.0,2640.0,False,False
006208,2022-10-26 12:21:18.439464,-0.000888099467140302,-0.001776198934280493,-0.04999999999999716,-0.09999999999999432,56.2,56.3,56.25,56.3,1.0,381.0,1168.0,2640.0,False,False
006208,2022-10-26 12:21:19.087752,0.0,-0.001776198934280493,0.0,-0.09999999999999432,56.2,56.25,56.25,56.3,1.0,100.0,1168.0,2640.0,False,False
006208,2022-10-26 12:21:19.160498,0.0,-0.001776198934280493,0.0,-0.09999999999999432,56.2,56.25,56.25,56.3,1.0,100.0,1168.0,2640.0,False,False
006208,2022-10-26 12:21:19.194520,0.0,-0.001776198934280493,0.0,-0.09999999999999432,56.2,56.25,56.25,56.3,1.0,100.0,1168.0,2640.0,False,False
006208,2022-10-26 12:21:19.363207,0.0,-0.001776198934280493,0.0,-0.09999999999999432,56.2,56.25,56.25,56.3,1.0,100.0,1168.0,2640.0,False,False
006208,2022-10-26 12:21:20.036644,0.0,-0.001776198934280493,0.0,-0.09999999999999432,56.2,56.25,56.25,56.3,11.0,100.0,1168.0,2640.0,False,False
006208,2022-10-26 12:21:20.513874,0.0,-0.001776198934280493,0.0,-0.09999999999999432,56.2,56.25,56.25,56.3,11.0,99.0,1168.0,2640.0,False,False
006208,2022-10-26 12:21:23.017587,0.0,-0.001776198934280493,0.0,-0.09999999999999432,56.2,56.25,56.25,56.3,11.0,99.0,1168.0,2640.0,False,False
006208,2022-10-26 12:21:23.029126,0.0,-0.001776198934280493,0.0,-0.09999999999999432,56.2,56.25,56.25,56.3,11.0,99.0,1168.0,2640.0,False,False
006208,2022-10-26 12:21:23.153514,0.0,-0.001776198934280493,0.0,-0.09999999999999432,56.2,56.25,56.25,56.3,11.0,133.0,1168.0,2640.0,False,False
006208,2022-10-26 12:21:23.480118,0.0,-0.001776198934280493,0.0,-0.09999999999999432,56.2,56.25,56.25,56.3,11.0,133.0,1168.0,2640.0,False,False
006208,2022-10-26 12:21:23.497357,0.0,-0.001776198934280493,0.0,-0.09999999999999432,56.2,56.25,56.25,56.3,11.0,99.0,1168.0,2640.0,False,False
006208,2022-10-26 12:21:27.387002,0.0,-0.001776198934280493,0.0,-0.09999999999999432,56.2,56.25,56.25,56.3,11.0,99.0,1168.0,2640.0,False,False
006208,2022-10-26 12:21:28.450140,0.0,-0.001776198934280493,0.0,-0.09999999999999432,56.2,56.25,56.25,56.3,11.0,99.0,1168.0,2640.0,False,False
006208,2022-10-26 12:21:28.552299,0.0,-0.001776198934280493,0.0,-0.09999999999999432,56.2,56.25,56.25,56.3,11.0,208.0,1168.0,2640.0,False,False
006208,2022-10-26 12:21:28.663150,0.0,-0.001776198934280493,0.0,-0.09999999999999432,56.2,56.25,56.25,56.3,11.0,208.0,1168.0,2640.0,False,False
006208,2022-10-26 12:21:28.695679,0.0,-0.001776198934280493,0.0,-0.09999999999999432,56.2,56.25,56.25,56.3,11.0,208.0,1168.0,2640.0,False,False
006208,2022-10-26 12:21:29.360140,0.0,-0.001776198934280493,0.0,-0.09999999999999432,56.2,56.25,56.25,56.3,11.0,208.0,1168.0,2640.0,False,False
006208,2022-10-26 12:21:29.444847,0.0,-0.001776198934280493,0.0,-0.09999999999999432,56.2,56.25,56.25,56.3,11.0,208.0,1168.0,2640.0,False,False
006208,2022-10-26 12:21:29.494938,0.0,-0.001776198934280493,0.0,-0.09999999999999432,56.2,56.25,56.25,56.3,11.0,208.0,1168.0,2640.0,False,False
006208,2022-10-26 12:21:29.636636,0.0,-0.001776198934280493,0.0,-0.09999999999999432,56.2,56.25,56.25,56.3,11.0,208.0,1168.0,2640.0,False,False
006208,2022-10-26 12:21:29.798520,0.0,-0.001776198934280493,0.0,-0.09999999999999432,56.2,56.25,56.25,56.3,11.0,208.0,1218.0,2636.0,True,True
006208,2022-10-26 12:21:30.487878,0.0,-0.001776198934280493,0.0,-0.09999999999999432,56.2,56.25,56.25,56.3,11.0,206.0,1218.0,2636.0,False,False
006208,2022-10-26 12:21:30.737029,0.0,-0.001776198934280493,0.0,-0.09999999999999432,56.2,56.25,56.25,56.3,11.0,205.0,1218.0,2636.0,False,False
006208,2022-10-26 12:21:33.883996,0.0,-0.001776198934280493,0.0,-0.09999999999999432,56.2,56.25,56.25,56.3,11.0,205.0,1218.0,2636.0,False,False
006208,2022-10-26 12:21:34.514364,0.0,-0.001776198934280493,0.0,-0.09999999999999432,56.2,56.25,56.25,56.3,11.0,205.0,1218.0,2636.0,False,False
006208,2022-10-26 12:21:34.514412,0.0,-0.001776198934280493,0.0,-0.09999999999999432,56.2,56.25,56.25,56.3,11.0,205.0,1218.0,2636.0,False,False
006208,2022-10-26 12:21:38.653977,0.0,-0.001776198934280493,0.0,-0.09999999999999432,56.2,56.25,56.25,56.3,11.0,205.0,1218.0,2636.0,False,False
006208,2022-10-26 12:21:38.866832,0.0,-0.001776198934280493,0.0,-0.09999999999999432,56.2,56.25,56.25,56.3,11.0,205.0,1218.0,2636.0,False,False
006208,2022-10-26 12:21:38.866920,0.0,-0.001776198934280493,0.0,-0.09999999999999432,56.2,56.25,56.25,56.3,11.0,205.0,1218.0,2636.0,False,False
006208,2022-10-26 12:21:39.465555,0.0,-0.001776198934280493,0.0,-0.09999999999999432,56.2,56.25,56.25,56.3,11.0,205.0,1218.0,2636.0,False,False
006208,2022-10-26 12:21:39.573137,0.0,-0.001776198934280493,0.0,-0.09999999999999432,56.2,56.25,56.25,56.3,11.0,205.0,1218.0,2636.0,False,False
006208,2022-10-26 12:21:39.623899,0.0,-0.001776198934280493,0.0,-0.09999999999999432,56.2,56.25,56.25,56.3,11.0,205.0,1218.0,2636.0,False,False
006208,2022-10-26 12:21:39.752695,0.0,-0.001776198934280493,0.0,-0.09999999999999432,56.2,56.25,56.25,56.3,11.0,205.0,1218.0,2636.0,False,False
006208,2022-10-26 12:21:39.846926,0.0,-0.001776198934280493,0.0,-0.09999999999999432,56.2,56.25,56.25,56.3,11.0,205.0,1218.0,2626.0,True,True
006208,2022-10-26 12:21:39.997078,0.0,-0.001776198934280493,0.0,-0.09999999999999432,56.2,56.25,56.25,56.3,11.0,205.0,1218.0,2626.0,False,False
006208,2022-10-26 12:21:40.493186,0.0,-0.001776198934280493,0.0,-0.09999999999999432,56.2,56.25,56.25,56.3,11.0,204.0,1218.0,2626.0,False,False
006208,2022-10-26 12:21:41.191029,0.0,-0.001776198934280493,0.0,-0.09999999999999432,56.2,56.25,56.25,56.3,11.0,204.0,1218.0,2626.0,False,False
006208,2022-10-26 12:21:41.261724,0.0,-0.001776198934280493,0.0,-0.09999999999999432,56.2,56.25,56.25,56.3,11.0,204.0,1218.0,2626.0,False,False
006208,2022-10-26 12:21:41.262148,0.0,-0.001776198934280493,0.0,-0.09999999999999432,56.2,56.25,56.25,56.3,11.0,204.0,1218.0,2626.0,False,False
006208,2022-10-26 12:21:43.446734,0.0,-0.001776198934280493,0.0,-0.09999999999999432,56.2,56.25,56.25,56.3,11.0,204.0,1218.0,2626.0,False,False
006208,2022-10-26 12:21:44.087288,0.0,-0.001776198934280493,0.0,-0.09999999999999432,56.2,56.25,56.25,56.3,11.0,129.0,1218.0,2626.0,False,False
006208,2022-10-26 12:21:44.198413,0.0,-0.001776198934280493,0.0,-0.09999999999999432,56.2,56.25,56.25,56.3,11.0,34.0,1218.0,2626.0,False,False
006208,2022-10-26 12:21:44.267992,0.0,-0.001776198934280493,0.0,-0.09999999999999432,56.2,56.25,56.25,56.3,11.0,34.0,1218.0,2626.0,False,False
006208,2022-10-26 12:21:45.199458,0.0,-0.001776198934280493,0.0,-0.09999999999999432,56.2,56.25,56.25,56.3,11.0,34.0,1218.0,2626.0,False,False
006208,2022-10-26 12:21:45.324584,0.0,-0.001776198934280493,0.0,-0.09999999999999432,56.2,56.25,56.25,56.3,11.0,34.0,1218.0,2626.0,False,False
006208,2022-10-26 12:21:45.330644,0.0,-0.001776198934280493,0.0,-0.09999999999999432,56.2,56.25,56.25,56.3,11.0,34.0,1218.0,2626.0,False,False
006208,2022-10-26 12:21:45.335006,0.0,-0.001776198934280493,0.0,-0.09999999999999432,56.2,56.25,56.25,56.3,11.0,34.0,1218.0,2626.0,False,False
006208,2022-10-26 12:21:49.616986,0.0,-0.001776198934280493,0.0,-0.09999999999999432,56.2,56.25,56.25,56.3,11.0,34.0,1218.0,2626.0,False,False
006208,2022-10-26 12:21:49.646848,0.0,-0.001776198934280493,0.0,-0.09999999999999432,56.2,56.25,56.25,56.3,11.0,34.0,1218.0,2626.0,False,False
006208,2022-10-26 12:21:49.815010,0.0,-0.001776198934280493,0.0,-0.09999999999999432,56.2,56.25,56.25,56.3,11.0,34.0,1218.0,2626.0,False,False
006208,2022-10-26 12:21:49.895455,0.0,-0.001776198934280493,0.0,-0.09999999999999432,56.2,56.25,56.25,56.3,11.0,34.0,1218.0,2626.0,True,True
006208,2022-10-26 12:21:50.513666,0.0,-0.001776198934280493,0.0,-0.09999999999999432,56.2,56.25,56.25,56.3,11.0,33.0,1218.0,2626.0,False,False
006208,2022-10-26 12:21:50.648199,0.0,-0.001776198934280493,0.0,-0.09999999999999432,56.2,56.25,56.25,56.3,11.0,133.0,1218.0,2626.0,False,False
006208,2022-10-26 12:21:52.206889,0.0,-0.001776198934280493,0.0,-0.09999999999999432,56.2,56.25,56.25,56.3,11.0,133.0,1218.0,2626.0,False,False
006208,2022-10-26 12:21:52.517666,0.0,-0.001776198934280493,0.0,-0.09999999999999432,56.2,56.25,56.25,56.3,11.0,132.0,1218.0,2626.0,False,False
006208,2022-10-26 12:21:54.313095,0.0,-0.001776198934280493,0.0,-0.09999999999999432,56.2,56.25,56.25,56.3,11.0,132.0,1218.0,2626.0,False,False
006208,2022-10-26 12:21:55.259044,0.0,-0.001776198934280493,0.0,-0.09999999999999432,56.2,56.25,56.25,56.3,11.0,134.0,1218.0,2626.0,False,False
006208,2022-10-26 12:21:56.210884,0.0,-0.001776198934280493,0.0,-0.09999999999999432,56.2,56.25,56.25,56.3,11.0,134.0,1218.0,2626.0,False,False
006208,2022-10-26 12:21:56.637139,0.0,-0.001776198934280493,0.0,-0.09999999999999432,56.2,56.25,56.25,56.3,11.0,134.0,1218.0,2626.0,False,False
006208,2022-10-26 12:21:56.705272,0.0,-0.001776198934280493,0.0,-0.09999999999999432,56.2,56.25,56.25,56.3,11.0,134.0,1218.0,2626.0,False,False
006208,2022-10-26 12:21:56.812775,0.0,-0.001776198934280493,0.0,-0.09999999999999432,56.2,56.25,56.25,56.3,11.0,209.0,1218.0,2626.0,False,False
006208,2022-10-26 12:21:56.928294,0.0,-0.001776198934280493,0.0,-0.09999999999999432,56.2,56.25,56.25,56.3,11.0,209.0,1218.0,2626.0,False,False
006208,2022-10-26 12:21:56.984035,0.0,-0.001776198934280493,0.0,-0.09999999999999432,56.2,56.25,56.25,56.3,11.0,209.0,1218.0,2626.0,False,False
006208,2022-10-26 12:21:57.124650,0.0,-0.001776198934280493,0.0,-0.09999999999999432,56.2,56.25,56.25,56.3,11.0,209.0,1218.0,2626.0,False,False
006208,2022-10-26 12:21:59.358860,0.0,-0.001776198934280493,0.0,-0.09999999999999432,56.2,56.25,56.25,56.3,11.0,209.0,1218.0,2626.0,False,False
006208,2022-10-26 12:21:59.416553,0.0,-0.001776198934280493,0.0,-0.09999999999999432,56.2,56.25,56.25,56.3,11.0,209.0,1218.0,2626.0,False,False
006208,2022-10-26 12:21:59.745704,0.0,-0.001776198934280493,0.0,-0.09999999999999432,56.2,56.25,56.25,56.3,11.0,209.0,1218.0,2626.0,False,False
006208,2022-10-26 12:21:59.749463,0.0,-0.001776198934280493,0.0,-0.09999999999999432,56.2,56.25,56.25,56.3,11.0,209.0,1218.0,2626.0,False,False
006208,2022-10-26 12:21:59.882819,0.0,-0.001776198934280493,0.0,-0.09999999999999432,56.2,56.25,56.25,56.3,11.0,209.0,1218.0,2626.0,False,False
006208,2022-10-26 12:22:00.069511,0.0,-0.001776198934280493,0.0,-0.09999999999999432,56.2,56.25,56.25,56.3,11.0,209.0,1218.0,2626.0,False,False
006208,2022-10-26 12:22:00.503279,0.0,-0.001776198934280493,0.0,-0.09999999999999432,56.2,56.25,56.25,56.3,11.0,207.0,1218.0,2626.0,False,False
006208,2022-10-26 12:22:00.672290,0.0,-0.001776198934280493,0.0,-0.09999999999999432,56.2,56.25,56.25,56.3,11.0,209.0,1218.0,2626.0,False,False
006208,2022-10-26 12:22:00.995667,0.0,-0.001776198934280493,0.0,-0.09999999999999432,56.2,56.25,56.25,56.3,11.0,209.0,1218.0,2626.0,False,False
006208,2022-10-26 12:22:01.006580,0.0,-0.001776198934280493,0.0,-0.09999999999999432,56.2,56.25,56.25,56.3,11.0,209.0,1218.0,2626.0,False,False
006208,2022-10-26 12:22:01.452281,0.0,-0.001776198934280493,0.0,-0.09999999999999432,56.2,56.25,56.25,56.3,11.0,209.0,1218.0,2626.0,False,False
006208,2022-10-26 12:22:01.452909,0.0,-0.001776198934280493,0.0,-0.09999999999999432,56.2,56.25,56.25,56.3,11.0,209.0,1218.0,2626.0,False,False
006208,2022-10-26 12:22:01.463505,0.0,-0.001776198934280493,0.0,-0.09999999999999432,56.2,56.25,56.25,56.3,11.0,209.0,1218.0,2626.0,False,False
006208,2022-10-26 12:22:01.620465,0.0,-0.001776198934280493,0.0,-0.09999999999999432,56.2,56.25,56.25,56.3,11.0,209.0,1218.0,2626.0,False,False
006208,2022-10-26 12:22:01.836924,0.0,-0.001776198934280493,0.0,-0.09999999999999432,56.2,56.25,56.25,56.3,11.0,209.0,1218.0,2626.0,False,False
006208,2022-10-26 12:22:02.930029,0.0,-0.001776198934280493,0.0,-0.09999999999999432,56.2,56.25,56.25,56.3,11.0,209.0,1218.0,2626.0,False,False
006208,2022-10-26 12:22:04.175493,0.0,-0.001776198934280493,0.0,-0.09999999999999432,56.2,56.25,56.25,56.3,11.0,208.0,1218.0,2626.0,False,False
006208,2022-10-26 12:22:05.996693,0.0,-0.001776198934280493,0.0,-0.09999999999999432,56.2,56.25,56.25,56.3,11.0,209.0,1218.0,2626.0,False,False
006208,2022-10-26 12:22:09.172583,0.0,-0.001776198934280493,0.0,-0.09999999999999432,56.2,56.25,56.25,56.3,11.0,209.0,1218.0,2626.0,False,True
006208,2022-10-26 12:22:09.609005,0.0,-0.001776198934280493,0.0,-0.09999999999999432,56.2,56.25,56.25,56.3,11.0,209.0,1218.0,2626.0,False,False
006208,2022-10-26 12:22:09.681526,0.0,-0.001776198934280493,0.0,-0.09999999999999432,56.2,56.25,56.25,56.3,11.0,209.0,1218.0,2626.0,False,False
006208,2022-10-26 12:22:09.872201,0.0,-0.001776198934280493,0.0,-0.09999999999999432,56.2,56.25,56.25,56.3,11.0,209.0,1218.0,2626.0,False,False
006208,2022-10-26 12:22:09.875337,0.0,-0.001776198934280493,0.0,-0.09999999999999432,56.2,56.25,56.25,56.3,11.0,209.0,1218.0,2626.0,False,False
006208,2022-10-26 12:22:10.007794,0.0,-0.001776198934280493,0.0,-0.09999999999999432,56.2,56.25,56.25,56.3,11.0,209.0,1218.0,2626.0,False,False
006208,2022-10-26 12:22:10.171720,0.0,-0.001776198934280493,0.0,-0.09999999999999432,56.2,56.25,56.25,56.3,11.0,209.0,1218.0,2626.0,False,False
006208,2022-10-26 12:22:10.508306,0.0,-0.001776198934280493,0.0,-0.09999999999999432,56.2,56.25,56.25,56.3,11.0,208.0,1218.0,2626.0,False,False
006208,2022-10-26 12:22:11.351944,0.0,-0.001776198934280493,0.0,-0.09999999999999432,56.2,56.25,56.25,56.3,11.0,209.0,1218.0,2626.0,False,False
006208,2022-10-26 12:22:13.021327,0.0,-0.001776198934280493,0.0,-0.09999999999999432,56.2,56.25,56.25,56.3,11.0,209.0,1218.0,2626.0,False,False
006208,2022-10-26 12:22:13.021496,0.0,-0.001776198934280493,0.0,-0.09999999999999432,56.2,56.25,56.25,56.3,11.0,209.0,1218.0,2626.0,False,False
006208,2022-10-26 12:22:19.214802,0.0,-0.001776198934280493,0.0,-0.09999999999999432,56.2,56.25,56.25,56.3,11.0,209.0,1218.0,2526.0,True,True
006208,2022-10-26 12:22:19.995756,0.0,-0.001776198934280493,0.0,-0.09999999999999432,56.2,56.25,56.25,56.3,11.0,209.0,1218.0,2526.0,False,False
006208,2022-10-26 12:22:20.090161,0.0,-0.001776198934280493,0.0,-0.09999999999999432,56.2,56.25,56.25,56.3,11.0,209.0,1218.0,2526.0,False,False
006208,2022-10-26 12:22:20.140154,0.0,-0.001776198934280493,0.0,-0.09999999999999432,56.2,56.25,56.25,56.3,11.0,209.0,1218.0,2526.0,False,False
006208,2022-10-26 12:22:20.286363,0.0,-0.001776198934280493,0.0,-0.09999999999999432,56.2,56.25,56.25,56.3,11.0,209.0,1218.0,2526.0,False,False
006208,2022-10-26 12:22:20.528914,0.0,-0.001776198934280493,0.0,-0.09999999999999432,56.2,56.25,56.25,56.3,11.0,207.0,1218.0,2526.0,False,False
006208,2022-10-26 12:22:22.095206,0.0,-0.001776198934280493,0.0,-0.09999999999999432,56.2,56.25,56.25,56.3,11.0,209.0,1218.0,2526.0,False,False
006208,2022-10-26 12:22:24.417804,0.0,-0.001776198934280493,0.0,-0.09999999999999432,56.2,56.25,56.25,56.3,11.0,209.0,1218.0,2526.0,False,False
006208,2022-10-26 12:22:24.417999,0.0,-0.001776198934280493,0.0,-0.09999999999999432,56.2,56.25,56.25,56.3,11.0,209.0,1218.0,2526.0,False,False
006208,2022-10-26 12:22:29.263147,0.0,-0.001776198934280493,0.0,-0.09999999999999432,56.2,56.25,56.25,56.3,11.0,209.0,1218.0,2508.0,True,True
006208,2022-10-26 12:22:29.664084,0.0,-0.001776198934280493,0.0,-0.09999999999999432,56.2,56.25,56.25,56.3,11.0,209.0,1218.0,2508.0,False,False
006208,2022-10-26 12:22:30.130163,0.0,-0.001776198934280493,0.0,-0.09999999999999432,56.2,56.25,56.25,56.3,11.0,209.0,1218.0,2508.0,False,False
006208,2022-10-26 12:22:30.186859,0.0,-0.001776198934280493,0.0,-0.09999999999999432,56.2,56.25,56.25,56.3,11.0,209.0,1218.0,2508.0,False,False
006208,2022-10-26 12:22:30.274562,0.0,-0.001776198934280493,0.0,-0.09999999999999432,56.2,56.25,56.25,56.3,11.0,209.0,1218.0,2508.0,False,False
006208,2022-10-26 12:22:30.565266,0.0,-0.001776198934280493,0.0,-0.09999999999999432,56.2,56.25,56.25,56.3,11.0,208.0,1218.0,2508.0,False,False
006208,2022-10-26 12:22:32.821009,0.0,-0.001776198934280493,0.0,-0.09999999999999432,56.2,56.25,56.25,56.3,11.0,209.0,1218.0,2508.0,False,False
006208,2022-10-26 12:22:37.198740,0.0,-0.001776198934280493,0.0,-0.09999999999999432,56.2,56.25,56.25,56.3,11.0,208.0,1218.0,2508.0,False,False
006208,2022-10-26 12:22:37.544603,0.0,-0.001776198934280493,0.0,-0.09999999999999432,56.2,56.25,56.25,56.3,11.0,208.0,1218.0,2508.0,False,False
006208,2022-10-26 12:22:37.544733,0.0,-0.001776198934280493,0.0,-0.09999999999999432,56.2,56.25,56.25,56.3,11.0,208.0,1218.0,2508.0,False,False
006208,2022-10-26 12:22:38.176036,0.0,-0.001776198934280493,0.0,-0.09999999999999432,56.2,56.25,56.25,56.3,11.0,209.0,1218.0,2508.0,False,False
006208,2022-10-26 12:22:39.320735,0.0,-0.001776198934280493,0.0,-0.09999999999999432,56.2,56.25,56.25,56.3,11.0,209.0,1218.0,2358.0,True,True
006208,2022-10-26 12:22:40.256705,0.0,-0.001776198934280493,0.0,-0.09999999999999432,56.2,56.25,56.25,56.3,11.0,209.0,1218.0,2358.0,False,False
006208,2022-10-26 12:22:40.259582,0.0,-0.001776198934280493,0.0,-0.09999999999999432,56.2,56.25,56.25,56.3,11.0,209.0,1218.0,2358.0,False,False
006208,2022-10-26 12:22:40.394748,0.0,-0.001776198934280493,0.0,-0.09999999999999432,56.2,56.25,56.25,56.3,11.0,209.0,1218.0,2358.0,False,False
006208,2022-10-26 12:22:40.523439,0.0,-0.001776198934280493,0.0,-0.09999999999999432,56.2,56.25,56.25,56.3,11.0,208.0,1218.0,2358.0,False,False
006208,2022-10-26 12:22:43.581053,0.0,-0.001776198934280493,0.0,-0.09999999999999432,56.2,56.25,56.25,56.3,11.0,209.0,1218.0,2358.0,False,False
006208,2022-10-26 12:22:44.377672,0.0,-0.001776198934280493,0.0,-0.09999999999999432,56.2,56.25,56.25,56.3,11.0,209.0,1218.0,2358.0,False,False
006208,2022-10-26 12:22:44.377817,0.0,-0.001776198934280493,0.0,-0.09999999999999432,56.2,56.25,56.25,56.3,11.0,209.0,1218.0,2358.0,False,False
006208,2022-10-26 12:22:45.918342,0.0,-0.001776198934280493,0.0,-0.09999999999999432,56.2,56.25,56.25,56.3,11.0,209.0,1218.0,2358.0,False,False
006208,2022-10-26 12:22:47.984804,0.0,-0.001776198934280493,0.0,-0.09999999999999432,56.2,56.25,56.25,56.3,11.0,209.0,1218.0,2358.0,False,False
006208,2022-10-26 12:22:48.053796,0.0,-0.001776198934280493,0.0,-0.09999999999999432,56.2,56.25,56.25,56.3,11.0,209.0,1218.0,2358.0,False,False
006208,2022-10-26 12:22:48.146374,0.0,-0.001776198934280493,0.0,-0.09999999999999432,56.2,56.25,56.25,56.3,11.0,209.0,1218.0,2358.0,False,False
006208,2022-10-26 12:22:48.239981,0.0,-0.001776198934280493,0.0,-0.09999999999999432,56.2,56.25,56.25,56.3,11.0,209.0,1218.0,2358.0,False,False
006208,2022-10-26 12:22:48.686564,0.0,-0.001776198934280493,0.0,-0.09999999999999432,56.2,56.25,56.25,56.3,11.0,209.0,1218.0,2358.0,False,False
006208,2022-10-26 12:22:48.721946,0.0,-0.001776198934280493,0.0,-0.09999999999999432,56.2,56.25,56.25,56.3,11.0,209.0,1218.0,2358.0,False,False
006208,2022-10-26 12:22:49.292251,0.0,-0.001776198934280493,0.0,-0.09999999999999432,56.2,56.25,56.25,56.3,11.0,209.0,1218.0,2358.0,False,False
006208,2022-10-26 12:22:49.356794,0.0,-0.001776198934280493,0.0,-0.09999999999999432,56.2,56.25,56.25,56.3,11.0,209.0,1218.0,2378.0,True,True
006208,2022-10-26 12:22:49.292315,0.0,-0.001776198934280493,0.0,-0.09999999999999432,56.2,56.25,56.25,56.3,11.0,209.0,1218.0,2378.0,False,False
006208,2022-10-26 12:22:50.380314,0.0,-0.001776198934280493,0.0,-0.09999999999999432,56.2,56.25,56.25,56.3,11.0,209.0,1218.0,2378.0,False,False
006208,2022-10-26 12:22:50.388153,0.0,-0.001776198934280493,0.0,-0.09999999999999432,56.2,56.25,56.25,56.3,11.0,209.0,1218.0,2378.0,False,False
006208,2022-10-26 12:22:50.513486,0.0,-0.001776198934280493,0.0,-0.09999999999999432,56.2,56.25,56.25,56.3,11.0,207.0,1218.0,2378.0,False,False
006208,2022-10-26 12:22:50.529670,0.0,-0.001776198934280493,0.0,-0.09999999999999432,56.2,56.25,56.25,56.3,11.0,207.0,1218.0,2378.0,False,False
006208,2022-10-26 12:22:50.704386,0.0,-0.001776198934280493,0.0,-0.09999999999999432,56.2,56.25,56.25,56.3,11.0,207.0,1218.0,2378.0,False,False
006208,2022-10-26 12:22:50.749550,0.0,-0.001776198934280493,0.0,-0.09999999999999432,56.2,56.25,56.25,56.3,11.0,207.0,1218.0,2378.0,False,False
006208,2022-10-26 12:22:50.922715,0.0,-0.001776198934280493,0.0,-0.09999999999999432,56.2,56.25,56.25,56.3,11.0,207.0,1218.0,2378.0,False,False
006208,2022-10-26 12:22:51.071333,0.0,-0.001776198934280493,0.0,-0.09999999999999432,56.2,56.25,56.25,56.3,11.0,207.0,1218.0,2378.0,False,False
006208,2022-10-26 12:22:51.152185,0.0,-0.001776198934280493,0.0,-0.09999999999999432,56.2,56.25,56.25,56.3,11.0,207.0,1218.0,2378.0,False,False
006208,2022-10-26 12:22:51.277885,0.0,-0.001776198934280493,0.0,-0.09999999999999432,56.2,56.25,56.25,56.3,11.0,208.0,1218.0,2378.0,False,False
006208,2022-10-26 12:22:53.435795,0.0,-0.001776198934280493,0.0,-0.09999999999999432,56.2,56.25,56.25,56.3,11.0,208.0,1218.0,2378.0,False,False
006208,2022-10-26 12:22:53.501984,0.0,-0.001776198934280493,0.0,-0.09999999999999432,56.2,56.25,56.25,56.3,11.0,208.0,1218.0,2378.0,False,False
006208,2022-10-26 12:22:53.510439,0.0,-0.001776198934280493,0.0,-0.09999999999999432,56.2,56.25,56.25,56.3,11.0,208.0,1218.0,2378.0,False,False
006208,2022-10-26 12:22:54.263046,0.0,-0.001776198934280493,0.0,-0.09999999999999432,56.2,56.25,56.25,56.3,11.0,210.0,1218.0,2378.0,False,False
006208,2022-10-26 12:22:54.858235,0.0,-0.001776198934280493,0.0,-0.09999999999999432,56.2,56.25,56.25,56.3,11.0,210.0,1218.0,2378.0,False,False
006208,2022-10-26 12:22:54.858349,0.0,-0.001776198934280493,0.0,-0.09999999999999432,56.2,56.25,56.25,56.3,11.0,210.0,1218.0,2378.0,False,False
006208,2022-10-26 12:22:59.392848,0.0,-0.001776198934280493,0.0,-0.09999999999999432,56.2,56.25,56.25,56.3,11.0,210.0,1218.0,2330.0,True,True
006208,2022-10-26 12:23:00.512610,0.0,-0.001776198934280493,0.0,-0.09999999999999432,56.2,56.25,56.25,56.3,11.0,210.0,1218.0,2330.0,False,False
006208,2022-10-26 12:23:00.533767,0.0,-0.001776198934280493,0.0,-0.09999999999999432,56.2,56.25,56.25,56.3,11.0,209.0,1218.0,2330.0,False,False
006208,2022-10-26 12:23:00.522881,0.0,-0.001776198934280493,0.0,-0.09999999999999432,56.2,56.25,56.25,56.3,11.0,210.0,1218.0,2330.0,False,False
006208,2022-10-26 12:23:00.663039,0.0,-0.001776198934280493,0.0,-0.09999999999999432,56.2,56.25,56.25,56.3,11.0,209.0,1218.0,2330.0,False,False
006208,2022-10-26 12:23:04.990488,0.0,-0.001776198934280493,0.0,-0.09999999999999432,56.2,56.25,56.25,56.3,11.0,210.0,1218.0,2330.0,False,False
006208,2022-10-26 12:23:05.051789,0.0,-0.001776198934280493,0.0,-0.09999999999999432,56.2,56.25,56.25,56.3,11.0,210.0,1218.0,2330.0,False,False
006208,2022-10-26 12:23:05.129554,0.0,-0.001776198934280493,0.0,-0.09999999999999432,56.2,56.25,56.25,56.3,11.0,210.0,1218.0,2330.0,False,False
006208,2022-10-26 12:23:05.129722,0.0,-0.001776198934280493,0.0,-0.09999999999999432,56.2,56.25,56.25,56.3,11.0,210.0,1218.0,2330.0,False,False
006208,2022-10-26 12:23:05.573494,0.0,-0.001776198934280493,0.0,-0.09999999999999432,56.2,56.25,56.25,56.3,11.0,210.0,1218.0,2330.0,False,False
006208,2022-10-26 12:23:05.573645,0.0,-0.001776198934280493,0.0,-0.09999999999999432,56.2,56.25,56.25,56.3,11.0,210.0,1218.0,2330.0,False,False
006208,2022-10-26 12:23:05.666035,0.0,-0.001776198934280493,0.0,-0.09999999999999432,56.2,56.25,56.25,56.3,11.0,210.0,1218.0,2330.0,False,False
006208,2022-10-26 12:23:09.430959,0.0,-0.001776198934280493,0.0,-0.09999999999999432,56.2,56.25,56.25,56.3,11.0,210.0,1218.0,2380.0,True,True
006208,2022-10-26 12:23:10.585453,0.0,-0.001776198934280493,0.0,-0.09999999999999432,56.2,56.25,56.25,56.3,11.0,208.0,1218.0,2380.0,False,False
006208,2022-10-26 12:23:10.651207,0.0,-0.001776198934280493,0.0,-0.09999999999999432,56.2,56.25,56.25,56.3,11.0,208.0,1218.0,2380.0,False,False
006208,2022-10-26 12:23:10.654341,0.0,-0.001776198934280493,0.0,-0.09999999999999432,56.2,56.25,56.25,56.3,11.0,208.0,1218.0,2380.0,False,False
006208,2022-10-26 12:23:10.792726,0.0,-0.001776198934280493,0.0,-0.09999999999999432,56.2,56.25,56.25,56.3,11.0,208.0,1218.0,2380.0,False,False
006208,2022-10-26 12:23:11.182825,0.0,-0.001776198934280493,0.0,-0.09999999999999432,56.2,56.25,56.25,56.3,11.0,207.0,1218.0,2380.0,False,False
006208,2022-10-26 12:23:12.523991,0.0,-0.001776198934280493,0.0,-0.09999999999999432,56.2,56.25,56.25,56.3,11.0,207.0,1218.0,2380.0,False,False
006208,2022-10-26 12:23:12.594212,0.0,-0.001776198934280493,0.0,-0.09999999999999432,56.2,56.25,56.25,56.3,11.0,176.0,1218.0,2380.0,False,False
006208,2022-10-26 12:23:12.727990,0.0,-0.001776198934280493,0.0,-0.09999999999999432,56.2,56.25,56.25,56.3,11.0,176.0,1218.0,2380.0,False,False
006208,2022-10-26 12:23:15.716540,0.0,-0.001776198934280493,0.0,-0.09999999999999432,56.2,56.25,56.25,56.3,11.0,176.0,1218.0,2380.0,False,False
006208,2022-10-26 12:23:15.745951,0.0,-0.001776198934280493,0.0,-0.09999999999999432,56.2,56.25,56.25,56.3,11.0,176.0,1218.0,2380.0,False,False
006208,2022-10-26 12:23:16.530422,0.0,-0.001776198934280493,0.0,-0.09999999999999432,56.2,56.25,56.25,56.3,11.0,176.0,1218.0,2380.0,False,False
006208,2022-10-26 12:23:19.471113,0.0,-0.001776198934280493,0.0,-0.09999999999999432,56.2,56.25,56.25,56.3,11.0,176.0,1218.0,2275.0,True,True
006208,2022-10-26 12:23:20.543576,0.0,-0.001776198934280493,0.0,-0.09999999999999432,56.2,56.25,56.25,56.3,11.0,175.0,1218.0,2275.0,False,False
006208,2022-10-26 12:23:20.784935,0.0,-0.001776198934280493,0.0,-0.09999999999999432,56.2,56.25,56.25,56.3,11.0,175.0,1218.0,2275.0,False,False
006208,2022-10-26 12:23:20.789231,0.0,-0.001776198934280493,0.0,-0.09999999999999432,56.2,56.25,56.25,56.3,11.0,175.0,1218.0,2275.0,False,False
006208,2022-10-26 12:23:20.914845,0.0,-0.001776198934280493,0.0,-0.09999999999999432,56.2,56.25,56.25,56.3,11.0,175.0,1218.0,2275.0,False,False
006208,2022-10-26 12:23:20.923356,0.0,-0.001776198934280493,0.0,-0.09999999999999432,56.2,56.25,56.25,56.3,11.0,175.0,1218.0,2275.0,False,False
006208,2022-10-26 12:23:21.072684,0.0,-0.001776198934280493,0.0,-0.09999999999999432,56.2,56.25,56.25,56.3,11.0,175.0,1218.0,2275.0,False,False
006208,2022-10-26 12:23:21.161639,0.0,-0.001776198934280493,0.0,-0.09999999999999432,56.2,56.25,56.25,56.3,11.0,209.0,1218.0,2275.0,False,False
006208,2022-10-26 12:23:24.813475,0.0,-0.001776198934280493,0.0,-0.09999999999999432,56.2,56.25,56.25,56.3,1.0,209.0,1218.0,2275.0,False,False
006208,2022-10-26 12:23:24.869717,0.0,-0.001776198934280493,0.0,-0.09999999999999432,56.2,56.25,56.25,56.3,1.0,209.0,1218.0,2275.0,False,False
006208,2022-10-26 12:23:24.877171,0.0,-0.001776198934280493,0.0,-0.09999999999999432,56.2,56.25,56.25,56.3,1.0,209.0,1218.0,2275.0,False,False
006208,2022-10-26 12:23:25.079576,0.0,-0.001776198934280493,0.0,-0.09999999999999432,56.2,56.25,56.25,56.3,1.0,209.0,1218.0,2275.0,False,False
006208,2022-10-26 12:23:25.079621,0.0,-0.001776198934280493,0.0,-0.09999999999999432,56.2,56.25,56.25,56.3,1.0,209.0,1218.0,2275.0,False,False
006208,2022-10-26 12:23:25.938146,0.0,-0.001776198934280493,0.0,-0.09999999999999432,56.2,56.25,56.25,56.3,1.0,209.0,1218.0,2275.0,False,False
006208,2022-10-26 12:23:25.938293,0.0,-0.001776198934280493,0.0,-0.09999999999999432,56.2,56.25,56.25,56.3,1.0,209.0,1218.0,2275.0,False,False
006208,2022-10-26 12:23:26.567160,0.000889679715302405,-0.002664298401420906,0.04999999999999716,-0.14999999999999858,56.15,56.2,56.25,56.3,160.0,9.0,1218.0,2275.0,False,False
006208,2022-10-26 12:23:26.600375,0.000889679715302405,-0.002664298401420906,0.04999999999999716,-0.14999999999999858,56.15,56.2,56.25,56.3,160.0,9.0,1218.0,2275.0,False,False
006208,2022-10-26 12:23:26.600788,0.000889679715302405,-0.002664298401420906,0.04999999999999716,-0.14999999999999858,56.15,56.2,56.25,56.3,160.0,9.0,1218.0,2275.0,False,False
006208,2022-10-26 12:23:26.685945,0.000889679715302405,-0.002664298401420906,0.04999999999999716,-0.14999999999999858,56.15,56.2,56.25,56.3,160.0,9.0,1218.0,2275.0,False,False
006208,2022-10-26 12:23:26.785684,0.000889679715302405,-0.002664298401420906,0.04999999999999716,-0.14999999999999858,56.15,56.2,56.25,56.3,120.0,9.0,1218.0,2275.0,False,False
006208,2022-10-26 12:23:26.916828,0.000889679715302405,-0.002664298401420906,0.04999999999999716,-0.14999999999999858,56.15,56.2,56.25,56.3,120.0,9.0,1218.0,2275.0,False,False
006208,2022-10-26 12:23:27.102481,0.0,-0.002664298401420906,0.0,-0.14999999999999858,56.15,56.25,56.25,56.3,120.0,249.0,1218.0,2275.0,False,False
006208,2022-10-26 12:23:27.205632,0.0,-0.002664298401420906,0.0,-0.14999999999999858,56.15,56.25,56.25,56.3,120.0,249.0,1218.0,2275.0,False,False
006208,2022-10-26 12:23:27.302896,0.0,-0.002664298401420906,0.0,-0.14999999999999858,56.15,56.25,56.25,56.3,120.0,209.0,1218.0,2275.0,False,False
006208,2022-10-26 12:23:27.432593,0.0,-0.002664298401420906,0.0,-0.14999999999999858,56.15,56.25,56.25,56.3,120.0,209.0,1218.0,2275.0,False,False
006208,2022-10-26 12:23:28.013190,0.0,-0.002664298401420906,0.0,-0.14999999999999858,56.15,56.25,56.25,56.3,86.0,209.0,1218.0,2275.0,False,False
006208,2022-10-26 12:23:28.113936,0.0,-0.002664298401420906,0.0,-0.14999999999999858,56.15,56.25,56.25,56.3,86.0,175.0,1218.0,2275.0,False,False
006208,2022-10-26 12:23:28.203205,0.0,-0.002664298401420906,0.0,-0.14999999999999858,56.15,56.25,56.25,56.3,86.0,175.0,1218.0,2275.0,False,False
006208,2022-10-26 12:23:28.311040,0.0,-0.002664298401420906,0.0,-0.14999999999999858,56.15,56.25,56.25,56.3,86.0,175.0,1218.0,2275.0,False,False
006208,2022-10-26 12:23:28.544039,0.0,-0.002664298401420906,0.0,-0.14999999999999858,56.15,56.25,56.25,56.3,11.0,175.0,1218.0,2275.0,False,False
006208,2022-10-26 12:23:28.544070,0.0,-0.002664298401420906,0.0,-0.14999999999999858,56.15,56.25,56.25,56.3,11.0,175.0,1218.0,2275.0,False,False
006208,2022-10-26 12:23:28.767024,0.0,-0.002664298401420906,0.0,-0.14999999999999858,56.15,56.25,56.25,56.3,11.0,175.0,1218.0,2275.0,False,False
006208,2022-10-26 12:23:28.849460,0.0,-0.002664298401420906,0.0,-0.14999999999999858,56.15,56.25,56.25,56.3,11.0,215.0,1218.0,2275.0,False,False
006208,2022-10-26 12:23:29.183633,0.0,-0.002664298401420906,0.0,-0.14999999999999858,56.15,56.25,56.25,56.3,11.0,255.0,1218.0,2275.0,False,False
006208,2022-10-26 12:23:29.251130,0.0,-0.002664298401420906,0.0,-0.14999999999999858,56.15,56.25,56.25,56.3,11.0,255.0,1218.0,2275.0,False,False
006208,2022-10-26 12:23:29.276672,0.0,-0.002664298401420906,0.0,-0.14999999999999858,56.15,56.25,56.25,56.3,11.0,255.0,1218.0,2275.0,False,False
006208,2022-10-26 12:23:29.338956,0.0,-0.002664298401420906,0.0,-0.14999999999999858,56.15,56.25,56.25,56.3,11.0,255.0,1218.0,2275.0,False,False
006208,2022-10-26 12:23:29.448572,0.0,-0.002664298401420906,0.0,-0.14999999999999858,56.15,56.25,56.25,56.3,11.0,255.0,1218.0,2275.0,False,False
006208,2022-10-26 12:23:29.530728,0.0,-0.002664298401420906,0.0,-0.14999999999999858,56.15,56.25,56.25,56.3,11.0,255.0,1218.0,2275.0,True,True
006208,2022-10-26 12:23:29.526914,0.0,-0.002664298401420906,0.0,-0.14999999999999858,56.15,56.25,56.25,56.3,11.0,255.0,1218.0,2275.0,False,False
006208,2022-10-26 12:23:29.773834,0.0,-0.002664298401420906,0.0,-0.14999999999999858,56.15,56.25,56.25,56.3,11.0,255.0,1218.0,2275.0,False,False
006208,2022-10-26 12:23:29.774318,0.0,-0.002664298401420906,0.0,-0.14999999999999858,56.15,56.25,56.25,56.3,11.0,255.0,1218.0,2275.0,False,False
006208,2022-10-26 12:23:30.041780,0.0,-0.002664298401420906,0.0,-0.14999999999999858,56.15,56.25,56.25,56.3,11.0,255.0,1218.0,2275.0,False,False
006208,2022-10-26 12:23:30.123958,0.0,-0.002664298401420906,0.0,-0.14999999999999858,56.15,56.25,56.25,56.3,11.0,305.0,1218.0,2275.0,False,False
006208,2022-10-26 12:23:30.167685,0.0,-0.002664298401420906,0.0,-0.14999999999999858,56.15,56.25,56.25,56.3,11.0,305.0,1218.0,2275.0,False,False
006208,2022-10-26 12:23:30.404208,0.0,-0.002664298401420906,0.0,-0.14999999999999858,56.15,56.25,56.25,56.3,11.0,305.0,1218.0,2275.0,False,False
006208,2022-10-26 12:23:30.404307,0.0,-0.002664298401420906,0.0,-0.14999999999999858,56.15,56.25,56.25,56.3,11.0,305.0,1218.0,2275.0,False,False
006208,2022-10-26 12:23:30.533576,0.0,-0.002664298401420906,0.0,-0.14999999999999858,56.15,56.25,56.25,56.3,11.0,304.0,1218.0,2275.0,False,False
006208,2022-10-26 12:23:30.569112,0.0,-0.002664298401420906,0.0,-0.14999999999999858,56.15,56.25,56.25,56.3,11.0,304.0,1218.0,2275.0,False,False
006208,2022-10-26 12:23:30.742477,0.0,-0.002664298401420906,0.0,-0.14999999999999858,56.15,56.25,56.25,56.3,11.0,354.0,1218.0,2275.0,False,False
006208,2022-10-26 12:23:30.850847,0.0,-0.002664298401420906,0.0,-0.14999999999999858,56.15,56.25,56.25,56.3,11.0,354.0,1218.0,2275.0,False,False
006208,2022-10-26 12:23:31.043292,0.0,-0.002664298401420906,0.0,-0.14999999999999858,56.15,56.25,56.25,56.3,11.0,354.0,1218.0,2275.0,False,False
006208,2022-10-26 12:23:31.105474,0.0,-0.002664298401420906,0.0,-0.14999999999999858,56.15,56.25,56.25,56.3,11.0,354.0,1218.0,2275.0,False,False
006208,2022-10-26 12:23:31.442520,0.0,-0.002664298401420906,0.0,-0.14999999999999858,56.15,56.25,56.25,56.3,11.0,354.0,1218.0,2275.0,False,False
006208,2022-10-26 12:23:31.442697,0.0,-0.002664298401420906,0.0,-0.14999999999999858,56.15,56.25,56.25,56.3,11.0,354.0,1218.0,2275.0,False,False
006208,2022-10-26 12:23:31.839290,0.0,-0.002664298401420906,0.0,-0.14999999999999858,56.15,56.25,56.25,56.3,11.0,354.0,1218.0,2275.0,False,False
006208,2022-10-26 12:23:31.869050,0.0,-0.002664298401420906,0.0,-0.14999999999999858,56.15,56.25,56.25,56.3,11.0,422.0,1218.0,2275.0,False,False
006208,2022-10-26 12:23:32.810455,0.0,-0.002664298401420906,0.0,-0.14999999999999858,56.15,56.25,56.25,56.3,11.0,422.0,1218.0,2275.0,False,False
006208,2022-10-26 12:23:32.824639,0.0,-0.002664298401420906,0.0,-0.14999999999999858,56.15,56.25,56.25,56.3,11.0,372.0,1218.0,2275.0,False,False
006208,2022-10-26 12:23:36.160250,0.0,-0.002664298401420906,0.0,-0.14999999999999858,56.15,56.25,56.25,56.3,11.0,372.0,1218.0,2275.0,False,False
006208,2022-10-26 12:23:36.176990,0.0,-0.002664298401420906,0.0,-0.14999999999999858,56.15,56.25,56.25,56.3,11.0,422.0,1218.0,2275.0,False,False
006208,2022-10-26 12:23:36.630274,0.0,-0.002664298401420906,0.0,-0.14999999999999858,56.15,56.25,56.25,56.3,11.0,422.0,1218.0,2275.0,False,False
006208,2022-10-26 12:23:37.429765,0.0,-0.002664298401420906,0.0,-0.14999999999999858,56.15,56.25,56.25,56.3,11.0,422.0,1218.0,2275.0,False,False
006208,2022-10-26 12:23:37.433332,0.0,-0.002664298401420906,0.0,-0.14999999999999858,56.15,56.25,56.25,56.3,11.0,422.0,1218.0,2275.0,False,False
006208,2022-10-26 12:23:37.565724,0.0,-0.002664298401420906,0.0,-0.14999999999999858,56.15,56.25,56.25,56.3,11.0,422.0,1218.0,2275.0,False,False
006208,2022-10-26 12:23:39.781045,0.0,-0.002664298401420906,0.0,-0.14999999999999858,56.15,56.25,56.25,56.3,11.0,422.0,1218.0,2275.0,False,False
006208,2022-10-26 12:23:39.797681,0.0,-0.002664298401420906,0.0,-0.14999999999999858,56.15,56.25,56.25,56.3,11.0,372.0,1218.0,2275.0,False,False
006208,2022-10-26 12:23:40.553909,0.0,-0.002664298401420906,0.0,-0.14999999999999858,56.15,56.25,56.25,56.3,11.0,370.0,1218.0,2275.0,False,False
006208,2022-10-26 12:23:41.232816,0.0,-0.002664298401420906,0.0,-0.14999999999999858,56.15,56.25,56.25,56.3,11.0,370.0,1218.0,2275.0,False,False
006208,2022-10-26 12:23:41.233279,0.0,-0.002664298401420906,0.0,-0.14999999999999858,56.15,56.25,56.25,56.3,11.0,370.0,1218.0,2275.0,False,False
006208,2022-10-26 12:23:43.267471,0.0,-0.002664298401420906,0.0,-0.14999999999999858,56.15,56.25,56.25,56.3,11.0,370.0,1218.0,2275.0,False,False
006208,2022-10-26 12:23:43.267614,0.0,-0.002664298401420906,0.0,-0.14999999999999858,56.15,56.25,56.25,56.3,11.0,370.0,1218.0,2275.0,False,False
006208,2022-10-26 12:23:43.756199,0.0,-0.002664298401420906,0.0,-0.14999999999999858,56.15,56.25,56.25,56.3,12.0,370.0,1218.0,2275.0,False,False
006208,2022-10-26 12:23:44.211316,0.0,-0.002664298401420906,0.0,-0.14999999999999858,56.15,56.25,56.25,56.3,12.0,369.0,1218.0,2275.0,False,False
006208,2022-10-26 12:23:44.674742,0.0,-0.002664298401420906,0.0,-0.14999999999999858,56.15,56.25,56.25,56.3,12.0,369.0,1218.0,2275.0,False,False
006208,2022-10-26 12:23:47.044995,0.0,-0.002664298401420906,0.0,-0.14999999999999858,56.15,56.25,56.25,56.3,12.0,369.0,1218.0,2275.0,False,False
006208,2022-10-26 12:23:47.045107,0.0,-0.002664298401420906,0.0,-0.14999999999999858,56.15,56.25,56.25,56.3,12.0,369.0,1218.0,2275.0,False,False
006208,2022-10-26 12:23:47.558887,0.0,-0.002664298401420906,0.0,-0.14999999999999858,56.15,56.25,56.25,56.3,12.0,369.0,1218.0,2275.0,False,False
006208,2022-10-26 12:23:47.568271,0.0,-0.002664298401420906,0.0,-0.14999999999999858,56.15,56.25,56.25,56.3,12.0,369.0,1218.0,2275.0,False,False
006208,2022-10-26 12:23:47.696952,0.0,-0.002664298401420906,0.0,-0.14999999999999858,56.15,56.25,56.25,56.3,12.0,369.0,1218.0,2275.0,False,False
006208,2022-10-26 12:23:47.893395,0.0,-0.002664298401420906,0.0,-0.14999999999999858,56.15,56.25,56.25,56.3,12.0,369.0,1218.0,2275.0,False,False
006208,2022-10-26 12:23:48.380865,0.0,-0.002664298401420906,0.0,-0.14999999999999858,56.15,56.25,56.25,56.3,12.0,369.0,1218.0,2275.0,False,False
006208,2022-10-26 12:23:48.381670,0.0,-0.002664298401420906,0.0,-0.14999999999999858,56.15,56.25,56.25,56.3,12.0,369.0,1218.0,2275.0,False,False
006208,2022-10-26 12:23:48.392676,0.0,-0.002664298401420906,0.0,-0.14999999999999858,56.15,56.25,56.25,56.3,12.0,419.0,1218.0,2275.0,False,False
006208,2022-10-26 12:23:49.620309,0.0,-0.002664298401420906,0.0,-0.14999999999999858,56.15,56.25,56.25,56.3,12.0,419.0,1218.0,2275.0,True,True
006208,2022-10-26 12:23:50.574369,0.0,-0.002664298401420906,0.0,-0.14999999999999858,56.15,56.25,56.25,56.3,12.0,418.0,1218.0,2275.0,False,False
006208,2022-10-26 12:23:57.687915,0.0,-0.002664298401420906,0.0,-0.14999999999999858,56.15,56.25,56.25,56.3,12.0,418.0,1218.0,2275.0,False,False
006208,2022-10-26 12:23:57.691051,0.0,-0.002664298401420906,0.0,-0.14999999999999858,56.15,56.25,56.25,56.3,12.0,418.0,1218.0,2275.0,False,False
006208,2022-10-26 12:23:57.822358,0.0,-0.002664298401420906,0.0,-0.14999999999999858,56.15,56.25,56.25,56.3,12.0,418.0,1218.0,2275.0,False,False
006208,2022-10-26 12:23:59.660438,0.0,-0.002664298401420906,0.0,-0.14999999999999858,56.15,56.25,56.25,56.3,12.0,418.0,1218.0,2551.0,True,True
006208,2022-10-26 12:24:00.642209,0.0,-0.002664298401420906,0.0,-0.14999999999999858,56.15,56.25,56.25,56.3,12.0,416.0,1218.0,2551.0,False,False
006208,2022-10-26 12:24:07.814828,0.0,-0.002664298401420906,0.0,-0.14999999999999858,56.15,56.25,56.25,56.3,12.0,416.0,1218.0,2551.0,False,False
006208,2022-10-26 12:24:07.817938,0.0,-0.002664298401420906,0.0,-0.14999999999999858,56.15,56.25,56.25,56.3,12.0,416.0,1218.0,2551.0,False,False
006208,2022-10-26 12:24:08.001283,0.0,-0.002664298401420906,0.0,-0.14999999999999858,56.15,56.25,56.25,56.3,12.0,376.0,1218.0,2551.0,False,False
006208,2022-10-26 12:24:09.699676,0.0,-0.002664298401420906,0.0,-0.14999999999999858,56.15,56.25,56.25,56.3,12.0,376.0,1218.0,2753.0,True,True
006208,2022-10-26 12:24:10.569135,0.0,-0.002664298401420906,0.0,-0.14999999999999858,56.15,56.25,56.25,56.3,12.0,375.0,1218.0,2753.0,False,False
006208,2022-10-26 12:24:17.270355,0.0,-0.002664298401420906,0.0,-0.14999999999999858,56.15,56.25,56.25,56.3,12.0,375.0,1218.0,2753.0,False,False
006208,2022-10-26 12:24:17.270429,0.0,-0.002664298401420906,0.0,-0.14999999999999858,56.15,56.25,56.25,56.3,87.0,375.0,1218.0,2753.0,False,False
006208,2022-10-26 12:24:17.954657,0.0,-0.002664298401420906,0.0,-0.14999999999999858,56.15,56.25,56.25,56.3,87.0,375.0,1218.0,2753.0,False,False
006208,2022-10-26 12:24:17.959703,0.0,-0.002664298401420906,0.0,-0.14999999999999858,56.15,56.25,56.25,56.3,87.0,375.0,1218.0,2753.0,False,False
006208,2022-10-26 12:24:18.077531,0.0,-0.002664298401420906,0.0,-0.14999999999999858,56.15,56.25,56.25,56.3,87.0,375.0,1218.0,2753.0,False,False
006208,2022-10-26 12:24:18.220833,0.0,-0.002664298401420906,0.0,-0.14999999999999858,56.15,56.25,56.25,56.3,87.0,374.0,1218.0,2753.0,False,False
006208,2022-10-26 12:24:19.040203,0.0,-0.002664298401420906,0.0,-0.14999999999999858,56.15,56.25,56.25,56.3,87.0,374.0,1218.0,2753.0,False,False
006208,2022-10-26 12:24:19.049369,0.0,-0.002664298401420906,0.0,-0.14999999999999858,56.15,56.25,56.25,56.3,87.0,340.0,1218.0,2753.0,False,False
006208,2022-10-26 12:24:20.176742,0.0,-0.002664298401420906,0.0,-0.14999999999999858,56.15,56.25,56.25,56.3,87.0,340.0,1218.0,2753.0,False,False
006208,2022-10-26 12:24:20.186623,0.0,-0.002664298401420906,0.0,-0.14999999999999858,56.15,56.25,56.25,56.3,87.0,340.0,1218.0,2753.0,False,False
006208,2022-10-26 12:24:20.574077,0.0,-0.002664298401420906,0.0,-0.14999999999999858,56.15,56.25,56.25,56.3,87.0,339.0,1218.0,2753.0,False,False
006208,2022-10-26 12:24:25.104370,0.0,-0.002664298401420906,0.0,-0.14999999999999858,56.15,56.25,56.25,56.3,87.0,339.0,1218.0,2753.0,False,False
006208,2022-10-26 12:24:28.070497,0.0,-0.002664298401420906,0.0,-0.14999999999999858,56.15,56.25,56.25,56.3,87.0,339.0,1218.0,2753.0,False,False
006208,2022-10-26 12:24:28.078079,0.0,-0.002664298401420906,0.0,-0.14999999999999858,56.15,56.25,56.25,56.3,87.0,339.0,1218.0,2753.0,False,False
006208,2022-10-26 12:24:28.206887,0.0,-0.002664298401420906,0.0,-0.14999999999999858,56.15,56.25,56.25,56.3,87.0,339.0,1218.0,2753.0,False,False
006208,2022-10-26 12:24:29.780919,0.0,-0.002664298401420906,0.0,-0.14999999999999858,56.15,56.25,56.25,56.3,87.0,339.0,1318.0,2653.0,True,True
006208,2022-10-26 12:24:30.594579,0.0,-0.002664298401420906,0.0,-0.14999999999999858,56.15,56.25,56.25,56.3,87.0,337.0,1318.0,2653.0,False,False
006208,2022-10-26 12:24:32.427801,0.0,-0.002664298401420906,0.0,-0.14999999999999858,56.15,56.25,56.25,56.3,87.0,337.0,1318.0,2653.0,False,False
006208,2022-10-26 12:24:34.424780,0.0,-0.002664298401420906,0.0,-0.14999999999999858,56.15,56.25,56.25,56.3,87.0,377.0,1318.0,2653.0,False,False
006208,2022-10-26 12:24:34.866216,0.0,-0.002664298401420906,0.0,-0.14999999999999858,56.15,56.25,56.25,56.3,87.0,377.0,1318.0,2653.0,False,False
006208,2022-10-26 12:24:36.856126,0.0,-0.002664298401420906,0.0,-0.14999999999999858,56.15,56.25,56.25,56.3,87.0,337.0,1318.0,2653.0,False,False
006208,2022-10-26 12:24:38.194336,0.0,-0.002664298401420906,0.0,-0.14999999999999858,56.15,56.25,56.25,56.3,87.0,337.0,1318.0,2653.0,False,False
006208,2022-10-26 12:24:38.204016,0.0,-0.002664298401420906,0.0,-0.14999999999999858,56.15,56.25,56.25,56.3,87.0,337.0,1318.0,2653.0,False,False
006208,2022-10-26 12:24:38.334393,0.0,-0.002664298401420906,0.0,-0.14999999999999858,56.15,56.25,56.25,56.3,87.0,337.0,1318.0,2653.0,False,False
006208,2022-10-26 12:24:39.819086,0.0,-0.002664298401420906,0.0,-0.14999999999999858,56.15,56.25,56.25,56.3,87.0,337.0,1318.0,2609.0,True,True
006208,2022-10-26 12:24:40.599668,0.0,-0.002664298401420906,0.0,-0.14999999999999858,56.15,56.25,56.25,56.3,87.0,336.0,1318.0,2609.0,False,False
006208,2022-10-26 12:24:44.159964,0.0,-0.002664298401420906,0.0,-0.14999999999999858,56.15,56.25,56.25,56.3,88.0,336.0,1318.0,2609.0,False,False
006208,2022-10-26 12:24:48.330336,0.0,-0.002664298401420906,0.0,-0.14999999999999858,56.15,56.25,56.25,56.3,88.0,336.0,1318.0,2609.0,False,False
006208,2022-10-26 12:24:48.338887,0.0,-0.002664298401420906,0.0,-0.14999999999999858,56.15,56.25,56.25,56.3,88.0,336.0,1318.0,2609.0,False,False
006208,2022-10-26 12:24:48.466632,0.0,-0.002664298401420906,0.0,-0.14999999999999858,56.15,56.25,56.25,56.3,88.0,336.0,1318.0,2609.0,False,False
006208,2022-10-26 12:24:49.872487,0.0,-0.002664298401420906,0.0,-0.14999999999999858,56.15,56.25,56.25,56.3,88.0,336.0,1245.0,2936.0,True,True
006208,2022-10-26 12:24:50.604929,0.0,-0.002664298401420906,0.0,-0.14999999999999858,56.15,56.25,56.25,56.3,88.0,335.0,1245.0,2936.0,False,False
006208,2022-10-26 12:24:51.112686,0.0,-0.002664298401420906,0.0,-0.14999999999999858,56.15,56.25,56.25,56.3,88.0,336.0,1245.0,2936.0,False,False
006208,2022-10-26 12:24:51.273255,0.0,-0.002664298401420906,0.0,-0.14999999999999858,56.15,56.25,56.25,56.3,88.0,335.0,1245.0,2936.0,False,False
006208,2022-10-26 12:24:53.661213,0.0,-0.002664298401420906,0.0,-0.14999999999999858,56.15,56.25,56.25,56.3,88.0,335.0,1245.0,2936.0,False,False
006208,2022-10-26 12:24:58.405956,0.0,-0.002664298401420906,0.0,-0.14999999999999858,56.15,56.25,56.25,56.3,88.0,335.0,1245.0,2936.0,False,False
006208,2022-10-26 12:24:58.412058,0.0,-0.002664298401420906,0.0,-0.14999999999999858,56.15,56.25,56.25,56.3,88.0,335.0,1245.0,2936.0,False,False
006208,2022-10-26 12:24:58.541702,0.0,-0.002664298401420906,0.0,-0.14999999999999858,56.15,56.25,56.25,56.3,88.0,335.0,1245.0,2936.0,False,False
006208,2022-10-26 12:24:58.976816,0.0,-0.002664298401420906,0.0,-0.14999999999999858,56.15,56.25,56.25,56.3,88.0,375.0,1245.0,2936.0,False,False
006208,2022-10-26 12:25:00.051867,0.0,-0.002664298401420906,0.0,-0.14999999999999858,56.15,56.25,56.25,56.3,88.0,375.0,1418.0,2509.0,True,True
006208,2022-10-26 12:25:00.512318,0.0,-0.002664298401420906,0.0,-0.14999999999999858,56.15,56.25,56.25,56.3,88.0,373.0,1418.0,2509.0,False,False
006208,2022-10-26 12:25:00.868385,0.0,-0.002664298401420906,0.0,-0.14999999999999858,56.15,56.25,56.25,56.3,88.0,373.0,1418.0,2509.0,False,False
006208,2022-10-26 12:25:00.893212,0.0,-0.002664298401420906,0.0,-0.14999999999999858,56.15,56.25,56.25,56.3,88.0,323.0,1418.0,2509.0,False,False
006208,2022-10-26 12:25:01.693953,0.0,-0.002664298401420906,0.0,-0.14999999999999858,56.15,56.25,56.25,56.3,88.0,323.0,1418.0,2509.0,False,False
006208,2022-10-26 12:25:01.694085,0.0,-0.002664298401420906,0.0,-0.14999999999999858,56.15,56.25,56.25,56.3,88.0,323.0,1418.0,2509.0,False,False
006208,2022-10-26 12:25:01.742607,0.0,-0.002664298401420906,0.0,-0.14999999999999858,56.15,56.25,56.25,56.3,88.0,323.0,1418.0,2509.0,False,False
006208,2022-10-26 12:25:02.338912,0.0,-0.002664298401420906,0.0,-0.14999999999999858,56.15,56.25,56.25,56.3,88.0,323.0,1418.0,2509.0,False,False
006208,2022-10-26 12:25:02.339008,0.0,-0.002664298401420906,0.0,-0.14999999999999858,56.15,56.25,56.25,56.3,88.0,323.0,1418.0,2509.0,False,False
006208,2022-10-26 12:25:03.001890,0.0,-0.002664298401420906,0.0,-0.14999999999999858,56.15,56.25,56.25,56.3,88.0,323.0,1418.0,2509.0,False,False
006208,2022-10-26 12:25:03.082017,0.0,-0.002664298401420906,0.0,-0.14999999999999858,56.15,56.25,56.25,56.3,88.0,357.0,1418.0,2509.0,False,False
006208,2022-10-26 12:25:03.276796,0.0,-0.002664298401420906,0.0,-0.14999999999999858,56.15,56.25,56.25,56.3,88.0,357.0,1418.0,2509.0,False,False
006208,2022-10-26 12:25:03.288445,0.0,-0.002664298401420906,0.0,-0.14999999999999858,56.15,56.25,56.25,56.3,88.0,407.0,1418.0,2509.0,False,False
006208,2022-10-26 12:25:05.191179,0.0,-0.002664298401420906,0.0,-0.14999999999999858,56.15,56.25,56.25,56.3,88.0,367.0,1418.0,2509.0,False,False
006208,2022-10-26 12:25:06.241504,0.0,-0.002664298401420906,0.0,-0.14999999999999858,56.15,56.25,56.25,56.3,88.0,367.0,1418.0,2509.0,False,False
006208,2022-10-26 12:25:06.252754,0.0,-0.002664298401420906,0.0,-0.14999999999999858,56.15,56.25,56.25,56.3,88.0,333.0,1418.0,2509.0,False,False
006208,2022-10-26 12:25:08.360357,0.0,-0.002664298401420906,0.0,-0.14999999999999858,56.15,56.25,56.25,56.3,88.0,333.0,1418.0,2509.0,False,False
006208,2022-10-26 12:25:08.370044,0.0,-0.002664298401420906,0.0,-0.14999999999999858,56.15,56.25,56.25,56.3,88.0,333.0,1418.0,2509.0,False,False
006208,2022-10-26 12:25:08.476024,0.0,-0.002664298401420906,0.0,-0.14999999999999858,56.15,56.25,56.25,56.3,88.0,333.0,1418.0,2509.0,False,False
006208,2022-10-26 12:25:08.677809,0.0,-0.002664298401420906,0.0,-0.14999999999999858,56.15,56.25,56.25,56.3,88.0,333.0,1418.0,2509.0,False,False
006208,2022-10-26 12:25:09.236709,0.0,-0.002664298401420906,0.0,-0.14999999999999858,56.15,56.25,56.25,56.3,88.0,333.0,1595.0,2509.0,False,True
006208,2022-10-26 12:25:10.509421,0.0,-0.002664298401420906,0.0,-0.14999999999999858,56.15,56.25,56.25,56.3,88.0,332.0,1595.0,2509.0,False,False
006208,2022-10-26 12:25:18.569586,0.0,-0.002664298401420906,0.0,-0.14999999999999858,56.15,56.25,56.25,56.3,88.0,332.0,1595.0,2509.0,False,False
006208,2022-10-26 12:25:18.572783,0.0,-0.002664298401420906,0.0,-0.14999999999999858,56.15,56.25,56.25,56.3,88.0,332.0,1595.0,2509.0,False,False
006208,2022-10-26 12:25:18.699268,0.0,-0.002664298401420906,0.0,-0.14999999999999858,56.15,56.25,56.25,56.3,88.0,332.0,1595.0,2509.0,False,False
006208,2022-10-26 12:25:19.249747,0.0,-0.002664298401420906,0.0,-0.14999999999999858,56.15,56.25,56.25,56.3,88.0,332.0,1595.0,2421.0,True,True
006208,2022-10-26 12:25:20.450287,0.0,-0.002664298401420906,0.0,-0.14999999999999858,56.15,56.25,56.25,56.3,88.0,330.0,1595.0,2421.0,False,False
006208,2022-10-26 12:25:21.899719,0.0,-0.002664298401420906,0.0,-0.14999999999999858,56.15,56.25,56.25,56.3,88.0,330.0,1595.0,2421.0,False,False
006208,2022-10-26 12:25:21.899766,0.0,-0.002664298401420906,0.0,-0.14999999999999858,56.15,56.25,56.25,56.3,88.0,330.0,1595.0,2421.0,False,False
006208,2022-10-26 12:25:28.428433,0.0,-0.002664298401420906,0.0,-0.14999999999999858,56.15,56.25,56.25,56.3,88.0,329.0,1595.0,2421.0,False,False
006208,2022-10-26 12:25:28.668974,0.0,-0.002664298401420906,0.0,-0.14999999999999858,56.15,56.25,56.25,56.3,88.0,329.0,1595.0,2421.0,False,False
006208,2022-10-26 12:25:28.673981,0.0,-0.002664298401420906,0.0,-0.14999999999999858,56.15,56.25,56.25,56.3,88.0,329.0,1595.0,2421.0,False,False
006208,2022-10-26 12:25:28.805193,0.0,-0.002664298401420906,0.0,-0.14999999999999858,56.15,56.25,56.25,56.3,88.0,329.0,1595.0,2421.0,False,False
006208,2022-10-26 12:25:29.269306,0.0,-0.002664298401420906,0.0,-0.14999999999999858,56.15,56.25,56.25,56.3,88.0,329.0,1595.0,2421.0,True,True
006208,2022-10-26 12:25:30.433253,0.0,-0.002664298401420906,0.0,-0.14999999999999858,56.15,56.25,56.25,56.3,88.0,328.0,1595.0,2421.0,False,False
006208,2022-10-26 12:25:32.323696,0.0,-0.002664298401420906,0.0,-0.14999999999999858,56.15,56.25,56.25,56.3,88.0,368.0,1595.0,2421.0,False,False
006208,2022-10-26 12:25:33.012181,0.0,-0.002664298401420906,0.0,-0.14999999999999858,56.15,56.25,56.25,56.3,88.0,368.0,1595.0,2421.0,False,False
006208,2022-10-26 12:25:33.012302,0.0,-0.002664298401420906,0.0,-0.14999999999999858,56.15,56.25,56.25,56.3,88.0,368.0,1595.0,2421.0,False,False
006208,2022-10-26 12:25:33.072978,0.0,-0.002664298401420906,0.0,-0.14999999999999858,56.15,56.25,56.25,56.3,88.0,367.0,1595.0,2421.0,False,False
006208,2022-10-26 12:25:33.647966,0.0,-0.002664298401420906,0.0,-0.14999999999999858,56.15,56.25,56.25,56.3,88.0,327.0,1595.0,2421.0,False,False
006208,2022-10-26 12:25:35.128856,0.0,-0.002664298401420906,0.0,-0.14999999999999858,56.15,56.25,56.25,56.3,88.0,327.0,1595.0,2421.0,False,False
006208,2022-10-26 12:25:35.207668,0.0,-0.002664298401420906,0.0,-0.14999999999999858,56.15,56.25,56.25,56.3,88.0,361.0,1595.0,2421.0,False,False
006208,2022-10-26 12:25:35.272910,0.0,-0.002664298401420906,0.0,-0.14999999999999858,56.15,56.25,56.25,56.3,88.0,361.0,1595.0,2421.0,False,False
006208,2022-10-26 12:25:35.273039,0.0,-0.002664298401420906,0.0,-0.14999999999999858,56.15,56.25,56.25,56.3,88.0,361.0,1595.0,2421.0,False,False
006208,2022-10-26 12:25:38.779202,0.0,-0.002664298401420906,0.0,-0.14999999999999858,56.15,56.25,56.25,56.3,88.0,361.0,1595.0,2421.0,False,False
006208,2022-10-26 12:25:38.782654,0.0,-0.002664298401420906,0.0,-0.14999999999999858,56.15,56.25,56.25,56.3,88.0,361.0,1595.0,2421.0,False,False
006208,2022-10-26 12:25:38.917682,0.0,-0.002664298401420906,0.0,-0.14999999999999858,56.15,56.25,56.25,56.3,88.0,361.0,1595.0,2421.0,False,False
006208,2022-10-26 12:25:39.309069,0.0,-0.002664298401420906,0.0,-0.14999999999999858,56.15,56.25,56.25,56.3,88.0,361.0,1595.0,3321.0,True,True
006208,2022-10-26 12:25:39.583526,0.0,-0.002664298401420906,0.0,-0.14999999999999858,56.15,56.25,56.25,56.3,13.0,361.0,1595.0,3321.0,False,False
006208,2022-10-26 12:25:39.583713,0.0,-0.002664298401420906,0.0,-0.14999999999999858,56.15,56.25,56.25,56.3,13.0,361.0,1595.0,3321.0,False,False
006208,2022-10-26 12:25:40.421796,0.0,-0.002664298401420906,0.0,-0.14999999999999858,56.15,56.25,56.25,56.3,13.0,360.0,1595.0,3321.0,False,False
006208,2022-10-26 12:25:40.675757,0.0,-0.002664298401420906,0.0,-0.14999999999999858,56.15,56.25,56.25,56.3,13.0,400.0,1595.0,3321.0,False,False
006208,2022-10-26 12:25:48.893123,0.0,-0.002664298401420906,0.0,-0.14999999999999858,56.15,56.25,56.25,56.3,13.0,400.0,1595.0,3321.0,False,False
006208,2022-10-26 12:25:48.896080,0.0,-0.002664298401420906,0.0,-0.14999999999999858,56.15,56.25,56.25,56.3,13.0,400.0,1595.0,3321.0,False,False
006208,2022-10-26 12:25:49.033457,0.0,-0.002664298401420906,0.0,-0.14999999999999858,56.15,56.25,56.25,56.3,13.0,400.0,1595.0,3321.0,False,False
006208,2022-10-26 12:25:49.208692,0.0,-0.002664298401420906,0.0,-0.14999999999999858,56.15,56.25,56.25,56.3,13.0,400.0,1595.0,3321.0,False,False
006208,2022-10-26 12:25:49.334839,0.0,-0.002664298401420906,0.0,-0.14999999999999858,56.15,56.25,56.25,56.3,13.0,400.0,1595.0,3352.0,True,True
006208,2022-10-26 12:25:49.592309,0.0,-0.002664298401420906,0.0,-0.14999999999999858,56.15,56.25,56.25,56.3,13.0,400.0,1595.0,3352.0,False,False
006208,2022-10-26 12:25:50.413474,0.0,-0.002664298401420906,0.0,-0.14999999999999858,56.15,56.25,56.25,56.3,13.0,398.0,1595.0,3352.0,False,False
006208,2022-10-26 12:25:57.162887,0.0,-0.002664298401420906,0.0,-0.14999999999999858,56.15,56.25,56.25,56.3,13.0,398.0,1595.0,3352.0,False,False
006208,2022-10-26 12:25:57.162988,0.0,-0.002664298401420906,0.0,-0.14999999999999858,56.15,56.25,56.25,56.3,13.0,398.0,1595.0,3352.0,False,False
006208,2022-10-26 12:25:57.300983,0.0,-0.002664298401420906,0.0,-0.14999999999999858,56.15,56.25,56.25,56.3,13.0,398.0,1595.0,3352.0,False,False
006208,2022-10-26 12:25:59.010324,0.0,-0.002664298401420906,0.0,-0.14999999999999858,56.15,56.25,56.25,56.3,13.0,398.0,1595.0,3352.0,False,False
006208,2022-10-26 12:25:59.014377,0.0,-0.002664298401420906,0.0,-0.14999999999999858,56.15,56.25,56.25,56.3,13.0,398.0,1595.0,3352.0,False,False
006208,2022-10-26 12:25:59.148823,0.0,-0.002664298401420906,0.0,-0.14999999999999858,56.15,56.25,56.25,56.3,13.0,398.0,1595.0,3352.0,False,False
006208,2022-10-26 12:25:59.363033,0.0,-0.002664298401420906,0.0,-0.14999999999999858,56.15,56.25,56.25,56.3,13.0,398.0,1695.0,3352.0,True,True
006208,2022-10-26 12:26:00.078368,0.0,-0.002664298401420906,0.0,-0.14999999999999858,56.15,56.25,56.25,56.3,13.0,398.0,1695.0,3352.0,False,False
006208,2022-10-26 12:26:00.078385,0.0,-0.002664298401420906,0.0,-0.14999999999999858,56.15,56.25,56.25,56.3,13.0,398.0,1695.0,3352.0,False,False
006208,2022-10-26 12:26:00.422514,0.0,-0.002664298401420906,0.0,-0.14999999999999858,56.15,56.25,56.25,56.3,13.0,397.0,1695.0,3352.0,False,False
006208,2022-10-26 12:26:05.145811,0.0,-0.002664298401420906,0.0,-0.14999999999999858,56.15,56.25,56.25,56.3,13.0,396.0,1695.0,3352.0,False,False
006208,2022-10-26 12:26:05.502289,0.0,-0.002664298401420906,0.0,-0.14999999999999858,56.15,56.25,56.25,56.3,13.0,396.0,1695.0,3352.0,False,False
006208,2022-10-26 12:26:05.502438,0.0,-0.002664298401420906,0.0,-0.14999999999999858,56.15,56.25,56.25,56.3,13.0,416.0,1695.0,3352.0,False,False
006208,2022-10-26 12:26:06.079422,0.0,-0.002664298401420906,0.0,-0.14999999999999858,56.15,56.25,56.25,56.3,13.0,415.0,1695.0,3352.0,False,False
006208,2022-10-26 12:26:09.126479,0.0,-0.002664298401420906,0.0,-0.14999999999999858,56.15,56.25,56.25,56.3,13.0,415.0,1695.0,3352.0,False,False
006208,2022-10-26 12:26:09.129513,0.0,-0.002664298401420906,0.0,-0.14999999999999858,56.15,56.25,56.25,56.3,13.0,415.0,1695.0,3352.0,False,False
006208,2022-10-26 12:26:09.260287,0.0,-0.002664298401420906,0.0,-0.14999999999999858,56.15,56.25,56.25,56.3,13.0,415.0,1695.0,3352.0,False,False
006208,2022-10-26 12:26:09.391233,0.0,-0.002664298401420906,0.0,-0.14999999999999858,56.15,56.25,56.25,56.3,13.0,415.0,2315.0,3352.0,True,True
006208,2022-10-26 12:26:10.400914,0.0,-0.002664298401420906,0.0,-0.14999999999999858,56.15,56.25,56.25,56.3,13.0,413.0,2315.0,3352.0,False,False
006208,2022-10-26 12:26:10.581083,0.0,-0.002664298401420906,0.0,-0.14999999999999858,56.15,56.25,56.25,56.3,13.0,413.0,2315.0,3352.0,False,False
006208,2022-10-26 12:26:10.581164,0.0,-0.002664298401420906,0.0,-0.14999999999999858,56.15,56.25,56.25,56.3,13.0,413.0,2315.0,3352.0,False,False
006208,2022-10-26 12:26:12.480419,0.0,-0.002664298401420906,0.0,-0.14999999999999858,56.15,56.25,56.25,56.3,13.0,413.0,2315.0,3352.0,False,False
006208,2022-10-26 12:26:12.483076,0.0,-0.002664298401420906,0.0,-0.14999999999999858,56.15,56.25,56.25,56.3,13.0,393.0,2315.0,3352.0,False,False
006208,2022-10-26 12:26:19.243473,0.0,-0.002664298401420906,0.0,-0.14999999999999858,56.15,56.25,56.25,56.3,13.0,393.0,2315.0,3352.0,False,False
006208,2022-10-26 12:26:19.247666,0.0,-0.002664298401420906,0.0,-0.14999999999999858,56.15,56.25,56.25,56.3,13.0,393.0,2315.0,3352.0,False,False
006208,2022-10-26 12:26:19.417782,0.0,-0.002664298401420906,0.0,-0.14999999999999858,56.15,56.25,56.25,56.3,13.0,393.0,2315.0,3302.0,True,True
006208,2022-10-26 12:26:19.380318,0.0,-0.002664298401420906,0.0,-0.14999999999999858,56.15,56.25,56.25,56.3,13.0,393.0,2315.0,3302.0,False,False
006208,2022-10-26 12:26:20.395395,0.0,-0.002664298401420906,0.0,-0.14999999999999858,56.15,56.25,56.25,56.3,13.0,392.0,2315.0,3302.0,False,False
006208,2022-10-26 12:26:22.849778,0.0,-0.002664298401420906,0.0,-0.14999999999999858,56.15,56.25,56.25,56.3,13.0,392.0,2315.0,3302.0,False,False
006208,2022-10-26 12:26:22.849931,0.0,-0.002664298401420906,0.0,-0.14999999999999858,56.15,56.25,56.25,56.3,13.0,412.0,2315.0,3302.0,False,False
006208,2022-10-26 12:26:29.361308,0.0,-0.002664298401420906,0.0,-0.14999999999999858,56.15,56.25,56.25,56.3,13.0,412.0,2315.0,3302.0,False,False
006208,2022-10-26 12:26:29.364696,0.0,-0.002664298401420906,0.0,-0.14999999999999858,56.15,56.25,56.25,56.3,13.0,412.0,2315.0,3302.0,False,False
006208,2022-10-26 12:26:29.501069,0.0,-0.002664298401420906,0.0,-0.14999999999999858,56.15,56.25,56.25,56.3,13.0,412.0,2315.0,3302.0,False,False
006208,2022-10-26 12:26:30.374992,0.0,-0.002664298401420906,0.0,-0.14999999999999858,56.15,56.25,56.25,56.3,13.0,411.0,2315.0,3302.0,False,False
006208,2022-10-26 12:26:30.927703,0.0,-0.002664298401420906,0.0,-0.14999999999999858,56.15,56.25,56.25,56.3,13.0,411.0,2315.0,3302.0,False,False
006208,2022-10-26 12:26:30.927728,0.0,-0.002664298401420906,0.0,-0.14999999999999858,56.15,56.25,56.25,56.3,13.0,411.0,2315.0,3302.0,False,False
006208,2022-10-26 12:26:31.056679,0.000889679715302405,-0.002664298401420906,0.04999999999999716,-0.14999999999999858,56.15,56.2,56.25,56.3,13.0,75.0,2315.0,3302.0,False,False
006208,2022-10-26 12:26:31.174724,0.000889679715302405,-0.002664298401420906,0.04999999999999716,-0.14999999999999858,56.15,56.2,56.25,56.3,13.0,75.0,2315.0,3302.0,False,False
006208,2022-10-26 12:26:31.225960,0.000889679715302405,-0.002664298401420906,0.04999999999999716,-0.14999999999999858,56.15,56.2,56.25,56.3,13.0,75.0,2315.0,3302.0,False,False
006208,2022-10-26 12:26:31.300734,0.000889679715302405,-0.002664298401420906,0.04999999999999716,-0.14999999999999858,56.15,56.2,56.25,56.3,13.0,75.0,2315.0,3302.0,False,False
006208,2022-10-26 12:26:32.136266,0.000889679715302405,-0.002664298401420906,0.04999999999999716,-0.14999999999999858,56.15,56.2,56.25,56.3,13.0,175.0,2315.0,3302.0,False,False
006208,2022-10-26 12:26:32.206357,0.000889679715302405,-0.002664298401420906,0.04999999999999716,-0.14999999999999858,56.15,56.2,56.25,56.3,13.0,175.0,2315.0,3302.0,False,False
006208,2022-10-26 12:26:34.190253,0.000889679715302405,-0.002664298401420906,0.04999999999999716,-0.14999999999999858,56.15,56.2,56.25,56.3,13.0,175.0,2315.0,3302.0,False,False
006208,2022-10-26 12:26:34.311497,0.000889679715302405,-0.002664298401420906,0.04999999999999716,-0.14999999999999858,56.15,56.2,56.25,56.3,13.0,209.0,2315.0,3302.0,False,False
006208,2022-10-26 12:26:34.396244,0.000889679715302405,-0.002664298401420906,0.04999999999999716,-0.14999999999999858,56.15,56.2,56.25,56.3,13.0,209.0,2315.0,3302.0,False,False
006208,2022-10-26 12:26:34.458230,0.000889679715302405,-0.002664298401420906,0.04999999999999716,-0.14999999999999858,56.15,56.2,56.25,56.3,13.0,209.0,2315.0,3302.0,False,False
006208,2022-10-26 12:26:34.558162,0.000889679715302405,-0.002664298401420906,0.04999999999999716,-0.14999999999999858,56.15,56.2,56.25,56.3,13.0,209.0,2315.0,3302.0,False,False
006208,2022-10-26 12:26:34.738600,0.000889679715302405,-0.002664298401420906,0.04999999999999716,-0.14999999999999858,56.15,56.2,56.25,56.3,13.0,209.0,2315.0,3302.0,False,False
006208,2022-10-26 12:26:34.809552,0.000889679715302405,-0.002664298401420906,0.04999999999999716,-0.14999999999999858,56.15,56.2,56.25,56.3,13.0,209.0,2315.0,3302.0,False,False
006208,2022-10-26 12:26:38.943008,0.000889679715302405,-0.002664298401420906,0.04999999999999716,-0.14999999999999858,56.15,56.2,56.25,56.3,13.0,209.0,2315.0,3302.0,False,False
006208,2022-10-26 12:26:38.963748,0.000889679715302405,-0.002664298401420906,0.04999999999999716,-0.14999999999999858,56.15,56.2,56.25,56.3,13.0,109.0,2315.0,3302.0,False,False
006208,2022-10-26 12:26:39.095402,0.000889679715302405,-0.002664298401420906,0.04999999999999716,-0.14999999999999858,56.15,56.2,56.25,56.3,13.0,109.0,2315.0,3302.0,False,False
006208,2022-10-26 12:26:39.482948,0.000889679715302405,-0.002664298401420906,0.04999999999999716,-0.14999999999999858,56.15,56.2,56.25,56.3,13.0,109.0,2715.0,2147.0,True,True
006208,2022-10-26 12:26:39.720174,0.000889679715302405,-0.002664298401420906,0.04999999999999716,-0.14999999999999858,56.15,56.2,56.25,56.3,13.0,109.0,2715.0,2147.0,False,False
006208,2022-10-26 12:26:39.753839,0.000889679715302405,-0.002664298401420906,0.04999999999999716,-0.14999999999999858,56.15,56.2,56.25,56.3,13.0,109.0,2715.0,2147.0,False,False
006208,2022-10-26 12:26:39.753950,0.000889679715302405,-0.002664298401420906,0.04999999999999716,-0.14999999999999858,56.15,56.2,56.25,56.3,13.0,109.0,2715.0,2147.0,False,False
006208,2022-10-26 12:26:39.963287,0.000889679715302405,-0.002664298401420906,0.04999999999999716,-0.14999999999999858,56.15,56.2,56.25,56.3,13.0,109.0,2715.0,2147.0,False,False
006208,2022-10-26 12:26:40.059492,0.000889679715302405,-0.002664298401420906,0.04999999999999716,-0.14999999999999858,56.15,56.2,56.25,56.3,13.0,108.0,2715.0,2147.0,False,False
006208,2022-10-26 12:26:40.416329,0.000889679715302405,-0.002664298401420906,0.04999999999999716,-0.14999999999999858,56.15,56.2,56.25,56.3,13.0,106.0,2715.0,2147.0,False,False
006208,2022-10-26 12:26:41.014942,0.000889679715302405,-0.002664298401420906,0.04999999999999716,-0.14999999999999858,56.15,56.2,56.25,56.3,13.0,106.0,2715.0,2147.0,False,False
006208,2022-10-26 12:26:41.078273,0.000889679715302405,-0.002664298401420906,0.04999999999999716,-0.14999999999999858,56.15,56.2,56.25,56.3,13.0,72.0,2715.0,2147.0,False,False
006208,2022-10-26 12:26:41.187499,0.000889679715302405,-0.002664298401420906,0.04999999999999716,-0.14999999999999858,56.15,56.2,56.25,56.3,13.0,72.0,2715.0,2147.0,False,False
006208,2022-10-26 12:26:41.274329,0.000889679715302405,-0.002664298401420906,0.04999999999999716,-0.14999999999999858,56.15,56.2,56.25,56.3,13.0,72.0,2715.0,2147.0,False,False
006208,2022-10-26 12:26:41.280645,0.000889679715302405,-0.002664298401420906,0.04999999999999716,-0.14999999999999858,56.15,56.2,56.25,56.3,13.0,72.0,2715.0,2147.0,False,False
006208,2022-10-26 12:26:41.410872,0.000889679715302405,-0.002664298401420906,0.04999999999999716,-0.14999999999999858,56.15,56.2,56.25,56.3,13.0,72.0,2715.0,2147.0,False,False
006208,2022-10-26 12:26:42.110577,0.000889679715302405,-0.002664298401420906,0.04999999999999716,-0.14999999999999858,56.15,56.2,56.25,56.3,13.0,172.0,2715.0,2147.0,False,False
006208,2022-10-26 12:26:43.711240,0.000889679715302405,-0.002664298401420906,0.04999999999999716,-0.14999999999999858,56.15,56.2,56.25,56.3,13.0,172.0,2715.0,2147.0,False,False
006208,2022-10-26 12:26:43.746288,0.000889679715302405,-0.002664298401420906,0.04999999999999716,-0.14999999999999858,56.15,56.2,56.25,56.3,13.0,72.0,2715.0,2147.0,False,False
006208,2022-10-26 12:26:44.366660,0.000889679715302405,-0.002664298401420906,0.04999999999999716,-0.14999999999999858,56.15,56.2,56.25,56.3,13.0,72.0,2715.0,2147.0,False,False
006208,2022-10-26 12:26:44.444418,0.000889679715302405,-0.002664298401420906,0.04999999999999716,-0.14999999999999858,56.15,56.2,56.25,56.3,13.0,72.0,2715.0,2147.0,False,False
006208,2022-10-26 12:26:44.746863,0.000889679715302405,-0.002664298401420906,0.04999999999999716,-0.14999999999999858,56.15,56.2,56.25,56.3,13.0,72.0,2715.0,2147.0,False,False
006208,2022-10-26 12:26:44.931531,0.000889679715302405,-0.002664298401420906,0.04999999999999716,-0.14999999999999858,56.15,56.2,56.25,56.3,13.0,72.0,2715.0,2147.0,False,False
006208,2022-10-26 12:26:44.942102,0.000889679715302405,-0.002664298401420906,0.04999999999999716,-0.14999999999999858,56.15,56.2,56.25,56.3,13.0,72.0,2715.0,2147.0,False,False
006208,2022-10-26 12:26:45.262333,0.0,-0.002664298401420906,0.0,-0.14999999999999858,56.15,56.25,56.25,56.3,13.0,356.0,2715.0,2147.0,False,False
006208,2022-10-26 12:26:45.296981,0.0,-0.002664298401420906,0.0,-0.14999999999999858,56.15,56.25,56.25,56.3,13.0,431.0,2715.0,2147.0,False,False
006208,2022-10-26 12:26:45.356267,0.0,-0.002664298401420906,0.0,-0.14999999999999858,56.15,56.25,56.25,56.3,13.0,431.0,2715.0,2147.0,False,False
006208,2022-10-26 12:26:45.474170,0.0,-0.002664298401420906,0.0,-0.14999999999999858,56.15,56.25,56.25,56.3,13.0,391.0,2715.0,2147.0,False,False
006208,2022-10-26 12:26:45.604074,0.0,-0.002664298401420906,0.0,-0.14999999999999858,56.15,56.25,56.25,56.3,13.0,391.0,2715.0,2147.0,False,False
006208,2022-10-26 12:26:45.761902,0.0,-0.002664298401420906,0.0,-0.14999999999999858,56.15,56.25,56.25,56.3,13.0,391.0,2715.0,2147.0,False,False
006208,2022-10-26 12:26:46.215061,0.0,-0.002664298401420906,0.0,-0.14999999999999858,56.15,56.25,56.25,56.3,13.0,391.0,2715.0,2147.0,False,False
006208,2022-10-26 12:26:46.227014,0.0,-0.002664298401420906,0.0,-0.14999999999999858,56.15,56.25,56.25,56.3,13.0,391.0,2715.0,2147.0,False,False
006208,2022-10-26 12:26:46.229931,0.0,-0.002664298401420906,0.0,-0.14999999999999858,56.15,56.25,56.25,56.3,13.0,391.0,2715.0,2147.0,False,False
006208,2022-10-26 12:26:46.530187,0.0,-0.002664298401420906,0.0,-0.14999999999999858,56.15,56.25,56.25,56.3,13.0,391.0,2715.0,2147.0,False,False
006208,2022-10-26 12:26:46.536629,0.0,-0.002664298401420906,0.0,-0.14999999999999858,56.15,56.25,56.25,56.3,13.0,391.0,2715.0,2147.0,False,False
006208,2022-10-26 12:26:50.380190,0.0,-0.002664298401420906,0.0,-0.14999999999999858,56.15,56.25,56.25,56.3,13.0,390.0,2715.0,2147.0,False,False
006208,2022-10-26 12:26:50.461749,0.0,-0.002664298401420906,0.0,-0.14999999999999858,56.15,56.25,56.25,56.3,13.0,390.0,2715.0,2147.0,False,False
006208,2022-10-26 12:26:50.570951,0.0,-0.002664298401420906,0.0,-0.14999999999999858,56.15,56.25,56.25,56.3,13.0,390.0,2715.0,2147.0,False,False
006208,2022-10-26 12:26:50.653089,0.0,-0.002664298401420906,0.0,-0.14999999999999858,56.15,56.25,56.25,56.3,13.0,390.0,2715.0,2147.0,False,False
006208,2022-10-26 12:26:51.371555,0.0,-0.002664298401420906,0.0,-0.14999999999999858,56.15,56.25,56.25,56.3,13.0,390.0,2715.0,2147.0,False,False
006208,2022-10-26 12:26:54.073561,0.0,-0.002664298401420906,0.0,-0.14999999999999858,56.15,56.25,56.25,56.3,13.0,315.0,2715.0,2147.0,False,False
006208,2022-10-26 12:26:54.073708,0.000889679715302405,-0.002664298401420906,0.04999999999999716,-0.14999999999999858,56.15,56.2,56.25,56.3,13.0,75.0,2715.0,2147.0,False,False
006208,2022-10-26 12:26:54.195380,0.000889679715302405,-0.002664298401420906,0.04999999999999716,-0.14999999999999858,56.15,56.2,56.25,56.3,13.0,75.0,2715.0,2147.0,False,False
006208,2022-10-26 12:26:54.286718,0.000889679715302405,-0.002664298401420906,0.04999999999999716,-0.14999999999999858,56.15,56.2,56.25,56.3,13.0,75.0,2715.0,2147.0,False,False
006208,2022-10-26 12:26:54.441568,0.000889679715302405,-0.002664298401420906,0.04999999999999716,-0.14999999999999858,56.15,56.2,56.25,56.3,13.0,75.0,2715.0,2147.0,False,False
006208,2022-10-26 12:26:55.069730,0.000889679715302405,-0.002664298401420906,0.04999999999999716,-0.14999999999999858,56.15,56.2,56.25,56.3,13.0,75.0,2715.0,2147.0,False,False
006208,2022-10-26 12:26:55.098041,0.000889679715302405,-0.002664298401420906,0.04999999999999716,-0.14999999999999858,56.15,56.2,56.25,56.3,13.0,75.0,2715.0,2147.0,False,False
006208,2022-10-26 12:26:55.166884,0.000889679715302405,-0.002664298401420906,0.04999999999999716,-0.14999999999999858,56.15,56.2,56.25,56.3,13.0,75.0,2715.0,2147.0,False,False
006208,2022-10-26 12:27:00.453338,0.000889679715302405,-0.002664298401420906,0.04999999999999716,-0.14999999999999858,56.15,56.2,56.25,56.3,13.0,74.0,2715.0,2147.0,False,False
006208,2022-10-26 12:27:00.487772,0.000889679715302405,-0.002664298401420906,0.04999999999999716,-0.14999999999999858,56.15,56.2,56.25,56.3,13.0,74.0,2715.0,2147.0,False,False
006208,2022-10-26 12:27:00.579318,0.000889679715302405,-0.002664298401420906,0.04999999999999716,-0.14999999999999858,56.15,56.2,56.25,56.3,13.0,74.0,2715.0,2147.0,False,False
006208,2022-10-26 12:27:01.488097,0.000889679715302405,-0.002664298401420906,0.04999999999999716,-0.14999999999999858,56.15,56.2,56.25,56.3,13.0,174.0,2715.0,2147.0,False,False
006208,2022-10-26 12:27:04.430905,0.000889679715302405,-0.002664298401420906,0.04999999999999716,-0.14999999999999858,56.15,56.2,56.25,56.3,13.0,174.0,2715.0,2147.0,False,False
006208,2022-10-26 12:27:04.433793,0.000889679715302405,-0.002664298401420906,0.04999999999999716,-0.14999999999999858,56.15,56.2,56.25,56.3,13.0,174.0,2715.0,2147.0,False,False
006208,2022-10-26 12:27:04.569039,0.000889679715302405,-0.002664298401420906,0.04999999999999716,-0.14999999999999858,56.15,56.2,56.25,56.3,13.0,174.0,2715.0,2147.0,False,False
006208,2022-10-26 12:27:04.609080,0.000889679715302405,-0.002664298401420906,0.04999999999999716,-0.14999999999999858,56.15,56.2,56.25,56.3,13.0,174.0,2715.0,2147.0,False,False
006208,2022-10-26 12:27:04.800278,0.000889679715302405,-0.002664298401420906,0.04999999999999716,-0.14999999999999858,56.15,56.2,56.25,56.3,13.0,174.0,2715.0,2147.0,False,False
006208,2022-10-26 12:27:05.278056,0.000889679715302405,-0.002664298401420906,0.04999999999999716,-0.14999999999999858,56.15,56.2,56.25,56.3,13.0,174.0,2715.0,2147.0,False,False
006208,2022-10-26 12:27:05.278189,0.000889679715302405,-0.002664298401420906,0.04999999999999716,-0.14999999999999858,56.15,56.2,56.25,56.3,13.0,174.0,2715.0,2147.0,False,False
006208,2022-10-26 12:27:05.567786,0.000889679715302405,-0.002664298401420906,0.04999999999999716,-0.14999999999999858,56.15,56.2,56.25,56.3,13.0,174.0,2715.0,2147.0,False,False
006208,2022-10-26 12:27:09.577008,0.000889679715302405,-0.002664298401420906,0.04999999999999716,-0.14999999999999858,56.15,56.2,56.25,56.3,13.0,174.0,2715.0,2442.0,True,True
006208,2022-10-26 12:27:10.354995,0.000889679715302405,-0.002664298401420906,0.04999999999999716,-0.14999999999999858,56.15,56.2,56.25,56.3,13.0,172.0,2715.0,2442.0,False,False
006208,2022-10-26 12:27:11.719167,0.000889679715302405,-0.002664298401420906,0.04999999999999716,-0.14999999999999858,56.15,56.2,56.25,56.3,13.0,172.0,2715.0,2442.0,False,False
006208,2022-10-26 12:27:11.792159,0.000889679715302405,-0.002664298401420906,0.04999999999999716,-0.14999999999999858,56.15,56.2,56.25,56.3,13.0,206.0,2715.0,2442.0,False,False
006208,2022-10-26 12:27:13.064164,0.000889679715302405,-0.002664298401420906,0.04999999999999716,-0.14999999999999858,56.15,56.2,56.25,56.3,13.0,205.0,2715.0,2442.0,False,False
006208,2022-10-26 12:27:13.116962,0.000889679715302405,-0.002664298401420906,0.04999999999999716,-0.14999999999999858,56.15,56.2,56.25,56.3,13.0,205.0,2715.0,2442.0,False,False
006208,2022-10-26 12:27:13.178829,0.000889679715302405,-0.002664298401420906,0.04999999999999716,-0.14999999999999858,56.15,56.2,56.25,56.3,13.0,205.0,2715.0,2442.0,False,False
006208,2022-10-26 12:27:13.284601,0.000889679715302405,-0.002664298401420906,0.04999999999999716,-0.14999999999999858,56.15,56.2,56.25,56.3,13.0,205.0,2715.0,2442.0,False,False
006208,2022-10-26 12:27:14.546916,0.000889679715302405,-0.002664298401420906,0.04999999999999716,-0.14999999999999858,56.15,56.2,56.25,56.3,13.0,205.0,2715.0,2442.0,False,False
006208,2022-10-26 12:27:14.559290,0.000889679715302405,-0.002664298401420906,0.04999999999999716,-0.14999999999999858,56.15,56.2,56.25,56.3,13.0,205.0,2715.0,2442.0,False,False
006208,2022-10-26 12:27:14.687800,0.000889679715302405,-0.002664298401420906,0.04999999999999716,-0.14999999999999858,56.15,56.2,56.25,56.3,13.0,205.0,2715.0,2442.0,False,False
006208,2022-10-26 12:27:19.049109,0.000889679715302405,-0.002664298401420906,0.04999999999999716,-0.14999999999999858,56.15,56.2,56.25,56.3,13.0,205.0,2715.0,2442.0,False,False
006208,2022-10-26 12:27:19.049283,0.000889679715302405,-0.002664298401420906,0.04999999999999716,-0.14999999999999858,56.15,56.2,56.25,56.3,13.0,205.0,2715.0,2442.0,False,False
006208,2022-10-26 12:27:19.603133,0.000889679715302405,-0.002664298401420906,0.04999999999999716,-0.14999999999999858,56.15,56.2,56.25,56.3,13.0,205.0,2715.0,2496.0,True,True
006208,2022-10-26 12:27:20.396325,0.000889679715302405,-0.002664298401420906,0.04999999999999716,-0.14999999999999858,56.15,56.2,56.25,56.3,13.0,204.0,2715.0,2496.0,False,False
006208,2022-10-26 12:27:24.669032,0.000889679715302405,-0.002664298401420906,0.04999999999999716,-0.14999999999999858,56.15,56.2,56.25,56.3,13.0,204.0,2715.0,2496.0,False,False
006208,2022-10-26 12:27:24.672504,0.000889679715302405,-0.002664298401420906,0.04999999999999716,-0.14999999999999858,56.15,56.2,56.25,56.3,13.0,204.0,2715.0,2496.0,False,False
006208,2022-10-26 12:27:24.802283,0.000889679715302405,-0.002664298401420906,0.04999999999999716,-0.14999999999999858,56.15,56.2,56.25,56.3,13.0,204.0,2715.0,2496.0,False,False
006208,2022-10-26 12:27:29.642378,0.000889679715302405,-0.002664298401420906,0.04999999999999716,-0.14999999999999858,56.15,56.2,56.25,56.3,13.0,204.0,2715.0,3046.0,True,True
006208,2022-10-26 12:27:30.375798,0.000889679715302405,-0.002664298401420906,0.04999999999999716,-0.14999999999999858,56.15,56.2,56.25,56.3,13.0,202.0,2715.0,3046.0,False,False
006208,2022-10-26 12:27:34.799866,0.000889679715302405,-0.002664298401420906,0.04999999999999716,-0.14999999999999858,56.15,56.2,56.25,56.3,13.0,202.0,2715.0,3046.0,False,False
006208,2022-10-26 12:27:34.803303,0.000889679715302405,-0.002664298401420906,0.04999999999999716,-0.14999999999999858,56.15,56.2,56.25,56.3,13.0,202.0,2715.0,3046.0,False,False
006208,2022-10-26 12:27:34.934233,0.000889679715302405,-0.002664298401420906,0.04999999999999716,-0.14999999999999858,56.15,56.2,56.25,56.3,13.0,202.0,2715.0,3046.0,False,False
006208,2022-10-26 12:27:34.949189,0.000889679715302405,-0.002664298401420906,0.04999999999999716,-0.14999999999999858,56.15,56.2,56.25,56.3,13.0,202.0,2715.0,3046.0,False,False
006208,2022-10-26 12:27:38.427793,0.000889679715302405,-0.002664298401420906,0.04999999999999716,-0.14999999999999858,56.15,56.2,56.25,56.3,13.0,202.0,2715.0,3046.0,False,False
006208,2022-10-26 12:27:38.441243,0.000889679715302405,-0.002664298401420906,0.04999999999999716,-0.14999999999999858,56.15,56.2,56.25,56.3,13.0,202.0,2715.0,3046.0,False,False
006208,2022-10-26 12:27:38.544744,0.000889679715302405,-0.002664298401420906,0.04999999999999716,-0.14999999999999858,56.15,56.2,56.25,56.3,13.0,202.0,2715.0,3046.0,False,False
006208,2022-10-26 12:27:39.670456,0.000889679715302405,-0.002664298401420906,0.04999999999999716,-0.14999999999999858,56.15,56.2,56.25,56.3,13.0,202.0,2715.0,3040.0,True,True
006208,2022-10-26 12:27:40.355229,0.000889679715302405,-0.002664298401420906,0.04999999999999716,-0.14999999999999858,56.15,56.2,56.25,56.3,13.0,201.0,2715.0,3040.0,False,False
006208,2022-10-26 12:27:44.899178,0.000889679715302405,-0.002664298401420906,0.04999999999999716,-0.14999999999999858,56.15,56.2,56.25,56.3,13.0,201.0,2715.0,3040.0,False,False
006208,2022-10-26 12:27:44.935126,0.000889679715302405,-0.002664298401420906,0.04999999999999716,-0.14999999999999858,56.15,56.2,56.25,56.3,13.0,201.0,2715.0,3040.0,False,False
006208,2022-10-26 12:27:45.050297,0.000889679715302405,-0.002664298401420906,0.04999999999999716,-0.14999999999999858,56.15,56.2,56.25,56.3,13.0,201.0,2715.0,3040.0,False,False
006208,2022-10-26 12:27:45.155115,0.000889679715302405,-0.002664298401420906,0.04999999999999716,-0.14999999999999858,56.15,56.2,56.25,56.3,13.0,201.0,2715.0,3040.0,False,False
006208,2022-10-26 12:27:45.205651,0.000889679715302405,-0.002664298401420906,0.04999999999999716,-0.14999999999999858,56.15,56.2,56.25,56.3,13.0,201.0,2715.0,3040.0,False,False
006208,2022-10-26 12:27:46.884109,0.000889679715302405,-0.002664298401420906,0.04999999999999716,-0.14999999999999858,56.15,56.2,56.25,56.3,12.0,201.0,2715.0,3040.0,False,False
006208,2022-10-26 12:27:47.041033,0.000889679715302405,-0.002664298401420906,0.04999999999999716,-0.14999999999999858,56.15,56.2,56.25,56.3,12.0,200.0,2715.0,3040.0,False,False
006208,2022-10-26 12:27:49.696452,0.000889679715302405,-0.002664298401420906,0.04999999999999716,-0.14999999999999858,56.15,56.2,56.25,56.3,12.0,200.0,2715.0,3040.0,True,True
006208,2022-10-26 12:27:50.335046,0.000889679715302405,-0.002664298401420906,0.04999999999999716,-0.14999999999999858,56.15,56.2,56.25,56.3,12.0,199.0,2715.0,3040.0,False,False
006208,2022-10-26 12:27:50.363028,0.000889679715302405,-0.002664298401420906,0.04999999999999716,-0.14999999999999858,56.15,56.2,56.25,56.3,12.0,99.0,2715.0,3040.0,False,False
006208,2022-10-26 12:27:50.392897,0.000889679715302405,-0.002664298401420906,0.04999999999999716,-0.14999999999999858,56.15,56.2,56.25,56.3,12.0,99.0,2715.0,3040.0,False,False
006208,2022-10-26 12:27:50.504562,0.000889679715302405,-0.002664298401420906,0.04999999999999716,-0.14999999999999858,56.15,56.2,56.25,56.3,12.0,99.0,2715.0,3040.0,False,False
006208,2022-10-26 12:27:51.363303,0.000889679715302405,-0.002664298401420906,0.04999999999999716,-0.14999999999999858,56.15,56.2,56.25,56.3,12.0,99.0,2715.0,3040.0,False,False
006208,2022-10-26 12:27:51.421994,0.000889679715302405,-0.002664298401420906,0.04999999999999716,-0.14999999999999858,56.15,56.2,56.25,56.3,12.0,99.0,2715.0,3040.0,False,False
006208,2022-10-26 12:27:51.508385,0.000889679715302405,-0.002664298401420906,0.04999999999999716,-0.14999999999999858,56.15,56.2,56.25,56.3,12.0,65.0,2715.0,3040.0,False,False
006208,2022-10-26 12:27:51.687653,0.000889679715302405,-0.002664298401420906,0.04999999999999716,-0.14999999999999858,56.15,56.2,56.25,56.3,12.0,65.0,2715.0,3040.0,False,False
006208,2022-10-26 12:27:54.679207,0.000889679715302405,-0.002664298401420906,0.04999999999999716,-0.14999999999999858,56.15,56.2,56.25,56.3,12.0,65.0,2715.0,3040.0,False,False
006208,2022-10-26 12:27:54.687845,0.000889679715302405,-0.002664298401420906,0.04999999999999716,-0.14999999999999858,56.15,56.2,56.25,56.3,12.0,65.0,2715.0,3040.0,False,False
006208,2022-10-26 12:27:55.029066,0.000889679715302405,-0.002664298401420906,0.04999999999999716,-0.14999999999999858,56.15,56.2,56.25,56.3,12.0,65.0,2715.0,3040.0,False,False
006208,2022-10-26 12:27:55.038643,0.000889679715302405,-0.002664298401420906,0.04999999999999716,-0.14999999999999858,56.15,56.2,56.25,56.3,12.0,65.0,2715.0,3040.0,False,False
006208,2022-10-26 12:27:55.174690,0.000889679715302405,-0.002664298401420906,0.04999999999999716,-0.14999999999999858,56.15,56.2,56.25,56.3,12.0,65.0,2715.0,3040.0,False,False
006208,2022-10-26 12:27:55.335540,0.000889679715302405,-0.002664298401420906,0.04999999999999716,-0.14999999999999858,56.15,56.2,56.25,56.3,12.0,65.0,2715.0,3040.0,False,False
006208,2022-10-26 12:27:55.411688,0.0,-0.002664298401420906,0.0,-0.14999999999999858,56.15,56.25,56.25,56.3,12.0,430.0,2715.0,3040.0,False,False
006208,2022-10-26 12:27:55.459978,0.0,-0.002664298401420906,0.0,-0.14999999999999858,56.15,56.25,56.25,56.3,12.0,430.0,2715.0,3040.0,False,False
006208,2022-10-26 12:27:55.640322,0.0,-0.002664298401420906,0.0,-0.14999999999999858,56.15,56.25,56.25,56.3,12.0,390.0,2715.0,3040.0,False,False
006208,2022-10-26 12:27:55.746953,0.0,-0.002664298401420906,0.0,-0.14999999999999858,56.15,56.25,56.25,56.3,12.0,390.0,2715.0,3040.0,False,False
006208,2022-10-26 12:27:57.167409,0.0,-0.002664298401420906,0.0,-0.14999999999999858,56.15,56.25,56.25,56.3,12.0,390.0,2715.0,3040.0,False,False
006208,2022-10-26 12:27:57.179266,0.0,-0.002664298401420906,0.0,-0.14999999999999858,56.15,56.25,56.25,56.3,12.0,390.0,2715.0,3040.0,False,False
006208,2022-10-26 12:27:57.298887,0.0,-0.002664298401420906,0.0,-0.14999999999999858,56.15,56.25,56.25,56.3,12.0,390.0,2715.0,3040.0,False,False
006208,2022-10-26 12:27:57.310755,0.0,-0.002664298401420906,0.0,-0.14999999999999858,56.15,56.25,56.25,56.3,12.0,390.0,2715.0,3040.0,False,False
006208,2022-10-26 12:27:59.722494,0.0,-0.002664298401420906,0.0,-0.14999999999999858,56.15,56.25,56.25,56.3,12.0,390.0,2715.0,3340.0,True,True
006208,2022-10-26 12:28:00.361242,0.0,-0.002664298401420906,0.0,-0.14999999999999858,56.15,56.25,56.25,56.3,12.0,388.0,2715.0,3340.0,False,False
006208,2022-10-26 12:28:05.734779,0.0,-0.002664298401420906,0.0,-0.14999999999999858,56.15,56.25,56.25,56.3,12.0,388.0,2715.0,3340.0,False,False
006208,2022-10-26 12:28:05.739479,0.0,-0.002664298401420906,0.0,-0.14999999999999858,56.15,56.25,56.25,56.3,12.0,388.0,2715.0,3340.0,False,False
006208,2022-10-26 12:28:05.871825,0.0,-0.002664298401420906,0.0,-0.14999999999999858,56.15,56.25,56.25,56.3,12.0,388.0,2715.0,3340.0,False,False
006208,2022-10-26 12:28:09.352850,0.0,-0.002664298401420906,0.0,-0.14999999999999858,56.15,56.25,56.25,56.3,12.0,388.0,2373.0,3498.0,False,True
006208,2022-10-26 12:28:09.757588,0.0,-0.002664298401420906,0.0,-0.14999999999999858,56.15,56.25,56.25,56.3,12.0,388.0,2373.0,3498.0,False,False
006208,2022-10-26 12:28:09.757742,0.0,-0.002664298401420906,0.0,-0.14999999999999858,56.15,56.25,56.25,56.3,12.0,408.0,2373.0,3498.0,False,False
006208,2022-10-26 12:28:10.340585,0.0,-0.002664298401420906,0.0,-0.14999999999999858,56.15,56.25,56.25,56.3,12.0,407.0,2373.0,3498.0,False,False
006208,2022-10-26 12:28:10.459994,0.000889679715302405,-0.002664298401420906,0.04999999999999716,-0.14999999999999858,56.15,56.2,56.25,56.3,12.0,2.0,2373.0,3498.0,False,False
006208,2022-10-26 12:28:10.534108,0.000889679715302405,-0.002664298401420906,0.04999999999999716,-0.14999999999999858,56.15,56.2,56.25,56.3,12.0,2.0,2373.0,3498.0,False,False
006208,2022-10-26 12:28:10.675196,0.000889679715302405,-0.002664298401420906,0.04999999999999716,-0.14999999999999858,56.15,56.2,56.25,56.3,12.0,2.0,2373.0,3498.0,False,False
006208,2022-10-26 12:28:11.956713,0.000889679715302405,-0.002664298401420906,0.04999999999999716,-0.14999999999999858,56.15,56.2,56.25,56.3,12.0,2.0,2373.0,3498.0,False,False
006208,2022-10-26 12:28:12.144879,0.000889679715302405,-0.002664298401420906,0.04999999999999716,-0.14999999999999858,56.15,56.2,56.25,56.3,12.0,2.0,2373.0,3498.0,False,False
006208,2022-10-26 12:28:12.153676,0.000889679715302405,-0.002664298401420906,0.04999999999999716,-0.14999999999999858,56.15,56.2,56.25,56.3,12.0,2.0,2373.0,3498.0,False,False
006208,2022-10-26 12:28:19.388778,0.000889679715302405,-0.002664298401420906,0.04999999999999716,-0.14999999999999858,56.15,56.2,56.25,56.3,12.0,2.0,2473.0,3498.0,True,True
006208,2022-10-26 12:28:19.756096,0.000889679715302405,-0.002664298401420906,0.04999999999999716,-0.14999999999999858,56.15,56.2,56.25,56.3,12.0,2.0,2473.0,3498.0,False,False
006208,2022-10-26 12:28:19.975377,0.000889679715302405,-0.002664298401420906,0.04999999999999716,-0.14999999999999858,56.15,56.2,56.25,56.3,12.0,1.0,2473.0,3498.0,False,False
006208,2022-10-26 12:28:20.351206,0.0,-0.002664298401420906,0.0,-0.14999999999999858,56.15,56.25,56.25,56.3,12.0,446.0,2473.0,3498.0,False,False
006208,2022-10-26 12:28:20.383074,0.0,-0.002664298401420906,0.0,-0.14999999999999858,56.15,56.25,56.25,56.3,12.0,446.0,2473.0,3498.0,False,False
006208,2022-10-26 12:28:20.441136,0.0,-0.002664298401420906,0.0,-0.14999999999999858,56.15,56.25,56.25,56.3,12.0,446.0,2473.0,3498.0,False,False
006208,2022-10-26 12:28:20.488641,0.0,-0.002664298401420906,0.0,-0.14999999999999858,56.15,56.25,56.25,56.3,12.0,446.0,2473.0,3498.0,False,False
006208,2022-10-26 12:28:20.600548,0.0,-0.002664298401420906,0.0,-0.14999999999999858,56.15,56.25,56.25,56.3,12.0,406.0,2473.0,3498.0,False,False
006208,2022-10-26 12:28:20.755159,0.0,-0.002664298401420906,0.0,-0.14999999999999858,56.15,56.25,56.25,56.3,12.0,406.0,2473.0,3498.0,False,False
006208,2022-10-26 12:28:20.860899,0.0,-0.002664298401420906,0.0,-0.14999999999999858,56.15,56.25,56.25,56.3,12.0,406.0,2473.0,3498.0,False,False
006208,2022-10-26 12:28:23.827526,0.0,-0.002664298401420906,0.0,-0.14999999999999858,56.15,56.25,56.25,56.3,12.0,406.0,2473.0,3498.0,False,False
006208,2022-10-26 12:28:23.854042,0.0,-0.002664298401420906,0.0,-0.14999999999999858,56.15,56.25,56.25,56.3,12.0,406.0,2473.0,3498.0,False,False
006208,2022-10-26 12:28:23.959648,0.0,-0.002664298401420906,0.0,-0.14999999999999858,56.15,56.25,56.25,56.3,12.0,406.0,2473.0,3498.0,False,False
006208,2022-10-26 12:28:24.146403,0.0,-0.001776198934280493,0.0,-0.09999999999999432,56.2,56.25,56.25,56.3,1.0,406.0,2473.0,3498.0,False,False
006208,2022-10-26 12:28:24.188643,0.0,-0.001776198934280493,0.0,-0.09999999999999432,56.2,56.25,56.25,56.3,1.0,406.0,2473.0,3498.0,False,False
006208,2022-10-26 12:28:24.854520,0.0,-0.002664298401420906,0.0,-0.14999999999999858,56.15,56.25,56.25,56.3,12.0,406.0,2473.0,3498.0,False,False
006208,2022-10-26 12:28:24.855304,0.000889679715302405,-0.002664298401420906,0.04999999999999716,-0.14999999999999858,56.15,56.2,56.25,56.3,12.0,100.0,2473.0,3498.0,False,False
006208,2022-10-26 12:28:24.890493,0.000889679715302405,-0.002664298401420906,0.04999999999999716,-0.14999999999999858,56.15,56.2,56.25,56.3,12.0,100.0,2473.0,3498.0,False,False
006208,2022-10-26 12:28:24.984828,0.000889679715302405,-0.002664298401420906,0.04999999999999716,-0.14999999999999858,56.15,56.2,56.25,56.3,12.0,100.0,2473.0,3498.0,False,False
006208,2022-10-26 12:28:25.078831,0.000889679715302405,-0.002664298401420906,0.04999999999999716,-0.14999999999999858,56.15,56.2,56.25,56.3,12.0,100.0,2473.0,3498.0,False,False
006208,2022-10-26 12:28:25.212956,0.000889679715302405,-0.002664298401420906,0.04999999999999716,-0.14999999999999858,56.15,56.2,56.25,56.3,12.0,100.0,2473.0,3498.0,False,False
006208,2022-10-26 12:28:26.779296,0.000889679715302405,-0.002664298401420906,0.04999999999999716,-0.14999999999999858,56.15,56.2,56.25,56.3,12.0,100.0,2473.0,3498.0,False,False
006208,2022-10-26 12:28:26.804006,0.0,-0.002664298401420906,0.0,-0.14999999999999858,56.15,56.25,56.25,56.3,12.0,446.0,2473.0,3498.0,False,False
006208,2022-10-26 12:28:26.899425,0.0,-0.002664298401420906,0.0,-0.14999999999999858,56.15,56.25,56.25,56.3,12.0,446.0,2473.0,3498.0,False,False
006208,2022-10-26 12:28:27.019745,0.0,-0.002664298401420906,0.0,-0.14999999999999858,56.15,56.25,56.25,56.3,12.0,406.0,2473.0,3498.0,False,False
006208,2022-10-26 12:28:27.148421,0.0,-0.002664298401420906,0.0,-0.14999999999999858,56.15,56.25,56.25,56.3,12.0,406.0,2473.0,3498.0,False,False
006208,2022-10-26 12:28:27.368314,0.0,-0.002664298401420906,0.0,-0.14999999999999858,56.15,56.25,56.25,56.3,12.0,386.0,2473.0,3498.0,False,False
006208,2022-10-26 12:28:27.804219,0.0,-0.002664298401420906,0.0,-0.14999999999999858,56.15,56.25,56.25,56.3,12.0,386.0,2473.0,3498.0,False,False
006208,2022-10-26 12:28:29.055515,0.000889679715302405,-0.002664298401420906,0.04999999999999716,-0.14999999999999858,56.15,56.2,56.25,56.3,12.0,1.0,2473.0,3498.0,False,False
006208,2022-10-26 12:28:29.080598,0.000889679715302405,-0.002664298401420906,0.04999999999999716,-0.14999999999999858,56.15,56.2,56.25,56.3,12.0,1.0,2473.0,3498.0,False,False
006208,2022-10-26 12:28:29.287193,0.000889679715302405,-0.002664298401420906,0.04999999999999716,-0.14999999999999858,56.15,56.2,56.25,56.3,12.0,1.0,2473.0,3498.0,False,False
006208,2022-10-26 12:28:29.420870,0.000889679715302405,-0.002664298401420906,0.04999999999999716,-0.14999999999999858,56.15,56.2,56.25,56.3,12.0,1.0,2573.0,3498.0,True,True
006208,2022-10-26 12:28:30.272290,0.000889679715302405,-0.002664298401420906,0.04999999999999716,-0.14999999999999858,56.15,56.2,56.25,56.3,12.0,1.0,2573.0,3498.0,False,False
006208,2022-10-26 12:28:30.272773,0.000889679715302405,-0.002664298401420906,0.04999999999999716,-0.14999999999999858,56.15,56.2,56.25,56.3,12.0,1.0,2573.0,3498.0,False,False
006208,2022-10-26 12:28:30.330528,0.0,-0.002664298401420906,0.0,-0.14999999999999858,56.15,56.25,56.25,56.3,12.0,376.0,2573.0,3498.0,False,False
006208,2022-10-26 12:28:30.354042,0.0,-0.002664298401420906,0.0,-0.14999999999999858,56.15,56.25,56.25,56.3,12.0,376.0,2573.0,3498.0,False,False
006208,2022-10-26 12:28:30.488394,0.0,-0.002664298401420906,0.0,-0.14999999999999858,56.15,56.25,56.25,56.3,12.0,336.0,2573.0,3498.0,False,False
006208,2022-10-26 12:28:30.622003,0.0,-0.002664298401420906,0.0,-0.14999999999999858,56.15,56.25,56.25,56.3,12.0,336.0,2573.0,3498.0,False,False
006208,2022-10-26 12:28:30.730608,0.0,-0.002664298401420906,0.0,-0.14999999999999858,56.15,56.25,56.25,56.3,12.0,336.0,2573.0,3498.0,False,False
006208,2022-10-26 12:28:30.883208,0.0,-0.002664298401420906,0.0,-0.14999999999999858,56.15,56.25,56.25,56.3,12.0,336.0,2573.0,3498.0,False,False
006208,2022-10-26 12:28:31.900128,0.0,-0.002664298401420906,0.0,-0.14999999999999858,56.15,56.25,56.25,56.3,12.0,336.0,2573.0,3498.0,False,False
006208,2022-10-26 12:28:31.911678,0.0,-0.002664298401420906,0.0,-0.14999999999999858,56.15,56.25,56.25,56.3,12.0,386.0,2573.0,3498.0,False,False
006208,2022-10-26 12:28:32.679293,0.0,-0.002664298401420906,0.0,-0.14999999999999858,56.15,56.25,56.25,56.3,12.0,386.0,2573.0,3498.0,False,False
006208,2022-10-26 12:28:32.693074,0.0,-0.002664298401420906,0.0,-0.14999999999999858,56.15,56.25,56.25,56.3,12.0,386.0,2573.0,3498.0,False,False
006208,2022-10-26 12:28:32.962053,0.0,-0.002664298401420906,0.0,-0.14999999999999858,56.15,56.25,56.25,56.3,12.0,386.0,2573.0,3498.0,False,False
006208,2022-10-26 12:28:32.974829,0.0,-0.002664298401420906,0.0,-0.14999999999999858,56.15,56.25,56.25,56.3,12.0,386.0,2573.0,3498.0,False,False
006208,2022-10-26 12:28:34.670862,0.0,-0.002664298401420906,0.0,-0.14999999999999858,56.15,56.25,56.25,56.3,12.0,386.0,2573.0,3498.0,False,False
006208,2022-10-26 12:28:35.904058,0.0,-0.002664298401420906,0.0,-0.14999999999999858,56.15,56.25,56.25,56.3,12.0,311.0,2573.0,3498.0,False,False
006208,2022-10-26 12:28:35.904280,0.000889679715302405,-0.002664298401420906,0.04999999999999716,-0.14999999999999858,56.15,56.2,56.25,56.3,12.0,75.0,2573.0,3498.0,False,False
006208,2022-10-26 12:28:36.023506,0.000889679715302405,-0.002664298401420906,0.04999999999999716,-0.14999999999999858,56.15,56.2,56.25,56.3,12.0,75.0,2573.0,3498.0,False,False
006208,2022-10-26 12:28:36.072880,0.000889679715302405,-0.002664298401420906,0.04999999999999716,-0.14999999999999858,56.15,56.2,56.25,56.3,12.0,75.0,2573.0,3498.0,False,False
006208,2022-10-26 12:28:36.273591,0.000889679715302405,-0.002664298401420906,0.04999999999999716,-0.14999999999999858,56.15,56.2,56.25,56.3,12.0,75.0,2573.0,3498.0,False,False
006208,2022-10-26 12:28:36.365134,0.000889679715302405,-0.002664298401420906,0.04999999999999716,-0.14999999999999858,56.15,56.2,56.25,56.3,12.0,75.0,2573.0,3498.0,False,False
006208,2022-10-26 12:28:38.628024,0.000889679715302405,-0.002664298401420906,0.04999999999999716,-0.14999999999999858,56.15,56.2,56.25,56.3,12.0,75.0,2573.0,3498.0,False,False
006208,2022-10-26 12:28:38.707956,0.000889679715302405,-0.002664298401420906,0.04999999999999716,-0.14999999999999858,56.15,56.2,56.25,56.3,12.0,75.0,2573.0,3498.0,False,False
006208,2022-10-26 12:28:38.715588,0.000889679715302405,-0.002664298401420906,0.04999999999999716,-0.14999999999999858,56.15,56.2,56.25,56.3,12.0,75.0,2573.0,3498.0,False,False
006208,2022-10-26 12:28:39.449135,0.000889679715302405,-0.002664298401420906,0.04999999999999716,-0.14999999999999858,56.15,56.2,56.25,56.3,12.0,75.0,2673.0,3498.0,True,True
006208,2022-10-26 12:28:40.325594,0.000889679715302405,-0.002664298401420906,0.04999999999999716,-0.14999999999999858,56.15,56.2,56.25,56.3,12.0,74.0,2673.0,3498.0,False,False
006208,2022-10-26 12:28:45.762309,0.000889679715302405,-0.002664298401420906,0.04999999999999716,-0.14999999999999858,56.15,56.2,56.25,56.3,13.0,74.0,2673.0,3498.0,False,False
006208,2022-10-26 12:28:45.783709,0.000889679715302405,-0.002664298401420906,0.04999999999999716,-0.14999999999999858,56.15,56.2,56.25,56.3,13.0,74.0,2673.0,3498.0,False,False
006208,2022-10-26 12:28:45.840443,0.000889679715302405,-0.002664298401420906,0.04999999999999716,-0.14999999999999858,56.15,56.2,56.25,56.3,13.0,74.0,2673.0,3498.0,False,False
006208,2022-10-26 12:28:46.193617,0.000889679715302405,-0.002664298401420906,0.04999999999999716,-0.14999999999999858,56.15,56.2,56.25,56.3,13.0,74.0,2673.0,3498.0,False,False
006208,2022-10-26 12:28:46.251524,0.000889679715302405,-0.002664298401420906,0.04999999999999716,-0.14999999999999858,56.15,56.2,56.25,56.3,13.0,74.0,2673.0,3498.0,False,False
006208,2022-10-26 12:28:46.373507,0.000889679715302405,-0.002664298401420906,0.04999999999999716,-0.14999999999999858,56.15,56.2,56.25,56.3,13.0,74.0,2673.0,3498.0,False,False
006208,2022-10-26 12:28:46.563319,0.000889679715302405,-0.002664298401420906,0.04999999999999716,-0.14999999999999858,56.15,56.2,56.25,56.3,13.0,74.0,2673.0,3498.0,False,False
006208,2022-10-26 12:28:46.624764,0.000889679715302405,-0.002664298401420906,0.04999999999999716,-0.14999999999999858,56.15,56.2,56.25,56.3,13.0,74.0,2673.0,3498.0,False,False
006208,2022-10-26 12:28:46.783522,0.000889679715302405,-0.002664298401420906,0.04999999999999716,-0.14999999999999858,56.15,56.2,56.25,56.3,13.0,174.0,2673.0,3498.0,False,False
006208,2022-10-26 12:28:48.365247,0.000889679715302405,-0.002664298401420906,0.04999999999999716,-0.14999999999999858,56.15,56.2,56.25,56.3,13.0,174.0,2673.0,3498.0,False,False
006208,2022-10-26 12:28:48.437070,0.000889679715302405,-0.002664298401420906,0.04999999999999716,-0.14999999999999858,56.15,56.2,56.25,56.3,13.0,174.0,2673.0,3498.0,False,False
006208,2022-10-26 12:28:48.458026,0.000889679715302405,-0.002664298401420906,0.04999999999999716,-0.14999999999999858,56.15,56.2,56.25,56.3,13.0,208.0,2673.0,3498.0,False,False
006208,2022-10-26 12:28:48.650610,0.000889679715302405,-0.002664298401420906,0.04999999999999716,-0.14999999999999858,56.15,56.2,56.25,56.3,13.0,208.0,2673.0,3498.0,False,False
006208,2022-10-26 12:28:49.477066,0.000889679715302405,-0.002664298401420906,0.04999999999999716,-0.14999999999999858,56.15,56.2,56.25,56.3,13.0,208.0,2723.0,3398.0,True,True
006208,2022-10-26 12:28:50.320798,0.000889679715302405,-0.002664298401420906,0.04999999999999716,-0.14999999999999858,56.15,56.2,56.25,56.3,13.0,206.0,2723.0,3398.0,False,False
006208,2022-10-26 12:28:53.929325,0.000889679715302405,-0.002664298401420906,0.04999999999999716,-0.14999999999999858,56.15,56.2,56.25,56.3,13.0,205.0,2723.0,3398.0,False,False
006208,2022-10-26 12:28:55.971192,0.000889679715302405,-0.002664298401420906,0.04999999999999716,-0.14999999999999858,56.15,56.2,56.25,56.3,13.0,205.0,2723.0,3398.0,False,False
006208,2022-10-26 12:28:55.971344,0.000889679715302405,-0.002664298401420906,0.04999999999999716,-0.14999999999999858,56.15,56.2,56.25,56.3,13.0,205.0,2723.0,3398.0,False,False
006208,2022-10-26 12:28:56.311883,0.000889679715302405,-0.002664298401420906,0.04999999999999716,-0.14999999999999858,56.15,56.2,56.25,56.3,13.0,205.0,2723.0,3398.0,False,False
006208,2022-10-26 12:28:56.314675,0.000889679715302405,-0.002664298401420906,0.04999999999999716,-0.14999999999999858,56.15,56.2,56.25,56.3,13.0,205.0,2723.0,3398.0,False,False
006208,2022-10-26 12:28:56.449062,0.000889679715302405,-0.002664298401420906,0.04999999999999716,-0.14999999999999858,56.15,56.2,56.25,56.3,13.0,205.0,2723.0,3398.0,False,False
006208,2022-10-26 12:28:56.537533,0.000889679715302405,-0.002664298401420906,0.04999999999999716,-0.14999999999999858,56.15,56.2,56.25,56.3,13.0,205.0,2723.0,3398.0,False,False
006208,2022-10-26 12:28:56.923731,0.000889679715302405,-0.002664298401420906,0.04999999999999716,-0.14999999999999858,56.15,56.2,56.25,56.3,13.0,205.0,2723.0,3398.0,False,False
006208,2022-10-26 12:28:56.923867,0.000889679715302405,-0.002664298401420906,0.04999999999999716,-0.14999999999999858,56.15,56.2,56.25,56.3,13.0,205.0,2723.0,3398.0,False,False
006208,2022-10-26 12:28:57.886922,0.000889679715302405,-0.002664298401420906,0.04999999999999716,-0.14999999999999858,56.15,56.2,56.25,56.3,13.0,205.0,2723.0,3398.0,False,False
006208,2022-10-26 12:28:57.887043,0.000889679715302405,-0.002664298401420906,0.04999999999999716,-0.14999999999999858,56.15,56.2,56.25,56.3,13.0,205.0,2723.0,3398.0,False,False
006208,2022-10-26 12:28:59.029844,0.000889679715302405,-0.002664298401420906,0.04999999999999716,-0.14999999999999858,56.15,56.2,56.25,56.3,13.0,205.0,2723.0,3398.0,False,False
006208,2022-10-26 12:28:59.030012,0.000889679715302405,-0.002664298401420906,0.04999999999999716,-0.14999999999999858,56.15,56.2,56.25,56.3,13.0,205.0,2723.0,3398.0,False,False
006208,2022-10-26 12:28:59.517342,0.000889679715302405,-0.002664298401420906,0.04999999999999716,-0.14999999999999858,56.15,56.2,56.25,56.3,13.0,205.0,2723.0,3398.0,True,True
006208,2022-10-26 12:29:00.315905,0.000889679715302405,-0.002664298401420906,0.04999999999999716,-0.14999999999999858,56.15,56.2,56.25,56.3,13.0,204.0,2723.0,3398.0,False,False
006208,2022-10-26 12:29:02.174221,0.000889679715302405,-0.002664298401420906,0.04999999999999716,-0.14999999999999858,56.15,56.2,56.25,56.3,13.0,205.0,2723.0,3398.0,False,False
006208,2022-10-26 12:29:04.226178,0.000889679715302405,-0.002664298401420906,0.04999999999999716,-0.14999999999999858,56.15,56.2,56.25,56.3,13.0,205.0,2723.0,3398.0,False,False
006208,2022-10-26 12:29:04.226368,0.000889679715302405,-0.002664298401420906,0.04999999999999716,-0.14999999999999858,56.15,56.2,56.25,56.3,13.0,205.0,2723.0,3398.0,False,False
006208,2022-10-26 12:29:05.287316,0.000889679715302405,-0.002664298401420906,0.04999999999999716,-0.14999999999999858,56.15,56.2,56.25,56.3,13.0,205.0,2723.0,3398.0,False,False
006208,2022-10-26 12:29:05.287463,0.000889679715302405,-0.002664298401420906,0.04999999999999716,-0.14999999999999858,56.15,56.2,56.25,56.3,13.0,205.0,2723.0,3398.0,False,False
006208,2022-10-26 12:29:06.429964,0.000889679715302405,-0.002664298401420906,0.04999999999999716,-0.14999999999999858,56.15,56.2,56.25,56.3,13.0,205.0,2723.0,3398.0,False,False
006208,2022-10-26 12:29:06.432773,0.000889679715302405,-0.002664298401420906,0.04999999999999716,-0.14999999999999858,56.15,56.2,56.25,56.3,13.0,205.0,2723.0,3398.0,False,False
006208,2022-10-26 12:29:06.572254,0.000889679715302405,-0.002664298401420906,0.04999999999999716,-0.14999999999999858,56.15,56.2,56.25,56.3,13.0,205.0,2723.0,3398.0,False,False
006208,2022-10-26 12:29:08.030577,0.000889679715302405,-0.002664298401420906,0.04999999999999716,-0.14999999999999858,56.15,56.2,56.25,56.3,3.0,205.0,2723.0,3398.0,False,False
006208,2022-10-26 12:29:08.406731,0.0017809439002671734,-0.003552397868561208,0.10000000000000142,-0.19999999999999574,56.1,56.15,56.25,56.3,80.0,7.0,2723.0,3398.0,False,False
006208,2022-10-26 12:29:08.432096,0.0017809439002671734,-0.003552397868561208,0.10000000000000142,-0.19999999999999574,56.1,56.15,56.25,56.3,80.0,7.0,2723.0,3398.0,False,False
006208,2022-10-26 12:29:08.509720,0.0017809439002671734,-0.003552397868561208,0.10000000000000142,-0.19999999999999574,56.1,56.15,56.25,56.3,40.0,7.0,2723.0,3398.0,False,False
006208,2022-10-26 12:29:08.589202,0.0017809439002671734,-0.003552397868561208,0.10000000000000142,-0.19999999999999574,56.1,56.15,56.25,56.3,40.0,7.0,2723.0,3398.0,False,False
006208,2022-10-26 12:29:08.964891,0.0017809439002671734,-0.003552397868561208,0.10000000000000142,-0.19999999999999574,56.1,56.15,56.25,56.3,40.0,7.0,2723.0,3398.0,False,False
006208,2022-10-26 12:29:08.995525,0.0017809439002671734,-0.003552397868561208,0.10000000000000142,-0.19999999999999574,56.1,56.15,56.25,56.3,115.0,7.0,2723.0,3398.0,False,False
006208,2022-10-26 12:29:09.040424,0.0017809439002671734,-0.003552397868561208,0.10000000000000142,-0.19999999999999574,56.1,56.15,56.25,56.3,115.0,7.0,2723.0,3398.0,False,False
006208,2022-10-26 12:29:09.265376,0.0017809439002671734,-0.003552397868561208,0.10000000000000142,-0.19999999999999574,56.1,56.15,56.25,56.3,115.0,7.0,2723.0,3398.0,False,False
006208,2022-10-26 12:29:09.401018,0.0017809439002671734,-0.003552397868561208,0.10000000000000142,-0.19999999999999574,56.1,56.15,56.25,56.3,81.0,7.0,2723.0,3398.0,False,False
006208,2022-10-26 12:29:09.414310,0.0017809439002671734,-0.003552397868561208,0.10000000000000142,-0.19999999999999574,56.1,56.15,56.25,56.3,81.0,7.0,2723.0,3398.0,False,False
006208,2022-10-26 12:29:09.547448,0.0017809439002671734,-0.003552397868561208,0.10000000000000142,-0.19999999999999574,56.1,56.15,56.25,56.3,81.0,7.0,2723.0,3307.0,True,True
006208,2022-10-26 12:29:09.996091,0.0017809439002671734,-0.003552397868561208,0.10000000000000142,-0.19999999999999574,56.1,56.15,56.25,56.3,181.0,7.0,2723.0,3307.0,False,False
006208,2022-10-26 12:29:10.326303,0.0017809439002671734,-0.003552397868561208,0.10000000000000142,-0.19999999999999574,56.1,56.15,56.25,56.3,181.0,5.0,2723.0,3307.0,False,False
006208,2022-10-26 12:29:10.398409,0.0017809439002671734,-0.003552397868561208,0.10000000000000142,-0.19999999999999574,56.1,56.15,56.25,56.3,181.0,5.0,2723.0,3307.0,False,False
006208,2022-10-26 12:29:10.470159,0.0017809439002671734,-0.003552397868561208,0.10000000000000142,-0.19999999999999574,56.1,56.15,56.25,56.3,181.0,5.0,2723.0,3307.0,False,False
006208,2022-10-26 12:29:11.063761,0.0017809439002671734,-0.003552397868561208,0.10000000000000142,-0.19999999999999574,56.1,56.15,56.25,56.3,181.0,5.0,2723.0,3307.0,False,False
006208,2022-10-26 12:29:11.083824,0.0017809439002671734,-0.003552397868561208,0.10000000000000142,-0.19999999999999574,56.1,56.15,56.25,56.3,181.0,5.0,2723.0,3307.0,False,False
006208,2022-10-26 12:29:11.236991,0.0017809439002671734,-0.003552397868561208,0.10000000000000142,-0.19999999999999574,56.1,56.15,56.25,56.3,181.0,5.0,2723.0,3307.0,False,False
006208,2022-10-26 12:29:14.519879,0.0017809439002671734,-0.003552397868561208,0.10000000000000142,-0.19999999999999574,56.1,56.15,56.25,56.3,181.0,5.0,2723.0,3307.0,False,False
006208,2022-10-26 12:29:14.520079,0.0017809439002671734,-0.003552397868561208,0.10000000000000142,-0.19999999999999574,56.1,56.15,56.25,56.3,181.0,5.0,2723.0,3307.0,False,False
006208,2022-10-26 12:29:15.175409,0.0017809439002671734,-0.003552397868561208,0.10000000000000142,-0.19999999999999574,56.1,56.15,56.25,56.3,181.0,5.0,2723.0,3307.0,False,False
006208,2022-10-26 12:29:15.203647,0.0017809439002671734,-0.003552397868561208,0.10000000000000142,-0.19999999999999574,56.1,56.15,56.25,56.3,181.0,5.0,2723.0,3307.0,False,False
006208,2022-10-26 12:29:17.741220,0.0017809439002671734,-0.003552397868561208,0.10000000000000142,-0.19999999999999574,56.1,56.15,56.25,56.3,181.0,5.0,2723.0,3307.0,False,False
006208,2022-10-26 12:29:18.446410,0.0017809439002671734,-0.003552397868561208,0.10000000000000142,-0.19999999999999574,56.1,56.15,56.25,56.3,181.0,5.0,2723.0,3307.0,False,False
006208,2022-10-26 12:29:18.576790,0.0017809439002671734,-0.003552397868561208,0.10000000000000142,-0.19999999999999574,56.1,56.15,56.25,56.3,181.0,5.0,2723.0,3307.0,False,False
006208,2022-10-26 12:29:18.578975,0.0017809439002671734,-0.003552397868561208,0.10000000000000142,-0.19999999999999574,56.1,56.15,56.25,56.3,181.0,5.0,2723.0,3307.0,False,False
006208,2022-10-26 12:29:18.709904,0.0017809439002671734,-0.003552397868561208,0.10000000000000142,-0.19999999999999574,56.1,56.15,56.25,56.3,181.0,5.0,2723.0,3307.0,False,False
006208,2022-10-26 12:29:19.575523,0.0017809439002671734,-0.003552397868561208,0.10000000000000142,-0.19999999999999574,56.1,56.15,56.25,56.3,181.0,5.0,2823.0,3307.0,True,True
006208,2022-10-26 12:29:20.305914,0.0017809439002671734,-0.003552397868561208,0.10000000000000142,-0.19999999999999574,56.1,56.15,56.25,56.3,181.0,4.0,2823.0,3307.0,False,False
006208,2022-10-26 12:29:21.444130,0.0017809439002671734,-0.003552397868561208,0.10000000000000142,-0.19999999999999574,56.1,56.15,56.25,56.3,181.0,4.0,2823.0,3307.0,False,False
006208,2022-10-26 12:29:21.444146,0.0017809439002671734,-0.003552397868561208,0.10000000000000142,-0.19999999999999574,56.1,56.15,56.25,56.3,181.0,4.0,2823.0,3307.0,False,False
006208,2022-10-26 12:29:23.343408,0.0017809439002671734,-0.003552397868561208,0.10000000000000142,-0.19999999999999574,56.1,56.15,56.25,56.3,181.0,4.0,2823.0,3307.0,False,False
006208,2022-10-26 12:29:26.916094,0.0017809439002671734,-0.003552397868561208,0.10000000000000142,-0.19999999999999574,56.1,56.15,56.25,56.3,181.0,3.0,2823.0,3307.0,False,False
006208,2022-10-26 12:29:28.694846,0.0017809439002671734,-0.003552397868561208,0.10000000000000142,-0.19999999999999574,56.1,56.15,56.25,56.3,181.0,3.0,2823.0,3307.0,False,False
006208,2022-10-26 12:29:28.702289,0.0017809439002671734,-0.003552397868561208,0.10000000000000142,-0.19999999999999574,56.1,56.15,56.25,56.3,181.0,3.0,2823.0,3307.0,False,False
006208,2022-10-26 12:29:28.831258,0.0017809439002671734,-0.003552397868561208,0.10000000000000142,-0.19999999999999574,56.1,56.15,56.25,56.3,181.0,3.0,2823.0,3307.0,False,False
006208,2022-10-26 12:29:29.342028,0.0017809439002671734,-0.003552397868561208,0.10000000000000142,-0.19999999999999574,56.1,56.15,56.25,56.3,181.0,3.0,2823.0,3307.0,False,False
006208,2022-10-26 12:29:29.342181,0.0017809439002671734,-0.003552397868561208,0.10000000000000142,-0.19999999999999574,56.1,56.15,56.25,56.3,181.0,3.0,2823.0,3307.0,False,False
006208,2022-10-26 12:29:29.606784,0.0017809439002671734,-0.003552397868561208,0.10000000000000142,-0.19999999999999574,56.1,56.15,56.25,56.3,181.0,3.0,2125.0,3498.0,True,True
006208,2022-10-26 12:29:30.300990,0.0017809439002671734,-0.003552397868561208,0.10000000000000142,-0.19999999999999574,56.1,56.15,56.25,56.3,181.0,2.0,2125.0,3498.0,False,False
006208,2022-10-26 12:29:34.255963,0.0017809439002671734,-0.003552397868561208,0.10000000000000142,-0.19999999999999574,56.1,56.15,56.25,56.3,181.0,2.0,2125.0,3498.0,False,False
006208,2022-10-26 12:29:34.256042,0.0017809439002671734,-0.003552397868561208,0.10000000000000142,-0.19999999999999574,56.1,56.15,56.25,56.3,181.0,2.0,2125.0,3498.0,False,False
006208,2022-10-26 12:29:35.295716,0.0017809439002671734,-0.003552397868561208,0.10000000000000142,-0.19999999999999574,56.1,56.15,56.25,56.3,181.0,2.0,2125.0,3498.0,False,False
006208,2022-10-26 12:29:35.295775,0.0017809439002671734,-0.003552397868561208,0.10000000000000142,-0.19999999999999574,56.1,56.15,56.25,56.3,181.0,2.0,2125.0,3498.0,False,False
006208,2022-10-26 12:29:38.808987,0.0017809439002671734,-0.003552397868561208,0.10000000000000142,-0.19999999999999574,56.1,56.15,56.25,56.3,181.0,2.0,2125.0,3498.0,False,False
006208,2022-10-26 12:29:38.818250,0.0017809439002671734,-0.003552397868561208,0.10000000000000142,-0.19999999999999574,56.1,56.15,56.25,56.3,181.0,2.0,2125.0,3498.0,False,False
006208,2022-10-26 12:29:38.947425,0.0017809439002671734,-0.003552397868561208,0.10000000000000142,-0.19999999999999574,56.1,56.15,56.25,56.3,181.0,2.0,2125.0,3498.0,False,False
006208,2022-10-26 12:29:39.637834,0.0017809439002671734,-0.003552397868561208,0.10000000000000142,-0.19999999999999574,56.1,56.15,56.25,56.3,181.0,2.0,2125.0,3498.0,True,True
006208,2022-10-26 12:29:40.296035,0.000889679715302405,-0.003552397868561208,0.04999999999999716,-0.19999999999999574,56.1,56.2,56.25,56.3,181.0,111.0,2125.0,3498.0,False,False
006208,2022-10-26 12:29:40.331249,0.000889679715302405,-0.003552397868561208,0.04999999999999716,-0.19999999999999574,56.1,56.2,56.25,56.3,181.0,111.0,2125.0,3498.0,False,False
006208,2022-10-26 12:29:40.431783,0.000889679715302405,-0.003552397868561208,0.04999999999999716,-0.19999999999999574,56.1,56.2,56.25,56.3,181.0,71.0,2125.0,3498.0,False,False
006208,2022-10-26 12:29:40.498560,0.000889679715302405,-0.003552397868561208,0.04999999999999716,-0.19999999999999574,56.1,56.2,56.25,56.3,181.0,71.0,2125.0,3498.0,False,False
006208,2022-10-26 12:29:40.565181,0.000889679715302405,-0.003552397868561208,0.04999999999999716,-0.19999999999999574,56.1,56.2,56.25,56.3,181.0,71.0,2125.0,3498.0,False,False
006208,2022-10-26 12:29:41.932398,0.000889679715302405,-0.003552397868561208,0.04999999999999716,-0.19999999999999574,56.1,56.2,56.25,56.3,181.0,71.0,2125.0,3498.0,False,False
006208,2022-10-26 12:29:42.021954,0.000889679715302405,-0.003552397868561208,0.04999999999999716,-0.19999999999999574,56.1,56.2,56.25,56.3,181.0,105.0,2125.0,3498.0,False,False
006208,2022-10-26 12:29:43.571299,0.000889679715302405,-0.003552397868561208,0.04999999999999716,-0.19999999999999574,56.1,56.2,56.25,56.3,181.0,105.0,2125.0,3498.0,False,False
006208,2022-10-26 12:29:43.594839,0.000889679715302405,-0.003552397868561208,0.04999999999999716,-0.19999999999999574,56.1,56.2,56.25,56.3,181.0,105.0,2125.0,3498.0,False,False
006208,2022-10-26 12:29:43.816357,0.000889679715302405,-0.003552397868561208,0.04999999999999716,-0.19999999999999574,56.1,56.2,56.25,56.3,181.0,105.0,2125.0,3498.0,False,False
006208,2022-10-26 12:29:43.822505,0.000889679715302405,-0.003552397868561208,0.04999999999999716,-0.19999999999999574,56.1,56.2,56.25,56.3,181.0,105.0,2125.0,3498.0,False,False
006208,2022-10-26 12:29:44.636957,0.000889679715302405,-0.003552397868561208,0.04999999999999716,-0.19999999999999574,56.1,56.2,56.25,56.3,181.0,105.0,2125.0,3498.0,False,False
006208,2022-10-26 12:29:44.640275,0.000889679715302405,-0.003552397868561208,0.04999999999999716,-0.19999999999999574,56.1,56.2,56.25,56.3,181.0,71.0,2125.0,3498.0,False,False
006208,2022-10-26 12:29:44.759977,0.000889679715302405,-0.003552397868561208,0.04999999999999716,-0.19999999999999574,56.1,56.2,56.25,56.3,181.0,111.0,2125.0,3498.0,False,False
006208,2022-10-26 12:29:45.946005,0.000889679715302405,-0.003552397868561208,0.04999999999999716,-0.19999999999999574,56.1,56.2,56.25,56.3,181.0,111.0,2125.0,3498.0,False,False
006208,2022-10-26 12:29:47.313760,0.000889679715302405,-0.003552397868561208,0.04999999999999716,-0.19999999999999574,56.1,56.2,56.25,56.3,181.0,111.0,2125.0,3498.0,False,False
006208,2022-10-26 12:29:47.322461,0.000889679715302405,-0.003552397868561208,0.04999999999999716,-0.19999999999999574,56.1,56.2,56.25,56.3,181.0,111.0,2125.0,3498.0,False,False
006208,2022-10-26 12:29:50.291085,0.000889679715302405,-0.003552397868561208,0.04999999999999716,-0.19999999999999574,56.1,56.2,56.25,56.3,181.0,110.0,2125.0,3498.0,False,False
006208,2022-10-26 12:29:50.553612,0.000889679715302405,-0.003552397868561208,0.04999999999999716,-0.19999999999999574,56.1,56.2,56.25,56.3,181.0,110.0,2125.0,3498.0,False,False
006208,2022-10-26 12:29:50.559620,0.000889679715302405,-0.003552397868561208,0.04999999999999716,-0.19999999999999574,56.1,56.2,56.25,56.3,181.0,110.0,2125.0,3498.0,False,False
006208,2022-10-26 12:29:50.689290,0.000889679715302405,-0.003552397868561208,0.04999999999999716,-0.19999999999999574,56.1,56.2,56.25,56.3,181.0,110.0,2125.0,3498.0,False,False
006208,2022-10-26 12:29:53.624677,0.000889679715302405,-0.003552397868561208,0.04999999999999716,-0.19999999999999574,56.1,56.2,56.25,56.3,181.0,41.0,2125.0,3498.0,False,False
006208,2022-10-26 12:29:53.632134,0.000889679715302405,-0.003552397868561208,0.04999999999999716,-0.19999999999999574,56.1,56.2,56.25,56.3,181.0,41.0,2125.0,3498.0,False,False
006208,2022-10-26 12:29:56.982053,0.000889679715302405,-0.003552397868561208,0.04999999999999716,-0.19999999999999574,56.1,56.2,56.25,56.3,181.0,41.0,2125.0,3498.0,False,False
006208,2022-10-26 12:29:56.982223,0.000889679715302405,-0.003552397868561208,0.04999999999999716,-0.19999999999999574,56.1,56.2,56.25,56.3,181.0,41.0,2125.0,3498.0,False,False
006208,2022-10-26 12:30:00.544983,0.000889679715302405,-0.003552397868561208,0.04999999999999716,-0.19999999999999574,56.1,56.2,56.25,56.3,181.0,39.0,2125.0,3498.0,False,False
006208,2022-10-26 12:30:00.744432,0.000889679715302405,-0.003552397868561208,0.04999999999999716,-0.19999999999999574,56.1,56.2,56.25,56.3,181.0,39.0,2125.0,3498.0,False,False
006208,2022-10-26 12:30:00.762194,0.000889679715302405,-0.003552397868561208,0.04999999999999716,-0.19999999999999574,56.1,56.2,56.25,56.3,181.0,39.0,2125.0,3498.0,False,False
006208,2022-10-26 12:30:00.881463,0.000889679715302405,-0.003552397868561208,0.04999999999999716,-0.19999999999999574,56.1,56.2,56.25,56.3,181.0,39.0,2125.0,3498.0,False,False
006208,2022-10-26 12:30:01.655257,0.000889679715302405,-0.003552397868561208,0.04999999999999716,-0.19999999999999574,56.1,56.2,56.25,56.3,181.0,39.0,2125.0,3498.0,False,False
006208,2022-10-26 12:30:01.666533,0.000889679715302405,-0.003552397868561208,0.04999999999999716,-0.19999999999999574,56.1,56.2,56.25,56.3,231.0,39.0,2125.0,3498.0,False,False
006208,2022-10-26 12:30:01.742777,0.000889679715302405,-0.003552397868561208,0.04999999999999716,-0.19999999999999574,56.1,56.2,56.25,56.3,231.0,38.0,2125.0,3498.0,False,False
006208,2022-10-26 12:30:01.765882,0.000889679715302405,-0.003552397868561208,0.04999999999999716,-0.19999999999999574,56.1,56.2,56.25,56.3,231.0,38.0,2125.0,3498.0,False,False
006208,2022-10-26 12:30:02.086031,0.000889679715302405,-0.003552397868561208,0.04999999999999716,-0.19999999999999574,56.1,56.2,56.25,56.3,231.0,38.0,2125.0,3498.0,False,False
006208,2022-10-26 12:30:02.766874,0.000889679715302405,-0.003552397868561208,0.04999999999999716,-0.19999999999999574,56.1,56.2,56.25,56.3,231.0,38.0,2125.0,3498.0,False,False
006208,2022-10-26 12:30:02.767062,0.000889679715302405,-0.003552397868561208,0.04999999999999716,-0.19999999999999574,56.1,56.2,56.25,56.3,231.0,38.0,2125.0,3498.0,False,False
006208,2022-10-26 12:30:03.064060,0.000889679715302405,-0.003552397868561208,0.04999999999999716,-0.19999999999999574,56.1,56.2,56.25,56.3,231.0,38.0,2125.0,3498.0,False,False
006208,2022-10-26 12:30:03.344472,0.000889679715302405,-0.003552397868561208,0.04999999999999716,-0.19999999999999574,56.1,56.2,56.25,56.3,231.0,38.0,2125.0,3498.0,False,False
006208,2022-10-26 12:30:03.409474,0.000889679715302405,-0.003552397868561208,0.04999999999999716,-0.19999999999999574,56.1,56.2,56.25,56.3,231.0,38.0,2125.0,3498.0,False,False
006208,2022-10-26 12:30:04.058627,0.000889679715302405,-0.003552397868561208,0.04999999999999716,-0.19999999999999574,56.1,56.2,56.25,56.3,231.0,38.0,2125.0,3498.0,False,False
006208,2022-10-26 12:30:04.058772,0.000889679715302405,-0.003552397868561208,0.04999999999999716,-0.19999999999999574,56.1,56.2,56.25,56.3,231.0,38.0,2125.0,3498.0,False,False
006208,2022-10-26 12:30:04.141051,0.000889679715302405,-0.003552397868561208,0.04999999999999716,-0.19999999999999574,56.1,56.2,56.25,56.3,231.0,38.0,2125.0,3498.0,False,False
006208,2022-10-26 12:30:04.679582,0.000889679715302405,-0.003552397868561208,0.04999999999999716,-0.19999999999999574,56.1,56.2,56.25,56.3,231.0,38.0,2125.0,3498.0,False,False
006208,2022-10-26 12:30:04.701699,0.000889679715302405,-0.003552397868561208,0.04999999999999716,-0.19999999999999574,56.1,56.2,56.25,56.3,231.0,38.0,2125.0,3498.0,False,False
006208,2022-10-26 12:30:05.596005,0.000889679715302405,-0.003552397868561208,0.04999999999999716,-0.19999999999999574,56.1,56.2,56.25,56.3,231.0,38.0,2125.0,3498.0,False,False
006208,2022-10-26 12:30:05.670834,0.000889679715302405,-0.003552397868561208,0.04999999999999716,-0.19999999999999574,56.1,56.2,56.25,56.3,181.0,38.0,2125.0,3498.0,False,False
006208,2022-10-26 12:30:09.850389,0.000889679715302405,-0.003552397868561208,0.04999999999999716,-0.19999999999999574,56.1,56.2,56.25,56.3,181.0,38.0,2186.0,3498.0,True,True
006208,2022-10-26 12:30:10.364367,0.000889679715302405,-0.003552397868561208,0.04999999999999716,-0.19999999999999574,56.1,56.2,56.25,56.3,181.0,38.0,2186.0,3498.0,False,False
006208,2022-10-26 12:30:10.364556,0.000889679715302405,-0.003552397868561208,0.04999999999999716,-0.19999999999999574,56.1,56.2,56.25,56.3,181.0,38.0,2186.0,3498.0,False,False
006208,2022-10-26 12:30:10.914648,0.000889679715302405,-0.003552397868561208,0.04999999999999716,-0.19999999999999574,56.1,56.2,56.25,56.3,181.0,38.0,2186.0,3498.0,False,False
006208,2022-10-26 12:30:10.921172,0.000889679715302405,-0.003552397868561208,0.04999999999999716,-0.19999999999999574,56.1,56.2,56.25,56.3,181.0,38.0,2186.0,3498.0,False,False
006208,2022-10-26 12:30:11.049030,0.000889679715302405,-0.003552397868561208,0.04999999999999716,-0.19999999999999574,56.1,56.2,56.25,56.3,181.0,38.0,2186.0,3498.0,False,False
006208,2022-10-26 12:30:11.229842,0.000889679715302405,-0.003552397868561208,0.04999999999999716,-0.19999999999999574,56.1,56.2,56.25,56.3,181.0,38.0,2186.0,3498.0,False,False
006208,2022-10-26 12:30:11.243987,0.000889679715302405,-0.003552397868561208,0.04999999999999716,-0.19999999999999574,56.1,56.2,56.25,56.3,181.0,38.0,2186.0,3498.0,False,False
006208,2022-10-26 12:30:13.008025,0.000889679715302405,-0.003552397868561208,0.04999999999999716,-0.19999999999999574,56.1,56.2,56.25,56.3,181.0,38.0,2186.0,3498.0,False,False
006208,2022-10-26 12:30:13.097714,0.000889679715302405,-0.003552397868561208,0.04999999999999716,-0.19999999999999574,56.1,56.2,56.25,56.3,181.0,88.0,2186.0,3498.0,False,False
006208,2022-10-26 12:30:13.950707,0.000889679715302405,-0.003552397868561208,0.04999999999999716,-0.19999999999999574,56.1,56.2,56.25,56.3,181.0,88.0,2186.0,3498.0,False,False
006208,2022-10-26 12:30:13.962276,0.000889679715302405,-0.003552397868561208,0.04999999999999716,-0.19999999999999574,56.1,56.2,56.25,56.3,181.0,38.0,2186.0,3498.0,False,False
006208,2022-10-26 12:30:14.415981,0.000889679715302405,-0.003552397868561208,0.04999999999999716,-0.19999999999999574,56.1,56.2,56.25,56.3,181.0,38.0,2186.0,3498.0,False,False
006208,2022-10-26 12:30:14.426842,0.000889679715302405,-0.003552397868561208,0.04999999999999716,-0.19999999999999574,56.1,56.2,56.25,56.3,181.0,88.0,2186.0,3498.0,False,False
006208,2022-10-26 12:30:15.128634,0.000889679715302405,-0.003552397868561208,0.04999999999999716,-0.19999999999999574,56.1,56.2,56.25,56.3,181.0,88.0,2186.0,3498.0,False,False
006208,2022-10-26 12:30:15.128810,0.000889679715302405,-0.003552397868561208,0.04999999999999716,-0.19999999999999574,56.1,56.2,56.25,56.3,181.0,88.0,2186.0,3498.0,False,False
006208,2022-10-26 12:30:21.062927,0.000889679715302405,-0.003552397868561208,0.04999999999999716,-0.19999999999999574,56.1,56.2,56.25,56.3,181.0,88.0,2186.0,3498.0,False,False
006208,2022-10-26 12:30:21.073416,0.000889679715302405,-0.003552397868561208,0.04999999999999716,-0.19999999999999574,56.1,56.2,56.25,56.3,181.0,88.0,2186.0,3498.0,False,False
006208,2022-10-26 12:30:21.197031,0.000889679715302405,-0.003552397868561208,0.04999999999999716,-0.19999999999999574,56.1,56.2,56.25,56.3,181.0,88.0,2186.0,3498.0,False,False
006208,2022-10-26 12:30:21.757350,0.000889679715302405,-0.003552397868561208,0.04999999999999716,-0.19999999999999574,56.1,56.2,56.25,56.3,181.0,88.0,2186.0,3498.0,False,False
006208,2022-10-26 12:30:21.757563,0.000889679715302405,-0.003552397868561208,0.04999999999999716,-0.19999999999999574,56.1,56.2,56.25,56.3,181.0,88.0,2186.0,3498.0,False,False
006208,2022-10-26 12:30:22.797030,0.000889679715302405,-0.003552397868561208,0.04999999999999716,-0.19999999999999574,56.1,56.2,56.25,56.3,181.0,88.0,2186.0,3498.0,False,False
006208,2022-10-26 12:30:29.966098,0.000889679715302405,-0.003552397868561208,0.04999999999999716,-0.19999999999999574,56.1,56.2,56.25,56.3,181.0,88.0,1339.0,3498.0,True,True
006208,2022-10-26 12:30:31.203335,0.000889679715302405,-0.003552397868561208,0.04999999999999716,-0.19999999999999574,56.1,56.2,56.25,56.3,181.0,88.0,1339.0,3498.0,False,False
006208,2022-10-26 12:30:31.207202,0.000889679715302405,-0.003552397868561208,0.04999999999999716,-0.19999999999999574,56.1,56.2,56.25,56.3,181.0,88.0,1339.0,3498.0,False,False
006208,2022-10-26 12:30:31.342821,0.000889679715302405,-0.003552397868561208,0.04999999999999716,-0.19999999999999574,56.1,56.2,56.25,56.3,181.0,88.0,1339.0,3498.0,False,False
006208,2022-10-26 12:30:31.523600,0.000889679715302405,-0.003552397868561208,0.04999999999999716,-0.19999999999999574,56.1,56.2,56.25,56.3,181.0,88.0,1339.0,3498.0,False,False
006208,2022-10-26 12:30:38.748446,0.000889679715302405,-0.003552397868561208,0.04999999999999716,-0.19999999999999574,56.1,56.2,56.25,56.3,181.0,88.0,1339.0,3498.0,False,False
006208,2022-10-26 12:30:41.328031,0.000889679715302405,-0.003552397868561208,0.04999999999999716,-0.19999999999999574,56.1,56.2,56.25,56.3,181.0,88.0,1339.0,3498.0,False,False
006208,2022-10-26 12:30:41.338616,0.000889679715302405,-0.003552397868561208,0.04999999999999716,-0.19999999999999574,56.1,56.2,56.25,56.3,181.0,88.0,1339.0,3498.0,False,False
006208,2022-10-26 12:30:41.473688,0.000889679715302405,-0.003552397868561208,0.04999999999999716,-0.19999999999999574,56.1,56.2,56.25,56.3,181.0,88.0,1339.0,3498.0,False,False
006208,2022-10-26 12:30:50.059487,0.000889679715302405,-0.003552397868561208,0.04999999999999716,-0.19999999999999574,56.1,56.2,56.25,56.3,181.0,88.0,439.0,3498.0,True,True
006208,2022-10-26 12:30:50.236689,0.000889679715302405,-0.003552397868561208,0.04999999999999716,-0.19999999999999574,56.1,56.2,56.25,56.3,181.0,88.0,439.0,3498.0,False,False
006208,2022-10-26 12:30:51.467849,0.000889679715302405,-0.003552397868561208,0.04999999999999716,-0.19999999999999574,56.1,56.2,56.25,56.3,181.0,88.0,439.0,3498.0,False,False
006208,2022-10-26 12:30:51.474846,0.000889679715302405,-0.003552397868561208,0.04999999999999716,-0.19999999999999574,56.1,56.2,56.25,56.3,181.0,88.0,439.0,3498.0,False,False
006208,2022-10-26 12:30:51.664762,0.000889679715302405,-0.003552397868561208,0.04999999999999716,-0.19999999999999574,56.1,56.2,56.25,56.3,181.0,88.0,439.0,3498.0,False,False
006208,2022-10-26 12:30:52.483603,0.000889679715302405,-0.003552397868561208,0.04999999999999716,-0.19999999999999574,56.1,56.2,56.25,56.3,181.0,88.0,439.0,3498.0,False,False
006208,2022-10-26 12:30:52.483747,0.000889679715302405,-0.003552397868561208,0.04999999999999716,-0.19999999999999574,56.1,56.2,56.25,56.3,181.0,88.0,439.0,3498.0,False,False
006208,2022-10-26 12:31:00.106551,0.000889679715302405,-0.003552397868561208,0.04999999999999716,-0.19999999999999574,56.1,56.2,56.25,56.3,181.0,88.0,424.0,3498.0,True,True
006208,2022-10-26 12:31:01.588204,0.000889679715302405,-0.003552397868561208,0.04999999999999716,-0.19999999999999574,56.1,56.2,56.25,56.3,181.0,88.0,424.0,3498.0,False,False
006208,2022-10-26 12:31:01.593266,0.000889679715302405,-0.003552397868561208,0.04999999999999716,-0.19999999999999574,56.1,56.2,56.25,56.3,181.0,88.0,424.0,3498.0,False,False
006208,2022-10-26 12:31:01.730948,0.000889679715302405,-0.003552397868561208,0.04999999999999716,-0.19999999999999574,56.1,56.2,56.25,56.3,181.0,88.0,424.0,3498.0,False,False
006208,2022-10-26 12:31:02.431193,0.000889679715302405,-0.003552397868561208,0.04999999999999716,-0.19999999999999574,56.1,56.2,56.25,56.3,181.0,88.0,424.0,3498.0,False,False
006208,2022-10-26 12:31:03.800737,0.000889679715302405,-0.003552397868561208,0.04999999999999716,-0.19999999999999574,56.1,56.2,56.25,56.3,181.0,88.0,424.0,3498.0,False,False
006208,2022-10-26 12:31:03.854403,0.000889679715302405,-0.003552397868561208,0.04999999999999716,-0.19999999999999574,56.1,56.2,56.25,56.3,181.0,88.0,424.0,3498.0,False,False
006208,2022-10-26 12:31:04.266500,0.000889679715302405,-0.003552397868561208,0.04999999999999716,-0.19999999999999574,56.1,56.2,56.25,56.3,181.0,128.0,424.0,3498.0,False,False
006208,2022-10-26 12:31:04.464125,0.000889679715302405,-0.003552397868561208,0.04999999999999716,-0.19999999999999574,56.1,56.2,56.25,56.3,181.0,88.0,424.0,3498.0,False,False
006208,2022-10-26 12:31:07.238299,0.000889679715302405,-0.003552397868561208,0.04999999999999716,-0.19999999999999574,56.1,56.2,56.25,56.3,181.0,88.0,424.0,3498.0,False,False
006208,2022-10-26 12:31:09.546129,0.0,-0.002666666666666595,0.0,-0.14999999999999858,56.1,56.2,56.2,56.25,181.0,88.0,3014.0,446.0,False,True
006208,2022-10-26 12:31:10.682242,0.0,-0.002666666666666595,0.0,-0.14999999999999858,56.1,56.2,56.2,56.25,181.0,88.0,3014.0,446.0,False,False
006208,2022-10-26 12:31:10.694925,0.0,-0.002666666666666595,0.0,-0.14999999999999858,56.1,56.2,56.2,56.25,181.0,88.0,3014.0,446.0,False,False
006208,2022-10-26 12:31:11.719043,0.0,-0.002666666666666595,0.0,-0.14999999999999858,56.1,56.2,56.2,56.25,181.0,88.0,3014.0,446.0,False,False
006208,2022-10-26 12:31:11.722692,0.0,-0.002666666666666595,0.0,-0.14999999999999858,56.1,56.2,56.2,56.25,181.0,88.0,3014.0,446.0,False,False
006208,2022-10-26 12:31:11.856169,0.0,-0.002666666666666595,0.0,-0.14999999999999858,56.1,56.2,56.2,56.25,181.0,88.0,3014.0,446.0,False,False
006208,2022-10-26 12:31:12.012834,0.0,-0.002666666666666595,0.0,-0.14999999999999858,56.1,56.2,56.2,56.25,181.0,88.0,3014.0,446.0,False,False
006208,2022-10-26 12:31:12.760844,0.0,-0.002666666666666595,0.0,-0.14999999999999858,56.1,56.2,56.2,56.25,181.0,138.0,3014.0,446.0,False,False
006208,2022-10-26 12:31:13.311564,0.0,-0.002666666666666595,0.0,-0.14999999999999858,56.1,56.2,56.2,56.25,181.0,138.0,3014.0,446.0,False,False
006208,2022-10-26 12:31:13.318377,0.0,-0.002666666666666595,0.0,-0.14999999999999858,56.1,56.2,56.2,56.25,181.0,138.0,3014.0,446.0,False,False
006208,2022-10-26 12:31:13.703358,0.0,-0.002666666666666595,0.0,-0.14999999999999858,56.1,56.2,56.2,56.25,181.0,138.0,3014.0,446.0,False,False
006208,2022-10-26 12:31:13.780682,0.0,-0.001777777777777767,0.0,-0.10000000000000142,56.15,56.2,56.2,56.25,75.0,138.0,3014.0,446.0,False,False
006208,2022-10-26 12:31:13.812315,0.0,-0.001777777777777767,0.0,-0.10000000000000142,56.15,56.2,56.2,56.25,75.0,138.0,3014.0,446.0,False,False
006208,2022-10-26 12:31:14.028284,0.0,-0.001777777777777767,0.0,-0.10000000000000142,56.15,56.2,56.2,56.25,75.0,138.0,3014.0,446.0,False,False
006208,2022-10-26 12:31:15.372208,0.0,-0.001777777777777767,0.0,-0.10000000000000142,56.15,56.2,56.2,56.25,75.0,138.0,3014.0,446.0,False,False
006208,2022-10-26 12:31:15.450440,0.0,-0.001777777777777767,0.0,-0.10000000000000142,56.15,56.2,56.2,56.25,75.0,138.0,3014.0,446.0,False,False
006208,2022-10-26 12:31:15.533373,0.0,-0.001777777777777767,0.0,-0.10000000000000142,56.15,56.2,56.2,56.25,75.0,138.0,3014.0,446.0,False,False
006208,2022-10-26 12:31:18.646776,0.0,-0.001777777777777767,0.0,-0.10000000000000142,56.15,56.2,56.2,56.25,75.0,138.0,3014.0,446.0,False,False
006208,2022-10-26 12:31:18.658954,0.0,-0.001777777777777767,0.0,-0.10000000000000142,56.15,56.2,56.2,56.25,75.0,138.0,3014.0,446.0,False,False
006208,2022-10-26 12:31:18.787652,0.0,-0.001777777777777767,0.0,-0.10000000000000142,56.15,56.2,56.2,56.25,75.0,138.0,3014.0,446.0,False,False
006208,2022-10-26 12:31:18.941546,0.0,-0.001777777777777767,0.0,-0.10000000000000142,56.15,56.2,56.2,56.25,75.0,138.0,3014.0,446.0,False,False
006208,2022-10-26 12:31:18.988603,0.0,-0.001777777777777767,0.0,-0.10000000000000142,56.15,56.2,56.2,56.25,75.0,138.0,3014.0,446.0,False,False
006208,2022-10-26 12:31:19.157595,0.0,-0.001777777777777767,0.0,-0.10000000000000142,56.15,56.2,56.2,56.25,75.0,138.0,3014.0,446.0,False,False
006208,2022-10-26 12:31:19.311951,0.0,-0.001777777777777767,0.0,-0.10000000000000142,56.15,56.2,56.2,56.25,75.0,138.0,3014.0,446.0,False,False
006208,2022-10-26 12:31:19.586778,0.0,-0.001777777777777767,0.0,-0.10000000000000142,56.15,56.2,56.2,56.25,75.0,138.0,3103.0,46.0,True,True
006208,2022-10-26 12:31:20.336937,0.0,-0.001777777777777767,0.0,-0.10000000000000142,56.15,56.2,56.2,56.25,75.0,138.0,3103.0,46.0,False,False
006208,2022-10-26 12:31:20.336941,0.0,-0.001777777777777767,0.0,-0.10000000000000142,56.15,56.2,56.2,56.25,75.0,138.0,3103.0,46.0,False,False
006208,2022-10-26 12:31:21.321437,0.0,-0.001777777777777767,0.0,-0.10000000000000142,56.15,56.2,56.2,56.25,75.0,138.0,3103.0,46.0,False,False
006208,2022-10-26 12:31:21.347108,0.0,-0.001777777777777767,0.0,-0.10000000000000142,56.15,56.2,56.2,56.25,75.0,138.0,3103.0,46.0,False,False
006208,2022-10-26 12:31:24.021530,0.0,-0.001777777777777767,0.0,-0.10000000000000142,56.15,56.2,56.2,56.25,75.0,138.0,3103.0,46.0,False,False
006208,2022-10-26 12:31:24.023745,0.0,-0.001777777777777767,0.0,-0.10000000000000142,56.15,56.2,56.2,56.25,75.0,138.0,3103.0,46.0,False,False
006208,2022-10-26 12:31:24.156114,0.0,-0.001777777777777767,0.0,-0.10000000000000142,56.15,56.2,56.2,56.25,75.0,138.0,3103.0,46.0,False,False
006208,2022-10-26 12:31:24.330929,0.0,-0.001777777777777767,0.0,-0.10000000000000142,56.15,56.2,56.2,56.25,75.0,138.0,3103.0,46.0,False,False
006208,2022-10-26 12:31:24.417916,0.0,-0.001777777777777767,0.0,-0.10000000000000142,56.15,56.2,56.2,56.25,75.0,138.0,3103.0,46.0,False,False
006208,2022-10-26 12:31:27.846686,0.0,-0.001777777777777767,0.0,-0.10000000000000142,56.15,56.2,56.2,56.25,75.0,138.0,3103.0,46.0,False,False
006208,2022-10-26 12:31:27.846851,0.0,-0.001777777777777767,0.0,-0.10000000000000142,56.15,56.2,56.2,56.25,75.0,138.0,3103.0,46.0,False,False
006208,2022-10-26 12:31:27.988810,0.0,-0.001777777777777767,0.0,-0.10000000000000142,56.15,56.2,56.2,56.25,75.0,138.0,3103.0,46.0,False,False
006208,2022-10-26 12:31:29.636381,0.0,-0.001777777777777767,0.0,-0.10000000000000142,56.15,56.2,56.2,56.25,75.0,138.0,3103.0,46.0,True,True
006208,2022-10-26 12:31:31.492607,0.0,-0.001777777777777767,0.0,-0.10000000000000142,56.15,56.2,56.2,56.25,75.0,88.0,3103.0,46.0,False,False
006208,2022-10-26 12:31:31.525281,0.0,-0.001777777777777767,0.0,-0.10000000000000142,56.15,56.2,56.2,56.25,75.0,50.0,3103.0,46.0,False,False
006208,2022-10-26 12:31:32.055239,0.0,-0.001777777777777767,0.0,-0.10000000000000142,56.15,56.2,56.2,56.25,75.0,50.0,3103.0,46.0,False,False
006208,2022-10-26 12:31:32.055301,0.0,-0.001777777777777767,0.0,-0.10000000000000142,56.15,56.2,56.2,56.25,75.0,50.0,3103.0,46.0,False,False
006208,2022-10-26 12:31:32.524498,0.0,-0.001777777777777767,0.0,-0.10000000000000142,56.15,56.2,56.2,56.25,75.0,50.0,3103.0,46.0,False,False
006208,2022-10-26 12:31:32.524537,0.0,-0.001777777777777767,0.0,-0.10000000000000142,56.15,56.2,56.2,56.25,175.0,50.0,3103.0,46.0,False,False
006208,2022-10-26 12:31:32.818914,0.0,-0.001777777777777767,0.0,-0.10000000000000142,56.15,56.2,56.2,56.25,175.0,50.0,3103.0,46.0,False,False
006208,2022-10-26 12:31:32.906170,0.0,-0.001777777777777767,0.0,-0.10000000000000142,56.15,56.2,56.2,56.25,175.0,50.0,3103.0,46.0,False,False
006208,2022-10-26 12:31:33.592270,0.0,-0.001777777777777767,0.0,-0.10000000000000142,56.15,56.2,56.2,56.25,175.0,50.0,3103.0,46.0,False,False
006208,2022-10-26 12:31:33.624248,0.0,-0.001777777777777767,0.0,-0.10000000000000142,56.15,56.2,56.2,56.25,75.0,50.0,3103.0,46.0,False,False
006208,2022-10-26 12:31:33.985682,0.0,-0.001777777777777767,0.0,-0.10000000000000142,56.15,56.2,56.2,56.25,75.0,50.0,3103.0,46.0,False,False
006208,2022-10-26 12:31:33.999388,0.0,-0.001777777777777767,0.0,-0.10000000000000142,56.15,56.2,56.2,56.25,75.0,50.0,3103.0,46.0,False,False
006208,2022-10-26 12:31:34.151277,0.0,-0.001777777777777767,0.0,-0.10000000000000142,56.15,56.2,56.2,56.25,75.0,50.0,3103.0,46.0,False,False
006208,2022-10-26 12:31:34.279499,0.0,-0.001777777777777767,0.0,-0.10000000000000142,56.15,56.2,56.2,56.25,75.0,50.0,3103.0,46.0,False,False
006208,2022-10-26 12:31:34.285531,0.0,-0.001777777777777767,0.0,-0.10000000000000142,56.15,56.2,56.2,56.25,75.0,50.0,3103.0,46.0,False,False
006208,2022-10-26 12:31:34.490542,0.0,-0.001777777777777767,0.0,-0.10000000000000142,56.15,56.2,56.2,56.25,75.0,50.0,3103.0,46.0,False,False
006208,2022-10-26 12:31:34.625415,0.0,-0.001777777777777767,0.0,-0.10000000000000142,56.15,56.2,56.2,56.25,75.0,50.0,3103.0,46.0,False,False
006208,2022-10-26 12:31:34.811989,0.0,-0.001777777777777767,0.0,-0.10000000000000142,56.15,56.2,56.2,56.25,75.0,50.0,3103.0,46.0,False,False
006208,2022-10-26 12:31:34.862820,0.0,-0.001777777777777767,0.0,-0.10000000000000142,56.15,56.2,56.2,56.25,75.0,50.0,3103.0,46.0,False,False
006208,2022-10-26 12:31:35.864156,0.0,-0.001777777777777767,0.0,-0.10000000000000142,56.15,56.2,56.2,56.25,75.0,50.0,3103.0,46.0,False,False
006208,2022-10-26 12:31:36.197830,0.0,-0.001777777777777767,0.0,-0.10000000000000142,56.15,56.2,56.2,56.25,75.0,51.0,3103.0,46.0,False,False
006208,2022-10-26 12:31:38.365856,0.0,-0.001777777777777767,0.0,-0.10000000000000142,56.15,56.2,56.2,56.25,75.0,51.0,3103.0,46.0,False,False
006208,2022-10-26 12:31:38.399592,0.0,-0.001777777777777767,0.0,-0.10000000000000142,56.15,56.2,56.2,56.25,75.0,51.0,3103.0,46.0,False,False
006208,2022-10-26 12:31:38.478326,0.0,-0.001777777777777767,0.0,-0.10000000000000142,56.15,56.2,56.2,56.25,75.0,51.0,3103.0,46.0,False,False
006208,2022-10-26 12:31:38.835790,0.0,-0.001777777777777767,0.0,-0.10000000000000142,56.15,56.2,56.2,56.25,75.0,51.0,3103.0,46.0,False,False
006208,2022-10-26 12:31:38.835814,0.0,-0.001777777777777767,0.0,-0.10000000000000142,56.15,56.2,56.2,56.25,75.0,51.0,3103.0,46.0,False,False
006208,2022-10-26 12:31:39.401178,0.0,-0.001777777777777767,0.0,-0.10000000000000142,56.15,56.2,56.2,56.25,175.0,51.0,3103.0,46.0,False,False
006208,2022-10-26 12:31:39.698247,0.000889679715302405,-0.002664298401420906,0.04999999999999716,-0.14999999999999858,56.15,56.2,56.25,56.3,175.0,51.0,43.0,3498.0,True,True
006208,2022-10-26 12:31:41.766548,0.000889679715302405,-0.002664298401420906,0.04999999999999716,-0.14999999999999858,56.15,56.2,56.25,56.3,175.0,51.0,43.0,3498.0,False,False
006208,2022-10-26 12:31:41.789728,0.000889679715302405,-0.002664298401420906,0.04999999999999716,-0.14999999999999858,56.15,56.2,56.25,56.3,75.0,51.0,43.0,3498.0,False,False
006208,2022-10-26 12:31:42.285923,0.000889679715302405,-0.002664298401420906,0.04999999999999716,-0.14999999999999858,56.15,56.2,56.25,56.3,75.0,56.0,43.0,3498.0,False,False
006208,2022-10-26 12:31:42.791227,0.000889679715302405,-0.002664298401420906,0.04999999999999716,-0.14999999999999858,56.15,56.2,56.25,56.3,75.0,56.0,43.0,3498.0,False,False
006208,2022-10-26 12:31:43.387074,0.000889679715302405,-0.002664298401420906,0.04999999999999716,-0.14999999999999858,56.15,56.2,56.25,56.3,75.0,56.0,43.0,3498.0,False,False
006208,2022-10-26 12:31:43.786389,0.000889679715302405,-0.002664298401420906,0.04999999999999716,-0.14999999999999858,56.15,56.2,56.25,56.3,75.0,56.0,43.0,3498.0,False,False
006208,2022-10-26 12:31:44.194006,0.000889679715302405,-0.002664298401420906,0.04999999999999716,-0.14999999999999858,56.15,56.2,56.25,56.3,75.0,56.0,43.0,3498.0,False,False
006208,2022-10-26 12:31:44.194099,0.000889679715302405,-0.002664298401420906,0.04999999999999716,-0.14999999999999858,56.15,56.2,56.25,56.3,75.0,56.0,43.0,3498.0,False,False
006208,2022-10-26 12:31:44.281124,0.000889679715302405,-0.002664298401420906,0.04999999999999716,-0.14999999999999858,56.15,56.2,56.25,56.3,75.0,56.0,43.0,3498.0,False,False
006208,2022-10-26 12:31:44.413012,0.000889679715302405,-0.002664298401420906,0.04999999999999716,-0.14999999999999858,56.15,56.2,56.25,56.3,75.0,56.0,43.0,3498.0,False,False
006208,2022-10-26 12:31:45.598714,0.000889679715302405,-0.002664298401420906,0.04999999999999716,-0.14999999999999858,56.15,56.2,56.25,56.3,75.0,56.0,43.0,3498.0,False,False
006208,2022-10-26 12:31:45.603623,0.000889679715302405,-0.002664298401420906,0.04999999999999716,-0.14999999999999858,56.15,56.2,56.25,56.3,75.0,56.0,43.0,3498.0,False,False
006208,2022-10-26 12:31:45.792085,0.000889679715302405,-0.002664298401420906,0.04999999999999716,-0.14999999999999858,56.15,56.2,56.25,56.3,75.0,56.0,43.0,3498.0,False,False
006208,2022-10-26 12:31:48.814237,0.000889679715302405,-0.002664298401420906,0.04999999999999716,-0.14999999999999858,56.15,56.2,56.25,56.3,75.0,56.0,43.0,3498.0,False,False
006208,2022-10-26 12:31:48.835013,0.000889679715302405,-0.002664298401420906,0.04999999999999716,-0.14999999999999858,56.15,56.2,56.25,56.3,75.0,56.0,43.0,3498.0,False,False
006208,2022-10-26 12:31:48.845209,0.000889679715302405,-0.002664298401420906,0.04999999999999716,-0.14999999999999858,56.15,56.2,56.25,56.3,75.0,56.0,43.0,3498.0,False,False
006208,2022-10-26 12:31:49.354149,0.000889679715302405,-0.002664298401420906,0.04999999999999716,-0.14999999999999858,56.15,56.2,56.25,56.3,75.0,56.0,43.0,3498.0,False,False
006208,2022-10-26 12:31:49.738828,0.000889679715302405,-0.002664298401420906,0.04999999999999716,-0.14999999999999858,56.15,56.2,56.25,56.3,75.0,56.0,8.0,3498.0,True,True
006208,2022-10-26 12:31:50.916396,0.000889679715302405,-0.002664298401420906,0.04999999999999716,-0.14999999999999858,56.15,56.2,56.25,56.3,75.0,56.0,8.0,3498.0,False,False
006208,2022-10-26 12:31:50.945778,0.000889679715302405,-0.002664298401420906,0.04999999999999716,-0.14999999999999858,56.15,56.2,56.25,56.3,75.0,56.0,8.0,3498.0,False,False
006208,2022-10-26 12:31:52.706699,0.000889679715302405,-0.002664298401420906,0.04999999999999716,-0.14999999999999858,56.15,56.2,56.25,56.3,75.0,56.0,8.0,3498.0,False,False
006208,2022-10-26 12:31:52.717482,0.000889679715302405,-0.002664298401420906,0.04999999999999716,-0.14999999999999858,56.15,56.2,56.25,56.3,75.0,56.0,8.0,3498.0,False,False
006208,2022-10-26 12:31:52.727713,0.000889679715302405,-0.002664298401420906,0.04999999999999716,-0.14999999999999858,56.15,56.2,56.25,56.3,75.0,56.0,8.0,3498.0,False,False
006208,2022-10-26 12:31:54.404531,0.000889679715302405,-0.002664298401420906,0.04999999999999716,-0.14999999999999858,56.15,56.2,56.25,56.3,75.0,56.0,8.0,3498.0,False,False
006208,2022-10-26 12:31:54.411194,0.000889679715302405,-0.002664298401420906,0.04999999999999716,-0.14999999999999858,56.15,56.2,56.25,56.3,75.0,56.0,8.0,3498.0,False,False
006208,2022-10-26 12:31:54.539851,0.000889679715302405,-0.002664298401420906,0.04999999999999716,-0.14999999999999858,56.15,56.2,56.25,56.3,75.0,56.0,8.0,3498.0,False,False
006208,2022-10-26 12:31:56.268550,0.000889679715302405,-0.002664298401420906,0.04999999999999716,-0.14999999999999858,56.15,56.2,56.25,56.3,75.0,56.0,8.0,3498.0,False,False
006208,2022-10-26 12:31:56.298787,0.000889679715302405,-0.002664298401420906,0.04999999999999716,-0.14999999999999858,56.15,56.2,56.25,56.3,75.0,56.0,8.0,3498.0,False,False
006208,2022-10-26 12:31:57.354079,0.000889679715302405,-0.002664298401420906,0.04999999999999716,-0.14999999999999858,56.15,56.2,56.25,56.3,75.0,56.0,8.0,3498.0,False,False
006208,2022-10-26 12:31:57.374056,0.000889679715302405,-0.002664298401420906,0.04999999999999716,-0.14999999999999858,56.15,56.2,56.25,56.3,75.0,56.0,8.0,3498.0,False,False
006208,2022-10-26 12:31:59.778592,0.000889679715302405,-0.002664298401420906,0.04999999999999716,-0.14999999999999858,56.15,56.2,56.25,56.3,75.0,56.0,8.0,3518.0,True,True
006208,2022-10-26 12:32:01.645475,0.000889679715302405,-0.002664298401420906,0.04999999999999716,-0.14999999999999858,56.15,56.2,56.25,56.3,75.0,56.0,8.0,3518.0,False,False
006208,2022-10-26 12:32:01.677912,0.000889679715302405,-0.002664298401420906,0.04999999999999716,-0.14999999999999858,56.15,56.2,56.25,56.3,75.0,56.0,8.0,3518.0,False,False
006208,2022-10-26 12:32:04.094308,0.000889679715302405,-0.002664298401420906,0.04999999999999716,-0.14999999999999858,56.15,56.2,56.25,56.3,75.0,56.0,8.0,3518.0,False,False
006208,2022-10-26 12:32:04.094325,0.000889679715302405,-0.002664298401420906,0.04999999999999716,-0.14999999999999858,56.15,56.2,56.25,56.3,75.0,56.0,8.0,3518.0,False,False
006208,2022-10-26 12:32:04.528233,0.000889679715302405,-0.002664298401420906,0.04999999999999716,-0.14999999999999858,56.15,56.2,56.25,56.3,75.0,56.0,8.0,3518.0,False,False
006208,2022-10-26 12:32:04.537116,0.000889679715302405,-0.002664298401420906,0.04999999999999716,-0.14999999999999858,56.15,56.2,56.25,56.3,75.0,56.0,8.0,3518.0,False,False
006208,2022-10-26 12:32:04.673915,0.000889679715302405,-0.002664298401420906,0.04999999999999716,-0.14999999999999858,56.15,56.2,56.25,56.3,75.0,56.0,8.0,3518.0,False,False
006208,2022-10-26 12:32:05.759718,0.000889679715302405,-0.002664298401420906,0.04999999999999716,-0.14999999999999858,56.15,56.2,56.25,56.3,76.0,56.0,8.0,3518.0,False,False
006208,2022-10-26 12:32:06.891398,0.000889679715302405,-0.002664298401420906,0.04999999999999716,-0.14999999999999858,56.15,56.2,56.25,56.3,76.0,56.0,8.0,3518.0,False,False
006208,2022-10-26 12:32:06.920609,0.000889679715302405,-0.002664298401420906,0.04999999999999716,-0.14999999999999858,56.15,56.2,56.25,56.3,76.0,56.0,8.0,3518.0,False,False
006208,2022-10-26 12:32:07.018385,0.000889679715302405,-0.002664298401420906,0.04999999999999716,-0.14999999999999858,56.15,56.2,56.25,56.3,76.0,56.0,8.0,3518.0,False,False
006208,2022-10-26 12:32:07.125865,0.000889679715302405,-0.002664298401420906,0.04999999999999716,-0.14999999999999858,56.15,56.2,56.25,56.3,76.0,56.0,8.0,3518.0,False,False
006208,2022-10-26 12:32:07.348380,0.000889679715302405,-0.002664298401420906,0.04999999999999716,-0.14999999999999858,56.15,56.2,56.25,56.3,76.0,56.0,8.0,3518.0,False,False
006208,2022-10-26 12:32:07.362080,0.000889679715302405,-0.002664298401420906,0.04999999999999716,-0.14999999999999858,56.15,56.2,56.25,56.3,76.0,56.0,8.0,3518.0,False,False
006208,2022-10-26 12:32:07.637852,0.000889679715302405,-0.002664298401420906,0.04999999999999716,-0.14999999999999858,56.15,56.2,56.25,56.3,76.0,56.0,8.0,3518.0,False,False
006208,2022-10-26 12:32:07.675377,0.000889679715302405,-0.002664298401420906,0.04999999999999716,-0.14999999999999858,56.15,56.2,56.25,56.3,76.0,6.0,8.0,3518.0,False,False
006208,2022-10-26 12:32:07.745402,0.000889679715302405,-0.002664298401420906,0.04999999999999716,-0.14999999999999858,56.15,56.2,56.25,56.3,76.0,6.0,8.0,3518.0,False,False
006208,2022-10-26 12:32:07.921735,0.000889679715302405,-0.002664298401420906,0.04999999999999716,-0.14999999999999858,56.15,56.2,56.25,56.3,176.0,6.0,8.0,3518.0,False,False
006208,2022-10-26 12:32:09.817909,0.000889679715302405,-0.002664298401420906,0.04999999999999716,-0.14999999999999858,56.15,56.2,56.25,56.3,176.0,6.0,8.0,3518.0,True,True
006208,2022-10-26 12:32:10.325742,0.000889679715302405,-0.002664298401420906,0.04999999999999716,-0.14999999999999858,56.15,56.2,56.25,56.3,176.0,6.0,8.0,3518.0,False,False
006208,2022-10-26 12:32:10.336633,0.000889679715302405,-0.002664298401420906,0.04999999999999716,-0.14999999999999858,56.15,56.2,56.25,56.3,176.0,6.0,8.0,3518.0,False,False
006208,2022-10-26 12:32:10.367225,0.000889679715302405,-0.002664298401420906,0.04999999999999716,-0.14999999999999858,56.15,56.2,56.25,56.3,176.0,6.0,8.0,3518.0,False,False
006208,2022-10-26 12:32:12.430609,0.000889679715302405,-0.002664298401420906,0.04999999999999716,-0.14999999999999858,56.15,56.2,56.25,56.3,176.0,6.0,8.0,3518.0,False,False
006208,2022-10-26 12:32:12.463547,0.000889679715302405,-0.002664298401420906,0.04999999999999716,-0.14999999999999858,56.15,56.2,56.25,56.3,176.0,6.0,8.0,3518.0,False,False
006208,2022-10-26 12:32:14.002513,0.000889679715302405,-0.002664298401420906,0.04999999999999716,-0.14999999999999858,56.15,56.2,56.25,56.3,176.0,6.0,8.0,3518.0,False,False
006208,2022-10-26 12:32:14.002632,0.000889679715302405,-0.002664298401420906,0.04999999999999716,-0.14999999999999858,56.15,56.2,56.25,56.3,176.0,6.0,8.0,3518.0,False,False
006208,2022-10-26 12:32:14.660343,0.000889679715302405,-0.002664298401420906,0.04999999999999716,-0.14999999999999858,56.15,56.2,56.25,56.3,176.0,6.0,8.0,3518.0,False,False
006208,2022-10-26 12:32:14.663688,0.000889679715302405,-0.002664298401420906,0.04999999999999716,-0.14999999999999858,56.15,56.2,56.25,56.3,176.0,6.0,8.0,3518.0,False,False
006208,2022-10-26 12:32:14.825178,0.000889679715302405,-0.002664298401420906,0.04999999999999716,-0.14999999999999858,56.15,56.2,56.25,56.3,176.0,5.0,8.0,3518.0,False,False
006208,2022-10-26 12:32:14.800860,0.000889679715302405,-0.002664298401420906,0.04999999999999716,-0.14999999999999858,56.15,56.2,56.25,56.3,176.0,6.0,8.0,3518.0,False,False
006208,2022-10-26 12:32:15.327025,0.000889679715302405,-0.002664298401420906,0.04999999999999716,-0.14999999999999858,56.15,56.2,56.25,56.3,176.0,5.0,8.0,3518.0,False,False
006208,2022-10-26 12:32:15.327112,0.000889679715302405,-0.002664298401420906,0.04999999999999716,-0.14999999999999858,56.15,56.2,56.25,56.3,176.0,5.0,8.0,3518.0,False,False
006208,2022-10-26 12:32:19.888665,0.000889679715302405,-0.002664298401420906,0.04999999999999716,-0.14999999999999858,56.15,56.2,56.25,56.3,176.0,5.0,8.0,3518.0,True,True
006208,2022-10-26 12:32:22.739846,0.000889679715302405,-0.002664298401420906,0.04999999999999716,-0.14999999999999858,56.15,56.2,56.25,56.3,175.0,5.0,8.0,3518.0,False,False
006208,2022-10-26 12:32:24.790919,0.000889679715302405,-0.002664298401420906,0.04999999999999716,-0.14999999999999858,56.15,56.2,56.25,56.3,175.0,5.0,8.0,3518.0,False,False
006208,2022-10-26 12:32:24.794600,0.000889679715302405,-0.002664298401420906,0.04999999999999716,-0.14999999999999858,56.15,56.2,56.25,56.3,175.0,5.0,8.0,3518.0,False,False
006208,2022-10-26 12:32:24.926256,0.000889679715302405,-0.002664298401420906,0.04999999999999716,-0.14999999999999858,56.15,56.2,56.25,56.3,175.0,5.0,8.0,3518.0,False,False
006208,2022-10-26 12:32:25.665787,0.000889679715302405,-0.002664298401420906,0.04999999999999716,-0.14999999999999858,56.15,56.2,56.25,56.3,175.0,5.0,8.0,3518.0,False,False
006208,2022-10-26 12:32:25.677624,0.000889679715302405,-0.002664298401420906,0.04999999999999716,-0.14999999999999858,56.15,56.2,56.25,56.3,175.0,5.0,8.0,3518.0,False,False
006208,2022-10-26 12:32:25.754589,0.000889679715302405,-0.002664298401420906,0.04999999999999716,-0.14999999999999858,56.15,56.2,56.25,56.3,175.0,5.0,8.0,3518.0,False,False
006208,2022-10-26 12:32:29.938191,0.000889679715302405,-0.002664298401420906,0.04999999999999716,-0.14999999999999858,56.15,56.2,56.25,56.3,175.0,5.0,448.0,3518.0,True,True
006208,2022-10-26 12:32:31.876283,0.000889679715302405,-0.002664298401420906,0.04999999999999716,-0.14999999999999858,56.15,56.2,56.25,56.3,175.0,5.0,448.0,3518.0,False,False
006208,2022-10-26 12:32:31.876468,0.000889679715302405,-0.002664298401420906,0.04999999999999716,-0.14999999999999858,56.15,56.2,56.25,56.3,175.0,5.0,448.0,3518.0,False,False
006208,2022-10-26 12:32:34.916622,0.000889679715302405,-0.002664298401420906,0.04999999999999716,-0.14999999999999858,56.15,56.2,56.25,56.3,175.0,5.0,448.0,3518.0,False,False
006208,2022-10-26 12:32:34.936202,0.000889679715302405,-0.002664298401420906,0.04999999999999716,-0.14999999999999858,56.15,56.2,56.25,56.3,75.0,5.0,448.0,3518.0,False,False
006208,2022-10-26 12:32:35.057516,0.000889679715302405,-0.002664298401420906,0.04999999999999716,-0.14999999999999858,56.15,56.2,56.25,56.3,75.0,5.0,448.0,3518.0,False,False
006208,2022-10-26 12:32:35.627480,0.000889679715302405,-0.002664298401420906,0.04999999999999716,-0.14999999999999858,56.15,56.2,56.25,56.3,75.0,5.0,448.0,3518.0,False,False
006208,2022-10-26 12:32:35.936896,0.000889679715302405,-0.002664298401420906,0.04999999999999716,-0.14999999999999858,56.15,56.2,56.25,56.3,75.0,5.0,448.0,3518.0,False,False
006208,2022-10-26 12:32:39.980329,0.000889679715302405,-0.002664298401420906,0.04999999999999716,-0.14999999999999858,56.15,56.2,56.25,56.3,75.0,5.0,448.0,3518.0,True,True
006208,2022-10-26 12:32:44.641957,0.000889679715302405,-0.002664298401420906,0.04999999999999716,-0.14999999999999858,56.15,56.2,56.25,56.3,75.0,5.0,448.0,3518.0,False,False
006208,2022-10-26 12:32:44.705606,0.000889679715302405,-0.002664298401420906,0.04999999999999716,-0.14999999999999858,56.15,56.2,56.25,56.3,75.0,4.0,448.0,3518.0,False,False
006208,2022-10-26 12:32:44.719102,0.000889679715302405,-0.002664298401420906,0.04999999999999716,-0.14999999999999858,56.15,56.2,56.25,56.3,75.0,4.0,448.0,3518.0,False,False
006208,2022-10-26 12:32:44.739239,0.000889679715302405,-0.002664298401420906,0.04999999999999716,-0.14999999999999858,56.15,56.2,56.25,56.3,75.0,4.0,448.0,3518.0,False,False
006208,2022-10-26 12:32:45.046243,0.000889679715302405,-0.002664298401420906,0.04999999999999716,-0.14999999999999858,56.15,56.2,56.25,56.3,75.0,4.0,448.0,3518.0,False,False
006208,2022-10-26 12:32:45.110278,0.000889679715302405,-0.002664298401420906,0.04999999999999716,-0.14999999999999858,56.15,56.2,56.25,56.3,75.0,4.0,448.0,3518.0,False,False
006208,2022-10-26 12:32:45.213860,0.000889679715302405,-0.002664298401420906,0.04999999999999716,-0.14999999999999858,56.15,56.2,56.25,56.3,75.0,4.0,448.0,3518.0,False,False
006208,2022-10-26 12:32:45.275609,0.000889679715302405,-0.002664298401420906,0.04999999999999716,-0.14999999999999858,56.15,56.2,56.25,56.3,75.0,4.0,448.0,3518.0,False,False
006208,2022-10-26 12:32:45.672687,0.000889679715302405,-0.002664298401420906,0.04999999999999716,-0.14999999999999858,56.15,56.2,56.25,56.3,175.0,4.0,448.0,3518.0,False,False
006208,2022-10-26 12:32:49.640178,0.000889679715302405,-0.002664298401420906,0.04999999999999716,-0.14999999999999858,56.15,56.2,56.25,56.3,175.0,4.0,448.0,3518.0,False,False
006208,2022-10-26 12:32:49.640350,0.000889679715302405,-0.002664298401420906,0.04999999999999716,-0.14999999999999858,56.15,56.2,56.25,56.3,175.0,4.0,448.0,3518.0,False,False
006208,2022-10-26 12:32:50.019408,0.0,-0.001777777777777767,0.0,-0.10000000000000142,56.15,56.2,56.2,56.25,175.0,4.0,3403.0,452.0,True,True
006208,2022-10-26 12:32:50.711302,0.0,-0.001777777777777767,0.0,-0.10000000000000142,56.15,56.2,56.2,56.25,175.0,4.0,3403.0,452.0,False,False
006208,2022-10-26 12:32:50.711483,0.0,-0.001777777777777767,0.0,-0.10000000000000142,56.15,56.2,56.2,56.25,175.0,4.0,3403.0,452.0,False,False
006208,2022-10-26 12:32:53.162413,0.0,-0.001777777777777767,0.0,-0.10000000000000142,56.15,56.2,56.2,56.25,175.0,4.0,3403.0,452.0,False,False
006208,2022-10-26 12:32:53.222447,0.0,-0.001777777777777767,0.0,-0.10000000000000142,56.15,56.2,56.2,56.25,175.0,4.0,3403.0,452.0,False,False
006208,2022-10-26 12:32:55.172511,0.0,-0.001777777777777767,0.0,-0.10000000000000142,56.15,56.2,56.2,56.25,175.0,4.0,3403.0,452.0,False,False
006208,2022-10-26 12:32:55.177133,0.0,-0.001777777777777767,0.0,-0.10000000000000142,56.15,56.2,56.2,56.25,175.0,4.0,3403.0,452.0,False,False
006208,2022-10-26 12:32:55.311313,0.0,-0.001777777777777767,0.0,-0.10000000000000142,56.15,56.2,56.2,56.25,175.0,4.0,3403.0,452.0,False,False
006208,2022-10-26 12:32:56.540302,0.0,-0.001777777777777767,0.0,-0.10000000000000142,56.15,56.2,56.2,56.25,175.0,4.0,3403.0,452.0,False,False
006208,2022-10-26 12:32:56.540399,0.0,-0.001777777777777767,0.0,-0.10000000000000142,56.15,56.2,56.2,56.25,175.0,4.0,3403.0,452.0,False,False
006208,2022-10-26 12:33:05.302848,0.0,-0.001777777777777767,0.0,-0.10000000000000142,56.15,56.2,56.2,56.25,175.0,4.0,3403.0,452.0,False,False
006208,2022-10-26 12:33:05.326842,0.0,-0.001777777777777767,0.0,-0.10000000000000142,56.15,56.2,56.2,56.25,75.0,4.0,3403.0,452.0,False,False
006208,2022-10-26 12:33:05.440690,0.0,-0.001777777777777767,0.0,-0.10000000000000142,56.15,56.2,56.2,56.25,75.0,4.0,3403.0,452.0,False,False
006208,2022-10-26 12:33:06.188628,0.0,-0.001777777777777767,0.0,-0.10000000000000142,56.15,56.2,56.2,56.25,75.0,4.0,3403.0,452.0,False,False
006208,2022-10-26 12:33:06.188720,0.0,-0.001777777777777767,0.0,-0.10000000000000142,56.15,56.2,56.2,56.25,75.0,4.0,3403.0,452.0,False,False
006208,2022-10-26 12:33:06.327912,0.0,-0.001777777777777767,0.0,-0.10000000000000142,56.15,56.2,56.2,56.25,175.0,4.0,3403.0,452.0,False,False
006208,2022-10-26 12:33:13.627305,0.0,-0.001777777777777767,0.0,-0.10000000000000142,56.15,56.2,56.2,56.25,175.0,4.0,3403.0,452.0,False,False
006208,2022-10-26 12:33:14.068078,0.0,-0.001777777777777767,0.0,-0.10000000000000142,56.15,56.2,56.2,56.25,175.0,4.0,3403.0,452.0,False,False
006208,2022-10-26 12:33:15.429240,0.0,-0.001777777777777767,0.0,-0.10000000000000142,56.15,56.2,56.2,56.25,175.0,4.0,3403.0,452.0,False,False
006208,2022-10-26 12:33:15.432335,0.0,-0.001777777777777767,0.0,-0.10000000000000142,56.15,56.2,56.2,56.25,175.0,4.0,3403.0,452.0,False,False
006208,2022-10-26 12:33:15.568681,0.0,-0.001777777777777767,0.0,-0.10000000000000142,56.15,56.2,56.2,56.25,175.0,4.0,3403.0,452.0,False,False
006208,2022-10-26 12:33:17.707885,0.0,-0.001777777777777767,0.0,-0.10000000000000142,56.15,56.2,56.2,56.25,175.0,4.0,3403.0,452.0,False,False
006208,2022-10-26 12:33:17.707901,0.0,-0.001777777777777767,0.0,-0.10000000000000142,56.15,56.2,56.2,56.25,175.0,4.0,3403.0,452.0,False,False
006208,2022-10-26 12:33:17.810599,0.0,-0.001777777777777767,0.0,-0.10000000000000142,56.15,56.2,56.2,56.25,175.0,4.0,3403.0,452.0,False,False
006208,2022-10-26 12:33:18.131028,0.0,-0.001777777777777767,0.0,-0.10000000000000142,56.15,56.2,56.2,56.25,175.0,4.0,3403.0,452.0,False,False
006208,2022-10-26 12:33:18.247209,0.0,-0.001777777777777767,0.0,-0.10000000000000142,56.15,56.2,56.2,56.25,175.0,4.0,3403.0,452.0,False,False
006208,2022-10-26 12:33:20.160453,0.0,-0.001777777777777767,0.0,-0.10000000000000142,56.15,56.2,56.2,56.25,175.0,4.0,3403.0,452.0,True,True
006208,2022-10-26 12:33:25.558004,0.0,-0.001777777777777767,0.0,-0.10000000000000142,56.15,56.2,56.2,56.25,175.0,4.0,3403.0,452.0,False,False
006208,2022-10-26 12:33:25.560686,0.0,-0.001777777777777767,0.0,-0.10000000000000142,56.15,56.2,56.2,56.25,175.0,4.0,3403.0,452.0,False,False
006208,2022-10-26 12:33:25.704675,0.0,-0.001777777777777767,0.0,-0.10000000000000142,56.15,56.2,56.2,56.25,175.0,4.0,3403.0,452.0,False,False
006208,2022-10-26 12:33:25.885497,0.0,-0.001777777777777767,0.0,-0.10000000000000142,56.15,56.2,56.2,56.25,175.0,4.0,3403.0,452.0,False,False
006208,2022-10-26 12:33:25.941535,0.0,-0.001777777777777767,0.0,-0.10000000000000142,56.15,56.2,56.2,56.25,175.0,4.0,3403.0,452.0,False,False
006208,2022-10-26 12:33:28.881414,0.0,-0.001777777777777767,0.0,-0.10000000000000142,56.15,56.2,56.2,56.25,175.0,4.0,3403.0,452.0,False,False
006208,2022-10-26 12:33:28.888096,0.0,-0.001777777777777767,0.0,-0.10000000000000142,56.15,56.2,56.2,56.25,175.0,4.0,3403.0,452.0,False,False
006208,2022-10-26 12:33:28.994735,0.0,-0.001777777777777767,0.0,-0.10000000000000142,56.15,56.2,56.2,56.25,175.0,4.0,3403.0,452.0,False,False
006208,2022-10-26 12:33:29.443055,0.0,-0.001777777777777767,0.0,-0.10000000000000142,56.15,56.2,56.2,56.25,175.0,4.0,3403.0,452.0,False,False
006208,2022-10-26 12:33:29.454277,0.0,-0.001777777777777767,0.0,-0.10000000000000142,56.15,56.2,56.2,56.25,175.0,4.0,3403.0,452.0,False,False
006208,2022-10-26 12:33:30.199612,0.0,-0.001777777777777767,0.0,-0.10000000000000142,56.15,56.2,56.2,56.25,175.0,4.0,3420.0,452.0,True,True
006208,2022-10-26 12:33:33.422129,0.0,-0.001777777777777767,0.0,-0.10000000000000142,56.15,56.2,56.2,56.25,175.0,4.0,3420.0,452.0,False,False
006208,2022-10-26 12:33:33.497038,0.0,-0.001777777777777767,0.0,-0.10000000000000142,56.15,56.2,56.2,56.25,175.0,4.0,3420.0,452.0,False,False
006208,2022-10-26 12:33:33.509570,0.0,-0.001777777777777767,0.0,-0.10000000000000142,56.15,56.2,56.2,56.25,175.0,4.0,3420.0,452.0,False,False
006208,2022-10-26 12:33:35.685574,0.0,-0.001777777777777767,0.0,-0.10000000000000142,56.15,56.2,56.2,56.25,175.0,4.0,3420.0,452.0,False,False
006208,2022-10-26 12:33:35.747472,0.0,-0.001777777777777767,0.0,-0.10000000000000142,56.15,56.2,56.2,56.25,175.0,4.0,3420.0,452.0,False,False
006208,2022-10-26 12:33:35.825113,0.0,-0.001777777777777767,0.0,-0.10000000000000142,56.15,56.2,56.2,56.25,175.0,4.0,3420.0,452.0,False,False
006208,2022-10-26 12:33:37.001869,0.0,-0.001777777777777767,0.0,-0.10000000000000142,56.15,56.2,56.2,56.25,175.0,4.0,3420.0,452.0,False,False
006208,2022-10-26 12:33:37.001958,0.0,-0.001777777777777767,0.0,-0.10000000000000142,56.15,56.2,56.2,56.25,175.0,4.0,3420.0,452.0,False,False
006208,2022-10-26 12:33:41.160495,0.0,-0.001777777777777767,0.0,-0.10000000000000142,56.15,56.2,56.2,56.25,175.0,4.0,3420.0,452.0,False,False
006208,2022-10-26 12:33:41.160632,0.0,-0.001777777777777767,0.0,-0.10000000000000142,56.15,56.2,56.2,56.25,175.0,4.0,3420.0,452.0,False,False
006208,2022-10-26 12:33:44.577864,0.0,-0.001777777777777767,0.0,-0.10000000000000142,56.15,56.2,56.2,56.25,175.0,4.0,3420.0,452.0,False,False
006208,2022-10-26 12:33:44.577890,0.0,-0.001777777777777767,0.0,-0.10000000000000142,56.15,56.2,56.2,56.25,175.0,4.0,3420.0,452.0,False,False
006208,2022-10-26 12:33:45.815040,0.0,-0.001777777777777767,0.0,-0.10000000000000142,56.15,56.2,56.2,56.25,175.0,4.0,3420.0,452.0,False,False
006208,2022-10-26 12:33:45.819165,0.0,-0.001777777777777767,0.0,-0.10000000000000142,56.15,56.2,56.2,56.25,175.0,4.0,3420.0,452.0,False,False
006208,2022-10-26 12:33:45.948985,0.0,-0.001777777777777767,0.0,-0.10000000000000142,56.15,56.2,56.2,56.25,175.0,4.0,3420.0,452.0,False,False
006208,2022-10-26 12:33:47.574832,0.0,-0.001777777777777767,0.0,-0.10000000000000142,56.15,56.2,56.2,56.25,175.0,4.0,3420.0,452.0,False,False
006208,2022-10-26 12:33:50.280351,0.0,-0.001777777777777767,0.0,-0.10000000000000142,56.15,56.2,56.2,56.25,175.0,4.0,3420.0,452.0,True,True
006208,2022-10-26 12:33:53.233293,0.0,-0.001777777777777767,0.0,-0.10000000000000142,56.15,56.2,56.2,56.25,175.0,4.0,3420.0,452.0,False,False
006208,2022-10-26 12:33:53.249761,0.0,-0.001777777777777767,0.0,-0.10000000000000142,56.15,56.2,56.2,56.25,175.0,4.0,3420.0,452.0,False,False
006208,2022-10-26 12:33:55.957329,0.0,-0.001777777777777767,0.0,-0.10000000000000142,56.15,56.2,56.2,56.25,175.0,4.0,3420.0,452.0,False,False
006208,2022-10-26 12:33:55.960506,0.0,-0.001777777777777767,0.0,-0.10000000000000142,56.15,56.2,56.2,56.25,175.0,4.0,3420.0,452.0,False,False
006208,2022-10-26 12:33:56.092664,0.0,-0.001777777777777767,0.0,-0.10000000000000142,56.15,56.2,56.2,56.25,175.0,4.0,3420.0,452.0,False,False
006208,2022-10-26 12:33:56.157996,0.0,-0.001777777777777767,0.0,-0.10000000000000142,56.15,56.2,56.2,56.25,175.0,4.0,3420.0,452.0,False,False
006208,2022-10-26 12:33:56.255603,0.0,-0.001777777777777767,0.0,-0.10000000000000142,56.15,56.2,56.2,56.25,175.0,4.0,3420.0,452.0,False,False
006208,2022-10-26 12:33:57.455062,0.0,-0.001777777777777767,0.0,-0.10000000000000142,56.15,56.2,56.2,56.25,175.0,3.0,3420.0,452.0,False,False
006208,2022-10-26 12:33:57.518461,0.0,-0.001777777777777767,0.0,-0.10000000000000142,56.15,56.2,56.2,56.25,175.0,3.0,3420.0,452.0,False,False
006208,2022-10-26 12:33:57.535588,0.0,-0.001777777777777767,0.0,-0.10000000000000142,56.15,56.2,56.2,56.25,175.0,3.0,3420.0,452.0,False,False
006208,2022-10-26 12:33:57.535931,0.0,-0.001777777777777767,0.0,-0.10000000000000142,56.15,56.2,56.2,56.25,175.0,3.0,3420.0,452.0,False,False
006208,2022-10-26 12:33:59.120881,0.0,-0.001777777777777767,0.0,-0.10000000000000142,56.15,56.2,56.2,56.25,175.0,3.0,3420.0,452.0,False,False
006208,2022-10-26 12:33:59.132677,0.0,-0.001777777777777767,0.0,-0.10000000000000142,56.15,56.2,56.2,56.25,175.0,3.0,3420.0,452.0,False,False
006208,2022-10-26 12:33:59.254421,0.0,-0.001777777777777767,0.0,-0.10000000000000142,56.15,56.2,56.2,56.25,175.0,3.0,3420.0,452.0,False,False
006208,2022-10-26 12:34:06.085462,0.0,-0.001777777777777767,0.0,-0.10000000000000142,56.15,56.2,56.2,56.25,175.0,3.0,3420.0,452.0,False,False
006208,2022-10-26 12:34:06.089173,0.0,-0.001777777777777767,0.0,-0.10000000000000142,56.15,56.2,56.2,56.25,175.0,3.0,3420.0,452.0,False,False
006208,2022-10-26 12:34:06.233519,0.0,-0.001777777777777767,0.0,-0.10000000000000142,56.15,56.2,56.2,56.25,175.0,3.0,3420.0,452.0,False,False
006208,2022-10-26 12:34:06.733750,0.0,-0.001777777777777767,0.0,-0.10000000000000142,56.15,56.2,56.2,56.25,175.0,3.0,3420.0,452.0,False,False
006208,2022-10-26 12:34:06.745523,0.0,-0.001777777777777767,0.0,-0.10000000000000142,56.15,56.2,56.2,56.25,175.0,3.0,3420.0,452.0,False,False
006208,2022-10-26 12:34:09.567144,0.0,-0.001777777777777767,0.0,-0.10000000000000142,56.15,56.2,56.2,56.25,175.0,3.0,3420.0,432.0,False,True
006208,2022-10-26 12:34:11.884864,0.0,-0.001777777777777767,0.0,-0.10000000000000142,56.15,56.2,56.2,56.25,175.0,3.0,3420.0,432.0,False,False
006208,2022-10-26 12:34:11.896997,0.0,-0.001777777777777767,0.0,-0.10000000000000142,56.15,56.2,56.2,56.25,175.0,3.0,3420.0,432.0,False,False
006208,2022-10-26 12:34:12.333843,0.0,-0.001777777777777767,0.0,-0.10000000000000142,56.15,56.2,56.2,56.25,175.0,3.0,3420.0,432.0,False,False
006208,2022-10-26 12:34:12.746105,0.0,-0.001777777777777767,0.0,-0.10000000000000142,56.15,56.2,56.2,56.25,175.0,3.0,3420.0,432.0,False,False
006208,2022-10-26 12:34:14.418339,0.0,-0.001777777777777767,0.0,-0.10000000000000142,56.15,56.2,56.2,56.25,175.0,3.0,3420.0,432.0,False,False
006208,2022-10-26 12:34:14.429332,0.0,-0.001777777777777767,0.0,-0.10000000000000142,56.15,56.2,56.2,56.25,175.0,3.0,3420.0,432.0,False,False
006208,2022-10-26 12:34:16.229328,0.0,-0.001777777777777767,0.0,-0.10000000000000142,56.15,56.2,56.2,56.25,175.0,3.0,3420.0,432.0,False,False
006208,2022-10-26 12:34:16.232063,0.0,-0.001777777777777767,0.0,-0.10000000000000142,56.15,56.2,56.2,56.25,175.0,3.0,3420.0,432.0,False,False
006208,2022-10-26 12:34:16.347549,0.0,-0.001777777777777767,0.0,-0.10000000000000142,56.15,56.2,56.2,56.25,175.0,3.0,3420.0,432.0,False,False
006208,2022-10-26 12:34:16.513999,0.0,-0.001777777777777767,0.0,-0.10000000000000142,56.15,56.2,56.2,56.25,175.0,3.0,3420.0,432.0,False,False
006208,2022-10-26 12:34:19.608419,0.0,-0.001777777777777767,0.0,-0.10000000000000142,56.15,56.2,56.2,56.25,175.0,3.0,3420.0,432.0,True,True
006208,2022-10-26 12:34:22.291863,0.0,-0.001777777777777767,0.0,-0.10000000000000142,56.15,56.2,56.2,56.25,175.0,3.0,3420.0,432.0,False,False
006208,2022-10-26 12:34:22.366329,0.0,-0.001777777777777767,0.0,-0.10000000000000142,56.15,56.2,56.2,56.25,175.0,3.0,3420.0,432.0,False,False
006208,2022-10-26 12:34:26.344895,0.0,-0.001777777777777767,0.0,-0.10000000000000142,56.15,56.2,56.2,56.25,175.0,3.0,3420.0,432.0,False,False
006208,2022-10-26 12:34:26.348158,0.0,-0.001777777777777767,0.0,-0.10000000000000142,56.15,56.2,56.2,56.25,175.0,3.0,3420.0,432.0,False,False
006208,2022-10-26 12:34:26.475977,0.0,-0.001777777777777767,0.0,-0.10000000000000142,56.15,56.2,56.2,56.25,175.0,3.0,3420.0,432.0,False,False
006208,2022-10-26 12:34:26.636638,0.0,-0.001777777777777767,0.0,-0.10000000000000142,56.15,56.2,56.2,56.25,175.0,3.0,3420.0,432.0,False,False
006208,2022-10-26 12:34:28.134736,0.0,-0.001777777777777767,0.0,-0.10000000000000142,56.15,56.2,56.2,56.25,175.0,3.0,3420.0,432.0,False,False
006208,2022-10-26 12:34:28.156134,0.0,-0.001777777777777767,0.0,-0.10000000000000142,56.15,56.2,56.2,56.25,175.0,3.0,3420.0,432.0,False,False
006208,2022-10-26 12:34:29.648570,0.0,-0.001777777777777767,0.0,-0.10000000000000142,56.15,56.2,56.2,56.25,175.0,3.0,3520.0,432.0,True,True
006208,2022-10-26 12:34:30.926880,0.0,-0.001777777777777767,0.0,-0.10000000000000142,56.15,56.2,56.2,56.25,175.0,3.0,3520.0,432.0,False,False
006208,2022-10-26 12:34:31.006236,0.0,-0.001777777777777767,0.0,-0.10000000000000142,56.15,56.2,56.2,56.25,75.0,3.0,3520.0,432.0,False,False
006208,2022-10-26 12:34:31.957106,0.0,-0.001777777777777767,0.0,-0.10000000000000142,56.15,56.2,56.2,56.25,75.0,3.0,3520.0,432.0,False,False
006208,2022-10-26 12:34:32.882580,0.0,-0.001777777777777767,0.0,-0.10000000000000142,56.15,56.2,56.2,56.25,75.0,3.0,3520.0,432.0,False,False
006208,2022-10-26 12:34:32.882689,0.0,-0.001777777777777767,0.0,-0.10000000000000142,56.15,56.2,56.2,56.25,75.0,3.0,3520.0,432.0,False,False
006208,2022-10-26 12:34:36.082978,0.0,-0.001777777777777767,0.0,-0.10000000000000142,56.15,56.2,56.2,56.25,75.0,3.0,3520.0,432.0,False,False
006208,2022-10-26 12:34:36.113686,0.0,-0.001777777777777767,0.0,-0.10000000000000142,56.15,56.2,56.2,56.25,75.0,3.0,3520.0,432.0,False,False
006208,2022-10-26 12:34:36.470260,0.0,-0.001777777777777767,0.0,-0.10000000000000142,56.15,56.2,56.2,56.25,75.0,3.0,3520.0,432.0,False,False
006208,2022-10-26 12:34:36.544672,0.0,-0.001777777777777767,0.0,-0.10000000000000142,56.15,56.2,56.2,56.25,75.0,3.0,3520.0,432.0,False,False
006208,2022-10-26 12:34:36.616145,0.0,-0.001777777777777767,0.0,-0.10000000000000142,56.15,56.2,56.2,56.25,75.0,3.0,3520.0,432.0,False,False
006208,2022-10-26 12:34:37.115242,0.0,-0.001777777777777767,0.0,-0.10000000000000142,56.15,56.2,56.2,56.25,175.0,3.0,3520.0,432.0,False,False
006208,2022-10-26 12:34:39.689720,0.0,-0.001777777777777767,0.0,-0.10000000000000142,56.15,56.2,56.2,56.25,175.0,3.0,3520.0,255.0,True,True
006208,2022-10-26 12:34:40.394875,0.0,-0.001777777777777767,0.0,-0.10000000000000142,56.15,56.2,56.2,56.25,175.0,3.0,3520.0,255.0,False,False
006208,2022-10-26 12:34:40.394979,0.0,-0.001777777777777767,0.0,-0.10000000000000142,56.15,56.2,56.2,56.25,175.0,3.0,3520.0,255.0,False,False
006208,2022-10-26 12:34:41.192270,0.0,-0.001777777777777767,0.0,-0.10000000000000142,56.15,56.2,56.2,56.25,175.0,3.0,3520.0,255.0,False,False
006208,2022-10-26 12:34:41.229031,0.0,-0.001777777777777767,0.0,-0.10000000000000142,56.15,56.2,56.2,56.25,75.0,3.0,3520.0,255.0,False,False
006208,2022-10-26 12:34:41.817360,0.0,-0.001777777777777767,0.0,-0.10000000000000142,56.15,56.2,56.2,56.25,75.0,3.0,3520.0,255.0,False,False
006208,2022-10-26 12:34:41.881275,0.0,-0.001777777777777767,0.0,-0.10000000000000142,56.15,56.2,56.2,56.25,75.0,3.0,3520.0,255.0,False,False
006208,2022-10-26 12:34:42.230450,0.0,-0.001777777777777767,0.0,-0.10000000000000142,56.15,56.2,56.2,56.25,75.0,3.0,3520.0,255.0,False,False
006208,2022-10-26 12:34:46.598048,0.0,-0.001777777777777767,0.0,-0.10000000000000142,56.15,56.2,56.2,56.25,75.0,3.0,3520.0,255.0,False,False
006208,2022-10-26 12:34:46.624100,0.0,-0.001777777777777767,0.0,-0.10000000000000142,56.15,56.2,56.2,56.25,75.0,3.0,3520.0,255.0,False,False
006208,2022-10-26 12:34:46.740195,0.0,-0.001777777777777767,0.0,-0.10000000000000142,56.15,56.2,56.2,56.25,75.0,3.0,3520.0,255.0,False,False
006208,2022-10-26 12:34:46.842937,0.0,-0.001777777777777767,0.0,-0.10000000000000142,56.15,56.2,56.2,56.25,75.0,3.0,3520.0,255.0,False,False
006208,2022-10-26 12:34:46.945385,0.0,-0.001777777777777767,0.0,-0.10000000000000142,56.15,56.2,56.2,56.25,75.0,3.0,3520.0,255.0,False,False
006208,2022-10-26 12:34:47.050156,0.0,-0.001777777777777767,0.0,-0.10000000000000142,56.15,56.2,56.2,56.25,75.0,3.0,3520.0,255.0,False,False
006208,2022-10-26 12:34:47.625639,0.0,-0.001777777777777767,0.0,-0.10000000000000142,56.15,56.2,56.2,56.25,175.0,3.0,3520.0,255.0,False,False
006208,2022-10-26 12:34:47.811410,0.0,-0.001777777777777767,0.0,-0.10000000000000142,56.15,56.2,56.2,56.25,175.0,3.0,3520.0,255.0,False,False
006208,2022-10-26 12:34:49.733985,0.0,-0.001777777777777767,0.0,-0.10000000000000142,56.15,56.2,56.2,56.25,175.0,3.0,3520.0,155.0,True,True
006208,2022-10-26 12:34:53.155726,0.0,-0.001777777777777767,0.0,-0.10000000000000142,56.15,56.2,56.2,56.25,175.0,3.0,3520.0,155.0,False,False
006208,2022-10-26 12:34:53.167195,0.0,-0.001777777777777767,0.0,-0.10000000000000142,56.15,56.2,56.2,56.25,175.0,3.0,3520.0,155.0,False,False
006208,2022-10-26 12:34:53.248702,0.0,-0.001777777777777767,0.0,-0.10000000000000142,56.15,56.2,56.2,56.25,175.0,3.0,3520.0,155.0,False,False
006208,2022-10-26 12:34:54.074637,0.0,-0.001777777777777767,0.0,-0.10000000000000142,56.15,56.2,56.2,56.25,175.0,3.0,3520.0,155.0,False,False
006208,2022-10-26 12:34:56.428795,0.0,-0.001777777777777767,0.0,-0.10000000000000142,56.15,56.2,56.2,56.25,175.0,3.0,3520.0,155.0,False,False
006208,2022-10-26 12:34:56.689261,0.0,-0.001777777777777767,0.0,-0.10000000000000142,56.15,56.2,56.2,56.25,175.0,3.0,3520.0,155.0,False,False
006208,2022-10-26 12:34:56.691603,0.0,-0.001777777777777767,0.0,-0.10000000000000142,56.15,56.2,56.2,56.25,175.0,3.0,3520.0,155.0,False,False
006208,2022-10-26 12:34:56.821659,0.0,-0.001777777777777767,0.0,-0.10000000000000142,56.15,56.2,56.2,56.25,175.0,3.0,3520.0,155.0,False,False
006208,2022-10-26 12:34:59.924920,0.0,-0.001777777777777767,0.0,-0.10000000000000142,56.15,56.2,56.2,56.25,175.0,3.0,3520.0,373.0,True,True
006208,2022-10-26 12:35:00.509777,0.0,-0.001777777777777767,0.0,-0.10000000000000142,56.15,56.2,56.2,56.25,175.0,3.0,3520.0,373.0,False,False
006208,2022-10-26 12:35:00.509983,0.0,-0.001777777777777767,0.0,-0.10000000000000142,56.15,56.2,56.2,56.25,175.0,3.0,3520.0,373.0,False,False
006208,2022-10-26 12:35:06.748804,0.0,-0.001777777777777767,0.0,-0.10000000000000142,56.15,56.2,56.2,56.25,175.0,3.0,3520.0,373.0,False,False
006208,2022-10-26 12:35:06.754124,0.0,-0.001777777777777767,0.0,-0.10000000000000142,56.15,56.2,56.2,56.25,175.0,3.0,3520.0,373.0,False,False
006208,2022-10-26 12:35:06.950697,-0.000888888888888828,-0.000888888888888828,-0.04999999999999716,-0.04999999999999716,56.2,56.25,56.2,56.25,7.0,181.0,3520.0,373.0,False,False
006208,2022-10-26 12:35:06.884387,0.0,-0.001777777777777767,0.0,-0.10000000000000142,56.15,56.2,56.2,56.25,175.0,3.0,3520.0,373.0,False,False
006208,2022-10-26 12:35:07.054392,-0.000888888888888828,-0.000888888888888828,-0.04999999999999716,-0.04999999999999716,56.2,56.25,56.2,56.25,7.0,181.0,3520.0,373.0,False,False
006208,2022-10-26 12:35:07.154557,-0.000888888888888828,-0.000888888888888828,-0.04999999999999716,-0.04999999999999716,56.2,56.25,56.2,56.25,7.0,141.0,3520.0,373.0,False,False
006208,2022-10-26 12:35:07.284813,-0.000888888888888828,-0.000888888888888828,-0.04999999999999716,-0.04999999999999716,56.2,56.25,56.2,56.25,7.0,141.0,3520.0,373.0,False,False
006208,2022-10-26 12:35:07.348853,-0.000888888888888828,-0.000888888888888828,-0.04999999999999716,-0.04999999999999716,56.2,56.25,56.2,56.25,7.0,141.0,3520.0,373.0,False,False
006208,2022-10-26 12:35:08.611147,-0.000888888888888828,-0.000888888888888828,-0.04999999999999716,-0.04999999999999716,56.2,56.25,56.2,56.25,7.0,141.0,3520.0,373.0,False,False
006208,2022-10-26 12:35:08.626952,-0.000888888888888828,-0.000888888888888828,-0.04999999999999716,-0.04999999999999716,56.2,56.25,56.2,56.25,7.0,191.0,3520.0,373.0,False,False
006208,2022-10-26 12:35:09.014651,-0.000888888888888828,-0.000888888888888828,-0.04999999999999716,-0.04999999999999716,56.2,56.25,56.2,56.25,7.0,191.0,3520.0,373.0,False,False
006208,2022-10-26 12:35:09.024525,-0.000888888888888828,-0.000888888888888828,-0.04999999999999716,-0.04999999999999716,56.2,56.25,56.2,56.25,7.0,191.0,3520.0,373.0,False,False
006208,2022-10-26 12:35:09.172839,-0.000888888888888828,-0.000888888888888828,-0.04999999999999716,-0.04999999999999716,56.2,56.25,56.2,56.25,7.0,191.0,3520.0,373.0,False,False
006208,2022-10-26 12:35:09.195474,-0.000888888888888828,-0.000888888888888828,-0.04999999999999716,-0.04999999999999716,56.2,56.25,56.2,56.25,7.0,191.0,3520.0,373.0,False,False
006208,2022-10-26 12:35:09.552057,-0.000888888888888828,-0.000888888888888828,-0.04999999999999716,-0.04999999999999716,56.2,56.25,56.2,56.25,7.0,191.0,3520.0,373.0,False,False
006208,2022-10-26 12:35:09.565877,-0.000888888888888828,-0.000888888888888828,-0.04999999999999716,-0.04999999999999716,56.2,56.25,56.2,56.25,7.0,191.0,3520.0,373.0,False,False
006208,2022-10-26 12:35:09.666420,-0.000888888888888828,-0.000888888888888828,-0.04999999999999716,-0.04999999999999716,56.2,56.25,56.2,56.25,7.0,191.0,3520.0,373.0,False,False
006208,2022-10-26 12:35:10.108724,-0.000888888888888828,-0.000888888888888828,-0.04999999999999716,-0.04999999999999716,56.2,56.25,56.2,56.25,7.0,191.0,3520.0,373.0,True,True
006208,2022-10-26 12:35:10.642851,-0.000888888888888828,-0.000888888888888828,-0.04999999999999716,-0.04999999999999716,56.2,56.25,56.2,56.25,7.0,141.0,3520.0,373.0,False,False
006208,2022-10-26 12:35:10.654026,-0.000888888888888828,-0.000888888888888828,-0.04999999999999716,-0.04999999999999716,56.2,56.25,56.2,56.25,7.0,141.0,3520.0,373.0,False,False
006208,2022-10-26 12:35:11.166963,-0.000888888888888828,-0.000888888888888828,-0.04999999999999716,-0.04999999999999716,56.2,56.25,56.2,56.25,7.0,141.0,3520.0,373.0,False,False
006208,2022-10-26 12:35:11.178800,-0.000888888888888828,-0.000888888888888828,-0.04999999999999716,-0.04999999999999716,56.2,56.25,56.2,56.25,7.0,191.0,3520.0,373.0,False,False
006208,2022-10-26 12:35:17.243654,-0.000888888888888828,-0.000888888888888828,-0.04999999999999716,-0.04999999999999716,56.2,56.25,56.2,56.25,7.0,191.0,3520.0,373.0,False,False
006208,2022-10-26 12:35:17.247473,-0.000888888888888828,-0.000888888888888828,-0.04999999999999716,-0.04999999999999716,56.2,56.25,56.2,56.25,7.0,191.0,3520.0,373.0,False,False
006208,2022-10-26 12:35:17.379964,-0.000888888888888828,-0.000888888888888828,-0.04999999999999716,-0.04999999999999716,56.2,56.25,56.2,56.25,7.0,191.0,3520.0,373.0,False,False
006208,2022-10-26 12:35:27.345828,-0.000888888888888828,-0.000888888888888828,-0.04999999999999716,-0.04999999999999716,56.2,56.25,56.2,56.25,7.0,191.0,3520.0,373.0,False,False
006208,2022-10-26 12:35:27.349616,-0.000888888888888828,-0.000888888888888828,-0.04999999999999716,-0.04999999999999716,56.2,56.25,56.2,56.25,7.0,191.0,3520.0,373.0,False,False
006208,2022-10-26 12:35:27.481049,-0.000888888888888828,-0.000888888888888828,-0.04999999999999716,-0.04999999999999716,56.2,56.25,56.2,56.25,7.0,191.0,3520.0,373.0,False,False
006208,2022-10-26 12:35:28.746127,-0.000888888888888828,-0.000888888888888828,-0.04999999999999716,-0.04999999999999716,56.2,56.25,56.2,56.25,7.0,191.0,3520.0,373.0,False,False
006208,2022-10-26 12:35:30.134128,-0.000888888888888828,-0.000888888888888828,-0.04999999999999716,-0.04999999999999716,56.2,56.25,56.2,56.25,7.0,191.0,3520.0,323.0,True,True
006208,2022-10-26 12:35:31.026929,-0.000888888888888828,-0.000888888888888828,-0.04999999999999716,-0.04999999999999716,56.2,56.25,56.2,56.25,7.0,191.0,3520.0,323.0,False,False
006208,2022-10-26 12:35:31.039275,-0.000888888888888828,-0.000888888888888828,-0.04999999999999716,-0.04999999999999716,56.2,56.25,56.2,56.25,7.0,141.0,3520.0,323.0,False,False
006208,2022-10-26 12:35:36.700887,-0.000888888888888828,-0.000888888888888828,-0.04999999999999716,-0.04999999999999716,56.2,56.25,56.2,56.25,7.0,141.0,3520.0,323.0,False,False
006208,2022-10-26 12:35:37.408197,-0.000888888888888828,-0.000888888888888828,-0.04999999999999716,-0.04999999999999716,56.2,56.25,56.2,56.25,7.0,141.0,3520.0,323.0,False,False
006208,2022-10-26 12:35:37.475264,-0.000888888888888828,-0.000888888888888828,-0.04999999999999716,-0.04999999999999716,56.2,56.25,56.2,56.25,7.0,141.0,3520.0,323.0,False,False
006208,2022-10-26 12:35:37.592577,-0.000888888888888828,-0.000888888888888828,-0.04999999999999716,-0.04999999999999716,56.2,56.25,56.2,56.25,7.0,141.0,3520.0,323.0,False,False
006208,2022-10-26 12:35:37.915830,-0.000888888888888828,-0.000888888888888828,-0.04999999999999716,-0.04999999999999716,56.2,56.25,56.2,56.25,7.0,141.0,3520.0,323.0,False,False
006208,2022-10-26 12:35:37.927640,-0.000888888888888828,-0.000888888888888828,-0.04999999999999716,-0.04999999999999716,56.2,56.25,56.2,56.25,7.0,191.0,3520.0,323.0,False,False
006208,2022-10-26 12:35:40.038132,-0.000888888888888828,-0.000888888888888828,-0.04999999999999716,-0.04999999999999716,56.2,56.25,56.2,56.25,7.0,141.0,3520.0,323.0,False,False
006208,2022-10-26 12:35:40.049878,-0.000888888888888828,-0.000888888888888828,-0.04999999999999716,-0.04999999999999716,56.2,56.25,56.2,56.25,7.0,141.0,3520.0,323.0,False,False
006208,2022-10-26 12:35:41.029265,-0.000888888888888828,-0.000888888888888828,-0.04999999999999716,-0.04999999999999716,56.2,56.25,56.2,56.25,7.0,141.0,3520.0,323.0,False,False
006208,2022-10-26 12:35:41.040602,-0.000888888888888828,-0.000888888888888828,-0.04999999999999716,-0.04999999999999716,56.2,56.25,56.2,56.25,7.0,191.0,3520.0,323.0,False,False
006208,2022-10-26 12:35:41.856089,-0.000888888888888828,-0.000888888888888828,-0.04999999999999716,-0.04999999999999716,56.2,56.25,56.2,56.25,7.0,184.0,3520.0,323.0,False,False
006208,2022-10-26 12:35:47.403300,-0.000888888888888828,-0.000888888888888828,-0.04999999999999716,-0.04999999999999716,56.2,56.25,56.2,56.25,7.0,184.0,3520.0,323.0,False,False
006208,2022-10-26 12:35:47.420875,-0.000888888888888828,-0.000888888888888828,-0.04999999999999716,-0.04999999999999716,56.2,56.25,56.2,56.25,7.0,134.0,3520.0,323.0,False,False
006208,2022-10-26 12:35:47.563503,-0.000888888888888828,-0.000888888888888828,-0.04999999999999716,-0.04999999999999716,56.2,56.25,56.2,56.25,7.0,134.0,3520.0,323.0,False,False
006208,2022-10-26 12:35:47.696005,-0.000888888888888828,-0.000888888888888828,-0.04999999999999716,-0.04999999999999716,56.2,56.25,56.2,56.25,7.0,134.0,3520.0,323.0,False,False
006208,2022-10-26 12:35:50.192977,-0.000888888888888828,-0.000888888888888828,-0.04999999999999716,-0.04999999999999716,56.2,56.25,56.2,56.25,7.0,134.0,3520.0,322.0,True,True
006208,2022-10-26 12:35:55.920201,-0.000888888888888828,-0.001777777777777767,-0.04999999999999716,-0.10000000000000142,56.15,56.25,56.2,56.25,250.0,134.0,3520.0,322.0,False,False
006208,2022-10-26 12:35:55.991816,-0.000888888888888828,-0.001777777777777767,-0.04999999999999716,-0.10000000000000142,56.15,56.25,56.2,56.25,210.0,134.0,3520.0,322.0,False,False
006208,2022-10-26 12:35:56.121230,-0.000888888888888828,-0.001777777777777767,-0.04999999999999716,-0.10000000000000142,56.15,56.25,56.2,56.25,210.0,134.0,3520.0,322.0,False,False
006208,2022-10-26 12:35:56.148689,-0.000888888888888828,-0.001777777777777767,-0.04999999999999716,-0.10000000000000142,56.15,56.25,56.2,56.25,210.0,134.0,3520.0,322.0,False,False
006208,2022-10-26 12:35:57.595512,-0.000888888888888828,-0.001777777777777767,-0.04999999999999716,-0.10000000000000142,56.15,56.25,56.2,56.25,210.0,134.0,3520.0,322.0,False,False
006208,2022-10-26 12:35:57.718026,-0.000888888888888828,-0.001777777777777767,-0.04999999999999716,-0.10000000000000142,56.15,56.25,56.2,56.25,210.0,134.0,3520.0,322.0,False,False
006208,2022-10-26 12:35:57.729888,-0.000888888888888828,-0.001777777777777767,-0.04999999999999716,-0.10000000000000142,56.15,56.25,56.2,56.25,210.0,134.0,3520.0,322.0,False,False
006208,2022-10-26 12:35:57.809440,-0.000888888888888828,-0.001777777777777767,-0.04999999999999716,-0.10000000000000142,56.15,56.25,56.2,56.25,210.0,168.0,3520.0,322.0,False,False
006208,2022-10-26 12:35:57.953411,-0.000888888888888828,-0.001777777777777767,-0.04999999999999716,-0.10000000000000142,56.15,56.25,56.2,56.25,176.0,168.0,3520.0,322.0,False,False
006208,2022-10-26 12:35:58.051660,-0.000888888888888828,-0.001777777777777767,-0.04999999999999716,-0.10000000000000142,56.15,56.25,56.2,56.25,176.0,168.0,3520.0,322.0,False,False
006208,2022-10-26 12:35:58.362287,-0.000888888888888828,-0.001777777777777767,-0.04999999999999716,-0.10000000000000142,56.15,56.25,56.2,56.25,176.0,168.0,3520.0,322.0,False,False
006208,2022-10-26 12:35:58.362395,-0.000888888888888828,-0.001777777777777767,-0.04999999999999716,-0.10000000000000142,56.15,56.25,56.2,56.25,176.0,168.0,3520.0,322.0,False,False
006208,2022-10-26 12:35:58.446040,-0.000888888888888828,-0.001777777777777767,-0.04999999999999716,-0.10000000000000142,56.15,56.25,56.2,56.25,176.0,168.0,3520.0,322.0,False,False
006208,2022-10-26 12:35:59.156862,-0.000888888888888828,-0.001777777777777767,-0.04999999999999716,-0.10000000000000142,56.15,56.25,56.2,56.25,176.0,168.0,3520.0,322.0,False,False
006208,2022-10-26 12:35:59.217958,-0.000888888888888828,-0.001777777777777767,-0.04999999999999716,-0.10000000000000142,56.15,56.25,56.2,56.25,176.0,168.0,3520.0,322.0,False,False
006208,2022-10-26 12:35:59.299947,-0.000888888888888828,-0.001777777777777767,-0.04999999999999716,-0.10000000000000142,56.15,56.25,56.2,56.25,176.0,168.0,3520.0,322.0,False,False
006208,2022-10-26 12:36:00.898517,-0.000888888888888828,-0.001777777777777767,-0.04999999999999716,-0.10000000000000142,56.15,56.25,56.2,56.25,176.0,168.0,3520.0,322.0,False,False
006208,2022-10-26 12:36:00.940734,-0.000888888888888828,-0.001777777777777767,-0.04999999999999716,-0.10000000000000142,56.15,56.25,56.2,56.25,76.0,134.0,3520.0,322.0,False,False
006208,2022-10-26 12:36:01.113138,-0.000888888888888828,-0.001777777777777767,-0.04999999999999716,-0.10000000000000142,56.15,56.25,56.2,56.25,76.0,134.0,3520.0,322.0,False,False
006208,2022-10-26 12:36:01.919720,-0.000888888888888828,-0.001777777777777767,-0.04999999999999716,-0.10000000000000142,56.15,56.25,56.2,56.25,76.0,234.0,3520.0,322.0,False,False
006208,2022-10-26 12:36:02.060045,-0.000888888888888828,-0.001777777777777767,-0.04999999999999716,-0.10000000000000142,56.15,56.25,56.2,56.25,76.0,234.0,3520.0,322.0,False,False
006208,2022-10-26 12:36:02.060376,-0.000888888888888828,-0.001777777777777767,-0.04999999999999716,-0.10000000000000142,56.15,56.25,56.2,56.25,76.0,309.0,3520.0,322.0,False,False
006208,2022-10-26 12:36:02.145812,-0.000888888888888828,-0.001777777777777767,-0.04999999999999716,-0.10000000000000142,56.15,56.25,56.2,56.25,76.0,309.0,3520.0,322.0,False,False
006208,2022-10-26 12:36:03.134859,-0.000888888888888828,-0.001777777777777767,-0.04999999999999716,-0.10000000000000142,56.15,56.25,56.2,56.25,76.0,309.0,3520.0,322.0,False,False
006208,2022-10-26 12:36:03.158844,-0.000888888888888828,-0.001777777777777767,-0.04999999999999716,-0.10000000000000142,56.15,56.25,56.2,56.25,76.0,309.0,3520.0,322.0,False,False
006208,2022-10-26 12:36:05.963917,-0.000888888888888828,-0.001777777777777767,-0.04999999999999716,-0.10000000000000142,56.15,56.25,56.2,56.25,76.0,309.0,3520.0,322.0,False,False
006208,2022-10-26 12:36:06.032628,-0.000888888888888828,-0.001777777777777767,-0.04999999999999716,-0.10000000000000142,56.15,56.25,56.2,56.25,76.0,309.0,3520.0,322.0,False,False
006208,2022-10-26 12:36:06.107590,-0.000888888888888828,-0.001777777777777767,-0.04999999999999716,-0.10000000000000142,56.15,56.25,56.2,56.25,76.0,309.0,3520.0,322.0,False,False
006208,2022-10-26 12:36:06.239759,-0.000888888888888828,-0.001777777777777767,-0.04999999999999716,-0.10000000000000142,56.15,56.25,56.2,56.25,76.0,309.0,3520.0,322.0,False,False
006208,2022-10-26 12:36:06.246092,-0.000888888888888828,-0.001777777777777767,-0.04999999999999716,-0.10000000000000142,56.15,56.25,56.2,56.25,76.0,309.0,3520.0,322.0,False,False
006208,2022-10-26 12:36:08.507705,-0.000888888888888828,-0.001777777777777767,-0.04999999999999716,-0.10000000000000142,56.15,56.25,56.2,56.25,76.0,309.0,3520.0,322.0,False,False
006208,2022-10-26 12:36:08.597626,-0.000888888888888828,-0.001777777777777767,-0.04999999999999716,-0.10000000000000142,56.15,56.25,56.2,56.25,76.0,309.0,3520.0,322.0,False,False
006208,2022-10-26 12:36:08.609588,-0.000888888888888828,-0.001777777777777767,-0.04999999999999716,-0.10000000000000142,56.15,56.25,56.2,56.25,76.0,343.0,3520.0,322.0,False,False
006208,2022-10-26 12:36:10.252610,-0.000888888888888828,-0.001777777777777767,-0.04999999999999716,-0.10000000000000142,56.15,56.25,56.2,56.25,76.0,343.0,3620.0,372.0,True,True
006208,2022-10-26 12:36:10.949216,-0.000888888888888828,-0.001777777777777767,-0.04999999999999716,-0.10000000000000142,56.15,56.25,56.2,56.25,76.0,343.0,3620.0,372.0,False,False
006208,2022-10-26 12:36:10.949292,-0.000888888888888828,-0.001777777777777767,-0.04999999999999716,-0.10000000000000142,56.15,56.25,56.2,56.25,76.0,343.0,3620.0,372.0,False,False
006208,2022-10-26 12:36:12.871882,-0.000888888888888828,-0.001777777777777767,-0.04999999999999716,-0.10000000000000142,56.15,56.25,56.2,56.25,76.0,343.0,3620.0,372.0,False,False
006208,2022-10-26 12:36:12.872164,-0.000888888888888828,-0.001777777777777767,-0.04999999999999716,-0.10000000000000142,56.15,56.25,56.2,56.25,76.0,343.0,3620.0,372.0,False,False
006208,2022-10-26 12:36:12.883045,-0.000888888888888828,-0.001777777777777767,-0.04999999999999716,-0.10000000000000142,56.15,56.25,56.2,56.25,76.0,393.0,3620.0,372.0,False,False
006208,2022-10-26 12:36:13.201368,-0.000888888888888828,-0.001777777777777767,-0.04999999999999716,-0.10000000000000142,56.15,56.25,56.2,56.25,76.0,393.0,3620.0,372.0,False,False
006208,2022-10-26 12:36:13.201455,-0.000888888888888828,-0.001777777777777767,-0.04999999999999716,-0.10000000000000142,56.15,56.25,56.2,56.25,76.0,393.0,3620.0,372.0,False,False
006208,2022-10-26 12:36:15.143675,-0.000888888888888828,-0.001777777777777767,-0.04999999999999716,-0.10000000000000142,56.15,56.25,56.2,56.25,1.0,393.0,3620.0,372.0,False,False
006208,2022-10-26 12:36:15.143824,-0.000888888888888828,-0.001777777777777767,-0.04999999999999716,-0.10000000000000142,56.15,56.25,56.2,56.25,1.0,393.0,3620.0,372.0,False,False
006208,2022-10-26 12:36:16.224126,-0.000888888888888828,-0.001777777777777767,-0.04999999999999716,-0.10000000000000142,56.15,56.25,56.2,56.25,1.0,393.0,3620.0,372.0,False,False
006208,2022-10-26 12:36:16.227805,-0.000888888888888828,-0.001777777777777767,-0.04999999999999716,-0.10000000000000142,56.15,56.25,56.2,56.25,1.0,393.0,3620.0,372.0,False,False
006208,2022-10-26 12:36:16.355413,-0.000888888888888828,-0.001777777777777767,-0.04999999999999716,-0.10000000000000142,56.15,56.25,56.2,56.25,1.0,393.0,3620.0,372.0,False,False
006208,2022-10-26 12:36:16.358169,-0.000888888888888828,-0.001777777777777767,-0.04999999999999716,-0.10000000000000142,56.15,56.25,56.2,56.25,1.0,393.0,3620.0,372.0,False,False
006208,2022-10-26 12:36:20.280867,-0.000888888888888828,-0.001777777777777767,-0.04999999999999716,-0.10000000000000142,56.15,56.25,56.2,56.25,1.0,393.0,3620.0,265.0,True,True
006208,2022-10-26 12:36:23.099987,-0.000888888888888828,-0.001777777777777767,-0.04999999999999716,-0.10000000000000142,56.15,56.25,56.2,56.25,1.0,343.0,3620.0,265.0,False,False
006208,2022-10-26 12:36:23.111532,-0.000888888888888828,-0.001777777777777767,-0.04999999999999716,-0.10000000000000142,56.15,56.25,56.2,56.25,1.0,343.0,3620.0,265.0,False,False
006208,2022-10-26 12:36:24.034810,-0.000888888888888828,-0.001777777777777767,-0.04999999999999716,-0.10000000000000142,56.15,56.25,56.2,56.25,1.0,343.0,3620.0,265.0,False,False
006208,2022-10-26 12:36:24.034951,-0.000888888888888828,-0.001777777777777767,-0.04999999999999716,-0.10000000000000142,56.15,56.25,56.2,56.25,1.0,343.0,3620.0,265.0,False,False
006208,2022-10-26 12:36:25.085132,-0.000888888888888828,-0.001777777777777767,-0.04999999999999716,-0.10000000000000142,56.15,56.25,56.2,56.25,1.0,343.0,3620.0,265.0,False,False
006208,2022-10-26 12:36:25.085250,-0.000888888888888828,-0.001777777777777767,-0.04999999999999716,-0.10000000000000142,56.15,56.25,56.2,56.25,1.0,343.0,3620.0,265.0,False,False
006208,2022-10-26 12:36:25.274646,-0.000888888888888828,-0.002666666666666595,-0.04999999999999716,-0.14999999999999858,56.1,56.25,56.2,56.25,367.0,343.0,3620.0,265.0,False,False
006208,2022-10-26 12:36:25.328736,-0.000888888888888828,-0.002666666666666595,-0.04999999999999716,-0.14999999999999858,56.1,56.25,56.2,56.25,327.0,343.0,3620.0,265.0,False,False
006208,2022-10-26 12:36:25.463836,-0.000888888888888828,-0.002666666666666595,-0.04999999999999716,-0.14999999999999858,56.1,56.25,56.2,56.25,327.0,343.0,3620.0,265.0,False,False
006208,2022-10-26 12:36:27.472861,-0.000888888888888828,-0.002666666666666595,-0.04999999999999716,-0.14999999999999858,56.1,56.25,56.2,56.25,293.0,343.0,3620.0,265.0,False,False
006208,2022-10-26 12:36:27.476071,-0.000888888888888828,-0.002666666666666595,-0.04999999999999716,-0.14999999999999858,56.1,56.25,56.2,56.25,293.0,309.0,3620.0,265.0,False,False
006208,2022-10-26 12:36:27.487869,-0.000888888888888828,-0.002666666666666595,-0.04999999999999716,-0.14999999999999858,56.1,56.25,56.2,56.25,293.0,309.0,3620.0,265.0,False,False
006208,2022-10-26 12:36:28.700291,-0.000888888888888828,-0.002666666666666595,-0.04999999999999716,-0.14999999999999858,56.1,56.25,56.2,56.25,293.0,309.0,3620.0,265.0,False,False
006208,2022-10-26 12:36:28.710101,-0.000888888888888828,-0.002666666666666595,-0.04999999999999716,-0.14999999999999858,56.1,56.25,56.2,56.25,293.0,309.0,3620.0,265.0,False,False
006208,2022-10-26 12:36:28.839178,-0.000888888888888828,-0.002666666666666595,-0.04999999999999716,-0.14999999999999858,56.1,56.25,56.2,56.25,293.0,309.0,3620.0,265.0,False,False
006208,2022-10-26 12:36:28.863594,-0.000888888888888828,-0.002666666666666595,-0.04999999999999716,-0.14999999999999858,56.1,56.25,56.2,56.25,293.0,309.0,3620.0,265.0,False,False
006208,2022-10-26 12:36:29.930979,-0.000888888888888828,-0.002666666666666595,-0.04999999999999716,-0.14999999999999858,56.1,56.25,56.2,56.25,293.0,309.0,3620.0,265.0,False,False
006208,2022-10-26 12:36:29.956813,-0.000888888888888828,-0.002666666666666595,-0.04999999999999716,-0.14999999999999858,56.1,56.25,56.2,56.25,293.0,343.0,3620.0,265.0,False,False
006208,2022-10-26 12:36:35.336781,-0.000888888888888828,-0.002666666666666595,-0.04999999999999716,-0.14999999999999858,56.1,56.25,56.2,56.25,293.0,343.0,3620.0,265.0,False,False
006208,2022-10-26 12:36:35.444362,-0.000888888888888828,-0.002666666666666595,-0.04999999999999716,-0.14999999999999858,56.1,56.25,56.2,56.25,293.0,343.0,3620.0,265.0,False,False
006208,2022-10-26 12:36:35.448030,-0.000888888888888828,-0.002666666666666595,-0.04999999999999716,-0.14999999999999858,56.1,56.25,56.2,56.25,293.0,343.0,3620.0,265.0,False,False
006208,2022-10-26 12:36:35.582112,-0.000888888888888828,-0.002666666666666595,-0.04999999999999716,-0.14999999999999858,56.1,56.25,56.2,56.25,293.0,343.0,3620.0,265.0,False,False
006208,2022-10-26 12:36:40.359516,-0.000888888888888828,-0.002666666666666595,-0.04999999999999716,-0.14999999999999858,56.1,56.25,56.2,56.25,293.0,343.0,3520.0,265.0,True,True
006208,2022-10-26 12:36:40.967581,-0.000888888888888828,-0.002666666666666595,-0.04999999999999716,-0.14999999999999858,56.1,56.25,56.2,56.25,293.0,342.0,3520.0,265.0,False,False
006208,2022-10-26 12:36:41.389559,-0.000888888888888828,-0.002666666666666595,-0.04999999999999716,-0.14999999999999858,56.1,56.25,56.2,56.25,293.0,342.0,3520.0,265.0,False,False
006208,2022-10-26 12:36:41.389734,-0.000888888888888828,-0.002666666666666595,-0.04999999999999716,-0.14999999999999858,56.1,56.25,56.2,56.25,293.0,342.0,3520.0,265.0,False,False
006208,2022-10-26 12:36:41.565531,-0.000888888888888828,-0.002666666666666595,-0.04999999999999716,-0.14999999999999858,56.1,56.25,56.2,56.25,293.0,342.0,3520.0,265.0,False,False
006208,2022-10-26 12:36:42.014101,-0.000888888888888828,-0.002666666666666595,-0.04999999999999716,-0.14999999999999858,56.1,56.25,56.2,56.25,243.0,342.0,3520.0,265.0,False,False
006208,2022-10-26 12:36:42.025033,-0.000888888888888828,-0.002666666666666595,-0.04999999999999716,-0.14999999999999858,56.1,56.25,56.2,56.25,243.0,392.0,3520.0,265.0,False,False
006208,2022-10-26 12:36:43.333826,-0.000888888888888828,-0.002666666666666595,-0.04999999999999716,-0.14999999999999858,56.1,56.25,56.2,56.25,243.0,392.0,3520.0,265.0,False,False
006208,2022-10-26 12:36:43.338515,-0.000888888888888828,-0.002666666666666595,-0.04999999999999716,-0.14999999999999858,56.1,56.25,56.2,56.25,293.0,392.0,3520.0,265.0,False,False
006208,2022-10-26 12:36:45.077947,-0.000888888888888828,-0.002666666666666595,-0.04999999999999716,-0.14999999999999858,56.1,56.25,56.2,56.25,293.0,392.0,3520.0,265.0,False,False
006208,2022-10-26 12:36:45.078029,-0.000888888888888828,-0.002666666666666595,-0.04999999999999716,-0.14999999999999858,56.1,56.25,56.2,56.25,293.0,392.0,3520.0,265.0,False,False
006208,2022-10-26 12:36:45.564115,-0.000888888888888828,-0.002666666666666595,-0.04999999999999716,-0.14999999999999858,56.1,56.25,56.2,56.25,293.0,392.0,3520.0,265.0,False,False
006208,2022-10-26 12:36:45.568896,-0.000888888888888828,-0.002666666666666595,-0.04999999999999716,-0.14999999999999858,56.1,56.25,56.2,56.25,293.0,392.0,3520.0,265.0,False,False
006208,2022-10-26 12:36:45.703580,-0.000888888888888828,-0.002666666666666595,-0.04999999999999716,-0.14999999999999858,56.1,56.25,56.2,56.25,293.0,392.0,3520.0,265.0,False,False
006208,2022-10-26 12:36:46.146106,-0.000888888888888828,-0.000888888888888828,-0.04999999999999716,-0.04999999999999716,56.2,56.25,56.2,56.25,1.0,392.0,3520.0,265.0,False,False
006208,2022-10-26 12:36:46.167421,-0.000888888888888828,-0.002666666666666595,-0.04999999999999716,-0.14999999999999858,56.1,56.25,56.2,56.25,293.0,392.0,3520.0,265.0,False,False
006208,2022-10-26 12:36:46.190420,-0.000888888888888828,-0.002666666666666595,-0.04999999999999716,-0.14999999999999858,56.1,56.25,56.2,56.25,293.0,392.0,3520.0,265.0,False,False
006208,2022-10-26 12:36:47.158856,-0.000888888888888828,-0.002666666666666595,-0.04999999999999716,-0.14999999999999858,56.1,56.25,56.2,56.25,294.0,392.0,3520.0,265.0,False,False
006208,2022-10-26 12:36:51.161362,-0.000888888888888828,-0.002666666666666595,-0.04999999999999716,-0.14999999999999858,56.1,56.25,56.2,56.25,295.0,392.0,3520.0,265.0,False,False
006208,2022-10-26 12:36:55.682026,-0.000888888888888828,-0.002666666666666595,-0.04999999999999716,-0.14999999999999858,56.1,56.25,56.2,56.25,295.0,392.0,3520.0,265.0,False,False
006208,2022-10-26 12:36:55.695875,-0.000888888888888828,-0.002666666666666595,-0.04999999999999716,-0.14999999999999858,56.1,56.25,56.2,56.25,295.0,392.0,3520.0,265.0,False,False
006208,2022-10-26 12:36:55.816634,-0.000888888888888828,-0.002666666666666595,-0.04999999999999716,-0.14999999999999858,56.1,56.25,56.2,56.25,295.0,392.0,3520.0,265.0,False,False
006208,2022-10-26 12:36:58.009388,-0.000888888888888828,-0.002666666666666595,-0.04999999999999716,-0.14999999999999858,56.1,56.25,56.2,56.25,220.0,392.0,3520.0,265.0,False,False
006208,2022-10-26 12:36:58.075504,-0.000888888888888828,-0.001777777777777767,-0.04999999999999716,-0.10000000000000142,56.15,56.25,56.2,56.25,75.0,392.0,3520.0,265.0,False,False
006208,2022-10-26 12:36:58.171517,-0.000888888888888828,-0.001777777777777767,-0.04999999999999716,-0.10000000000000142,56.15,56.25,56.2,56.25,75.0,392.0,3520.0,265.0,False,False
006208,2022-10-26 12:36:58.248987,-0.000888888888888828,-0.001777777777777767,-0.04999999999999716,-0.10000000000000142,56.15,56.25,56.2,56.25,75.0,392.0,3520.0,265.0,False,False
006208,2022-10-26 12:37:01.248109,-0.000888888888888828,-0.001777777777777767,-0.04999999999999716,-0.10000000000000142,56.15,56.25,56.2,56.25,75.0,392.0,3520.0,265.0,False,False
006208,2022-10-26 12:37:01.424891,-0.000888888888888828,-0.001777777777777767,-0.04999999999999716,-0.10000000000000142,56.15,56.25,56.2,56.25,75.0,392.0,3520.0,265.0,False,False
006208,2022-10-26 12:37:01.425009,-0.000888888888888828,-0.001777777777777767,-0.04999999999999716,-0.10000000000000142,56.15,56.25,56.2,56.25,75.0,392.0,3520.0,265.0,False,False
006208,2022-10-26 12:37:01.567030,-0.000888888888888828,-0.001777777777777767,-0.04999999999999716,-0.10000000000000142,56.15,56.25,56.2,56.25,75.0,392.0,3520.0,265.0,False,False
006208,2022-10-26 12:37:01.881331,-0.000888888888888828,-0.001777777777777767,-0.04999999999999716,-0.10000000000000142,56.15,56.25,56.2,56.25,75.0,392.0,3520.0,265.0,False,False
006208,2022-10-26 12:37:01.888896,-0.000888888888888828,-0.001777777777777767,-0.04999999999999716,-0.10000000000000142,56.15,56.25,56.2,56.25,75.0,392.0,3520.0,265.0,False,False
006208,2022-10-26 12:37:02.049939,-0.000888888888888828,-0.001777777777777767,-0.04999999999999716,-0.10000000000000142,56.15,56.25,56.2,56.25,75.0,392.0,3520.0,265.0,False,False
006208,2022-10-26 12:37:02.178559,-0.000888888888888828,-0.001777777777777767,-0.04999999999999716,-0.10000000000000142,56.15,56.25,56.2,56.25,75.0,392.0,3520.0,265.0,False,False
006208,2022-10-26 12:37:02.515404,-0.000888888888888828,-0.001777777777777767,-0.04999999999999716,-0.10000000000000142,56.15,56.25,56.2,56.25,75.0,392.0,3520.0,265.0,False,False
006208,2022-10-26 12:37:02.515474,-0.000888888888888828,-0.001777777777777767,-0.04999999999999716,-0.10000000000000142,56.15,56.25,56.2,56.25,75.0,392.0,3520.0,265.0,False,False
006208,2022-10-26 12:37:02.673954,-0.000888888888888828,-0.001777777777777767,-0.04999999999999716,-0.10000000000000142,56.15,56.25,56.2,56.25,75.0,392.0,3520.0,265.0,False,False
006208,2022-10-26 12:37:02.842062,-0.000888888888888828,-0.001777777777777767,-0.04999999999999716,-0.10000000000000142,56.15,56.25,56.2,56.25,75.0,392.0,3520.0,265.0,False,False
006208,2022-10-26 12:37:02.842137,-0.000888888888888828,-0.001777777777777767,-0.04999999999999716,-0.10000000000000142,56.15,56.25,56.2,56.25,75.0,392.0,3520.0,265.0,False,False
006208,2022-10-26 12:37:05.494640,-0.000888888888888828,-0.001777777777777767,-0.04999999999999716,-0.10000000000000142,56.15,56.25,56.2,56.25,75.0,392.0,3520.0,265.0,False,False
006208,2022-10-26 12:37:05.494782,-0.000888888888888828,-0.001777777777777767,-0.04999999999999716,-0.10000000000000142,56.15,56.25,56.2,56.25,75.0,392.0,3520.0,265.0,False,False
006208,2022-10-26 12:37:08.234725,-0.000888888888888828,-0.001777777777777767,-0.04999999999999716,-0.10000000000000142,56.15,56.25,56.2,56.25,75.0,392.0,3520.0,265.0,False,False
006208,2022-10-26 12:37:08.237409,-0.000888888888888828,-0.001777777777777767,-0.04999999999999716,-0.10000000000000142,56.15,56.25,56.2,56.25,75.0,392.0,3520.0,265.0,False,False
006208,2022-10-26 12:37:08.371718,-0.000888888888888828,-0.001777777777777767,-0.04999999999999716,-0.10000000000000142,56.15,56.25,56.2,56.25,75.0,392.0,3520.0,265.0,False,False
006208,2022-10-26 12:37:09.658938,-0.000888888888888828,-0.001777777777777767,-0.04999999999999716,-0.10000000000000142,56.15,56.25,56.2,56.25,75.0,392.0,3700.0,265.0,False,True
006208,2022-10-26 12:37:09.749867,-0.000888888888888828,-0.001777777777777767,-0.04999999999999716,-0.10000000000000142,56.15,56.25,56.2,56.25,75.0,392.0,3700.0,265.0,False,False
006208,2022-10-26 12:37:09.749947,-0.000888888888888828,-0.001777777777777767,-0.04999999999999716,-0.10000000000000142,56.15,56.25,56.2,56.25,75.0,392.0,3700.0,265.0,False,False
006208,2022-10-26 12:37:18.354669,-0.000888888888888828,-0.001777777777777767,-0.04999999999999716,-0.10000000000000142,56.15,56.25,56.2,56.25,75.0,392.0,3700.0,265.0,False,False
006208,2022-10-26 12:37:18.379563,-0.000888888888888828,-0.001777777777777767,-0.04999999999999716,-0.10000000000000142,56.15,56.25,56.2,56.25,75.0,292.0,3700.0,265.0,False,False
006208,2022-10-26 12:37:18.488035,-0.000888888888888828,-0.001777777777777767,-0.04999999999999716,-0.10000000000000142,56.15,56.25,56.2,56.25,75.0,292.0,3700.0,265.0,False,False
006208,2022-10-26 12:37:19.138195,-0.000888888888888828,-0.001777777777777767,-0.04999999999999716,-0.10000000000000142,56.15,56.25,56.2,56.25,75.0,292.0,3700.0,265.0,False,False
006208,2022-10-26 12:37:19.138427,-0.000888888888888828,-0.001777777777777767,-0.04999999999999716,-0.10000000000000142,56.15,56.25,56.2,56.25,75.0,292.0,3700.0,265.0,False,False
006208,2022-10-26 12:37:19.379680,-0.000888888888888828,-0.001777777777777767,-0.04999999999999716,-0.10000000000000142,56.15,56.25,56.2,56.25,175.0,292.0,3700.0,265.0,False,False
006208,2022-10-26 12:37:19.689851,-0.000888888888888828,-0.001777777777777767,-0.04999999999999716,-0.10000000000000142,56.15,56.25,56.2,56.25,175.0,292.0,3724.0,115.0,True,True
006208,2022-10-26 12:37:21.401899,-0.000888888888888828,-0.001777777777777767,-0.04999999999999716,-0.10000000000000142,56.15,56.25,56.2,56.25,175.0,292.0,3724.0,115.0,False,False
006208,2022-10-26 12:37:21.401989,-0.000888888888888828,-0.001777777777777767,-0.04999999999999716,-0.10000000000000142,56.15,56.25,56.2,56.25,175.0,292.0,3724.0,115.0,False,False
006208,2022-10-26 12:37:24.248118,-0.000888888888888828,-0.001777777777777767,-0.04999999999999716,-0.10000000000000142,56.15,56.25,56.2,56.25,175.0,292.0,3724.0,115.0,False,False
006208,2022-10-26 12:37:28.471360,-0.000888888888888828,-0.001777777777777767,-0.04999999999999716,-0.10000000000000142,56.15,56.25,56.2,56.25,175.0,292.0,3724.0,115.0,False,False
006208,2022-10-26 12:37:28.474267,-0.000888888888888828,-0.001777777777777767,-0.04999999999999716,-0.10000000000000142,56.15,56.25,56.2,56.25,175.0,292.0,3724.0,115.0,False,False
006208,2022-10-26 12:37:28.617693,-0.000888888888888828,-0.001777777777777767,-0.04999999999999716,-0.10000000000000142,56.15,56.25,56.2,56.25,175.0,292.0,3724.0,115.0,False,False
006208,2022-10-26 12:37:29.732785,-0.000888888888888828,-0.001777777777777767,-0.04999999999999716,-0.10000000000000142,56.15,56.25,56.2,56.25,175.0,292.0,3744.0,115.0,True,True
006208,2022-10-26 12:37:33.545387,-0.000888888888888828,-0.001777777777777767,-0.04999999999999716,-0.10000000000000142,56.15,56.25,56.2,56.25,175.0,292.0,3744.0,115.0,False,False
006208,2022-10-26 12:37:33.545570,-0.000888888888888828,-0.001777777777777767,-0.04999999999999716,-0.10000000000000142,56.15,56.25,56.2,56.25,175.0,292.0,3744.0,115.0,False,False
006208,2022-10-26 12:37:33.982247,-0.000888888888888828,-0.001777777777777767,-0.04999999999999716,-0.10000000000000142,56.15,56.25,56.2,56.25,175.0,292.0,3744.0,115.0,False,False
006208,2022-10-26 12:37:33.982444,-0.000888888888888828,-0.001777777777777767,-0.04999999999999716,-0.10000000000000142,56.15,56.25,56.2,56.25,175.0,292.0,3744.0,115.0,False,False
006208,2022-10-26 12:37:34.388952,-0.000888888888888828,-0.001777777777777767,-0.04999999999999716,-0.10000000000000142,56.15,56.25,56.2,56.25,175.0,292.0,3744.0,115.0,False,False
006208,2022-10-26 12:37:34.423043,-0.000888888888888828,-0.001777777777777767,-0.04999999999999716,-0.10000000000000142,56.15,56.25,56.2,56.25,75.0,292.0,3744.0,115.0,False,False
006208,2022-10-26 12:37:35.422959,-0.000888888888888828,-0.001777777777777767,-0.04999999999999716,-0.10000000000000142,56.15,56.25,56.2,56.25,75.0,392.0,3744.0,115.0,False,False
006208,2022-10-26 12:37:36.157851,-0.000888888888888828,-0.001777777777777767,-0.04999999999999716,-0.10000000000000142,56.15,56.25,56.2,56.25,75.0,392.0,3744.0,115.0,False,False
006208,2022-10-26 12:37:36.157950,-0.000888888888888828,-0.001777777777777767,-0.04999999999999716,-0.10000000000000142,56.15,56.25,56.2,56.25,75.0,392.0,3744.0,115.0,False,False
006208,2022-10-26 12:37:37.765825,-0.000888888888888828,-0.001777777777777767,-0.04999999999999716,-0.10000000000000142,56.15,56.25,56.2,56.25,75.0,392.0,3744.0,115.0,False,False
006208,2022-10-26 12:37:37.781607,-0.000888888888888828,-0.001777777777777767,-0.04999999999999716,-0.10000000000000142,56.15,56.25,56.2,56.25,75.0,342.0,3744.0,115.0,False,False
006208,2022-10-26 12:37:37.861193,-0.000888888888888828,-0.001777777777777767,-0.04999999999999716,-0.10000000000000142,56.15,56.25,56.2,56.25,75.0,342.0,3744.0,115.0,False,False
006208,2022-10-26 12:37:38.354304,-0.000888888888888828,-0.001777777777777767,-0.04999999999999716,-0.10000000000000142,56.15,56.25,56.2,56.25,75.0,342.0,3744.0,115.0,False,False
006208,2022-10-26 12:37:38.366206,-0.000888888888888828,-0.001777777777777767,-0.04999999999999716,-0.10000000000000142,56.15,56.25,56.2,56.25,75.0,392.0,3744.0,115.0,False,False
006208,2022-10-26 12:37:38.587740,-0.000888888888888828,-0.001777777777777767,-0.04999999999999716,-0.10000000000000142,56.15,56.25,56.2,56.25,75.0,392.0,3744.0,115.0,False,False
006208,2022-10-26 12:37:38.590981,-0.000888888888888828,-0.001777777777777767,-0.04999999999999716,-0.10000000000000142,56.15,56.25,56.2,56.25,75.0,392.0,3744.0,115.0,False,False
006208,2022-10-26 12:37:38.728800,-0.000888888888888828,-0.001777777777777767,-0.04999999999999716,-0.10000000000000142,56.15,56.25,56.2,56.25,75.0,392.0,3744.0,115.0,False,False
006208,2022-10-26 12:37:39.348052,-0.000888888888888828,-0.001777777777777767,-0.04999999999999716,-0.10000000000000142,56.15,56.25,56.2,56.25,75.0,392.0,3744.0,115.0,False,False
006208,2022-10-26 12:37:39.348177,-0.000888888888888828,-0.001777777777777767,-0.04999999999999716,-0.10000000000000142,56.15,56.25,56.2,56.25,75.0,392.0,3744.0,115.0,False,False
006208,2022-10-26 12:37:45.545294,-0.000888888888888828,-0.001777777777777767,-0.04999999999999716,-0.10000000000000142,56.15,56.25,56.2,56.25,75.0,392.0,3744.0,115.0,False,False
006208,2022-10-26 12:37:45.545401,-0.000888888888888828,-0.001777777777777767,-0.04999999999999716,-0.10000000000000142,56.15,56.25,56.2,56.25,75.0,392.0,3744.0,115.0,False,False
006208,2022-10-26 12:37:47.638746,-0.000888888888888828,-0.001777777777777767,-0.04999999999999716,-0.10000000000000142,56.15,56.25,56.2,56.25,75.0,392.0,3744.0,115.0,False,False
006208,2022-10-26 12:37:48.633550,-0.000888888888888828,-0.001777777777777767,-0.04999999999999716,-0.10000000000000142,56.15,56.25,56.2,56.25,75.0,392.0,3744.0,115.0,False,False
006208,2022-10-26 12:37:48.633673,-0.000888888888888828,-0.001777777777777767,-0.04999999999999716,-0.10000000000000142,56.15,56.25,56.2,56.25,75.0,392.0,3744.0,115.0,False,False
006208,2022-10-26 12:37:48.705927,-0.000888888888888828,-0.001777777777777767,-0.04999999999999716,-0.10000000000000142,56.15,56.25,56.2,56.25,75.0,392.0,3744.0,115.0,False,False
006208,2022-10-26 12:37:48.723056,-0.000888888888888828,-0.001777777777777767,-0.04999999999999716,-0.10000000000000142,56.15,56.25,56.2,56.25,75.0,392.0,3744.0,115.0,False,False
006208,2022-10-26 12:37:48.842117,-0.000888888888888828,-0.001777777777777767,-0.04999999999999716,-0.10000000000000142,56.15,56.25,56.2,56.25,75.0,392.0,3744.0,115.0,False,False
006208,2022-10-26 12:37:49.818979,-0.000888888888888828,-0.001777777777777767,-0.04999999999999716,-0.10000000000000142,56.15,56.25,56.2,56.25,75.0,392.0,3744.0,115.0,True,True
006208,2022-10-26 12:37:56.611623,-0.000888888888888828,-0.002666666666666595,-0.04999999999999716,-0.14999999999999858,56.1,56.25,56.2,56.25,245.0,392.0,3744.0,115.0,False,False
006208,2022-10-26 12:37:56.671297,-0.000888888888888828,-0.002666666666666595,-0.04999999999999716,-0.14999999999999858,56.1,56.25,56.2,56.25,320.0,392.0,3744.0,115.0,False,False
006208,2022-10-26 12:37:56.782484,-0.000888888888888828,-0.002666666666666595,-0.04999999999999716,-0.14999999999999858,56.1,56.25,56.2,56.25,280.0,392.0,3744.0,115.0,False,False
006208,2022-10-26 12:37:56.894104,-0.000888888888888828,-0.002666666666666595,-0.04999999999999716,-0.14999999999999858,56.1,56.25,56.2,56.25,280.0,392.0,3744.0,115.0,False,False
006208,2022-10-26 12:37:57.312440,-0.000888888888888828,-0.002666666666666595,-0.04999999999999716,-0.14999999999999858,56.1,56.25,56.2,56.25,280.0,392.0,3744.0,115.0,False,False
006208,2022-10-26 12:37:57.441431,-0.000888888888888828,-0.002666666666666595,-0.04999999999999716,-0.14999999999999858,56.1,56.25,56.2,56.25,280.0,392.0,3744.0,115.0,False,False
006208,2022-10-26 12:37:57.481882,-0.000888888888888828,-0.002666666666666595,-0.04999999999999716,-0.14999999999999858,56.1,56.25,56.2,56.25,280.0,392.0,3744.0,115.0,False,False
006208,2022-10-26 12:37:58.607888,-0.000888888888888828,-0.002666666666666595,-0.04999999999999716,-0.14999999999999858,56.1,56.25,56.2,56.25,246.0,392.0,3744.0,115.0,False,False
006208,2022-10-26 12:37:58.628009,-0.000888888888888828,-0.002666666666666595,-0.04999999999999716,-0.14999999999999858,56.1,56.25,56.2,56.25,246.0,358.0,3744.0,115.0,False,False
006208,2022-10-26 12:37:59.847654,-0.000888888888888828,-0.002666666666666595,-0.04999999999999716,-0.14999999999999858,56.1,56.25,56.2,56.25,246.0,358.0,3924.0,115.0,True,True
006208,2022-10-26 12:37:59.949421,-0.000888888888888828,-0.001777777777777767,-0.04999999999999716,-0.10000000000000142,56.15,56.25,56.2,56.25,1.0,358.0,3924.0,115.0,False,False
006208,2022-10-26 12:37:59.979939,-0.000888888888888828,-0.001777777777777767,-0.04999999999999716,-0.10000000000000142,56.15,56.25,56.2,56.25,1.0,358.0,3924.0,115.0,False,False
006208,2022-10-26 12:38:00.250842,-0.000888888888888828,-0.001777777777777767,-0.04999999999999716,-0.10000000000000142,56.15,56.25,56.2,56.25,1.0,358.0,3924.0,115.0,False,False
006208,2022-10-26 12:38:00.691379,-0.000888888888888828,-0.001777777777777767,-0.04999999999999716,-0.10000000000000142,56.15,56.25,56.2,56.25,1.0,358.0,3924.0,115.0,False,False
006208,2022-10-26 12:38:00.761834,-0.000888888888888828,-0.001777777777777767,-0.04999999999999716,-0.10000000000000142,56.15,56.25,56.2,56.25,1.0,378.0,3924.0,115.0,False,False
006208,2022-10-26 12:38:00.845218,-0.000888888888888828,-0.001777777777777767,-0.04999999999999716,-0.10000000000000142,56.15,56.25,56.2,56.25,1.0,378.0,3924.0,115.0,False,False
006208,2022-10-26 12:38:00.845606,-0.000888888888888828,-0.001777777777777767,-0.04999999999999716,-0.10000000000000142,56.15,56.25,56.2,56.25,1.0,378.0,3924.0,115.0,False,False
006208,2022-10-26 12:38:01.064871,-0.000888888888888828,-0.001777777777777767,-0.04999999999999716,-0.10000000000000142,56.15,56.25,56.2,56.25,1.0,378.0,3924.0,115.0,False,False
006208,2022-10-26 12:38:01.136511,-0.000888888888888828,-0.001777777777777767,-0.04999999999999716,-0.10000000000000142,56.15,56.25,56.2,56.25,1.0,412.0,3924.0,115.0,False,False
006208,2022-10-26 12:38:01.233359,-0.000888888888888828,-0.001777777777777767,-0.04999999999999716,-0.10000000000000142,56.15,56.25,56.2,56.25,1.0,412.0,3924.0,115.0,False,False
006208,2022-10-26 12:38:03.269030,-0.000888888888888828,-0.001777777777777767,-0.04999999999999716,-0.10000000000000142,56.15,56.25,56.2,56.25,1.0,412.0,3924.0,115.0,False,False
006208,2022-10-26 12:38:03.368554,-0.000888888888888828,-0.001777777777777767,-0.04999999999999716,-0.10000000000000142,56.15,56.25,56.2,56.25,1.0,412.0,3924.0,115.0,False,False
006208,2022-10-26 12:38:03.388965,-0.000888888888888828,-0.001777777777777767,-0.04999999999999716,-0.10000000000000142,56.15,56.25,56.2,56.25,1.0,412.0,3924.0,115.0,False,False
006208,2022-10-26 12:38:03.932263,-0.000888888888888828,-0.001777777777777767,-0.04999999999999716,-0.10000000000000142,56.15,56.25,56.2,56.25,1.0,412.0,3924.0,115.0,False,False
006208,2022-10-26 12:38:03.932322,-0.000888888888888828,-0.001777777777777767,-0.04999999999999716,-0.10000000000000142,56.15,56.25,56.2,56.25,1.0,412.0,3924.0,115.0,False,False
006208,2022-10-26 12:38:04.073120,-0.000888888888888828,-0.001777777777777767,-0.04999999999999716,-0.10000000000000142,56.15,56.25,56.2,56.25,1.0,412.0,3924.0,115.0,False,False
006208,2022-10-26 12:38:06.391199,-0.000888888888888828,-0.001777777777777767,-0.04999999999999716,-0.10000000000000142,56.15,56.25,56.2,56.25,1.0,412.0,3924.0,115.0,False,False
006208,2022-10-26 12:38:06.394008,-0.000888888888888828,-0.001777777777777767,-0.04999999999999716,-0.10000000000000142,56.15,56.25,56.2,56.25,1.0,412.0,3924.0,115.0,False,False
006208,2022-10-26 12:38:06.914341,-0.000888888888888828,-0.001777777777777767,-0.04999999999999716,-0.10000000000000142,56.15,56.25,56.2,56.25,1.0,412.0,3924.0,115.0,False,False
006208,2022-10-26 12:38:06.926694,-0.000888888888888828,-0.001777777777777767,-0.04999999999999716,-0.10000000000000142,56.15,56.25,56.2,56.25,1.0,412.0,3924.0,115.0,False,False
006208,2022-10-26 12:38:07.005940,-0.000888888888888828,-0.001777777777777767,-0.04999999999999716,-0.10000000000000142,56.15,56.25,56.2,56.25,1.0,412.0,3924.0,115.0,False,False
006208,2022-10-26 12:38:09.879251,-0.000888888888888828,-0.001777777777777767,-0.04999999999999716,-0.10000000000000142,56.15,56.25,56.2,56.25,1.0,412.0,3924.0,115.0,True,True
006208,2022-10-26 12:38:10.238529,-0.000888888888888828,-0.001777777777777767,-0.04999999999999716,-0.10000000000000142,56.15,56.25,56.2,56.25,1.0,412.0,3924.0,115.0,False,False
006208,2022-10-26 12:38:10.241556,-0.000888888888888828,-0.001777777777777767,-0.04999999999999716,-0.10000000000000142,56.15,56.25,56.2,56.25,1.0,412.0,3924.0,115.0,False,False
006208,2022-10-26 12:38:10.374247,-0.000888888888888828,-0.001777777777777767,-0.04999999999999716,-0.10000000000000142,56.15,56.25,56.2,56.25,1.0,412.0,3924.0,115.0,False,False
006208,2022-10-26 12:38:11.658758,-0.000888888888888828,-0.001777777777777767,-0.04999999999999716,-0.10000000000000142,56.15,56.25,56.2,56.25,1.0,392.0,3924.0,115.0,False,False
006208,2022-10-26 12:38:11.659009,-0.000888888888888828,-0.001777777777777767,-0.04999999999999716,-0.10000000000000142,56.15,56.25,56.2,56.25,1.0,392.0,3924.0,115.0,False,False
006208,2022-10-26 12:38:12.599106,-0.000888888888888828,-0.001777777777777767,-0.04999999999999716,-0.10000000000000142,56.15,56.25,56.2,56.25,5.0,392.0,3924.0,115.0,False,False
006208,2022-10-26 12:38:20.356742,-0.000888888888888828,-0.001777777777777767,-0.04999999999999716,-0.10000000000000142,56.15,56.25,56.2,56.25,5.0,392.0,3924.0,115.0,False,False
006208,2022-10-26 12:38:20.361665,-0.000888888888888828,-0.001777777777777767,-0.04999999999999716,-0.10000000000000142,56.15,56.25,56.2,56.25,5.0,392.0,3924.0,115.0,False,False
006208,2022-10-26 12:38:20.490433,-0.000888888888888828,-0.001777777777777767,-0.04999999999999716,-0.10000000000000142,56.15,56.25,56.2,56.25,5.0,392.0,3924.0,115.0,False,False
006208,2022-10-26 12:38:29.932334,-0.000888888888888828,-0.001777777777777767,-0.04999999999999716,-0.10000000000000142,56.15,56.25,56.2,56.25,5.0,392.0,3924.0,85.0,True,True
006208,2022-10-26 12:38:30.476020,-0.000888888888888828,-0.001777777777777767,-0.04999999999999716,-0.10000000000000142,56.15,56.25,56.2,56.25,5.0,392.0,3924.0,85.0,False,False
006208,2022-10-26 12:38:30.479019,-0.000888888888888828,-0.001777777777777767,-0.04999999999999716,-0.10000000000000142,56.15,56.25,56.2,56.25,5.0,392.0,3924.0,85.0,False,False
006208,2022-10-26 12:38:30.626922,-0.000888888888888828,-0.001777777777777767,-0.04999999999999716,-0.10000000000000142,56.15,56.25,56.2,56.25,5.0,392.0,3924.0,85.0,False,False
006208,2022-10-26 12:38:39.963086,-0.000888888888888828,-0.001777777777777767,-0.04999999999999716,-0.10000000000000142,56.15,56.25,56.2,56.25,5.0,392.0,3924.0,64.0,True,True
006208,2022-10-26 12:38:40.591862,-0.000888888888888828,-0.001777777777777767,-0.04999999999999716,-0.10000000000000142,56.15,56.25,56.2,56.25,5.0,392.0,3924.0,64.0,False,False
006208,2022-10-26 12:38:40.595431,-0.000888888888888828,-0.001777777777777767,-0.04999999999999716,-0.10000000000000142,56.15,56.25,56.2,56.25,5.0,392.0,3924.0,64.0,False,False
006208,2022-10-26 12:38:40.734487,-0.000888888888888828,-0.001777777777777767,-0.04999999999999716,-0.10000000000000142,56.15,56.25,56.2,56.25,5.0,392.0,3924.0,64.0,False,False
006208,2022-10-26 12:38:43.909168,-0.000888888888888828,-0.001777777777777767,-0.04999999999999716,-0.10000000000000142,56.15,56.25,56.2,56.25,5.0,392.0,3924.0,64.0,False,False
006208,2022-10-26 12:38:43.987429,-0.000888888888888828,-0.001777777777777767,-0.04999999999999716,-0.10000000000000142,56.15,56.25,56.2,56.25,5.0,426.0,3924.0,64.0,False,False
006208,2022-10-26 12:38:48.450381,-0.000888888888888828,-0.001777777777777767,-0.04999999999999716,-0.10000000000000142,56.15,56.25,56.2,56.25,5.0,376.0,3924.0,64.0,False,False
006208,2022-10-26 12:38:48.462698,-0.000888888888888828,-0.001777777777777767,-0.04999999999999716,-0.10000000000000142,56.15,56.25,56.2,56.25,5.0,376.0,3924.0,64.0,False,False
006208,2022-10-26 12:38:50.003873,-0.000888888888888828,-0.001777777777777767,-0.04999999999999716,-0.10000000000000142,56.15,56.25,56.2,56.25,5.0,376.0,3924.0,264.0,True,True
006208,2022-10-26 12:38:50.711272,-0.000888888888888828,-0.001777777777777767,-0.04999999999999716,-0.10000000000000142,56.15,56.25,56.2,56.25,5.0,376.0,3924.0,264.0,False,False
006208,2022-10-26 12:38:50.714802,-0.000888888888888828,-0.001777777777777767,-0.04999999999999716,-0.10000000000000142,56.15,56.25,56.2,56.25,5.0,376.0,3924.0,264.0,False,False
006208,2022-10-26 12:38:50.863003,-0.000888888888888828,-0.001777777777777767,-0.04999999999999716,-0.10000000000000142,56.15,56.25,56.2,56.25,5.0,376.0,3924.0,264.0,False,False
006208,2022-10-26 12:38:57.103520,-0.000888888888888828,-0.001777777777777767,-0.04999999999999716,-0.10000000000000142,56.15,56.25,56.2,56.25,5.0,376.0,3924.0,264.0,False,False
006208,2022-10-26 12:38:57.115514,-0.000888888888888828,-0.001777777777777767,-0.04999999999999716,-0.10000000000000142,56.15,56.25,56.2,56.25,5.0,426.0,3924.0,264.0,False,False
006208,2022-10-26 12:39:00.032620,-0.000888888888888828,-0.001777777777777767,-0.04999999999999716,-0.10000000000000142,56.15,56.25,56.2,56.25,5.0,426.0,3924.0,264.0,True,True
006208,2022-10-26 12:39:00.827474,-0.000888888888888828,-0.001777777777777767,-0.04999999999999716,-0.10000000000000142,56.15,56.25,56.2,56.25,5.0,426.0,3924.0,264.0,False,False
006208,2022-10-26 12:39:00.833240,-0.000888888888888828,-0.001777777777777767,-0.04999999999999716,-0.10000000000000142,56.15,56.25,56.2,56.25,5.0,426.0,3924.0,264.0,False,False
006208,2022-10-26 12:39:00.967282,-0.000888888888888828,-0.001777777777777767,-0.04999999999999716,-0.10000000000000142,56.15,56.25,56.2,56.25,5.0,426.0,3924.0,264.0,False,False
006208,2022-10-26 12:39:07.361212,-0.000888888888888828,-0.001777777777777767,-0.04999999999999716,-0.10000000000000142,56.15,56.25,56.2,56.25,10.0,426.0,3924.0,264.0,False,False
006208,2022-10-26 12:39:10.064099,-0.000888888888888828,-0.001777777777777767,-0.04999999999999716,-0.10000000000000142,56.15,56.25,56.2,56.25,10.0,426.0,3924.0,239.0,True,True
006208,2022-10-26 12:39:10.942246,-0.000888888888888828,-0.001777777777777767,-0.04999999999999716,-0.10000000000000142,56.15,56.25,56.2,56.25,10.0,426.0,3924.0,239.0,False,False
006208,2022-10-26 12:39:10.950738,-0.000888888888888828,-0.001777777777777767,-0.04999999999999716,-0.10000000000000142,56.15,56.25,56.2,56.25,10.0,426.0,3924.0,239.0,False,False
006208,2022-10-26 12:39:11.082171,-0.000888888888888828,-0.001777777777777767,-0.04999999999999716,-0.10000000000000142,56.15,56.25,56.2,56.25,10.0,426.0,3924.0,239.0,False,False
006208,2022-10-26 12:39:19.160181,-0.000888888888888828,-0.001777777777777767,-0.04999999999999716,-0.10000000000000142,56.15,56.25,56.2,56.25,10.0,426.0,3924.0,239.0,False,False
006208,2022-10-26 12:39:19.174117,-0.000888888888888828,-0.001777777777777767,-0.04999999999999716,-0.10000000000000142,56.15,56.25,56.2,56.25,10.0,426.0,3924.0,239.0,False,False
006208,2022-10-26 12:39:20.099569,-0.000888888888888828,-0.001777777777777767,-0.04999999999999716,-0.10000000000000142,56.15,56.25,56.2,56.25,10.0,426.0,3874.0,237.0,True,True
006208,2022-10-26 12:39:20.314622,-0.000888888888888828,-0.001777777777777767,-0.04999999999999716,-0.10000000000000142,56.15,56.25,56.2,56.25,10.0,426.0,3874.0,237.0,False,False
006208,2022-10-26 12:39:21.063328,-0.000888888888888828,-0.001777777777777767,-0.04999999999999716,-0.10000000000000142,56.15,56.25,56.2,56.25,10.0,426.0,3874.0,237.0,False,False
006208,2022-10-26 12:39:21.067729,-0.000888888888888828,-0.001777777777777767,-0.04999999999999716,-0.10000000000000142,56.15,56.25,56.2,56.25,10.0,426.0,3874.0,237.0,False,False
006208,2022-10-26 12:39:21.205956,0.0,-0.001777777777777767,0.0,-0.10000000000000142,56.15,56.2,56.2,56.25,10.0,40.0,3874.0,237.0,False,False
006208,2022-10-26 12:39:21.286251,0.0,-0.001777777777777767,0.0,-0.10000000000000142,56.15,56.2,56.2,56.25,10.0,40.0,3874.0,237.0,False,False
006208,2022-10-26 12:39:21.506511,0.0,-0.001777777777777767,0.0,-0.10000000000000142,56.15,56.2,56.2,56.25,10.0,40.0,3874.0,237.0,False,False
006208,2022-10-26 12:39:21.636898,0.0,-0.001777777777777767,0.0,-0.10000000000000142,56.15,56.2,56.2,56.25,11.0,40.0,3874.0,237.0,False,False
006208,2022-10-26 12:39:22.980084,0.0,-0.001777777777777767,0.0,-0.10000000000000142,56.15,56.2,56.2,56.25,11.0,40.0,3874.0,237.0,False,False
006208,2022-10-26 12:39:23.063237,0.0,-0.001777777777777767,0.0,-0.10000000000000142,56.15,56.2,56.2,56.25,11.0,40.0,3874.0,237.0,False,False
006208,2022-10-26 12:39:23.072496,0.0,-0.001777777777777767,0.0,-0.10000000000000142,56.15,56.2,56.2,56.25,11.0,40.0,3874.0,237.0,False,False
006208,2022-10-26 12:39:25.554153,-0.000888888888888828,-0.001777777777777767,-0.04999999999999716,-0.10000000000000142,56.15,56.25,56.2,56.25,11.0,466.0,3874.0,237.0,False,False
006208,2022-10-26 12:39:25.584131,-0.000888888888888828,-0.001777777777777767,-0.04999999999999716,-0.10000000000000142,56.15,56.25,56.2,56.25,11.0,466.0,3874.0,237.0,False,False
006208,2022-10-26 12:39:25.748257,-0.000888888888888828,-0.001777777777777767,-0.04999999999999716,-0.10000000000000142,56.15,56.25,56.2,56.25,11.0,426.0,3874.0,237.0,False,False
006208,2022-10-26 12:39:25.876962,-0.000888888888888828,-0.001777777777777767,-0.04999999999999716,-0.10000000000000142,56.15,56.25,56.2,56.25,11.0,426.0,3874.0,237.0,False,False
006208,2022-10-26 12:39:25.963033,-0.000888888888888828,-0.001777777777777767,-0.04999999999999716,-0.10000000000000142,56.15,56.25,56.2,56.25,11.0,426.0,3874.0,237.0,False,False
006208,2022-10-26 12:39:26.035636,-0.000888888888888828,-0.001777777777777767,-0.04999999999999716,-0.10000000000000142,56.15,56.25,56.2,56.25,11.0,376.0,3874.0,237.0,False,False
006208,2022-10-26 12:39:27.056692,-0.000888888888888828,-0.001777777777777767,-0.04999999999999716,-0.10000000000000142,56.15,56.25,56.2,56.25,11.0,376.0,3874.0,237.0,False,False
006208,2022-10-26 12:39:27.103245,0.0,-0.001777777777777767,0.0,-0.10000000000000142,56.15,56.2,56.2,56.25,11.0,40.0,3874.0,237.0,False,False
006208,2022-10-26 12:39:27.260700,-0.000888888888888828,-0.001777777777777767,-0.04999999999999716,-0.10000000000000142,56.15,56.25,56.2,56.25,11.0,426.0,3874.0,237.0,False,False
006208,2022-10-26 12:39:28.392787,-0.000888888888888828,-0.001777777777777767,-0.04999999999999716,-0.10000000000000142,56.15,56.25,56.2,56.25,11.0,426.0,3874.0,237.0,False,False
006208,2022-10-26 12:39:28.399919,-0.000888888888888828,-0.001777777777777767,-0.04999999999999716,-0.10000000000000142,56.15,56.25,56.2,56.25,11.0,426.0,3874.0,237.0,False,False
006208,2022-10-26 12:39:28.979019,-0.000888888888888828,-0.001777777777777767,-0.04999999999999716,-0.10000000000000142,56.15,56.25,56.2,56.25,11.0,426.0,3874.0,237.0,False,False
006208,2022-10-26 12:39:28.991528,-0.000888888888888828,-0.001777777777777767,-0.04999999999999716,-0.10000000000000142,56.15,56.25,56.2,56.25,11.0,426.0,3874.0,237.0,False,False
006208,2022-10-26 12:39:29.242801,-0.000888888888888828,-0.001777777777777767,-0.04999999999999716,-0.10000000000000142,56.15,56.25,56.2,56.25,11.0,426.0,3874.0,237.0,False,False
006208,2022-10-26 12:39:29.248480,-0.000888888888888828,-0.001777777777777767,-0.04999999999999716,-0.10000000000000142,56.15,56.25,56.2,56.25,11.0,426.0,3874.0,237.0,False,False
006208,2022-10-26 12:39:29.531367,-0.000888888888888828,-0.001777777777777767,-0.04999999999999716,-0.10000000000000142,56.15,56.25,56.2,56.25,11.0,426.0,3874.0,237.0,False,False
006208,2022-10-26 12:39:29.536990,-0.000888888888888828,-0.001777777777777767,-0.04999999999999716,-0.10000000000000142,56.15,56.25,56.2,56.25,11.0,426.0,3874.0,237.0,False,False
006208,2022-10-26 12:39:30.131466,-0.000888888888888828,-0.001777777777777767,-0.04999999999999716,-0.10000000000000142,56.15,56.25,56.2,56.25,11.0,426.0,4224.0,187.0,True,True
006208,2022-10-26 12:39:30.759455,-0.000888888888888828,-0.001777777777777767,-0.04999999999999716,-0.10000000000000142,56.15,56.25,56.2,56.25,11.0,426.0,4224.0,187.0,False,False
006208,2022-10-26 12:39:31.953338,-0.000888888888888828,-0.001777777777777767,-0.04999999999999716,-0.10000000000000142,56.15,56.25,56.2,56.25,11.0,426.0,4224.0,187.0,False,False
006208,2022-10-26 12:39:32.030464,-0.000888888888888828,-0.001777777777777767,-0.04999999999999716,-0.10000000000000142,56.15,56.25,56.2,56.25,11.0,426.0,4224.0,187.0,False,False
006208,2022-10-26 12:39:32.151823,-0.000888888888888828,-0.001777777777777767,-0.04999999999999716,-0.10000000000000142,56.15,56.25,56.2,56.25,11.0,426.0,4224.0,187.0,False,False
006208,2022-10-26 12:39:33.282015,-0.000888888888888828,-0.001777777777777767,-0.04999999999999716,-0.10000000000000142,56.15,56.25,56.2,56.25,11.0,426.0,4224.0,187.0,False,False
006208,2022-10-26 12:39:33.360873,-0.000888888888888828,-0.001777777777777767,-0.04999999999999716,-0.10000000000000142,56.15,56.25,56.2,56.25,11.0,426.0,4224.0,187.0,False,False
006208,2022-10-26 12:39:35.865234,-0.000888888888888828,-0.001777777777777767,-0.04999999999999716,-0.10000000000000142,56.15,56.25,56.2,56.25,11.0,426.0,4224.0,187.0,False,False
006208,2022-10-26 12:39:35.872269,-0.000888888888888828,-0.001777777777777767,-0.04999999999999716,-0.10000000000000142,56.15,56.25,56.2,56.25,11.0,426.0,4224.0,187.0,False,False
006208,2022-10-26 12:39:36.002740,-0.000888888888888828,-0.001777777777777767,-0.04999999999999716,-0.10000000000000142,56.15,56.25,56.2,56.25,11.0,426.0,4224.0,187.0,False,False
006208,2022-10-26 12:39:36.008740,-0.000888888888888828,-0.001777777777777767,-0.04999999999999716,-0.10000000000000142,56.15,56.25,56.2,56.25,11.0,426.0,4224.0,187.0,False,False
006208,2022-10-26 12:39:38.937731,-0.000888888888888828,-0.001777777777777767,-0.04999999999999716,-0.10000000000000142,56.15,56.25,56.2,56.25,11.0,426.0,4224.0,187.0,False,False
006208,2022-10-26 12:39:41.416561,-0.000888888888888828,-0.001777777777777767,-0.04999999999999716,-0.10000000000000142,56.15,56.25,56.2,56.25,11.0,426.0,4224.0,187.0,False,False
006208,2022-10-26 12:39:41.422860,-0.000888888888888828,-0.001777777777777767,-0.04999999999999716,-0.10000000000000142,56.15,56.25,56.2,56.25,11.0,426.0,4224.0,187.0,False,False
006208,2022-10-26 12:39:42.061442,-0.000888888888888828,-0.001777777777777767,-0.04999999999999716,-0.10000000000000142,56.15,56.25,56.2,56.25,11.0,426.0,4224.0,187.0,False,False
006208,2022-10-26 12:39:42.092189,-0.000888888888888828,-0.001777777777777767,-0.04999999999999716,-0.10000000000000142,56.15,56.25,56.2,56.25,11.0,426.0,4224.0,187.0,False,False
006208,2022-10-26 12:39:42.904310,-0.000888888888888828,-0.001777777777777767,-0.04999999999999716,-0.10000000000000142,56.15,56.25,56.2,56.25,11.0,426.0,4224.0,187.0,False,False
006208,2022-10-26 12:39:42.904425,-0.000888888888888828,-0.001777777777777767,-0.04999999999999716,-0.10000000000000142,56.15,56.25,56.2,56.25,11.0,446.0,4224.0,187.0,False,False
006208,2022-10-26 12:39:44.363788,-0.000888888888888828,-0.001777777777777767,-0.04999999999999716,-0.10000000000000142,56.15,56.25,56.2,56.25,11.0,426.0,4224.0,187.0,False,False
006208,2022-10-26 12:39:44.363904,-0.000888888888888828,-0.001777777777777767,-0.04999999999999716,-0.10000000000000142,56.15,56.25,56.2,56.25,11.0,426.0,4224.0,187.0,False,False
006208,2022-10-26 12:39:45.570333,-0.000888888888888828,-0.001777777777777767,-0.04999999999999716,-0.10000000000000142,56.15,56.25,56.2,56.25,11.0,426.0,4224.0,187.0,False,False
006208,2022-10-26 12:39:45.985755,-0.000888888888888828,-0.001777777777777767,-0.04999999999999716,-0.10000000000000142,56.15,56.25,56.2,56.25,11.0,426.0,4224.0,187.0,False,False
006208,2022-10-26 12:39:45.988095,-0.000888888888888828,-0.001777777777777767,-0.04999999999999716,-0.10000000000000142,56.15,56.25,56.2,56.25,11.0,426.0,4224.0,187.0,False,False
006208,2022-10-26 12:39:46.119749,-0.000888888888888828,-0.001777777777777767,-0.04999999999999716,-0.10000000000000142,56.15,56.25,56.2,56.25,11.0,426.0,4224.0,187.0,False,False
006208,2022-10-26 12:39:46.307413,-0.000888888888888828,-0.001777777777777767,-0.04999999999999716,-0.10000000000000142,56.15,56.25,56.2,56.25,11.0,426.0,4224.0,187.0,False,False
006208,2022-10-26 12:39:46.864310,-0.000888888888888828,-0.001777777777777767,-0.04999999999999716,-0.10000000000000142,56.15,56.25,56.2,56.25,11.0,426.0,4224.0,187.0,False,False
006208,2022-10-26 12:39:46.874502,-0.000888888888888828,-0.001777777777777767,-0.04999999999999716,-0.10000000000000142,56.15,56.25,56.2,56.25,11.0,392.0,4224.0,187.0,False,False
006208,2022-10-26 12:39:47.210772,0.0,-0.001777777777777767,0.0,-0.10000000000000142,56.15,56.2,56.2,56.25,11.0,1.0,4224.0,187.0,False,False
006208,2022-10-26 12:39:47.243111,0.0,-0.001777777777777767,0.0,-0.10000000000000142,56.15,56.2,56.2,56.25,11.0,1.0,4224.0,187.0,False,False
006208,2022-10-26 12:39:47.502566,0.0,-0.001777777777777767,0.0,-0.10000000000000142,56.15,56.2,56.2,56.25,11.0,1.0,4224.0,187.0,False,False
006208,2022-10-26 12:39:47.556662,0.0,-0.001777777777777767,0.0,-0.10000000000000142,56.15,56.2,56.2,56.25,11.0,1.0,4224.0,187.0,False,False
006208,2022-10-26 12:39:47.602683,0.0,-0.001777777777777767,0.0,-0.10000000000000142,56.15,56.2,56.2,56.25,11.0,1.0,4224.0,187.0,False,False
006208,2022-10-26 12:39:47.707136,0.0,-0.001777777777777767,0.0,-0.10000000000000142,56.15,56.2,56.2,56.25,11.0,1.0,4224.0,187.0,False,False
006208,2022-10-26 12:39:48.319611,0.0,-0.001777777777777767,0.0,-0.10000000000000142,56.15,56.2,56.2,56.25,11.0,1.0,4224.0,187.0,False,False
006208,2022-10-26 12:39:48.329796,0.0,-0.001777777777777767,0.0,-0.10000000000000142,56.15,56.2,56.2,56.25,11.0,1.0,4224.0,187.0,False,False
006208,2022-10-26 12:39:49.606198,0.0,-0.001777777777777767,0.0,-0.10000000000000142,56.15,56.2,56.2,56.25,11.0,1.0,4224.0,187.0,False,False
006208,2022-10-26 12:39:49.698613,0.0,-0.001777777777777767,0.0,-0.10000000000000142,56.15,56.2,56.2,56.25,11.0,1.0,4224.0,187.0,False,False
006208,2022-10-26 12:39:49.706736,0.0,-0.001777777777777767,0.0,-0.10000000000000142,56.15,56.2,56.2,56.25,11.0,1.0,4224.0,187.0,False,False
006208,2022-10-26 12:39:50.201938,0.0,-0.001777777777777767,0.0,-0.10000000000000142,56.15,56.2,56.2,56.25,11.0,1.0,4224.0,187.0,True,True
006208,2022-10-26 12:39:51.029953,0.0,-0.001777777777777767,0.0,-0.10000000000000142,56.15,56.2,56.2,56.25,11.0,1.0,4224.0,187.0,False,False
006208,2022-10-26 12:39:51.030103,0.0,-0.001777777777777767,0.0,-0.10000000000000142,56.15,56.2,56.2,56.25,11.0,1.0,4224.0,187.0,False,False
006208,2022-10-26 12:39:51.678479,0.0,-0.001777777777777767,0.0,-0.10000000000000142,56.15,56.2,56.2,56.25,11.0,1.0,4224.0,187.0,False,False
006208,2022-10-26 12:39:51.678740,0.0,-0.001777777777777767,0.0,-0.10000000000000142,56.15,56.2,56.2,56.25,11.0,1.0,4224.0,187.0,False,False
006208,2022-10-26 12:39:55.164764,-0.000888888888888828,-0.001777777777777767,-0.04999999999999716,-0.10000000000000142,56.15,56.25,56.2,56.25,11.0,432.0,4224.0,187.0,False,False
006208,2022-10-26 12:39:55.189206,-0.000888888888888828,-0.001777777777777767,-0.04999999999999716,-0.10000000000000142,56.15,56.25,56.2,56.25,11.0,432.0,4224.0,187.0,False,False
006208,2022-10-26 12:39:55.227266,-0.000888888888888828,-0.001777777777777767,-0.04999999999999716,-0.10000000000000142,56.15,56.25,56.2,56.25,11.0,392.0,4224.0,187.0,False,False
006208,2022-10-26 12:39:55.361502,-0.000888888888888828,-0.001777777777777767,-0.04999999999999716,-0.10000000000000142,56.15,56.25,56.2,56.25,11.0,392.0,4224.0,187.0,False,False
006208,2022-10-26 12:39:58.519896,-0.000888888888888828,-0.001777777777777767,-0.04999999999999716,-0.10000000000000142,56.15,56.25,56.2,56.25,11.0,392.0,4224.0,187.0,False,False
006208,2022-10-26 12:39:58.542551,-0.000888888888888828,-0.001777777777777767,-0.04999999999999716,-0.10000000000000142,56.15,56.25,56.2,56.25,11.0,392.0,4224.0,187.0,False,False
006208,2022-10-26 12:39:59.200413,-0.000888888888888828,-0.001777777777777767,-0.04999999999999716,-0.10000000000000142,56.15,56.25,56.2,56.25,11.0,392.0,4224.0,187.0,False,False
006208,2022-10-26 12:39:59.210218,-0.000888888888888828,-0.001777777777777767,-0.04999999999999716,-0.10000000000000142,56.15,56.25,56.2,56.25,11.0,392.0,4224.0,187.0,False,False
006208,2022-10-26 12:40:00.309356,-0.000888888888888828,-0.001777777777777767,-0.04999999999999716,-0.10000000000000142,56.15,56.25,56.2,56.25,11.0,392.0,4224.0,187.0,True,True
006208,2022-10-26 12:40:00.650044,-0.000888888888888828,-0.001777777777777767,-0.04999999999999716,-0.10000000000000142,56.15,56.25,56.2,56.25,11.0,392.0,4224.0,187.0,False,False
006208,2022-10-26 12:40:00.754476,-0.000888888888888828,-0.001777777777777767,-0.04999999999999716,-0.10000000000000142,56.15,56.25,56.2,56.25,11.0,342.0,4224.0,187.0,False,False
006208,2022-10-26 12:40:00.765486,-0.000888888888888828,-0.001777777777777767,-0.04999999999999716,-0.10000000000000142,56.15,56.25,56.2,56.25,11.0,342.0,4224.0,187.0,False,False
006208,2022-10-26 12:40:01.202792,-0.000888888888888828,-0.001777777777777767,-0.04999999999999716,-0.10000000000000142,56.15,56.25,56.2,56.25,11.0,342.0,4224.0,187.0,False,False
006208,2022-10-26 12:40:05.413873,-0.000888888888888828,-0.001777777777777767,-0.04999999999999716,-0.10000000000000142,56.15,56.25,56.2,56.25,11.0,342.0,4224.0,187.0,False,False
006208,2022-10-26 12:40:05.417202,-0.000888888888888828,-0.001777777777777767,-0.04999999999999716,-0.10000000000000142,56.15,56.25,56.2,56.25,11.0,342.0,4224.0,187.0,False,False
006208,2022-10-26 12:40:05.548050,-0.000888888888888828,-0.001777777777777767,-0.04999999999999716,-0.10000000000000142,56.15,56.25,56.2,56.25,11.0,342.0,4224.0,187.0,False,False
006208,2022-10-26 12:40:09.789461,-0.000888888888888828,-0.001777777777777767,-0.04999999999999716,-0.10000000000000142,56.15,56.25,56.2,56.25,11.0,342.0,4224.0,187.0,False,True
006208,2022-10-26 12:40:11.892851,-0.000888888888888828,-0.001777777777777767,-0.04999999999999716,-0.10000000000000142,56.15,56.25,56.2,56.25,11.0,342.0,4224.0,187.0,False,False
006208,2022-10-26 12:40:11.903811,-0.000888888888888828,-0.001777777777777767,-0.04999999999999716,-0.10000000000000142,56.15,56.25,56.2,56.25,11.0,392.0,4224.0,187.0,False,False
006208,2022-10-26 12:40:14.309043,-0.000888888888888828,-0.001777777777777767,-0.04999999999999716,-0.10000000000000142,56.15,56.25,56.2,56.25,11.0,392.0,4224.0,187.0,False,False
006208,2022-10-26 12:40:14.309189,-0.000888888888888828,-0.001777777777777767,-0.04999999999999716,-0.10000000000000142,56.15,56.25,56.2,56.25,11.0,412.0,4224.0,187.0,False,False
006208,2022-10-26 12:40:15.572555,-0.000888888888888828,-0.001777777777777767,-0.04999999999999716,-0.10000000000000142,56.15,56.25,56.2,56.25,11.0,412.0,4224.0,187.0,False,False
006208,2022-10-26 12:40:15.589967,-0.000888888888888828,-0.001777777777777767,-0.04999999999999716,-0.10000000000000142,56.15,56.25,56.2,56.25,11.0,412.0,4224.0,187.0,False,False
006208,2022-10-26 12:40:15.707124,-0.000888888888888828,-0.001777777777777767,-0.04999999999999716,-0.10000000000000142,56.15,56.25,56.2,56.25,11.0,412.0,4224.0,187.0,False,False
006208,2022-10-26 12:40:18.157481,-0.000888888888888828,-0.001777777777777767,-0.04999999999999716,-0.10000000000000142,56.15,56.25,56.2,56.25,11.0,412.0,4224.0,187.0,False,False
006208,2022-10-26 12:40:18.157505,-0.000888888888888828,-0.001777777777777767,-0.04999999999999716,-0.10000000000000142,56.15,56.25,56.2,56.25,11.0,412.0,4224.0,187.0,False,False
006208,2022-10-26 12:40:19.853156,-0.000888888888888828,-0.001777777777777767,-0.04999999999999716,-0.10000000000000142,56.15,56.25,56.2,56.25,11.0,412.0,4224.0,187.0,True,True
006208,2022-10-26 12:40:23.831432,-0.000888888888888828,-0.001777777777777767,-0.04999999999999716,-0.10000000000000142,56.15,56.25,56.2,56.25,11.0,412.0,4224.0,187.0,False,False
006208,2022-10-26 12:40:23.831669,-0.000888888888888828,-0.001777777777777767,-0.04999999999999716,-0.10000000000000142,56.15,56.25,56.2,56.25,11.0,392.0,4224.0,187.0,False,False
006208,2022-10-26 12:40:24.261319,-0.000888888888888828,-0.001777777777777767,-0.04999999999999716,-0.10000000000000142,56.15,56.25,56.2,56.25,11.0,342.0,4224.0,187.0,False,False
006208,2022-10-26 12:40:24.267903,-0.000888888888888828,-0.001777777777777767,-0.04999999999999716,-0.10000000000000142,56.15,56.25,56.2,56.25,11.0,342.0,4224.0,187.0,False,False
006208,2022-10-26 12:40:24.273355,-0.000888888888888828,-0.001777777777777767,-0.04999999999999716,-0.10000000000000142,56.15,56.25,56.2,56.25,11.0,342.0,4224.0,187.0,False,False
006208,2022-10-26 12:40:25.716769,-0.000888888888888828,-0.001777777777777767,-0.04999999999999716,-0.10000000000000142,56.15,56.25,56.2,56.25,11.0,342.0,4224.0,187.0,False,False
006208,2022-10-26 12:40:25.733052,-0.000888888888888828,-0.001777777777777767,-0.04999999999999716,-0.10000000000000142,56.15,56.25,56.2,56.25,11.0,342.0,4224.0,187.0,False,False
006208,2022-10-26 12:40:25.849272,-0.000888888888888828,-0.001777777777777767,-0.04999999999999716,-0.10000000000000142,56.15,56.25,56.2,56.25,11.0,342.0,4224.0,187.0,False,False
006208,2022-10-26 12:40:27.033140,-0.000888888888888828,-0.001777777777777767,-0.04999999999999716,-0.10000000000000142,56.15,56.25,56.2,56.25,11.0,342.0,4224.0,187.0,False,False
006208,2022-10-26 12:40:27.044834,-0.000888888888888828,-0.001777777777777767,-0.04999999999999716,-0.10000000000000142,56.15,56.25,56.2,56.25,11.0,392.0,4224.0,187.0,False,False
006208,2022-10-26 12:40:29.256909,-0.000888888888888828,-0.001777777777777767,-0.04999999999999716,-0.10000000000000142,56.15,56.25,56.2,56.25,11.0,392.0,4224.0,187.0,False,False
006208,2022-10-26 12:40:29.256997,-0.000888888888888828,-0.001777777777777767,-0.04999999999999716,-0.10000000000000142,56.15,56.25,56.2,56.25,11.0,412.0,4224.0,187.0,False,False
006208,2022-10-26 12:40:32.059811,-0.000888888888888828,-0.001777777777777767,-0.04999999999999716,-0.10000000000000142,56.15,56.25,56.2,56.25,11.0,392.0,4224.0,187.0,False,False
006208,2022-10-26 12:40:32.059950,-0.000888888888888828,-0.001777777777777767,-0.04999999999999716,-0.10000000000000142,56.15,56.25,56.2,56.25,11.0,392.0,4224.0,187.0,False,False
006208,2022-10-26 12:40:33.997010,-0.000888888888888828,-0.001777777777777767,-0.04999999999999716,-0.10000000000000142,56.15,56.25,56.2,56.25,11.0,342.0,4224.0,187.0,False,False
006208,2022-10-26 12:40:34.007981,-0.000888888888888828,-0.001777777777777767,-0.04999999999999716,-0.10000000000000142,56.15,56.25,56.2,56.25,11.0,342.0,4224.0,187.0,False,False
006208,2022-10-26 12:40:34.923273,-0.000888888888888828,-0.001777777777777767,-0.04999999999999716,-0.10000000000000142,56.15,56.25,56.2,56.25,11.0,342.0,4224.0,187.0,False,False
006208,2022-10-26 12:40:34.923358,-0.000888888888888828,-0.001777777777777767,-0.04999999999999716,-0.10000000000000142,56.15,56.25,56.2,56.25,11.0,342.0,4224.0,187.0,False,False
006208,2022-10-26 12:40:35.852391,-0.000888888888888828,-0.001777777777777767,-0.04999999999999716,-0.10000000000000142,56.15,56.25,56.2,56.25,11.0,342.0,4224.0,187.0,False,False
006208,2022-10-26 12:40:35.857494,-0.000888888888888828,-0.001777777777777767,-0.04999999999999716,-0.10000000000000142,56.15,56.25,56.2,56.25,11.0,342.0,4224.0,187.0,False,False
006208,2022-10-26 12:40:35.995169,-0.000888888888888828,-0.001777777777777767,-0.04999999999999716,-0.10000000000000142,56.15,56.25,56.2,56.25,11.0,342.0,4224.0,187.0,False,False
006208,2022-10-26 12:40:39.968023,-0.000888888888888828,-0.001777777777777767,-0.04999999999999716,-0.10000000000000142,56.15,56.25,56.2,56.25,11.0,342.0,4424.0,187.0,True,True
006208,2022-10-26 12:40:43.069987,-0.000888888888888828,-0.001777777777777767,-0.04999999999999716,-0.10000000000000142,56.15,56.25,56.2,56.25,11.0,342.0,4424.0,187.0,False,False
006208,2022-10-26 12:40:43.082180,-0.000888888888888828,-0.001777777777777767,-0.04999999999999716,-0.10000000000000142,56.15,56.25,56.2,56.25,11.0,392.0,4424.0,187.0,False,False
006208,2022-10-26 12:40:43.771902,-0.000888888888888828,-0.001777777777777767,-0.04999999999999716,-0.10000000000000142,56.15,56.25,56.2,56.25,11.0,392.0,4424.0,187.0,False,False
006208,2022-10-26 12:40:43.772056,-0.000888888888888828,-0.001777777777777767,-0.04999999999999716,-0.10000000000000142,56.15,56.25,56.2,56.25,11.0,392.0,4424.0,187.0,False,False
006208,2022-10-26 12:40:43.928532,-0.000888888888888828,-0.001777777777777767,-0.04999999999999716,-0.10000000000000142,56.15,56.25,56.2,56.25,11.0,392.0,4424.0,187.0,False,False
006208,2022-10-26 12:40:44.332788,-0.000888888888888828,-0.001777777777777767,-0.04999999999999716,-0.10000000000000142,56.15,56.25,56.2,56.25,10.0,392.0,4424.0,187.0,False,False
006208,2022-10-26 12:40:44.969929,-0.000888888888888828,-0.001777777777777767,-0.04999999999999716,-0.10000000000000142,56.15,56.25,56.2,56.25,10.0,392.0,4424.0,187.0,False,False
006208,2022-10-26 12:40:44.970067,-0.000888888888888828,-0.001777777777777767,-0.04999999999999716,-0.10000000000000142,56.15,56.25,56.2,56.25,10.0,412.0,4424.0,187.0,False,False
006208,2022-10-26 12:40:45.970358,-0.000888888888888828,-0.001777777777777767,-0.04999999999999716,-0.10000000000000142,56.15,56.25,56.2,56.25,10.0,392.0,4424.0,187.0,False,False
006208,2022-10-26 12:40:45.990601,-0.000888888888888828,-0.001777777777777767,-0.04999999999999716,-0.10000000000000142,56.15,56.25,56.2,56.25,10.0,392.0,4424.0,187.0,False,False
006208,2022-10-26 12:40:46.123610,-0.000888888888888828,-0.001777777777777767,-0.04999999999999716,-0.10000000000000142,56.15,56.25,56.2,56.25,10.0,392.0,4424.0,187.0,False,False
006208,2022-10-26 12:40:49.896170,-0.000888888888888828,-0.001777777777777767,-0.04999999999999716,-0.10000000000000142,56.15,56.25,56.2,56.25,10.0,392.0,4424.0,187.0,False,False
006208,2022-10-26 12:40:49.896327,-0.000888888888888828,-0.001777777777777767,-0.04999999999999716,-0.10000000000000142,56.15,56.25,56.2,56.25,10.0,412.0,4424.0,187.0,False,False
006208,2022-10-26 12:40:50.027850,0.0,-0.002664298401420906,0.0,-0.14999999999999858,56.15,56.25,56.25,56.3,10.0,412.0,396.0,3518.0,True,True
006208,2022-10-26 12:40:56.130044,0.0,-0.002664298401420906,0.0,-0.14999999999999858,56.15,56.25,56.25,56.3,10.0,412.0,396.0,3518.0,False,False
006208,2022-10-26 12:40:56.139963,0.0,-0.002664298401420906,0.0,-0.14999999999999858,56.15,56.25,56.25,56.3,10.0,412.0,396.0,3518.0,False,False
006208,2022-10-26 12:40:56.268599,0.0,-0.002664298401420906,0.0,-0.14999999999999858,56.15,56.25,56.25,56.3,10.0,412.0,396.0,3518.0,False,False
006208,2022-10-26 12:40:58.120020,0.0,-0.002664298401420906,0.0,-0.14999999999999858,56.15,56.25,56.25,56.3,10.0,392.0,396.0,3518.0,False,False
006208,2022-10-26 12:40:58.120123,0.0,-0.002664298401420906,0.0,-0.14999999999999858,56.15,56.25,56.25,56.3,10.0,392.0,396.0,3518.0,False,False
006208,2022-10-26 12:41:00.078437,0.0,-0.002664298401420906,0.0,-0.14999999999999858,56.15,56.25,56.25,56.3,10.0,392.0,396.0,3518.0,True,True
006208,2022-10-26 12:41:06.258761,0.0,-0.002664298401420906,0.0,-0.14999999999999858,56.15,56.25,56.25,56.3,10.0,392.0,396.0,3518.0,False,False
006208,2022-10-26 12:41:06.261839,0.0,-0.002664298401420906,0.0,-0.14999999999999858,56.15,56.25,56.25,56.3,10.0,392.0,396.0,3518.0,False,False
006208,2022-10-26 12:41:06.395198,0.0,-0.002664298401420906,0.0,-0.14999999999999858,56.15,56.25,56.25,56.3,10.0,392.0,396.0,3518.0,False,False
006208,2022-10-26 12:41:10.119746,0.0,-0.002664298401420906,0.0,-0.14999999999999858,56.15,56.25,56.25,56.3,10.0,392.0,295.0,3518.0,True,True
006208,2022-10-26 12:41:12.377531,0.0,-0.002664298401420906,0.0,-0.14999999999999858,56.15,56.25,56.25,56.3,10.0,392.0,295.0,3518.0,False,False
006208,2022-10-26 12:41:12.377611,0.0,-0.002664298401420906,0.0,-0.14999999999999858,56.15,56.25,56.25,56.3,10.0,412.0,295.0,3518.0,False,False
006208,2022-10-26 12:41:16.402005,0.0,-0.002664298401420906,0.0,-0.14999999999999858,56.15,56.25,56.25,56.3,10.0,412.0,295.0,3518.0,False,False
006208,2022-10-26 12:41:16.405121,0.0,-0.002664298401420906,0.0,-0.14999999999999858,56.15,56.25,56.25,56.3,10.0,412.0,295.0,3518.0,False,False
006208,2022-10-26 12:41:16.529864,0.0,-0.002664298401420906,0.0,-0.14999999999999858,56.15,56.25,56.25,56.3,10.0,412.0,295.0,3518.0,False,False
006208,2022-10-26 12:41:17.392810,0.0,-0.002664298401420906,0.0,-0.14999999999999858,56.15,56.25,56.25,56.3,10.0,392.0,295.0,3518.0,False,False
006208,2022-10-26 12:41:17.393006,0.0,-0.002664298401420906,0.0,-0.14999999999999858,56.15,56.25,56.25,56.3,10.0,392.0,295.0,3518.0,False,False
006208,2022-10-26 12:41:20.164297,0.0,-0.002664298401420906,0.0,-0.14999999999999858,56.15,56.25,56.25,56.3,10.0,392.0,295.0,3518.0,True,True
006208,2022-10-26 12:41:22.016245,0.0,-0.002664298401420906,0.0,-0.14999999999999858,56.15,56.25,56.25,56.3,10.0,412.0,295.0,3518.0,False,False
006208,2022-10-26 12:41:22.016300,0.0,-0.002664298401420906,0.0,-0.14999999999999858,56.15,56.25,56.25,56.3,10.0,412.0,295.0,3518.0,False,False
006208,2022-10-26 12:41:24.446265,0.0,-0.002664298401420906,0.0,-0.14999999999999858,56.15,56.25,56.25,56.3,10.0,392.0,295.0,3518.0,False,False
006208,2022-10-26 12:41:24.446477,0.0,-0.002664298401420906,0.0,-0.14999999999999858,56.15,56.25,56.25,56.3,10.0,392.0,295.0,3518.0,False,False
006208,2022-10-26 12:41:26.509434,0.0,-0.002664298401420906,0.0,-0.14999999999999858,56.15,56.25,56.25,56.3,10.0,392.0,295.0,3518.0,False,False
006208,2022-10-26 12:41:26.520725,0.0,-0.002664298401420906,0.0,-0.14999999999999858,56.15,56.25,56.25,56.3,10.0,392.0,295.0,3518.0,False,False
006208,2022-10-26 12:41:26.652869,0.0,-0.002664298401420906,0.0,-0.14999999999999858,56.15,56.25,56.25,56.3,10.0,392.0,295.0,3518.0,False,False
006208,2022-10-26 12:41:28.154716,0.0,-0.002664298401420906,0.0,-0.14999999999999858,56.15,56.25,56.25,56.3,10.0,342.0,295.0,3518.0,False,False
006208,2022-10-26 12:41:28.167765,0.0,-0.002664298401420906,0.0,-0.14999999999999858,56.15,56.25,56.25,56.3,10.0,342.0,295.0,3518.0,False,False
006208,2022-10-26 12:41:28.846088,0.0,-0.002664298401420906,0.0,-0.14999999999999858,56.15,56.25,56.25,56.3,10.0,342.0,295.0,3518.0,False,False
006208,2022-10-26 12:41:28.846149,0.0,-0.002664298401420906,0.0,-0.14999999999999858,56.15,56.25,56.25,56.3,10.0,342.0,295.0,3518.0,False,False
006208,2022-10-26 12:41:29.379681,0.0,-0.002664298401420906,0.0,-0.14999999999999858,56.15,56.25,56.25,56.3,10.0,342.0,295.0,3518.0,False,False
006208,2022-10-26 12:41:29.379947,0.0,-0.002664298401420906,0.0,-0.14999999999999858,56.15,56.25,56.25,56.3,10.0,342.0,295.0,3518.0,False,False
006208,2022-10-26 12:41:30.204818,0.0,-0.002664298401420906,0.0,-0.14999999999999858,56.15,56.25,56.25,56.3,10.0,342.0,295.0,3518.0,True,True
006208,2022-10-26 12:41:32.766708,0.0,-0.002664298401420906,0.0,-0.14999999999999858,56.15,56.25,56.25,56.3,10.0,342.0,295.0,3518.0,False,False
006208,2022-10-26 12:41:32.778366,0.0,-0.002664298401420906,0.0,-0.14999999999999858,56.15,56.25,56.25,56.3,10.0,392.0,295.0,3518.0,False,False
006208,2022-10-26 12:41:32.857024,0.0,-0.002664298401420906,0.0,-0.14999999999999858,56.15,56.25,56.25,56.3,10.0,412.0,295.0,3518.0,False,False
006208,2022-10-26 12:41:36.642175,0.0,-0.002664298401420906,0.0,-0.14999999999999858,56.15,56.25,56.25,56.3,10.0,412.0,295.0,3518.0,False,False
006208,2022-10-26 12:41:36.652367,0.0,-0.002664298401420906,0.0,-0.14999999999999858,56.15,56.25,56.25,56.3,10.0,412.0,295.0,3518.0,False,False
006208,2022-10-26 12:41:36.792855,0.0,-0.002664298401420906,0.0,-0.14999999999999858,56.15,56.25,56.25,56.3,10.0,412.0,295.0,3518.0,False,False
006208,2022-10-26 12:41:40.260139,0.0,-0.002664298401420906,0.0,-0.14999999999999858,56.15,56.25,56.25,56.3,10.0,412.0,402.0,3518.0,True,True
006208,2022-10-26 12:41:40.330166,0.0,-0.002664298401420906,0.0,-0.14999999999999858,56.15,56.25,56.25,56.3,11.0,412.0,402.0,3518.0,False,False
006208,2022-10-26 12:41:41.432988,0.000889679715302405,-0.002664298401420906,0.04999999999999716,-0.14999999999999858,56.15,56.2,56.25,56.3,11.0,5.0,402.0,3518.0,False,False
006208,2022-10-26 12:41:41.458503,0.000889679715302405,-0.002664298401420906,0.04999999999999716,-0.14999999999999858,56.15,56.2,56.25,56.3,11.0,5.0,402.0,3518.0,False,False
006208,2022-10-26 12:41:41.619442,0.000889679715302405,-0.002664298401420906,0.04999999999999716,-0.14999999999999858,56.15,56.2,56.25,56.3,11.0,5.0,402.0,3518.0,False,False
006208,2022-10-26 12:41:41.691188,0.000889679715302405,-0.002664298401420906,0.04999999999999716,-0.14999999999999858,56.15,56.2,56.25,56.3,11.0,5.0,402.0,3518.0,False,False
006208,2022-10-26 12:41:42.157532,0.000889679715302405,-0.002664298401420906,0.04999999999999716,-0.14999999999999858,56.15,56.2,56.25,56.3,11.0,5.0,402.0,3518.0,False,False
006208,2022-10-26 12:41:42.247920,0.000889679715302405,-0.002664298401420906,0.04999999999999716,-0.14999999999999858,56.15,56.2,56.25,56.3,11.0,5.0,402.0,3518.0,False,False
006208,2022-10-26 12:41:42.266398,0.000889679715302405,-0.002664298401420906,0.04999999999999716,-0.14999999999999858,56.15,56.2,56.25,56.3,11.0,5.0,402.0,3518.0,False,False
006208,2022-10-26 12:41:43.854326,0.000889679715302405,-0.002664298401420906,0.04999999999999716,-0.14999999999999858,56.15,56.2,56.25,56.3,11.0,5.0,402.0,3518.0,False,False
006208,2022-10-26 12:41:43.854374,0.000889679715302405,-0.002664298401420906,0.04999999999999716,-0.14999999999999858,56.15,56.2,56.25,56.3,11.0,5.0,402.0,3518.0,False,False
006208,2022-10-26 12:41:51.609720,0.000889679715302405,-0.002664298401420906,0.04999999999999716,-0.14999999999999858,56.15,56.2,56.25,56.3,11.0,5.0,402.0,3518.0,False,False
006208,2022-10-26 12:41:51.620693,0.000889679715302405,-0.002664298401420906,0.04999999999999716,-0.14999999999999858,56.15,56.2,56.25,56.3,11.0,5.0,402.0,3518.0,False,False
006208,2022-10-26 12:41:51.752057,0.000889679715302405,-0.002664298401420906,0.04999999999999716,-0.14999999999999858,56.15,56.2,56.25,56.3,11.0,5.0,402.0,3518.0,False,False
006208,2022-10-26 12:41:59.446449,0.000889679715302405,-0.002664298401420906,0.04999999999999716,-0.14999999999999858,56.15,56.2,56.25,56.3,11.0,5.0,402.0,3518.0,False,False
006208,2022-10-26 12:41:59.466607,0.000889679715302405,-0.002664298401420906,0.04999999999999716,-0.14999999999999858,56.15,56.2,56.25,56.3,11.0,5.0,402.0,3518.0,False,False
006208,2022-10-26 12:42:01.794945,0.000889679715302405,-0.002664298401420906,0.04999999999999716,-0.14999999999999858,56.15,56.2,56.25,56.3,11.0,5.0,402.0,3518.0,False,False
006208,2022-10-26 12:42:01.799329,0.000889679715302405,-0.002664298401420906,0.04999999999999716,-0.14999999999999858,56.15,56.2,56.25,56.3,11.0,5.0,402.0,3518.0,False,False
006208,2022-10-26 12:42:01.935732,0.000889679715302405,-0.002664298401420906,0.04999999999999716,-0.14999999999999858,56.15,56.2,56.25,56.3,11.0,5.0,402.0,3518.0,False,False
006208,2022-10-26 12:42:02.646052,0.000889679715302405,-0.002664298401420906,0.04999999999999716,-0.14999999999999858,56.15,56.2,56.25,56.3,11.0,5.0,402.0,3518.0,False,False
006208,2022-10-26 12:42:02.672337,0.000889679715302405,-0.002664298401420906,0.04999999999999716,-0.14999999999999858,56.15,56.2,56.25,56.3,11.0,5.0,402.0,3518.0,False,False
006208,2022-10-26 12:42:08.520362,0.000889679715302405,-0.002664298401420906,0.04999999999999716,-0.14999999999999858,56.15,56.2,56.25,56.3,12.0,5.0,402.0,3518.0,False,False
006208,2022-10-26 12:42:08.825729,0.000889679715302405,-0.002664298401420906,0.04999999999999716,-0.14999999999999858,56.15,56.2,56.25,56.3,12.0,5.0,402.0,3518.0,False,False
006208,2022-10-26 12:42:08.825850,0.000889679715302405,-0.002664298401420906,0.04999999999999716,-0.14999999999999858,56.15,56.2,56.25,56.3,12.0,5.0,402.0,3518.0,False,False
006208,2022-10-26 12:42:10.306807,0.000889679715302405,-0.002664298401420906,0.04999999999999716,-0.14999999999999858,56.15,56.2,56.25,56.3,12.0,5.0,402.0,3518.0,False,False
006208,2022-10-26 12:42:10.306892,0.000889679715302405,-0.002664298401420906,0.04999999999999716,-0.14999999999999858,56.15,56.2,56.25,56.3,12.0,5.0,402.0,3518.0,False,False
006208,2022-10-26 12:42:11.921135,0.000889679715302405,-0.002664298401420906,0.04999999999999716,-0.14999999999999858,56.15,56.2,56.25,56.3,12.0,5.0,402.0,3518.0,False,False
006208,2022-10-26 12:42:11.927101,0.000889679715302405,-0.002664298401420906,0.04999999999999716,-0.14999999999999858,56.15,56.2,56.25,56.3,12.0,5.0,402.0,3518.0,False,False
006208,2022-10-26 12:42:12.058928,0.000889679715302405,-0.002664298401420906,0.04999999999999716,-0.14999999999999858,56.15,56.2,56.25,56.3,12.0,5.0,402.0,3518.0,False,False
006208,2022-10-26 12:42:12.932682,0.000889679715302405,-0.002664298401420906,0.04999999999999716,-0.14999999999999858,56.15,56.2,56.25,56.3,12.0,5.0,402.0,3518.0,False,False
006208,2022-10-26 12:42:12.932758,0.000889679715302405,-0.002664298401420906,0.04999999999999716,-0.14999999999999858,56.15,56.2,56.25,56.3,12.0,5.0,402.0,3518.0,False,False
006208,2022-10-26 12:42:15.240402,0.000889679715302405,-0.002664298401420906,0.04999999999999716,-0.14999999999999858,56.15,56.2,56.25,56.3,12.0,5.0,402.0,3518.0,False,False
006208,2022-10-26 12:42:15.240473,0.000889679715302405,-0.002664298401420906,0.04999999999999716,-0.14999999999999858,56.15,56.2,56.25,56.3,12.0,5.0,402.0,3518.0,False,False
006208,2022-10-26 12:42:20.359504,0.000889679715302405,-0.002664298401420906,0.04999999999999716,-0.14999999999999858,56.15,56.2,56.25,56.3,12.0,5.0,402.0,3518.0,False,False
006208,2022-10-26 12:42:20.430353,0.000889679715302405,-0.002664298401420906,0.04999999999999716,-0.14999999999999858,56.15,56.2,56.25,56.3,12.0,5.0,416.0,3518.0,True,True
006208,2022-10-26 12:42:20.359715,0.000889679715302405,-0.002664298401420906,0.04999999999999716,-0.14999999999999858,56.15,56.2,56.25,56.3,12.0,5.0,416.0,3518.0,False,False
006208,2022-10-26 12:42:22.050171,0.000889679715302405,-0.002664298401420906,0.04999999999999716,-0.14999999999999858,56.15,56.2,56.25,56.3,12.0,5.0,416.0,3518.0,False,False
006208,2022-10-26 12:42:22.054159,0.000889679715302405,-0.002664298401420906,0.04999999999999716,-0.14999999999999858,56.15,56.2,56.25,56.3,12.0,5.0,416.0,3518.0,False,False
006208,2022-10-26 12:42:22.184125,0.000889679715302405,-0.002664298401420906,0.04999999999999716,-0.14999999999999858,56.15,56.2,56.25,56.3,12.0,5.0,416.0,3518.0,False,False
006208,2022-10-26 12:42:25.013825,0.000889679715302405,-0.002664298401420906,0.04999999999999716,-0.14999999999999858,56.15,56.2,56.25,56.3,12.0,5.0,416.0,3518.0,False,False
006208,2022-10-26 12:42:25.013987,0.000889679715302405,-0.002664298401420906,0.04999999999999716,-0.14999999999999858,56.15,56.2,56.25,56.3,12.0,5.0,416.0,3518.0,False,False
006208,2022-10-26 12:42:28.395897,0.000889679715302405,-0.002664298401420906,0.04999999999999716,-0.14999999999999858,56.15,56.2,56.25,56.3,12.0,5.0,416.0,3518.0,False,False
006208,2022-10-26 12:42:28.396080,0.000889679715302405,-0.002664298401420906,0.04999999999999716,-0.14999999999999858,56.15,56.2,56.25,56.3,12.0,5.0,416.0,3518.0,False,False
006208,2022-10-26 12:42:29.091337,0.000889679715302405,-0.002664298401420906,0.04999999999999716,-0.14999999999999858,56.15,56.2,56.25,56.3,12.0,5.0,416.0,3518.0,False,False
006208,2022-10-26 12:42:29.114262,0.000889679715302405,-0.002664298401420906,0.04999999999999716,-0.14999999999999858,56.15,56.2,56.25,56.3,12.0,5.0,416.0,3518.0,False,False
006208,2022-10-26 12:42:29.154630,0.000889679715302405,-0.002664298401420906,0.04999999999999716,-0.14999999999999858,56.15,56.2,56.25,56.3,12.0,5.0,416.0,3518.0,False,False
006208,2022-10-26 12:42:29.662637,0.000889679715302405,-0.002664298401420906,0.04999999999999716,-0.14999999999999858,56.15,56.2,56.25,56.3,12.0,5.0,416.0,3518.0,False,False
006208,2022-10-26 12:42:29.662820,0.000889679715302405,-0.002664298401420906,0.04999999999999716,-0.14999999999999858,56.15,56.2,56.25,56.3,87.0,5.0,416.0,3518.0,False,False
006208,2022-10-26 12:42:30.466394,0.000889679715302405,-0.002664298401420906,0.04999999999999716,-0.14999999999999858,56.15,56.2,56.25,56.3,87.0,5.0,416.0,3518.0,True,True
006208,2022-10-26 12:42:32.177610,0.000889679715302405,-0.002664298401420906,0.04999999999999716,-0.14999999999999858,56.15,56.2,56.25,56.3,87.0,5.0,416.0,3518.0,False,False
006208,2022-10-26 12:42:32.180302,0.000889679715302405,-0.002664298401420906,0.04999999999999716,-0.14999999999999858,56.15,56.2,56.25,56.3,87.0,5.0,416.0,3518.0,False,False
006208,2022-10-26 12:42:32.328686,0.000889679715302405,-0.002664298401420906,0.04999999999999716,-0.14999999999999858,56.15,56.2,56.25,56.3,87.0,5.0,416.0,3518.0,False,False
006208,2022-10-26 12:42:32.468676,0.000889679715302405,-0.002664298401420906,0.04999999999999716,-0.14999999999999858,56.15,56.2,56.25,56.3,87.0,5.0,416.0,3518.0,False,False
006208,2022-10-26 12:42:34.842108,0.000889679715302405,-0.002664298401420906,0.04999999999999716,-0.14999999999999858,56.15,56.2,56.25,56.3,87.0,5.0,416.0,3518.0,False,False
006208,2022-10-26 12:42:34.854036,0.000889679715302405,-0.002664298401420906,0.04999999999999716,-0.14999999999999858,56.15,56.2,56.25,56.3,87.0,5.0,416.0,3518.0,False,False
006208,2022-10-26 12:42:34.872373,0.000889679715302405,-0.002664298401420906,0.04999999999999716,-0.14999999999999858,56.15,56.2,56.25,56.3,87.0,5.0,416.0,3518.0,False,False
006208,2022-10-26 12:42:36.379820,0.000889679715302405,-0.002664298401420906,0.04999999999999716,-0.14999999999999858,56.15,56.2,56.25,56.3,87.0,5.0,416.0,3518.0,False,False
006208,2022-10-26 12:42:36.380038,0.000889679715302405,-0.002664298401420906,0.04999999999999716,-0.14999999999999858,56.15,56.2,56.25,56.3,87.0,5.0,416.0,3518.0,False,False
006208,2022-10-26 12:42:38.162612,0.000889679715302405,-0.002664298401420906,0.04999999999999716,-0.14999999999999858,56.15,56.2,56.25,56.3,87.0,5.0,416.0,3518.0,False,False
006208,2022-10-26 12:42:38.162745,0.000889679715302405,-0.002664298401420906,0.04999999999999716,-0.14999999999999858,56.15,56.2,56.25,56.3,87.0,5.0,416.0,3518.0,False,False
006208,2022-10-26 12:42:40.513724,0.000889679715302405,-0.002664298401420906,0.04999999999999716,-0.14999999999999858,56.15,56.2,56.25,56.3,87.0,5.0,416.0,3518.0,True,True
006208,2022-10-26 12:42:42.304092,0.000889679715302405,-0.002664298401420906,0.04999999999999716,-0.14999999999999858,56.15,56.2,56.25,56.3,87.0,5.0,416.0,3518.0,False,False
006208,2022-10-26 12:42:42.308554,0.000889679715302405,-0.002664298401420906,0.04999999999999716,-0.14999999999999858,56.15,56.2,56.25,56.3,87.0,5.0,416.0,3518.0,False,False
006208,2022-10-26 12:42:42.443771,0.000889679715302405,-0.002664298401420906,0.04999999999999716,-0.14999999999999858,56.15,56.2,56.25,56.3,87.0,5.0,416.0,3518.0,False,False
006208,2022-10-26 12:42:43.209234,0.000889679715302405,-0.002664298401420906,0.04999999999999716,-0.14999999999999858,56.15,56.2,56.25,56.3,87.0,5.0,416.0,3518.0,False,False
006208,2022-10-26 12:42:43.209252,0.000889679715302405,-0.002664298401420906,0.04999999999999716,-0.14999999999999858,56.15,56.2,56.25,56.3,87.0,5.0,416.0,3518.0,False,False
006208,2022-10-26 12:42:52.432961,0.000889679715302405,-0.002664298401420906,0.04999999999999716,-0.14999999999999858,56.15,56.2,56.25,56.3,87.0,5.0,416.0,3518.0,False,False
006208,2022-10-26 12:42:52.436006,0.000889679715302405,-0.002664298401420906,0.04999999999999716,-0.14999999999999858,56.15,56.2,56.25,56.3,87.0,5.0,416.0,3518.0,False,False
006208,2022-10-26 12:42:52.570836,0.000889679715302405,-0.002664298401420906,0.04999999999999716,-0.14999999999999858,56.15,56.2,56.25,56.3,87.0,5.0,416.0,3518.0,False,False
006208,2022-10-26 12:42:53.933727,0.000889679715302405,-0.002664298401420906,0.04999999999999716,-0.14999999999999858,56.15,56.2,56.25,56.3,87.0,5.0,416.0,3518.0,False,False
006208,2022-10-26 12:42:53.944946,0.000889679715302405,-0.002664298401420906,0.04999999999999716,-0.14999999999999858,56.15,56.2,56.25,56.3,87.0,5.0,416.0,3518.0,False,False
006208,2022-10-26 12:42:54.843050,0.000889679715302405,-0.002664298401420906,0.04999999999999716,-0.14999999999999858,56.15,56.2,56.25,56.3,87.0,5.0,416.0,3518.0,False,False
006208,2022-10-26 12:42:54.843165,0.000889679715302405,-0.002664298401420906,0.04999999999999716,-0.14999999999999858,56.15,56.2,56.25,56.3,87.0,5.0,416.0,3518.0,False,False
006208,2022-10-26 12:42:55.213466,0.000889679715302405,-0.002664298401420906,0.04999999999999716,-0.14999999999999858,56.15,56.2,56.25,56.3,87.0,5.0,416.0,3518.0,False,False
006208,2022-10-26 12:42:55.224212,0.000889679715302405,-0.002664298401420906,0.04999999999999716,-0.14999999999999858,56.15,56.2,56.25,56.3,87.0,5.0,416.0,3518.0,False,False
006208,2022-10-26 12:42:55.769913,0.000889679715302405,-0.002664298401420906,0.04999999999999716,-0.14999999999999858,56.15,56.2,56.25,56.3,12.0,5.0,416.0,3518.0,False,False
006208,2022-10-26 12:42:55.785921,0.000889679715302405,-0.002664298401420906,0.04999999999999716,-0.14999999999999858,56.15,56.2,56.25,56.3,12.0,5.0,416.0,3518.0,False,False
006208,2022-10-26 12:43:00.600188,0.000889679715302405,-0.002664298401420906,0.04999999999999716,-0.14999999999999858,56.15,56.2,56.25,56.3,12.0,5.0,466.0,3518.0,True,True
006208,2022-10-26 12:43:01.666687,0.000889679715302405,-0.002664298401420906,0.04999999999999716,-0.14999999999999858,56.15,56.2,56.25,56.3,12.0,5.0,466.0,3518.0,False,False
006208,2022-10-26 12:43:01.686833,0.000889679715302405,-0.002664298401420906,0.04999999999999716,-0.14999999999999858,56.15,56.2,56.25,56.3,12.0,5.0,466.0,3518.0,False,False
006208,2022-10-26 12:43:01.841809,0.000889679715302405,-0.002664298401420906,0.04999999999999716,-0.14999999999999858,56.15,56.2,56.25,56.3,12.0,5.0,466.0,3518.0,False,False
006208,2022-10-26 12:43:02.562372,0.000889679715302405,-0.002664298401420906,0.04999999999999716,-0.14999999999999858,56.15,56.2,56.25,56.3,12.0,5.0,466.0,3518.0,False,False
006208,2022-10-26 12:43:02.566135,0.000889679715302405,-0.002664298401420906,0.04999999999999716,-0.14999999999999858,56.15,56.2,56.25,56.3,12.0,5.0,466.0,3518.0,False,False
006208,2022-10-26 12:43:02.698270,0.000889679715302405,-0.002664298401420906,0.04999999999999716,-0.14999999999999858,56.15,56.2,56.25,56.3,12.0,5.0,466.0,3518.0,False,False
006208,2022-10-26 12:43:05.319414,0.000889679715302405,-0.002664298401420906,0.04999999999999716,-0.14999999999999858,56.15,56.2,56.25,56.3,12.0,5.0,466.0,3518.0,False,False
006208,2022-10-26 12:43:05.319509,0.000889679715302405,-0.002664298401420906,0.04999999999999716,-0.14999999999999858,56.15,56.2,56.25,56.3,12.0,5.0,466.0,3518.0,False,False
006208,2022-10-26 12:43:07.767750,0.000889679715302405,-0.002664298401420906,0.04999999999999716,-0.14999999999999858,56.15,56.2,56.25,56.3,12.0,5.0,466.0,3518.0,False,False
006208,2022-10-26 12:43:08.171316,0.000889679715302405,-0.002664298401420906,0.04999999999999716,-0.14999999999999858,56.15,56.2,56.25,56.3,12.0,5.0,466.0,3518.0,False,False
006208,2022-10-26 12:43:08.176933,0.000889679715302405,-0.002664298401420906,0.04999999999999716,-0.14999999999999858,56.15,56.2,56.25,56.3,12.0,5.0,466.0,3518.0,False,False
006208,2022-10-26 12:43:09.656341,0.000889679715302405,-0.002664298401420906,0.04999999999999716,-0.14999999999999858,56.15,56.2,56.25,56.3,12.0,5.0,466.0,3518.0,False,False
006208,2022-10-26 12:43:09.662263,0.000889679715302405,-0.002664298401420906,0.04999999999999716,-0.14999999999999858,56.15,56.2,56.25,56.3,12.0,5.0,466.0,3518.0,False,False
006208,2022-10-26 12:43:09.837246,0.000889679715302405,-0.002664298401420906,0.04999999999999716,-0.14999999999999858,56.15,56.2,56.25,56.3,12.0,5.0,266.0,3518.0,False,True
006208,2022-10-26 12:43:10.206186,0.000889679715302405,-0.002664298401420906,0.04999999999999716,-0.14999999999999858,56.15,56.2,56.25,56.3,12.0,5.0,266.0,3518.0,False,False
006208,2022-10-26 12:43:10.211739,0.000889679715302405,-0.002664298401420906,0.04999999999999716,-0.14999999999999858,56.15,56.2,56.25,56.3,12.0,5.0,266.0,3518.0,False,False
006208,2022-10-26 12:43:12.677643,0.000889679715302405,-0.002664298401420906,0.04999999999999716,-0.14999999999999858,56.15,56.2,56.25,56.3,12.0,5.0,266.0,3518.0,False,False
006208,2022-10-26 12:43:12.680824,0.000889679715302405,-0.002664298401420906,0.04999999999999716,-0.14999999999999858,56.15,56.2,56.25,56.3,12.0,5.0,266.0,3518.0,False,False
006208,2022-10-26 12:43:12.819192,0.000889679715302405,-0.002664298401420906,0.04999999999999716,-0.14999999999999858,56.15,56.2,56.25,56.3,12.0,5.0,266.0,3518.0,False,False
006208,2022-10-26 12:43:12.960502,0.000889679715302405,-0.002664298401420906,0.04999999999999716,-0.14999999999999858,56.15,56.2,56.25,56.3,12.0,5.0,266.0,3518.0,False,False
006208,2022-10-26 12:43:19.876315,0.000889679715302405,-0.002664298401420906,0.04999999999999716,-0.14999999999999858,56.15,56.2,56.25,56.3,12.0,5.0,266.0,3518.0,True,True
006208,2022-10-26 12:43:22.805076,0.000889679715302405,-0.002664298401420906,0.04999999999999716,-0.14999999999999858,56.15,56.2,56.25,56.3,12.0,5.0,266.0,3518.0,False,False
006208,2022-10-26 12:43:22.822865,0.000889679715302405,-0.002664298401420906,0.04999999999999716,-0.14999999999999858,56.15,56.2,56.25,56.3,12.0,5.0,266.0,3518.0,False,False
006208,2022-10-26 12:43:22.943937,0.000889679715302405,-0.002664298401420906,0.04999999999999716,-0.14999999999999858,56.15,56.2,56.25,56.3,12.0,5.0,266.0,3518.0,False,False
006208,2022-10-26 12:43:26.793786,0.000889679715302405,-0.002664298401420906,0.04999999999999716,-0.14999999999999858,56.15,56.2,56.25,56.3,12.0,5.0,266.0,3518.0,False,False
006208,2022-10-26 12:43:26.793817,0.000889679715302405,-0.002664298401420906,0.04999999999999716,-0.14999999999999858,56.15,56.2,56.25,56.3,12.0,5.0,266.0,3518.0,False,False
006208,2022-10-26 12:43:29.211309,0.000889679715302405,-0.002664298401420906,0.04999999999999716,-0.14999999999999858,56.15,56.2,56.25,56.3,12.0,5.0,266.0,3518.0,False,False
006208,2022-10-26 12:43:29.211450,0.000889679715302405,-0.002664298401420906,0.04999999999999716,-0.14999999999999858,56.15,56.2,56.25,56.3,12.0,5.0,266.0,3518.0,False,False
006208,2022-10-26 12:43:29.916247,0.000889679715302405,-0.002664298401420906,0.04999999999999716,-0.14999999999999858,56.15,56.2,56.25,56.3,12.0,5.0,266.0,3518.0,True,True
006208,2022-10-26 12:43:32.933646,0.000889679715302405,-0.002664298401420906,0.04999999999999716,-0.14999999999999858,56.15,56.2,56.25,56.3,12.0,5.0,266.0,3518.0,False,False
006208,2022-10-26 12:43:32.950008,0.000889679715302405,-0.002664298401420906,0.04999999999999716,-0.14999999999999858,56.15,56.2,56.25,56.3,12.0,5.0,266.0,3518.0,False,False
006208,2022-10-26 12:43:33.078778,0.000889679715302405,-0.002664298401420906,0.04999999999999716,-0.14999999999999858,56.15,56.2,56.25,56.3,12.0,5.0,266.0,3518.0,False,False
006208,2022-10-26 12:43:39.968886,0.000889679715302405,-0.002664298401420906,0.04999999999999716,-0.14999999999999858,56.15,56.2,56.25,56.3,12.0,5.0,266.0,3518.0,True,True
006208,2022-10-26 12:43:41.493887,0.000889679715302405,-0.002664298401420906,0.04999999999999716,-0.14999999999999858,56.15,56.2,56.25,56.3,12.0,5.0,266.0,3518.0,False,False
006208,2022-10-26 12:43:41.494051,0.000889679715302405,-0.002664298401420906,0.04999999999999716,-0.14999999999999858,56.15,56.2,56.25,56.3,12.0,5.0,266.0,3518.0,False,False
006208,2022-10-26 12:43:42.934427,0.000889679715302405,-0.002664298401420906,0.04999999999999716,-0.14999999999999858,56.15,56.2,56.25,56.3,12.0,5.0,266.0,3518.0,False,False
006208,2022-10-26 12:43:42.934502,0.000889679715302405,-0.002664298401420906,0.04999999999999716,-0.14999999999999858,56.15,56.2,56.25,56.3,12.0,5.0,266.0,3518.0,False,False
006208,2022-10-26 12:43:43.066688,0.000889679715302405,-0.002664298401420906,0.04999999999999716,-0.14999999999999858,56.15,56.2,56.25,56.3,12.0,5.0,266.0,3518.0,False,False
006208,2022-10-26 12:43:43.195340,0.000889679715302405,-0.002664298401420906,0.04999999999999716,-0.14999999999999858,56.15,56.2,56.25,56.3,12.0,5.0,266.0,3518.0,False,False
006208,2022-10-26 12:43:43.856507,0.000889679715302405,-0.002664298401420906,0.04999999999999716,-0.14999999999999858,56.15,56.2,56.25,56.3,12.0,5.0,266.0,3518.0,False,False
006208,2022-10-26 12:43:43.856722,0.000889679715302405,-0.002664298401420906,0.04999999999999716,-0.14999999999999858,56.15,56.2,56.25,56.3,12.0,5.0,266.0,3518.0,False,False
006208,2022-10-26 12:43:45.971614,0.000889679715302405,-0.002664298401420906,0.04999999999999716,-0.14999999999999858,56.15,56.2,56.25,56.3,12.0,5.0,266.0,3518.0,False,False
006208,2022-10-26 12:43:45.971686,0.000889679715302405,-0.002664298401420906,0.04999999999999716,-0.14999999999999858,56.15,56.2,56.25,56.3,12.0,5.0,266.0,3518.0,False,False
006208,2022-10-26 12:43:53.189702,0.000889679715302405,-0.002664298401420906,0.04999999999999716,-0.14999999999999858,56.15,56.2,56.25,56.3,12.0,5.0,266.0,3518.0,False,False
006208,2022-10-26 12:43:53.193011,0.000889679715302405,-0.002664298401420906,0.04999999999999716,-0.14999999999999858,56.15,56.2,56.25,56.3,12.0,5.0,266.0,3518.0,False,False
006208,2022-10-26 12:43:53.327222,0.000889679715302405,-0.002664298401420906,0.04999999999999716,-0.14999999999999858,56.15,56.2,56.25,56.3,12.0,5.0,266.0,3518.0,False,False
006208,2022-10-26 12:43:58.368160,0.000889679715302405,-0.002664298401420906,0.04999999999999716,-0.14999999999999858,56.15,56.2,56.25,56.3,12.0,5.0,266.0,3518.0,False,False
006208,2022-10-26 12:43:58.379995,0.000889679715302405,-0.002664298401420906,0.04999999999999716,-0.14999999999999858,56.15,56.2,56.25,56.3,12.0,5.0,266.0,3518.0,False,False
006208,2022-10-26 12:43:59.057098,0.000889679715302405,-0.002664298401420906,0.04999999999999716,-0.14999999999999858,56.15,56.2,56.25,56.3,12.0,5.0,266.0,3518.0,False,False
006208,2022-10-26 12:43:59.066927,0.000889679715302405,-0.002664298401420906,0.04999999999999716,-0.14999999999999858,56.15,56.2,56.25,56.3,12.0,5.0,266.0,3518.0,False,False
006208,2022-10-26 12:44:00.077795,0.000889679715302405,-0.002664298401420906,0.04999999999999716,-0.14999999999999858,56.15,56.2,56.25,56.3,12.0,5.0,366.0,3518.0,True,True
006208,2022-10-26 12:44:03.318166,0.000889679715302405,-0.002664298401420906,0.04999999999999716,-0.14999999999999858,56.15,56.2,56.25,56.3,12.0,5.0,366.0,3518.0,False,False
006208,2022-10-26 12:44:03.322531,0.000889679715302405,-0.002664298401420906,0.04999999999999716,-0.14999999999999858,56.15,56.2,56.25,56.3,12.0,5.0,366.0,3518.0,False,False
006208,2022-10-26 12:44:03.457293,0.000889679715302405,-0.002664298401420906,0.04999999999999716,-0.14999999999999858,56.15,56.2,56.25,56.3,12.0,5.0,366.0,3518.0,False,False
006208,2022-10-26 12:44:03.991902,0.000889679715302405,-0.002664298401420906,0.04999999999999716,-0.14999999999999858,56.15,56.2,56.25,56.3,12.0,5.0,366.0,3518.0,False,False
006208,2022-10-26 12:44:03.991975,0.000889679715302405,-0.002664298401420906,0.04999999999999716,-0.14999999999999858,56.15,56.2,56.25,56.3,12.0,5.0,366.0,3518.0,False,False
006208,2022-10-26 12:44:10.120263,0.000889679715302405,-0.002664298401420906,0.04999999999999716,-0.14999999999999858,56.15,56.2,56.25,56.3,12.0,5.0,447.0,3518.0,True,True
006208,2022-10-26 12:44:11.194085,0.000889679715302405,-0.002664298401420906,0.04999999999999716,-0.14999999999999858,56.15,56.2,56.25,56.3,12.0,6.0,447.0,3518.0,False,False
006208,2022-10-26 12:44:11.200819,0.000889679715302405,-0.002664298401420906,0.04999999999999716,-0.14999999999999858,56.15,56.2,56.25,56.3,12.0,6.0,447.0,3518.0,False,False
006208,2022-10-26 12:44:13.445885,0.000889679715302405,-0.002664298401420906,0.04999999999999716,-0.14999999999999858,56.15,56.2,56.25,56.3,12.0,6.0,447.0,3518.0,False,False
006208,2022-10-26 12:44:13.449595,0.000889679715302405,-0.002664298401420906,0.04999999999999716,-0.14999999999999858,56.15,56.2,56.25,56.3,12.0,6.0,447.0,3518.0,False,False
006208,2022-10-26 12:44:13.580577,0.000889679715302405,-0.002664298401420906,0.04999999999999716,-0.14999999999999858,56.15,56.2,56.25,56.3,12.0,6.0,447.0,3518.0,False,False
006208,2022-10-26 12:44:16.089888,0.000889679715302405,-0.002664298401420906,0.04999999999999716,-0.14999999999999858,56.15,56.2,56.25,56.3,12.0,8.0,447.0,3518.0,False,False
006208,2022-10-26 12:44:17.391441,0.000889679715302405,-0.002664298401420906,0.04999999999999716,-0.14999999999999858,56.15,56.2,56.25,56.3,12.0,8.0,447.0,3518.0,False,False
006208,2022-10-26 12:44:20.162274,0.000889679715302405,-0.002664298401420906,0.04999999999999716,-0.14999999999999858,56.15,56.2,56.25,56.3,12.0,8.0,547.0,3518.0,True,True
006208,2022-10-26 12:44:23.576299,0.000889679715302405,-0.002664298401420906,0.04999999999999716,-0.14999999999999858,56.15,56.2,56.25,56.3,12.0,8.0,547.0,3518.0,False,False
006208,2022-10-26 12:44:23.579256,0.000889679715302405,-0.002664298401420906,0.04999999999999716,-0.14999999999999858,56.15,56.2,56.25,56.3,12.0,8.0,547.0,3518.0,False,False
006208,2022-10-26 12:44:23.712248,0.000889679715302405,-0.002664298401420906,0.04999999999999716,-0.14999999999999858,56.15,56.2,56.25,56.3,12.0,8.0,547.0,3518.0,False,False
006208,2022-10-26 12:44:26.747667,0.000889679715302405,-0.002664298401420906,0.04999999999999716,-0.14999999999999858,56.15,56.2,56.25,56.3,12.0,8.0,547.0,3518.0,False,False
006208,2022-10-26 12:44:26.747729,0.000889679715302405,-0.002664298401420906,0.04999999999999716,-0.14999999999999858,56.15,56.2,56.25,56.3,12.0,8.0,547.0,3518.0,False,False
006208,2022-10-26 12:44:28.018035,0.000889679715302405,-0.002664298401420906,0.04999999999999716,-0.14999999999999858,56.15,56.2,56.25,56.3,12.0,8.0,547.0,3518.0,False,False
006208,2022-10-26 12:44:28.039416,0.000889679715302405,-0.002664298401420906,0.04999999999999716,-0.14999999999999858,56.15,56.2,56.25,56.3,12.0,8.0,547.0,3518.0,False,False
006208,2022-10-26 12:44:28.925966,0.000889679715302405,-0.002664298401420906,0.04999999999999716,-0.14999999999999858,56.15,56.2,56.25,56.3,12.0,9.0,547.0,3518.0,False,False
006208,2022-10-26 12:44:30.210658,0.000889679715302405,-0.002664298401420906,0.04999999999999716,-0.14999999999999858,56.15,56.2,56.25,56.3,12.0,9.0,552.0,3518.0,True,True
006208,2022-10-26 12:44:32.956648,0.000889679715302405,-0.002664298401420906,0.04999999999999716,-0.14999999999999858,56.15,56.2,56.25,56.3,12.0,9.0,552.0,3518.0,False,False
006208,2022-10-26 12:44:32.977939,0.000889679715302405,-0.002664298401420906,0.04999999999999716,-0.14999999999999858,56.15,56.2,56.25,56.3,12.0,9.0,552.0,3518.0,False,False
006208,2022-10-26 12:44:33.703650,0.000889679715302405,-0.002664298401420906,0.04999999999999716,-0.14999999999999858,56.15,56.2,56.25,56.3,12.0,9.0,552.0,3518.0,False,False
006208,2022-10-26 12:44:33.706125,0.000889679715302405,-0.002664298401420906,0.04999999999999716,-0.14999999999999858,56.15,56.2,56.25,56.3,12.0,9.0,552.0,3518.0,False,False
006208,2022-10-26 12:44:33.838029,0.000889679715302405,-0.002664298401420906,0.04999999999999716,-0.14999999999999858,56.15,56.2,56.25,56.3,12.0,9.0,552.0,3518.0,False,False
006208,2022-10-26 12:44:40.255954,0.000889679715302405,-0.002664298401420906,0.04999999999999716,-0.14999999999999858,56.15,56.2,56.25,56.3,12.0,9.0,752.0,3518.0,True,True
006208,2022-10-26 12:44:43.680696,0.000889679715302405,-0.002664298401420906,0.04999999999999716,-0.14999999999999858,56.15,56.2,56.25,56.3,12.0,9.0,752.0,3518.0,False,False
006208,2022-10-26 12:44:43.782462,0.000889679715302405,-0.002664298401420906,0.04999999999999716,-0.14999999999999858,56.15,56.2,56.25,56.3,12.0,9.0,752.0,3518.0,False,False
006208,2022-10-26 12:44:43.834516,0.000889679715302405,-0.002664298401420906,0.04999999999999716,-0.14999999999999858,56.15,56.2,56.25,56.3,12.0,9.0,752.0,3518.0,False,False
006208,2022-10-26 12:44:43.974713,0.000889679715302405,-0.002664298401420906,0.04999999999999716,-0.14999999999999858,56.15,56.2,56.25,56.3,12.0,9.0,752.0,3518.0,False,False
006208,2022-10-26 12:44:50.310411,0.000889679715302405,-0.002664298401420906,0.04999999999999716,-0.14999999999999858,56.15,56.2,56.25,56.3,12.0,9.0,782.0,3518.0,True,True
006208,2022-10-26 12:44:51.667259,0.000889679715302405,-0.002664298401420906,0.04999999999999716,-0.14999999999999858,56.15,56.2,56.25,56.3,12.0,9.0,782.0,3518.0,False,False
006208,2022-10-26 12:44:52.619914,0.000889679715302405,-0.002664298401420906,0.04999999999999716,-0.14999999999999858,56.15,56.2,56.25,56.3,12.0,9.0,782.0,3518.0,False,False
006208,2022-10-26 12:44:53.946738,0.000889679715302405,-0.002664298401420906,0.04999999999999716,-0.14999999999999858,56.15,56.2,56.25,56.3,12.0,9.0,782.0,3518.0,False,False
006208,2022-10-26 12:44:53.951962,0.000889679715302405,-0.002664298401420906,0.04999999999999716,-0.14999999999999858,56.15,56.2,56.25,56.3,12.0,9.0,782.0,3518.0,False,False
006208,2022-10-26 12:44:54.089069,0.000889679715302405,-0.002664298401420906,0.04999999999999716,-0.14999999999999858,56.15,56.2,56.25,56.3,12.0,9.0,782.0,3518.0,False,False
006208,2022-10-26 12:44:55.239730,0.000889679715302405,-0.002664298401420906,0.04999999999999716,-0.14999999999999858,56.15,56.2,56.25,56.3,12.0,9.0,782.0,3518.0,False,False
006208,2022-10-26 12:44:55.239772,0.000889679715302405,-0.002664298401420906,0.04999999999999716,-0.14999999999999858,56.15,56.2,56.25,56.3,12.0,9.0,782.0,3518.0,False,False
006208,2022-10-26 12:44:56.678263,0.000889679715302405,-0.002664298401420906,0.04999999999999716,-0.14999999999999858,56.15,56.2,56.25,56.3,12.0,9.0,782.0,3518.0,False,False
006208,2022-10-26 12:44:57.223750,0.000889679715302405,-0.002664298401420906,0.04999999999999716,-0.14999999999999858,56.15,56.2,56.25,56.3,12.0,9.0,782.0,3518.0,False,False
006208,2022-10-26 12:44:57.223937,0.000889679715302405,-0.002664298401420906,0.04999999999999716,-0.14999999999999858,56.15,56.2,56.25,56.3,12.0,9.0,782.0,3518.0,False,False
006208,2022-10-26 12:45:00.491359,0.000889679715302405,-0.002664298401420906,0.04999999999999716,-0.14999999999999858,56.15,56.2,56.25,56.3,12.0,9.0,782.0,3518.0,True,True
006208,2022-10-26 12:45:03.998402,0.000889679715302405,-0.002664298401420906,0.04999999999999716,-0.14999999999999858,56.15,56.2,56.25,56.3,12.0,9.0,782.0,3518.0,False,False
006208,2022-10-26 12:45:04.003257,0.000889679715302405,-0.002664298401420906,0.04999999999999716,-0.14999999999999858,56.15,56.2,56.25,56.3,12.0,9.0,782.0,3518.0,False,False
006208,2022-10-26 12:45:04.134378,0.000889679715302405,-0.002664298401420906,0.04999999999999716,-0.14999999999999858,56.15,56.2,56.25,56.3,12.0,9.0,782.0,3518.0,False,False
006208,2022-10-26 12:45:07.379049,0.000889679715302405,-0.002664298401420906,0.04999999999999716,-0.14999999999999858,56.15,56.2,56.25,56.3,12.0,9.0,782.0,3518.0,False,False
006208,2022-10-26 12:45:07.379119,0.000889679715302405,-0.002664298401420906,0.04999999999999716,-0.14999999999999858,56.15,56.2,56.25,56.3,12.0,9.0,782.0,3518.0,False,False
006208,2022-10-26 12:45:12.918701,0.000889679715302405,-0.002664298401420906,0.04999999999999716,-0.14999999999999858,56.15,56.2,56.25,56.3,12.0,9.0,782.0,3518.0,False,False
006208,2022-10-26 12:45:12.918864,0.000889679715302405,-0.002664298401420906,0.04999999999999716,-0.14999999999999858,56.15,56.2,56.25,56.3,12.0,9.0,782.0,3518.0,False,False
006208,2022-10-26 12:45:13.429875,0.000889679715302405,-0.002664298401420906,0.04999999999999716,-0.14999999999999858,56.15,56.2,56.25,56.3,12.0,10.0,782.0,3518.0,False,False
006208,2022-10-26 12:45:14.078930,0.000889679715302405,-0.002664298401420906,0.04999999999999716,-0.14999999999999858,56.15,56.2,56.25,56.3,12.0,10.0,782.0,3518.0,False,False
006208,2022-10-26 12:45:14.097286,0.000889679715302405,-0.002664298401420906,0.04999999999999716,-0.14999999999999858,56.15,56.2,56.25,56.3,12.0,10.0,782.0,3518.0,False,False
006208,2022-10-26 12:45:14.215429,0.000889679715302405,-0.002664298401420906,0.04999999999999716,-0.14999999999999858,56.15,56.2,56.25,56.3,12.0,10.0,782.0,3518.0,False,False
006208,2022-10-26 12:45:20.687961,0.000889679715302405,-0.002664298401420906,0.04999999999999716,-0.14999999999999858,56.15,56.2,56.25,56.3,12.0,10.0,917.0,3518.0,True,True
006208,2022-10-26 12:45:20.829321,0.000889679715302405,-0.002664298401420906,0.04999999999999716,-0.14999999999999858,56.15,56.2,56.25,56.3,12.0,10.0,917.0,3518.0,False,False
006208,2022-10-26 12:45:20.829324,0.000889679715302405,-0.002664298401420906,0.04999999999999716,-0.14999999999999858,56.15,56.2,56.25,56.3,12.0,10.0,917.0,3518.0,False,False
006208,2022-10-26 12:45:21.896736,0.000889679715302405,-0.002664298401420906,0.04999999999999716,-0.14999999999999858,56.15,56.2,56.25,56.3,12.0,10.0,917.0,3518.0,False,False
006208,2022-10-26 12:45:21.896846,0.000889679715302405,-0.002664298401420906,0.04999999999999716,-0.14999999999999858,56.15,56.2,56.25,56.3,12.0,10.0,917.0,3518.0,False,False
006208,2022-10-26 12:45:22.310163,0.000889679715302405,-0.002664298401420906,0.04999999999999716,-0.14999999999999858,56.15,56.2,56.25,56.3,12.0,10.0,917.0,3518.0,False,False
006208,2022-10-26 12:45:24.173737,0.000889679715302405,-0.002664298401420906,0.04999999999999716,-0.14999999999999858,56.15,56.2,56.25,56.3,12.0,10.0,917.0,3518.0,False,False
006208,2022-10-26 12:45:24.184555,0.000889679715302405,-0.002664298401420906,0.04999999999999716,-0.14999999999999858,56.15,56.2,56.25,56.3,12.0,10.0,917.0,3518.0,False,False
006208,2022-10-26 12:45:24.323051,0.000889679715302405,-0.002664298401420906,0.04999999999999716,-0.14999999999999858,56.15,56.2,56.25,56.3,12.0,10.0,917.0,3518.0,False,False
006208,2022-10-26 12:45:25.912641,0.000889679715302405,-0.002664298401420906,0.04999999999999716,-0.14999999999999858,56.15,56.2,56.25,56.3,12.0,8.0,917.0,3518.0,False,False
006208,2022-10-26 12:45:31.862544,0.000889679715302405,-0.002664298401420906,0.04999999999999716,-0.14999999999999858,56.15,56.2,56.25,56.3,12.0,8.0,917.0,3518.0,False,False
006208,2022-10-26 12:45:31.941309,0.000889679715302405,-0.002664298401420906,0.04999999999999716,-0.14999999999999858,56.15,56.2,56.25,56.3,12.0,8.0,917.0,3518.0,False,False
006208,2022-10-26 12:45:32.802403,0.000889679715302405,-0.002664298401420906,0.04999999999999716,-0.14999999999999858,56.15,56.2,56.25,56.3,12.0,48.0,917.0,3518.0,False,False
006208,2022-10-26 12:45:33.289338,0.000889679715302405,-0.002664298401420906,0.04999999999999716,-0.14999999999999858,56.15,56.2,56.25,56.3,12.0,8.0,917.0,3518.0,False,False
006208,2022-10-26 12:45:34.286449,0.000889679715302405,-0.002664298401420906,0.04999999999999716,-0.14999999999999858,56.15,56.2,56.25,56.3,12.0,8.0,917.0,3518.0,False,False
006208,2022-10-26 12:45:34.289476,0.000889679715302405,-0.002664298401420906,0.04999999999999716,-0.14999999999999858,56.15,56.2,56.25,56.3,12.0,8.0,917.0,3518.0,False,False
006208,2022-10-26 12:45:34.422505,0.000889679715302405,-0.002664298401420906,0.04999999999999716,-0.14999999999999858,56.15,56.2,56.25,56.3,12.0,8.0,917.0,3518.0,False,False
006208,2022-10-26 12:45:36.230234,0.000889679715302405,-0.002664298401420906,0.04999999999999716,-0.14999999999999858,56.15,56.2,56.25,56.3,12.0,8.0,917.0,3518.0,False,False
006208,2022-10-26 12:45:36.230254,0.000889679715302405,-0.002664298401420906,0.04999999999999716,-0.14999999999999858,56.15,56.2,56.25,56.3,12.0,8.0,917.0,3518.0,False,False
006208,2022-10-26 12:45:36.464607,0.000889679715302405,-0.002664298401420906,0.04999999999999716,-0.14999999999999858,56.15,56.2,56.25,56.3,12.0,8.0,917.0,3518.0,False,False
006208,2022-10-26 12:45:37.498911,0.000889679715302405,-0.002664298401420906,0.04999999999999716,-0.14999999999999858,56.15,56.2,56.25,56.3,12.0,8.0,917.0,3518.0,False,False
006208,2022-10-26 12:45:37.516597,0.000889679715302405,-0.002664298401420906,0.04999999999999716,-0.14999999999999858,56.15,56.2,56.25,56.3,12.0,8.0,917.0,3518.0,False,False
006208,2022-10-26 12:45:37.605301,0.000889679715302405,-0.002664298401420906,0.04999999999999716,-0.14999999999999858,56.15,56.2,56.25,56.3,12.0,83.0,917.0,3518.0,False,False
006208,2022-10-26 12:45:38.317820,0.000889679715302405,-0.002664298401420906,0.04999999999999716,-0.14999999999999858,56.15,56.2,56.25,56.3,12.0,123.0,917.0,3518.0,False,False
006208,2022-10-26 12:45:38.497962,0.000889679715302405,-0.002664298401420906,0.04999999999999716,-0.14999999999999858,56.15,56.2,56.25,56.3,12.0,223.0,917.0,3518.0,False,False
006208,2022-10-26 12:45:38.497997,0.000889679715302405,-0.002664298401420906,0.04999999999999716,-0.14999999999999858,56.15,56.2,56.25,56.3,12.0,223.0,917.0,3518.0,False,False
006208,2022-10-26 12:45:38.807464,0.000889679715302405,-0.002664298401420906,0.04999999999999716,-0.14999999999999858,56.15,56.2,56.25,56.3,12.0,223.0,917.0,3518.0,False,False
006208,2022-10-26 12:45:38.807624,0.000889679715302405,-0.002664298401420906,0.04999999999999716,-0.14999999999999858,56.15,56.2,56.25,56.3,12.0,223.0,917.0,3518.0,False,False
006208,2022-10-26 12:45:39.784347,0.000889679715302405,-0.002664298401420906,0.04999999999999716,-0.14999999999999858,56.15,56.2,56.25,56.3,12.0,223.0,917.0,3518.0,False,False
006208,2022-10-26 12:45:39.845240,0.000889679715302405,-0.002664298401420906,0.04999999999999716,-0.14999999999999858,56.15,56.2,56.25,56.3,12.0,223.0,917.0,3518.0,False,False
006208,2022-10-26 12:45:39.921972,0.000889679715302405,-0.002664298401420906,0.04999999999999716,-0.14999999999999858,56.15,56.2,56.25,56.3,12.0,223.0,917.0,3518.0,False,False
006208,2022-10-26 12:45:40.235327,0.000889679715302405,-0.002664298401420906,0.04999999999999716,-0.14999999999999858,56.15,56.2,56.25,56.3,12.0,223.0,917.0,3518.0,False,False
006208,2022-10-26 12:45:40.389408,0.000889679715302405,-0.002664298401420906,0.04999999999999716,-0.14999999999999858,56.15,56.2,56.25,56.3,12.0,223.0,917.0,3518.0,False,False
006208,2022-10-26 12:45:40.457993,0.000889679715302405,-0.002664298401420906,0.04999999999999716,-0.14999999999999858,56.15,56.2,56.25,56.3,12.0,263.0,917.0,3518.0,False,False
006208,2022-10-26 12:45:40.738844,0.000889679715302405,-0.002664298401420906,0.04999999999999716,-0.14999999999999858,56.15,56.2,56.25,56.3,12.0,263.0,917.0,4517.0,True,True
006208,2022-10-26 12:45:40.924155,0.000889679715302405,-0.002664298401420906,0.04999999999999716,-0.14999999999999858,56.15,56.2,56.25,56.3,12.0,263.0,917.0,4517.0,False,False
006208,2022-10-26 12:45:40.939550,0.000889679715302405,-0.002664298401420906,0.04999999999999716,-0.14999999999999858,56.15,56.2,56.25,56.3,12.0,313.0,917.0,4517.0,False,False
006208,2022-10-26 12:45:41.319087,0.000889679715302405,-0.002664298401420906,0.04999999999999716,-0.14999999999999858,56.15,56.2,56.25,56.3,12.0,263.0,917.0,4517.0,False,False
006208,2022-10-26 12:45:41.329832,0.000889679715302405,-0.002664298401420906,0.04999999999999716,-0.14999999999999858,56.15,56.2,56.25,56.3,12.0,263.0,917.0,4517.0,False,False
006208,2022-10-26 12:45:41.778036,0.000889679715302405,-0.002664298401420906,0.04999999999999716,-0.14999999999999858,56.15,56.2,56.25,56.3,12.0,263.0,917.0,4517.0,False,False
006208,2022-10-26 12:45:41.786464,0.000889679715302405,-0.002664298401420906,0.04999999999999716,-0.14999999999999858,56.15,56.2,56.25,56.3,12.0,263.0,917.0,4517.0,False,False
006208,2022-10-26 12:45:42.509292,0.000889679715302405,-0.002664298401420906,0.04999999999999716,-0.14999999999999858,56.15,56.2,56.25,56.3,12.0,263.0,917.0,4517.0,False,False
006208,2022-10-26 12:45:42.509412,0.000889679715302405,-0.002664298401420906,0.04999999999999716,-0.14999999999999858,56.15,56.2,56.25,56.3,12.0,263.0,917.0,4517.0,False,False
006208,2022-10-26 12:45:44.400790,0.000889679715302405,-0.002664298401420906,0.04999999999999716,-0.14999999999999858,56.15,56.2,56.25,56.3,12.0,263.0,917.0,4517.0,False,False
006208,2022-10-26 12:45:44.403836,0.000889679715302405,-0.002664298401420906,0.04999999999999716,-0.14999999999999858,56.15,56.2,56.25,56.3,12.0,263.0,917.0,4517.0,False,False
006208,2022-10-26 12:45:44.537799,0.000889679715302405,-0.002664298401420906,0.04999999999999716,-0.14999999999999858,56.15,56.2,56.25,56.3,12.0,263.0,917.0,4517.0,False,False
006208,2022-10-26 12:45:45.032841,0.000889679715302405,-0.002664298401420906,0.04999999999999716,-0.14999999999999858,56.15,56.2,56.25,56.3,12.0,263.0,917.0,4517.0,False,False
006208,2022-10-26 12:45:45.044641,0.000889679715302405,-0.002664298401420906,0.04999999999999716,-0.14999999999999858,56.15,56.2,56.25,56.3,12.0,313.0,917.0,4517.0,False,False
006208,2022-10-26 12:45:45.719609,0.000889679715302405,-0.002664298401420906,0.04999999999999716,-0.14999999999999858,56.15,56.2,56.25,56.3,12.0,313.0,917.0,4517.0,False,False
006208,2022-10-26 12:45:45.719626,0.000889679715302405,-0.002664298401420906,0.04999999999999716,-0.14999999999999858,56.15,56.2,56.25,56.3,12.0,313.0,917.0,4517.0,False,False
006208,2022-10-26 12:45:48.675696,0.000889679715302405,-0.002664298401420906,0.04999999999999716,-0.14999999999999858,56.15,56.2,56.25,56.3,12.0,313.0,917.0,4517.0,False,False
006208,2022-10-26 12:45:49.396936,0.000889679715302405,-0.002664298401420906,0.04999999999999716,-0.14999999999999858,56.15,56.2,56.25,56.3,12.0,363.0,917.0,4517.0,False,False
006208,2022-10-26 12:45:53.792400,0.000889679715302405,-0.002664298401420906,0.04999999999999716,-0.14999999999999858,56.15,56.2,56.25,56.3,12.0,363.0,917.0,4517.0,False,False
006208,2022-10-26 12:45:53.809925,0.000889679715302405,-0.002664298401420906,0.04999999999999716,-0.14999999999999858,56.15,56.2,56.25,56.3,12.0,313.0,917.0,4517.0,False,False
006208,2022-10-26 12:45:54.515185,0.000889679715302405,-0.002664298401420906,0.04999999999999716,-0.14999999999999858,56.15,56.2,56.25,56.3,12.0,313.0,917.0,4517.0,False,False
006208,2022-10-26 12:45:54.518146,0.000889679715302405,-0.002664298401420906,0.04999999999999716,-0.14999999999999858,56.15,56.2,56.25,56.3,12.0,313.0,917.0,4517.0,False,False
006208,2022-10-26 12:45:54.661869,0.000889679715302405,-0.002664298401420906,0.04999999999999716,-0.14999999999999858,56.15,56.2,56.25,56.3,12.0,313.0,917.0,4517.0,False,False
006208,2022-10-26 12:45:55.003088,0.000889679715302405,-0.002664298401420906,0.04999999999999716,-0.14999999999999858,56.15,56.2,56.25,56.3,12.0,313.0,917.0,4517.0,False,False
006208,2022-10-26 12:45:55.023234,0.000889679715302405,-0.002664298401420906,0.04999999999999716,-0.14999999999999858,56.15,56.2,56.25,56.3,12.0,313.0,917.0,4517.0,False,False
006208,2022-10-26 12:45:55.591044,0.000889679715302405,-0.002664298401420906,0.04999999999999716,-0.14999999999999858,56.15,56.2,56.25,56.3,10.0,313.0,917.0,4517.0,False,False
006208,2022-10-26 12:45:55.720660,0.000889679715302405,-0.002664298401420906,0.04999999999999716,-0.14999999999999858,56.15,56.2,56.25,56.3,9.0,313.0,917.0,4517.0,False,False
006208,2022-10-26 12:46:01.323968,0.000889679715302405,-0.002664298401420906,0.04999999999999716,-0.14999999999999858,56.15,56.2,56.25,56.3,9.0,313.0,917.0,4517.0,False,False
006208,2022-10-26 12:46:01.340080,0.000889679715302405,-0.002664298401420906,0.04999999999999716,-0.14999999999999858,56.15,56.2,56.25,56.3,9.0,363.0,917.0,4517.0,False,False
006208,2022-10-26 12:46:02.108101,0.000889679715302405,-0.002664298401420906,0.04999999999999716,-0.14999999999999858,56.15,56.2,56.25,56.3,9.0,363.0,917.0,4517.0,False,False
006208,2022-10-26 12:46:02.108177,0.000889679715302405,-0.002664298401420906,0.04999999999999716,-0.14999999999999858,56.15,56.2,56.25,56.3,9.0,363.0,917.0,4517.0,False,False
006208,2022-10-26 12:46:02.857143,0.000889679715302405,-0.002664298401420906,0.04999999999999716,-0.14999999999999858,56.15,56.2,56.25,56.3,9.0,363.0,917.0,4517.0,False,False
006208,2022-10-26 12:46:02.857251,0.000889679715302405,-0.002664298401420906,0.04999999999999716,-0.14999999999999858,56.15,56.2,56.25,56.3,9.0,363.0,917.0,4517.0,False,False
006208,2022-10-26 12:46:04.631347,0.000889679715302405,-0.002664298401420906,0.04999999999999716,-0.14999999999999858,56.15,56.2,56.25,56.3,9.0,363.0,917.0,4517.0,False,False
006208,2022-10-26 12:46:04.634395,0.000889679715302405,-0.002664298401420906,0.04999999999999716,-0.14999999999999858,56.15,56.2,56.25,56.3,9.0,363.0,917.0,4517.0,False,False
006208,2022-10-26 12:46:04.766674,0.000889679715302405,-0.002664298401420906,0.04999999999999716,-0.14999999999999858,56.15,56.2,56.25,56.3,9.0,363.0,917.0,4517.0,False,False
006208,2022-10-26 12:46:09.570224,0.000889679715302405,-0.002664298401420906,0.04999999999999716,-0.14999999999999858,56.15,56.2,56.25,56.3,9.0,363.0,917.0,4517.0,False,False
006208,2022-10-26 12:46:09.596549,0.000889679715302405,-0.002664298401420906,0.04999999999999716,-0.14999999999999858,56.15,56.2,56.25,56.3,9.0,363.0,917.0,4517.0,False,False
006208,2022-10-26 12:46:09.849139,0.000889679715302405,-0.002664298401420906,0.04999999999999716,-0.14999999999999858,56.15,56.2,56.25,56.3,9.0,363.0,1117.0,4517.0,False,True
006208,2022-10-26 12:46:10.469242,0.000889679715302405,-0.002664298401420906,0.04999999999999716,-0.14999999999999858,56.15,56.2,56.25,56.3,7.0,363.0,1117.0,4517.0,False,False
006208,2022-10-26 12:46:10.470455,0.000889679715302405,-0.002664298401420906,0.04999999999999716,-0.14999999999999858,56.15,56.2,56.25,56.3,2.0,363.0,1117.0,4517.0,False,False
006208,2022-10-26 12:46:10.869100,0.000889679715302405,-0.002664298401420906,0.04999999999999716,-0.14999999999999858,56.15,56.2,56.25,56.3,2.0,363.0,1117.0,4517.0,False,False
006208,2022-10-26 12:46:10.985019,0.000889679715302405,-0.002664298401420906,0.04999999999999716,-0.14999999999999858,56.15,56.2,56.25,56.3,2.0,363.0,1117.0,4517.0,False,False
006208,2022-10-26 12:46:12.072590,0.000889679715302405,-0.002664298401420906,0.04999999999999716,-0.14999999999999858,56.15,56.2,56.25,56.3,2.0,363.0,1117.0,4517.0,False,False
006208,2022-10-26 12:46:12.072730,0.000889679715302405,-0.002664298401420906,0.04999999999999716,-0.14999999999999858,56.15,56.2,56.25,56.3,2.0,363.0,1117.0,4517.0,False,False
006208,2022-10-26 12:46:12.809084,0.000889679715302405,-0.002664298401420906,0.04999999999999716,-0.14999999999999858,56.15,56.2,56.25,56.3,2.0,313.0,1117.0,4517.0,False,False
006208,2022-10-26 12:46:12.820658,0.000889679715302405,-0.002664298401420906,0.04999999999999716,-0.14999999999999858,56.15,56.2,56.25,56.3,2.0,313.0,1117.0,4517.0,False,False
006208,2022-10-26 12:46:13.026952,0.0017809439002671734,-0.003552397868561208,0.10000000000000142,-0.19999999999999574,56.1,56.15,56.25,56.3,160.0,8.0,1117.0,4517.0,False,False
006208,2022-10-26 12:46:13.055254,0.0017809439002671734,-0.003552397868561208,0.10000000000000142,-0.19999999999999574,56.1,56.15,56.25,56.3,160.0,8.0,1117.0,4517.0,False,False
006208,2022-10-26 12:46:13.100663,0.0017809439002671734,-0.003552397868561208,0.10000000000000142,-0.19999999999999574,56.1,56.15,56.25,56.3,120.0,8.0,1117.0,4517.0,False,False
006208,2022-10-26 12:46:13.224274,0.0017809439002671734,-0.003552397868561208,0.10000000000000142,-0.19999999999999574,56.1,56.15,56.25,56.3,120.0,8.0,1117.0,4517.0,False,False
006208,2022-10-26 12:46:13.323125,0.0017809439002671734,-0.003552397868561208,0.10000000000000142,-0.19999999999999574,56.1,56.15,56.25,56.3,120.0,8.0,1117.0,4517.0,False,False
006208,2022-10-26 12:46:14.085086,0.0017809439002671734,-0.003552397868561208,0.10000000000000142,-0.19999999999999574,56.1,56.15,56.25,56.3,120.0,8.0,1117.0,4517.0,False,False
006208,2022-10-26 12:46:14.097600,0.0017809439002671734,-0.003552397868561208,0.10000000000000142,-0.19999999999999574,56.1,56.15,56.25,56.3,86.0,8.0,1117.0,4517.0,False,False
006208,2022-10-26 12:46:14.628794,0.0017809439002671734,-0.003552397868561208,0.10000000000000142,-0.19999999999999574,56.1,56.15,56.25,56.3,87.0,8.0,1117.0,4517.0,False,False
006208,2022-10-26 12:46:15.508681,0.0017809439002671734,-0.003552397868561208,0.10000000000000142,-0.19999999999999574,56.1,56.15,56.25,56.3,87.0,8.0,1117.0,4517.0,False,False
006208,2022-10-26 12:46:15.518795,0.0017809439002671734,-0.003552397868561208,0.10000000000000142,-0.19999999999999574,56.1,56.15,56.25,56.3,87.0,8.0,1117.0,4517.0,False,False
006208,2022-10-26 12:46:15.648445,0.0017809439002671734,-0.003552397868561208,0.10000000000000142,-0.19999999999999574,56.1,56.15,56.25,56.3,87.0,8.0,1117.0,4517.0,False,False
006208,2022-10-26 12:46:16.081637,0.0017809439002671734,-0.003552397868561208,0.10000000000000142,-0.19999999999999574,56.1,56.15,56.25,56.3,87.0,8.0,1117.0,4517.0,False,False
006208,2022-10-26 12:46:16.081767,0.0017809439002671734,-0.003552397868561208,0.10000000000000142,-0.19999999999999574,56.1,56.15,56.25,56.3,87.0,8.0,1117.0,4517.0,False,False
006208,2022-10-26 12:46:16.198360,0.0017809439002671734,-0.003552397868561208,0.10000000000000142,-0.19999999999999574,56.1,56.15,56.25,56.3,87.0,8.0,1117.0,4517.0,False,False
006208,2022-10-26 12:46:16.225335,0.0017809439002671734,-0.003552397868561208,0.10000000000000142,-0.19999999999999574,56.1,56.15,56.25,56.3,87.0,8.0,1117.0,4517.0,False,False
006208,2022-10-26 12:46:19.683690,0.0017809439002671734,-0.003552397868561208,0.10000000000000142,-0.19999999999999574,56.1,56.15,56.25,56.3,87.0,8.0,1117.0,4517.0,False,False
006208,2022-10-26 12:46:19.683828,0.0017809439002671734,-0.003552397868561208,0.10000000000000142,-0.19999999999999574,56.1,56.15,56.25,56.3,87.0,8.0,1117.0,4517.0,False,False
006208,2022-10-26 12:46:19.812598,0.0017809439002671734,-0.003552397868561208,0.10000000000000142,-0.19999999999999574,56.1,56.15,56.25,56.3,89.0,8.0,1117.0,4517.0,False,False
006208,2022-10-26 12:46:19.900288,0.0017809439002671734,-0.003552397868561208,0.10000000000000142,-0.19999999999999574,56.1,56.15,56.25,56.3,89.0,8.0,1130.0,4517.0,True,True
006208,2022-10-26 12:46:20.357763,0.0017809439002671734,-0.003552397868561208,0.10000000000000142,-0.19999999999999574,56.1,56.15,56.25,56.3,89.0,8.0,1130.0,4517.0,False,False
006208,2022-10-26 12:46:20.357886,0.0017809439002671734,-0.003552397868561208,0.10000000000000142,-0.19999999999999574,56.1,56.15,56.25,56.3,89.0,8.0,1130.0,4517.0,False,False
006208,2022-10-26 12:46:21.020203,0.0017809439002671734,-0.003552397868561208,0.10000000000000142,-0.19999999999999574,56.1,56.15,56.25,56.3,89.0,8.0,1130.0,4517.0,False,False
006208,2022-10-26 12:46:21.020227,0.0017809439002671734,-0.003552397868561208,0.10000000000000142,-0.19999999999999574,56.1,56.15,56.25,56.3,89.0,8.0,1130.0,4517.0,False,False
006208,2022-10-26 12:46:21.657135,0.0017809439002671734,-0.003552397868561208,0.10000000000000142,-0.19999999999999574,56.1,56.15,56.25,56.3,89.0,8.0,1130.0,4517.0,False,False
006208,2022-10-26 12:46:21.657366,0.0017809439002671734,-0.003552397868561208,0.10000000000000142,-0.19999999999999574,56.1,56.15,56.25,56.3,89.0,8.0,1130.0,4517.0,False,False
006208,2022-10-26 12:46:23.211141,0.0017809439002671734,-0.003552397868561208,0.10000000000000142,-0.19999999999999574,56.1,56.15,56.25,56.3,89.0,8.0,1130.0,4517.0,False,False
006208,2022-10-26 12:46:23.214269,0.0017809439002671734,-0.003552397868561208,0.10000000000000142,-0.19999999999999574,56.1,56.15,56.25,56.3,89.0,8.0,1130.0,4517.0,False,False
006208,2022-10-26 12:46:23.344946,0.0017809439002671734,-0.003552397868561208,0.10000000000000142,-0.19999999999999574,56.1,56.15,56.25,56.3,89.0,8.0,1130.0,4517.0,False,False
006208,2022-10-26 12:46:24.264770,0.0017809439002671734,-0.003552397868561208,0.10000000000000142,-0.19999999999999574,56.1,56.15,56.25,56.3,89.0,8.0,1130.0,4517.0,False,False
006208,2022-10-26 12:46:24.264891,0.0017809439002671734,-0.003552397868561208,0.10000000000000142,-0.19999999999999574,56.1,56.15,56.25,56.3,89.0,8.0,1130.0,4517.0,False,False
006208,2022-10-26 12:46:25.115826,0.0017809439002671734,-0.003552397868561208,0.10000000000000142,-0.19999999999999574,56.1,56.15,56.25,56.3,89.0,8.0,1130.0,4517.0,False,False
006208,2022-10-26 12:46:25.115938,0.0017809439002671734,-0.003552397868561208,0.10000000000000142,-0.19999999999999574,56.1,56.15,56.25,56.3,89.0,8.0,1130.0,4517.0,False,False
006208,2022-10-26 12:46:26.125513,0.0017809439002671734,-0.003552397868561208,0.10000000000000142,-0.19999999999999574,56.1,56.15,56.25,56.3,89.0,8.0,1130.0,4517.0,False,False
006208,2022-10-26 12:46:26.125697,0.0017809439002671734,-0.003552397868561208,0.10000000000000142,-0.19999999999999574,56.1,56.15,56.25,56.3,89.0,8.0,1130.0,4517.0,False,False
006208,2022-10-26 12:46:26.491172,0.0017809439002671734,-0.003552397868561208,0.10000000000000142,-0.19999999999999574,56.1,56.15,56.25,56.3,89.0,8.0,1130.0,4517.0,False,False
006208,2022-10-26 12:46:26.944446,0.0017809439002671734,-0.003552397868561208,0.10000000000000142,-0.19999999999999574,56.1,56.15,56.25,56.3,89.0,8.0,1130.0,4517.0,False,False
006208,2022-10-26 12:46:26.944595,0.0017809439002671734,-0.003552397868561208,0.10000000000000142,-0.19999999999999574,56.1,56.15,56.25,56.3,89.0,8.0,1130.0,4517.0,False,False
006208,2022-10-26 12:46:27.474802,0.0017809439002671734,-0.003552397868561208,0.10000000000000142,-0.19999999999999574,56.1,56.15,56.25,56.3,89.0,8.0,1130.0,4517.0,False,False
006208,2022-10-26 12:46:27.483777,0.0017809439002671734,-0.003552397868561208,0.10000000000000142,-0.19999999999999574,56.1,56.15,56.25,56.3,89.0,48.0,1130.0,4517.0,False,False
006208,2022-10-26 12:46:27.575485,0.0017809439002671734,-0.003552397868561208,0.10000000000000142,-0.19999999999999574,56.1,56.15,56.25,56.3,89.0,48.0,1130.0,4517.0,False,False
006208,2022-10-26 12:46:27.704793,0.0017809439002671734,-0.003552397868561208,0.10000000000000142,-0.19999999999999574,56.1,56.15,56.25,56.3,89.0,8.0,1130.0,4517.0,False,False
006208,2022-10-26 12:46:28.323072,0.0017809439002671734,-0.003552397868561208,0.10000000000000142,-0.19999999999999574,56.1,56.15,56.25,56.3,89.0,8.0,1130.0,4517.0,False,False
006208,2022-10-26 12:46:28.472578,0.0017809439002671734,-0.003552397868561208,0.10000000000000142,-0.19999999999999574,56.1,56.15,56.25,56.3,89.0,8.0,1130.0,4517.0,False,False
006208,2022-10-26 12:46:28.472694,0.0017809439002671734,-0.003552397868561208,0.10000000000000142,-0.19999999999999574,56.1,56.15,56.25,56.3,89.0,8.0,1130.0,4517.0,False,False
006208,2022-10-26 12:46:28.500886,0.0017809439002671734,-0.003552397868561208,0.10000000000000142,-0.19999999999999574,56.1,56.15,56.25,56.3,89.0,8.0,1130.0,4517.0,False,False
006208,2022-10-26 12:46:29.000690,0.0017809439002671734,-0.003552397868561208,0.10000000000000142,-0.19999999999999574,56.1,56.15,56.25,56.3,89.0,8.0,1130.0,4517.0,False,False
006208,2022-10-26 12:46:29.000840,0.0017809439002671734,-0.003552397868561208,0.10000000000000142,-0.19999999999999574,56.1,56.15,56.25,56.3,89.0,8.0,1130.0,4517.0,False,False
006208,2022-10-26 12:46:29.743983,0.0017809439002671734,-0.003552397868561208,0.10000000000000142,-0.19999999999999574,56.1,56.15,56.25,56.3,89.0,8.0,1130.0,4517.0,False,False
006208,2022-10-26 12:46:29.744129,0.0017809439002671734,-0.003552397868561208,0.10000000000000142,-0.19999999999999574,56.1,56.15,56.25,56.3,89.0,8.0,1130.0,4517.0,False,False
006208,2022-10-26 12:46:29.932010,0.0017809439002671734,-0.003552397868561208,0.10000000000000142,-0.19999999999999574,56.1,56.15,56.25,56.3,89.0,8.0,1130.0,4517.0,True,True
006208,2022-10-26 12:46:30.952308,0.0017809439002671734,-0.003552397868561208,0.10000000000000142,-0.19999999999999574,56.1,56.15,56.25,56.3,89.0,8.0,1130.0,4517.0,False,False
006208,2022-10-26 12:46:30.952444,0.0017809439002671734,-0.003552397868561208,0.10000000000000142,-0.19999999999999574,56.1,56.15,56.25,56.3,89.0,8.0,1130.0,4517.0,False,False
006208,2022-10-26 12:46:31.052825,0.0017809439002671734,-0.003552397868561208,0.10000000000000142,-0.19999999999999574,56.1,56.15,56.25,56.3,89.0,8.0,1130.0,4517.0,False,False
006208,2022-10-26 12:46:32.641509,0.0017809439002671734,-0.003552397868561208,0.10000000000000142,-0.19999999999999574,56.1,56.15,56.25,56.3,89.0,8.0,1130.0,4517.0,False,False
006208,2022-10-26 12:46:32.641526,0.0017809439002671734,-0.003552397868561208,0.10000000000000142,-0.19999999999999574,56.1,56.15,56.25,56.3,89.0,8.0,1130.0,4517.0,False,False
006208,2022-10-26 12:46:33.320148,0.0017809439002671734,-0.003552397868561208,0.10000000000000142,-0.19999999999999574,56.1,56.15,56.25,56.3,89.0,8.0,1130.0,4517.0,False,False
006208,2022-10-26 12:46:33.337150,0.0017809439002671734,-0.003552397868561208,0.10000000000000142,-0.19999999999999574,56.1,56.15,56.25,56.3,89.0,8.0,1130.0,4517.0,False,False
006208,2022-10-26 12:46:33.469546,0.0017809439002671734,-0.003552397868561208,0.10000000000000142,-0.19999999999999574,56.1,56.15,56.25,56.3,89.0,8.0,1130.0,4517.0,False,False
006208,2022-10-26 12:46:39.964335,0.0017809439002671734,-0.003552397868561208,0.10000000000000142,-0.19999999999999574,56.1,56.15,56.25,56.3,89.0,8.0,1030.0,4517.0,True,True
006208,2022-10-26 12:46:43.435195,0.0017809439002671734,-0.003552397868561208,0.10000000000000142,-0.19999999999999574,56.1,56.15,56.25,56.3,89.0,8.0,1030.0,4517.0,False,False
006208,2022-10-26 12:46:43.439458,0.0017809439002671734,-0.003552397868561208,0.10000000000000142,-0.19999999999999574,56.1,56.15,56.25,56.3,89.0,8.0,1030.0,4517.0,False,False
006208,2022-10-26 12:46:43.571850,0.0017809439002671734,-0.003552397868561208,0.10000000000000142,-0.19999999999999574,56.1,56.15,56.25,56.3,89.0,8.0,1030.0,4517.0,False,False
006208,2022-10-26 12:46:44.141165,0.0017809439002671734,-0.003552397868561208,0.10000000000000142,-0.19999999999999574,56.1,56.15,56.25,56.3,89.0,8.0,1030.0,4517.0,False,False
006208,2022-10-26 12:46:44.146358,0.0017809439002671734,-0.003552397868561208,0.10000000000000142,-0.19999999999999574,56.1,56.15,56.25,56.3,89.0,8.0,1030.0,4517.0,False,False
006208,2022-10-26 12:46:45.747023,0.0017809439002671734,-0.003552397868561208,0.10000000000000142,-0.19999999999999574,56.1,56.15,56.25,56.3,89.0,8.0,1030.0,4517.0,False,False
006208,2022-10-26 12:46:45.752722,0.0017809439002671734,-0.003552397868561208,0.10000000000000142,-0.19999999999999574,56.1,56.15,56.25,56.3,89.0,8.0,1030.0,4517.0,False,False
006208,2022-10-26 12:46:49.011505,0.0017809439002671734,-0.003552397868561208,0.10000000000000142,-0.19999999999999574,56.1,56.15,56.25,56.3,89.0,8.0,1030.0,4517.0,False,False
006208,2022-10-26 12:46:49.016941,0.0017809439002671734,-0.003552397868561208,0.10000000000000142,-0.19999999999999574,56.1,56.15,56.25,56.3,89.0,8.0,1030.0,4517.0,False,False
006208,2022-10-26 12:46:49.888632,0.0017809439002671734,-0.003552397868561208,0.10000000000000142,-0.19999999999999574,56.1,56.15,56.25,56.3,89.0,8.0,1030.0,4517.0,False,False
006208,2022-10-26 12:46:49.894387,0.0017809439002671734,-0.003552397868561208,0.10000000000000142,-0.19999999999999574,56.1,56.15,56.25,56.3,89.0,8.0,1030.0,4517.0,False,False
006208,2022-10-26 12:46:50.003337,0.0017809439002671734,-0.003552397868561208,0.10000000000000142,-0.19999999999999574,56.1,56.15,56.25,56.3,89.0,8.0,1430.0,4517.0,True,True
006208,2022-10-26 12:46:53.551803,0.0017809439002671734,-0.003552397868561208,0.10000000000000142,-0.19999999999999574,56.1,56.15,56.25,56.3,89.0,8.0,1430.0,4517.0,False,False
006208,2022-10-26 12:46:53.557767,0.0017809439002671734,-0.003552397868561208,0.10000000000000142,-0.19999999999999574,56.1,56.15,56.25,56.3,89.0,8.0,1430.0,4517.0,False,False
006208,2022-10-26 12:46:53.689725,0.0017809439002671734,-0.003552397868561208,0.10000000000000142,-0.19999999999999574,56.1,56.15,56.25,56.3,89.0,8.0,1430.0,4517.0,False,False
006208,2022-10-26 12:46:55.996911,0.0017809439002671734,-0.003552397868561208,0.10000000000000142,-0.19999999999999574,56.1,56.15,56.25,56.3,89.0,8.0,1430.0,4517.0,False,False
006208,2022-10-26 12:46:56.002447,0.0017809439002671734,-0.003552397868561208,0.10000000000000142,-0.19999999999999574,56.1,56.15,56.25,56.3,89.0,8.0,1430.0,4517.0,False,False
006208,2022-10-26 12:46:56.759564,0.0017809439002671734,-0.003552397868561208,0.10000000000000142,-0.19999999999999574,56.1,56.15,56.25,56.3,89.0,8.0,1430.0,4517.0,False,False
006208,2022-10-26 12:46:56.759648,0.0017809439002671734,-0.003552397868561208,0.10000000000000142,-0.19999999999999574,56.1,56.15,56.25,56.3,89.0,8.0,1430.0,4517.0,False,False
006208,2022-10-26 12:46:56.830673,0.0017809439002671734,-0.003552397868561208,0.10000000000000142,-0.19999999999999574,56.1,56.15,56.25,56.3,89.0,8.0,1430.0,4517.0,False,False
006208,2022-10-26 12:46:57.379119,0.0017809439002671734,-0.003552397868561208,0.10000000000000142,-0.19999999999999574,56.1,56.15,56.25,56.3,89.0,8.0,1430.0,4517.0,False,False
006208,2022-10-26 12:46:57.379376,0.0017809439002671734,-0.003552397868561208,0.10000000000000142,-0.19999999999999574,56.1,56.15,56.25,56.3,89.0,8.0,1430.0,4517.0,False,False
006208,2022-10-26 12:46:58.058605,0.0017809439002671734,-0.003552397868561208,0.10000000000000142,-0.19999999999999574,56.1,56.15,56.25,56.3,89.0,8.0,1430.0,4517.0,False,False
006208,2022-10-26 12:46:58.058643,0.0017809439002671734,-0.003552397868561208,0.10000000000000142,-0.19999999999999574,56.1,56.15,56.25,56.3,89.0,8.0,1430.0,4517.0,False,False
006208,2022-10-26 12:47:00.040598,0.0017809439002671734,-0.003552397868561208,0.10000000000000142,-0.19999999999999574,56.1,56.15,56.25,56.3,89.0,8.0,584.0,4517.0,True,True
006208,2022-10-26 12:47:00.439861,0.0017809439002671734,-0.003552397868561208,0.10000000000000142,-0.19999999999999574,56.1,56.15,56.25,56.3,89.0,8.0,584.0,4517.0,False,False
006208,2022-10-26 12:47:01.264254,0.0017809439002671734,-0.003552397868561208,0.10000000000000142,-0.19999999999999574,56.1,56.15,56.25,56.3,89.0,8.0,584.0,4517.0,False,False
006208,2022-10-26 12:47:01.265095,0.0017809439002671734,-0.003552397868561208,0.10000000000000142,-0.19999999999999574,56.1,56.15,56.25,56.3,89.0,8.0,584.0,4517.0,False,False
006208,2022-10-26 12:47:01.836465,0.0017809439002671734,-0.003552397868561208,0.10000000000000142,-0.19999999999999574,56.1,56.15,56.25,56.3,89.0,8.0,584.0,4517.0,False,False
006208,2022-10-26 12:47:01.836762,0.0017809439002671734,-0.003552397868561208,0.10000000000000142,-0.19999999999999574,56.1,56.15,56.25,56.3,89.0,8.0,584.0,4517.0,False,False
006208,2022-10-26 12:47:02.006479,0.0017809439002671734,-0.003552397868561208,0.10000000000000142,-0.19999999999999574,56.1,56.15,56.25,56.3,89.0,8.0,584.0,4517.0,False,False
006208,2022-10-26 12:47:02.006573,0.0017809439002671734,-0.003552397868561208,0.10000000000000142,-0.19999999999999574,56.1,56.15,56.25,56.3,89.0,8.0,584.0,4517.0,False,False
006208,2022-10-26 12:47:02.626362,0.0017809439002671734,-0.003552397868561208,0.10000000000000142,-0.19999999999999574,56.1,56.15,56.25,56.3,89.0,8.0,584.0,4517.0,False,False
006208,2022-10-26 12:47:02.626391,0.0017809439002671734,-0.003552397868561208,0.10000000000000142,-0.19999999999999574,56.1,56.15,56.25,56.3,89.0,8.0,584.0,4517.0,False,False
006208,2022-10-26 12:47:03.303525,0.0017809439002671734,-0.003552397868561208,0.10000000000000142,-0.19999999999999574,56.1,56.15,56.25,56.3,89.0,8.0,584.0,4517.0,False,False
006208,2022-10-26 12:47:03.303719,0.0017809439002671734,-0.003552397868561208,0.10000000000000142,-0.19999999999999574,56.1,56.15,56.25,56.3,89.0,8.0,584.0,4517.0,False,False
006208,2022-10-26 12:47:03.671729,0.0017809439002671734,-0.003552397868561208,0.10000000000000142,-0.19999999999999574,56.1,56.15,56.25,56.3,89.0,8.0,584.0,4517.0,False,False
006208,2022-10-26 12:47:03.675369,0.0017809439002671734,-0.003552397868561208,0.10000000000000142,-0.19999999999999574,56.1,56.15,56.25,56.3,89.0,8.0,584.0,4517.0,False,False
006208,2022-10-26 12:47:03.804696,0.0017809439002671734,-0.003552397868561208,0.10000000000000142,-0.19999999999999574,56.1,56.15,56.25,56.3,89.0,8.0,584.0,4517.0,False,False
006208,2022-10-26 12:47:04.005896,0.0017809439002671734,-0.003552397868561208,0.10000000000000142,-0.19999999999999574,56.1,56.15,56.25,56.3,89.0,8.0,584.0,4517.0,False,False
006208,2022-10-26 12:47:04.005956,0.0017809439002671734,-0.003552397868561208,0.10000000000000142,-0.19999999999999574,56.1,56.15,56.25,56.3,89.0,8.0,584.0,4517.0,False,False
006208,2022-10-26 12:47:04.486895,0.0017809439002671734,-0.003552397868561208,0.10000000000000142,-0.19999999999999574,56.1,56.15,56.25,56.3,89.0,8.0,584.0,4517.0,False,False
006208,2022-10-26 12:47:04.605799,0.0017809439002671734,-0.003552397868561208,0.10000000000000142,-0.19999999999999574,56.1,56.15,56.25,56.3,89.0,8.0,584.0,4517.0,False,False
006208,2022-10-26 12:47:08.899173,0.0017809439002671734,-0.003552397868561208,0.10000000000000142,-0.19999999999999574,56.1,56.15,56.25,56.3,89.0,8.0,584.0,4517.0,False,False
006208,2022-10-26 12:47:08.911322,0.0017809439002671734,-0.003552397868561208,0.10000000000000142,-0.19999999999999574,56.1,56.15,56.25,56.3,89.0,8.0,584.0,4517.0,False,False
006208,2022-10-26 12:47:09.912488,0.0017809439002671734,-0.003552397868561208,0.10000000000000142,-0.19999999999999574,56.1,56.15,56.25,56.3,89.0,8.0,584.0,4517.0,False,False
006208,2022-10-26 12:47:09.921232,0.0017809439002671734,-0.003552397868561208,0.10000000000000142,-0.19999999999999574,56.1,56.15,56.25,56.3,89.0,8.0,584.0,4517.0,False,False
006208,2022-10-26 12:47:10.778210,0.0017809439002671734,-0.003552397868561208,0.10000000000000142,-0.19999999999999574,56.1,56.15,56.25,56.3,89.0,8.0,584.0,4517.0,False,False
006208,2022-10-26 12:47:10.778312,0.0017809439002671734,-0.003552397868561208,0.10000000000000142,-0.19999999999999574,56.1,56.15,56.25,56.3,89.0,8.0,584.0,4517.0,False,False
006208,2022-10-26 12:47:11.392169,0.0017809439002671734,-0.003552397868561208,0.10000000000000142,-0.19999999999999574,56.1,56.15,56.25,56.3,89.0,8.0,584.0,4517.0,False,False
006208,2022-10-26 12:47:11.392234,0.0017809439002671734,-0.003552397868561208,0.10000000000000142,-0.19999999999999574,56.1,56.15,56.25,56.3,89.0,8.0,584.0,4517.0,False,False
006208,2022-10-26 12:47:13.791018,0.0017809439002671734,-0.003552397868561208,0.10000000000000142,-0.19999999999999574,56.1,56.15,56.25,56.3,89.0,8.0,584.0,4517.0,False,False
006208,2022-10-26 12:47:13.794801,0.0017809439002671734,-0.003552397868561208,0.10000000000000142,-0.19999999999999574,56.1,56.15,56.25,56.3,89.0,8.0,584.0,4517.0,False,False
006208,2022-10-26 12:47:13.929154,0.0017809439002671734,-0.003552397868561208,0.10000000000000142,-0.19999999999999574,56.1,56.15,56.25,56.3,89.0,8.0,584.0,4517.0,False,False
006208,2022-10-26 12:47:20.460700,0.0017809439002671734,-0.003552397868561208,0.10000000000000142,-0.19999999999999574,56.1,56.15,56.25,56.3,89.0,8.0,584.0,4517.0,False,False
006208,2022-10-26 12:47:20.467433,0.0017809439002671734,-0.003552397868561208,0.10000000000000142,-0.19999999999999574,56.1,56.15,56.25,56.3,89.0,8.0,584.0,4517.0,False,False
006208,2022-10-26 12:47:20.652076,0.0017809439002671734,-0.003552397868561208,0.10000000000000142,-0.19999999999999574,56.1,56.15,56.25,56.3,89.0,8.0,584.0,4517.0,False,False
006208,2022-10-26 12:47:21.267179,0.0017809439002671734,-0.003552397868561208,0.10000000000000142,-0.19999999999999574,56.1,56.15,56.25,56.3,89.0,8.0,584.0,4517.0,False,False
006208,2022-10-26 12:47:21.267322,0.0017809439002671734,-0.003552397868561208,0.10000000000000142,-0.19999999999999574,56.1,56.15,56.25,56.3,89.0,8.0,584.0,4517.0,False,False
006208,2022-10-26 12:47:21.998854,0.0017809439002671734,-0.003552397868561208,0.10000000000000142,-0.19999999999999574,56.1,56.15,56.25,56.3,89.0,8.0,584.0,4517.0,False,False
006208,2022-10-26 12:47:22.003624,0.0017809439002671734,-0.003552397868561208,0.10000000000000142,-0.19999999999999574,56.1,56.15,56.25,56.3,89.0,8.0,584.0,4517.0,False,False
006208,2022-10-26 12:47:23.060921,0.0017809439002671734,-0.003552397868561208,0.10000000000000142,-0.19999999999999574,56.1,56.15,56.25,56.3,89.0,8.0,584.0,4517.0,False,False
006208,2022-10-26 12:47:23.061067,0.0017809439002671734,-0.003552397868561208,0.10000000000000142,-0.19999999999999574,56.1,56.15,56.25,56.3,89.0,8.0,584.0,4517.0,False,False
006208,2022-10-26 12:47:23.906861,0.0017809439002671734,-0.003552397868561208,0.10000000000000142,-0.19999999999999574,56.1,56.15,56.25,56.3,89.0,8.0,584.0,4517.0,False,False
006208,2022-10-26 12:47:23.911605,0.0017809439002671734,-0.003552397868561208,0.10000000000000142,-0.19999999999999574,56.1,56.15,56.25,56.3,89.0,8.0,584.0,4517.0,False,False
006208,2022-10-26 12:47:24.077734,0.0017809439002671734,-0.003552397868561208,0.10000000000000142,-0.19999999999999574,56.1,56.15,56.25,56.3,89.0,8.0,584.0,4517.0,False,False
006208,2022-10-26 12:47:27.514492,0.0017809439002671734,-0.003552397868561208,0.10000000000000142,-0.19999999999999574,56.1,56.15,56.25,56.3,89.0,8.0,584.0,4517.0,False,False
006208,2022-10-26 12:47:29.677475,0.0017809439002671734,-0.003552397868561208,0.10000000000000142,-0.19999999999999574,56.1,56.15,56.25,56.3,89.0,7.0,584.0,4517.0,False,False
006208,2022-10-26 12:47:30.130073,0.0017809439002671734,-0.003552397868561208,0.10000000000000142,-0.19999999999999574,56.1,56.15,56.25,56.3,89.0,7.0,627.0,4517.0,True,True
006208,2022-10-26 12:47:30.969776,0.0017809439002671734,-0.003552397868561208,0.10000000000000142,-0.19999999999999574,56.1,56.15,56.25,56.3,89.0,7.0,627.0,4517.0,False,False
006208,2022-10-26 12:47:30.970023,0.0017809439002671734,-0.003552397868561208,0.10000000000000142,-0.19999999999999574,56.1,56.15,56.25,56.3,89.0,7.0,627.0,4517.0,False,False
006208,2022-10-26 12:47:31.704687,0.0017809439002671734,-0.003552397868561208,0.10000000000000142,-0.19999999999999574,56.1,56.15,56.25,56.3,89.0,7.0,627.0,4517.0,False,False
006208,2022-10-26 12:47:31.704746,0.0017809439002671734,-0.003552397868561208,0.10000000000000142,-0.19999999999999574,56.1,56.15,56.25,56.3,89.0,7.0,627.0,4517.0,False,False
006208,2022-10-26 12:47:32.631456,0.0017809439002671734,-0.003552397868561208,0.10000000000000142,-0.19999999999999574,56.1,56.15,56.25,56.3,89.0,7.0,627.0,4517.0,False,False
006208,2022-10-26 12:47:32.658622,0.0017809439002671734,-0.003552397868561208,0.10000000000000142,-0.19999999999999574,56.1,56.15,56.25,56.3,89.0,7.0,627.0,4517.0,False,False
006208,2022-10-26 12:47:33.658246,0.0017809439002671734,-0.003552397868561208,0.10000000000000142,-0.19999999999999574,56.1,56.15,56.25,56.3,189.0,7.0,627.0,4517.0,False,False
006208,2022-10-26 12:47:34.024691,0.0017809439002671734,-0.003552397868561208,0.10000000000000142,-0.19999999999999574,56.1,56.15,56.25,56.3,189.0,7.0,627.0,4517.0,False,False
006208,2022-10-26 12:47:34.038892,0.0017809439002671734,-0.003552397868561208,0.10000000000000142,-0.19999999999999574,56.1,56.15,56.25,56.3,189.0,7.0,627.0,4517.0,False,False
006208,2022-10-26 12:47:34.166876,0.0017809439002671734,-0.003552397868561208,0.10000000000000142,-0.19999999999999574,56.1,56.15,56.25,56.3,189.0,7.0,627.0,4517.0,False,False
006208,2022-10-26 12:47:34.242143,0.0017809439002671734,-0.003552397868561208,0.10000000000000142,-0.19999999999999574,56.1,56.15,56.25,56.3,189.0,7.0,627.0,4517.0,False,False
006208,2022-10-26 12:47:34.416943,0.0017809439002671734,-0.003552397868561208,0.10000000000000142,-0.19999999999999574,56.1,56.15,56.25,56.3,189.0,7.0,627.0,4517.0,False,False
006208,2022-10-26 12:47:37.168218,0.0017809439002671734,-0.003552397868561208,0.10000000000000142,-0.19999999999999574,56.1,56.15,56.25,56.3,189.0,7.0,627.0,4517.0,False,False
006208,2022-10-26 12:47:37.177859,0.0017809439002671734,-0.003552397868561208,0.10000000000000142,-0.19999999999999574,56.1,56.15,56.25,56.3,189.0,7.0,627.0,4517.0,False,False
006208,2022-10-26 12:47:39.409093,0.0017809439002671734,-0.003552397868561208,0.10000000000000142,-0.19999999999999574,56.1,56.15,56.25,56.3,189.0,6.0,627.0,4517.0,False,False
006208,2022-10-26 12:47:40.165273,0.0017809439002671734,-0.003552397868561208,0.10000000000000142,-0.19999999999999574,56.1,56.15,56.25,56.3,189.0,6.0,630.0,4517.0,True,True
006208,2022-10-26 12:47:40.543881,0.0017809439002671734,-0.003552397868561208,0.10000000000000142,-0.19999999999999574,56.1,56.15,56.25,56.3,189.0,6.0,630.0,4517.0,False,False
006208,2022-10-26 12:47:40.561069,0.0017809439002671734,-0.003552397868561208,0.10000000000000142,-0.19999999999999574,56.1,56.15,56.25,56.3,89.0,6.0,630.0,4517.0,False,False
006208,2022-10-26 12:47:40.810064,0.0017809439002671734,-0.003552397868561208,0.10000000000000142,-0.19999999999999574,56.1,56.15,56.25,56.3,89.0,6.0,630.0,4517.0,False,False
006208,2022-10-26 12:47:41.560847,0.0017809439002671734,-0.003552397868561208,0.10000000000000142,-0.19999999999999574,56.1,56.15,56.25,56.3,89.0,6.0,630.0,4517.0,False,False
006208,2022-10-26 12:47:42.083196,0.0017809439002671734,-0.003552397868561208,0.10000000000000142,-0.19999999999999574,56.1,56.15,56.25,56.3,89.0,6.0,630.0,4517.0,False,False
006208,2022-10-26 12:47:42.094146,0.0017809439002671734,-0.003552397868561208,0.10000000000000142,-0.19999999999999574,56.1,56.15,56.25,56.3,89.0,6.0,630.0,4517.0,False,False
006208,2022-10-26 12:47:44.136911,0.0017809439002671734,-0.003552397868561208,0.10000000000000142,-0.19999999999999574,56.1,56.15,56.25,56.3,89.0,6.0,630.0,4517.0,False,False
006208,2022-10-26 12:47:44.164641,0.0017809439002671734,-0.003552397868561208,0.10000000000000142,-0.19999999999999574,56.1,56.15,56.25,56.3,89.0,6.0,630.0,4517.0,False,False
006208,2022-10-26 12:47:44.278183,0.0017809439002671734,-0.003552397868561208,0.10000000000000142,-0.19999999999999574,56.1,56.15,56.25,56.3,89.0,6.0,630.0,4517.0,False,False
006208,2022-10-26 12:47:44.342278,0.0017809439002671734,-0.003552397868561208,0.10000000000000142,-0.19999999999999574,56.1,56.15,56.25,56.3,89.0,6.0,630.0,4517.0,False,False
006208,2022-10-26 12:47:44.553045,0.0017809439002671734,-0.003552397868561208,0.10000000000000142,-0.19999999999999574,56.1,56.15,56.25,56.3,89.0,6.0,630.0,4517.0,False,False
006208,2022-10-26 12:47:44.855952,0.0017809439002671734,-0.003552397868561208,0.10000000000000142,-0.19999999999999574,56.1,56.15,56.25,56.3,89.0,6.0,630.0,4517.0,False,False
006208,2022-10-26 12:47:45.164335,0.0017809439002671734,-0.003552397868561208,0.10000000000000142,-0.19999999999999574,56.1,56.15,56.25,56.3,189.0,6.0,630.0,4517.0,False,False
006208,2022-10-26 12:47:50.209716,0.0017809439002671734,-0.003552397868561208,0.10000000000000142,-0.19999999999999574,56.1,56.15,56.25,56.3,189.0,6.0,668.0,4517.0,True,True
006208,2022-10-26 12:47:52.933115,0.0017809439002671734,-0.003552397868561208,0.10000000000000142,-0.19999999999999574,56.1,56.15,56.25,56.3,189.0,11.0,668.0,4517.0,False,False
006208,2022-10-26 12:47:52.949420,0.0017809439002671734,-0.003552397868561208,0.10000000000000142,-0.19999999999999574,56.1,56.15,56.25,56.3,89.0,11.0,668.0,4517.0,False,False
006208,2022-10-26 12:47:53.949772,0.0017809439002671734,-0.003552397868561208,0.10000000000000142,-0.19999999999999574,56.1,56.15,56.25,56.3,89.0,11.0,668.0,4517.0,False,False
006208,2022-10-26 12:47:54.263315,0.0017809439002671734,-0.003552397868561208,0.10000000000000142,-0.19999999999999574,56.1,56.15,56.25,56.3,89.0,11.0,668.0,4517.0,False,False
006208,2022-10-26 12:47:54.266978,0.0017809439002671734,-0.003552397868561208,0.10000000000000142,-0.19999999999999574,56.1,56.15,56.25,56.3,89.0,11.0,668.0,4517.0,False,False
006208,2022-10-26 12:47:54.401434,0.0017809439002671734,-0.003552397868561208,0.10000000000000142,-0.19999999999999574,56.1,56.15,56.25,56.3,89.0,11.0,668.0,4517.0,False,False
006208,2022-10-26 12:47:56.653301,0.0017809439002671734,-0.003552397868561208,0.10000000000000142,-0.19999999999999574,56.1,56.15,56.25,56.3,89.0,11.0,668.0,4517.0,False,False
006208,2022-10-26 12:47:56.653427,0.0017809439002671734,-0.003552397868561208,0.10000000000000142,-0.19999999999999574,56.1,56.15,56.25,56.3,89.0,11.0,668.0,4517.0,False,False
006208,2022-10-26 12:47:57.008700,0.0017809439002671734,-0.003552397868561208,0.10000000000000142,-0.19999999999999574,56.1,56.15,56.25,56.3,89.0,10.0,668.0,4517.0,False,False
006208,2022-10-26 12:47:57.907206,0.0017809439002671734,-0.003552397868561208,0.10000000000000142,-0.19999999999999574,56.1,56.15,56.25,56.3,89.0,10.0,668.0,4517.0,False,False
006208,2022-10-26 12:47:57.923469,0.0017809439002671734,-0.003552397868561208,0.10000000000000142,-0.19999999999999574,56.1,56.15,56.25,56.3,89.0,10.0,668.0,4517.0,False,False
006208,2022-10-26 12:47:57.950149,0.0017809439002671734,-0.003552397868561208,0.10000000000000142,-0.19999999999999574,56.1,56.15,56.25,56.3,89.0,10.0,668.0,4517.0,False,False
006208,2022-10-26 12:47:58.949838,0.0017809439002671734,-0.003552397868561208,0.10000000000000142,-0.19999999999999574,56.1,56.15,56.25,56.3,189.0,10.0,668.0,4517.0,False,False
006208,2022-10-26 12:48:00.238813,0.0017809439002671734,-0.003552397868561208,0.10000000000000142,-0.19999999999999574,56.1,56.15,56.25,56.3,189.0,10.0,1165.0,4517.0,True,True
006208,2022-10-26 12:48:00.767509,0.0017809439002671734,-0.003552397868561208,0.10000000000000142,-0.19999999999999574,56.1,56.15,56.25,56.3,191.0,10.0,1165.0,4517.0,False,False
006208,2022-10-26 12:48:00.844128,0.0017809439002671734,-0.003552397868561208,0.10000000000000142,-0.19999999999999574,56.1,56.15,56.25,56.3,191.0,10.0,1165.0,4517.0,False,False
006208,2022-10-26 12:48:00.856639,0.0017809439002671734,-0.003552397868561208,0.10000000000000142,-0.19999999999999574,56.1,56.15,56.25,56.3,191.0,10.0,1165.0,4517.0,False,False
006208,2022-10-26 12:48:03.396558,0.0017809439002671734,-0.003552397868561208,0.10000000000000142,-0.19999999999999574,56.1,56.15,56.25,56.3,191.0,10.0,1165.0,4517.0,False,False
006208,2022-10-26 12:48:03.425123,0.0017809439002671734,-0.003552397868561208,0.10000000000000142,-0.19999999999999574,56.1,56.15,56.25,56.3,91.0,10.0,1165.0,4517.0,False,False
006208,2022-10-26 12:48:03.961250,0.0017809439002671734,-0.003552397868561208,0.10000000000000142,-0.19999999999999574,56.1,56.15,56.25,56.3,91.0,10.0,1165.0,4517.0,False,False
006208,2022-10-26 12:48:03.961997,0.0017809439002671734,-0.003552397868561208,0.10000000000000142,-0.19999999999999574,56.1,56.15,56.25,56.3,91.0,10.0,1165.0,4517.0,False,False
006208,2022-10-26 12:48:04.395180,0.0017809439002671734,-0.003552397868561208,0.10000000000000142,-0.19999999999999574,56.1,56.15,56.25,56.3,91.0,10.0,1165.0,4517.0,False,False
006208,2022-10-26 12:48:04.425051,0.0017809439002671734,-0.003552397868561208,0.10000000000000142,-0.19999999999999574,56.1,56.15,56.25,56.3,91.0,10.0,1165.0,4517.0,False,False
006208,2022-10-26 12:48:04.534313,0.0017809439002671734,-0.003552397868561208,0.10000000000000142,-0.19999999999999574,56.1,56.15,56.25,56.3,91.0,10.0,1165.0,4517.0,False,False
006208,2022-10-26 12:48:04.675889,0.0017809439002671734,-0.003552397868561208,0.10000000000000142,-0.19999999999999574,56.1,56.15,56.25,56.3,91.0,10.0,1165.0,4517.0,False,False
006208,2022-10-26 12:48:06.554672,0.0017809439002671734,-0.003552397868561208,0.10000000000000142,-0.19999999999999574,56.1,56.15,56.25,56.3,91.0,10.0,1165.0,4517.0,False,False
006208,2022-10-26 12:48:06.555096,0.0017809439002671734,-0.003552397868561208,0.10000000000000142,-0.19999999999999574,56.1,56.15,56.25,56.3,91.0,10.0,1165.0,4517.0,False,False
006208,2022-10-26 12:48:06.567233,0.0017809439002671734,-0.003552397868561208,0.10000000000000142,-0.19999999999999574,56.1,56.15,56.25,56.3,91.0,10.0,1165.0,4517.0,False,False
006208,2022-10-26 12:48:07.714495,0.0017809439002671734,-0.003552397868561208,0.10000000000000142,-0.19999999999999574,56.1,56.15,56.25,56.3,91.0,10.0,1165.0,4517.0,False,False
006208,2022-10-26 12:48:07.714676,0.0017809439002671734,-0.003552397868561208,0.10000000000000142,-0.19999999999999574,56.1,56.15,56.25,56.3,91.0,10.0,1165.0,4517.0,False,False
006208,2022-10-26 12:48:10.266908,0.0017809439002671734,-0.003552397868561208,0.10000000000000142,-0.19999999999999574,56.1,56.15,56.25,56.3,91.0,10.0,1465.0,4517.0,True,True
006208,2022-10-26 12:48:10.931638,0.0017809439002671734,-0.003552397868561208,0.10000000000000142,-0.19999999999999574,56.1,56.15,56.25,56.3,91.0,10.0,1465.0,4517.0,False,False
006208,2022-10-26 12:48:14.513322,0.0017809439002671734,-0.003552397868561208,0.10000000000000142,-0.19999999999999574,56.1,56.15,56.25,56.3,91.0,10.0,1465.0,4517.0,False,False
006208,2022-10-26 12:48:14.518731,0.0017809439002671734,-0.003552397868561208,0.10000000000000142,-0.19999999999999574,56.1,56.15,56.25,56.3,91.0,10.0,1465.0,4517.0,False,False
006208,2022-10-26 12:48:14.649254,0.0017809439002671734,-0.003552397868561208,0.10000000000000142,-0.19999999999999574,56.1,56.15,56.25,56.3,91.0,10.0,1465.0,4517.0,False,False
006208,2022-10-26 12:48:19.530929,0.0017809439002671734,-0.003552397868561208,0.10000000000000142,-0.19999999999999574,56.1,56.15,56.25,56.3,89.0,10.0,1465.0,4517.0,False,False
006208,2022-10-26 12:48:20.310507,0.0017809439002671734,-0.003552397868561208,0.10000000000000142,-0.19999999999999574,56.1,56.15,56.25,56.3,89.0,10.0,1515.0,4517.0,True,True
006208,2022-10-26 12:48:20.580757,0.0017809439002671734,-0.003552397868561208,0.10000000000000142,-0.19999999999999574,56.1,56.15,56.25,56.3,14.0,10.0,1515.0,4517.0,False,False
006208,2022-10-26 12:48:20.580938,0.0017809439002671734,-0.003552397868561208,0.10000000000000142,-0.19999999999999574,56.1,56.15,56.25,56.3,14.0,10.0,1515.0,4517.0,False,False
006208,2022-10-26 12:48:22.816929,0.0017809439002671734,-0.003552397868561208,0.10000000000000142,-0.19999999999999574,56.1,56.15,56.25,56.3,14.0,10.0,1515.0,4517.0,False,False
006208,2022-10-26 12:48:23.939978,0.0017809439002671734,-0.003552397868561208,0.10000000000000142,-0.19999999999999574,56.1,56.15,56.25,56.3,14.0,10.0,1515.0,4517.0,False,False
006208,2022-10-26 12:48:24.031041,0.0017809439002671734,-0.003552397868561208,0.10000000000000142,-0.19999999999999574,56.1,56.15,56.25,56.3,14.0,10.0,1515.0,4517.0,False,False
006208,2022-10-26 12:48:24.632387,0.0017809439002671734,-0.003552397868561208,0.10000000000000142,-0.19999999999999574,56.1,56.15,56.25,56.3,14.0,10.0,1515.0,4517.0,False,False
006208,2022-10-26 12:48:24.636002,0.0017809439002671734,-0.003552397868561208,0.10000000000000142,-0.19999999999999574,56.1,56.15,56.25,56.3,14.0,10.0,1515.0,4517.0,False,False
006208,2022-10-26 12:48:24.764849,0.0017809439002671734,-0.003552397868561208,0.10000000000000142,-0.19999999999999574,56.1,56.15,56.25,56.3,14.0,10.0,1515.0,4517.0,False,False
006208,2022-10-26 12:48:24.890978,0.0017809439002671734,-0.003552397868561208,0.10000000000000142,-0.19999999999999574,56.1,56.15,56.25,56.3,14.0,9.0,1515.0,4517.0,False,False
006208,2022-10-26 12:48:25.047288,0.0017809439002671734,-0.003552397868561208,0.10000000000000142,-0.19999999999999574,56.1,56.15,56.25,56.3,14.0,9.0,1515.0,4517.0,False,False
006208,2022-10-26 12:48:25.134542,0.0017809439002671734,-0.003552397868561208,0.10000000000000142,-0.19999999999999574,56.1,56.15,56.25,56.3,14.0,9.0,1515.0,4517.0,False,False
006208,2022-10-26 12:48:30.345667,0.0017809439002671734,-0.003552397868561208,0.10000000000000142,-0.19999999999999574,56.1,56.15,56.25,56.3,14.0,9.0,1636.0,4517.0,True,True
006208,2022-10-26 12:48:34.750543,0.0017809439002671734,-0.003552397868561208,0.10000000000000142,-0.19999999999999574,56.1,56.15,56.25,56.3,14.0,9.0,1636.0,4517.0,False,False
006208,2022-10-26 12:48:34.753252,0.0017809439002671734,-0.003552397868561208,0.10000000000000142,-0.19999999999999574,56.1,56.15,56.25,56.3,14.0,9.0,1636.0,4517.0,False,False
006208,2022-10-26 12:48:34.883409,0.0017809439002671734,-0.003552397868561208,0.10000000000000142,-0.19999999999999574,56.1,56.15,56.25,56.3,14.0,9.0,1636.0,4517.0,False,False
006208,2022-10-26 12:48:34.929648,0.0017809439002671734,-0.003552397868561208,0.10000000000000142,-0.19999999999999574,56.1,56.15,56.25,56.3,14.0,9.0,1636.0,4517.0,False,False
006208,2022-10-26 12:48:40.383878,0.0017809439002671734,-0.003552397868561208,0.10000000000000142,-0.19999999999999574,56.1,56.15,56.25,56.3,14.0,9.0,1036.0,4517.0,True,True
006208,2022-10-26 12:48:44.867855,0.0017809439002671734,-0.003552397868561208,0.10000000000000142,-0.19999999999999574,56.1,56.15,56.25,56.3,14.0,9.0,1036.0,4517.0,False,False
006208,2022-10-26 12:48:44.871163,0.0017809439002671734,-0.003552397868561208,0.10000000000000142,-0.19999999999999574,56.1,56.15,56.25,56.3,14.0,9.0,1036.0,4517.0,False,False
006208,2022-10-26 12:48:45.002651,0.0017809439002671734,-0.003552397868561208,0.10000000000000142,-0.19999999999999574,56.1,56.15,56.25,56.3,14.0,9.0,1036.0,4517.0,False,False
006208,2022-10-26 12:48:47.098110,0.0017809439002671734,-0.003552397868561208,0.10000000000000142,-0.19999999999999574,56.1,56.15,56.25,56.3,14.0,10.0,1036.0,4517.0,False,False
006208,2022-10-26 12:48:47.671932,0.0017809439002671734,-0.003552397868561208,0.10000000000000142,-0.19999999999999574,56.1,56.15,56.25,56.3,15.0,10.0,1036.0,4517.0,False,False
006208,2022-10-26 12:48:47.773459,0.0017809439002671734,-0.003552397868561208,0.10000000000000142,-0.19999999999999574,56.1,56.15,56.25,56.3,15.0,10.0,1036.0,4517.0,False,False
006208,2022-10-26 12:48:47.781766,0.0017809439002671734,-0.003552397868561208,0.10000000000000142,-0.19999999999999574,56.1,56.15,56.25,56.3,15.0,10.0,1036.0,4517.0,False,False
006208,2022-10-26 12:48:48.700816,0.0017809439002671734,-0.003552397868561208,0.10000000000000142,-0.19999999999999574,56.1,56.15,56.25,56.3,15.0,10.0,1036.0,4517.0,False,False
006208,2022-10-26 12:48:48.782278,0.0017809439002671734,-0.003552397868561208,0.10000000000000142,-0.19999999999999574,56.1,56.15,56.25,56.3,15.0,10.0,1036.0,4517.0,False,False
006208,2022-10-26 12:48:48.930892,0.0017809439002671734,-0.003552397868561208,0.10000000000000142,-0.19999999999999574,56.1,56.15,56.25,56.3,15.0,12.0,1036.0,4517.0,False,False
006208,2022-10-26 12:48:50.412962,0.0017809439002671734,-0.003552397868561208,0.10000000000000142,-0.19999999999999574,56.1,56.15,56.25,56.3,15.0,12.0,1036.0,4517.0,True,True
006208,2022-10-26 12:48:54.984474,0.0017809439002671734,-0.003552397868561208,0.10000000000000142,-0.19999999999999574,56.1,56.15,56.25,56.3,15.0,12.0,1036.0,4517.0,False,False
006208,2022-10-26 12:48:54.988951,0.0017809439002671734,-0.003552397868561208,0.10000000000000142,-0.19999999999999574,56.1,56.15,56.25,56.3,15.0,12.0,1036.0,4517.0,False,False
006208,2022-10-26 12:48:55.120400,0.0017809439002671734,-0.003552397868561208,0.10000000000000142,-0.19999999999999574,56.1,56.15,56.25,56.3,15.0,12.0,1036.0,4517.0,False,False
006208,2022-10-26 12:48:58.108961,0.0017809439002671734,-0.003552397868561208,0.10000000000000142,-0.19999999999999574,56.1,56.15,56.25,56.3,15.0,12.0,1036.0,4517.0,False,False
006208,2022-10-26 12:48:58.109138,0.0017809439002671734,-0.003552397868561208,0.10000000000000142,-0.19999999999999574,56.1,56.15,56.25,56.3,15.0,12.0,1036.0,4517.0,False,False
006208,2022-10-26 12:48:59.068318,0.0017809439002671734,-0.003552397868561208,0.10000000000000142,-0.19999999999999574,56.1,56.15,56.25,56.3,15.0,12.0,1036.0,4517.0,False,False
006208,2022-10-26 12:49:00.450637,0.0017809439002671734,-0.003552397868561208,0.10000000000000142,-0.19999999999999574,56.1,56.15,56.25,56.3,15.0,12.0,436.0,4517.0,True,True
006208,2022-10-26 12:49:02.100038,0.0017809439002671734,-0.003552397868561208,0.10000000000000142,-0.19999999999999574,56.1,56.15,56.25,56.3,15.0,12.0,436.0,4517.0,False,False
006208,2022-10-26 12:49:02.264931,0.0017809439002671734,-0.003552397868561208,0.10000000000000142,-0.19999999999999574,56.1,56.15,56.25,56.3,15.0,12.0,436.0,4517.0,False,False
006208,2022-10-26 12:49:02.264988,0.0017809439002671734,-0.003552397868561208,0.10000000000000142,-0.19999999999999574,56.1,56.15,56.25,56.3,15.0,12.0,436.0,4517.0,False,False
006208,2022-10-26 12:49:04.755841,0.0017809439002671734,-0.003552397868561208,0.10000000000000142,-0.19999999999999574,56.1,56.15,56.25,56.3,15.0,11.0,436.0,4517.0,False,False
006208,2022-10-26 12:49:05.102091,0.0017809439002671734,-0.003552397868561208,0.10000000000000142,-0.19999999999999574,56.1,56.15,56.25,56.3,15.0,11.0,436.0,4517.0,False,False
006208,2022-10-26 12:49:05.105879,0.0017809439002671734,-0.003552397868561208,0.10000000000000142,-0.19999999999999574,56.1,56.15,56.25,56.3,15.0,11.0,436.0,4517.0,False,False
006208,2022-10-26 12:49:05.238777,0.0017809439002671734,-0.003552397868561208,0.10000000000000142,-0.19999999999999574,56.1,56.15,56.25,56.3,15.0,11.0,436.0,4517.0,False,False
006208,2022-10-26 12:49:07.457561,0.0017809439002671734,-0.003552397868561208,0.10000000000000142,-0.19999999999999574,56.1,56.15,56.25,56.3,15.0,11.0,436.0,4517.0,False,False
006208,2022-10-26 12:49:08.627612,0.0017809439002671734,-0.003552397868561208,0.10000000000000142,-0.19999999999999574,56.1,56.15,56.25,56.3,15.0,11.0,436.0,4517.0,False,False
006208,2022-10-26 12:49:09.892546,0.0008904719501336977,-0.002666666666666595,0.05000000000000426,-0.14999999999999858,56.1,56.15,56.2,56.25,15.0,11.0,6035.0,2416.0,False,True
006208,2022-10-26 12:49:13.411120,0.0008904719501336977,-0.002666666666666595,0.05000000000000426,-0.14999999999999858,56.1,56.15,56.2,56.25,15.0,11.0,6035.0,2416.0,False,False
006208,2022-10-26 12:49:13.513825,0.0008904719501336977,-0.002666666666666595,0.05000000000000426,-0.14999999999999858,56.1,56.15,56.2,56.25,15.0,11.0,6035.0,2416.0,False,False
006208,2022-10-26 12:49:14.431183,0.0008904719501336977,-0.002666666666666595,0.05000000000000426,-0.14999999999999858,56.1,56.15,56.2,56.25,15.0,111.0,6035.0,2416.0,False,False
006208,2022-10-26 12:49:14.431233,0.0008904719501336977,-0.002666666666666595,0.05000000000000426,-0.14999999999999858,56.1,56.15,56.2,56.25,15.0,111.0,6035.0,2416.0,False,False
006208,2022-10-26 12:49:15.222387,0.0008904719501336977,-0.002666666666666595,0.05000000000000426,-0.14999999999999858,56.1,56.15,56.2,56.25,15.0,111.0,6035.0,2416.0,False,False
006208,2022-10-26 12:49:15.224936,0.0008904719501336977,-0.002666666666666595,0.05000000000000426,-0.14999999999999858,56.1,56.15,56.2,56.25,15.0,111.0,6035.0,2416.0,False,False
006208,2022-10-26 12:49:15.392938,0.0008904719501336977,-0.002666666666666595,0.05000000000000426,-0.14999999999999858,56.1,56.15,56.2,56.25,15.0,112.0,6035.0,2416.0,False,False
006208,2022-10-26 12:49:15.503040,0.0008904719501336977,-0.002666666666666595,0.05000000000000426,-0.14999999999999858,56.1,56.15,56.2,56.25,10.0,107.0,6035.0,2416.0,False,False
006208,2022-10-26 12:49:16.364603,0.0008904719501336977,-0.002666666666666595,0.05000000000000426,-0.14999999999999858,56.1,56.15,56.2,56.25,10.0,107.0,6035.0,2416.0,False,False
006208,2022-10-26 12:49:16.364661,0.0008904719501336977,-0.002666666666666595,0.05000000000000426,-0.14999999999999858,56.1,56.15,56.2,56.25,10.0,107.0,6035.0,2416.0,False,False
006208,2022-10-26 12:49:19.923691,0.0008904719501336977,-0.002666666666666595,0.05000000000000426,-0.14999999999999858,56.1,56.15,56.2,56.25,10.0,107.0,6035.0,2366.0,True,True
006208,2022-10-26 12:49:21.838182,0.0008904719501336977,-0.002666666666666595,0.05000000000000426,-0.14999999999999858,56.1,56.15,56.2,56.25,10.0,107.0,6035.0,2366.0,False,False
006208,2022-10-26 12:49:21.870621,0.0008904719501336977,-0.002666666666666595,0.05000000000000426,-0.14999999999999858,56.1,56.15,56.2,56.25,10.0,82.0,6035.0,2366.0,False,False
006208,2022-10-26 12:49:22.870539,0.0008904719501336977,-0.002666666666666595,0.05000000000000426,-0.14999999999999858,56.1,56.15,56.2,56.25,10.0,82.0,6035.0,2366.0,False,False
006208,2022-10-26 12:49:22.921520,0.0008904719501336977,-0.002666666666666595,0.05000000000000426,-0.14999999999999858,56.1,56.15,56.2,56.25,10.0,82.0,6035.0,2366.0,False,False
006208,2022-10-26 12:49:22.929043,0.0008904719501336977,-0.002666666666666595,0.05000000000000426,-0.14999999999999858,56.1,56.15,56.2,56.25,10.0,82.0,6035.0,2366.0,False,False
006208,2022-10-26 12:49:25.336564,0.0008904719501336977,-0.002666666666666595,0.05000000000000426,-0.14999999999999858,56.1,56.15,56.2,56.25,10.0,82.0,6035.0,2366.0,False,False
006208,2022-10-26 12:49:25.342329,0.0008904719501336977,-0.002666666666666595,0.05000000000000426,-0.14999999999999858,56.1,56.15,56.2,56.25,10.0,82.0,6035.0,2366.0,False,False
006208,2022-10-26 12:49:25.476199,0.0008904719501336977,-0.002666666666666595,0.05000000000000426,-0.14999999999999858,56.1,56.15,56.2,56.25,10.0,82.0,6035.0,2366.0,False,False
006208,2022-10-26 12:49:29.955196,0.0017809439002671734,-0.003552397868561208,0.10000000000000142,-0.19999999999999574,56.1,56.15,56.25,56.3,10.0,82.0,89.0,4467.0,True,True
006208,2022-10-26 12:49:30.809896,0.0017809439002671734,-0.003552397868561208,0.10000000000000142,-0.19999999999999574,56.1,56.15,56.25,56.3,10.0,81.0,89.0,4467.0,False,False
006208,2022-10-26 12:49:31.000188,0.0017809439002671734,-0.003552397868561208,0.10000000000000142,-0.19999999999999574,56.1,56.15,56.25,56.3,6.0,81.0,89.0,4467.0,False,False
006208,2022-10-26 12:49:32.525371,0.0017809439002671734,-0.003552397868561208,0.10000000000000142,-0.19999999999999574,56.1,56.15,56.25,56.3,6.0,81.0,89.0,4467.0,False,False
006208,2022-10-26 12:49:32.525515,0.0017809439002671734,-0.003552397868561208,0.10000000000000142,-0.19999999999999574,56.1,56.15,56.25,56.3,6.0,81.0,89.0,4467.0,False,False
006208,2022-10-26 12:49:35.449211,0.0017809439002671734,-0.003552397868561208,0.10000000000000142,-0.19999999999999574,56.1,56.15,56.25,56.3,6.0,81.0,89.0,4467.0,False,False
006208,2022-10-26 12:49:35.460046,0.0017809439002671734,-0.003552397868561208,0.10000000000000142,-0.19999999999999574,56.1,56.15,56.25,56.3,6.0,81.0,89.0,4467.0,False,False
006208,2022-10-26 12:49:35.597205,0.0017809439002671734,-0.003552397868561208,0.10000000000000142,-0.19999999999999574,56.1,56.15,56.25,56.3,6.0,81.0,89.0,4467.0,False,False
006208,2022-10-26 12:49:38.974453,0.0017809439002671734,-0.003552397868561208,0.10000000000000142,-0.19999999999999574,56.1,56.15,56.25,56.3,6.0,121.0,89.0,4467.0,False,False
006208,2022-10-26 12:49:38.997950,0.0017809439002671734,-0.003552397868561208,0.10000000000000142,-0.19999999999999574,56.1,56.15,56.25,56.3,6.0,121.0,89.0,4467.0,False,False
006208,2022-10-26 12:49:39.089172,0.0017809439002671734,-0.003552397868561208,0.10000000000000142,-0.19999999999999574,56.1,56.15,56.25,56.3,6.0,131.0,89.0,4467.0,False,False
006208,2022-10-26 12:49:39.814500,0.002673796791443861,-0.004440497335701621,0.14999999999999858,-0.25,56.05,56.1,56.25,56.3,161.0,4.0,89.0,4467.0,False,False
006208,2022-10-26 12:49:39.840787,0.002673796791443861,-0.004440497335701621,0.14999999999999858,-0.25,56.05,56.1,56.25,56.3,161.0,4.0,89.0,4467.0,False,False
006208,2022-10-26 12:49:39.867149,0.002673796791443861,-0.004440497335701621,0.14999999999999858,-0.25,56.05,56.1,56.25,56.3,121.0,4.0,89.0,4467.0,False,False
006208,2022-10-26 12:49:39.985333,0.0017825311942958333,-0.003555555555555645,0.10000000000000142,-0.20000000000000284,56.05,56.1,56.2,56.25,121.0,4.0,6664.0,1040.0,True,True
006208,2022-10-26 12:49:39.998443,0.0017825311942958333,-0.003555555555555645,0.10000000000000142,-0.20000000000000284,56.05,56.1,56.2,56.25,121.0,4.0,6664.0,1040.0,False,False
006208,2022-10-26 12:49:41.074051,0.0017825311942958333,-0.003555555555555645,0.10000000000000142,-0.20000000000000284,56.05,56.1,56.2,56.25,121.0,4.0,6664.0,1040.0,False,False
006208,2022-10-26 12:49:41.082538,0.0017825311942958333,-0.003555555555555645,0.10000000000000142,-0.20000000000000284,56.05,56.1,56.2,56.25,121.0,4.0,6664.0,1040.0,False,False
006208,2022-10-26 12:49:41.239224,0.0017825311942958333,-0.003555555555555645,0.10000000000000142,-0.20000000000000284,56.05,56.1,56.2,56.25,87.0,4.0,6664.0,1040.0,False,False
006208,2022-10-26 12:49:41.396437,0.0017825311942958333,-0.003555555555555645,0.10000000000000142,-0.20000000000000284,56.05,56.1,56.2,56.25,87.0,2.0,6664.0,1040.0,False,False
006208,2022-10-26 12:49:41.469859,0.0017825311942958333,-0.003555555555555645,0.10000000000000142,-0.20000000000000284,56.05,56.1,56.2,56.25,87.0,2.0,6664.0,1040.0,False,False
006208,2022-10-26 12:49:41.728313,0.0017825311942958333,-0.003555555555555645,0.10000000000000142,-0.20000000000000284,56.05,56.1,56.2,56.25,87.0,2.0,6664.0,1040.0,False,False
006208,2022-10-26 12:49:41.728391,0.0017825311942958333,-0.003555555555555645,0.10000000000000142,-0.20000000000000284,56.05,56.1,56.2,56.25,87.0,2.0,6664.0,1040.0,False,False
006208,2022-10-26 12:49:42.640796,0.0017825311942958333,-0.003555555555555645,0.10000000000000142,-0.20000000000000284,56.05,56.1,56.2,56.25,87.0,2.0,6664.0,1040.0,False,False
006208,2022-10-26 12:49:42.664794,0.0017825311942958333,-0.003555555555555645,0.10000000000000142,-0.20000000000000284,56.05,56.1,56.2,56.25,87.0,2.0,6664.0,1040.0,False,False
006208,2022-10-26 12:49:42.860559,0.0017825311942958333,-0.003555555555555645,0.10000000000000142,-0.20000000000000284,56.05,56.1,56.2,56.25,87.0,2.0,6664.0,1040.0,False,False
006208,2022-10-26 12:49:43.244879,0.0017825311942958333,-0.003555555555555645,0.10000000000000142,-0.20000000000000284,56.05,56.1,56.2,56.25,87.0,4.0,6664.0,1040.0,False,False
006208,2022-10-26 12:49:43.383276,0.0017825311942958333,-0.003555555555555645,0.10000000000000142,-0.20000000000000284,56.05,56.1,56.2,56.25,12.0,4.0,6664.0,1040.0,False,False
006208,2022-10-26 12:49:43.390628,0.0017825311942958333,-0.003555555555555645,0.10000000000000142,-0.20000000000000284,56.05,56.1,56.2,56.25,12.0,4.0,6664.0,1040.0,False,False
006208,2022-10-26 12:49:43.536213,0.0017825311942958333,-0.003555555555555645,0.10000000000000142,-0.20000000000000284,56.05,56.1,56.2,56.25,12.0,4.0,6664.0,1040.0,False,False
006208,2022-10-26 12:49:43.536363,0.0017825311942958333,-0.003555555555555645,0.10000000000000142,-0.20000000000000284,56.05,56.1,56.2,56.25,12.0,4.0,6664.0,1040.0,False,False
006208,2022-10-26 12:49:43.930781,0.0017825311942958333,-0.003555555555555645,0.10000000000000142,-0.20000000000000284,56.05,56.1,56.2,56.25,12.0,4.0,6664.0,1040.0,False,False
006208,2022-10-26 12:49:43.930948,0.0017825311942958333,-0.003555555555555645,0.10000000000000142,-0.20000000000000284,56.05,56.1,56.2,56.25,12.0,4.0,6664.0,1040.0,False,False
006208,2022-10-26 12:49:44.220575,0.0017825311942958333,-0.003555555555555645,0.10000000000000142,-0.20000000000000284,56.05,56.1,56.2,56.25,12.0,5.0,6664.0,1040.0,False,False
006208,2022-10-26 12:49:45.564947,0.0017825311942958333,-0.003555555555555645,0.10000000000000142,-0.20000000000000284,56.05,56.1,56.2,56.25,12.0,5.0,6664.0,1040.0,False,False
006208,2022-10-26 12:49:45.595112,0.0017825311942958333,-0.003555555555555645,0.10000000000000142,-0.20000000000000284,56.05,56.1,56.2,56.25,12.0,5.0,6664.0,1040.0,False,False
006208,2022-10-26 12:49:45.835493,0.0017825311942958333,-0.003555555555555645,0.10000000000000142,-0.20000000000000284,56.05,56.1,56.2,56.25,12.0,5.0,6664.0,1040.0,False,False
006208,2022-10-26 12:49:45.835513,0.0017825311942958333,-0.003555555555555645,0.10000000000000142,-0.20000000000000284,56.05,56.1,56.2,56.25,12.0,5.0,6664.0,1040.0,False,False
006208,2022-10-26 12:49:48.709884,0.0017825311942958333,-0.003555555555555645,0.10000000000000142,-0.20000000000000284,56.05,56.1,56.2,56.25,12.0,5.0,6664.0,1040.0,False,False
006208,2022-10-26 12:49:48.710009,0.0017825311942958333,-0.003555555555555645,0.10000000000000142,-0.20000000000000284,56.05,56.1,56.2,56.25,12.0,5.0,6664.0,1040.0,False,False
006208,2022-10-26 12:49:49.438154,0.0017825311942958333,-0.003555555555555645,0.10000000000000142,-0.20000000000000284,56.05,56.1,56.2,56.25,12.0,5.0,6664.0,1040.0,False,False
006208,2022-10-26 12:49:49.472573,0.0017825311942958333,-0.003555555555555645,0.10000000000000142,-0.20000000000000284,56.05,56.1,56.2,56.25,87.0,5.0,6664.0,1040.0,False,False
006208,2022-10-26 12:49:49.854982,0.0017825311942958333,-0.003555555555555645,0.10000000000000142,-0.20000000000000284,56.05,56.1,56.2,56.25,87.0,5.0,6664.0,1040.0,False,False
006208,2022-10-26 12:49:49.917015,0.0017825311942958333,-0.003555555555555645,0.10000000000000142,-0.20000000000000284,56.05,56.1,56.2,56.25,87.0,5.0,6664.0,1040.0,False,False
006208,2022-10-26 12:49:49.980759,0.0017825311942958333,-0.003555555555555645,0.10000000000000142,-0.20000000000000284,56.05,56.1,56.2,56.25,87.0,5.0,6664.0,1040.0,False,False
006208,2022-10-26 12:49:50.015132,0.0017825311942958333,-0.003555555555555645,0.10000000000000142,-0.20000000000000284,56.05,56.1,56.2,56.25,87.0,5.0,6704.0,41.0,True,True
006208,2022-10-26 12:49:50.111686,0.0017825311942958333,-0.003555555555555645,0.10000000000000142,-0.20000000000000284,56.05,56.1,56.2,56.25,87.0,5.0,6704.0,41.0,False,False
006208,2022-10-26 12:49:50.448667,0.0017825311942958333,-0.003555555555555645,0.10000000000000142,-0.20000000000000284,56.05,56.1,56.2,56.25,187.0,5.0,6704.0,41.0,False,False
006208,2022-10-26 12:49:50.783776,0.0017825311942958333,-0.003555555555555645,0.10000000000000142,-0.20000000000000284,56.05,56.1,56.2,56.25,187.0,5.0,6704.0,41.0,False,False
006208,2022-10-26 12:49:50.783983,0.0017825311942958333,-0.003555555555555645,0.10000000000000142,-0.20000000000000284,56.05,56.1,56.2,56.25,187.0,5.0,6704.0,41.0,False,False
006208,2022-10-26 12:49:53.115150,0.0017825311942958333,-0.003555555555555645,0.10000000000000142,-0.20000000000000284,56.05,56.1,56.2,56.25,187.0,5.0,6704.0,41.0,False,False
006208,2022-10-26 12:49:53.420994,0.0017825311942958333,-0.003555555555555645,0.10000000000000142,-0.20000000000000284,56.05,56.1,56.2,56.25,187.0,5.0,6704.0,41.0,False,False
006208,2022-10-26 12:49:53.448089,0.0017825311942958333,-0.003555555555555645,0.10000000000000142,-0.20000000000000284,56.05,56.1,56.2,56.25,87.0,5.0,6704.0,41.0,False,False
006208,2022-10-26 12:49:53.699285,0.0017825311942958333,-0.003555555555555645,0.10000000000000142,-0.20000000000000284,56.05,56.1,56.2,56.25,87.0,5.0,6704.0,41.0,False,False
006208,2022-10-26 12:49:54.234242,0.0017825311942958333,-0.003555555555555645,0.10000000000000142,-0.20000000000000284,56.05,56.1,56.2,56.25,87.0,5.0,6704.0,41.0,False,False
006208,2022-10-26 12:49:54.458113,0.0017825311942958333,-0.003555555555555645,0.10000000000000142,-0.20000000000000284,56.05,56.1,56.2,56.25,87.0,5.0,6704.0,41.0,False,False
006208,2022-10-26 12:49:56.751869,0.0017825311942958333,-0.003555555555555645,0.10000000000000142,-0.20000000000000284,56.05,56.1,56.2,56.25,87.0,5.0,6704.0,41.0,False,False
006208,2022-10-26 12:49:57.820940,0.0017825311942958333,-0.003555555555555645,0.10000000000000142,-0.20000000000000284,56.05,56.1,56.2,56.25,87.0,5.0,6704.0,41.0,False,False
006208,2022-10-26 12:49:57.903220,0.0017825311942958333,-0.003555555555555645,0.10000000000000142,-0.20000000000000284,56.05,56.1,56.2,56.25,87.0,5.0,6704.0,41.0,False,False
006208,2022-10-26 12:50:00.012946,0.0017825311942958333,-0.003555555555555645,0.10000000000000142,-0.20000000000000284,56.05,56.1,56.2,56.25,87.0,5.0,6704.0,41.0,False,False
006208,2022-10-26 12:50:00.013041,0.0017825311942958333,-0.003555555555555645,0.10000000000000142,-0.20000000000000284,56.05,56.1,56.2,56.25,87.0,5.0,6704.0,41.0,False,False
006208,2022-10-26 12:50:00.116973,0.0017825311942958333,-0.003555555555555645,0.10000000000000142,-0.20000000000000284,56.05,56.1,56.2,56.25,87.0,5.0,6704.0,1040.0,True,True
006208,2022-10-26 12:50:00.169050,0.0017825311942958333,-0.003555555555555645,0.10000000000000142,-0.20000000000000284,56.05,56.1,56.2,56.25,87.0,5.0,6704.0,1040.0,False,False
006208,2022-10-26 12:50:00.315937,0.0017825311942958333,-0.003555555555555645,0.10000000000000142,-0.20000000000000284,56.05,56.1,56.2,56.25,87.0,5.0,6704.0,1040.0,False,False
006208,2022-10-26 12:50:00.637335,0.0017825311942958333,-0.003555555555555645,0.10000000000000142,-0.20000000000000284,56.05,56.1,56.2,56.25,12.0,5.0,6704.0,1040.0,False,False
006208,2022-10-26 12:50:00.638067,0.0017825311942958333,-0.003555555555555645,0.10000000000000142,-0.20000000000000284,56.05,56.1,56.2,56.25,12.0,5.0,6704.0,1040.0,False,False
006208,2022-10-26 12:50:00.778283,0.0017825311942958333,-0.003555555555555645,0.10000000000000142,-0.20000000000000284,56.05,56.1,56.2,56.25,12.0,5.0,6704.0,1040.0,False,False
006208,2022-10-26 12:50:01.313261,0.0017825311942958333,-0.003555555555555645,0.10000000000000142,-0.20000000000000284,56.05,56.1,56.2,56.25,12.0,5.0,6704.0,1040.0,False,False
006208,2022-10-26 12:50:01.313528,0.0017825311942958333,-0.003555555555555645,0.10000000000000142,-0.20000000000000284,56.05,56.1,56.2,56.25,12.0,5.0,6704.0,1040.0,False,False
006208,2022-10-26 12:50:02.637412,0.0017825311942958333,-0.003555555555555645,0.10000000000000142,-0.20000000000000284,56.05,56.1,56.2,56.25,12.0,6.0,6704.0,1040.0,False,False
006208,2022-10-26 12:50:06.415425,0.0017825311942958333,-0.003555555555555645,0.10000000000000142,-0.20000000000000284,56.05,56.1,56.2,56.25,12.0,5.0,6704.0,1040.0,False,False
006208,2022-10-26 12:50:07.011207,0.0017825311942958333,-0.003555555555555645,0.10000000000000142,-0.20000000000000284,56.05,56.1,56.2,56.25,12.0,5.0,6704.0,1040.0,False,False
006208,2022-10-26 12:50:07.090429,0.0017825311942958333,-0.003555555555555645,0.10000000000000142,-0.20000000000000284,56.05,56.1,56.2,56.25,12.0,5.0,6704.0,1040.0,False,False
006208,2022-10-26 12:50:07.330852,0.0017825311942958333,-0.003555555555555645,0.10000000000000142,-0.20000000000000284,56.05,56.1,56.2,56.25,12.0,5.0,6704.0,1040.0,False,False
006208,2022-10-26 12:50:08.394528,0.0017825311942958333,-0.003555555555555645,0.10000000000000142,-0.20000000000000284,56.05,56.1,56.2,56.25,14.0,5.0,6704.0,1040.0,False,False
006208,2022-10-26 12:50:10.208456,0.0017825311942958333,-0.003555555555555645,0.10000000000000142,-0.20000000000000284,56.05,56.1,56.2,56.25,14.0,5.0,6804.0,940.0,True,True
006208,2022-10-26 12:50:10.336240,0.0017825311942958333,-0.003555555555555645,0.10000000000000142,-0.20000000000000284,56.05,56.1,56.2,56.25,14.0,5.0,6804.0,940.0,False,False
006208,2022-10-26 12:50:10.339454,0.0017825311942958333,-0.003555555555555645,0.10000000000000142,-0.20000000000000284,56.05,56.1,56.2,56.25,14.0,5.0,6804.0,940.0,False,False
006208,2022-10-26 12:50:10.471003,0.0017825311942958333,-0.003555555555555645,0.10000000000000142,-0.20000000000000284,56.05,56.1,56.2,56.25,14.0,5.0,6804.0,940.0,False,False
006208,2022-10-26 12:50:10.855852,0.0017825311942958333,-0.003555555555555645,0.10000000000000142,-0.20000000000000284,56.05,56.1,56.2,56.25,14.0,5.0,6804.0,940.0,False,False
006208,2022-10-26 12:50:10.855997,0.0017825311942958333,-0.003555555555555645,0.10000000000000142,-0.20000000000000284,56.05,56.1,56.2,56.25,14.0,5.0,6804.0,940.0,False,False
006208,2022-10-26 12:50:11.379816,0.0017825311942958333,-0.003555555555555645,0.10000000000000142,-0.20000000000000284,56.05,56.1,56.2,56.25,14.0,5.0,6804.0,940.0,False,False
006208,2022-10-26 12:50:11.386012,0.0017825311942958333,-0.003555555555555645,0.10000000000000142,-0.20000000000000284,56.05,56.1,56.2,56.25,14.0,5.0,6804.0,940.0,False,False
006208,2022-10-26 12:50:11.580341,0.0017825311942958333,-0.003555555555555645,0.10000000000000142,-0.20000000000000284,56.05,56.1,56.2,56.25,17.0,5.0,6804.0,940.0,False,False
006208,2022-10-26 12:50:12.354554,0.0017825311942958333,-0.003555555555555645,0.10000000000000142,-0.20000000000000284,56.05,56.1,56.2,56.25,17.0,5.0,6804.0,940.0,False,False
006208,2022-10-26 12:50:12.354576,0.0017825311942958333,-0.003555555555555645,0.10000000000000142,-0.20000000000000284,56.05,56.1,56.2,56.25,17.0,5.0,6804.0,940.0,False,False
006208,2022-10-26 12:50:12.472245,0.0017825311942958333,-0.003555555555555645,0.10000000000000142,-0.20000000000000284,56.05,56.1,56.2,56.25,17.0,5.0,6804.0,940.0,False,False
006208,2022-10-26 12:50:16.033927,0.0017825311942958333,-0.003555555555555645,0.10000000000000142,-0.20000000000000284,56.05,56.1,56.2,56.25,17.0,5.0,6804.0,940.0,False,False
006208,2022-10-26 12:50:16.039305,0.0017825311942958333,-0.003555555555555645,0.10000000000000142,-0.20000000000000284,56.05,56.1,56.2,56.25,67.0,5.0,6804.0,940.0,False,False
006208,2022-10-26 12:50:18.673429,0.0017825311942958333,-0.003555555555555645,0.10000000000000142,-0.20000000000000284,56.05,56.1,56.2,56.25,17.0,5.0,6804.0,940.0,False,False
006208,2022-10-26 12:50:18.678761,0.0017825311942958333,-0.003555555555555645,0.10000000000000142,-0.20000000000000284,56.05,56.1,56.2,56.25,17.0,5.0,6804.0,940.0,False,False
006208,2022-10-26 12:50:20.281383,0.0017825311942958333,-0.003555555555555645,0.10000000000000142,-0.20000000000000284,56.05,56.1,56.2,56.25,17.0,5.0,6804.0,940.0,False,False
006208,2022-10-26 12:50:20.270482,0.0017825311942958333,-0.003555555555555645,0.10000000000000142,-0.20000000000000284,56.05,56.1,56.2,56.25,17.0,5.0,6804.0,1140.0,True,True
006208,2022-10-26 12:50:20.281459,0.0017825311942958333,-0.003555555555555645,0.10000000000000142,-0.20000000000000284,56.05,56.1,56.2,56.25,17.0,5.0,6804.0,1140.0,False,False
006208,2022-10-26 12:50:20.496874,0.0017825311942958333,-0.003555555555555645,0.10000000000000142,-0.20000000000000284,56.05,56.1,56.2,56.25,17.0,5.0,6804.0,1140.0,False,False
006208,2022-10-26 12:50:20.622474,0.0017825311942958333,-0.003555555555555645,0.10000000000000142,-0.20000000000000284,56.05,56.1,56.2,56.25,17.0,5.0,6804.0,1140.0,False,False
006208,2022-10-26 12:50:26.720604,0.0017825311942958333,-0.003555555555555645,0.10000000000000142,-0.20000000000000284,56.05,56.1,56.2,56.25,18.0,5.0,6804.0,1140.0,False,False
006208,2022-10-26 12:50:27.911369,0.0017825311942958333,-0.003555555555555645,0.10000000000000142,-0.20000000000000284,56.05,56.1,56.2,56.25,18.0,5.0,6804.0,1140.0,False,False
006208,2022-10-26 12:50:27.911397,0.0017825311942958333,-0.003555555555555645,0.10000000000000142,-0.20000000000000284,56.05,56.1,56.2,56.25,18.0,5.0,6804.0,1140.0,False,False
006208,2022-10-26 12:50:28.540744,0.0017825311942958333,-0.003555555555555645,0.10000000000000142,-0.20000000000000284,56.05,56.1,56.2,56.25,18.0,5.0,6804.0,1140.0,False,False
006208,2022-10-26 12:50:28.631259,0.0017825311942958333,-0.003555555555555645,0.10000000000000142,-0.20000000000000284,56.05,56.1,56.2,56.25,18.0,5.0,6804.0,1140.0,False,False
006208,2022-10-26 12:50:30.320455,0.0017825311942958333,-0.003555555555555645,0.10000000000000142,-0.20000000000000284,56.05,56.1,56.2,56.25,18.0,5.0,6743.0,1179.0,True,True
006208,2022-10-26 12:50:30.624818,0.0017825311942958333,-0.003555555555555645,0.10000000000000142,-0.20000000000000284,56.05,56.1,56.2,56.25,18.0,5.0,6743.0,1179.0,False,False
006208,2022-10-26 12:50:30.626696,0.0017825311942958333,-0.003555555555555645,0.10000000000000142,-0.20000000000000284,56.05,56.1,56.2,56.25,18.0,5.0,6743.0,1179.0,False,False
006208,2022-10-26 12:50:30.758628,0.0017825311942958333,-0.003555555555555645,0.10000000000000142,-0.20000000000000284,56.05,56.1,56.2,56.25,18.0,5.0,6743.0,1179.0,False,False
006208,2022-10-26 12:50:35.497343,0.0017825311942958333,-0.003555555555555645,0.10000000000000142,-0.20000000000000284,56.05,56.1,56.2,56.25,18.0,5.0,6743.0,1179.0,False,False
006208,2022-10-26 12:50:35.521659,0.0017825311942958333,-0.003555555555555645,0.10000000000000142,-0.20000000000000284,56.05,56.1,56.2,56.25,93.0,5.0,6743.0,1179.0,False,False
006208,2022-10-26 12:50:35.677408,0.0017825311942958333,-0.003555555555555645,0.10000000000000142,-0.20000000000000284,56.05,56.1,56.2,56.25,93.0,5.0,6743.0,1179.0,False,False
006208,2022-10-26 12:50:35.847974,0.0017825311942958333,-0.003555555555555645,0.10000000000000142,-0.20000000000000284,56.05,56.1,56.2,56.25,93.0,5.0,6743.0,1179.0,False,False
006208,2022-10-26 12:50:35.925751,0.0017825311942958333,-0.003555555555555645,0.10000000000000142,-0.20000000000000284,56.05,56.1,56.2,56.25,93.0,5.0,6743.0,1179.0,False,False
006208,2022-10-26 12:50:35.988641,0.0017825311942958333,-0.003555555555555645,0.10000000000000142,-0.20000000000000284,56.05,56.1,56.2,56.25,93.0,5.0,6743.0,1179.0,False,False
006208,2022-10-26 12:50:36.123335,0.0017825311942958333,-0.003555555555555645,0.10000000000000142,-0.20000000000000284,56.05,56.1,56.2,56.25,93.0,5.0,6743.0,1179.0,False,False
006208,2022-10-26 12:50:36.522948,0.0017825311942958333,-0.003555555555555645,0.10000000000000142,-0.20000000000000284,56.05,56.1,56.2,56.25,193.0,5.0,6743.0,1179.0,False,False
006208,2022-10-26 12:50:39.351588,0.0017825311942958333,-0.003555555555555645,0.10000000000000142,-0.20000000000000284,56.05,56.1,56.2,56.25,193.0,5.0,6743.0,1179.0,False,False
006208,2022-10-26 12:50:39.363282,0.0017825311942958333,-0.003555555555555645,0.10000000000000142,-0.20000000000000284,56.05,56.1,56.2,56.25,193.0,5.0,6743.0,1179.0,False,False
006208,2022-10-26 12:50:40.172866,0.0017825311942958333,-0.003555555555555645,0.10000000000000142,-0.20000000000000284,56.05,56.1,56.2,56.25,193.0,5.0,6743.0,1179.0,False,False
006208,2022-10-26 12:50:40.192092,0.0017825311942958333,-0.003555555555555645,0.10000000000000142,-0.20000000000000284,56.05,56.1,56.2,56.25,93.0,5.0,6743.0,1179.0,False,False
006208,2022-10-26 12:50:40.192564,0.0017825311942958333,-0.003555555555555645,0.10000000000000142,-0.20000000000000284,56.05,56.1,56.2,56.25,93.0,5.0,6743.0,1179.0,False,False
006208,2022-10-26 12:50:40.366988,0.0017825311942958333,-0.003555555555555645,0.10000000000000142,-0.20000000000000284,56.05,56.1,56.2,56.25,93.0,5.0,6843.0,1179.0,True,True
006208,2022-10-26 12:50:40.535108,0.0017825311942958333,-0.003555555555555645,0.10000000000000142,-0.20000000000000284,56.05,56.1,56.2,56.25,93.0,5.0,6843.0,1179.0,False,False
006208,2022-10-26 12:50:40.562017,0.0017825311942958333,-0.003555555555555645,0.10000000000000142,-0.20000000000000284,56.05,56.1,56.2,56.25,93.0,5.0,6843.0,1179.0,False,False
006208,2022-10-26 12:50:40.854599,0.0017825311942958333,-0.003555555555555645,0.10000000000000142,-0.20000000000000284,56.05,56.1,56.2,56.25,93.0,5.0,6843.0,1179.0,False,False
006208,2022-10-26 12:50:41.160666,0.0017825311942958333,-0.003555555555555645,0.10000000000000142,-0.20000000000000284,56.05,56.1,56.2,56.25,93.0,5.0,6843.0,1179.0,False,False
006208,2022-10-26 12:50:41.193812,0.0017825311942958333,-0.003555555555555645,0.10000000000000142,-0.20000000000000284,56.05,56.1,56.2,56.25,193.0,5.0,6843.0,1179.0,False,False
006208,2022-10-26 12:50:41.254521,0.0017825311942958333,-0.003555555555555645,0.10000000000000142,-0.20000000000000284,56.05,56.1,56.2,56.25,193.0,5.0,6843.0,1179.0,False,False
006208,2022-10-26 12:50:41.460011,0.0017825311942958333,-0.003555555555555645,0.10000000000000142,-0.20000000000000284,56.05,56.1,56.2,56.25,193.0,5.0,6843.0,1179.0,False,False
006208,2022-10-26 12:50:41.568760,0.0017825311942958333,-0.003555555555555645,0.10000000000000142,-0.20000000000000284,56.05,56.1,56.2,56.25,193.0,5.0,6843.0,1179.0,False,False
006208,2022-10-26 12:50:41.751940,0.0017825311942958333,-0.003555555555555645,0.10000000000000142,-0.20000000000000284,56.05,56.1,56.2,56.25,193.0,5.0,6843.0,1179.0,False,False
006208,2022-10-26 12:50:42.134421,0.0017825311942958333,-0.003555555555555645,0.10000000000000142,-0.20000000000000284,56.05,56.1,56.2,56.25,253.0,5.0,6843.0,1179.0,False,False
006208,2022-10-26 12:50:42.195971,0.0017825311942958333,-0.003555555555555645,0.10000000000000142,-0.20000000000000284,56.05,56.1,56.2,56.25,253.0,5.0,6843.0,1179.0,False,False
006208,2022-10-26 12:50:42.257056,0.0017825311942958333,-0.003555555555555645,0.10000000000000142,-0.20000000000000284,56.05,56.1,56.2,56.25,153.0,5.0,6843.0,1179.0,False,False
006208,2022-10-26 12:50:42.414994,0.0017825311942958333,-0.003555555555555645,0.10000000000000142,-0.20000000000000284,56.05,56.1,56.2,56.25,153.0,5.0,6843.0,1179.0,False,False
006208,2022-10-26 12:50:42.488787,0.0017825311942958333,-0.003555555555555645,0.10000000000000142,-0.20000000000000284,56.05,56.1,56.2,56.25,153.0,5.0,6843.0,1179.0,False,False
006208,2022-10-26 12:50:42.652623,0.0017825311942958333,-0.003555555555555645,0.10000000000000142,-0.20000000000000284,56.05,56.1,56.2,56.25,93.0,5.0,6843.0,1179.0,False,False
006208,2022-10-26 12:50:43.144632,0.0017825311942958333,-0.003555555555555645,0.10000000000000142,-0.20000000000000284,56.05,56.1,56.2,56.25,93.0,5.0,6843.0,1179.0,False,False
006208,2022-10-26 12:50:43.258507,0.0017825311942958333,-0.003555555555555645,0.10000000000000142,-0.20000000000000284,56.05,56.1,56.2,56.25,193.0,5.0,6843.0,1179.0,False,False
006208,2022-10-26 12:50:43.834235,0.0017825311942958333,-0.003555555555555645,0.10000000000000142,-0.20000000000000284,56.05,56.1,56.2,56.25,193.0,4.0,6843.0,1179.0,False,False
006208,2022-10-26 12:50:45.663307,0.0017825311942958333,-0.003555555555555645,0.10000000000000142,-0.20000000000000284,56.05,56.1,56.2,56.25,193.0,4.0,6843.0,1179.0,False,False
006208,2022-10-26 12:50:45.663353,0.0017825311942958333,-0.003555555555555645,0.10000000000000142,-0.20000000000000284,56.05,56.1,56.2,56.25,193.0,4.0,6843.0,1179.0,False,False
006208,2022-10-26 12:50:45.688301,0.0017825311942958333,-0.003555555555555645,0.10000000000000142,-0.20000000000000284,56.05,56.1,56.2,56.25,93.0,4.0,6843.0,1179.0,False,False
006208,2022-10-26 12:50:46.689479,0.0017825311942958333,-0.003555555555555645,0.10000000000000142,-0.20000000000000284,56.05,56.1,56.2,56.25,93.0,4.0,6843.0,1179.0,False,False
006208,2022-10-26 12:50:50.413342,0.0017825311942958333,-0.003555555555555645,0.10000000000000142,-0.20000000000000284,56.05,56.1,56.2,56.25,93.0,4.0,7004.0,1040.0,True,True
006208,2022-10-26 12:50:51.047512,0.0017825311942958333,-0.003555555555555645,0.10000000000000142,-0.20000000000000284,56.05,56.1,56.2,56.25,93.0,4.0,7004.0,1040.0,False,False
006208,2022-10-26 12:50:51.047607,0.0017825311942958333,-0.003555555555555645,0.10000000000000142,-0.20000000000000284,56.05,56.1,56.2,56.25,93.0,4.0,7004.0,1040.0,False,False
006208,2022-10-26 12:50:51.121567,0.0017825311942958333,-0.003555555555555645,0.10000000000000142,-0.20000000000000284,56.05,56.1,56.2,56.25,93.0,4.0,7004.0,1040.0,False,False
006208,2022-10-26 12:50:51.783445,0.0017825311942958333,-0.003555555555555645,0.10000000000000142,-0.20000000000000284,56.05,56.1,56.2,56.25,93.0,4.0,7004.0,1040.0,False,False
006208,2022-10-26 12:50:51.799934,0.0017825311942958333,-0.003555555555555645,0.10000000000000142,-0.20000000000000284,56.05,56.1,56.2,56.25,93.0,4.0,7004.0,1040.0,False,False
006208,2022-10-26 12:50:52.069752,0.0017825311942958333,-0.003555555555555645,0.10000000000000142,-0.20000000000000284,56.05,56.1,56.2,56.25,193.0,4.0,7004.0,1040.0,False,False
006208,2022-10-26 12:50:52.175992,0.0017825311942958333,-0.003555555555555645,0.10000000000000142,-0.20000000000000284,56.05,56.1,56.2,56.25,193.0,4.0,7004.0,1040.0,False,False
006208,2022-10-26 12:50:52.303039,0.0017825311942958333,-0.003555555555555645,0.10000000000000142,-0.20000000000000284,56.05,56.1,56.2,56.25,193.0,4.0,7004.0,1040.0,False,False
006208,2022-10-26 12:50:52.312829,0.0017825311942958333,-0.003555555555555645,0.10000000000000142,-0.20000000000000284,56.05,56.1,56.2,56.25,193.0,4.0,7004.0,1040.0,False,False
006208,2022-10-26 12:50:52.607909,0.0017825311942958333,-0.003555555555555645,0.10000000000000142,-0.20000000000000284,56.05,56.1,56.2,56.25,193.0,4.0,7004.0,1040.0,False,False
006208,2022-10-26 12:50:52.611938,0.0017825311942958333,-0.003555555555555645,0.10000000000000142,-0.20000000000000284,56.05,56.1,56.2,56.25,193.0,4.0,7004.0,1040.0,False,False
006208,2022-10-26 12:50:52.744749,0.0017825311942958333,-0.003555555555555645,0.10000000000000142,-0.20000000000000284,56.05,56.1,56.2,56.25,193.0,4.0,7004.0,1040.0,False,False
006208,2022-10-26 12:50:56.197157,0.0017825311942958333,-0.003555555555555645,0.10000000000000142,-0.20000000000000284,56.05,56.1,56.2,56.25,193.0,4.0,7004.0,1040.0,False,False
006208,2022-10-26 12:50:57.457506,0.0017825311942958333,-0.003555555555555645,0.10000000000000142,-0.20000000000000284,56.05,56.1,56.2,56.25,193.0,5.0,7004.0,1040.0,False,False
006208,2022-10-26 12:50:57.546054,0.0017825311942958333,-0.003555555555555645,0.10000000000000142,-0.20000000000000284,56.05,56.1,56.2,56.25,93.0,5.0,7004.0,1040.0,False,False
006208,2022-10-26 12:50:57.556918,0.0017825311942958333,-0.003555555555555645,0.10000000000000142,-0.20000000000000284,56.05,56.1,56.2,56.25,93.0,5.0,7004.0,1040.0,False,False
006208,2022-10-26 12:50:58.072238,0.0017825311942958333,-0.003555555555555645,0.10000000000000142,-0.20000000000000284,56.05,56.1,56.2,56.25,93.0,5.0,7004.0,1040.0,False,False
006208,2022-10-26 12:50:58.072404,0.0017825311942958333,-0.003555555555555645,0.10000000000000142,-0.20000000000000284,56.05,56.1,56.2,56.25,93.0,5.0,7004.0,1040.0,False,False
006208,2022-10-26 12:50:58.482148,0.0017825311942958333,-0.003555555555555645,0.10000000000000142,-0.20000000000000284,56.05,56.1,56.2,56.25,193.0,5.0,7004.0,1040.0,False,False
006208,2022-10-26 12:51:00.465455,0.0017825311942958333,-0.003555555555555645,0.10000000000000142,-0.20000000000000284,56.05,56.1,56.2,56.25,193.0,5.0,7004.0,1041.0,True,True
006208,2022-10-26 12:51:02.204734,0.0017825311942958333,-0.003555555555555645,0.10000000000000142,-0.20000000000000284,56.05,56.1,56.2,56.25,193.0,5.0,7004.0,1041.0,False,False
006208,2022-10-26 12:51:02.219970,0.0017825311942958333,-0.003555555555555645,0.10000000000000142,-0.20000000000000284,56.05,56.1,56.2,56.25,193.0,5.0,7004.0,1041.0,False,False
006208,2022-10-26 12:51:02.351290,0.0017825311942958333,-0.003555555555555645,0.10000000000000142,-0.20000000000000284,56.05,56.1,56.2,56.25,193.0,5.0,7004.0,1041.0,False,False
006208,2022-10-26 12:51:02.486607,0.0017825311942958333,-0.003555555555555645,0.10000000000000142,-0.20000000000000284,56.05,56.1,56.2,56.25,93.0,5.0,7004.0,1041.0,False,False
006208,2022-10-26 12:51:02.737246,0.0017825311942958333,-0.003555555555555645,0.10000000000000142,-0.20000000000000284,56.05,56.1,56.2,56.25,93.0,5.0,7004.0,1041.0,False,False
006208,2022-10-26 12:51:02.796991,0.0017825311942958333,-0.003555555555555645,0.10000000000000142,-0.20000000000000284,56.05,56.1,56.2,56.25,93.0,5.0,7004.0,1041.0,False,False
006208,2022-10-26 12:51:02.901557,0.0017825311942958333,-0.003555555555555645,0.10000000000000142,-0.20000000000000284,56.05,56.1,56.2,56.25,93.0,5.0,7004.0,1041.0,False,False
006208,2022-10-26 12:51:03.046910,0.0017825311942958333,-0.003555555555555645,0.10000000000000142,-0.20000000000000284,56.05,56.1,56.2,56.25,93.0,5.0,7004.0,1041.0,False,False
006208,2022-10-26 12:51:03.133511,0.0017825311942958333,-0.003555555555555645,0.10000000000000142,-0.20000000000000284,56.05,56.1,56.2,56.25,93.0,5.0,7004.0,1041.0,False,False
006208,2022-10-26 12:51:03.488210,0.0017825311942958333,-0.003555555555555645,0.10000000000000142,-0.20000000000000284,56.05,56.1,56.2,56.25,93.0,5.0,7004.0,1041.0,False,False
006208,2022-10-26 12:51:03.525710,0.0017825311942958333,-0.003555555555555645,0.10000000000000142,-0.20000000000000284,56.05,56.1,56.2,56.25,93.0,5.0,7004.0,1041.0,False,False
006208,2022-10-26 12:51:04.465346,0.0017825311942958333,-0.003555555555555645,0.10000000000000142,-0.20000000000000284,56.05,56.1,56.2,56.25,93.0,5.0,7004.0,1041.0,False,False
006208,2022-10-26 12:51:04.499908,0.0017825311942958333,-0.003555555555555645,0.10000000000000142,-0.20000000000000284,56.05,56.1,56.2,56.25,93.0,5.0,7004.0,1041.0,False,False
006208,2022-10-26 12:51:05.501562,0.0017825311942958333,-0.003555555555555645,0.10000000000000142,-0.20000000000000284,56.05,56.1,56.2,56.25,193.0,5.0,7004.0,1041.0,False,False
006208,2022-10-26 12:51:09.724499,0.0017825311942958333,-0.003555555555555645,0.10000000000000142,-0.20000000000000284,56.05,56.1,56.2,56.25,193.0,5.0,7004.0,1041.0,False,False
006208,2022-10-26 12:51:09.748988,0.0017825311942958333,-0.003555555555555645,0.10000000000000142,-0.20000000000000284,56.05,56.1,56.2,56.25,93.0,5.0,7004.0,1041.0,False,False
006208,2022-10-26 12:51:10.525025,0.0017825311942958333,-0.003555555555555645,0.10000000000000142,-0.20000000000000284,56.05,56.1,56.2,56.25,93.0,5.0,7004.0,1041.0,True,True
006208,2022-10-26 12:51:10.750116,0.0017825311942958333,-0.003555555555555645,0.10000000000000142,-0.20000000000000284,56.05,56.1,56.2,56.25,93.0,5.0,7004.0,1041.0,False,False
006208,2022-10-26 12:51:11.340201,0.0017825311942958333,-0.003555555555555645,0.10000000000000142,-0.20000000000000284,56.05,56.1,56.2,56.25,93.0,5.0,7004.0,1041.0,False,False
006208,2022-10-26 12:51:11.340315,0.0017825311942958333,-0.003555555555555645,0.10000000000000142,-0.20000000000000284,56.05,56.1,56.2,56.25,93.0,5.0,7004.0,1041.0,False,False
006208,2022-10-26 12:51:12.866303,0.0017825311942958333,-0.003555555555555645,0.10000000000000142,-0.20000000000000284,56.05,56.1,56.2,56.25,93.0,5.0,7004.0,1041.0,False,False
006208,2022-10-26 12:51:12.871157,0.0017825311942958333,-0.003555555555555645,0.10000000000000142,-0.20000000000000284,56.05,56.1,56.2,56.25,93.0,5.0,7004.0,1041.0,False,False
006208,2022-10-26 12:51:13.002987,0.0017825311942958333,-0.003555555555555645,0.10000000000000142,-0.20000000000000284,56.05,56.1,56.2,56.25,93.0,5.0,7004.0,1041.0,False,False
006208,2022-10-26 12:51:14.851890,0.0017825311942958333,-0.003555555555555645,0.10000000000000142,-0.20000000000000284,56.05,56.1,56.2,56.25,93.0,5.0,7004.0,1041.0,False,False
006208,2022-10-26 12:51:14.852068,0.0017825311942958333,-0.003555555555555645,0.10000000000000142,-0.20000000000000284,56.05,56.1,56.2,56.25,93.0,5.0,7004.0,1041.0,False,False
006208,2022-10-26 12:51:20.754424,0.0017825311942958333,-0.003555555555555645,0.10000000000000142,-0.20000000000000284,56.05,56.1,56.2,56.25,93.0,5.0,7004.0,1041.0,False,False
006208,2022-10-26 12:51:20.754594,0.0017825311942958333,-0.003555555555555645,0.10000000000000142,-0.20000000000000284,56.05,56.1,56.2,56.25,93.0,5.0,7004.0,1041.0,False,False
006208,2022-10-26 12:51:22.316338,0.0017825311942958333,-0.003555555555555645,0.10000000000000142,-0.20000000000000284,56.05,56.1,56.2,56.25,93.0,4.0,7004.0,1041.0,False,False
006208,2022-10-26 12:51:22.995335,0.0017825311942958333,-0.003555555555555645,0.10000000000000142,-0.20000000000000284,56.05,56.1,56.2,56.25,93.0,4.0,7004.0,1041.0,False,False
006208,2022-10-26 12:51:23.026360,0.0017825311942958333,-0.003555555555555645,0.10000000000000142,-0.20000000000000284,56.05,56.1,56.2,56.25,93.0,4.0,7004.0,1041.0,False,False
006208,2022-10-26 12:51:23.130363,0.0017825311942958333,-0.003555555555555645,0.10000000000000142,-0.20000000000000284,56.05,56.1,56.2,56.25,93.0,4.0,7004.0,1041.0,False,False
006208,2022-10-26 12:51:23.240262,0.0017825311942958333,-0.003555555555555645,0.10000000000000142,-0.20000000000000284,56.05,56.1,56.2,56.25,93.0,4.0,7004.0,1041.0,False,False
006208,2022-10-26 12:51:23.348014,0.0017825311942958333,-0.003555555555555645,0.10000000000000142,-0.20000000000000284,56.05,56.1,56.2,56.25,93.0,4.0,7004.0,1041.0,False,False
006208,2022-10-26 12:51:24.027112,0.0017825311942958333,-0.003555555555555645,0.10000000000000142,-0.20000000000000284,56.05,56.1,56.2,56.25,193.0,4.0,7004.0,1041.0,False,False
006208,2022-10-26 12:51:26.172737,0.0017825311942958333,-0.003555555555555645,0.10000000000000142,-0.20000000000000284,56.05,56.1,56.2,56.25,193.0,4.0,7004.0,1041.0,False,False
006208,2022-10-26 12:51:26.172842,0.0017825311942958333,-0.003555555555555645,0.10000000000000142,-0.20000000000000284,56.05,56.1,56.2,56.25,193.0,4.0,7004.0,1041.0,False,False
006208,2022-10-26 12:51:26.361431,0.0017825311942958333,-0.003555555555555645,0.10000000000000142,-0.20000000000000284,56.05,56.1,56.2,56.25,193.0,4.0,7004.0,1041.0,False,False
006208,2022-10-26 12:51:30.609044,0.0017825311942958333,-0.003555555555555645,0.10000000000000142,-0.20000000000000284,56.05,56.1,56.2,56.25,193.0,4.0,6904.0,1041.0,True,True
006208,2022-10-26 12:51:32.332626,0.0017825311942958333,-0.003555555555555645,0.10000000000000142,-0.20000000000000284,56.05,56.1,56.2,56.25,193.0,4.0,6904.0,1041.0,False,False
006208,2022-10-26 12:51:32.365152,0.0017825311942958333,-0.003555555555555645,0.10000000000000142,-0.20000000000000284,56.05,56.1,56.2,56.25,93.0,4.0,6904.0,1041.0,False,False
006208,2022-10-26 12:51:33.123536,0.0017825311942958333,-0.003555555555555645,0.10000000000000142,-0.20000000000000284,56.05,56.1,56.2,56.25,93.0,4.0,6904.0,1041.0,False,False
006208,2022-10-26 12:51:33.130132,0.0017825311942958333,-0.003555555555555645,0.10000000000000142,-0.20000000000000284,56.05,56.1,56.2,56.25,93.0,4.0,6904.0,1041.0,False,False
006208,2022-10-26 12:51:33.292997,0.0017825311942958333,-0.003555555555555645,0.10000000000000142,-0.20000000000000284,56.05,56.1,56.2,56.25,93.0,4.0,6904.0,1041.0,False,False
006208,2022-10-26 12:51:33.439468,0.0017825311942958333,-0.003555555555555645,0.10000000000000142,-0.20000000000000284,56.05,56.1,56.2,56.25,93.0,4.0,6904.0,1041.0,False,False
006208,2022-10-26 12:51:33.944186,0.0017825311942958333,-0.003555555555555645,0.10000000000000142,-0.20000000000000284,56.05,56.1,56.2,56.25,93.0,4.0,6904.0,1041.0,False,False
006208,2022-10-26 12:51:33.944392,0.0017825311942958333,-0.003555555555555645,0.10000000000000142,-0.20000000000000284,56.05,56.1,56.2,56.25,93.0,4.0,6904.0,1041.0,False,False
006208,2022-10-26 12:51:34.245247,0.0017825311942958333,-0.003555555555555645,0.10000000000000142,-0.20000000000000284,56.05,56.1,56.2,56.25,93.0,4.0,6904.0,1041.0,False,False
006208,2022-10-26 12:51:34.245364,0.0017825311942958333,-0.003555555555555645,0.10000000000000142,-0.20000000000000284,56.05,56.1,56.2,56.25,93.0,4.0,6904.0,1041.0,False,False
006208,2022-10-26 12:51:35.582569,0.0017825311942958333,-0.003555555555555645,0.10000000000000142,-0.20000000000000284,56.05,56.1,56.2,56.25,93.0,4.0,6904.0,1041.0,False,False
006208,2022-10-26 12:51:35.582728,0.0017825311942958333,-0.003555555555555645,0.10000000000000142,-0.20000000000000284,56.05,56.1,56.2,56.25,93.0,4.0,6904.0,1041.0,False,False
006208,2022-10-26 12:51:35.980712,0.0017825311942958333,-0.003555555555555645,0.10000000000000142,-0.20000000000000284,56.05,56.1,56.2,56.25,18.0,4.0,6904.0,1041.0,False,False
006208,2022-10-26 12:51:35.981007,0.0017825311942958333,-0.003555555555555645,0.10000000000000142,-0.20000000000000284,56.05,56.1,56.2,56.25,18.0,4.0,6904.0,1041.0,False,False
006208,2022-10-26 12:51:36.942772,0.0017825311942958333,-0.003555555555555645,0.10000000000000142,-0.20000000000000284,56.05,56.1,56.2,56.25,18.0,4.0,6904.0,1041.0,False,False
006208,2022-10-26 12:51:36.942918,0.0017825311942958333,-0.003555555555555645,0.10000000000000142,-0.20000000000000284,56.05,56.1,56.2,56.25,18.0,4.0,6904.0,1041.0,False,False
006208,2022-10-26 12:51:38.639265,0.0017825311942958333,-0.003555555555555645,0.10000000000000142,-0.20000000000000284,56.05,56.1,56.2,56.25,18.0,4.0,6904.0,1041.0,False,False
006208,2022-10-26 12:51:40.654538,0.0017825311942958333,-0.003555555555555645,0.10000000000000142,-0.20000000000000284,56.05,56.1,56.2,56.25,18.0,4.0,6904.0,863.0,True,True
006208,2022-10-26 12:51:43.252347,0.0017825311942958333,-0.003555555555555645,0.10000000000000142,-0.20000000000000284,56.05,56.1,56.2,56.25,18.0,4.0,6904.0,863.0,False,False
006208,2022-10-26 12:51:43.261679,0.0017825311942958333,-0.003555555555555645,0.10000000000000142,-0.20000000000000284,56.05,56.1,56.2,56.25,18.0,4.0,6904.0,863.0,False,False
006208,2022-10-26 12:51:43.386671,0.0017825311942958333,-0.003555555555555645,0.10000000000000142,-0.20000000000000284,56.05,56.1,56.2,56.25,18.0,4.0,6904.0,863.0,False,False
006208,2022-10-26 12:51:43.758112,0.0017825311942958333,-0.003555555555555645,0.10000000000000142,-0.20000000000000284,56.05,56.1,56.2,56.25,18.0,4.0,6904.0,863.0,False,False
006208,2022-10-26 12:51:43.840507,0.0017825311942958333,-0.003555555555555645,0.10000000000000142,-0.20000000000000284,56.05,56.1,56.2,56.25,18.0,4.0,6904.0,863.0,False,False
006208,2022-10-26 12:51:43.881345,0.0017825311942958333,-0.003555555555555645,0.10000000000000142,-0.20000000000000284,56.05,56.1,56.2,56.25,18.0,4.0,6904.0,863.0,False,False
006208,2022-10-26 12:51:44.110618,0.0017825311942958333,-0.003555555555555645,0.10000000000000142,-0.20000000000000284,56.05,56.1,56.2,56.25,18.0,4.0,6904.0,863.0,False,False
006208,2022-10-26 12:51:44.110671,0.0017825311942958333,-0.003555555555555645,0.10000000000000142,-0.20000000000000284,56.05,56.1,56.2,56.25,18.0,4.0,6904.0,863.0,False,False
006208,2022-10-26 12:51:44.517978,0.0017825311942958333,-0.003555555555555645,0.10000000000000142,-0.20000000000000284,56.05,56.1,56.2,56.25,18.0,4.0,6904.0,863.0,False,False
006208,2022-10-26 12:51:44.518037,0.0017825311942958333,-0.003555555555555645,0.10000000000000142,-0.20000000000000284,56.05,56.1,56.2,56.25,18.0,4.0,6904.0,863.0,False,False
006208,2022-10-26 12:51:45.167831,0.0017825311942958333,-0.003555555555555645,0.10000000000000142,-0.20000000000000284,56.05,56.1,56.2,56.25,18.0,4.0,6904.0,863.0,False,False
006208,2022-10-26 12:51:45.167925,0.0017825311942958333,-0.003555555555555645,0.10000000000000142,-0.20000000000000284,56.05,56.1,56.2,56.25,18.0,4.0,6904.0,863.0,False,False
006208,2022-10-26 12:51:50.698774,0.0017825311942958333,-0.003555555555555645,0.10000000000000142,-0.20000000000000284,56.05,56.1,56.2,56.25,18.0,4.0,6924.0,953.0,True,True
006208,2022-10-26 12:51:50.737646,0.0017825311942958333,-0.003555555555555645,0.10000000000000142,-0.20000000000000284,56.05,56.1,56.2,56.25,18.0,4.0,6924.0,953.0,False,False
006208,2022-10-26 12:51:50.737710,0.0017825311942958333,-0.003555555555555645,0.10000000000000142,-0.20000000000000284,56.05,56.1,56.2,56.25,18.0,4.0,6924.0,953.0,False,False
006208,2022-10-26 12:51:51.200141,0.0017825311942958333,-0.003555555555555645,0.10000000000000142,-0.20000000000000284,56.05,56.1,56.2,56.25,18.0,4.0,6924.0,953.0,False,False
006208,2022-10-26 12:51:51.200145,0.0017825311942958333,-0.003555555555555645,0.10000000000000142,-0.20000000000000284,56.05,56.1,56.2,56.25,18.0,4.0,6924.0,953.0,False,False
006208,2022-10-26 12:51:53.392152,0.0017825311942958333,-0.003555555555555645,0.10000000000000142,-0.20000000000000284,56.05,56.1,56.2,56.25,18.0,4.0,6924.0,953.0,False,False
006208,2022-10-26 12:51:53.398056,0.0017825311942958333,-0.003555555555555645,0.10000000000000142,-0.20000000000000284,56.05,56.1,56.2,56.25,18.0,4.0,6924.0,953.0,False,False
006208,2022-10-26 12:51:53.530907,0.0017825311942958333,-0.003555555555555645,0.10000000000000142,-0.20000000000000284,56.05,56.1,56.2,56.25,18.0,4.0,6924.0,953.0,False,False
006208,2022-10-26 12:51:54.641741,0.0017825311942958333,-0.003555555555555645,0.10000000000000142,-0.20000000000000284,56.05,56.1,56.2,56.25,18.0,4.0,6924.0,953.0,False,False
006208,2022-10-26 12:51:54.675739,0.0017825311942958333,-0.003555555555555645,0.10000000000000142,-0.20000000000000284,56.05,56.1,56.2,56.25,18.0,4.0,6924.0,953.0,False,False
006208,2022-10-26 12:51:55.366020,0.0017825311942958333,-0.003555555555555645,0.10000000000000142,-0.20000000000000284,56.05,56.1,56.2,56.25,18.0,4.0,6924.0,953.0,False,False
006208,2022-10-26 12:51:55.385476,0.0017825311942958333,-0.003555555555555645,0.10000000000000142,-0.20000000000000284,56.05,56.1,56.2,56.25,18.0,4.0,6924.0,953.0,False,False
006208,2022-10-26 12:51:55.676678,0.0017825311942958333,-0.003555555555555645,0.10000000000000142,-0.20000000000000284,56.05,56.1,56.2,56.25,118.0,4.0,6924.0,953.0,False,False
006208,2022-10-26 12:51:59.620684,0.0017825311942958333,-0.003555555555555645,0.10000000000000142,-0.20000000000000284,56.05,56.1,56.2,56.25,118.0,14.0,6924.0,953.0,False,False
006208,2022-10-26 12:51:59.656675,0.0017825311942958333,-0.003555555555555645,0.10000000000000142,-0.20000000000000284,56.05,56.1,56.2,56.25,18.0,14.0,6924.0,953.0,False,False
006208,2022-10-26 12:51:59.926515,0.0017825311942958333,-0.003555555555555645,0.10000000000000142,-0.20000000000000284,56.05,56.1,56.2,56.25,18.0,14.0,6924.0,953.0,False,False
006208,2022-10-26 12:51:59.936303,0.0017825311942958333,-0.003555555555555645,0.10000000000000142,-0.20000000000000284,56.05,56.1,56.2,56.25,18.0,14.0,6924.0,953.0,False,False
006208,2022-10-26 12:52:00.658211,0.0017825311942958333,-0.003555555555555645,0.10000000000000142,-0.20000000000000284,56.05,56.1,56.2,56.25,18.0,14.0,6924.0,953.0,False,False
006208,2022-10-26 12:52:00.932112,0.0017825311942958333,-0.003555555555555645,0.10000000000000142,-0.20000000000000284,56.05,56.1,56.2,56.25,18.0,14.0,6924.0,953.0,False,False
006208,2022-10-26 12:52:02.276472,0.0017825311942958333,-0.003555555555555645,0.10000000000000142,-0.20000000000000284,56.05,56.1,56.2,56.25,18.0,14.0,6924.0,953.0,False,False
006208,2022-10-26 12:52:02.276489,0.0017825311942958333,-0.003555555555555645,0.10000000000000142,-0.20000000000000284,56.05,56.1,56.2,56.25,18.0,14.0,6924.0,953.0,False,False
006208,2022-10-26 12:52:02.936904,0.0017825311942958333,-0.003555555555555645,0.10000000000000142,-0.20000000000000284,56.05,56.1,56.2,56.25,18.0,14.0,6924.0,953.0,False,False
006208,2022-10-26 12:52:02.936921,0.0017825311942958333,-0.003555555555555645,0.10000000000000142,-0.20000000000000284,56.05,56.1,56.2,56.25,18.0,14.0,6924.0,953.0,False,False
006208,2022-10-26 12:52:03.461438,0.0017825311942958333,-0.003555555555555645,0.10000000000000142,-0.20000000000000284,56.05,56.1,56.2,56.25,18.0,14.0,6924.0,953.0,False,False
006208,2022-10-26 12:52:03.523363,0.0017825311942958333,-0.003555555555555645,0.10000000000000142,-0.20000000000000284,56.05,56.1,56.2,56.25,18.0,14.0,6924.0,953.0,False,False
006208,2022-10-26 12:52:03.527500,0.0017825311942958333,-0.003555555555555645,0.10000000000000142,-0.20000000000000284,56.05,56.1,56.2,56.25,18.0,14.0,6924.0,953.0,False,False
006208,2022-10-26 12:52:03.662807,0.0017825311942958333,-0.003555555555555645,0.10000000000000142,-0.20000000000000284,56.05,56.1,56.2,56.25,18.0,14.0,6924.0,953.0,False,False
006208,2022-10-26 12:52:04.498058,0.0017825311942958333,-0.003555555555555645,0.10000000000000142,-0.20000000000000284,56.05,56.1,56.2,56.25,18.0,14.0,6924.0,953.0,False,False
006208,2022-10-26 12:52:04.498180,0.0017825311942958333,-0.003555555555555645,0.10000000000000142,-0.20000000000000284,56.05,56.1,56.2,56.25,18.0,14.0,6924.0,953.0,False,False
006208,2022-10-26 12:52:06.957036,0.0017825311942958333,-0.003555555555555645,0.10000000000000142,-0.20000000000000284,56.05,56.1,56.2,56.25,18.0,14.0,6924.0,953.0,False,False
006208,2022-10-26 12:52:06.957235,0.0017825311942958333,-0.003555555555555645,0.10000000000000142,-0.20000000000000284,56.05,56.1,56.2,56.25,18.0,14.0,6924.0,953.0,False,False
006208,2022-10-26 12:52:07.504619,0.0017825311942958333,-0.003555555555555645,0.10000000000000142,-0.20000000000000284,56.05,56.1,56.2,56.25,18.0,14.0,6924.0,953.0,False,False
006208,2022-10-26 12:52:07.504705,0.0017825311942958333,-0.003555555555555645,0.10000000000000142,-0.20000000000000284,56.05,56.1,56.2,56.25,18.0,14.0,6924.0,953.0,False,False
006208,2022-10-26 12:52:09.107439,0.0017825311942958333,-0.003555555555555645,0.10000000000000142,-0.20000000000000284,56.05,56.1,56.2,56.25,18.0,14.0,6924.0,953.0,False,False
006208,2022-10-26 12:52:09.107678,0.0017825311942958333,-0.003555555555555645,0.10000000000000142,-0.20000000000000284,56.05,56.1,56.2,56.25,18.0,14.0,6924.0,953.0,False,False
006208,2022-10-26 12:52:09.882286,0.0017825311942958333,-0.003555555555555645,0.10000000000000142,-0.20000000000000284,56.05,56.1,56.2,56.25,18.0,14.0,6924.0,953.0,False,False
006208,2022-10-26 12:52:09.882316,0.0017825311942958333,-0.003555555555555645,0.10000000000000142,-0.20000000000000284,56.05,56.1,56.2,56.25,18.0,14.0,6924.0,953.0,False,False
006208,2022-10-26 12:52:09.987209,0.0017825311942958333,-0.003555555555555645,0.10000000000000142,-0.20000000000000284,56.05,56.1,56.2,56.25,18.0,14.0,6606.0,1279.0,False,True
006208,2022-10-26 12:52:10.551355,0.0017825311942958333,-0.003555555555555645,0.10000000000000142,-0.20000000000000284,56.05,56.1,56.2,56.25,18.0,14.0,6606.0,1279.0,False,False
006208,2022-10-26 12:52:10.650143,0.0017825311942958333,-0.003555555555555645,0.10000000000000142,-0.20000000000000284,56.05,56.1,56.2,56.25,18.0,14.0,6606.0,1279.0,False,False
006208,2022-10-26 12:52:12.746600,0.0017825311942958333,-0.003555555555555645,0.10000000000000142,-0.20000000000000284,56.05,56.1,56.2,56.25,18.0,14.0,6606.0,1279.0,False,False
006208,2022-10-26 12:52:12.758041,0.0017825311942958333,-0.003555555555555645,0.10000000000000142,-0.20000000000000284,56.05,56.1,56.2,56.25,18.0,14.0,6606.0,1279.0,False,False
006208,2022-10-26 12:52:12.916999,0.0017825311942958333,-0.003555555555555645,0.10000000000000142,-0.20000000000000284,56.05,56.1,56.2,56.25,18.0,14.0,6606.0,1279.0,False,False
006208,2022-10-26 12:52:13.652101,0.0017825311942958333,-0.003555555555555645,0.10000000000000142,-0.20000000000000284,56.05,56.1,56.2,56.25,18.0,14.0,6606.0,1279.0,False,False
006208,2022-10-26 12:52:13.655667,0.0017825311942958333,-0.003555555555555645,0.10000000000000142,-0.20000000000000284,56.05,56.1,56.2,56.25,18.0,14.0,6606.0,1279.0,False,False
006208,2022-10-26 12:52:13.790163,0.0017825311942958333,-0.003555555555555645,0.10000000000000142,-0.20000000000000284,56.05,56.1,56.2,56.25,18.0,14.0,6606.0,1279.0,False,False
006208,2022-10-26 12:52:13.841507,0.0017825311942958333,-0.003555555555555645,0.10000000000000142,-0.20000000000000284,56.05,56.1,56.2,56.25,18.0,14.0,6606.0,1279.0,False,False
006208,2022-10-26 12:52:15.957122,0.0017825311942958333,-0.003555555555555645,0.10000000000000142,-0.20000000000000284,56.05,56.1,56.2,56.25,18.0,14.0,6606.0,1279.0,False,False
006208,2022-10-26 12:52:15.965763,0.0017825311942958333,-0.003555555555555645,0.10000000000000142,-0.20000000000000284,56.05,56.1,56.2,56.25,18.0,14.0,6606.0,1279.0,False,False
006208,2022-10-26 12:52:20.028034,0.0017825311942958333,-0.003555555555555645,0.10000000000000142,-0.20000000000000284,56.05,56.1,56.2,56.25,18.0,14.0,6606.0,1279.0,True,True
006208,2022-10-26 12:52:23.779812,0.0017825311942958333,-0.003555555555555645,0.10000000000000142,-0.20000000000000284,56.05,56.1,56.2,56.25,18.0,14.0,6606.0,1279.0,False,False
006208,2022-10-26 12:52:23.783451,0.0017825311942958333,-0.003555555555555645,0.10000000000000142,-0.20000000000000284,56.05,56.1,56.2,56.25,18.0,14.0,6606.0,1279.0,False,False
006208,2022-10-26 12:52:23.914879,0.0017825311942958333,-0.003555555555555645,0.10000000000000142,-0.20000000000000284,56.05,56.1,56.2,56.25,18.0,14.0,6606.0,1279.0,False,False
006208,2022-10-26 12:52:30.072820,0.0017825311942958333,-0.003555555555555645,0.10000000000000142,-0.20000000000000284,56.05,56.1,56.2,56.25,18.0,14.0,6606.0,1279.0,True,True
006208,2022-10-26 12:52:33.909052,0.0017825311942958333,-0.003555555555555645,0.10000000000000142,-0.20000000000000284,56.05,56.1,56.2,56.25,18.0,14.0,6606.0,1279.0,False,False
006208,2022-10-26 12:52:33.925451,0.0017825311942958333,-0.003555555555555645,0.10000000000000142,-0.20000000000000284,56.05,56.1,56.2,56.25,18.0,14.0,6606.0,1279.0,False,False
006208,2022-10-26 12:52:34.043178,0.0017825311942958333,-0.003555555555555645,0.10000000000000142,-0.20000000000000284,56.05,56.1,56.2,56.25,18.0,14.0,6606.0,1279.0,False,False
006208,2022-10-26 12:52:35.361881,0.0017825311942958333,-0.003555555555555645,0.10000000000000142,-0.20000000000000284,56.05,56.1,56.2,56.25,18.0,14.0,6606.0,1279.0,False,False
006208,2022-10-26 12:52:35.361987,0.0017825311942958333,-0.003555555555555645,0.10000000000000142,-0.20000000000000284,56.05,56.1,56.2,56.25,18.0,14.0,6606.0,1279.0,False,False
006208,2022-10-26 12:52:40.441184,0.0017825311942958333,-0.003555555555555645,0.10000000000000142,-0.20000000000000284,56.05,56.1,56.2,56.25,17.0,14.0,6606.0,1279.0,False,False
006208,2022-10-26 12:52:44.037625,0.0017825311942958333,-0.003555555555555645,0.10000000000000142,-0.20000000000000284,56.05,56.1,56.2,56.25,17.0,14.0,6606.0,1279.0,False,False
006208,2022-10-26 12:52:44.040577,0.0017825311942958333,-0.003555555555555645,0.10000000000000142,-0.20000000000000284,56.05,56.1,56.2,56.25,17.0,14.0,6606.0,1279.0,False,False
006208,2022-10-26 12:52:44.172964,0.0017825311942958333,-0.003555555555555645,0.10000000000000142,-0.20000000000000284,56.05,56.1,56.2,56.25,17.0,14.0,6606.0,1279.0,False,False
006208,2022-10-26 12:52:45.229246,0.0017825311942958333,-0.003555555555555645,0.10000000000000142,-0.20000000000000284,56.05,56.1,56.2,56.25,17.0,15.0,6606.0,1279.0,False,False
006208,2022-10-26 12:52:46.234107,0.0017825311942958333,-0.003555555555555645,0.10000000000000142,-0.20000000000000284,56.05,56.1,56.2,56.25,17.0,15.0,6606.0,1279.0,False,False
006208,2022-10-26 12:52:46.234167,0.0017825311942958333,-0.003555555555555645,0.10000000000000142,-0.20000000000000284,56.05,56.1,56.2,56.25,17.0,15.0,6606.0,1279.0,False,False
006208,2022-10-26 12:52:49.082070,0.0017825311942958333,-0.003555555555555645,0.10000000000000142,-0.20000000000000284,56.05,56.1,56.2,56.25,17.0,15.0,6606.0,1279.0,False,False
006208,2022-10-26 12:52:49.082194,0.0017825311942958333,-0.003555555555555645,0.10000000000000142,-0.20000000000000284,56.05,56.1,56.2,56.25,17.0,15.0,6606.0,1279.0,False,False
006208,2022-10-26 12:52:50.150301,0.0017825311942958333,-0.003555555555555645,0.10000000000000142,-0.20000000000000284,56.05,56.1,56.2,56.25,17.0,15.0,6546.0,1279.0,True,True
006208,2022-10-26 12:52:54.165248,0.0017825311942958333,-0.003555555555555645,0.10000000000000142,-0.20000000000000284,56.05,56.1,56.2,56.25,17.0,15.0,6546.0,1279.0,False,False
006208,2022-10-26 12:52:54.168511,0.0017825311942958333,-0.003555555555555645,0.10000000000000142,-0.20000000000000284,56.05,56.1,56.2,56.25,17.0,15.0,6546.0,1279.0,False,False
006208,2022-10-26 12:52:54.301013,0.0017825311942958333,-0.003555555555555645,0.10000000000000142,-0.20000000000000284,56.05,56.1,56.2,56.25,17.0,15.0,6546.0,1279.0,False,False
006208,2022-10-26 12:52:56.352143,0.0017825311942958333,-0.003555555555555645,0.10000000000000142,-0.20000000000000284,56.05,56.1,56.2,56.25,17.0,14.0,6546.0,1279.0,False,False
006208,2022-10-26 12:53:00.188297,0.0017825311942958333,-0.003555555555555645,0.10000000000000142,-0.20000000000000284,56.05,56.1,56.2,56.25,17.0,14.0,6501.0,1279.0,True,True
006208,2022-10-26 12:53:04.288009,0.0017825311942958333,-0.003555555555555645,0.10000000000000142,-0.20000000000000284,56.05,56.1,56.2,56.25,17.0,14.0,6501.0,1279.0,False,False
006208,2022-10-26 12:53:04.295293,0.0017825311942958333,-0.003555555555555645,0.10000000000000142,-0.20000000000000284,56.05,56.1,56.2,56.25,17.0,14.0,6501.0,1279.0,False,False
006208,2022-10-26 12:53:04.427122,0.0017825311942958333,-0.003555555555555645,0.10000000000000142,-0.20000000000000284,56.05,56.1,56.2,56.25,17.0,14.0,6501.0,1279.0,False,False
006208,2022-10-26 12:53:10.226140,0.0017825311942958333,-0.003555555555555645,0.10000000000000142,-0.20000000000000284,56.05,56.1,56.2,56.25,17.0,14.0,6608.0,1339.0,True,True
006208,2022-10-26 12:53:14.421631,0.0017825311942958333,-0.003555555555555645,0.10000000000000142,-0.20000000000000284,56.05,56.1,56.2,56.25,17.0,14.0,6608.0,1339.0,False,False
006208,2022-10-26 12:53:14.428018,0.0017825311942958333,-0.003555555555555645,0.10000000000000142,-0.20000000000000284,56.05,56.1,56.2,56.25,17.0,14.0,6608.0,1339.0,False,False
006208,2022-10-26 12:53:14.555637,0.0017825311942958333,-0.003555555555555645,0.10000000000000142,-0.20000000000000284,56.05,56.1,56.2,56.25,17.0,14.0,6608.0,1339.0,False,False
006208,2022-10-26 12:53:20.265230,0.0017825311942958333,-0.003555555555555645,0.10000000000000142,-0.20000000000000284,56.05,56.1,56.2,56.25,17.0,14.0,6608.0,1339.0,True,True
006208,2022-10-26 12:53:24.548279,0.0017825311942958333,-0.003555555555555645,0.10000000000000142,-0.20000000000000284,56.05,56.1,56.2,56.25,17.0,14.0,6608.0,1339.0,False,False
006208,2022-10-26 12:53:24.552930,0.0017825311942958333,-0.003555555555555645,0.10000000000000142,-0.20000000000000284,56.05,56.1,56.2,56.25,17.0,14.0,6608.0,1339.0,False,False
006208,2022-10-26 12:53:24.697385,0.0017825311942958333,-0.003555555555555645,0.10000000000000142,-0.20000000000000284,56.05,56.1,56.2,56.25,17.0,14.0,6608.0,1339.0,False,False
006208,2022-10-26 12:53:26.760911,0.0017825311942958333,-0.003555555555555645,0.10000000000000142,-0.20000000000000284,56.05,56.1,56.2,56.25,17.0,14.0,6608.0,1339.0,False,False
006208,2022-10-26 12:53:26.761024,0.0017825311942958333,-0.003555555555555645,0.10000000000000142,-0.20000000000000284,56.05,56.1,56.2,56.25,17.0,14.0,6608.0,1339.0,False,False
006208,2022-10-26 12:53:28.876699,0.0017825311942958333,-0.003555555555555645,0.10000000000000142,-0.20000000000000284,56.05,56.1,56.2,56.25,17.0,14.0,6608.0,1339.0,False,False
006208,2022-10-26 12:53:28.876907,0.0017825311942958333,-0.003555555555555645,0.10000000000000142,-0.20000000000000284,56.05,56.1,56.2,56.25,17.0,14.0,6608.0,1339.0,False,False
006208,2022-10-26 12:53:30.310910,0.0017825311942958333,-0.003555555555555645,0.10000000000000142,-0.20000000000000284,56.05,56.1,56.2,56.25,17.0,14.0,6608.0,1339.0,True,True
006208,2022-10-26 12:53:32.168881,0.0017825311942958333,-0.003555555555555645,0.10000000000000142,-0.20000000000000284,56.05,56.1,56.2,56.25,17.0,14.0,6608.0,1339.0,False,False
006208,2022-10-26 12:53:32.168983,0.0017825311942958333,-0.003555555555555645,0.10000000000000142,-0.20000000000000284,56.05,56.1,56.2,56.25,17.0,14.0,6608.0,1339.0,False,False
006208,2022-10-26 12:53:34.678795,0.0017825311942958333,-0.003555555555555645,0.10000000000000142,-0.20000000000000284,56.05,56.1,56.2,56.25,17.0,14.0,6608.0,1339.0,False,False
006208,2022-10-26 12:53:34.682055,0.0017825311942958333,-0.003555555555555645,0.10000000000000142,-0.20000000000000284,56.05,56.1,56.2,56.25,17.0,14.0,6608.0,1339.0,False,False
006208,2022-10-26 12:53:34.810755,0.0017825311942958333,-0.003555555555555645,0.10000000000000142,-0.20000000000000284,56.05,56.1,56.2,56.25,17.0,14.0,6608.0,1339.0,False,False
006208,2022-10-26 12:53:35.957830,0.0017825311942958333,-0.003555555555555645,0.10000000000000142,-0.20000000000000284,56.05,56.1,56.2,56.25,17.0,14.0,6608.0,1339.0,False,False
006208,2022-10-26 12:53:35.958052,0.0017825311942958333,-0.003555555555555645,0.10000000000000142,-0.20000000000000284,56.05,56.1,56.2,56.25,17.0,14.0,6608.0,1339.0,False,False
006208,2022-10-26 12:53:36.223859,0.0017825311942958333,-0.003555555555555645,0.10000000000000142,-0.20000000000000284,56.05,56.1,56.2,56.25,17.0,14.0,6608.0,1339.0,False,False
006208,2022-10-26 12:53:36.257616,0.0017825311942958333,-0.003555555555555645,0.10000000000000142,-0.20000000000000284,56.05,56.1,56.2,56.25,17.0,14.0,6608.0,1339.0,False,False
006208,2022-10-26 12:53:36.270817,0.0017825311942958333,-0.003555555555555645,0.10000000000000142,-0.20000000000000284,56.05,56.1,56.2,56.25,17.0,14.0,6608.0,1339.0,False,False
006208,2022-10-26 12:53:39.390926,0.0017825311942958333,-0.003555555555555645,0.10000000000000142,-0.20000000000000284,56.05,56.1,56.2,56.25,17.0,14.0,6608.0,1339.0,False,False
006208,2022-10-26 12:53:39.507594,0.0017825311942958333,-0.003555555555555645,0.10000000000000142,-0.20000000000000284,56.05,56.1,56.2,56.25,17.0,14.0,6608.0,1339.0,False,False
006208,2022-10-26 12:53:40.354762,0.0008912655971478056,-0.003555555555555645,0.04999999999999716,-0.20000000000000284,56.05,56.1,56.15,56.25,17.0,14.0,4762.0,1339.0,True,True
006208,2022-10-26 12:53:41.124840,0.0008912655971478056,-0.003555555555555645,0.04999999999999716,-0.20000000000000284,56.05,56.1,56.15,56.25,17.0,14.0,4762.0,1339.0,False,False
006208,2022-10-26 12:53:41.824920,0.0008912655971478056,-0.003555555555555645,0.04999999999999716,-0.20000000000000284,56.05,56.1,56.15,56.25,17.0,14.0,4762.0,1339.0,False,False
006208,2022-10-26 12:53:41.854080,0.0008912655971478056,-0.003555555555555645,0.04999999999999716,-0.20000000000000284,56.05,56.1,56.15,56.25,17.0,14.0,4762.0,1339.0,False,False
006208,2022-10-26 12:53:44.804968,0.0008912655971478056,-0.003555555555555645,0.04999999999999716,-0.20000000000000284,56.05,56.1,56.15,56.25,17.0,14.0,4762.0,1339.0,False,False
006208,2022-10-26 12:53:44.818328,0.0008912655971478056,-0.003555555555555645,0.04999999999999716,-0.20000000000000284,56.05,56.1,56.15,56.25,17.0,14.0,4762.0,1339.0,False,False
006208,2022-10-26 12:53:44.941218,0.0008912655971478056,-0.003555555555555645,0.04999999999999716,-0.20000000000000284,56.05,56.1,56.15,56.25,17.0,14.0,4762.0,1339.0,False,False
006208,2022-10-26 12:53:50.394915,0.0017825311942958333,-0.003555555555555645,0.10000000000000142,-0.20000000000000284,56.05,56.1,56.2,56.25,17.0,14.0,80.0,1339.0,True,True
006208,2022-10-26 12:53:54.933780,0.0017825311942958333,-0.003555555555555645,0.10000000000000142,-0.20000000000000284,56.05,56.1,56.2,56.25,17.0,14.0,80.0,1339.0,False,False
006208,2022-10-26 12:53:54.939655,0.0017825311942958333,-0.003555555555555645,0.10000000000000142,-0.20000000000000284,56.05,56.1,56.2,56.25,17.0,14.0,80.0,1339.0,False,False
006208,2022-10-26 12:53:55.069755,0.0017825311942958333,-0.003555555555555645,0.10000000000000142,-0.20000000000000284,56.05,56.1,56.2,56.25,17.0,14.0,80.0,1339.0,False,False
006208,2022-10-26 12:54:00.437158,0.0017825311942958333,-0.003555555555555645,0.10000000000000142,-0.20000000000000284,56.05,56.1,56.2,56.25,17.0,14.0,80.0,1739.0,True,True
006208,2022-10-26 12:54:00.562010,0.0017825311942958333,-0.003555555555555645,0.10000000000000142,-0.20000000000000284,56.05,56.1,56.2,56.25,17.0,14.0,80.0,1739.0,False,False
006208,2022-10-26 12:54:00.562074,0.0017825311942958333,-0.003555555555555645,0.10000000000000142,-0.20000000000000284,56.05,56.1,56.2,56.25,17.0,14.0,80.0,1739.0,False,False
006208,2022-10-26 12:54:04.737042,0.0017825311942958333,-0.003555555555555645,0.10000000000000142,-0.20000000000000284,56.05,56.1,56.2,56.25,17.0,24.0,80.0,1739.0,False,False
006208,2022-10-26 12:54:05.060259,0.0017825311942958333,-0.003555555555555645,0.10000000000000142,-0.20000000000000284,56.05,56.1,56.2,56.25,17.0,24.0,80.0,1739.0,False,False
006208,2022-10-26 12:54:05.064361,0.0017825311942958333,-0.003555555555555645,0.10000000000000142,-0.20000000000000284,56.05,56.1,56.2,56.25,17.0,24.0,80.0,1739.0,False,False
006208,2022-10-26 12:54:05.248727,0.0017825311942958333,-0.003555555555555645,0.10000000000000142,-0.20000000000000284,56.05,56.1,56.2,56.25,17.0,24.0,80.0,1739.0,False,False
006208,2022-10-26 12:54:08.044887,0.0017825311942958333,-0.003555555555555645,0.10000000000000142,-0.20000000000000284,56.05,56.1,56.2,56.25,17.0,24.0,80.0,1739.0,False,False
006208,2022-10-26 12:54:09.589894,0.0017825311942958333,-0.003555555555555645,0.10000000000000142,-0.20000000000000284,56.05,56.1,56.2,56.25,17.0,24.0,80.0,1739.0,False,False
006208,2022-10-26 12:54:09.590276,0.0017825311942958333,-0.003555555555555645,0.10000000000000142,-0.20000000000000284,56.05,56.1,56.2,56.25,17.0,24.0,80.0,1739.0,False,False
006208,2022-10-26 12:54:09.737336,0.0017825311942958333,-0.003555555555555645,0.10000000000000142,-0.20000000000000284,56.05,56.1,56.2,56.25,17.0,24.0,80.0,1739.0,False,False
006208,2022-10-26 12:54:14.161240,0.0017825311942958333,-0.003555555555555645,0.10000000000000142,-0.20000000000000284,56.05,56.1,56.2,56.25,17.0,24.0,80.0,1739.0,False,False
006208,2022-10-26 12:54:14.161408,0.0017825311942958333,-0.003555555555555645,0.10000000000000142,-0.20000000000000284,56.05,56.1,56.2,56.25,17.0,24.0,80.0,1739.0,False,False
006208,2022-10-26 12:54:14.305227,0.0017825311942958333,-0.003555555555555645,0.10000000000000142,-0.20000000000000284,56.05,56.1,56.2,56.25,17.0,24.0,80.0,1739.0,False,False
006208,2022-10-26 12:54:14.305477,0.0017825311942958333,-0.003555555555555645,0.10000000000000142,-0.20000000000000284,56.05,56.1,56.2,56.25,17.0,24.0,80.0,1739.0,False,False
006208,2022-10-26 12:54:15.189228,0.0017825311942958333,-0.003555555555555645,0.10000000000000142,-0.20000000000000284,56.05,56.1,56.2,56.25,17.0,24.0,80.0,1739.0,False,False
006208,2022-10-26 12:54:15.202670,0.0017825311942958333,-0.003555555555555645,0.10000000000000142,-0.20000000000000284,56.05,56.1,56.2,56.25,17.0,24.0,80.0,1739.0,False,False
006208,2022-10-26 12:54:15.330189,0.0017825311942958333,-0.003555555555555645,0.10000000000000142,-0.20000000000000284,56.05,56.1,56.2,56.25,17.0,24.0,80.0,1739.0,False,False
006208,2022-10-26 12:54:16.071557,0.0017825311942958333,-0.003555555555555645,0.10000000000000142,-0.20000000000000284,56.05,56.1,56.2,56.25,17.0,24.0,80.0,1739.0,False,False
006208,2022-10-26 12:54:16.071574,0.0017825311942958333,-0.003555555555555645,0.10000000000000142,-0.20000000000000284,56.05,56.1,56.2,56.25,17.0,24.0,80.0,1739.0,False,False
006208,2022-10-26 12:54:16.450105,0.0017825311942958333,-0.003555555555555645,0.10000000000000142,-0.20000000000000284,56.05,56.1,56.2,56.25,17.0,24.0,80.0,1739.0,False,False
006208,2022-10-26 12:54:17.668410,0.0017825311942958333,-0.003555555555555645,0.10000000000000142,-0.20000000000000284,56.05,56.1,56.2,56.25,17.0,24.0,80.0,1739.0,False,False
006208,2022-10-26 12:54:19.626194,0.0017825311942958333,-0.003555555555555645,0.10000000000000142,-0.20000000000000284,56.05,56.1,56.2,56.25,17.0,24.0,80.0,1739.0,False,False
006208,2022-10-26 12:54:19.626395,0.0017825311942958333,-0.003555555555555645,0.10000000000000142,-0.20000000000000284,56.05,56.1,56.2,56.25,17.0,24.0,80.0,1739.0,False,False
006208,2022-10-26 12:54:20.512340,0.0017825311942958333,-0.003555555555555645,0.10000000000000142,-0.20000000000000284,56.05,56.1,56.2,56.25,17.0,24.0,100.0,1739.0,True,True
006208,2022-10-26 12:54:24.358410,0.0017825311942958333,-0.003555555555555645,0.10000000000000142,-0.20000000000000284,56.05,56.1,56.2,56.25,17.0,24.0,100.0,1739.0,False,False
006208,2022-10-26 12:54:24.358637,0.0017825311942958333,-0.003555555555555645,0.10000000000000142,-0.20000000000000284,56.05,56.1,56.2,56.25,17.0,24.0,100.0,1739.0,False,False
006208,2022-10-26 12:54:24.966825,0.0017825311942958333,-0.003555555555555645,0.10000000000000142,-0.20000000000000284,56.05,56.1,56.2,56.25,17.0,24.0,100.0,1739.0,False,False
006208,2022-10-26 12:54:24.966907,0.0017825311942958333,-0.003555555555555645,0.10000000000000142,-0.20000000000000284,56.05,56.1,56.2,56.25,17.0,24.0,100.0,1739.0,False,False
006208,2022-10-26 12:54:25.248845,0.0017825311942958333,-0.003555555555555645,0.10000000000000142,-0.20000000000000284,56.05,56.1,56.2,56.25,17.0,24.0,100.0,1739.0,False,False
006208,2022-10-26 12:54:25.308716,0.0017825311942958333,-0.003555555555555645,0.10000000000000142,-0.20000000000000284,56.05,56.1,56.2,56.25,17.0,24.0,100.0,1739.0,False,False
006208,2022-10-26 12:54:25.319978,0.0017825311942958333,-0.003555555555555645,0.10000000000000142,-0.20000000000000284,56.05,56.1,56.2,56.25,17.0,24.0,100.0,1739.0,False,False
006208,2022-10-26 12:54:25.452667,0.0017825311942958333,-0.003555555555555645,0.10000000000000142,-0.20000000000000284,56.05,56.1,56.2,56.25,17.0,24.0,100.0,1739.0,False,False
006208,2022-10-26 12:54:25.589221,0.0017825311942958333,-0.003555555555555645,0.10000000000000142,-0.20000000000000284,56.05,56.1,56.2,56.25,17.0,24.0,100.0,1739.0,False,False
006208,2022-10-26 12:54:27.745812,0.0017825311942958333,-0.003555555555555645,0.10000000000000142,-0.20000000000000284,56.05,56.1,56.2,56.25,17.0,24.0,100.0,1739.0,False,False
006208,2022-10-26 12:54:27.745988,0.0017825311942958333,-0.003555555555555645,0.10000000000000142,-0.20000000000000284,56.05,56.1,56.2,56.25,17.0,24.0,100.0,1739.0,False,False
006208,2022-10-26 12:54:28.363421,0.0017825311942958333,-0.003555555555555645,0.10000000000000142,-0.20000000000000284,56.05,56.1,56.2,56.25,17.0,24.0,100.0,1739.0,False,False
006208,2022-10-26 12:54:28.363566,0.0017825311942958333,-0.003555555555555645,0.10000000000000142,-0.20000000000000284,56.05,56.1,56.2,56.25,17.0,24.0,100.0,1739.0,False,False
006208,2022-10-26 12:54:28.889756,0.0017825311942958333,-0.003555555555555645,0.10000000000000142,-0.20000000000000284,56.05,56.1,56.2,56.25,17.0,24.0,100.0,1739.0,False,False
006208,2022-10-26 12:54:28.889890,0.0017825311942958333,-0.003555555555555645,0.10000000000000142,-0.20000000000000284,56.05,56.1,56.2,56.25,17.0,24.0,100.0,1739.0,False,False
006208,2022-10-26 12:54:31.960942,0.0017825311942958333,-0.003555555555555645,0.10000000000000142,-0.20000000000000284,56.05,56.1,56.2,56.25,17.0,24.0,100.0,1739.0,False,False
006208,2022-10-26 12:54:31.988298,0.0017825311942958333,-0.003555555555555645,0.10000000000000142,-0.20000000000000284,56.05,56.1,56.2,56.25,92.0,24.0,100.0,1739.0,False,False
006208,2022-10-26 12:54:32.989819,0.0017825311942958333,-0.003555555555555645,0.10000000000000142,-0.20000000000000284,56.05,56.1,56.2,56.25,192.0,24.0,100.0,1739.0,False,False
006208,2022-10-26 12:54:34.008189,0.0017825311942958333,-0.003555555555555645,0.10000000000000142,-0.20000000000000284,56.05,56.1,56.2,56.25,192.0,24.0,100.0,1739.0,False,False
006208,2022-10-26 12:54:34.029451,0.0017825311942958333,-0.003555555555555645,0.10000000000000142,-0.20000000000000284,56.05,56.1,56.2,56.25,192.0,24.0,100.0,1739.0,False,False
006208,2022-10-26 12:54:35.449574,0.0017825311942958333,-0.003555555555555645,0.10000000000000142,-0.20000000000000284,56.05,56.1,56.2,56.25,192.0,24.0,100.0,1739.0,False,False
006208,2022-10-26 12:54:35.519913,0.0017825311942958333,-0.003555555555555645,0.10000000000000142,-0.20000000000000284,56.05,56.1,56.2,56.25,192.0,24.0,100.0,1739.0,False,False
006208,2022-10-26 12:54:35.582131,0.0017825311942958333,-0.003555555555555645,0.10000000000000142,-0.20000000000000284,56.05,56.1,56.2,56.25,192.0,24.0,100.0,1739.0,False,False
006208,2022-10-26 12:54:40.591611,0.0017825311942958333,-0.003555555555555645,0.10000000000000142,-0.20000000000000284,56.05,56.1,56.2,56.25,192.0,24.0,40.0,1739.0,True,True
006208,2022-10-26 12:54:41.547560,0.0017825311942958333,-0.003555555555555645,0.10000000000000142,-0.20000000000000284,56.05,56.1,56.2,56.25,192.0,24.0,40.0,1739.0,False,False
006208,2022-10-26 12:54:41.547576,0.0017825311942958333,-0.003555555555555645,0.10000000000000142,-0.20000000000000284,56.05,56.1,56.2,56.25,192.0,24.0,40.0,1739.0,False,False
006208,2022-10-26 12:54:42.509646,0.0017825311942958333,-0.003555555555555645,0.10000000000000142,-0.20000000000000284,56.05,56.1,56.2,56.25,192.0,24.0,40.0,1739.0,False,False
006208,2022-10-26 12:54:42.509706,0.0017825311942958333,-0.003555555555555645,0.10000000000000142,-0.20000000000000284,56.05,56.1,56.2,56.25,192.0,24.0,40.0,1739.0,False,False
006208,2022-10-26 12:54:43.466124,0.0008904719501336977,-0.003555555555555645,0.05000000000000426,-0.20000000000000284,56.05,56.15,56.2,56.25,192.0,228.0,40.0,1739.0,False,False
006208,2022-10-26 12:54:43.488984,0.0008904719501336977,-0.003555555555555645,0.05000000000000426,-0.20000000000000284,56.05,56.15,56.2,56.25,192.0,188.0,40.0,1739.0,False,False
006208,2022-10-26 12:54:43.514400,0.0008904719501336977,-0.003555555555555645,0.05000000000000426,-0.20000000000000284,56.05,56.15,56.2,56.25,192.0,188.0,40.0,1739.0,False,False
006208,2022-10-26 12:54:43.655761,0.0008904719501336977,-0.003555555555555645,0.05000000000000426,-0.20000000000000284,56.05,56.15,56.2,56.25,192.0,108.0,40.0,1739.0,False,False
006208,2022-10-26 12:54:43.699524,0.0008904719501336977,-0.003555555555555645,0.05000000000000426,-0.20000000000000284,56.05,56.15,56.2,56.25,192.0,108.0,40.0,1739.0,False,False
006208,2022-10-26 12:54:43.755614,0.0008904719501336977,-0.003555555555555645,0.05000000000000426,-0.20000000000000284,56.05,56.15,56.2,56.25,192.0,58.0,40.0,1739.0,False,False
006208,2022-10-26 12:54:44.424849,0.0008904719501336977,-0.003555555555555645,0.05000000000000426,-0.20000000000000284,56.05,56.15,56.2,56.25,192.0,58.0,40.0,1739.0,False,False
006208,2022-10-26 12:54:44.435632,0.0008904719501336977,-0.003555555555555645,0.05000000000000426,-0.20000000000000284,56.05,56.15,56.2,56.25,192.0,58.0,40.0,1739.0,False,False
006208,2022-10-26 12:54:44.663688,0.0008904719501336977,-0.003555555555555645,0.05000000000000426,-0.20000000000000284,56.05,56.15,56.2,56.25,252.0,58.0,40.0,1739.0,False,False
006208,2022-10-26 12:54:44.960697,0.0008904719501336977,-0.003555555555555645,0.05000000000000426,-0.20000000000000284,56.05,56.15,56.2,56.25,252.0,58.0,40.0,1739.0,False,False
006208,2022-10-26 12:54:44.960846,0.0008904719501336977,-0.003555555555555645,0.05000000000000426,-0.20000000000000284,56.05,56.15,56.2,56.25,252.0,58.0,40.0,1739.0,False,False
006208,2022-10-26 12:54:45.536734,0.0008904719501336977,-0.003555555555555645,0.05000000000000426,-0.20000000000000284,56.05,56.15,56.2,56.25,252.0,58.0,40.0,1739.0,False,False
006208,2022-10-26 12:54:45.552792,0.0008904719501336977,-0.003555555555555645,0.05000000000000426,-0.20000000000000284,56.05,56.15,56.2,56.25,252.0,8.0,40.0,1739.0,False,False
006208,2022-10-26 12:54:46.506280,0.0008904719501336977,-0.003555555555555645,0.05000000000000426,-0.20000000000000284,56.05,56.15,56.2,56.25,252.0,8.0,40.0,1739.0,False,False
006208,2022-10-26 12:54:46.533709,0.0008904719501336977,-0.003555555555555645,0.05000000000000426,-0.20000000000000284,56.05,56.15,56.2,56.25,252.0,8.0,40.0,1739.0,False,False
006208,2022-10-26 12:54:46.933702,0.0008904719501336977,-0.003555555555555645,0.05000000000000426,-0.20000000000000284,56.05,56.15,56.2,56.25,252.0,8.0,40.0,1739.0,False,False
006208,2022-10-26 12:54:47.024673,0.0008904719501336977,-0.003555555555555645,0.05000000000000426,-0.20000000000000284,56.05,56.15,56.2,56.25,252.0,8.0,40.0,1739.0,False,False
006208,2022-10-26 12:54:47.109519,0.0008904719501336977,-0.003555555555555645,0.05000000000000426,-0.20000000000000284,56.05,56.15,56.2,56.25,252.0,8.0,40.0,1739.0,False,False
006208,2022-10-26 12:54:49.843818,0.0008904719501336977,-0.003555555555555645,0.05000000000000426,-0.20000000000000284,56.05,56.15,56.2,56.25,252.0,8.0,40.0,1739.0,False,False
006208,2022-10-26 12:54:49.844025,0.0008904719501336977,-0.003555555555555645,0.05000000000000426,-0.20000000000000284,56.05,56.15,56.2,56.25,252.0,8.0,40.0,1739.0,False,False
006208,2022-10-26 12:54:50.440201,0.0008904719501336977,-0.003555555555555645,0.05000000000000426,-0.20000000000000284,56.05,56.15,56.2,56.25,252.0,8.0,40.0,1739.0,False,False
006208,2022-10-26 12:54:50.440327,0.0008904719501336977,-0.003555555555555645,0.05000000000000426,-0.20000000000000284,56.05,56.15,56.2,56.25,252.0,8.0,40.0,1739.0,False,False
006208,2022-10-26 12:54:50.651205,0.0008904719501336977,-0.003555555555555645,0.05000000000000426,-0.20000000000000284,56.05,56.15,56.2,56.25,252.0,8.0,40.0,800.0,True,True
006208,2022-10-26 12:54:51.677121,0.0008904719501336977,-0.003555555555555645,0.05000000000000426,-0.20000000000000284,56.05,56.15,56.2,56.25,252.0,8.0,40.0,800.0,False,False
006208,2022-10-26 12:54:51.686861,0.0008904719501336977,-0.003555555555555645,0.05000000000000426,-0.20000000000000284,56.05,56.15,56.2,56.25,252.0,8.0,40.0,800.0,False,False
006208,2022-10-26 12:54:51.759354,0.0008904719501336977,-0.002666666666666595,0.05000000000000426,-0.14999999999999858,56.1,56.15,56.2,56.25,1.0,8.0,40.0,800.0,False,False
006208,2022-10-26 12:54:51.842453,0.0008904719501336977,-0.002666666666666595,0.05000000000000426,-0.14999999999999858,56.1,56.15,56.2,56.25,1.0,8.0,40.0,800.0,False,False
006208,2022-10-26 12:54:51.937399,0.0008904719501336977,-0.002666666666666595,0.05000000000000426,-0.14999999999999858,56.1,56.15,56.2,56.25,1.0,8.0,40.0,800.0,False,False
006208,2022-10-26 12:54:52.299767,0.0008904719501336977,-0.002666666666666595,0.05000000000000426,-0.14999999999999858,56.1,56.15,56.2,56.25,1.0,8.0,40.0,800.0,False,False
006208,2022-10-26 12:54:52.299838,0.0008904719501336977,-0.002666666666666595,0.05000000000000426,-0.14999999999999858,56.1,56.15,56.2,56.25,1.0,8.0,40.0,800.0,False,False
006208,2022-10-26 12:54:52.831267,0.0008904719501336977,-0.002666666666666595,0.05000000000000426,-0.14999999999999858,56.1,56.15,56.2,56.25,1.0,8.0,40.0,800.0,False,False
006208,2022-10-26 12:54:52.831378,0.0008904719501336977,-0.002666666666666595,0.05000000000000426,-0.14999999999999858,56.1,56.15,56.2,56.25,1.0,8.0,40.0,800.0,False,False
006208,2022-10-26 12:54:53.393755,0.0008904719501336977,-0.002666666666666595,0.05000000000000426,-0.14999999999999858,56.1,56.15,56.2,56.25,1.0,8.0,40.0,800.0,False,False
006208,2022-10-26 12:54:53.482026,0.0008904719501336977,-0.002666666666666595,0.05000000000000426,-0.14999999999999858,56.1,56.15,56.2,56.25,1.0,8.0,40.0,800.0,False,False
006208,2022-10-26 12:54:53.531899,0.0008904719501336977,-0.002666666666666595,0.05000000000000426,-0.14999999999999858,56.1,56.15,56.2,56.25,1.0,8.0,40.0,800.0,False,False
006208,2022-10-26 12:54:54.159296,0.0008904719501336977,-0.002666666666666595,0.05000000000000426,-0.14999999999999858,56.1,56.15,56.2,56.25,1.0,8.0,40.0,800.0,False,False
006208,2022-10-26 12:54:54.159389,0.0008904719501336977,-0.002666666666666595,0.05000000000000426,-0.14999999999999858,56.1,56.15,56.2,56.25,1.0,8.0,40.0,800.0,False,False
006208,2022-10-26 12:54:55.269938,0.0008904719501336977,-0.002666666666666595,0.05000000000000426,-0.14999999999999858,56.1,56.15,56.2,56.25,1.0,8.0,40.0,800.0,False,False
006208,2022-10-26 12:54:55.270149,0.0008904719501336977,-0.002666666666666595,0.05000000000000426,-0.14999999999999858,56.1,56.15,56.2,56.25,1.0,8.0,40.0,800.0,False,False
006208,2022-10-26 12:54:55.291165,0.0008904719501336977,-0.002666666666666595,0.05000000000000426,-0.14999999999999858,56.1,56.15,56.2,56.25,1.0,58.0,40.0,800.0,False,False
006208,2022-10-26 12:54:57.080584,0.0008904719501336977,-0.002666666666666595,0.05000000000000426,-0.14999999999999858,56.1,56.15,56.2,56.25,1.0,58.0,40.0,800.0,False,False
006208,2022-10-26 12:54:57.089398,0.0008904719501336977,-0.002666666666666595,0.05000000000000426,-0.14999999999999858,56.1,56.15,56.2,56.25,1.0,58.0,40.0,800.0,False,False
006208,2022-10-26 12:54:57.362902,0.0008904719501336977,-0.002666666666666595,0.05000000000000426,-0.14999999999999858,56.1,56.15,56.2,56.25,1.0,58.0,40.0,800.0,False,False
006208,2022-10-26 12:54:57.369348,0.0008904719501336977,-0.002666666666666595,0.05000000000000426,-0.14999999999999858,56.1,56.15,56.2,56.25,1.0,58.0,40.0,800.0,False,False
006208,2022-10-26 12:54:58.669443,0.0008904719501336977,-0.003555555555555645,0.05000000000000426,-0.20000000000000284,56.05,56.15,56.2,56.25,326.0,58.0,40.0,800.0,False,False
006208,2022-10-26 12:54:58.730914,0.0008904719501336977,-0.003555555555555645,0.05000000000000426,-0.20000000000000284,56.05,56.15,56.2,56.25,326.0,58.0,40.0,800.0,False,False
006208,2022-10-26 12:54:58.773436,0.0008904719501336977,-0.003555555555555645,0.05000000000000426,-0.20000000000000284,56.05,56.15,56.2,56.25,286.0,58.0,40.0,800.0,False,False
006208,2022-10-26 12:54:58.902141,0.0008904719501336977,-0.003555555555555645,0.05000000000000426,-0.20000000000000284,56.05,56.15,56.2,56.25,286.0,58.0,40.0,800.0,False,False
006208,2022-10-26 12:54:59.360661,0.0008904719501336977,-0.003555555555555645,0.05000000000000426,-0.20000000000000284,56.05,56.15,56.2,56.25,286.0,58.0,40.0,800.0,False,False
006208,2022-10-26 12:54:59.367530,0.0008904719501336977,-0.003555555555555645,0.05000000000000426,-0.20000000000000284,56.05,56.15,56.2,56.25,286.0,58.0,40.0,800.0,False,False
006208,2022-10-26 12:54:59.370555,0.0008904719501336977,-0.003555555555555645,0.05000000000000426,-0.20000000000000284,56.05,56.15,56.2,56.25,286.0,58.0,40.0,800.0,False,False
006208,2022-10-26 12:54:59.683692,0.0008904719501336977,-0.003555555555555645,0.05000000000000426,-0.20000000000000284,56.05,56.15,56.2,56.25,286.0,58.0,40.0,800.0,False,False
006208,2022-10-26 12:54:59.713999,0.0008904719501336977,-0.003555555555555645,0.05000000000000426,-0.20000000000000284,56.05,56.15,56.2,56.25,286.0,58.0,40.0,800.0,False,False
006208,2022-10-26 12:55:00.208625,0.0008904719501336977,-0.003555555555555645,0.05000000000000426,-0.20000000000000284,56.05,56.15,56.2,56.25,252.0,58.0,40.0,800.0,False,False
006208,2022-10-26 12:55:00.240742,0.0008904719501336977,-0.003555555555555645,0.05000000000000426,-0.20000000000000284,56.05,56.15,56.2,56.25,252.0,58.0,40.0,800.0,False,False
006208,2022-10-26 12:55:00.289610,0.0008904719501336977,-0.003555555555555645,0.05000000000000426,-0.20000000000000284,56.05,56.15,56.2,56.25,252.0,58.0,40.0,800.0,False,False
006208,2022-10-26 12:55:00.824853,0.0008904719501336977,-0.003555555555555645,0.05000000000000426,-0.20000000000000284,56.05,56.15,56.2,56.25,252.0,58.0,40.0,800.0,True,True
006208,2022-10-26 12:55:01.753761,0.0008904719501336977,-0.003555555555555645,0.05000000000000426,-0.20000000000000284,56.05,56.15,56.2,56.25,252.0,8.0,40.0,800.0,False,False
006208,2022-10-26 12:55:01.758496,0.0008904719501336977,-0.003555555555555645,0.05000000000000426,-0.20000000000000284,56.05,56.15,56.2,56.25,252.0,8.0,40.0,800.0,False,False
006208,2022-10-26 12:55:01.985196,0.0008904719501336977,-0.003555555555555645,0.05000000000000426,-0.20000000000000284,56.05,56.15,56.2,56.25,252.0,8.0,40.0,800.0,False,False
006208,2022-10-26 12:55:01.985366,0.0008904719501336977,-0.003555555555555645,0.05000000000000426,-0.20000000000000284,56.05,56.15,56.2,56.25,252.0,8.0,40.0,800.0,False,False
006208,2022-10-26 12:55:02.358558,0.0008904719501336977,-0.003555555555555645,0.05000000000000426,-0.20000000000000284,56.05,56.15,56.2,56.25,252.0,8.0,40.0,800.0,False,False
006208,2022-10-26 12:55:02.393123,0.0008904719501336977,-0.003555555555555645,0.05000000000000426,-0.20000000000000284,56.05,56.15,56.2,56.25,252.0,8.0,40.0,800.0,False,False
006208,2022-10-26 12:55:08.839015,0.0008904719501336977,-0.003555555555555645,0.05000000000000426,-0.20000000000000284,56.05,56.15,56.2,56.25,252.0,8.0,40.0,800.0,False,False
006208,2022-10-26 12:55:08.845741,0.0008904719501336977,-0.003555555555555645,0.05000000000000426,-0.20000000000000284,56.05,56.15,56.2,56.25,252.0,8.0,40.0,800.0,False,False
006208,2022-10-26 12:55:08.978671,0.0008904719501336977,-0.003555555555555645,0.05000000000000426,-0.20000000000000284,56.05,56.15,56.2,56.25,252.0,8.0,40.0,800.0,False,False
006208,2022-10-26 12:55:10.011768,0.0008904719501336977,-0.003555555555555645,0.05000000000000426,-0.20000000000000284,56.05,56.15,56.2,56.25,252.0,8.0,40.0,800.0,False,True
006208,2022-10-26 12:55:12.751261,0.0008904719501336977,-0.003555555555555645,0.05000000000000426,-0.20000000000000284,56.05,56.15,56.2,56.25,177.0,8.0,40.0,800.0,False,False
006208,2022-10-26 12:55:12.803836,0.0008904719501336977,-0.002666666666666595,0.05000000000000426,-0.14999999999999858,56.1,56.15,56.2,56.25,75.0,8.0,40.0,800.0,False,False
006208,2022-10-26 12:55:12.818232,0.0008904719501336977,-0.002666666666666595,0.05000000000000426,-0.14999999999999858,56.1,56.15,56.2,56.25,75.0,8.0,40.0,800.0,False,False
006208,2022-10-26 12:55:13.021357,0.0008904719501336977,-0.002666666666666595,0.05000000000000426,-0.14999999999999858,56.1,56.15,56.2,56.25,75.0,8.0,40.0,800.0,False,False
006208,2022-10-26 12:55:13.114952,0.0008904719501336977,-0.002666666666666595,0.05000000000000426,-0.14999999999999858,56.1,56.15,56.2,56.25,75.0,8.0,40.0,800.0,False,False
006208,2022-10-26 12:55:13.939575,0.0008904719501336977,-0.002666666666666595,0.05000000000000426,-0.14999999999999858,56.1,56.15,56.2,56.25,75.0,8.0,40.0,800.0,False,False
006208,2022-10-26 12:55:14.026835,0.0008904719501336977,-0.002666666666666595,0.05000000000000426,-0.14999999999999858,56.1,56.15,56.2,56.25,75.0,8.0,40.0,800.0,False,False
006208,2022-10-26 12:55:14.057349,0.0008904719501336977,-0.002666666666666595,0.05000000000000426,-0.14999999999999858,56.1,56.15,56.2,56.25,75.0,8.0,40.0,800.0,False,False
006208,2022-10-26 12:55:14.969270,0.0008904719501336977,-0.002666666666666595,0.05000000000000426,-0.14999999999999858,56.1,56.15,56.2,56.25,75.0,8.0,40.0,800.0,False,False
006208,2022-10-26 12:55:18.318481,0.0008904719501336977,-0.002666666666666595,0.05000000000000426,-0.14999999999999858,56.1,56.15,56.2,56.25,75.0,8.0,40.0,800.0,False,False
006208,2022-10-26 12:55:18.417047,0.0008904719501336977,-0.002666666666666595,0.05000000000000426,-0.14999999999999858,56.1,56.15,56.2,56.25,75.0,8.0,40.0,800.0,False,False
006208,2022-10-26 12:55:18.436637,0.0008904719501336977,-0.002666666666666595,0.05000000000000426,-0.14999999999999858,56.1,56.15,56.2,56.25,75.0,8.0,40.0,800.0,False,False
006208,2022-10-26 12:55:20.013962,0.0008904719501336977,-0.002666666666666595,0.05000000000000426,-0.14999999999999858,56.1,56.15,56.2,56.25,75.0,8.0,40.0,800.0,True,True
006208,2022-10-26 12:55:22.783707,0.0008904719501336977,-0.003555555555555645,0.05000000000000426,-0.20000000000000284,56.05,56.15,56.2,56.25,251.0,8.0,40.0,800.0,False,False
006208,2022-10-26 12:55:22.783910,0.0008904719501336977,-0.003555555555555645,0.05000000000000426,-0.20000000000000284,56.05,56.15,56.2,56.25,326.0,8.0,40.0,800.0,False,False
006208,2022-10-26 12:55:22.815207,0.0008904719501336977,-0.003555555555555645,0.05000000000000426,-0.20000000000000284,56.05,56.15,56.2,56.25,326.0,8.0,40.0,800.0,False,False
006208,2022-10-26 12:55:22.863713,0.0008904719501336977,-0.003555555555555645,0.05000000000000426,-0.20000000000000284,56.05,56.15,56.2,56.25,286.0,8.0,40.0,800.0,False,False
006208,2022-10-26 12:55:23.009893,0.0008904719501336977,-0.003555555555555645,0.05000000000000426,-0.20000000000000284,56.05,56.15,56.2,56.25,286.0,8.0,40.0,800.0,False,False
006208,2022-10-26 12:55:23.110372,0.0008904719501336977,-0.003555555555555645,0.05000000000000426,-0.20000000000000284,56.05,56.15,56.2,56.25,286.0,8.0,40.0,800.0,False,False
006208,2022-10-26 12:55:24.245252,0.0008904719501336977,-0.003555555555555645,0.05000000000000426,-0.20000000000000284,56.05,56.15,56.2,56.25,286.0,8.0,40.0,800.0,False,False
006208,2022-10-26 12:55:24.245306,0.0008904719501336977,-0.003555555555555645,0.05000000000000426,-0.20000000000000284,56.05,56.15,56.2,56.25,286.0,8.0,40.0,800.0,False,False
006208,2022-10-26 12:55:24.477997,0.0008904719501336977,-0.003555555555555645,0.05000000000000426,-0.20000000000000284,56.05,56.15,56.2,56.25,286.0,8.0,40.0,800.0,False,False
006208,2022-10-26 12:55:24.478181,0.0008904719501336977,-0.003555555555555645,0.05000000000000426,-0.20000000000000284,56.05,56.15,56.2,56.25,286.0,8.0,40.0,800.0,False,False
006208,2022-10-26 12:55:25.256583,0.0008904719501336977,-0.003555555555555645,0.05000000000000426,-0.20000000000000284,56.05,56.15,56.2,56.25,252.0,8.0,40.0,800.0,False,False
006208,2022-10-26 12:55:25.276764,0.0008904719501336977,-0.003555555555555645,0.05000000000000426,-0.20000000000000284,56.05,56.15,56.2,56.25,252.0,8.0,40.0,800.0,False,False
006208,2022-10-26 12:55:25.755781,0.0008904719501336977,-0.003555555555555645,0.05000000000000426,-0.20000000000000284,56.05,56.15,56.2,56.25,252.0,8.0,40.0,800.0,False,False
006208,2022-10-26 12:55:25.779965,0.0008904719501336977,-0.003555555555555645,0.05000000000000426,-0.20000000000000284,56.05,56.15,56.2,56.25,252.0,8.0,40.0,800.0,False,False
006208,2022-10-26 12:55:25.782835,0.0008904719501336977,-0.003555555555555645,0.05000000000000426,-0.20000000000000284,56.05,56.15,56.2,56.25,252.0,8.0,40.0,800.0,False,False
006208,2022-10-26 12:55:25.949686,0.0008904719501336977,-0.003555555555555645,0.05000000000000426,-0.20000000000000284,56.05,56.15,56.2,56.25,252.0,8.0,40.0,800.0,False,False
006208,2022-10-26 12:55:29.161499,0.0008904719501336977,-0.003555555555555645,0.05000000000000426,-0.20000000000000284,56.05,56.15,56.2,56.25,252.0,8.0,40.0,800.0,False,False
006208,2022-10-26 12:55:29.186804,0.0008904719501336977,-0.003555555555555645,0.05000000000000426,-0.20000000000000284,56.05,56.15,56.2,56.25,252.0,8.0,40.0,800.0,False,False
006208,2022-10-26 12:55:30.038833,0.0008904719501336977,-0.003555555555555645,0.05000000000000426,-0.20000000000000284,56.05,56.15,56.2,56.25,252.0,8.0,340.0,800.0,True,True
006208,2022-10-26 12:55:30.411794,0.0008904719501336977,-0.003555555555555645,0.05000000000000426,-0.20000000000000284,56.05,56.15,56.2,56.25,252.0,8.0,340.0,800.0,False,False
006208,2022-10-26 12:55:30.412003,0.0008904719501336977,-0.003555555555555645,0.05000000000000426,-0.20000000000000284,56.05,56.15,56.2,56.25,252.0,8.0,340.0,800.0,False,False
006208,2022-10-26 12:55:30.573848,0.0008904719501336977,-0.003555555555555645,0.05000000000000426,-0.20000000000000284,56.05,56.15,56.2,56.25,252.0,8.0,340.0,800.0,False,False
006208,2022-10-26 12:55:30.742812,0.0008904719501336977,-0.003555555555555645,0.05000000000000426,-0.20000000000000284,56.05,56.15,56.2,56.25,252.0,8.0,340.0,800.0,False,False
006208,2022-10-26 12:55:30.877796,0.0008904719501336977,-0.003555555555555645,0.05000000000000426,-0.20000000000000284,56.05,56.15,56.2,56.25,292.0,8.0,340.0,800.0,False,False
006208,2022-10-26 12:55:30.958273,0.0008904719501336977,-0.003555555555555645,0.05000000000000426,-0.20000000000000284,56.05,56.15,56.2,56.25,252.0,8.0,340.0,800.0,False,False
006208,2022-10-26 12:55:31.514116,0.0008904719501336977,-0.003555555555555645,0.05000000000000426,-0.20000000000000284,56.05,56.15,56.2,56.25,252.0,8.0,340.0,800.0,False,False
006208,2022-10-26 12:55:31.514266,0.0008904719501336977,-0.003555555555555645,0.05000000000000426,-0.20000000000000284,56.05,56.15,56.2,56.25,252.0,8.0,340.0,800.0,False,False
006208,2022-10-26 12:55:31.742020,0.0008904719501336977,-0.003555555555555645,0.05000000000000426,-0.20000000000000284,56.05,56.15,56.2,56.25,252.0,8.0,340.0,800.0,False,False
006208,2022-10-26 12:55:32.251025,0.0008904719501336977,-0.003555555555555645,0.05000000000000426,-0.20000000000000284,56.05,56.15,56.2,56.25,252.0,8.0,340.0,800.0,False,False
006208,2022-10-26 12:55:32.970474,0.0008904719501336977,-0.003555555555555645,0.05000000000000426,-0.20000000000000284,56.05,56.15,56.2,56.25,252.0,8.0,340.0,800.0,False,False
006208,2022-10-26 12:55:33.070690,0.0008904719501336977,-0.003555555555555645,0.05000000000000426,-0.20000000000000284,56.05,56.15,56.2,56.25,252.0,8.0,340.0,800.0,False,False
006208,2022-10-26 12:55:33.084185,0.0008904719501336977,-0.003555555555555645,0.05000000000000426,-0.20000000000000284,56.05,56.15,56.2,56.25,252.0,8.0,340.0,800.0,False,False
006208,2022-10-26 12:55:33.214860,0.0008904719501336977,-0.003555555555555645,0.05000000000000426,-0.20000000000000284,56.05,56.15,56.2,56.25,252.0,8.0,340.0,800.0,False,False
006208,2022-10-26 12:55:34.922576,0.0008904719501336977,-0.003555555555555645,0.05000000000000426,-0.20000000000000284,56.05,56.15,56.2,56.25,252.0,8.0,340.0,800.0,False,False
006208,2022-10-26 12:55:34.938928,0.0008904719501336977,-0.003555555555555645,0.05000000000000426,-0.20000000000000284,56.05,56.15,56.2,56.25,302.0,8.0,340.0,800.0,False,False
006208,2022-10-26 12:55:36.018361,0.0008904719501336977,-0.003555555555555645,0.05000000000000426,-0.20000000000000284,56.05,56.15,56.2,56.25,342.0,8.0,340.0,800.0,False,False
006208,2022-10-26 12:55:36.039634,0.0008904719501336977,-0.003555555555555645,0.05000000000000426,-0.20000000000000284,56.05,56.15,56.2,56.25,342.0,8.0,340.0,800.0,False,False
006208,2022-10-26 12:55:37.038712,0.0008904719501336977,-0.003555555555555645,0.05000000000000426,-0.20000000000000284,56.05,56.15,56.2,56.25,342.0,8.0,340.0,800.0,False,False
006208,2022-10-26 12:55:37.121000,0.0008904719501336977,-0.002666666666666595,0.05000000000000426,-0.14999999999999858,56.1,56.15,56.2,56.25,100.0,8.0,340.0,800.0,False,False
006208,2022-10-26 12:55:37.375617,0.0008904719501336977,-0.002666666666666595,0.05000000000000426,-0.14999999999999858,56.1,56.15,56.2,56.25,100.0,8.0,340.0,800.0,False,False
006208,2022-10-26 12:55:37.666087,0.0008904719501336977,-0.002666666666666595,0.05000000000000426,-0.14999999999999858,56.1,56.15,56.2,56.25,100.0,8.0,340.0,800.0,False,False
006208,2022-10-26 12:55:37.814038,0.0008904719501336977,-0.002666666666666595,0.05000000000000426,-0.14999999999999858,56.1,56.15,56.2,56.25,100.0,8.0,340.0,800.0,False,False
006208,2022-10-26 12:55:38.078060,0.0008904719501336977,-0.002666666666666595,0.05000000000000426,-0.14999999999999858,56.1,56.15,56.2,56.25,100.0,8.0,340.0,800.0,False,False
006208,2022-10-26 12:55:38.109544,0.0008904719501336977,-0.002666666666666595,0.05000000000000426,-0.14999999999999858,56.1,56.15,56.2,56.25,100.0,8.0,340.0,800.0,False,False
006208,2022-10-26 12:55:38.292673,0.0008904719501336977,-0.002666666666666595,0.05000000000000426,-0.14999999999999858,56.1,56.15,56.2,56.25,100.0,8.0,340.0,800.0,False,False
006208,2022-10-26 12:55:38.292862,0.0008904719501336977,-0.002666666666666595,0.05000000000000426,-0.14999999999999858,56.1,56.15,56.2,56.25,175.0,8.0,340.0,800.0,False,False
006208,2022-10-26 12:55:38.897799,0.0008904719501336977,-0.002666666666666595,0.05000000000000426,-0.14999999999999858,56.1,56.15,56.2,56.25,175.0,8.0,340.0,800.0,False,False
006208,2022-10-26 12:55:38.972316,0.0008904719501336977,-0.002666666666666595,0.05000000000000426,-0.14999999999999858,56.1,56.15,56.2,56.25,175.0,8.0,340.0,800.0,False,False
006208,2022-10-26 12:55:39.470316,0.0008904719501336977,-0.002666666666666595,0.05000000000000426,-0.14999999999999858,56.1,56.15,56.2,56.25,175.0,8.0,340.0,800.0,False,False
006208,2022-10-26 12:55:39.470536,0.0008904719501336977,-0.002666666666666595,0.05000000000000426,-0.14999999999999858,56.1,56.15,56.2,56.25,175.0,8.0,340.0,800.0,False,False
006208,2022-10-26 12:55:39.604096,0.0008904719501336977,-0.002666666666666595,0.05000000000000426,-0.14999999999999858,56.1,56.15,56.2,56.25,175.0,8.0,340.0,800.0,False,False
006208,2022-10-26 12:55:39.753628,0.0008904719501336977,-0.002666666666666595,0.05000000000000426,-0.14999999999999858,56.1,56.15,56.2,56.25,175.0,8.0,340.0,800.0,False,False
006208,2022-10-26 12:55:39.863216,0.0008904719501336977,-0.002666666666666595,0.05000000000000426,-0.14999999999999858,56.1,56.15,56.2,56.25,175.0,8.0,340.0,800.0,False,False
006208,2022-10-26 12:55:39.954602,0.0008904719501336977,-0.002666666666666595,0.05000000000000426,-0.14999999999999858,56.1,56.15,56.2,56.25,175.0,8.0,340.0,800.0,False,False
006208,2022-10-26 12:55:40.063203,0.0008904719501336977,-0.002666666666666595,0.05000000000000426,-0.14999999999999858,56.1,56.15,56.2,56.25,175.0,8.0,340.0,711.0,True,True
006208,2022-10-26 12:55:40.163600,0.0008904719501336977,-0.002666666666666595,0.05000000000000426,-0.14999999999999858,56.1,56.15,56.2,56.25,175.0,8.0,340.0,711.0,False,False
006208,2022-10-26 12:55:41.103158,0.0008904719501336977,-0.002666666666666595,0.05000000000000426,-0.14999999999999858,56.1,56.15,56.2,56.25,175.0,8.0,340.0,711.0,False,False
006208,2022-10-26 12:55:45.404598,0.0008904719501336977,-0.002666666666666595,0.05000000000000426,-0.14999999999999858,56.1,56.15,56.2,56.25,175.0,9.0,340.0,711.0,False,False
006208,2022-10-26 12:55:45.461051,0.0008904719501336977,-0.002666666666666595,0.05000000000000426,-0.14999999999999858,56.1,56.15,56.2,56.25,175.0,9.0,340.0,711.0,False,False
006208,2022-10-26 12:55:45.521881,0.0008904719501336977,-0.002666666666666595,0.05000000000000426,-0.14999999999999858,56.1,56.15,56.2,56.25,175.0,9.0,340.0,711.0,False,False
006208,2022-10-26 12:55:46.705286,0.0008904719501336977,-0.002666666666666595,0.05000000000000426,-0.14999999999999858,56.1,56.15,56.2,56.25,175.0,9.0,340.0,711.0,False,False
006208,2022-10-26 12:55:46.705498,0.0008904719501336977,-0.002666666666666595,0.05000000000000426,-0.14999999999999858,56.1,56.15,56.2,56.25,175.0,9.0,340.0,711.0,False,False
006208,2022-10-26 12:55:46.769599,0.0008904719501336977,-0.002666666666666595,0.05000000000000426,-0.14999999999999858,56.1,56.15,56.2,56.25,175.0,9.0,340.0,711.0,False,False
006208,2022-10-26 12:55:47.361486,0.0008904719501336977,-0.002666666666666595,0.05000000000000426,-0.14999999999999858,56.1,56.15,56.2,56.25,175.0,9.0,340.0,711.0,False,False
006208,2022-10-26 12:55:47.364325,0.0008904719501336977,-0.002666666666666595,0.05000000000000426,-0.14999999999999858,56.1,56.15,56.2,56.25,175.0,9.0,340.0,711.0,False,False
006208,2022-10-26 12:55:47.495547,0.0008904719501336977,-0.002666666666666595,0.05000000000000426,-0.14999999999999858,56.1,56.15,56.2,56.25,175.0,9.0,340.0,711.0,False,False
006208,2022-10-26 12:55:47.561997,0.0008904719501336977,-0.002666666666666595,0.05000000000000426,-0.14999999999999858,56.1,56.15,56.2,56.25,175.0,9.0,340.0,711.0,False,False
006208,2022-10-26 12:55:48.342589,0.0008904719501336977,-0.002666666666666595,0.05000000000000426,-0.14999999999999858,56.1,56.15,56.2,56.25,175.0,9.0,340.0,711.0,False,False
006208,2022-10-26 12:55:48.395615,0.0008904719501336977,-0.002666666666666595,0.05000000000000426,-0.14999999999999858,56.1,56.15,56.2,56.25,175.0,9.0,340.0,711.0,False,False
006208,2022-10-26 12:55:48.403293,0.0008904719501336977,-0.002666666666666595,0.05000000000000426,-0.14999999999999858,56.1,56.15,56.2,56.25,175.0,9.0,340.0,711.0,False,False
006208,2022-10-26 12:55:50.016506,0.0008904719501336977,-0.002666666666666595,0.05000000000000426,-0.14999999999999858,56.1,56.15,56.2,56.25,175.0,9.0,340.0,711.0,False,False
006208,2022-10-26 12:55:50.096342,0.0008904719501336977,-0.002666666666666595,0.05000000000000426,-0.14999999999999858,56.1,56.15,56.2,56.25,175.0,9.0,460.0,711.0,True,True
006208,2022-10-26 12:55:57.475399,0.0008904719501336977,-0.002666666666666595,0.05000000000000426,-0.14999999999999858,56.1,56.15,56.2,56.25,175.0,9.0,460.0,711.0,False,False
006208,2022-10-26 12:55:57.478019,0.0008904719501336977,-0.002666666666666595,0.05000000000000426,-0.14999999999999858,56.1,56.15,56.2,56.25,175.0,9.0,460.0,711.0,False,False
006208,2022-10-26 12:55:57.609981,0.0008904719501336977,-0.002666666666666595,0.05000000000000426,-0.14999999999999858,56.1,56.15,56.2,56.25,175.0,9.0,460.0,711.0,False,False
006208,2022-10-26 12:55:57.730801,0.0008904719501336977,-0.002666666666666595,0.05000000000000426,-0.14999999999999858,56.1,56.15,56.2,56.25,175.0,9.0,460.0,711.0,False,False
006208,2022-10-26 12:56:00.780840,0.0008904719501336977,-0.002666666666666595,0.05000000000000426,-0.14999999999999858,56.1,56.15,56.2,56.25,175.0,9.0,460.0,711.0,False,False
006208,2022-10-26 12:56:00.864641,0.0008904719501336977,-0.002666666666666595,0.05000000000000426,-0.14999999999999858,56.1,56.15,56.2,56.25,175.0,9.0,460.0,711.0,False,False
006208,2022-10-26 12:56:02.237593,0.0008904719501336977,-0.002666666666666595,0.05000000000000426,-0.14999999999999858,56.1,56.15,56.2,56.25,175.0,9.0,460.0,711.0,False,False
006208,2022-10-26 12:56:02.254845,0.0008904719501336977,-0.002666666666666595,0.05000000000000426,-0.14999999999999858,56.1,56.15,56.2,56.25,175.0,9.0,460.0,711.0,False,False
006208,2022-10-26 12:56:04.036809,0.0008904719501336977,-0.002666666666666595,0.05000000000000426,-0.14999999999999858,56.1,56.15,56.2,56.25,175.0,9.0,460.0,711.0,False,False
006208,2022-10-26 12:56:06.753379,0.0008904719501336977,-0.002666666666666595,0.05000000000000426,-0.14999999999999858,56.1,56.15,56.2,56.25,175.0,9.0,460.0,711.0,False,False
006208,2022-10-26 12:56:06.753478,0.0008904719501336977,-0.002666666666666595,0.05000000000000426,-0.14999999999999858,56.1,56.15,56.2,56.25,175.0,9.0,460.0,711.0,False,False
006208,2022-10-26 12:56:07.593897,0.0008904719501336977,-0.002666666666666595,0.05000000000000426,-0.14999999999999858,56.1,56.15,56.2,56.25,175.0,9.0,460.0,711.0,False,False
006208,2022-10-26 12:56:07.601014,0.0008904719501336977,-0.002666666666666595,0.05000000000000426,-0.14999999999999858,56.1,56.15,56.2,56.25,175.0,9.0,460.0,711.0,False,False
006208,2022-10-26 12:56:07.727033,0.0008904719501336977,-0.002666666666666595,0.05000000000000426,-0.14999999999999858,56.1,56.15,56.2,56.25,175.0,9.0,460.0,711.0,False,False
006208,2022-10-26 12:56:07.781682,0.0008904719501336977,-0.002666666666666595,0.05000000000000426,-0.14999999999999858,56.1,56.15,56.2,56.25,175.0,9.0,460.0,711.0,False,False
006208,2022-10-26 12:56:07.909264,0.0008904719501336977,-0.002666666666666595,0.05000000000000426,-0.14999999999999858,56.1,56.15,56.2,56.25,175.0,9.0,460.0,711.0,False,False
006208,2022-10-26 12:56:08.008191,0.0008904719501336977,-0.002666666666666595,0.05000000000000426,-0.14999999999999858,56.1,56.15,56.2,56.25,100.0,9.0,460.0,711.0,False,False
006208,2022-10-26 12:56:08.102580,0.0008904719501336977,-0.002666666666666595,0.05000000000000426,-0.14999999999999858,56.1,56.15,56.2,56.25,100.0,11.0,460.0,711.0,False,False
006208,2022-10-26 12:56:08.225816,0.0008904719501336977,-0.003555555555555645,0.05000000000000426,-0.20000000000000284,56.05,56.15,56.2,56.25,377.0,11.0,460.0,711.0,False,False
006208,2022-10-26 12:56:08.296943,0.0008904719501336977,-0.003555555555555645,0.05000000000000426,-0.20000000000000284,56.05,56.15,56.2,56.25,377.0,11.0,460.0,711.0,False,False
006208,2022-10-26 12:56:08.457539,0.0008904719501336977,-0.003555555555555645,0.05000000000000426,-0.20000000000000284,56.05,56.15,56.2,56.25,337.0,11.0,460.0,711.0,False,False
006208,2022-10-26 12:56:08.532799,0.0008904719501336977,-0.003555555555555645,0.05000000000000426,-0.20000000000000284,56.05,56.15,56.2,56.25,337.0,11.0,460.0,711.0,False,False
006208,2022-10-26 12:56:08.647791,0.0008904719501336977,-0.003555555555555645,0.05000000000000426,-0.20000000000000284,56.05,56.15,56.2,56.25,337.0,11.0,460.0,711.0,False,False
006208,2022-10-26 12:56:09.186864,0.0008904719501336977,-0.002666666666666595,0.05000000000000426,-0.14999999999999858,56.1,56.15,56.2,56.25,100.0,11.0,460.0,711.0,False,False
006208,2022-10-26 12:56:09.217273,0.0008904719501336977,-0.002666666666666595,0.05000000000000426,-0.14999999999999858,56.1,56.15,56.2,56.25,100.0,11.0,460.0,711.0,False,False
006208,2022-10-26 12:56:09.264419,0.0008904719501336977,-0.002666666666666595,0.05000000000000426,-0.14999999999999858,56.1,56.15,56.2,56.25,100.0,11.0,460.0,711.0,False,False
006208,2022-10-26 12:56:09.455292,0.0008904719501336977,-0.002666666666666595,0.05000000000000426,-0.14999999999999858,56.1,56.15,56.2,56.25,100.0,11.0,460.0,711.0,False,False
006208,2022-10-26 12:56:10.152931,0.0008904719501336977,-0.002666666666666595,0.05000000000000426,-0.14999999999999858,56.1,56.15,56.2,56.25,100.0,11.0,460.0,706.0,True,True
006208,2022-10-26 12:56:10.580118,0.0008904719501336977,-0.002666666666666595,0.05000000000000426,-0.14999999999999858,56.1,56.15,56.2,56.25,100.0,11.0,460.0,706.0,False,False
006208,2022-10-26 12:56:10.601232,0.0008904719501336977,-0.002666666666666595,0.05000000000000426,-0.14999999999999858,56.1,56.15,56.2,56.25,100.0,11.0,460.0,706.0,False,False
006208,2022-10-26 12:56:10.829914,0.0008904719501336977,-0.002666666666666595,0.05000000000000426,-0.14999999999999858,56.1,56.15,56.2,56.25,100.0,11.0,460.0,706.0,False,False
006208,2022-10-26 12:56:10.830040,0.0008904719501336977,-0.002666666666666595,0.05000000000000426,-0.14999999999999858,56.1,56.15,56.2,56.25,100.0,11.0,460.0,706.0,False,False
006208,2022-10-26 12:56:10.935620,0.0008904719501336977,-0.003555555555555645,0.05000000000000426,-0.20000000000000284,56.05,56.15,56.2,56.25,343.0,11.0,460.0,706.0,False,False
006208,2022-10-26 12:56:11.063850,0.0008904719501336977,-0.003555555555555645,0.05000000000000426,-0.20000000000000284,56.05,56.15,56.2,56.25,303.0,11.0,460.0,706.0,False,False
006208,2022-10-26 12:56:11.187969,0.0008904719501336977,-0.003555555555555645,0.05000000000000426,-0.20000000000000284,56.05,56.15,56.2,56.25,303.0,11.0,460.0,706.0,False,False
006208,2022-10-26 12:56:11.862685,0.0008904719501336977,-0.003555555555555645,0.05000000000000426,-0.20000000000000284,56.05,56.15,56.2,56.25,303.0,11.0,460.0,706.0,False,False
006208,2022-10-26 12:56:11.992245,0.0008904719501336977,-0.003555555555555645,0.05000000000000426,-0.20000000000000284,56.05,56.15,56.2,56.25,303.0,11.0,460.0,706.0,False,False
006208,2022-10-26 12:56:12.013635,0.0008904719501336977,-0.003555555555555645,0.05000000000000426,-0.20000000000000284,56.05,56.15,56.2,56.25,337.0,11.0,460.0,706.0,False,False
006208,2022-10-26 12:56:12.460337,0.0008904719501336977,-0.003555555555555645,0.05000000000000426,-0.20000000000000284,56.05,56.15,56.2,56.25,337.0,11.0,460.0,706.0,False,False
006208,2022-10-26 12:56:13.068240,0.0008904719501336977,-0.003555555555555645,0.05000000000000426,-0.20000000000000284,56.05,56.15,56.2,56.25,337.0,11.0,460.0,706.0,False,False
006208,2022-10-26 12:56:13.078370,0.0008904719501336977,-0.003555555555555645,0.05000000000000426,-0.20000000000000284,56.05,56.15,56.2,56.25,337.0,11.0,460.0,706.0,False,False
006208,2022-10-26 12:56:13.630962,0.0008904719501336977,-0.003555555555555645,0.05000000000000426,-0.20000000000000284,56.05,56.15,56.2,56.25,337.0,11.0,460.0,706.0,False,False
006208,2022-10-26 12:56:13.661048,0.0008904719501336977,-0.003555555555555645,0.05000000000000426,-0.20000000000000284,56.05,56.15,56.2,56.25,337.0,11.0,460.0,706.0,False,False
006208,2022-10-26 12:56:15.481757,0.0008904719501336977,-0.003555555555555645,0.05000000000000426,-0.20000000000000284,56.05,56.15,56.2,56.25,337.0,11.0,460.0,706.0,False,False
006208,2022-10-26 12:56:15.485527,0.0008904719501336977,-0.003555555555555645,0.05000000000000426,-0.20000000000000284,56.05,56.15,56.2,56.25,303.0,11.0,460.0,706.0,False,False
006208,2022-10-26 12:56:15.491726,0.0008904719501336977,-0.003555555555555645,0.05000000000000426,-0.20000000000000284,56.05,56.15,56.2,56.25,303.0,11.0,460.0,706.0,False,False
006208,2022-10-26 12:56:16.350366,0.0008904719501336977,-0.003555555555555645,0.05000000000000426,-0.20000000000000284,56.05,56.15,56.2,56.25,303.0,11.0,460.0,706.0,False,False
006208,2022-10-26 12:56:16.372708,0.0008904719501336977,-0.003555555555555645,0.05000000000000426,-0.20000000000000284,56.05,56.15,56.2,56.25,253.0,11.0,460.0,706.0,False,False
006208,2022-10-26 12:56:17.269537,0.0008904719501336977,-0.003555555555555645,0.05000000000000426,-0.20000000000000284,56.05,56.15,56.2,56.25,253.0,11.0,460.0,706.0,False,False
006208,2022-10-26 12:56:17.365647,0.0008904719501336977,-0.003555555555555645,0.05000000000000426,-0.20000000000000284,56.05,56.15,56.2,56.25,253.0,11.0,460.0,706.0,False,False
006208,2022-10-26 12:56:17.411977,0.0008904719501336977,-0.003555555555555645,0.05000000000000426,-0.20000000000000284,56.05,56.15,56.2,56.25,253.0,11.0,460.0,706.0,False,False
006208,2022-10-26 12:56:18.478660,0.0008904719501336977,-0.003555555555555645,0.05000000000000426,-0.20000000000000284,56.05,56.15,56.2,56.25,253.0,11.0,460.0,706.0,False,False
006208,2022-10-26 12:56:18.843341,0.0008904719501336977,-0.003555555555555645,0.05000000000000426,-0.20000000000000284,56.05,56.15,56.2,56.25,253.0,11.0,460.0,706.0,False,False
006208,2022-10-26 12:56:18.843407,0.0008904719501336977,-0.003555555555555645,0.05000000000000426,-0.20000000000000284,56.05,56.15,56.2,56.25,253.0,11.0,460.0,706.0,False,False
006208,2022-10-26 12:56:19.184030,0.0008904719501336977,-0.003555555555555645,0.05000000000000426,-0.20000000000000284,56.05,56.15,56.2,56.25,253.0,11.0,460.0,706.0,False,False
006208,2022-10-26 12:56:20.055479,0.0008904719501336977,-0.003555555555555645,0.05000000000000426,-0.20000000000000284,56.05,56.15,56.2,56.25,253.0,11.0,460.0,706.0,False,False
006208,2022-10-26 12:56:20.055610,0.0008904719501336977,-0.003555555555555645,0.05000000000000426,-0.20000000000000284,56.05,56.15,56.2,56.25,253.0,11.0,460.0,706.0,False,False
006208,2022-10-26 12:56:20.178409,0.0008904719501336977,-0.003555555555555645,0.05000000000000426,-0.20000000000000284,56.05,56.15,56.2,56.25,253.0,11.0,460.0,696.0,True,True
006208,2022-10-26 12:56:20.209833,0.0008904719501336977,-0.003555555555555645,0.05000000000000426,-0.20000000000000284,56.05,56.15,56.2,56.25,303.0,11.0,460.0,696.0,False,False
006208,2022-10-26 12:56:21.176060,0.0008904719501336977,-0.003555555555555645,0.05000000000000426,-0.20000000000000284,56.05,56.15,56.2,56.25,303.0,11.0,460.0,696.0,False,False
006208,2022-10-26 12:56:21.188673,0.0008904719501336977,-0.003555555555555645,0.05000000000000426,-0.20000000000000284,56.05,56.15,56.2,56.25,303.0,11.0,460.0,696.0,False,False
006208,2022-10-26 12:56:21.310102,0.0008904719501336977,-0.003555555555555645,0.05000000000000426,-0.20000000000000284,56.05,56.15,56.2,56.25,303.0,11.0,460.0,696.0,False,False
006208,2022-10-26 12:56:30.206280,0.0008904719501336977,-0.003555555555555645,0.05000000000000426,-0.20000000000000284,56.05,56.15,56.2,56.25,303.0,11.0,582.0,496.0,True,True
006208,2022-10-26 12:56:31.295153,0.0008904719501336977,-0.003555555555555645,0.05000000000000426,-0.20000000000000284,56.05,56.15,56.2,56.25,303.0,11.0,582.0,496.0,False,False
006208,2022-10-26 12:56:31.298096,0.0008904719501336977,-0.003555555555555645,0.05000000000000426,-0.20000000000000284,56.05,56.15,56.2,56.25,303.0,11.0,582.0,496.0,False,False
006208,2022-10-26 12:56:31.429757,0.0008904719501336977,-0.003555555555555645,0.05000000000000426,-0.20000000000000284,56.05,56.15,56.2,56.25,303.0,11.0,582.0,496.0,False,False
006208,2022-10-26 12:56:41.413335,0.0008904719501336977,-0.003555555555555645,0.05000000000000426,-0.20000000000000284,56.05,56.15,56.2,56.25,303.0,11.0,582.0,496.0,False,False
006208,2022-10-26 12:56:41.416101,0.0008904719501336977,-0.003555555555555645,0.05000000000000426,-0.20000000000000284,56.05,56.15,56.2,56.25,303.0,11.0,582.0,496.0,False,False
006208,2022-10-26 12:56:41.581646,0.0008904719501336977,-0.003555555555555645,0.05000000000000426,-0.20000000000000284,56.05,56.15,56.2,56.25,253.0,11.0,582.0,496.0,False,False
006208,2022-10-26 12:56:44.109304,0.0008904719501336977,-0.003555555555555645,0.05000000000000426,-0.20000000000000284,56.05,56.15,56.2,56.25,253.0,11.0,582.0,496.0,False,False
006208,2022-10-26 12:56:44.177626,0.0008904719501336977,-0.003555555555555645,0.05000000000000426,-0.20000000000000284,56.05,56.15,56.2,56.25,253.0,11.0,582.0,496.0,False,False
006208,2022-10-26 12:56:48.929410,0.0008904719501336977,-0.003555555555555645,0.05000000000000426,-0.20000000000000284,56.05,56.15,56.2,56.25,253.0,11.0,582.0,496.0,False,False
006208,2022-10-26 12:56:49.053020,0.0008904719501336977,-0.003555555555555645,0.05000000000000426,-0.20000000000000284,56.05,56.15,56.2,56.25,254.0,11.0,582.0,496.0,False,False
006208,2022-10-26 12:56:49.292879,0.0008904719501336977,-0.003555555555555645,0.05000000000000426,-0.20000000000000284,56.05,56.15,56.2,56.25,254.0,11.0,582.0,496.0,False,False
006208,2022-10-26 12:56:49.304674,0.0008904719501336977,-0.003555555555555645,0.05000000000000426,-0.20000000000000284,56.05,56.15,56.2,56.25,304.0,11.0,582.0,496.0,False,False
006208,2022-10-26 12:56:49.993252,0.0008904719501336977,-0.003555555555555645,0.05000000000000426,-0.20000000000000284,56.05,56.15,56.2,56.25,304.0,11.0,582.0,496.0,False,False
006208,2022-10-26 12:56:50.004240,0.0008904719501336977,-0.003555555555555645,0.05000000000000426,-0.20000000000000284,56.05,56.15,56.2,56.25,254.0,11.0,582.0,496.0,False,False
006208,2022-10-26 12:56:50.279632,0.0008904719501336977,-0.003555555555555645,0.05000000000000426,-0.20000000000000284,56.05,56.15,56.2,56.25,254.0,11.0,582.0,496.0,True,True
006208,2022-10-26 12:56:50.891308,0.0008904719501336977,-0.003555555555555645,0.05000000000000426,-0.20000000000000284,56.05,56.15,56.2,56.25,254.0,11.0,582.0,496.0,False,False
006208,2022-10-26 12:56:50.891435,0.0008904719501336977,-0.003555555555555645,0.05000000000000426,-0.20000000000000284,56.05,56.15,56.2,56.25,254.0,11.0,582.0,496.0,False,False
006208,2022-10-26 12:56:51.528974,0.0008904719501336977,-0.003555555555555645,0.05000000000000426,-0.20000000000000284,56.05,56.15,56.2,56.25,254.0,11.0,582.0,496.0,False,False
006208,2022-10-26 12:56:51.536072,0.0008904719501336977,-0.003555555555555645,0.05000000000000426,-0.20000000000000284,56.05,56.15,56.2,56.25,254.0,11.0,582.0,496.0,False,False
006208,2022-10-26 12:56:51.668499,0.0008904719501336977,-0.003555555555555645,0.05000000000000426,-0.20000000000000284,56.05,56.15,56.2,56.25,254.0,11.0,582.0,496.0,False,False
006208,2022-10-26 12:56:53.815593,0.0008904719501336977,-0.003555555555555645,0.05000000000000426,-0.20000000000000284,56.05,56.15,56.2,56.25,254.0,12.0,582.0,496.0,False,False
006208,2022-10-26 12:56:55.504815,0.0008904719501336977,-0.003555555555555645,0.05000000000000426,-0.20000000000000284,56.05,56.15,56.2,56.25,253.0,12.0,582.0,496.0,False,False
006208,2022-10-26 12:56:57.894240,0.0008904719501336977,-0.003555555555555645,0.05000000000000426,-0.20000000000000284,56.05,56.15,56.2,56.25,253.0,12.0,582.0,496.0,False,False
006208,2022-10-26 12:56:57.894264,0.0008904719501336977,-0.003555555555555645,0.05000000000000426,-0.20000000000000284,56.05,56.15,56.2,56.25,253.0,12.0,582.0,496.0,False,False
006208,2022-10-26 12:56:58.320800,0.0008904719501336977,-0.003555555555555645,0.05000000000000426,-0.20000000000000284,56.05,56.15,56.2,56.25,253.0,12.0,582.0,496.0,False,False
006208,2022-10-26 12:56:58.320943,0.0008904719501336977,-0.003555555555555645,0.05000000000000426,-0.20000000000000284,56.05,56.15,56.2,56.25,253.0,12.0,582.0,496.0,False,False
006208,2022-10-26 12:57:00.308661,0.0008904719501336977,-0.003555555555555645,0.05000000000000426,-0.20000000000000284,56.05,56.15,56.2,56.25,253.0,12.0,649.0,496.0,True,True
006208,2022-10-26 12:57:00.605145,0.0008904719501336977,-0.003555555555555645,0.05000000000000426,-0.20000000000000284,56.05,56.15,56.2,56.25,253.0,12.0,649.0,496.0,False,False
006208,2022-10-26 12:57:00.605185,0.0008904719501336977,-0.003555555555555645,0.05000000000000426,-0.20000000000000284,56.05,56.15,56.2,56.25,253.0,12.0,649.0,496.0,False,False
006208,2022-10-26 12:57:01.647541,0.0008904719501336977,-0.003555555555555645,0.05000000000000426,-0.20000000000000284,56.05,56.15,56.2,56.25,253.0,12.0,649.0,496.0,False,False
006208,2022-10-26 12:57:01.650556,0.0008904719501336977,-0.003555555555555645,0.05000000000000426,-0.20000000000000284,56.05,56.15,56.2,56.25,253.0,12.0,649.0,496.0,False,False
006208,2022-10-26 12:57:01.784334,0.0008904719501336977,-0.003555555555555645,0.05000000000000426,-0.20000000000000284,56.05,56.15,56.2,56.25,253.0,12.0,649.0,496.0,False,False
006208,2022-10-26 12:57:03.557854,0.0008904719501336977,-0.003555555555555645,0.05000000000000426,-0.20000000000000284,56.05,56.15,56.2,56.25,253.0,12.0,649.0,496.0,False,False
006208,2022-10-26 12:57:03.558057,0.0008904719501336977,-0.003555555555555645,0.05000000000000426,-0.20000000000000284,56.05,56.15,56.2,56.25,253.0,12.0,649.0,496.0,False,False
006208,2022-10-26 12:57:04.753218,0.0008904719501336977,-0.003555555555555645,0.05000000000000426,-0.20000000000000284,56.05,56.15,56.2,56.25,253.0,12.0,649.0,496.0,False,False
006208,2022-10-26 12:57:04.753355,0.0008904719501336977,-0.003555555555555645,0.05000000000000426,-0.20000000000000284,56.05,56.15,56.2,56.25,253.0,12.0,649.0,496.0,False,False
006208,2022-10-26 12:57:08.578513,0.0008904719501336977,-0.002666666666666595,0.05000000000000426,-0.14999999999999858,56.1,56.15,56.2,56.25,1.0,12.0,649.0,496.0,False,False
006208,2022-10-26 12:57:08.608191,0.0008904719501336977,-0.002666666666666595,0.05000000000000426,-0.14999999999999858,56.1,56.15,56.2,56.25,1.0,12.0,649.0,496.0,False,False
006208,2022-10-26 12:57:08.680575,0.0008904719501336977,-0.002666666666666595,0.05000000000000426,-0.14999999999999858,56.1,56.15,56.2,56.25,1.0,12.0,649.0,496.0,False,False
006208,2022-10-26 12:57:08.820293,0.0008904719501336977,-0.002666666666666595,0.05000000000000426,-0.14999999999999858,56.1,56.15,56.2,56.25,1.0,12.0,649.0,496.0,False,False
006208,2022-10-26 12:57:10.039247,0.0008904719501336977,-0.002666666666666595,0.05000000000000426,-0.14999999999999858,56.1,56.15,56.2,56.25,1.0,12.0,649.0,496.0,False,False
006208,2022-10-26 12:57:10.045429,0.0008904719501336977,-0.002666666666666595,0.05000000000000426,-0.14999999999999858,56.1,56.15,56.2,56.25,1.0,12.0,649.0,496.0,False,False
006208,2022-10-26 12:57:10.339755,0.0008904719501336977,-0.002666666666666595,0.05000000000000426,-0.14999999999999858,56.1,56.15,56.2,56.25,1.0,12.0,649.0,516.0,True,True
006208,2022-10-26 12:57:10.930772,0.0008904719501336977,-0.002666666666666595,0.05000000000000426,-0.14999999999999858,56.1,56.15,56.2,56.25,1.0,12.0,649.0,516.0,False,False
006208,2022-10-26 12:57:10.952678,0.0008904719501336977,-0.002666666666666595,0.05000000000000426,-0.14999999999999858,56.1,56.15,56.2,56.25,1.0,12.0,649.0,516.0,False,False
006208,2022-10-26 12:57:11.332837,0.0008904719501336977,-0.002666666666666595,0.05000000000000426,-0.14999999999999858,56.1,56.15,56.2,56.25,1.0,12.0,649.0,516.0,False,False
006208,2022-10-26 12:57:11.342507,0.0008904719501336977,-0.002666666666666595,0.05000000000000426,-0.14999999999999858,56.1,56.15,56.2,56.25,1.0,12.0,649.0,516.0,False,False
006208,2022-10-26 12:57:12.131111,0.0008904719501336977,-0.002666666666666595,0.05000000000000426,-0.14999999999999858,56.1,56.15,56.2,56.25,1.0,12.0,649.0,516.0,False,False
006208,2022-10-26 12:57:12.211139,0.0008904719501336977,-0.002666666666666595,0.05000000000000426,-0.14999999999999858,56.1,56.15,56.2,56.25,1.0,12.0,649.0,516.0,False,False
006208,2022-10-26 12:57:12.239378,0.0008904719501336977,-0.002666666666666595,0.05000000000000426,-0.14999999999999858,56.1,56.15,56.2,56.25,1.0,12.0,649.0,516.0,False,False
006208,2022-10-26 12:57:13.800616,0.0008904719501336977,-0.002666666666666595,0.05000000000000426,-0.14999999999999858,56.1,56.15,56.2,56.25,1.0,12.0,649.0,516.0,False,False
006208,2022-10-26 12:57:15.494350,0.0008904719501336977,-0.002666666666666595,0.05000000000000426,-0.14999999999999858,56.1,56.15,56.2,56.25,1.0,12.0,649.0,516.0,False,False
006208,2022-10-26 12:57:18.807553,0.0008904719501336977,-0.002666666666666595,0.05000000000000426,-0.14999999999999858,56.1,56.15,56.2,56.25,1.0,12.0,649.0,516.0,False,False
006208,2022-10-26 12:57:18.812424,0.0008904719501336977,-0.002666666666666595,0.05000000000000426,-0.14999999999999858,56.1,56.15,56.2,56.25,1.0,12.0,649.0,516.0,False,False
006208,2022-10-26 12:57:18.942316,0.0008904719501336977,-0.002666666666666595,0.05000000000000426,-0.14999999999999858,56.1,56.15,56.2,56.25,1.0,12.0,649.0,516.0,False,False
006208,2022-10-26 12:57:18.957372,0.0008904719501336977,-0.002666666666666595,0.05000000000000426,-0.14999999999999858,56.1,56.15,56.2,56.25,1.0,12.0,649.0,516.0,False,False
006208,2022-10-26 12:57:20.369904,0.0008904719501336977,-0.002666666666666595,0.05000000000000426,-0.14999999999999858,56.1,56.15,56.2,56.25,1.0,12.0,602.0,621.0,True,True
006208,2022-10-26 12:57:21.887911,0.0008904719501336977,-0.002666666666666595,0.05000000000000426,-0.14999999999999858,56.1,56.15,56.2,56.25,1.0,12.0,602.0,621.0,False,False
006208,2022-10-26 12:57:21.900189,0.0008904719501336977,-0.002666666666666595,0.05000000000000426,-0.14999999999999858,56.1,56.15,56.2,56.25,1.0,12.0,602.0,621.0,False,False
006208,2022-10-26 12:57:23.502960,0.0008904719501336977,-0.002666666666666595,0.05000000000000426,-0.14999999999999858,56.1,56.15,56.2,56.25,1.0,12.0,602.0,621.0,False,False
006208,2022-10-26 12:57:23.879546,0.0008904719501336977,-0.002666666666666595,0.05000000000000426,-0.14999999999999858,56.1,56.15,56.2,56.25,1.0,12.0,602.0,621.0,False,False
006208,2022-10-26 12:57:23.889532,0.0008904719501336977,-0.002666666666666595,0.05000000000000426,-0.14999999999999858,56.1,56.15,56.2,56.25,1.0,12.0,602.0,621.0,False,False
006208,2022-10-26 12:57:25.079844,0.0008904719501336977,-0.002666666666666595,0.05000000000000426,-0.14999999999999858,56.1,56.15,56.2,56.25,1.0,12.0,602.0,621.0,False,False
006208,2022-10-26 12:57:26.598627,0.0008904719501336977,-0.002666666666666595,0.05000000000000426,-0.14999999999999858,56.1,56.15,56.2,56.25,1.0,12.0,602.0,621.0,False,False
006208,2022-10-26 12:57:27.728154,0.0008904719501336977,-0.002666666666666595,0.05000000000000426,-0.14999999999999858,56.1,56.15,56.2,56.25,1.0,12.0,602.0,621.0,False,False
006208,2022-10-26 12:57:28.926019,0.0008904719501336977,-0.002666666666666595,0.05000000000000426,-0.14999999999999858,56.1,56.15,56.2,56.25,1.0,12.0,602.0,621.0,False,False
006208,2022-10-26 12:57:28.928801,0.0008904719501336977,-0.002666666666666595,0.05000000000000426,-0.14999999999999858,56.1,56.15,56.2,56.25,1.0,12.0,602.0,621.0,False,False
006208,2022-10-26 12:57:29.061850,0.0008904719501336977,-0.002666666666666595,0.05000000000000426,-0.14999999999999858,56.1,56.15,56.2,56.25,1.0,12.0,602.0,621.0,False,False
006208,2022-10-26 12:57:29.519934,0.0008904719501336977,-0.002666666666666595,0.05000000000000426,-0.14999999999999858,56.1,56.15,56.2,56.25,1.0,12.0,602.0,621.0,False,False
006208,2022-10-26 12:57:29.519994,0.0008904719501336977,-0.002666666666666595,0.05000000000000426,-0.14999999999999858,56.1,56.15,56.2,56.25,1.0,12.0,602.0,621.0,False,False
006208,2022-10-26 12:57:30.429720,0.0008904719501336977,-0.002666666666666595,0.05000000000000426,-0.14999999999999858,56.1,56.15,56.2,56.25,1.0,12.0,656.0,621.0,True,True
006208,2022-10-26 12:57:38.220860,0.0008904719501336977,-0.002666666666666595,0.05000000000000426,-0.14999999999999858,56.1,56.15,56.2,56.25,1.0,12.0,656.0,621.0,False,False
006208,2022-10-26 12:57:38.221000,0.0008904719501336977,-0.002666666666666595,0.05000000000000426,-0.14999999999999858,56.1,56.15,56.2,56.25,1.0,12.0,656.0,621.0,False,False
006208,2022-10-26 12:57:39.039561,0.0008904719501336977,-0.002666666666666595,0.05000000000000426,-0.14999999999999858,56.1,56.15,56.2,56.25,1.0,12.0,656.0,621.0,False,False
006208,2022-10-26 12:57:39.047470,0.0008904719501336977,-0.002666666666666595,0.05000000000000426,-0.14999999999999858,56.1,56.15,56.2,56.25,1.0,12.0,656.0,621.0,False,False
006208,2022-10-26 12:57:39.178433,0.0008904719501336977,-0.002666666666666595,0.05000000000000426,-0.14999999999999858,56.1,56.15,56.2,56.25,1.0,12.0,656.0,621.0,False,False
006208,2022-10-26 12:57:40.458828,0.0008904719501336977,-0.002666666666666595,0.05000000000000426,-0.14999999999999858,56.1,56.15,56.2,56.25,1.0,12.0,1256.0,761.0,True,True
006208,2022-10-26 12:57:42.026002,0.0008904719501336977,-0.002666666666666595,0.05000000000000426,-0.14999999999999858,56.1,56.15,56.2,56.25,1.0,12.0,1256.0,761.0,False,False
006208,2022-10-26 12:57:42.037136,0.0008904719501336977,-0.002666666666666595,0.05000000000000426,-0.14999999999999858,56.1,56.15,56.2,56.25,1.0,12.0,1256.0,761.0,False,False
006208,2022-10-26 12:57:42.310618,0.0008904719501336977,-0.003555555555555645,0.05000000000000426,-0.20000000000000284,56.05,56.15,56.2,56.25,293.0,12.0,1256.0,761.0,False,False
006208,2022-10-26 12:57:42.335075,0.0008904719501336977,-0.003555555555555645,0.05000000000000426,-0.20000000000000284,56.05,56.15,56.2,56.25,293.0,12.0,1256.0,761.0,False,False
006208,2022-10-26 12:57:42.372443,0.0008904719501336977,-0.003555555555555645,0.05000000000000426,-0.20000000000000284,56.05,56.15,56.2,56.25,293.0,12.0,1256.0,761.0,False,False
006208,2022-10-26 12:57:42.501945,0.0008904719501336977,-0.003555555555555645,0.05000000000000426,-0.20000000000000284,56.05,56.15,56.2,56.25,253.0,12.0,1256.0,761.0,False,False
006208,2022-10-26 12:57:42.635814,0.0008904719501336977,-0.003555555555555645,0.05000000000000426,-0.20000000000000284,56.05,56.15,56.2,56.25,253.0,12.0,1256.0,761.0,False,False
006208,2022-10-26 12:57:43.179187,0.0008904719501336977,-0.003555555555555645,0.05000000000000426,-0.20000000000000284,56.05,56.15,56.2,56.25,253.0,12.0,1256.0,761.0,False,False
006208,2022-10-26 12:57:43.209876,0.0008904719501336977,-0.003555555555555645,0.05000000000000426,-0.20000000000000284,56.05,56.15,56.2,56.25,253.0,12.0,1256.0,761.0,False,False
006208,2022-10-26 12:57:43.224551,0.0008904719501336977,-0.003555555555555645,0.05000000000000426,-0.20000000000000284,56.05,56.15,56.2,56.25,253.0,12.0,1256.0,761.0,False,False
006208,2022-10-26 12:57:44.610628,0.0008904719501336977,-0.003555555555555645,0.05000000000000426,-0.20000000000000284,56.05,56.15,56.2,56.25,253.0,12.0,1256.0,761.0,False,False
006208,2022-10-26 12:57:44.636113,0.0008904719501336977,-0.003555555555555645,0.05000000000000426,-0.20000000000000284,56.05,56.15,56.2,56.25,253.0,12.0,1256.0,761.0,False,False
006208,2022-10-26 12:57:44.792551,0.0008904719501336977,-0.003555555555555645,0.05000000000000426,-0.20000000000000284,56.05,56.15,56.2,56.25,253.0,12.0,1256.0,761.0,False,False
006208,2022-10-26 12:57:48.617719,0.0008904719501336977,-0.003555555555555645,0.05000000000000426,-0.20000000000000284,56.05,56.15,56.2,56.25,253.0,12.0,1256.0,761.0,False,False
006208,2022-10-26 12:57:48.629081,0.0008904719501336977,-0.003555555555555645,0.05000000000000426,-0.20000000000000284,56.05,56.15,56.2,56.25,253.0,12.0,1256.0,761.0,False,False
006208,2022-10-26 12:57:49.948069,0.0008904719501336977,-0.003555555555555645,0.05000000000000426,-0.20000000000000284,56.05,56.15,56.2,56.25,253.0,12.0,1256.0,761.0,False,False
006208,2022-10-26 12:57:50.035516,0.0017825311942958333,-0.003555555555555645,0.10000000000000142,-0.20000000000000284,56.05,56.1,56.2,56.25,253.0,1.0,1256.0,761.0,False,False
006208,2022-10-26 12:57:50.075375,0.0017825311942958333,-0.003555555555555645,0.10000000000000142,-0.20000000000000284,56.05,56.1,56.2,56.25,253.0,1.0,1256.0,761.0,False,False
006208,2022-10-26 12:57:50.498173,0.0017825311942958333,-0.003555555555555645,0.10000000000000142,-0.20000000000000284,56.05,56.1,56.2,56.25,253.0,1.0,1256.0,811.0,True,True
006208,2022-10-26 12:57:50.762339,0.0017825311942958333,-0.003555555555555645,0.10000000000000142,-0.20000000000000284,56.05,56.1,56.2,56.25,253.0,1.0,1256.0,811.0,False,False
006208,2022-10-26 12:57:50.762470,0.0017825311942958333,-0.003555555555555645,0.10000000000000142,-0.20000000000000284,56.05,56.1,56.2,56.25,253.0,1.0,1256.0,811.0,False,False
006208,2022-10-26 12:57:50.851031,0.0017825311942958333,-0.003555555555555645,0.10000000000000142,-0.20000000000000284,56.05,56.1,56.2,56.25,253.0,1.0,1256.0,811.0,False,False
006208,2022-10-26 12:57:53.500131,0.0017825311942958333,-0.003555555555555645,0.10000000000000142,-0.20000000000000284,56.05,56.1,56.2,56.25,253.0,1.0,1256.0,811.0,False,False
006208,2022-10-26 12:57:53.579923,0.0017825311942958333,-0.003555555555555645,0.10000000000000142,-0.20000000000000284,56.05,56.1,56.2,56.25,253.0,1.0,1256.0,811.0,False,False
006208,2022-10-26 12:57:53.589690,0.0017825311942958333,-0.003555555555555645,0.10000000000000142,-0.20000000000000284,56.05,56.1,56.2,56.25,253.0,1.0,1256.0,811.0,False,False
006208,2022-10-26 12:57:53.978341,0.0017825311942958333,-0.003555555555555645,0.10000000000000142,-0.20000000000000284,56.05,56.1,56.2,56.25,253.0,1.0,1256.0,811.0,False,False
006208,2022-10-26 12:57:54.059575,0.0017825311942958333,-0.003555555555555645,0.10000000000000142,-0.20000000000000284,56.05,56.1,56.2,56.25,253.0,1.0,1256.0,811.0,False,False
006208,2022-10-26 12:57:58.165213,0.0017825311942958333,-0.003555555555555645,0.10000000000000142,-0.20000000000000284,56.05,56.1,56.2,56.25,253.0,1.0,1256.0,811.0,False,False
006208,2022-10-26 12:57:58.165257,0.0017825311942958333,-0.003555555555555645,0.10000000000000142,-0.20000000000000284,56.05,56.1,56.2,56.25,253.0,1.0,1256.0,811.0,False,False
006208,2022-10-26 12:58:00.019539,0.0017825311942958333,-0.003555555555555645,0.10000000000000142,-0.20000000000000284,56.05,56.1,56.2,56.25,253.0,1.0,1256.0,811.0,False,False
006208,2022-10-26 12:58:00.025254,0.0017825311942958333,-0.003555555555555645,0.10000000000000142,-0.20000000000000284,56.05,56.1,56.2,56.25,303.0,1.0,1256.0,811.0,False,False
006208,2022-10-26 12:58:00.237808,0.0017825311942958333,-0.003555555555555645,0.10000000000000142,-0.20000000000000284,56.05,56.1,56.2,56.25,303.0,1.0,1256.0,811.0,False,False
006208,2022-10-26 12:58:00.242416,0.0017825311942958333,-0.003555555555555645,0.10000000000000142,-0.20000000000000284,56.05,56.1,56.2,56.25,303.0,1.0,1256.0,811.0,False,False
006208,2022-10-26 12:58:00.374359,0.0017825311942958333,-0.003555555555555645,0.10000000000000142,-0.20000000000000284,56.05,56.1,56.2,56.25,303.0,1.0,1256.0,811.0,False,False
006208,2022-10-26 12:58:00.539511,0.0017825311942958333,-0.003555555555555645,0.10000000000000142,-0.20000000000000284,56.05,56.1,56.2,56.25,303.0,1.0,1256.0,661.0,True,True
006208,2022-10-26 12:58:00.678916,0.0017825311942958333,-0.003555555555555645,0.10000000000000142,-0.20000000000000284,56.05,56.1,56.2,56.25,253.0,1.0,1256.0,661.0,False,False
006208,2022-10-26 12:58:00.684788,0.0017825311942958333,-0.003555555555555645,0.10000000000000142,-0.20000000000000284,56.05,56.1,56.2,56.25,253.0,1.0,1256.0,661.0,False,False
006208,2022-10-26 12:58:01.960426,0.0017825311942958333,-0.003555555555555645,0.10000000000000142,-0.20000000000000284,56.05,56.1,56.2,56.25,253.0,1.0,1256.0,661.0,False,False
006208,2022-10-26 12:58:01.966443,0.0017825311942958333,-0.003555555555555645,0.10000000000000142,-0.20000000000000284,56.05,56.1,56.2,56.25,303.0,1.0,1256.0,661.0,False,False
006208,2022-10-26 12:58:06.325909,0.0017825311942958333,-0.003555555555555645,0.10000000000000142,-0.20000000000000284,56.05,56.1,56.2,56.25,303.0,2.0,1256.0,661.0,False,False
006208,2022-10-26 12:58:07.885662,0.0017825311942958333,-0.003555555555555645,0.10000000000000142,-0.20000000000000284,56.05,56.1,56.2,56.25,303.0,2.0,1256.0,661.0,False,False
006208,2022-10-26 12:58:10.170528,0.0017825311942958333,-0.003555555555555645,0.10000000000000142,-0.20000000000000284,56.05,56.1,56.2,56.25,303.0,2.0,1222.0,1035.0,False,True
006208,2022-10-26 12:58:10.352964,0.0017825311942958333,-0.003555555555555645,0.10000000000000142,-0.20000000000000284,56.05,56.1,56.2,56.25,303.0,2.0,1222.0,1035.0,False,False
006208,2022-10-26 12:58:10.361201,0.0017825311942958333,-0.003555555555555645,0.10000000000000142,-0.20000000000000284,56.05,56.1,56.2,56.25,303.0,2.0,1222.0,1035.0,False,False
006208,2022-10-26 12:58:10.489033,0.0017825311942958333,-0.003555555555555645,0.10000000000000142,-0.20000000000000284,56.05,56.1,56.2,56.25,303.0,2.0,1222.0,1035.0,False,False
006208,2022-10-26 12:58:12.671615,0.0017825311942958333,-0.003555555555555645,0.10000000000000142,-0.20000000000000284,56.05,56.1,56.2,56.25,303.0,2.0,1222.0,1035.0,False,False
006208,2022-10-26 12:58:12.671739,0.0017825311942958333,-0.003555555555555645,0.10000000000000142,-0.20000000000000284,56.05,56.1,56.2,56.25,303.0,2.0,1222.0,1035.0,False,False
006208,2022-10-26 12:58:14.930145,0.0017825311942958333,-0.003555555555555645,0.10000000000000142,-0.20000000000000284,56.05,56.1,56.2,56.25,303.0,2.0,1222.0,1035.0,False,False
006208,2022-10-26 12:58:14.930261,0.0017825311942958333,-0.003555555555555645,0.10000000000000142,-0.20000000000000284,56.05,56.1,56.2,56.25,303.0,2.0,1222.0,1035.0,False,False
006208,2022-10-26 12:58:15.495911,0.0017825311942958333,-0.003555555555555645,0.10000000000000142,-0.20000000000000284,56.05,56.1,56.2,56.25,303.0,2.0,1222.0,1035.0,False,False
006208,2022-10-26 12:58:20.200584,0.0017825311942958333,-0.003555555555555645,0.10000000000000142,-0.20000000000000284,56.05,56.1,56.2,56.25,303.0,2.0,1222.0,1035.0,True,True
006208,2022-10-26 12:58:20.476228,0.0017825311942958333,-0.003555555555555645,0.10000000000000142,-0.20000000000000284,56.05,56.1,56.2,56.25,303.0,2.0,1222.0,1035.0,False,False
006208,2022-10-26 12:58:20.478325,0.0017825311942958333,-0.003555555555555645,0.10000000000000142,-0.20000000000000284,56.05,56.1,56.2,56.25,303.0,2.0,1222.0,1035.0,False,False
006208,2022-10-26 12:58:20.607962,0.0017825311942958333,-0.003555555555555645,0.10000000000000142,-0.20000000000000284,56.05,56.1,56.2,56.25,303.0,2.0,1222.0,1035.0,False,False
006208,2022-10-26 12:58:29.997100,0.0017825311942958333,-0.003555555555555645,0.10000000000000142,-0.20000000000000284,56.05,56.1,56.2,56.25,303.0,2.0,1222.0,1035.0,False,False
006208,2022-10-26 12:58:29.997301,0.0017825311942958333,-0.003555555555555645,0.10000000000000142,-0.20000000000000284,56.05,56.1,56.2,56.25,303.0,2.0,1222.0,1035.0,False,False
006208,2022-10-26 12:58:30.229742,0.0017825311942958333,-0.003555555555555645,0.10000000000000142,-0.20000000000000284,56.05,56.1,56.2,56.25,303.0,2.0,1222.0,935.0,True,True
006208,2022-10-26 12:58:30.592316,0.0017825311942958333,-0.003555555555555645,0.10000000000000142,-0.20000000000000284,56.05,56.1,56.2,56.25,303.0,2.0,1222.0,935.0,False,False
006208,2022-10-26 12:58:30.605447,0.0017825311942958333,-0.003555555555555645,0.10000000000000142,-0.20000000000000284,56.05,56.1,56.2,56.25,303.0,2.0,1222.0,935.0,False,False
006208,2022-10-26 12:58:30.726579,0.0017825311942958333,-0.003555555555555645,0.10000000000000142,-0.20000000000000284,56.05,56.1,56.2,56.25,303.0,2.0,1222.0,935.0,False,False
006208,2022-10-26 12:58:37.442045,0.0017825311942958333,-0.003555555555555645,0.10000000000000142,-0.20000000000000284,56.05,56.1,56.2,56.25,303.0,2.0,1222.0,935.0,False,False
006208,2022-10-26 12:58:37.678029,0.0017825311942958333,-0.003555555555555645,0.10000000000000142,-0.20000000000000284,56.05,56.1,56.2,56.25,303.0,2.0,1222.0,935.0,False,False
006208,2022-10-26 12:58:37.678045,0.0017825311942958333,-0.003555555555555645,0.10000000000000142,-0.20000000000000284,56.05,56.1,56.2,56.25,303.0,2.0,1222.0,935.0,False,False
006208,2022-10-26 12:58:38.028503,0.0017825311942958333,-0.003555555555555645,0.10000000000000142,-0.20000000000000284,56.05,56.1,56.2,56.25,253.0,2.0,1222.0,935.0,False,False
006208,2022-10-26 12:58:38.040521,0.0017825311942958333,-0.003555555555555645,0.10000000000000142,-0.20000000000000284,56.05,56.1,56.2,56.25,253.0,2.0,1222.0,935.0,False,False
006208,2022-10-26 12:58:39.700759,0.0017825311942958333,-0.003555555555555645,0.10000000000000142,-0.20000000000000284,56.05,56.1,56.2,56.25,253.0,2.0,1222.0,935.0,False,False
006208,2022-10-26 12:58:39.700873,0.0017825311942958333,-0.003555555555555645,0.10000000000000142,-0.20000000000000284,56.05,56.1,56.2,56.25,253.0,2.0,1222.0,935.0,False,False
006208,2022-10-26 12:58:40.681175,0.0017825311942958333,-0.003555555555555645,0.10000000000000142,-0.20000000000000284,56.05,56.1,56.2,56.25,253.0,1.0,1222.0,935.0,False,False
006208,2022-10-26 12:58:40.710576,0.0017825311942958333,-0.003555555555555645,0.10000000000000142,-0.20000000000000284,56.05,56.1,56.2,56.25,253.0,1.0,1222.0,935.0,False,False
006208,2022-10-26 12:58:40.714701,0.0017825311942958333,-0.003555555555555645,0.10000000000000142,-0.20000000000000284,56.05,56.1,56.2,56.25,253.0,1.0,1222.0,935.0,False,False
006208,2022-10-26 12:58:40.845476,0.0017825311942958333,-0.003555555555555645,0.10000000000000142,-0.20000000000000284,56.05,56.1,56.2,56.25,253.0,1.0,1222.0,935.0,False,False
006208,2022-10-26 12:58:41.836607,0.0017825311942958333,-0.003555555555555645,0.10000000000000142,-0.20000000000000284,56.05,56.1,56.2,56.25,253.0,1.0,1222.0,935.0,False,False
006208,2022-10-26 12:58:41.836746,0.0017825311942958333,-0.003555555555555645,0.10000000000000142,-0.20000000000000284,56.05,56.1,56.2,56.25,253.0,1.0,1222.0,935.0,False,False
006208,2022-10-26 12:58:50.301163,0.0017825311942958333,-0.003555555555555645,0.10000000000000142,-0.20000000000000284,56.05,56.1,56.2,56.25,253.0,1.0,1272.0,935.0,True,True
006208,2022-10-26 12:58:50.816050,0.0017825311942958333,-0.003555555555555645,0.10000000000000142,-0.20000000000000284,56.05,56.1,56.2,56.25,253.0,1.0,1272.0,935.0,False,False
006208,2022-10-26 12:58:50.830407,0.0017825311942958333,-0.003555555555555645,0.10000000000000142,-0.20000000000000284,56.05,56.1,56.2,56.25,253.0,1.0,1272.0,935.0,False,False
006208,2022-10-26 12:58:50.973707,0.0017825311942958333,-0.003555555555555645,0.10000000000000142,-0.20000000000000284,56.05,56.1,56.2,56.25,253.0,1.0,1272.0,935.0,False,False
006208,2022-10-26 12:58:56.456380,0.0017825311942958333,-0.003555555555555645,0.10000000000000142,-0.20000000000000284,56.05,56.1,56.2,56.25,193.0,1.0,1272.0,935.0,False,False
006208,2022-10-26 12:58:56.530552,0.0017825311942958333,-0.003555555555555645,0.10000000000000142,-0.20000000000000284,56.05,56.1,56.2,56.25,193.0,1.0,1272.0,935.0,False,False
006208,2022-10-26 12:58:56.555541,0.0017825311942958333,-0.003555555555555645,0.10000000000000142,-0.20000000000000284,56.05,56.1,56.2,56.25,193.0,1.0,1272.0,935.0,False,False
006208,2022-10-26 12:58:58.083134,0.0017825311942958333,-0.003555555555555645,0.10000000000000142,-0.20000000000000284,56.05,56.1,56.2,56.25,253.0,1.0,1272.0,935.0,False,False
006208,2022-10-26 12:58:58.152922,0.0017825311942958333,-0.003555555555555645,0.10000000000000142,-0.20000000000000284,56.05,56.1,56.2,56.25,253.0,1.0,1272.0,935.0,False,False
006208,2022-10-26 12:58:58.563499,0.0017825311942958333,-0.003555555555555645,0.10000000000000142,-0.20000000000000284,56.05,56.1,56.2,56.25,253.0,1.0,1272.0,935.0,False,False
006208,2022-10-26 12:58:58.563664,0.0017825311942958333,-0.003555555555555645,0.10000000000000142,-0.20000000000000284,56.05,56.1,56.2,56.25,253.0,1.0,1272.0,935.0,False,False
006208,2022-10-26 12:59:00.337536,0.0017825311942958333,-0.003555555555555645,0.10000000000000142,-0.20000000000000284,56.05,56.1,56.2,56.25,253.0,1.0,1292.0,927.0,True,True
006208,2022-10-26 12:59:00.949086,0.0017825311942958333,-0.003555555555555645,0.10000000000000142,-0.20000000000000284,56.05,56.1,56.2,56.25,253.0,1.0,1292.0,927.0,False,False
006208,2022-10-26 12:59:00.956308,0.0017825311942958333,-0.003555555555555645,0.10000000000000142,-0.20000000000000284,56.05,56.1,56.2,56.25,253.0,1.0,1292.0,927.0,False,False
006208,2022-10-26 12:59:01.079735,0.0017825311942958333,-0.003555555555555645,0.10000000000000142,-0.20000000000000284,56.05,56.1,56.2,56.25,253.0,1.0,1292.0,927.0,False,False
006208,2022-10-26 12:59:01.618641,0.0017825311942958333,-0.003555555555555645,0.10000000000000142,-0.20000000000000284,56.05,56.1,56.2,56.25,193.0,1.0,1292.0,927.0,False,False
006208,2022-10-26 12:59:01.681523,0.0017825311942958333,-0.003555555555555645,0.10000000000000142,-0.20000000000000284,56.05,56.1,56.2,56.25,193.0,1.0,1292.0,927.0,False,False
006208,2022-10-26 12:59:01.757365,0.0017825311942958333,-0.003555555555555645,0.10000000000000142,-0.20000000000000284,56.05,56.1,56.2,56.25,193.0,1.0,1292.0,927.0,False,False
006208,2022-10-26 12:59:01.817421,0.0008904719501336977,-0.003555555555555645,0.05000000000000426,-0.20000000000000284,56.05,56.15,56.2,56.25,193.0,10.0,1292.0,927.0,False,False
006208,2022-10-26 12:59:01.845128,0.0008904719501336977,-0.003555555555555645,0.05000000000000426,-0.20000000000000284,56.05,56.15,56.2,56.25,193.0,10.0,1292.0,927.0,False,False
006208,2022-10-26 12:59:02.090993,0.0008904719501336977,-0.003555555555555645,0.05000000000000426,-0.20000000000000284,56.05,56.15,56.2,56.25,193.0,10.0,1292.0,927.0,False,False
006208,2022-10-26 12:59:02.151063,0.0008904719501336977,-0.003555555555555645,0.05000000000000426,-0.20000000000000284,56.05,56.15,56.2,56.25,193.0,10.0,1292.0,927.0,False,False
006208,2022-10-26 12:59:02.176080,0.0008904719501336977,-0.003555555555555645,0.05000000000000426,-0.20000000000000284,56.05,56.15,56.2,56.25,193.0,10.0,1292.0,927.0,False,False
006208,2022-10-26 12:59:04.432992,0.0008904719501336977,-0.003555555555555645,0.05000000000000426,-0.20000000000000284,56.05,56.15,56.2,56.25,193.0,10.0,1292.0,927.0,False,False
006208,2022-10-26 12:59:04.447171,0.0008904719501336977,-0.003555555555555645,0.05000000000000426,-0.20000000000000284,56.05,56.15,56.2,56.25,193.0,10.0,1292.0,927.0,False,False
006208,2022-10-26 12:59:04.970328,0.0008904719501336977,-0.003555555555555645,0.05000000000000426,-0.20000000000000284,56.05,56.15,56.2,56.25,193.0,10.0,1292.0,927.0,False,False
006208,2022-10-26 12:59:04.977241,0.0008904719501336977,-0.003555555555555645,0.05000000000000426,-0.20000000000000284,56.05,56.15,56.2,56.25,193.0,10.0,1292.0,927.0,False,False
006208,2022-10-26 12:59:06.640529,0.0008904719501336977,-0.003555555555555645,0.05000000000000426,-0.20000000000000284,56.05,56.15,56.2,56.25,253.0,10.0,1292.0,927.0,False,False
006208,2022-10-26 12:59:06.709121,0.0008904719501336977,-0.003555555555555645,0.05000000000000426,-0.20000000000000284,56.05,56.15,56.2,56.25,253.0,10.0,1292.0,927.0,False,False
006208,2022-10-26 12:59:06.715453,0.0008904719501336977,-0.003555555555555645,0.05000000000000426,-0.20000000000000284,56.05,56.15,56.2,56.25,253.0,10.0,1292.0,927.0,False,False
006208,2022-10-26 12:59:07.879678,0.0008904719501336977,-0.003555555555555645,0.05000000000000426,-0.20000000000000284,56.05,56.15,56.2,56.25,253.0,10.0,1292.0,927.0,False,False
006208,2022-10-26 12:59:07.879781,0.0008904719501336977,-0.003555555555555645,0.05000000000000426,-0.20000000000000284,56.05,56.15,56.2,56.25,253.0,10.0,1292.0,927.0,False,False
006208,2022-10-26 12:59:08.055713,0.0008904719501336977,-0.003555555555555645,0.05000000000000426,-0.20000000000000284,56.05,56.15,56.2,56.25,193.0,10.0,1292.0,927.0,False,False
006208,2022-10-26 12:59:08.114360,0.0008904719501336977,-0.003555555555555645,0.05000000000000426,-0.20000000000000284,56.05,56.15,56.2,56.25,193.0,10.0,1292.0,927.0,False,False
006208,2022-10-26 12:59:08.163093,0.0008904719501336977,-0.003555555555555645,0.05000000000000426,-0.20000000000000284,56.05,56.15,56.2,56.25,193.0,10.0,1292.0,927.0,False,False
006208,2022-10-26 12:59:08.883683,0.0008904719501336977,-0.003555555555555645,0.05000000000000426,-0.20000000000000284,56.05,56.15,56.2,56.25,253.0,10.0,1292.0,927.0,False,False
006208,2022-10-26 12:59:08.926464,0.0008904719501336977,-0.003555555555555645,0.05000000000000426,-0.20000000000000284,56.05,56.15,56.2,56.25,253.0,10.0,1292.0,927.0,False,False
006208,2022-10-26 12:59:08.933258,0.0008904719501336977,-0.003555555555555645,0.05000000000000426,-0.20000000000000284,56.05,56.15,56.2,56.25,253.0,10.0,1292.0,927.0,False,False
006208,2022-10-26 12:59:10.368557,0.0008904719501336977,-0.003555555555555645,0.05000000000000426,-0.20000000000000284,56.05,56.15,56.2,56.25,253.0,10.0,1292.0,887.0,True,True
006208,2022-10-26 12:59:12.079234,0.0008904719501336977,-0.003555555555555645,0.05000000000000426,-0.20000000000000284,56.05,56.15,56.2,56.25,253.0,10.0,1292.0,887.0,False,False
006208,2022-10-26 12:59:12.082642,0.0008904719501336977,-0.003555555555555645,0.05000000000000426,-0.20000000000000284,56.05,56.15,56.2,56.25,253.0,10.0,1292.0,887.0,False,False
006208,2022-10-26 12:59:12.215366,0.0008904719501336977,-0.003555555555555645,0.05000000000000426,-0.20000000000000284,56.05,56.15,56.2,56.25,253.0,10.0,1292.0,887.0,False,False
006208,2022-10-26 12:59:14.722735,0.0008904719501336977,-0.003555555555555645,0.05000000000000426,-0.20000000000000284,56.05,56.15,56.2,56.25,253.0,10.0,1292.0,887.0,False,False
006208,2022-10-26 12:59:14.722864,0.0008904719501336977,-0.003555555555555645,0.05000000000000426,-0.20000000000000284,56.05,56.15,56.2,56.25,253.0,10.0,1292.0,887.0,False,False
006208,2022-10-26 12:59:15.933408,0.0008904719501336977,-0.003555555555555645,0.05000000000000426,-0.20000000000000284,56.05,56.15,56.2,56.25,253.0,10.0,1292.0,887.0,False,False
006208,2022-10-26 12:59:15.933577,0.0008904719501336977,-0.003555555555555645,0.05000000000000426,-0.20000000000000284,56.05,56.15,56.2,56.25,253.0,10.0,1292.0,887.0,False,False
006208,2022-10-26 12:59:18.980134,0.0008904719501336977,-0.003555555555555645,0.05000000000000426,-0.20000000000000284,56.05,56.15,56.2,56.25,252.0,10.0,1292.0,887.0,False,False
006208,2022-10-26 12:59:19.842947,0.0008904719501336977,-0.003555555555555645,0.05000000000000426,-0.20000000000000284,56.05,56.15,56.2,56.25,252.0,10.0,1292.0,887.0,False,False
006208,2022-10-26 12:59:19.843040,0.0008904719501336977,-0.003555555555555645,0.05000000000000426,-0.20000000000000284,56.05,56.15,56.2,56.25,252.0,10.0,1292.0,887.0,False,False
006208,2022-10-26 12:59:20.398690,0.0008904719501336977,-0.003555555555555645,0.05000000000000426,-0.20000000000000284,56.05,56.15,56.2,56.25,252.0,10.0,1529.0,687.0,True,True
006208,2022-10-26 12:59:21.012837,0.0008904719501336977,-0.003555555555555645,0.05000000000000426,-0.20000000000000284,56.05,56.15,56.2,56.25,252.0,10.0,1529.0,687.0,False,False
006208,2022-10-26 12:59:21.013056,0.0008904719501336977,-0.003555555555555645,0.05000000000000426,-0.20000000000000284,56.05,56.15,56.2,56.25,252.0,10.0,1529.0,687.0,False,False
006208,2022-10-26 12:59:22.197074,0.0008904719501336977,-0.003555555555555645,0.05000000000000426,-0.20000000000000284,56.05,56.15,56.2,56.25,252.0,10.0,1529.0,687.0,False,False
006208,2022-10-26 12:59:22.199929,0.0008904719501336977,-0.003555555555555645,0.05000000000000426,-0.20000000000000284,56.05,56.15,56.2,56.25,252.0,10.0,1529.0,687.0,False,False
006208,2022-10-26 12:59:22.332510,0.0008904719501336977,-0.003555555555555645,0.05000000000000426,-0.20000000000000284,56.05,56.15,56.2,56.25,252.0,10.0,1529.0,687.0,False,False
006208,2022-10-26 12:59:28.094510,0.0008904719501336977,-0.003555555555555645,0.05000000000000426,-0.20000000000000284,56.05,56.15,56.2,56.25,252.0,10.0,1529.0,687.0,False,False
006208,2022-10-26 12:59:28.094642,0.0008904719501336977,-0.003555555555555645,0.05000000000000426,-0.20000000000000284,56.05,56.15,56.2,56.25,252.0,10.0,1529.0,687.0,False,False
006208,2022-10-26 12:59:28.666370,0.0008904719501336977,-0.003555555555555645,0.05000000000000426,-0.20000000000000284,56.05,56.15,56.2,56.25,192.0,10.0,1529.0,687.0,False,False
006208,2022-10-26 12:59:28.740024,0.0008904719501336977,-0.003555555555555645,0.05000000000000426,-0.20000000000000284,56.05,56.15,56.2,56.25,192.0,10.0,1529.0,687.0,False,False
006208,2022-10-26 12:59:28.773979,0.0008904719501336977,-0.003555555555555645,0.05000000000000426,-0.20000000000000284,56.05,56.15,56.2,56.25,192.0,10.0,1529.0,687.0,False,False
006208,2022-10-26 12:59:29.024622,0.0008904719501336977,-0.003555555555555645,0.05000000000000426,-0.20000000000000284,56.05,56.15,56.2,56.25,192.0,10.0,1529.0,687.0,False,False
006208,2022-10-26 12:59:29.024802,0.0008904719501336977,-0.003555555555555645,0.05000000000000426,-0.20000000000000284,56.05,56.15,56.2,56.25,192.0,10.0,1529.0,687.0,False,False
006208,2022-10-26 12:59:30.431882,0.0008904719501336977,-0.003555555555555645,0.05000000000000426,-0.20000000000000284,56.05,56.15,56.2,56.25,192.0,10.0,1529.0,687.0,True,True
006208,2022-10-26 12:59:31.757537,0.0008904719501336977,-0.003555555555555645,0.05000000000000426,-0.20000000000000284,56.05,56.15,56.2,56.25,192.0,85.0,1529.0,687.0,False,False
006208,2022-10-26 12:59:32.152982,0.0008904719501336977,-0.003555555555555645,0.05000000000000426,-0.20000000000000284,56.05,56.15,56.2,56.25,192.0,85.0,1529.0,687.0,False,False
006208,2022-10-26 12:59:32.153361,0.0008904719501336977,-0.003555555555555645,0.05000000000000426,-0.20000000000000284,56.05,56.15,56.2,56.25,192.0,85.0,1529.0,687.0,False,False
006208,2022-10-26 12:59:32.266331,0.0008904719501336977,-0.003555555555555645,0.05000000000000426,-0.20000000000000284,56.05,56.15,56.2,56.25,242.0,85.0,1529.0,687.0,False,False
006208,2022-10-26 12:59:32.319645,0.0008904719501336977,-0.003555555555555645,0.05000000000000426,-0.20000000000000284,56.05,56.15,56.2,56.25,242.0,85.0,1529.0,687.0,False,False
006208,2022-10-26 12:59:32.450465,0.0008904719501336977,-0.003555555555555645,0.05000000000000426,-0.20000000000000284,56.05,56.15,56.2,56.25,242.0,85.0,1529.0,687.0,False,False
006208,2022-10-26 12:59:33.501324,0.0008904719501336977,-0.003555555555555645,0.05000000000000426,-0.20000000000000284,56.05,56.15,56.2,56.25,242.0,85.0,1529.0,687.0,False,False
006208,2022-10-26 12:59:33.501470,0.0008904719501336977,-0.003555555555555645,0.05000000000000426,-0.20000000000000284,56.05,56.15,56.2,56.25,242.0,85.0,1529.0,687.0,False,False
006208,2022-10-26 12:59:34.022633,0.0008904719501336977,-0.003555555555555645,0.05000000000000426,-0.20000000000000284,56.05,56.15,56.2,56.25,302.0,85.0,1529.0,687.0,False,False
006208,2022-10-26 12:59:34.065203,0.0008904719501336977,-0.003555555555555645,0.05000000000000426,-0.20000000000000284,56.05,56.15,56.2,56.25,242.0,85.0,1529.0,687.0,False,False
006208,2022-10-26 12:59:34.551027,0.0008904719501336977,-0.003555555555555645,0.05000000000000426,-0.20000000000000284,56.05,56.15,56.2,56.25,242.0,85.0,1529.0,687.0,False,False
006208,2022-10-26 12:59:34.551134,0.0008904719501336977,-0.003555555555555645,0.05000000000000426,-0.20000000000000284,56.05,56.15,56.2,56.25,242.0,85.0,1529.0,687.0,False,False
006208,2022-10-26 12:59:39.242843,0.0017825311942958333,-0.003555555555555645,0.10000000000000142,-0.20000000000000284,56.05,56.1,56.2,56.25,242.0,1.0,1529.0,687.0,False,False
006208,2022-10-26 12:59:39.273139,0.0017825311942958333,-0.003555555555555645,0.10000000000000142,-0.20000000000000284,56.05,56.1,56.2,56.25,242.0,1.0,1529.0,687.0,False,False
006208,2022-10-26 12:59:39.548893,0.0017825311942958333,-0.003555555555555645,0.10000000000000142,-0.20000000000000284,56.05,56.1,56.2,56.25,242.0,1.0,1529.0,687.0,False,False
006208,2022-10-26 12:59:39.606666,0.0017825311942958333,-0.003555555555555645,0.10000000000000142,-0.20000000000000284,56.05,56.1,56.2,56.25,242.0,1.0,1529.0,687.0,False,False
006208,2022-10-26 12:59:39.635954,0.0017825311942958333,-0.003555555555555645,0.10000000000000142,-0.20000000000000284,56.05,56.1,56.2,56.25,242.0,1.0,1529.0,687.0,False,False
006208,2022-10-26 12:59:39.828827,0.0017825311942958333,-0.003555555555555645,0.10000000000000142,-0.20000000000000284,56.05,56.1,56.2,56.25,242.0,1.0,1529.0,687.0,False,False
006208,2022-10-26 12:59:39.921785,0.0017825311942958333,-0.003555555555555645,0.10000000000000142,-0.20000000000000284,56.05,56.1,56.2,56.25,242.0,1.0,1529.0,687.0,False,False
006208,2022-10-26 12:59:47.322297,0.0017825311942958333,-0.003555555555555645,0.10000000000000142,-0.20000000000000284,56.05,56.1,56.2,56.25,192.0,1.0,1529.0,687.0,False,False
006208,2022-10-26 12:59:47.388615,0.0017825311942958333,-0.003555555555555645,0.10000000000000142,-0.20000000000000284,56.05,56.1,56.2,56.25,192.0,1.0,1529.0,687.0,False,False
006208,2022-10-26 12:59:47.395786,0.0017825311942958333,-0.003555555555555645,0.10000000000000142,-0.20000000000000284,56.05,56.1,56.2,56.25,192.0,1.0,1529.0,687.0,False,False
006208,2022-10-26 12:59:48.118699,0.0017825311942958333,-0.003555555555555645,0.10000000000000142,-0.20000000000000284,56.05,56.1,56.2,56.25,192.0,1.0,1529.0,687.0,False,False
006208,2022-10-26 12:59:48.124287,0.0017825311942958333,-0.003555555555555645,0.10000000000000142,-0.20000000000000284,56.05,56.1,56.2,56.25,242.0,1.0,1529.0,687.0,False,False
006208,2022-10-26 12:59:48.192748,0.0017825311942958333,-0.003555555555555645,0.10000000000000142,-0.20000000000000284,56.05,56.1,56.2,56.25,242.0,1.0,1529.0,687.0,False,False
006208,2022-10-26 12:59:49.537337,0.0017825311942958333,-0.003555555555555645,0.10000000000000142,-0.20000000000000284,56.05,56.1,56.2,56.25,242.0,1.0,1529.0,687.0,False,False
006208,2022-10-26 12:59:49.539809,0.0017825311942958333,-0.003555555555555645,0.10000000000000142,-0.20000000000000284,56.05,56.1,56.2,56.25,242.0,1.0,1529.0,687.0,False,False
006208,2022-10-26 12:59:49.673113,0.0017825311942958333,-0.003555555555555645,0.10000000000000142,-0.20000000000000284,56.05,56.1,56.2,56.25,242.0,1.0,1529.0,687.0,False,False
006208,2022-10-26 12:59:50.892835,0.0017825311942958333,-0.003555555555555645,0.10000000000000142,-0.20000000000000284,56.05,56.1,56.2,56.25,192.0,1.0,1529.0,687.0,False,False
006208,2022-10-26 12:59:50.948398,0.0017825311942958333,-0.003555555555555645,0.10000000000000142,-0.20000000000000284,56.05,56.1,56.2,56.25,192.0,1.0,1529.0,687.0,False,False
006208,2022-10-26 12:59:51.068371,0.0017825311942958333,-0.003555555555555645,0.10000000000000142,-0.20000000000000284,56.05,56.1,56.2,56.25,192.0,1.0,1529.0,687.0,False,False
006208,2022-10-26 12:59:52.983548,0.0017825311942958333,-0.003555555555555645,0.10000000000000142,-0.20000000000000284,56.05,56.1,56.2,56.25,192.0,1.0,1529.0,687.0,False,False
006208,2022-10-26 12:59:52.983640,0.0017825311942958333,-0.003555555555555645,0.10000000000000142,-0.20000000000000284,56.05,56.1,56.2,56.25,192.0,1.0,1529.0,687.0,False,False
006208,2022-10-26 12:59:56.200265,0.0017825311942958333,-0.003555555555555645,0.10000000000000142,-0.20000000000000284,56.05,56.1,56.2,56.25,192.0,1.0,1529.0,687.0,False,False
006208,2022-10-26 12:59:56.545441,0.0017825311942958333,-0.003555555555555645,0.10000000000000142,-0.20000000000000284,56.05,56.1,56.2,56.25,192.0,1.0,1529.0,687.0,False,False
006208,2022-10-26 12:59:59.721119,0.0017825311942958333,-0.003555555555555645,0.10000000000000142,-0.20000000000000284,56.05,56.1,56.2,56.25,192.0,1.0,1529.0,687.0,False,False
006208,2022-10-26 12:59:59.724350,0.0017825311942958333,-0.003555555555555645,0.10000000000000142,-0.20000000000000284,56.05,56.1,56.2,56.25,192.0,1.0,1529.0,687.0,False,False
006208,2022-10-26 12:59:59.864379,0.0017825311942958333,-0.003555555555555645,0.10000000000000142,-0.20000000000000284,56.05,56.1,56.2,56.25,192.0,1.0,1529.0,687.0,False,False
006208,2022-10-26 13:00:00.023767,0.0017825311942958333,-0.003555555555555645,0.10000000000000142,-0.20000000000000284,56.05,56.1,56.2,56.25,242.0,1.0,1529.0,687.0,False,False
006208,2022-10-26 13:00:00.128529,0.0017825311942958333,-0.003555555555555645,0.10000000000000142,-0.20000000000000284,56.05,56.1,56.2,56.25,242.0,1.0,1529.0,687.0,False,False
006208,2022-10-26 13:00:00.408027,0.0017825311942958333,-0.003555555555555645,0.10000000000000142,-0.20000000000000284,56.05,56.1,56.2,56.25,243.0,1.0,1529.0,687.0,False,False
006208,2022-10-26 13:00:00.604633,0.0017825311942958333,-0.003555555555555645,0.10000000000000142,-0.20000000000000284,56.05,56.1,56.2,56.25,243.0,1.0,1829.0,1686.0,True,True
006208,2022-10-26 13:00:02.168752,0.0008904719501336977,-0.003555555555555645,0.05000000000000426,-0.20000000000000284,56.05,56.15,56.2,56.25,243.0,165.0,1829.0,1686.0,False,False
006208,2022-10-26 13:00:02.199508,0.0008904719501336977,-0.003555555555555645,0.05000000000000426,-0.20000000000000284,56.05,56.15,56.2,56.25,143.0,165.0,1829.0,1686.0,False,False
006208,2022-10-26 13:00:02.202003,0.0008904719501336977,-0.003555555555555645,0.05000000000000426,-0.20000000000000284,56.05,56.15,56.2,56.25,143.0,165.0,1829.0,1686.0,False,False
006208,2022-10-26 13:00:02.287008,0.0008904719501336977,-0.003555555555555645,0.05000000000000426,-0.20000000000000284,56.05,56.15,56.2,56.25,143.0,165.0,1829.0,1686.0,False,False
006208,2022-10-26 13:00:02.380411,0.0008904719501336977,-0.003555555555555645,0.05000000000000426,-0.20000000000000284,56.05,56.15,56.2,56.25,143.0,125.0,1829.0,1686.0,False,False
006208,2022-10-26 13:00:02.534817,0.0008904719501336977,-0.003555555555555645,0.05000000000000426,-0.20000000000000284,56.05,56.15,56.2,56.25,143.0,125.0,1829.0,1686.0,False,False
006208,2022-10-26 13:00:03.205831,0.0008904719501336977,-0.003555555555555645,0.05000000000000426,-0.20000000000000284,56.05,56.15,56.2,56.25,143.0,225.0,1829.0,1686.0,False,False
006208,2022-10-26 13:00:03.205879,0.0008904719501336977,-0.003555555555555645,0.05000000000000426,-0.20000000000000284,56.05,56.15,56.2,56.25,143.0,225.0,1829.0,1686.0,False,False
006208,2022-10-26 13:00:03.292840,0.0008904719501336977,-0.003555555555555645,0.05000000000000426,-0.20000000000000284,56.05,56.15,56.2,56.25,143.0,225.0,1829.0,1686.0,False,False
006208,2022-10-26 13:00:03.481274,0.0008904719501336977,-0.003555555555555645,0.05000000000000426,-0.20000000000000284,56.05,56.15,56.2,56.25,143.0,225.0,1829.0,1686.0,False,False
006208,2022-10-26 13:00:03.583355,0.0008904719501336977,-0.003555555555555645,0.05000000000000426,-0.20000000000000284,56.05,56.15,56.2,56.25,68.0,225.0,1829.0,1686.0,False,False
006208,2022-10-26 13:00:03.911448,0.0008904719501336977,-0.003555555555555645,0.05000000000000426,-0.20000000000000284,56.05,56.15,56.2,56.25,68.0,225.0,1829.0,1686.0,False,False
006208,2022-10-26 13:00:03.921284,0.0008904719501336977,-0.003555555555555645,0.05000000000000426,-0.20000000000000284,56.05,56.15,56.2,56.25,68.0,225.0,1829.0,1686.0,False,False
006208,2022-10-26 13:00:04.367526,0.0008904719501336977,-0.003555555555555645,0.05000000000000426,-0.20000000000000284,56.05,56.15,56.2,56.25,68.0,225.0,1829.0,1686.0,False,False
006208,2022-10-26 13:00:04.375002,0.0008904719501336977,-0.003555555555555645,0.05000000000000426,-0.20000000000000284,56.05,56.15,56.2,56.25,18.0,225.0,1829.0,1686.0,False,False
006208,2022-10-26 13:00:06.145586,0.0008904719501336977,-0.002666666666666595,0.05000000000000426,-0.14999999999999858,56.1,56.15,56.2,56.25,1.0,225.0,1829.0,1686.0,False,False
006208,2022-10-26 13:00:06.219332,0.0008904719501336977,-0.002666666666666595,0.05000000000000426,-0.14999999999999858,56.1,56.15,56.2,56.25,1.0,225.0,1829.0,1686.0,False,False
006208,2022-10-26 13:00:08.056486,0.0008904719501336977,-0.002666666666666595,0.05000000000000426,-0.14999999999999858,56.1,56.15,56.2,56.25,1.0,225.0,1829.0,1686.0,False,False
006208,2022-10-26 13:00:08.320691,0.0008904719501336977,-0.002666666666666595,0.05000000000000426,-0.14999999999999858,56.1,56.15,56.2,56.25,1.0,225.0,1829.0,1686.0,False,False
006208,2022-10-26 13:00:09.435712,0.0008904719501336977,-0.002666666666666595,0.05000000000000426,-0.14999999999999858,56.1,56.15,56.2,56.25,1.0,225.0,1829.0,1686.0,False,False
006208,2022-10-26 13:00:09.435901,0.0008904719501336977,-0.002666666666666595,0.05000000000000426,-0.14999999999999858,56.1,56.15,56.2,56.25,1.0,225.0,1829.0,1686.0,False,False
006208,2022-10-26 13:00:09.614675,0.0008904719501336977,-0.002666666666666595,0.05000000000000426,-0.14999999999999858,56.1,56.15,56.2,56.25,1.0,225.0,1829.0,1686.0,False,False
006208,2022-10-26 13:00:09.717707,0.0008904719501336977,-0.002666666666666595,0.05000000000000426,-0.14999999999999858,56.1,56.15,56.2,56.25,1.0,225.0,1829.0,1686.0,False,False
006208,2022-10-26 13:00:10.686285,0.0008904719501336977,-0.002666666666666595,0.05000000000000426,-0.14999999999999858,56.1,56.15,56.2,56.25,1.0,225.0,1829.0,1531.0,True,True
006208,2022-10-26 13:00:12.554439,0.0008904719501336977,-0.002666666666666595,0.05000000000000426,-0.14999999999999858,56.1,56.15,56.2,56.25,1.0,225.0,1829.0,1531.0,False,False
006208,2022-10-26 13:00:13.542657,0.0008904719501336977,-0.002666666666666595,0.05000000000000426,-0.14999999999999858,56.1,56.15,56.2,56.25,1.0,225.0,1829.0,1531.0,False,False
006208,2022-10-26 13:00:13.553449,0.0008904719501336977,-0.002666666666666595,0.05000000000000426,-0.14999999999999858,56.1,56.15,56.2,56.25,1.0,225.0,1829.0,1531.0,False,False
006208,2022-10-26 13:00:13.719151,0.0008904719501336977,-0.002666666666666595,0.05000000000000426,-0.14999999999999858,56.1,56.15,56.2,56.25,1.0,225.0,1829.0,1531.0,False,False
006208,2022-10-26 13:00:13.971613,0.0008904719501336977,-0.002666666666666595,0.05000000000000426,-0.14999999999999858,56.1,56.15,56.2,56.25,1.0,225.0,1829.0,1531.0,False,False
006208,2022-10-26 13:00:15.382570,0.0008904719501336977,-0.002666666666666595,0.05000000000000426,-0.14999999999999858,56.1,56.15,56.2,56.25,1.0,265.0,1829.0,1531.0,False,False
006208,2022-10-26 13:00:16.763231,0.0008904719501336977,-0.002666666666666595,0.05000000000000426,-0.14999999999999858,56.1,56.15,56.2,56.25,1.0,265.0,1829.0,1531.0,False,False
006208,2022-10-26 13:00:16.768725,0.0008904719501336977,-0.002666666666666595,0.05000000000000426,-0.14999999999999858,56.1,56.15,56.2,56.25,1.0,265.0,1829.0,1531.0,False,False
006208,2022-10-26 13:00:20.747409,0.0008904719501336977,-0.002666666666666595,0.05000000000000426,-0.14999999999999858,56.1,56.15,56.2,56.25,1.0,265.0,1829.0,1711.0,True,True
006208,2022-10-26 13:00:21.506455,0.0008904719501336977,-0.002666666666666595,0.05000000000000426,-0.14999999999999858,56.1,56.15,56.2,56.25,1.0,265.0,1829.0,1711.0,False,False
006208,2022-10-26 13:00:21.518681,0.0008904719501336977,-0.002666666666666595,0.05000000000000426,-0.14999999999999858,56.1,56.15,56.2,56.25,1.0,265.0,1829.0,1711.0,False,False
006208,2022-10-26 13:00:21.523826,0.0008904719501336977,-0.002666666666666595,0.05000000000000426,-0.14999999999999858,56.1,56.15,56.2,56.25,1.0,315.0,1829.0,1711.0,False,False
006208,2022-10-26 13:00:23.784280,0.0008904719501336977,-0.002666666666666595,0.05000000000000426,-0.14999999999999858,56.1,56.15,56.2,56.25,1.0,315.0,1829.0,1711.0,False,False
006208,2022-10-26 13:00:23.784366,0.0008904719501336977,-0.002666666666666595,0.05000000000000426,-0.14999999999999858,56.1,56.15,56.2,56.25,1.0,315.0,1829.0,1711.0,False,False
006208,2022-10-26 13:00:23.991358,0.0008904719501336977,-0.002666666666666595,0.05000000000000426,-0.14999999999999858,56.1,56.15,56.2,56.25,1.0,315.0,1829.0,1711.0,False,False
006208,2022-10-26 13:00:24.124364,0.0008904719501336977,-0.002666666666666595,0.05000000000000426,-0.14999999999999858,56.1,56.15,56.2,56.25,1.0,315.0,1829.0,1711.0,False,False
006208,2022-10-26 13:00:24.160298,0.0008904719501336977,-0.002666666666666595,0.05000000000000426,-0.14999999999999858,56.1,56.15,56.2,56.25,1.0,315.0,1829.0,1711.0,False,False
006208,2022-10-26 13:00:24.604349,0.0008904719501336977,-0.002666666666666595,0.05000000000000426,-0.14999999999999858,56.1,56.15,56.2,56.25,1.0,315.0,1829.0,1711.0,False,False
006208,2022-10-26 13:00:25.748338,0.0008904719501336977,-0.002666666666666595,0.05000000000000426,-0.14999999999999858,56.1,56.15,56.2,56.25,1.0,265.0,1829.0,1711.0,False,False
006208,2022-10-26 13:00:25.760198,0.0008904719501336977,-0.002666666666666595,0.05000000000000426,-0.14999999999999858,56.1,56.15,56.2,56.25,1.0,265.0,1829.0,1711.0,False,False
006208,2022-10-26 13:00:28.057622,0.0008904719501336977,-0.002666666666666595,0.05000000000000426,-0.14999999999999858,56.1,56.15,56.2,56.25,1.0,265.0,1829.0,1711.0,False,False
006208,2022-10-26 13:00:30.804346,0.0008904719501336977,-0.002666666666666595,0.05000000000000426,-0.14999999999999858,56.1,56.15,56.2,56.25,1.0,265.0,1919.0,1706.0,True,True
006208,2022-10-26 13:00:32.214309,0.0008904719501336977,-0.002666666666666595,0.05000000000000426,-0.14999999999999858,56.1,56.15,56.2,56.25,1.0,265.0,1919.0,1706.0,False,False
006208,2022-10-26 13:00:34.090003,0.0008904719501336977,-0.002666666666666595,0.05000000000000426,-0.14999999999999858,56.1,56.15,56.2,56.25,1.0,265.0,1919.0,1706.0,False,False
006208,2022-10-26 13:00:34.095096,0.0008904719501336977,-0.002666666666666595,0.05000000000000426,-0.14999999999999858,56.1,56.15,56.2,56.25,1.0,265.0,1919.0,1706.0,False,False
006208,2022-10-26 13:00:34.263578,0.0008904719501336977,-0.002666666666666595,0.05000000000000426,-0.14999999999999858,56.1,56.15,56.2,56.25,1.0,265.0,1919.0,1706.0,False,False
006208,2022-10-26 13:00:34.609694,0.0008904719501336977,-0.002666666666666595,0.05000000000000426,-0.14999999999999858,56.1,56.15,56.2,56.25,1.0,265.0,1919.0,1706.0,False,False
006208,2022-10-26 13:00:34.623007,0.0008904719501336977,-0.002666666666666595,0.05000000000000426,-0.14999999999999858,56.1,56.15,56.2,56.25,1.0,265.0,1919.0,1706.0,False,False
006208,2022-10-26 13:00:34.752629,0.0008904719501336977,-0.002666666666666595,0.05000000000000426,-0.14999999999999858,56.1,56.15,56.2,56.25,1.0,265.0,1919.0,1706.0,False,False
006208,2022-10-26 13:00:34.993015,0.0008904719501336977,-0.002666666666666595,0.05000000000000426,-0.14999999999999858,56.1,56.15,56.2,56.25,1.0,265.0,1919.0,1706.0,False,False
006208,2022-10-26 13:00:34.993131,0.0008904719501336977,-0.002666666666666595,0.05000000000000426,-0.14999999999999858,56.1,56.15,56.2,56.25,1.0,265.0,1919.0,1706.0,False,False
006208,2022-10-26 13:00:35.195311,0.0008904719501336977,-0.002666666666666595,0.05000000000000426,-0.14999999999999858,56.1,56.15,56.2,56.25,1.0,265.0,1919.0,1706.0,False,False
006208,2022-10-26 13:00:37.659892,0.0008904719501336977,-0.002666666666666595,0.05000000000000426,-0.14999999999999858,56.1,56.15,56.2,56.25,1.0,190.0,1919.0,1706.0,False,False
006208,2022-10-26 13:00:37.659991,0.0008904719501336977,-0.002666666666666595,0.05000000000000426,-0.14999999999999858,56.1,56.15,56.2,56.25,1.0,190.0,1919.0,1706.0,False,False
006208,2022-10-26 13:00:37.771528,0.0008904719501336977,-0.002666666666666595,0.05000000000000426,-0.14999999999999858,56.1,56.15,56.2,56.25,1.0,90.0,1919.0,1706.0,False,False
006208,2022-10-26 13:00:38.690270,0.0008904719501336977,-0.002666666666666595,0.05000000000000426,-0.14999999999999858,56.1,56.15,56.2,56.25,1.0,90.0,1919.0,1706.0,False,False
006208,2022-10-26 13:00:38.779760,0.0008904719501336977,-0.002666666666666595,0.05000000000000426,-0.14999999999999858,56.1,56.15,56.2,56.25,1.0,90.0,1919.0,1706.0,False,False
006208,2022-10-26 13:00:39.993942,0.0008904719501336977,-0.002666666666666595,0.05000000000000426,-0.14999999999999858,56.1,56.15,56.2,56.25,1.0,90.0,1919.0,1706.0,False,False
006208,2022-10-26 13:00:40.010513,0.0008904719501336977,-0.002666666666666595,0.05000000000000426,-0.14999999999999858,56.1,56.15,56.2,56.25,1.0,90.0,1919.0,1706.0,False,False
006208,2022-10-26 13:00:40.857707,0.0008904719501336977,-0.002666666666666595,0.05000000000000426,-0.14999999999999858,56.1,56.15,56.2,56.25,1.0,90.0,1919.0,1906.0,True,True
006208,2022-10-26 13:00:41.027409,0.0008904719501336977,-0.002666666666666595,0.05000000000000426,-0.14999999999999858,56.1,56.15,56.2,56.25,1.0,90.0,1919.0,1906.0,False,False
006208,2022-10-26 13:00:41.034871,0.0008904719501336977,-0.002666666666666595,0.05000000000000426,-0.14999999999999858,56.1,56.15,56.2,56.25,1.0,90.0,1919.0,1906.0,False,False
006208,2022-10-26 13:00:42.088437,0.0008904719501336977,-0.002666666666666595,0.05000000000000426,-0.14999999999999858,56.1,56.15,56.2,56.25,1.0,89.0,1919.0,1906.0,False,False
006208,2022-10-26 13:00:43.501009,0.0008904719501336977,-0.002666666666666595,0.05000000000000426,-0.14999999999999858,56.1,56.15,56.2,56.25,1.0,49.0,1919.0,1906.0,False,False
006208,2022-10-26 13:00:44.726932,0.0008904719501336977,-0.002666666666666595,0.05000000000000426,-0.14999999999999858,56.1,56.15,56.2,56.25,1.0,49.0,1919.0,1906.0,False,False
006208,2022-10-26 13:00:44.727074,0.0008904719501336977,-0.002666666666666595,0.05000000000000426,-0.14999999999999858,56.1,56.15,56.2,56.25,1.0,49.0,1919.0,1906.0,False,False
006208,2022-10-26 13:00:45.183112,0.0008904719501336977,-0.002666666666666595,0.05000000000000426,-0.14999999999999858,56.1,56.15,56.2,56.25,1.0,49.0,1919.0,1906.0,False,False
006208,2022-10-26 13:00:45.190655,0.0008904719501336977,-0.002666666666666595,0.05000000000000426,-0.14999999999999858,56.1,56.15,56.2,56.25,1.0,49.0,1919.0,1906.0,False,False
006208,2022-10-26 13:00:45.330965,0.0008904719501336977,-0.002666666666666595,0.05000000000000426,-0.14999999999999858,56.1,56.15,56.2,56.25,1.0,49.0,1919.0,1906.0,False,False
006208,2022-10-26 13:00:45.809551,0.0008904719501336977,-0.002666666666666595,0.05000000000000426,-0.14999999999999858,56.1,56.15,56.2,56.25,1.0,49.0,1919.0,1906.0,False,False
006208,2022-10-26 13:00:45.822499,0.0008904719501336977,-0.002666666666666595,0.05000000000000426,-0.14999999999999858,56.1,56.15,56.2,56.25,1.0,49.0,1919.0,1906.0,False,False
006208,2022-10-26 13:00:45.965053,0.0008904719501336977,-0.002666666666666595,0.05000000000000426,-0.14999999999999858,56.1,56.15,56.2,56.25,2.0,49.0,1919.0,1906.0,False,False
006208,2022-10-26 13:00:49.567545,0.0008904719501336977,-0.002666666666666595,0.05000000000000426,-0.14999999999999858,56.1,56.15,56.2,56.25,2.0,49.0,1919.0,1906.0,False,False
006208,2022-10-26 13:00:49.666883,0.0008904719501336977,-0.002666666666666595,0.05000000000000426,-0.14999999999999858,56.1,56.15,56.2,56.25,2.0,49.0,1919.0,1906.0,False,False
006208,2022-10-26 13:00:50.021931,0.0008904719501336977,-0.002666666666666595,0.05000000000000426,-0.14999999999999858,56.1,56.15,56.2,56.25,2.0,49.0,1919.0,1906.0,False,False
006208,2022-10-26 13:00:50.027141,0.0008904719501336977,-0.002666666666666595,0.05000000000000426,-0.14999999999999858,56.1,56.15,56.2,56.25,2.0,49.0,1919.0,1906.0,False,False
006208,2022-10-26 13:00:50.900955,0.0008904719501336977,-0.002666666666666595,0.05000000000000426,-0.14999999999999858,56.1,56.15,56.2,56.25,2.0,49.0,1851.0,2034.0,True,True
006208,2022-10-26 13:00:52.074884,0.0008904719501336977,-0.002666666666666595,0.05000000000000426,-0.14999999999999858,56.1,56.15,56.2,56.25,2.0,49.0,1851.0,2034.0,False,False
006208,2022-10-26 13:00:52.084101,0.0008904719501336977,-0.002666666666666595,0.05000000000000426,-0.14999999999999858,56.1,56.15,56.2,56.25,2.0,49.0,1851.0,2034.0,False,False
006208,2022-10-26 13:00:52.421047,0.0008904719501336977,-0.002666666666666595,0.05000000000000426,-0.14999999999999858,56.1,56.15,56.2,56.25,2.0,49.0,1851.0,2034.0,False,False
006208,2022-10-26 13:00:52.421068,0.0008904719501336977,-0.002666666666666595,0.05000000000000426,-0.14999999999999858,56.1,56.15,56.2,56.25,2.0,49.0,1851.0,2034.0,False,False
006208,2022-10-26 13:00:55.036775,0.0008904719501336977,-0.002666666666666595,0.05000000000000426,-0.14999999999999858,56.1,56.15,56.2,56.25,2.0,49.0,1851.0,2034.0,False,False
006208,2022-10-26 13:00:55.041964,0.0008904719501336977,-0.002666666666666595,0.05000000000000426,-0.14999999999999858,56.1,56.15,56.2,56.25,2.0,49.0,1851.0,2034.0,False,False
006208,2022-10-26 13:00:55.321011,0.0008904719501336977,-0.002666666666666595,0.05000000000000426,-0.14999999999999858,56.1,56.15,56.2,56.25,2.0,49.0,1851.0,2034.0,False,False
006208,2022-10-26 13:00:55.324071,0.0008904719501336977,-0.002666666666666595,0.05000000000000426,-0.14999999999999858,56.1,56.15,56.2,56.25,2.0,49.0,1851.0,2034.0,False,False
006208,2022-10-26 13:00:55.461109,0.0008904719501336977,-0.002666666666666595,0.05000000000000426,-0.14999999999999858,56.1,56.15,56.2,56.25,2.0,49.0,1851.0,2034.0,False,False
006208,2022-10-26 13:01:00.941810,0.0008904719501336977,-0.002666666666666595,0.05000000000000426,-0.14999999999999858,56.1,56.15,56.2,56.25,2.0,49.0,2151.0,1035.0,True,True
006208,2022-10-26 13:01:01.885542,0.0008904719501336977,-0.002666666666666595,0.05000000000000426,-0.14999999999999858,56.1,56.15,56.2,56.25,2.0,49.0,2151.0,1035.0,False,False
006208,2022-10-26 13:01:01.885545,0.0008904719501336977,-0.002666666666666595,0.05000000000000426,-0.14999999999999858,56.1,56.15,56.2,56.25,2.0,49.0,2151.0,1035.0,False,False
006208,2022-10-26 13:01:02.102859,0.0008904719501336977,-0.002666666666666595,0.05000000000000426,-0.14999999999999858,56.1,56.15,56.2,56.25,4.0,49.0,2151.0,1035.0,False,False
006208,2022-10-26 13:01:03.975817,0.0008904719501336977,-0.002666666666666595,0.05000000000000426,-0.14999999999999858,56.1,56.15,56.2,56.25,4.0,49.0,2151.0,1035.0,False,False
006208,2022-10-26 13:01:03.975833,0.0008904719501336977,-0.002666666666666595,0.05000000000000426,-0.14999999999999858,56.1,56.15,56.2,56.25,4.0,49.0,2151.0,1035.0,False,False
006208,2022-10-26 13:01:04.290429,0.0008904719501336977,-0.002666666666666595,0.05000000000000426,-0.14999999999999858,56.1,56.15,56.2,56.25,4.0,49.0,2151.0,1035.0,False,False
006208,2022-10-26 13:01:04.295764,0.0008904719501336977,-0.002666666666666595,0.05000000000000426,-0.14999999999999858,56.1,56.15,56.2,56.25,4.0,49.0,2151.0,1035.0,False,False
006208,2022-10-26 13:01:05.007606,0.0008904719501336977,-0.002666666666666595,0.05000000000000426,-0.14999999999999858,56.1,56.15,56.2,56.25,4.0,49.0,2151.0,1035.0,False,False
006208,2022-10-26 13:01:05.019571,0.0008904719501336977,-0.002666666666666595,0.05000000000000426,-0.14999999999999858,56.1,56.15,56.2,56.25,4.0,49.0,2151.0,1035.0,False,False
006208,2022-10-26 13:01:05.447456,0.0008904719501336977,-0.002666666666666595,0.05000000000000426,-0.14999999999999858,56.1,56.15,56.2,56.25,4.0,49.0,2151.0,1035.0,False,False
006208,2022-10-26 13:01:05.456392,0.0008904719501336977,-0.002666666666666595,0.05000000000000426,-0.14999999999999858,56.1,56.15,56.2,56.25,4.0,49.0,2151.0,1035.0,False,False
006208,2022-10-26 13:01:05.581776,0.0008904719501336977,-0.002666666666666595,0.05000000000000426,-0.14999999999999858,56.1,56.15,56.2,56.25,4.0,49.0,2151.0,1035.0,False,False
006208,2022-10-26 13:01:07.538056,0.0008904719501336977,-0.002666666666666595,0.05000000000000426,-0.14999999999999858,56.1,56.15,56.2,56.25,4.0,49.0,2151.0,1035.0,False,False
006208,2022-10-26 13:01:07.538225,0.0008904719501336977,-0.002666666666666595,0.05000000000000426,-0.14999999999999858,56.1,56.15,56.2,56.25,4.0,49.0,2151.0,1035.0,False,False
006208,2022-10-26 13:01:09.108816,0.0008904719501336977,-0.002666666666666595,0.05000000000000426,-0.14999999999999858,56.1,56.15,56.2,56.25,4.0,49.0,2151.0,1035.0,False,False
006208,2022-10-26 13:01:09.108909,0.0008904719501336977,-0.002666666666666595,0.05000000000000426,-0.14999999999999858,56.1,56.15,56.2,56.25,4.0,49.0,2151.0,1035.0,False,False
006208,2022-10-26 13:01:09.748545,0.0008904719501336977,-0.002666666666666595,0.05000000000000426,-0.14999999999999858,56.1,56.15,56.2,56.25,4.0,49.0,2151.0,1035.0,False,False
006208,2022-10-26 13:01:10.019316,0.0008904719501336977,-0.002666666666666595,0.05000000000000426,-0.14999999999999858,56.1,56.15,56.2,56.25,4.0,49.0,2151.0,1035.0,False,False
006208,2022-10-26 13:01:10.019493,0.0008904719501336977,-0.002666666666666595,0.05000000000000426,-0.14999999999999858,56.1,56.15,56.2,56.25,4.0,49.0,2151.0,1035.0,False,False
006208,2022-10-26 13:01:10.181612,0.0008904719501336977,-0.002666666666666595,0.05000000000000426,-0.14999999999999858,56.1,56.15,56.2,56.25,4.0,49.0,2147.0,1035.0,False,True
006208,2022-10-26 13:01:11.478187,0.0008904719501336977,-0.002666666666666595,0.05000000000000426,-0.14999999999999858,56.1,56.15,56.2,56.25,4.0,49.0,2147.0,1035.0,False,False
006208,2022-10-26 13:01:11.478400,0.0008904719501336977,-0.002666666666666595,0.05000000000000426,-0.14999999999999858,56.1,56.15,56.2,56.25,4.0,49.0,2147.0,1035.0,False,False
006208,2022-10-26 13:01:11.630206,0.0008904719501336977,-0.002666666666666595,0.05000000000000426,-0.14999999999999858,56.1,56.15,56.2,56.25,4.0,49.0,2147.0,1035.0,False,False
006208,2022-10-26 13:01:12.747095,0.0008904719501336977,-0.002666666666666595,0.05000000000000426,-0.14999999999999858,56.1,56.15,56.2,56.25,4.0,49.0,2147.0,1035.0,False,False
006208,2022-10-26 13:01:15.571349,0.0008904719501336977,-0.002666666666666595,0.05000000000000426,-0.14999999999999858,56.1,56.15,56.2,56.25,4.0,49.0,2147.0,1035.0,False,False
006208,2022-10-26 13:01:15.580556,0.0008904719501336977,-0.002666666666666595,0.05000000000000426,-0.14999999999999858,56.1,56.15,56.2,56.25,4.0,49.0,2147.0,1035.0,False,False
006208,2022-10-26 13:01:15.710601,0.0008904719501336977,-0.002666666666666595,0.05000000000000426,-0.14999999999999858,56.1,56.15,56.2,56.25,4.0,49.0,2147.0,1035.0,False,False
006208,2022-10-26 13:01:17.933657,0.0008904719501336977,-0.002666666666666595,0.05000000000000426,-0.14999999999999858,56.1,56.15,56.2,56.25,4.0,49.0,2147.0,1035.0,False,False
006208,2022-10-26 13:01:17.933922,0.0008904719501336977,-0.002666666666666595,0.05000000000000426,-0.14999999999999858,56.1,56.15,56.2,56.25,4.0,49.0,2147.0,1035.0,False,False
006208,2022-10-26 13:01:18.012211,0.0008904719501336977,-0.002666666666666595,0.05000000000000426,-0.14999999999999858,56.1,56.15,56.2,56.25,4.0,49.0,2147.0,1035.0,False,False
006208,2022-10-26 13:01:20.028796,0.0008904719501336977,-0.002666666666666595,0.05000000000000426,-0.14999999999999858,56.1,56.15,56.2,56.25,4.0,49.0,2147.0,1035.0,False,False
006208,2022-10-26 13:01:20.095652,0.0008904719501336977,-0.002666666666666595,0.05000000000000426,-0.14999999999999858,56.1,56.15,56.2,56.25,4.0,49.0,2147.0,1035.0,False,False
006208,2022-10-26 13:01:20.101474,0.0008904719501336977,-0.002666666666666595,0.05000000000000426,-0.14999999999999858,56.1,56.15,56.2,56.25,4.0,49.0,2147.0,1035.0,False,False
006208,2022-10-26 13:01:20.226538,0.0008904719501336977,-0.002666666666666595,0.05000000000000426,-0.14999999999999858,56.1,56.15,56.2,56.25,4.0,49.0,2199.0,1025.0,True,True
006208,2022-10-26 13:01:23.553988,0.0008904719501336977,-0.002666666666666595,0.05000000000000426,-0.14999999999999858,56.1,56.15,56.2,56.25,4.0,49.0,2199.0,1025.0,False,False
006208,2022-10-26 13:01:23.554146,0.0008904719501336977,-0.002666666666666595,0.05000000000000426,-0.14999999999999858,56.1,56.15,56.2,56.25,4.0,49.0,2199.0,1025.0,False,False
006208,2022-10-26 13:01:24.423455,0.0008904719501336977,-0.002666666666666595,0.05000000000000426,-0.14999999999999858,56.1,56.15,56.2,56.25,4.0,49.0,2199.0,1025.0,False,False
006208,2022-10-26 13:01:25.036697,0.0008904719501336977,-0.002666666666666595,0.05000000000000426,-0.14999999999999858,56.1,56.15,56.2,56.25,4.0,49.0,2199.0,1025.0,False,False
006208,2022-10-26 13:01:25.698311,0.0008904719501336977,-0.002666666666666595,0.05000000000000426,-0.14999999999999858,56.1,56.15,56.2,56.25,4.0,49.0,2199.0,1025.0,False,False
006208,2022-10-26 13:01:25.709202,0.0008904719501336977,-0.002666666666666595,0.05000000000000426,-0.14999999999999858,56.1,56.15,56.2,56.25,4.0,49.0,2199.0,1025.0,False,False
006208,2022-10-26 13:01:25.844780,0.0008904719501336977,-0.002666666666666595,0.05000000000000426,-0.14999999999999858,56.1,56.15,56.2,56.25,4.0,49.0,2199.0,1025.0,False,False
006208,2022-10-26 13:01:26.768817,0.0008904719501336977,-0.002666666666666595,0.05000000000000426,-0.14999999999999858,56.1,56.15,56.2,56.25,4.0,49.0,2199.0,1025.0,False,False
006208,2022-10-26 13:01:27.973141,0.0008904719501336977,-0.002666666666666595,0.05000000000000426,-0.14999999999999858,56.1,56.15,56.2,56.25,4.0,49.0,2199.0,1025.0,False,False
006208,2022-10-26 13:01:30.277946,0.0008904719501336977,-0.002666666666666595,0.05000000000000426,-0.14999999999999858,56.1,56.15,56.2,56.25,4.0,49.0,2299.0,1025.0,True,True
006208,2022-10-26 13:01:31.852219,0.0008904719501336977,-0.002666666666666595,0.05000000000000426,-0.14999999999999858,56.1,56.15,56.2,56.25,4.0,48.0,2299.0,1025.0,False,False
006208,2022-10-26 13:01:33.081812,0.0008904719501336977,-0.002666666666666595,0.05000000000000426,-0.14999999999999858,56.1,56.15,56.2,56.25,4.0,48.0,2299.0,1025.0,False,False
006208,2022-10-26 13:01:33.081993,0.0008904719501336977,-0.002666666666666595,0.05000000000000426,-0.14999999999999858,56.1,56.15,56.2,56.25,4.0,48.0,2299.0,1025.0,False,False
006208,2022-10-26 13:01:35.087380,0.0008904719501336977,-0.002666666666666595,0.05000000000000426,-0.14999999999999858,56.1,56.15,56.2,56.25,4.0,47.0,2299.0,1025.0,False,False
006208,2022-10-26 13:01:35.832122,0.0008904719501336977,-0.002666666666666595,0.05000000000000426,-0.14999999999999858,56.1,56.15,56.2,56.25,4.0,47.0,2299.0,1025.0,False,False
006208,2022-10-26 13:01:35.839177,0.0008904719501336977,-0.002666666666666595,0.05000000000000426,-0.14999999999999858,56.1,56.15,56.2,56.25,4.0,47.0,2299.0,1025.0,False,False
006208,2022-10-26 13:01:35.978265,0.0008904719501336977,-0.002666666666666595,0.05000000000000426,-0.14999999999999858,56.1,56.15,56.2,56.25,4.0,47.0,2299.0,1025.0,False,False
006208,2022-10-26 13:01:36.940040,0.0008904719501336977,-0.002666666666666595,0.05000000000000426,-0.14999999999999858,56.1,56.15,56.2,56.25,4.0,47.0,2299.0,1025.0,False,False
006208,2022-10-26 13:01:36.942799,0.0008904719501336977,-0.002666666666666595,0.05000000000000426,-0.14999999999999858,56.1,56.15,56.2,56.25,4.0,47.0,2299.0,1025.0,False,False
006208,2022-10-26 13:01:39.536408,0.0008904719501336977,-0.002666666666666595,0.05000000000000426,-0.14999999999999858,56.1,56.15,56.2,56.25,4.0,47.0,2299.0,1025.0,False,False
006208,2022-10-26 13:01:39.548624,0.0008904719501336977,-0.002666666666666595,0.05000000000000426,-0.14999999999999858,56.1,56.15,56.2,56.25,4.0,47.0,2299.0,1025.0,False,False
006208,2022-10-26 13:01:40.018549,0.0008904719501336977,-0.002666666666666595,0.05000000000000426,-0.14999999999999858,56.1,56.15,56.2,56.25,4.0,47.0,2299.0,1025.0,False,False
006208,2022-10-26 13:01:40.056547,0.0008904719501336977,-0.002666666666666595,0.05000000000000426,-0.14999999999999858,56.1,56.15,56.2,56.25,4.0,7.0,2299.0,1025.0,False,False
006208,2022-10-26 13:01:40.204463,0.0008904719501336977,-0.002666666666666595,0.05000000000000426,-0.14999999999999858,56.1,56.15,56.2,56.25,79.0,47.0,2299.0,1025.0,False,False
006208,2022-10-26 13:01:40.323351,0.0008904719501336977,-0.002666666666666595,0.05000000000000426,-0.14999999999999858,56.1,56.15,56.2,56.25,79.0,47.0,2109.0,1025.0,True,True
006208,2022-10-26 13:01:40.329374,0.0008904719501336977,-0.002666666666666595,0.05000000000000426,-0.14999999999999858,56.1,56.15,56.2,56.25,79.0,7.0,2109.0,1025.0,False,False
006208,2022-10-26 13:01:41.641480,0.0008904719501336977,-0.002666666666666595,0.05000000000000426,-0.14999999999999858,56.1,56.15,56.2,56.25,79.0,7.0,2109.0,1025.0,False,False
006208,2022-10-26 13:01:41.647508,0.0008904719501336977,-0.002666666666666595,0.05000000000000426,-0.14999999999999858,56.1,56.15,56.2,56.25,79.0,7.0,2109.0,1025.0,False,False
006208,2022-10-26 13:01:44.221338,0.0008904719501336977,-0.002666666666666595,0.05000000000000426,-0.14999999999999858,56.1,56.15,56.2,56.25,78.0,6.0,2109.0,1025.0,False,False
006208,2022-10-26 13:01:44.686985,0.0008904719501336977,-0.002666666666666595,0.05000000000000426,-0.14999999999999858,56.1,56.15,56.2,56.25,78.0,6.0,2109.0,1025.0,False,False
006208,2022-10-26 13:01:44.686990,0.0008904719501336977,-0.002666666666666595,0.05000000000000426,-0.14999999999999858,56.1,56.15,56.2,56.25,78.0,6.0,2109.0,1025.0,False,False
006208,2022-10-26 13:01:45.021955,0.0008904719501336977,-0.002666666666666595,0.05000000000000426,-0.14999999999999858,56.1,56.15,56.2,56.25,78.0,6.0,2109.0,1025.0,False,False
006208,2022-10-26 13:01:45.027267,0.0008904719501336977,-0.002666666666666595,0.05000000000000426,-0.14999999999999858,56.1,56.15,56.2,56.25,78.0,6.0,2109.0,1025.0,False,False
006208,2022-10-26 13:01:45.957109,0.0008904719501336977,-0.002666666666666595,0.05000000000000426,-0.14999999999999858,56.1,56.15,56.2,56.25,78.0,6.0,2109.0,1025.0,False,False
006208,2022-10-26 13:01:45.964562,0.0008904719501336977,-0.002666666666666595,0.05000000000000426,-0.14999999999999858,56.1,56.15,56.2,56.25,78.0,6.0,2109.0,1025.0,False,False
006208,2022-10-26 13:01:45.966518,0.0008904719501336977,-0.002666666666666595,0.05000000000000426,-0.14999999999999858,56.1,56.15,56.2,56.25,78.0,6.0,2109.0,1025.0,False,False
006208,2022-10-26 13:01:46.188007,0.0008904719501336977,-0.002666666666666595,0.05000000000000426,-0.14999999999999858,56.1,56.15,56.2,56.25,78.0,6.0,2109.0,1025.0,False,False
006208,2022-10-26 13:01:49.368535,0.0008904719501336977,-0.002666666666666595,0.05000000000000426,-0.14999999999999858,56.1,56.15,56.2,56.25,78.0,5.0,2109.0,1025.0,False,False
006208,2022-10-26 13:01:50.023770,0.0008904719501336977,-0.002666666666666595,0.05000000000000426,-0.14999999999999858,56.1,56.15,56.2,56.25,78.0,5.0,2109.0,1025.0,False,False
006208,2022-10-26 13:01:50.023928,0.0008904719501336977,-0.002666666666666595,0.05000000000000426,-0.14999999999999858,56.1,56.15,56.2,56.25,78.0,5.0,2109.0,1025.0,False,False
006208,2022-10-26 13:01:52.118300,0.0008904719501336977,-0.002666666666666595,0.05000000000000426,-0.14999999999999858,56.1,56.15,56.2,56.25,78.0,5.0,2109.0,1025.0,False,False
006208,2022-10-26 13:01:52.118454,0.0008904719501336977,-0.002666666666666595,0.05000000000000426,-0.14999999999999858,56.1,56.15,56.2,56.25,78.0,5.0,2109.0,1025.0,False,False
006208,2022-10-26 13:01:52.367160,0.0008904719501336977,-0.002666666666666595,0.05000000000000426,-0.14999999999999858,56.1,56.15,56.2,56.25,78.0,5.0,2109.0,1025.0,False,False
006208,2022-10-26 13:01:52.367163,0.0008904719501336977,-0.002666666666666595,0.05000000000000426,-0.14999999999999858,56.1,56.15,56.2,56.25,78.0,5.0,2109.0,1025.0,False,False
006208,2022-10-26 13:01:53.088613,0.0008904719501336977,-0.002666666666666595,0.05000000000000426,-0.14999999999999858,56.1,56.15,56.2,56.25,3.0,5.0,2109.0,1025.0,False,False
006208,2022-10-26 13:01:53.088798,0.0008904719501336977,-0.002666666666666595,0.05000000000000426,-0.14999999999999858,56.1,56.15,56.2,56.25,3.0,5.0,2109.0,1025.0,False,False
006208,2022-10-26 13:01:55.270035,0.0008904719501336977,-0.002666666666666595,0.05000000000000426,-0.14999999999999858,56.1,56.15,56.2,56.25,3.0,5.0,2109.0,1025.0,False,False
006208,2022-10-26 13:01:55.674908,0.0008904719501336977,-0.002666666666666595,0.05000000000000426,-0.14999999999999858,56.1,56.15,56.2,56.25,3.0,5.0,2109.0,1025.0,False,False
006208,2022-10-26 13:01:55.820778,0.0008904719501336977,-0.002666666666666595,0.05000000000000426,-0.14999999999999858,56.1,56.15,56.2,56.25,3.0,5.0,2109.0,1025.0,False,False
006208,2022-10-26 13:01:56.090755,0.0008904719501336977,-0.002666666666666595,0.05000000000000426,-0.14999999999999858,56.1,56.15,56.2,56.25,3.0,5.0,2109.0,1025.0,False,False
006208,2022-10-26 13:01:56.093868,0.0008904719501336977,-0.002666666666666595,0.05000000000000426,-0.14999999999999858,56.1,56.15,56.2,56.25,3.0,5.0,2109.0,1025.0,False,False
006208,2022-10-26 13:01:56.218158,0.0008904719501336977,-0.002666666666666595,0.05000000000000426,-0.14999999999999858,56.1,56.15,56.2,56.25,3.0,5.0,2109.0,1025.0,False,False
006208,2022-10-26 13:01:56.222171,0.0008904719501336977,-0.002666666666666595,0.05000000000000426,-0.14999999999999858,56.1,56.15,56.2,56.25,3.0,5.0,2109.0,1025.0,False,False
006208,2022-10-26 13:01:57.515498,0.0008904719501336977,-0.002666666666666595,0.05000000000000426,-0.14999999999999858,56.1,56.15,56.2,56.25,4.0,5.0,2109.0,1025.0,False,False
006208,2022-10-26 13:01:58.052495,0.0008904719501336977,-0.002666666666666595,0.05000000000000426,-0.14999999999999858,56.1,56.15,56.2,56.25,4.0,4.0,2109.0,1025.0,False,False
006208,2022-10-26 13:01:58.421606,0.0008904719501336977,-0.002666666666666595,0.05000000000000426,-0.14999999999999858,56.1,56.15,56.2,56.25,4.0,4.0,2109.0,1025.0,False,False
006208,2022-10-26 13:01:58.426370,0.0008904719501336977,-0.002666666666666595,0.05000000000000426,-0.14999999999999858,56.1,56.15,56.2,56.25,4.0,4.0,2109.0,1025.0,False,False
006208,2022-10-26 13:01:59.456527,0.0008904719501336977,-0.002666666666666595,0.05000000000000426,-0.14999999999999858,56.1,56.15,56.2,56.25,4.0,4.0,2109.0,1025.0,False,False
006208,2022-10-26 13:01:59.467496,0.0008904719501336977,-0.002666666666666595,0.05000000000000426,-0.14999999999999858,56.1,56.15,56.2,56.25,4.0,4.0,2109.0,1025.0,False,False
006208,2022-10-26 13:02:00.047626,0.0008904719501336977,-0.002666666666666595,0.05000000000000426,-0.14999999999999858,56.1,56.15,56.2,56.25,4.0,4.0,2109.0,1025.0,False,False
006208,2022-10-26 13:02:00.052874,0.0008904719501336977,-0.002666666666666595,0.05000000000000426,-0.14999999999999858,56.1,56.15,56.2,56.25,4.0,4.0,2109.0,1025.0,False,False
006208,2022-10-26 13:02:00.400706,0.0008904719501336977,-0.002666666666666595,0.05000000000000426,-0.14999999999999858,56.1,56.15,56.2,56.25,4.0,4.0,2169.0,1035.0,True,True
006208,2022-10-26 13:02:01.076599,0.0008904719501336977,-0.002666666666666595,0.05000000000000426,-0.14999999999999858,56.1,56.15,56.2,56.25,4.0,4.0,2169.0,1035.0,False,False
006208,2022-10-26 13:02:01.089747,0.0008904719501336977,-0.002666666666666595,0.05000000000000426,-0.14999999999999858,56.1,56.15,56.2,56.25,4.0,4.0,2169.0,1035.0,False,False
006208,2022-10-26 13:02:05.030664,0.0008904719501336977,-0.002666666666666595,0.05000000000000426,-0.14999999999999858,56.1,56.15,56.2,56.25,4.0,4.0,2169.0,1035.0,False,False
006208,2022-10-26 13:02:05.030869,0.0008904719501336977,-0.002666666666666595,0.05000000000000426,-0.14999999999999858,56.1,56.15,56.2,56.25,4.0,4.0,2169.0,1035.0,False,False
006208,2022-10-26 13:02:06.106503,0.0008904719501336977,-0.002666666666666595,0.05000000000000426,-0.14999999999999858,56.1,56.15,56.2,56.25,4.0,4.0,2169.0,1035.0,False,False
006208,2022-10-26 13:02:06.106603,0.0008904719501336977,-0.002666666666666595,0.05000000000000426,-0.14999999999999858,56.1,56.15,56.2,56.25,4.0,4.0,2169.0,1035.0,False,False
006208,2022-10-26 13:02:06.219611,0.0008904719501336977,-0.002666666666666595,0.05000000000000426,-0.14999999999999858,56.1,56.15,56.2,56.25,4.0,4.0,2169.0,1035.0,False,False
006208,2022-10-26 13:02:06.402502,0.0008904719501336977,-0.002666666666666595,0.05000000000000426,-0.14999999999999858,56.1,56.15,56.2,56.25,4.0,4.0,2169.0,1035.0,False,False
006208,2022-10-26 13:02:06.481701,0.0008904719501336977,-0.002666666666666595,0.05000000000000426,-0.14999999999999858,56.1,56.15,56.2,56.25,4.0,4.0,2169.0,1035.0,False,False
006208,2022-10-26 13:02:10.125961,0.0008904719501336977,-0.002666666666666595,0.05000000000000426,-0.14999999999999858,56.1,56.15,56.2,56.25,4.0,4.0,2169.0,1035.0,False,False
006208,2022-10-26 13:02:10.442924,0.0008904719501336977,-0.002666666666666595,0.05000000000000426,-0.14999999999999858,56.1,56.15,56.2,56.25,4.0,4.0,2409.0,1009.0,True,True
006208,2022-10-26 13:02:11.766012,0.0008904719501336977,-0.002666666666666595,0.05000000000000426,-0.14999999999999858,56.1,56.15,56.2,56.25,4.0,4.0,2409.0,1009.0,False,False
006208,2022-10-26 13:02:11.766074,0.0008904719501336977,-0.002666666666666595,0.05000000000000426,-0.14999999999999858,56.1,56.15,56.2,56.25,4.0,4.0,2409.0,1009.0,False,False
006208,2022-10-26 13:02:13.201690,0.0008904719501336977,-0.002666666666666595,0.05000000000000426,-0.14999999999999858,56.1,56.15,56.2,56.25,4.0,4.0,2409.0,1009.0,False,False
006208,2022-10-26 13:02:13.201757,0.0008904719501336977,-0.002666666666666595,0.05000000000000426,-0.14999999999999858,56.1,56.15,56.2,56.25,4.0,4.0,2409.0,1009.0,False,False
006208,2022-10-26 13:02:15.066869,0.0008904719501336977,-0.002666666666666595,0.05000000000000426,-0.14999999999999858,56.1,56.15,56.2,56.25,4.0,4.0,2409.0,1009.0,False,False
006208,2022-10-26 13:02:15.697797,0.0008904719501336977,-0.002666666666666595,0.05000000000000426,-0.14999999999999858,56.1,56.15,56.2,56.25,4.0,4.0,2409.0,1009.0,False,False
006208,2022-10-26 13:02:15.697894,0.0008904719501336977,-0.002666666666666595,0.05000000000000426,-0.14999999999999858,56.1,56.15,56.2,56.25,4.0,4.0,2409.0,1009.0,False,False
006208,2022-10-26 13:02:16.233884,0.0008904719501336977,-0.002666666666666595,0.05000000000000426,-0.14999999999999858,56.1,56.15,56.2,56.25,4.0,4.0,2409.0,1009.0,False,False
006208,2022-10-26 13:02:16.352143,0.0008904719501336977,-0.002666666666666595,0.05000000000000426,-0.14999999999999858,56.1,56.15,56.2,56.25,4.0,4.0,2409.0,1009.0,False,False
006208,2022-10-26 13:02:16.481689,0.0008904719501336977,-0.002666666666666595,0.05000000000000426,-0.14999999999999858,56.1,56.15,56.2,56.25,4.0,4.0,2409.0,1009.0,False,False
006208,2022-10-26 13:02:16.964874,0.0008904719501336977,-0.002666666666666595,0.05000000000000426,-0.14999999999999858,56.1,56.15,56.2,56.25,4.0,4.0,2409.0,1009.0,False,False
006208,2022-10-26 13:02:16.964891,0.0008904719501336977,-0.002666666666666595,0.05000000000000426,-0.14999999999999858,56.1,56.15,56.2,56.25,4.0,4.0,2409.0,1009.0,False,False
006208,2022-10-26 13:02:17.809211,0.0008904719501336977,-0.002666666666666595,0.05000000000000426,-0.14999999999999858,56.1,56.15,56.2,56.25,4.0,4.0,2409.0,1009.0,False,False
006208,2022-10-26 13:02:17.809302,0.0008904719501336977,-0.002666666666666595,0.05000000000000426,-0.14999999999999858,56.1,56.15,56.2,56.25,4.0,4.0,2409.0,1009.0,False,False
006208,2022-10-26 13:02:18.050432,0.0008904719501336977,-0.002666666666666595,0.05000000000000426,-0.14999999999999858,56.1,56.15,56.2,56.25,4.0,4.0,2409.0,1009.0,False,False
006208,2022-10-26 13:02:18.050565,0.0008904719501336977,-0.002666666666666595,0.05000000000000426,-0.14999999999999858,56.1,56.15,56.2,56.25,4.0,4.0,2409.0,1009.0,False,False
006208,2022-10-26 13:02:18.939201,0.0008904719501336977,-0.002666666666666595,0.05000000000000426,-0.14999999999999858,56.1,56.15,56.2,56.25,4.0,4.0,2409.0,1009.0,False,False
006208,2022-10-26 13:02:18.942286,0.0008904719501336977,-0.002666666666666595,0.05000000000000426,-0.14999999999999858,56.1,56.15,56.2,56.25,4.0,4.0,2409.0,1009.0,False,False
006208,2022-10-26 13:02:19.574900,0.0008904719501336977,-0.002666666666666595,0.05000000000000426,-0.14999999999999858,56.1,56.15,56.2,56.25,3.0,4.0,2409.0,1009.0,False,False
006208,2022-10-26 13:02:20.484101,0.0008904719501336977,-0.002666666666666595,0.05000000000000426,-0.14999999999999858,56.1,56.15,56.2,56.25,3.0,4.0,2409.0,909.0,True,True
006208,2022-10-26 13:02:22.522234,0.0008904719501336977,-0.002666666666666595,0.05000000000000426,-0.14999999999999858,56.1,56.15,56.2,56.25,3.0,4.0,2409.0,909.0,False,False
006208,2022-10-26 13:02:22.529532,0.0008904719501336977,-0.002666666666666595,0.05000000000000426,-0.14999999999999858,56.1,56.15,56.2,56.25,3.0,4.0,2409.0,909.0,False,False
006208,2022-10-26 13:02:26.470399,0.0008904719501336977,-0.002666666666666595,0.05000000000000426,-0.14999999999999858,56.1,56.15,56.2,56.25,3.0,4.0,2409.0,909.0,False,False
006208,2022-10-26 13:02:26.475784,0.0008904719501336977,-0.002666666666666595,0.05000000000000426,-0.14999999999999858,56.1,56.15,56.2,56.25,3.0,4.0,2409.0,909.0,False,False
006208,2022-10-26 13:02:26.607699,0.0008904719501336977,-0.002666666666666595,0.05000000000000426,-0.14999999999999858,56.1,56.15,56.2,56.25,3.0,4.0,2409.0,909.0,False,False
006208,2022-10-26 13:02:27.101710,0.0008904719501336977,-0.002666666666666595,0.05000000000000426,-0.14999999999999858,56.1,56.15,56.2,56.25,3.0,3.0,2409.0,909.0,False,False
006208,2022-10-26 13:02:27.861924,0.0008904719501336977,-0.002666666666666595,0.05000000000000426,-0.14999999999999858,56.1,56.15,56.2,56.25,3.0,3.0,2409.0,909.0,False,False
006208,2022-10-26 13:02:27.951319,0.0008904719501336977,-0.002666666666666595,0.05000000000000426,-0.14999999999999858,56.1,56.15,56.2,56.25,3.0,3.0,2409.0,909.0,False,False
006208,2022-10-26 13:02:30.525294,0.0008904719501336977,-0.002666666666666595,0.05000000000000426,-0.14999999999999858,56.1,56.15,56.2,56.25,3.0,3.0,2609.0,909.0,True,True
006208,2022-10-26 13:02:31.746387,0.0008904719501336977,-0.002666666666666595,0.05000000000000426,-0.14999999999999858,56.1,56.15,56.2,56.25,3.0,3.0,2609.0,909.0,False,False
006208,2022-10-26 13:02:33.260088,0.0008904719501336977,-0.002666666666666595,0.05000000000000426,-0.14999999999999858,56.1,56.15,56.2,56.25,3.0,2.0,2609.0,909.0,False,False
006208,2022-10-26 13:02:34.043970,0.0008904719501336977,-0.002666666666666595,0.05000000000000426,-0.14999999999999858,56.1,56.15,56.2,56.25,3.0,2.0,2609.0,909.0,False,False
006208,2022-10-26 13:02:34.044059,0.0008904719501336977,-0.002666666666666595,0.05000000000000426,-0.14999999999999858,56.1,56.15,56.2,56.25,3.0,2.0,2609.0,909.0,False,False
006208,2022-10-26 13:02:34.913409,0.0008904719501336977,-0.002666666666666595,0.05000000000000426,-0.14999999999999858,56.1,56.15,56.2,56.25,3.0,2.0,2609.0,909.0,False,False
006208,2022-10-26 13:02:34.913564,0.0008904719501336977,-0.002666666666666595,0.05000000000000426,-0.14999999999999858,56.1,56.15,56.2,56.25,3.0,2.0,2609.0,909.0,False,False
006208,2022-10-26 13:02:35.032165,0.0008904719501336977,-0.002666666666666595,0.05000000000000426,-0.14999999999999858,56.1,56.15,56.2,56.25,3.0,2.0,2609.0,909.0,False,False
006208,2022-10-26 13:02:35.254327,0.0008904719501336977,-0.002666666666666595,0.05000000000000426,-0.14999999999999858,56.1,56.15,56.2,56.25,3.0,2.0,2609.0,909.0,False,False
006208,2022-10-26 13:02:35.254539,0.0008904719501336977,-0.002666666666666595,0.05000000000000426,-0.14999999999999858,56.1,56.15,56.2,56.25,3.0,2.0,2609.0,909.0,False,False
006208,2022-10-26 13:02:35.761222,0.0008904719501336977,-0.002666666666666595,0.05000000000000426,-0.14999999999999858,56.1,56.15,56.2,56.25,3.0,2.0,2609.0,909.0,False,False
006208,2022-10-26 13:02:35.761298,0.0008904719501336977,-0.002666666666666595,0.05000000000000426,-0.14999999999999858,56.1,56.15,56.2,56.25,3.0,2.0,2609.0,909.0,False,False
006208,2022-10-26 13:02:36.595981,0.0008904719501336977,-0.002666666666666595,0.05000000000000426,-0.14999999999999858,56.1,56.15,56.2,56.25,3.0,2.0,2609.0,909.0,False,False
006208,2022-10-26 13:02:36.604082,0.0008904719501336977,-0.002666666666666595,0.05000000000000426,-0.14999999999999858,56.1,56.15,56.2,56.25,3.0,2.0,2609.0,909.0,False,False
006208,2022-10-26 13:02:36.732498,0.0008904719501336977,-0.002666666666666595,0.05000000000000426,-0.14999999999999858,56.1,56.15,56.2,56.25,3.0,2.0,2609.0,909.0,False,False
006208,2022-10-26 13:02:36.755104,0.0008904719501336977,-0.002666666666666595,0.05000000000000426,-0.14999999999999858,56.1,56.15,56.2,56.25,3.0,2.0,2609.0,909.0,False,False
006208,2022-10-26 13:02:40.355813,0.0008904719501336977,-0.002666666666666595,0.05000000000000426,-0.14999999999999858,56.1,56.15,56.2,56.25,3.0,2.0,2609.0,909.0,False,False
006208,2022-10-26 13:02:40.355829,0.0008904719501336977,-0.002666666666666595,0.05000000000000426,-0.14999999999999858,56.1,56.15,56.2,56.25,3.0,2.0,2609.0,909.0,False,False
006208,2022-10-26 13:02:40.565680,0.0008904719501336977,-0.002666666666666595,0.05000000000000426,-0.14999999999999858,56.1,56.15,56.2,56.25,3.0,2.0,2609.0,709.0,True,True
006208,2022-10-26 13:02:41.613301,0.0008904719501336977,-0.002666666666666595,0.05000000000000426,-0.14999999999999858,56.1,56.15,56.2,56.25,3.0,2.0,2609.0,709.0,False,False
006208,2022-10-26 13:02:41.613369,0.0008904719501336977,-0.002666666666666595,0.05000000000000426,-0.14999999999999858,56.1,56.15,56.2,56.25,3.0,2.0,2609.0,709.0,False,False
006208,2022-10-26 13:02:42.366652,0.0008904719501336977,-0.002666666666666595,0.05000000000000426,-0.14999999999999858,56.1,56.15,56.2,56.25,3.0,2.0,2609.0,709.0,False,False
006208,2022-10-26 13:02:42.366769,0.0008904719501336977,-0.002666666666666595,0.05000000000000426,-0.14999999999999858,56.1,56.15,56.2,56.25,3.0,2.0,2609.0,709.0,False,False
006208,2022-10-26 13:02:42.677066,0.0008904719501336977,-0.002666666666666595,0.05000000000000426,-0.14999999999999858,56.1,56.15,56.2,56.25,3.0,2.0,2609.0,709.0,False,False
006208,2022-10-26 13:02:42.677126,0.0008904719501336977,-0.002666666666666595,0.05000000000000426,-0.14999999999999858,56.1,56.15,56.2,56.25,3.0,2.0,2609.0,709.0,False,False
006208,2022-10-26 13:02:43.407481,0.0008904719501336977,-0.002666666666666595,0.05000000000000426,-0.14999999999999858,56.1,56.15,56.2,56.25,3.0,2.0,2609.0,709.0,False,False
006208,2022-10-26 13:02:43.407601,0.0008904719501336977,-0.002666666666666595,0.05000000000000426,-0.14999999999999858,56.1,56.15,56.2,56.25,3.0,2.0,2609.0,709.0,False,False
006208,2022-10-26 13:02:44.174748,0.0008904719501336977,-0.002666666666666595,0.05000000000000426,-0.14999999999999858,56.1,56.15,56.2,56.25,8.0,2.0,2609.0,709.0,False,False
006208,2022-10-26 13:02:46.743969,0.0008904719501336977,-0.002666666666666595,0.05000000000000426,-0.14999999999999858,56.1,56.15,56.2,56.25,8.0,2.0,2609.0,709.0,False,False
006208,2022-10-26 13:02:46.861964,0.0008904719501336977,-0.002666666666666595,0.05000000000000426,-0.14999999999999858,56.1,56.15,56.2,56.25,8.0,2.0,2609.0,709.0,False,False
006208,2022-10-26 13:02:46.865696,0.0008904719501336977,-0.002666666666666595,0.05000000000000426,-0.14999999999999858,56.1,56.15,56.2,56.25,8.0,2.0,2609.0,709.0,False,False
006208,2022-10-26 13:02:48.345075,0.0008904719501336977,-0.002666666666666595,0.05000000000000426,-0.14999999999999858,56.1,56.15,56.2,56.25,8.0,2.0,2609.0,709.0,False,False
006208,2022-10-26 13:02:48.348136,0.0008904719501336977,-0.002666666666666595,0.05000000000000426,-0.14999999999999858,56.1,56.15,56.2,56.25,8.0,2.0,2609.0,709.0,False,False
006208,2022-10-26 13:02:49.352162,0.0008904719501336977,-0.002666666666666595,0.05000000000000426,-0.14999999999999858,56.1,56.15,56.2,56.25,8.0,2.0,2609.0,709.0,False,False
006208,2022-10-26 13:02:49.362327,0.0008904719501336977,-0.002666666666666595,0.05000000000000426,-0.14999999999999858,56.1,56.15,56.2,56.25,8.0,2.0,2609.0,709.0,False,False
006208,2022-10-26 13:02:51.858774,0.0008904719501336977,-0.002666666666666595,0.05000000000000426,-0.14999999999999858,56.1,56.15,56.2,56.25,8.0,2.0,2609.0,709.0,False,False
006208,2022-10-26 13:02:51.858884,0.0008904719501336977,-0.002666666666666595,0.05000000000000426,-0.14999999999999858,56.1,56.15,56.2,56.25,83.0,2.0,2609.0,709.0,False,False
006208,2022-10-26 13:02:52.134426,0.0008904719501336977,-0.002666666666666595,0.05000000000000426,-0.14999999999999858,56.1,56.15,56.2,56.25,83.0,2.0,2609.0,709.0,False,False
006208,2022-10-26 13:02:52.134495,0.0008904719501336977,-0.002666666666666595,0.05000000000000426,-0.14999999999999858,56.1,56.15,56.2,56.25,83.0,2.0,2609.0,709.0,False,False
006208,2022-10-26 13:02:54.418651,0.0008904719501336977,-0.002666666666666595,0.05000000000000426,-0.14999999999999858,56.1,56.15,56.2,56.25,83.0,2.0,2609.0,709.0,False,False
006208,2022-10-26 13:02:54.418693,0.0008904719501336977,-0.002666666666666595,0.05000000000000426,-0.14999999999999858,56.1,56.15,56.2,56.25,83.0,2.0,2609.0,709.0,False,False
006208,2022-10-26 13:02:54.839614,0.0008904719501336977,-0.002666666666666595,0.05000000000000426,-0.14999999999999858,56.1,56.15,56.2,56.25,83.0,2.0,2609.0,709.0,False,False
006208,2022-10-26 13:02:54.845907,0.0008904719501336977,-0.002666666666666595,0.05000000000000426,-0.14999999999999858,56.1,56.15,56.2,56.25,83.0,2.0,2609.0,709.0,False,False
006208,2022-10-26 13:02:54.993882,0.0008904719501336977,-0.002666666666666595,0.05000000000000426,-0.14999999999999858,56.1,56.15,56.2,56.25,83.0,2.0,2609.0,709.0,False,False
006208,2022-10-26 13:02:54.999240,0.0008904719501336977,-0.002666666666666595,0.05000000000000426,-0.14999999999999858,56.1,56.15,56.2,56.25,83.0,2.0,2609.0,709.0,False,False
006208,2022-10-26 13:02:55.717614,0.0008904719501336977,-0.002666666666666595,0.05000000000000426,-0.14999999999999858,56.1,56.15,56.2,56.25,83.0,2.0,2609.0,709.0,False,False
006208,2022-10-26 13:02:55.717740,0.0008904719501336977,-0.002666666666666595,0.05000000000000426,-0.14999999999999858,56.1,56.15,56.2,56.25,83.0,2.0,2609.0,709.0,False,False
006208,2022-10-26 13:02:56.524260,0.0008904719501336977,-0.002666666666666595,0.05000000000000426,-0.14999999999999858,56.1,56.15,56.2,56.25,83.0,2.0,2609.0,709.0,False,False
006208,2022-10-26 13:02:56.524281,0.0008904719501336977,-0.002666666666666595,0.05000000000000426,-0.14999999999999858,56.1,56.15,56.2,56.25,83.0,2.0,2609.0,709.0,False,False
006208,2022-10-26 13:02:56.857896,0.0008904719501336977,-0.002666666666666595,0.05000000000000426,-0.14999999999999858,56.1,56.15,56.2,56.25,83.0,2.0,2609.0,709.0,False,False
006208,2022-10-26 13:02:56.861163,0.0008904719501336977,-0.002666666666666595,0.05000000000000426,-0.14999999999999858,56.1,56.15,56.2,56.25,83.0,2.0,2609.0,709.0,False,False
006208,2022-10-26 13:02:56.992263,0.0008904719501336977,-0.002666666666666595,0.05000000000000426,-0.14999999999999858,56.1,56.15,56.2,56.25,83.0,2.0,2609.0,709.0,False,False
006208,2022-10-26 13:02:56.993455,0.0008904719501336977,-0.002666666666666595,0.05000000000000426,-0.14999999999999858,56.1,56.15,56.2,56.25,83.0,2.0,2609.0,709.0,False,False
006208,2022-10-26 13:02:59.997693,0.0008904719501336977,-0.002666666666666595,0.05000000000000426,-0.14999999999999858,56.1,56.15,56.2,56.25,83.0,2.0,2609.0,709.0,False,False
006208,2022-10-26 13:02:59.997711,0.0008904719501336977,-0.002666666666666595,0.05000000000000426,-0.14999999999999858,56.1,56.15,56.2,56.25,83.0,2.0,2609.0,709.0,False,False
006208,2022-10-26 13:03:00.197739,0.0008904719501336977,-0.002666666666666595,0.05000000000000426,-0.14999999999999858,56.1,56.15,56.2,56.25,83.0,2.0,2609.0,709.0,False,False
006208,2022-10-26 13:03:00.197969,0.0008904719501336977,-0.002666666666666595,0.05000000000000426,-0.14999999999999858,56.1,56.15,56.2,56.25,83.0,2.0,2609.0,709.0,False,False
006208,2022-10-26 13:03:00.644822,0.0008904719501336977,-0.002666666666666595,0.05000000000000426,-0.14999999999999858,56.1,56.15,56.2,56.25,83.0,2.0,2680.0,709.0,True,True
006208,2022-10-26 13:03:02.972834,0.0008904719501336977,-0.002666666666666595,0.05000000000000426,-0.14999999999999858,56.1,56.15,56.2,56.25,83.0,2.0,2680.0,709.0,False,False
006208,2022-10-26 13:03:02.974308,0.0008904719501336977,-0.002666666666666595,0.05000000000000426,-0.14999999999999858,56.1,56.15,56.2,56.25,83.0,2.0,2680.0,709.0,False,False
006208,2022-10-26 13:03:05.018024,0.0008904719501336977,-0.002666666666666595,0.05000000000000426,-0.14999999999999858,56.1,56.15,56.2,56.25,83.0,2.0,2680.0,709.0,False,False
006208,2022-10-26 13:03:05.045347,0.0008904719501336977,-0.002666666666666595,0.05000000000000426,-0.14999999999999858,56.1,56.15,56.2,56.25,83.0,2.0,2680.0,709.0,False,False
006208,2022-10-26 13:03:06.046511,0.0008904719501336977,-0.002666666666666595,0.05000000000000426,-0.14999999999999858,56.1,56.15,56.2,56.25,83.0,2.0,2680.0,709.0,False,False
006208,2022-10-26 13:03:06.123369,0.0008904719501336977,-0.002666666666666595,0.05000000000000426,-0.14999999999999858,56.1,56.15,56.2,56.25,183.0,2.0,2680.0,709.0,False,False
006208,2022-10-26 13:03:06.986011,0.0008904719501336977,-0.002666666666666595,0.05000000000000426,-0.14999999999999858,56.1,56.15,56.2,56.25,183.0,2.0,2680.0,709.0,False,False
006208,2022-10-26 13:03:06.986805,0.0008904719501336977,-0.002666666666666595,0.05000000000000426,-0.14999999999999858,56.1,56.15,56.2,56.25,183.0,2.0,2680.0,709.0,False,False
006208,2022-10-26 13:03:07.122581,0.0008904719501336977,-0.002666666666666595,0.05000000000000426,-0.14999999999999858,56.1,56.15,56.2,56.25,183.0,2.0,2680.0,709.0,False,False
006208,2022-10-26 13:03:07.128285,0.0008904719501336977,-0.002666666666666595,0.05000000000000426,-0.14999999999999858,56.1,56.15,56.2,56.25,183.0,2.0,2680.0,709.0,False,False
006208,2022-10-26 13:03:07.132610,0.0008904719501336977,-0.002666666666666595,0.05000000000000426,-0.14999999999999858,56.1,56.15,56.2,56.25,183.0,2.0,2680.0,709.0,False,False
006208,2022-10-26 13:03:07.623833,0.0008904719501336977,-0.002666666666666595,0.05000000000000426,-0.14999999999999858,56.1,56.15,56.2,56.25,183.0,2.0,2680.0,709.0,False,False
006208,2022-10-26 13:03:09.157684,0.0008904719501336977,-0.002666666666666595,0.05000000000000426,-0.14999999999999858,56.1,56.15,56.2,56.25,183.0,1.0,2680.0,709.0,False,False
006208,2022-10-26 13:03:10.762786,0.0008904719501336977,-0.002666666666666595,0.05000000000000426,-0.14999999999999858,56.1,56.15,56.2,56.25,183.0,1.0,2768.0,709.0,True,True
006208,2022-10-26 13:03:13.243037,0.0008904719501336977,-0.002666666666666595,0.05000000000000426,-0.14999999999999858,56.1,56.15,56.2,56.25,183.0,1.0,2768.0,709.0,False,False
006208,2022-10-26 13:03:13.248902,0.0008904719501336977,-0.002666666666666595,0.05000000000000426,-0.14999999999999858,56.1,56.15,56.2,56.25,183.0,1.0,2768.0,709.0,False,False
006208,2022-10-26 13:03:13.258432,0.0008904719501336977,-0.002666666666666595,0.05000000000000426,-0.14999999999999858,56.1,56.15,56.2,56.25,183.0,1.0,2768.0,709.0,False,False
006208,2022-10-26 13:03:13.471774,0.0008904719501336977,-0.002666666666666595,0.05000000000000426,-0.14999999999999858,56.1,56.15,56.2,56.25,183.0,1.0,2768.0,709.0,False,False
006208,2022-10-26 13:03:13.548001,0.0,-0.002666666666666595,0.0,-0.14999999999999858,56.1,56.2,56.2,56.25,183.0,179.0,2768.0,709.0,False,False
006208,2022-10-26 13:03:13.590573,0.0,-0.002666666666666595,0.0,-0.14999999999999858,56.1,56.2,56.2,56.25,183.0,179.0,2768.0,709.0,False,False
006208,2022-10-26 13:03:13.684046,0.0008904719501336977,-0.002666666666666595,0.05000000000000426,-0.14999999999999858,56.1,56.15,56.2,56.25,183.0,1.0,2768.0,709.0,False,False
006208,2022-10-26 13:03:15.633615,0.0008904719501336977,-0.002666666666666595,0.05000000000000426,-0.14999999999999858,56.1,56.15,56.2,56.25,183.0,1.0,2768.0,709.0,False,False
006208,2022-10-26 13:03:15.643695,0.0008904719501336977,-0.002666666666666595,0.05000000000000426,-0.14999999999999858,56.1,56.15,56.2,56.25,183.0,1.0,2768.0,709.0,False,False
006208,2022-10-26 13:03:16.248440,0.0008904719501336977,-0.002666666666666595,0.05000000000000426,-0.14999999999999858,56.1,56.15,56.2,56.25,183.0,1.0,2768.0,709.0,False,False
006208,2022-10-26 13:03:16.257431,0.0008904719501336977,-0.002666666666666595,0.05000000000000426,-0.14999999999999858,56.1,56.15,56.2,56.25,183.0,1.0,2768.0,709.0,False,False
006208,2022-10-26 13:03:16.928748,0.0008904719501336977,-0.002666666666666595,0.05000000000000426,-0.14999999999999858,56.1,56.15,56.2,56.25,183.0,1.0,2768.0,709.0,False,False
006208,2022-10-26 13:03:17.116267,0.0008904719501336977,-0.002666666666666595,0.05000000000000426,-0.14999999999999858,56.1,56.15,56.2,56.25,183.0,1.0,2768.0,709.0,False,False
006208,2022-10-26 13:03:17.118915,0.0008904719501336977,-0.002666666666666595,0.05000000000000426,-0.14999999999999858,56.1,56.15,56.2,56.25,183.0,1.0,2768.0,709.0,False,False
006208,2022-10-26 13:03:17.244224,0.0008904719501336977,-0.002666666666666595,0.05000000000000426,-0.14999999999999858,56.1,56.15,56.2,56.25,183.0,1.0,2768.0,709.0,False,False
006208,2022-10-26 13:03:17.253213,0.0008904719501336977,-0.002666666666666595,0.05000000000000426,-0.14999999999999858,56.1,56.15,56.2,56.25,183.0,1.0,2768.0,709.0,False,False
006208,2022-10-26 13:03:18.434866,0.0008904719501336977,-0.002666666666666595,0.05000000000000426,-0.14999999999999858,56.1,56.15,56.2,56.25,183.0,1.0,2768.0,709.0,False,False
006208,2022-10-26 13:03:18.435025,0.0008904719501336977,-0.002666666666666595,0.05000000000000426,-0.14999999999999858,56.1,56.15,56.2,56.25,183.0,1.0,2768.0,709.0,False,False
006208,2022-10-26 13:03:18.572780,0.0,-0.002666666666666595,0.0,-0.14999999999999858,56.1,56.2,56.2,56.25,183.0,179.0,2768.0,709.0,False,False
006208,2022-10-26 13:03:18.611460,0.0,-0.002666666666666595,0.0,-0.14999999999999858,56.1,56.2,56.2,56.25,183.0,179.0,2768.0,709.0,False,False
006208,2022-10-26 13:03:18.673964,0.0,-0.002666666666666595,0.0,-0.14999999999999858,56.1,56.2,56.2,56.25,183.0,139.0,2768.0,709.0,False,False
006208,2022-10-26 13:03:18.813420,0.0,-0.002666666666666595,0.0,-0.14999999999999858,56.1,56.2,56.2,56.25,183.0,139.0,2768.0,709.0,False,False
006208,2022-10-26 13:03:19.268068,0.0,-0.002666666666666595,0.0,-0.14999999999999858,56.1,56.2,56.2,56.25,183.0,139.0,2768.0,709.0,False,False
006208,2022-10-26 13:03:19.280238,0.0,-0.002666666666666595,0.0,-0.14999999999999858,56.1,56.2,56.2,56.25,183.0,139.0,2768.0,709.0,False,False
006208,2022-10-26 13:03:19.774293,0.0,-0.002666666666666595,0.0,-0.14999999999999858,56.1,56.2,56.2,56.25,183.0,139.0,2768.0,709.0,False,False
006208,2022-10-26 13:03:19.786272,0.0,-0.002666666666666595,0.0,-0.14999999999999858,56.1,56.2,56.2,56.25,183.0,139.0,2768.0,709.0,False,False
006208,2022-10-26 13:03:20.584308,0.0,-0.002666666666666595,0.0,-0.14999999999999858,56.1,56.2,56.2,56.25,183.0,139.0,2768.0,709.0,False,False
006208,2022-10-26 13:03:20.808176,0.0,-0.002666666666666595,0.0,-0.14999999999999858,56.1,56.2,56.2,56.25,183.0,139.0,2768.0,675.0,True,True
006208,2022-10-26 13:03:21.510613,0.0,-0.002666666666666595,0.0,-0.14999999999999858,56.1,56.2,56.2,56.25,183.0,139.0,2768.0,675.0,False,False
006208,2022-10-26 13:03:21.869052,0.0,-0.002666666666666595,0.0,-0.14999999999999858,56.1,56.2,56.2,56.25,183.0,139.0,2768.0,675.0,False,False
006208,2022-10-26 13:03:21.869209,0.0,-0.002666666666666595,0.0,-0.14999999999999858,56.1,56.2,56.2,56.25,183.0,139.0,2768.0,675.0,False,False
006208,2022-10-26 13:03:22.080869,0.0,-0.002666666666666595,0.0,-0.14999999999999858,56.1,56.2,56.2,56.25,183.0,139.0,2768.0,675.0,False,False
006208,2022-10-26 13:03:22.081061,0.0,-0.002666666666666595,0.0,-0.14999999999999858,56.1,56.2,56.2,56.25,183.0,139.0,2768.0,675.0,False,False
006208,2022-10-26 13:03:23.517233,0.0,-0.002666666666666595,0.0,-0.14999999999999858,56.1,56.2,56.2,56.25,183.0,139.0,2768.0,675.0,False,False
006208,2022-10-26 13:03:23.517400,0.0,-0.002666666666666595,0.0,-0.14999999999999858,56.1,56.2,56.2,56.25,183.0,139.0,2768.0,675.0,False,False
006208,2022-10-26 13:03:24.312615,0.0,-0.002666666666666595,0.0,-0.14999999999999858,56.1,56.2,56.2,56.25,183.0,139.0,2768.0,675.0,False,False
006208,2022-10-26 13:03:24.312817,0.0,-0.002666666666666595,0.0,-0.14999999999999858,56.1,56.2,56.2,56.25,183.0,139.0,2768.0,675.0,False,False
006208,2022-10-26 13:03:26.709641,0.0,-0.002666666666666595,0.0,-0.14999999999999858,56.1,56.2,56.2,56.25,183.0,139.0,2768.0,675.0,False,False
006208,2022-10-26 13:03:26.709681,0.0,-0.002666666666666595,0.0,-0.14999999999999858,56.1,56.2,56.2,56.25,183.0,139.0,2768.0,675.0,False,False
006208,2022-10-26 13:03:28.799919,0.0,-0.002666666666666595,0.0,-0.14999999999999858,56.1,56.2,56.2,56.25,183.0,139.0,2768.0,675.0,False,False
006208,2022-10-26 13:03:28.807985,0.0,-0.002666666666666595,0.0,-0.14999999999999858,56.1,56.2,56.2,56.25,183.0,139.0,2768.0,675.0,False,False
006208,2022-10-26 13:03:28.941200,0.0,-0.002666666666666595,0.0,-0.14999999999999858,56.1,56.2,56.2,56.25,183.0,139.0,2768.0,675.0,False,False
006208,2022-10-26 13:03:30.137023,0.0,-0.002666666666666595,0.0,-0.14999999999999858,56.1,56.2,56.2,56.25,183.0,139.0,2768.0,675.0,False,False
006208,2022-10-26 13:03:30.421677,0.0,-0.002666666666666595,0.0,-0.14999999999999858,56.1,56.2,56.2,56.25,183.0,139.0,2768.0,675.0,False,False
006208,2022-10-26 13:03:30.847190,0.0,-0.002666666666666595,0.0,-0.14999999999999858,56.1,56.2,56.2,56.25,183.0,139.0,2818.0,600.0,True,True
006208,2022-10-26 13:03:35.555408,0.0,-0.001777777777777767,0.0,-0.10000000000000142,56.15,56.2,56.2,56.25,1.0,139.0,2818.0,600.0,False,False
006208,2022-10-26 13:03:35.599275,0.0,-0.001777777777777767,0.0,-0.10000000000000142,56.15,56.2,56.2,56.25,1.0,139.0,2818.0,600.0,False,False
006208,2022-10-26 13:03:35.796094,0.0,-0.001777777777777767,0.0,-0.10000000000000142,56.15,56.2,56.2,56.25,1.0,139.0,2818.0,600.0,False,False
006208,2022-10-26 13:03:36.916705,0.0,-0.001777777777777767,0.0,-0.10000000000000142,56.15,56.2,56.2,56.25,1.0,139.0,2818.0,600.0,False,False
006208,2022-10-26 13:03:37.028180,0.0,-0.001777777777777767,0.0,-0.10000000000000142,56.15,56.2,56.2,56.25,1.0,139.0,2818.0,600.0,False,False
006208,2022-10-26 13:03:37.447338,0.0,-0.001777777777777767,0.0,-0.10000000000000142,56.15,56.2,56.2,56.25,1.0,139.0,2818.0,600.0,False,False
006208,2022-10-26 13:03:37.447474,0.0,-0.001777777777777767,0.0,-0.10000000000000142,56.15,56.2,56.2,56.25,1.0,139.0,2818.0,600.0,False,False
006208,2022-10-26 13:03:37.531095,0.0,-0.001777777777777767,0.0,-0.10000000000000142,56.15,56.2,56.2,56.25,1.0,139.0,2818.0,600.0,False,False
006208,2022-10-26 13:03:40.041975,0.0,-0.001777777777777767,0.0,-0.10000000000000142,56.15,56.2,56.2,56.25,1.0,140.0,2818.0,600.0,False,False
006208,2022-10-26 13:03:40.915032,0.0,-0.001777777777777767,0.0,-0.10000000000000142,56.15,56.2,56.2,56.25,1.0,140.0,2838.0,600.0,True,True
006208,2022-10-26 13:03:43.047753,0.0,-0.001777777777777767,0.0,-0.10000000000000142,56.15,56.2,56.2,56.25,1.0,140.0,2838.0,600.0,False,False
006208,2022-10-26 13:03:43.067499,0.0,-0.001777777777777767,0.0,-0.10000000000000142,56.15,56.2,56.2,56.25,1.0,140.0,2838.0,600.0,False,False
006208,2022-10-26 13:03:43.160027,0.0,-0.001777777777777767,0.0,-0.10000000000000142,56.15,56.2,56.2,56.25,1.0,140.0,2838.0,600.0,False,False
006208,2022-10-26 13:03:43.422089,0.0,-0.001777777777777767,0.0,-0.10000000000000142,56.15,56.2,56.2,56.25,1.0,140.0,2838.0,600.0,False,False
006208,2022-10-26 13:03:45.794462,0.0,-0.001777777777777767,0.0,-0.10000000000000142,56.15,56.2,56.2,56.25,1.0,140.0,2838.0,600.0,False,False
006208,2022-10-26 13:03:45.798705,0.0,-0.001777777777777767,0.0,-0.10000000000000142,56.15,56.2,56.2,56.25,1.0,140.0,2838.0,600.0,False,False
006208,2022-10-26 13:03:45.934701,0.0,-0.001777777777777767,0.0,-0.10000000000000142,56.15,56.2,56.2,56.25,1.0,140.0,2838.0,600.0,False,False
006208,2022-10-26 13:03:47.021492,0.0,-0.001777777777777767,0.0,-0.10000000000000142,56.15,56.2,56.2,56.25,1.0,140.0,2838.0,600.0,False,False
006208,2022-10-26 13:03:47.021667,0.0,-0.001777777777777767,0.0,-0.10000000000000142,56.15,56.2,56.2,56.25,1.0,140.0,2838.0,600.0,False,False
006208,2022-10-26 13:03:50.975736,0.0,-0.001777777777777767,0.0,-0.10000000000000142,56.15,56.2,56.2,56.25,1.0,140.0,2838.0,700.0,True,True
006208,2022-10-26 13:03:53.179039,0.0,-0.001777777777777767,0.0,-0.10000000000000142,56.15,56.2,56.2,56.25,1.0,140.0,2838.0,700.0,False,False
006208,2022-10-26 13:03:55.013422,0.0,-0.001777777777777767,0.0,-0.10000000000000142,56.15,56.2,56.2,56.25,1.0,140.0,2838.0,700.0,False,False
006208,2022-10-26 13:03:55.013645,0.0,-0.001777777777777767,0.0,-0.10000000000000142,56.15,56.2,56.2,56.25,1.0,140.0,2838.0,700.0,False,False
006208,2022-10-26 13:03:55.922037,0.0,-0.001777777777777767,0.0,-0.10000000000000142,56.15,56.2,56.2,56.25,1.0,140.0,2838.0,700.0,False,False
006208,2022-10-26 13:03:55.926068,0.0,-0.001777777777777767,0.0,-0.10000000000000142,56.15,56.2,56.2,56.25,1.0,140.0,2838.0,700.0,False,False
006208,2022-10-26 13:03:56.063331,0.0,-0.001777777777777767,0.0,-0.10000000000000142,56.15,56.2,56.2,56.25,1.0,140.0,2838.0,700.0,False,False
006208,2022-10-26 13:04:01.017940,0.0,-0.001777777777777767,0.0,-0.10000000000000142,56.15,56.2,56.2,56.25,1.0,140.0,2838.0,690.0,True,True
006208,2022-10-26 13:04:01.176294,0.0,-0.001777777777777767,0.0,-0.10000000000000142,56.15,56.2,56.2,56.25,1.0,139.0,2838.0,690.0,False,False
006208,2022-10-26 13:04:04.082621,0.0,-0.001777777777777767,0.0,-0.10000000000000142,56.15,56.2,56.2,56.25,1.0,139.0,2838.0,690.0,False,False
006208,2022-10-26 13:04:04.116525,0.0,-0.001777777777777767,0.0,-0.10000000000000142,56.15,56.2,56.2,56.25,1.0,139.0,2838.0,690.0,False,False
006208,2022-10-26 13:04:04.185159,0.0,-0.001777777777777767,0.0,-0.10000000000000142,56.15,56.2,56.2,56.25,1.0,139.0,2838.0,690.0,False,False
006208,2022-10-26 13:04:05.117939,0.0,-0.001777777777777767,0.0,-0.10000000000000142,56.15,56.2,56.2,56.25,1.0,239.0,2838.0,690.0,False,False
006208,2022-10-26 13:04:06.049770,0.0,-0.001777777777777767,0.0,-0.10000000000000142,56.15,56.2,56.2,56.25,1.0,239.0,2838.0,690.0,False,False
006208,2022-10-26 13:04:06.123153,0.0,-0.001777777777777767,0.0,-0.10000000000000142,56.15,56.2,56.2,56.25,1.0,239.0,2838.0,690.0,False,False
006208,2022-10-26 13:04:06.209465,0.0,-0.001777777777777767,0.0,-0.10000000000000142,56.15,56.2,56.2,56.25,1.0,239.0,2838.0,690.0,False,False
006208,2022-10-26 13:04:07.408180,0.0,-0.001777777777777767,0.0,-0.10000000000000142,56.15,56.2,56.2,56.25,1.0,249.0,2838.0,690.0,False,False
006208,2022-10-26 13:04:08.589694,0.0,-0.001777777777777767,0.0,-0.10000000000000142,56.15,56.2,56.2,56.25,2.0,249.0,2838.0,690.0,False,False
006208,2022-10-26 13:04:08.605900,0.0,-0.001777777777777767,0.0,-0.10000000000000142,56.15,56.2,56.2,56.25,2.0,149.0,2838.0,690.0,False,False
006208,2022-10-26 13:04:09.548412,0.0,-0.001777777777777767,0.0,-0.10000000000000142,56.15,56.2,56.2,56.25,2.0,149.0,2838.0,690.0,False,False
006208,2022-10-26 13:04:09.607231,0.0,-0.001777777777777767,0.0,-0.10000000000000142,56.15,56.2,56.2,56.25,2.0,149.0,2838.0,690.0,False,False
006208,2022-10-26 13:04:10.254815,0.0,-0.001777777777777767,0.0,-0.10000000000000142,56.15,56.2,56.2,56.25,2.0,149.0,2838.0,614.0,False,True
006208,2022-10-26 13:04:11.073111,0.0,-0.001777777777777767,0.0,-0.10000000000000142,56.15,56.2,56.2,56.25,2.0,149.0,2838.0,614.0,False,False
006208,2022-10-26 13:04:11.095591,0.0,-0.001777777777777767,0.0,-0.10000000000000142,56.15,56.2,56.2,56.25,2.0,149.0,2838.0,614.0,False,False
006208,2022-10-26 13:04:11.256629,0.0,-0.001777777777777767,0.0,-0.10000000000000142,56.15,56.2,56.2,56.25,2.0,149.0,2838.0,614.0,False,False
006208,2022-10-26 13:04:12.097114,0.0,-0.001777777777777767,0.0,-0.10000000000000142,56.15,56.2,56.2,56.25,2.0,249.0,2838.0,614.0,False,False
006208,2022-10-26 13:04:15.204272,0.0,-0.001777777777777767,0.0,-0.10000000000000142,56.15,56.2,56.2,56.25,2.0,249.0,2838.0,614.0,False,False
006208,2022-10-26 13:04:15.355894,0.0,-0.001777777777777767,0.0,-0.10000000000000142,56.15,56.2,56.2,56.25,2.0,249.0,2838.0,614.0,False,False
006208,2022-10-26 13:04:16.180375,0.0,-0.001777777777777767,0.0,-0.10000000000000142,56.15,56.2,56.2,56.25,2.0,249.0,2838.0,614.0,False,False
006208,2022-10-26 13:04:16.200522,0.0,-0.001777777777777767,0.0,-0.10000000000000142,56.15,56.2,56.2,56.25,2.0,249.0,2838.0,614.0,False,False
006208,2022-10-26 13:04:16.319215,0.0,-0.001777777777777767,0.0,-0.10000000000000142,56.15,56.2,56.2,56.25,2.0,249.0,2838.0,614.0,False,False
006208,2022-10-26 13:04:18.518525,0.0,-0.001777777777777767,0.0,-0.10000000000000142,56.15,56.2,56.2,56.25,2.0,249.0,2838.0,614.0,False,False
006208,2022-10-26 13:04:18.518905,0.0,-0.001777777777777767,0.0,-0.10000000000000142,56.15,56.2,56.2,56.25,2.0,249.0,2838.0,614.0,False,False
006208,2022-10-26 13:04:18.635162,0.0,-0.001777777777777767,0.0,-0.10000000000000142,56.15,56.2,56.2,56.25,2.0,109.0,2838.0,614.0,False,False
006208,2022-10-26 13:04:18.857461,0.0,-0.001777777777777767,0.0,-0.10000000000000142,56.15,56.2,56.2,56.25,2.0,59.0,2838.0,614.0,False,False
006208,2022-10-26 13:04:18.969080,0.0,-0.001777777777777767,0.0,-0.10000000000000142,56.15,56.2,56.2,56.25,2.0,59.0,2838.0,614.0,False,False
006208,2022-10-26 13:04:18.969263,0.0,-0.001777777777777767,0.0,-0.10000000000000142,56.15,56.2,56.2,56.25,2.0,59.0,2838.0,614.0,False,False
006208,2022-10-26 13:04:19.152667,0.0,-0.001777777777777767,0.0,-0.10000000000000142,56.15,56.2,56.2,56.25,2.0,19.0,2838.0,614.0,False,False
006208,2022-10-26 13:04:19.405502,0.0,-0.001777777777777767,0.0,-0.10000000000000142,56.15,56.2,56.2,56.25,2.0,19.0,2838.0,614.0,False,False
006208,2022-10-26 13:04:19.613821,0.0,-0.001777777777777767,0.0,-0.10000000000000142,56.15,56.2,56.2,56.25,2.0,19.0,2838.0,614.0,False,False
006208,2022-10-26 13:04:19.866567,0.0,-0.001777777777777767,0.0,-0.10000000000000142,56.15,56.2,56.2,56.25,1.0,19.0,2838.0,614.0,False,False
006208,2022-10-26 13:04:20.179737,0.0,-0.001777777777777767,0.0,-0.10000000000000142,56.15,56.2,56.2,56.25,1.0,19.0,2838.0,614.0,False,False
006208,2022-10-26 13:04:20.179770,0.0,-0.001777777777777767,0.0,-0.10000000000000142,56.15,56.2,56.2,56.25,1.0,19.0,2838.0,614.0,False,False
006208,2022-10-26 13:04:20.325774,0.0,-0.001777777777777767,0.0,-0.10000000000000142,56.15,56.2,56.2,56.25,1.0,19.0,2873.0,614.0,True,True
006208,2022-10-26 13:04:21.246444,0.0,-0.001777777777777767,0.0,-0.10000000000000142,56.15,56.2,56.2,56.25,1.0,19.0,2873.0,614.0,False,False
006208,2022-10-26 13:04:21.256089,0.0,-0.001777777777777767,0.0,-0.10000000000000142,56.15,56.2,56.2,56.25,1.0,19.0,2873.0,614.0,False,False
006208,2022-10-26 13:04:25.003351,0.0,-0.001777777777777767,0.0,-0.10000000000000142,56.15,56.2,56.2,56.25,1.0,19.0,2873.0,614.0,False,False
006208,2022-10-26 13:04:25.003684,0.0,-0.001777777777777767,0.0,-0.10000000000000142,56.15,56.2,56.2,56.25,1.0,19.0,2873.0,614.0,False,False
006208,2022-10-26 13:04:25.082342,0.0,-0.001777777777777767,0.0,-0.10000000000000142,56.15,56.2,56.2,56.25,1.0,19.0,2873.0,614.0,False,False
006208,2022-10-26 13:04:25.371547,0.0,-0.001777777777777767,0.0,-0.10000000000000142,56.15,56.2,56.2,56.25,1.0,19.0,2873.0,614.0,False,False
006208,2022-10-26 13:04:25.371666,0.0,-0.001777777777777767,0.0,-0.10000000000000142,56.15,56.2,56.2,56.25,1.0,19.0,2873.0,614.0,False,False
006208,2022-10-26 13:04:26.117266,0.0,-0.001777777777777767,0.0,-0.10000000000000142,56.15,56.2,56.2,56.25,1.0,19.0,2873.0,614.0,False,False
006208,2022-10-26 13:04:26.130155,0.0,-0.001777777777777767,0.0,-0.10000000000000142,56.15,56.2,56.2,56.25,1.0,19.0,2873.0,614.0,False,False
006208,2022-10-26 13:04:26.305890,0.0,-0.001777777777777767,0.0,-0.10000000000000142,56.15,56.2,56.2,56.25,1.0,19.0,2873.0,614.0,False,False
006208,2022-10-26 13:04:26.309585,0.0,-0.001777777777777767,0.0,-0.10000000000000142,56.15,56.2,56.2,56.25,1.0,19.0,2873.0,614.0,False,False
006208,2022-10-26 13:04:26.435297,0.0,-0.001777777777777767,0.0,-0.10000000000000142,56.15,56.2,56.2,56.25,1.0,19.0,2873.0,614.0,False,False
006208,2022-10-26 13:04:26.443025,0.0,-0.001777777777777767,0.0,-0.10000000000000142,56.15,56.2,56.2,56.25,1.0,19.0,2873.0,614.0,False,False
006208,2022-10-26 13:04:30.381287,0.0,-0.001777777777777767,0.0,-0.10000000000000142,56.15,56.2,56.2,56.25,1.0,19.0,2873.0,365.0,True,True
006208,2022-10-26 13:04:31.820711,0.0,-0.001777777777777767,0.0,-0.10000000000000142,56.15,56.2,56.2,56.25,1.0,19.0,2873.0,365.0,False,False
006208,2022-10-26 13:04:31.852222,0.0,-0.001777777777777767,0.0,-0.10000000000000142,56.15,56.2,56.2,56.25,2.0,19.0,2873.0,365.0,False,False
006208,2022-10-26 13:04:35.040142,0.0,-0.001777777777777767,0.0,-0.10000000000000142,56.15,56.2,56.2,56.25,2.0,19.0,2873.0,365.0,False,False
006208,2022-10-26 13:04:36.224302,0.0,-0.001777777777777767,0.0,-0.10000000000000142,56.15,56.2,56.2,56.25,2.0,19.0,2873.0,365.0,False,False
006208,2022-10-26 13:04:36.224325,0.0,-0.001777777777777767,0.0,-0.10000000000000142,56.15,56.2,56.2,56.25,2.0,19.0,2873.0,365.0,False,False
006208,2022-10-26 13:04:36.434682,0.0,-0.001777777777777767,0.0,-0.10000000000000142,56.15,56.2,56.2,56.25,2.0,19.0,2873.0,365.0,False,False
006208,2022-10-26 13:04:36.437746,0.0,-0.001777777777777767,0.0,-0.10000000000000142,56.15,56.2,56.2,56.25,2.0,19.0,2873.0,365.0,False,False
006208,2022-10-26 13:04:36.572398,0.0,-0.001777777777777767,0.0,-0.10000000000000142,56.15,56.2,56.2,56.25,2.0,19.0,2873.0,365.0,False,False
006208,2022-10-26 13:04:36.695933,0.0,-0.001777777777777767,0.0,-0.10000000000000142,56.15,56.2,56.2,56.25,2.0,19.0,2873.0,365.0,False,False
006208,2022-10-26 13:04:37.645056,0.0,-0.001777777777777767,0.0,-0.10000000000000142,56.15,56.2,56.2,56.25,2.0,19.0,2873.0,365.0,False,False
006208,2022-10-26 13:04:37.645059,0.0,-0.001777777777777767,0.0,-0.10000000000000142,56.15,56.2,56.2,56.25,2.0,19.0,2873.0,365.0,False,False
006208,2022-10-26 13:04:40.010283,0.0,-0.001777777777777767,0.0,-0.10000000000000142,56.15,56.2,56.2,56.25,2.0,19.0,2873.0,365.0,False,False
006208,2022-10-26 13:04:40.010373,0.0,-0.001777777777777767,0.0,-0.10000000000000142,56.15,56.2,56.2,56.25,2.0,19.0,2873.0,365.0,False,False
006208,2022-10-26 13:04:40.529996,0.0,-0.001777777777777767,0.0,-0.10000000000000142,56.15,56.2,56.2,56.25,1.0,19.0,2873.0,365.0,False,False
006208,2022-10-26 13:04:42.845704,0.0,-0.001777777777777767,0.0,-0.10000000000000142,56.15,56.2,56.2,56.25,6.0,19.0,2873.0,365.0,False,False
006208,2022-10-26 13:04:43.168967,0.0,-0.001777777777777767,0.0,-0.10000000000000142,56.15,56.2,56.2,56.25,6.0,19.0,2873.0,365.0,False,False
006208,2022-10-26 13:04:43.169053,0.0,-0.001777777777777767,0.0,-0.10000000000000142,56.15,56.2,56.2,56.25,6.0,19.0,2873.0,365.0,False,False
006208,2022-10-26 13:04:43.763378,0.0,-0.001777777777777767,0.0,-0.10000000000000142,56.15,56.2,56.2,56.25,6.0,19.0,2873.0,365.0,False,False
006208,2022-10-26 13:04:43.790257,0.0,-0.001777777777777767,0.0,-0.10000000000000142,56.15,56.2,56.2,56.25,6.0,19.0,2873.0,365.0,False,False
006208,2022-10-26 13:04:43.830681,0.0,-0.001777777777777767,0.0,-0.10000000000000142,56.15,56.2,56.2,56.25,6.0,19.0,2873.0,365.0,False,False
006208,2022-10-26 13:04:44.980472,0.0,-0.001777777777777767,0.0,-0.10000000000000142,56.15,56.2,56.2,56.25,6.0,19.0,2873.0,365.0,False,False
006208,2022-10-26 13:04:45.038427,0.0,-0.001777777777777767,0.0,-0.10000000000000142,56.15,56.2,56.2,56.25,6.0,19.0,2873.0,365.0,False,False
006208,2022-10-26 13:04:45.753557,0.0,-0.001777777777777767,0.0,-0.10000000000000142,56.15,56.2,56.2,56.25,6.0,19.0,2873.0,365.0,False,False
006208,2022-10-26 13:04:45.767694,0.0,-0.001777777777777767,0.0,-0.10000000000000142,56.15,56.2,56.2,56.25,6.0,19.0,2873.0,365.0,False,False
006208,2022-10-26 13:04:45.815023,0.0,-0.001777777777777767,0.0,-0.10000000000000142,56.15,56.2,56.2,56.25,6.0,19.0,2873.0,365.0,False,False
006208,2022-10-26 13:04:46.568406,0.0,-0.001777777777777767,0.0,-0.10000000000000142,56.15,56.2,56.2,56.25,6.0,19.0,2873.0,365.0,False,False
006208,2022-10-26 13:04:46.578103,0.0,-0.001777777777777767,0.0,-0.10000000000000142,56.15,56.2,56.2,56.25,6.0,19.0,2873.0,365.0,False,False
006208,2022-10-26 13:04:46.707813,0.0,-0.001777777777777767,0.0,-0.10000000000000142,56.15,56.2,56.2,56.25,6.0,19.0,2873.0,365.0,False,False
006208,2022-10-26 13:04:47.622340,0.0,-0.001777777777777767,0.0,-0.10000000000000142,56.15,56.2,56.2,56.25,6.0,19.0,2873.0,365.0,False,False
006208,2022-10-26 13:04:47.645770,0.0,-0.001777777777777767,0.0,-0.10000000000000142,56.15,56.2,56.2,56.25,6.0,19.0,2873.0,365.0,False,False
006208,2022-10-26 13:04:50.029976,0.0,-0.001777777777777767,0.0,-0.10000000000000142,56.15,56.2,56.2,56.25,6.0,19.0,2873.0,365.0,False,False
006208,2022-10-26 13:04:50.034721,0.0,-0.001777777777777767,0.0,-0.10000000000000142,56.15,56.2,56.2,56.25,6.0,19.0,2873.0,365.0,False,False
006208,2022-10-26 13:04:51.272790,0.0,-0.001777777777777767,0.0,-0.10000000000000142,56.15,56.2,56.2,56.25,6.0,19.0,2873.0,365.0,False,False
006208,2022-10-26 13:04:51.280889,0.0,-0.001777777777777767,0.0,-0.10000000000000142,56.15,56.2,56.2,56.25,6.0,19.0,2873.0,365.0,False,False
006208,2022-10-26 13:04:51.697398,0.0,-0.001777777777777767,0.0,-0.10000000000000142,56.15,56.2,56.2,56.25,6.0,19.0,2873.0,365.0,False,False
006208,2022-10-26 13:04:51.761554,0.0,-0.001777777777777767,0.0,-0.10000000000000142,56.15,56.2,56.2,56.25,81.0,19.0,2873.0,365.0,False,False
006208,2022-10-26 13:04:52.102688,0.0,-0.001777777777777767,0.0,-0.10000000000000142,56.15,56.2,56.2,56.25,81.0,19.0,2873.0,365.0,False,False
006208,2022-10-26 13:04:52.148024,0.0,-0.001777777777777767,0.0,-0.10000000000000142,56.15,56.2,56.2,56.25,81.0,19.0,2873.0,365.0,False,False
006208,2022-10-26 13:04:52.500292,0.0,-0.001777777777777767,0.0,-0.10000000000000142,56.15,56.2,56.2,56.25,81.0,19.0,2873.0,365.0,False,False
006208,2022-10-26 13:04:52.500346,0.0,-0.001777777777777767,0.0,-0.10000000000000142,56.15,56.2,56.2,56.25,81.0,19.0,2873.0,365.0,False,False
006208,2022-10-26 13:04:54.236021,0.0,-0.001777777777777767,0.0,-0.10000000000000142,56.15,56.2,56.2,56.25,81.0,18.0,2873.0,365.0,False,False
006208,2022-10-26 13:04:55.013911,0.0,-0.001777777777777767,0.0,-0.10000000000000142,56.15,56.2,56.2,56.25,81.0,18.0,2873.0,365.0,False,False
006208,2022-10-26 13:04:55.031619,0.0,-0.001777777777777767,0.0,-0.10000000000000142,56.15,56.2,56.2,56.25,81.0,18.0,2873.0,365.0,False,False
006208,2022-10-26 13:04:56.654339,0.0,-0.001777777777777767,0.0,-0.10000000000000142,56.15,56.2,56.2,56.25,81.0,18.0,2873.0,365.0,False,False
006208,2022-10-26 13:04:56.687413,0.0,-0.001777777777777767,0.0,-0.10000000000000142,56.15,56.2,56.2,56.25,81.0,18.0,2873.0,365.0,False,False
006208,2022-10-26 13:04:56.879198,0.0,-0.001777777777777767,0.0,-0.10000000000000142,56.15,56.2,56.2,56.25,81.0,20.0,2873.0,365.0,False,False
006208,2022-10-26 13:04:57.064122,0.0,-0.001777777777777767,0.0,-0.10000000000000142,56.15,56.2,56.2,56.25,81.0,20.0,2873.0,365.0,False,False
006208,2022-10-26 13:04:57.064258,0.0,-0.001777777777777767,0.0,-0.10000000000000142,56.15,56.2,56.2,56.25,81.0,20.0,2873.0,365.0,False,False
006208,2022-10-26 13:04:57.161033,0.0,-0.001777777777777767,0.0,-0.10000000000000142,56.15,56.2,56.2,56.25,81.0,20.0,2873.0,365.0,False,False
006208,2022-10-26 13:04:57.680461,0.0,-0.001777777777777767,0.0,-0.10000000000000142,56.15,56.2,56.2,56.25,181.0,20.0,2873.0,365.0,False,False
006208,2022-10-26 13:04:59.187600,0.0,-0.001777777777777767,0.0,-0.10000000000000142,56.15,56.2,56.2,56.25,181.0,20.0,2873.0,365.0,False,False
006208,2022-10-26 13:04:59.203817,0.0,-0.001777777777777767,0.0,-0.10000000000000142,56.15,56.2,56.2,56.25,181.0,20.0,2873.0,365.0,False,False
006208,2022-10-26 13:04:59.983167,0.0,-0.001777777777777767,0.0,-0.10000000000000142,56.15,56.2,56.2,56.25,181.0,20.0,2873.0,365.0,False,False
006208,2022-10-26 13:05:00.001482,0.0,-0.001777777777777767,0.0,-0.10000000000000142,56.15,56.2,56.2,56.25,181.0,20.0,2873.0,365.0,False,False
006208,2022-10-26 13:05:00.104690,0.0,-0.001777777777777767,0.0,-0.10000000000000142,56.15,56.2,56.2,56.25,181.0,20.0,2873.0,365.0,False,False
006208,2022-10-26 13:05:00.155796,0.0,-0.001777777777777767,0.0,-0.10000000000000142,56.15,56.2,56.2,56.25,181.0,20.0,2873.0,365.0,False,False
006208,2022-10-26 13:05:03.485890,0.0,-0.001777777777777767,0.0,-0.10000000000000142,56.15,56.2,56.2,56.25,181.0,20.0,2873.0,365.0,False,False
006208,2022-10-26 13:05:03.485983,0.0,-0.001777777777777767,0.0,-0.10000000000000142,56.15,56.2,56.2,56.25,181.0,20.0,2873.0,365.0,False,False
006208,2022-10-26 13:05:03.504253,0.0,-0.001777777777777767,0.0,-0.10000000000000142,56.15,56.2,56.2,56.25,81.0,20.0,2873.0,365.0,False,False
006208,2022-10-26 13:05:03.652078,0.0,-0.001777777777777767,0.0,-0.10000000000000142,56.15,56.2,56.2,56.25,81.0,20.0,2873.0,365.0,False,False
006208,2022-10-26 13:05:04.499270,0.0,-0.001777777777777767,0.0,-0.10000000000000142,56.15,56.2,56.2,56.25,81.0,20.0,2873.0,365.0,False,False
006208,2022-10-26 13:05:05.038868,0.0,-0.001777777777777767,0.0,-0.10000000000000142,56.15,56.2,56.2,56.25,81.0,20.0,2873.0,365.0,False,False
006208,2022-10-26 13:05:05.039120,0.0,-0.001777777777777767,0.0,-0.10000000000000142,56.15,56.2,56.2,56.25,81.0,20.0,2873.0,365.0,False,False
006208,2022-10-26 13:05:05.121014,0.0,-0.001777777777777767,0.0,-0.10000000000000142,56.15,56.2,56.2,56.25,81.0,20.0,2873.0,365.0,False,False
006208,2022-10-26 13:05:06.186471,0.0,-0.001777777777777767,0.0,-0.10000000000000142,56.15,56.2,56.2,56.25,81.0,20.0,2873.0,365.0,False,False
006208,2022-10-26 13:05:06.198356,0.0,-0.001777777777777767,0.0,-0.10000000000000142,56.15,56.2,56.2,56.25,81.0,20.0,2873.0,365.0,False,False
006208,2022-10-26 13:05:06.665354,0.0,-0.001777777777777767,0.0,-0.10000000000000142,56.15,56.2,56.2,56.25,81.0,20.0,2873.0,365.0,False,False
006208,2022-10-26 13:05:06.665782,0.0,-0.001777777777777767,0.0,-0.10000000000000142,56.15,56.2,56.2,56.25,81.0,20.0,2873.0,365.0,False,False
006208,2022-10-26 13:05:06.725564,0.0,-0.001777777777777767,0.0,-0.10000000000000142,56.15,56.2,56.2,56.25,81.0,20.0,2873.0,365.0,False,False
006208,2022-10-26 13:05:06.936266,0.0,-0.001777777777777767,0.0,-0.10000000000000142,56.15,56.2,56.2,56.25,6.0,20.0,2873.0,365.0,False,False
006208,2022-10-26 13:05:07.074741,0.0,-0.001777777777777767,0.0,-0.10000000000000142,56.15,56.2,56.2,56.25,6.0,20.0,2873.0,365.0,False,False
006208,2022-10-26 13:05:08.937950,0.0,-0.001777777777777767,0.0,-0.10000000000000142,56.15,56.2,56.2,56.25,6.0,20.0,2873.0,365.0,False,False
006208,2022-10-26 13:05:08.946348,0.0,-0.001777777777777767,0.0,-0.10000000000000142,56.15,56.2,56.2,56.25,6.0,20.0,2873.0,365.0,False,False
006208,2022-10-26 13:05:09.070638,0.0,-0.001777777777777767,0.0,-0.10000000000000142,56.15,56.2,56.2,56.25,6.0,20.0,2873.0,365.0,False,False
006208,2022-10-26 13:05:09.079203,0.0,-0.001777777777777767,0.0,-0.10000000000000142,56.15,56.2,56.2,56.25,6.0,20.0,2873.0,365.0,False,False
006208,2022-10-26 13:05:09.992578,0.0,-0.001777777777777767,0.0,-0.10000000000000142,56.15,56.2,56.2,56.25,6.0,20.0,2873.0,365.0,False,False
006208,2022-10-26 13:05:10.019562,0.0,-0.001777777777777767,0.0,-0.10000000000000142,56.15,56.2,56.2,56.25,6.0,20.0,2873.0,365.0,False,False
006208,2022-10-26 13:05:10.673350,0.0,-0.001777777777777767,0.0,-0.10000000000000142,56.15,56.2,56.2,56.25,6.0,20.0,2818.0,265.0,True,True
006208,2022-10-26 13:05:11.029055,0.0,-0.001777777777777767,0.0,-0.10000000000000142,56.15,56.2,56.2,56.25,6.0,20.0,2818.0,265.0,False,False
006208,2022-10-26 13:05:11.029183,0.0,-0.001777777777777767,0.0,-0.10000000000000142,56.15,56.2,56.2,56.25,6.0,20.0,2818.0,265.0,False,False
006208,2022-10-26 13:05:11.227636,0.0,-0.001777777777777767,0.0,-0.10000000000000142,56.15,56.2,56.2,56.25,6.0,20.0,2818.0,265.0,False,False
006208,2022-10-26 13:05:11.238301,0.0,-0.001777777777777767,0.0,-0.10000000000000142,56.15,56.2,56.2,56.25,6.0,20.0,2818.0,265.0,False,False
006208,2022-10-26 13:05:11.866727,0.0,-0.001777777777777767,0.0,-0.10000000000000142,56.15,56.2,56.2,56.25,6.0,20.0,2818.0,265.0,False,False
006208,2022-10-26 13:05:12.559411,0.0,-0.001777777777777767,0.0,-0.10000000000000142,56.15,56.2,56.2,56.25,6.0,20.0,2818.0,265.0,False,False
006208,2022-10-26 13:05:12.559484,0.0,-0.001777777777777767,0.0,-0.10000000000000142,56.15,56.2,56.2,56.25,6.0,20.0,2818.0,265.0,False,False
006208,2022-10-26 13:05:13.664753,0.0,-0.001777777777777767,0.0,-0.10000000000000142,56.15,56.2,56.2,56.25,7.0,20.0,2818.0,265.0,False,False
006208,2022-10-26 13:05:14.170925,0.0,-0.001777777777777767,0.0,-0.10000000000000142,56.15,56.2,56.2,56.25,7.0,20.0,2818.0,265.0,False,False
006208,2022-10-26 13:05:14.193259,0.0,-0.001777777777777767,0.0,-0.10000000000000142,56.15,56.2,56.2,56.25,7.0,20.0,2818.0,265.0,False,False
006208,2022-10-26 13:05:14.286675,0.0,-0.001777777777777767,0.0,-0.10000000000000142,56.15,56.2,56.2,56.25,7.0,100.0,2818.0,265.0,False,False
006208,2022-10-26 13:05:15.119996,0.0,-0.001777777777777767,0.0,-0.10000000000000142,56.15,56.2,56.2,56.25,7.0,100.0,2818.0,265.0,False,False
006208,2022-10-26 13:05:15.131361,0.0,-0.001777777777777767,0.0,-0.10000000000000142,56.15,56.2,56.2,56.25,7.0,150.0,2818.0,265.0,False,False
006208,2022-10-26 13:05:15.303872,0.0,-0.001777777777777767,0.0,-0.10000000000000142,56.15,56.2,56.2,56.25,7.0,250.0,2818.0,265.0,False,False
006208,2022-10-26 13:05:15.376752,0.0,-0.001777777777777767,0.0,-0.10000000000000142,56.15,56.2,56.2,56.25,7.0,250.0,2818.0,265.0,False,False
006208,2022-10-26 13:05:16.020343,0.0,-0.001777777777777767,0.0,-0.10000000000000142,56.15,56.2,56.2,56.25,7.0,250.0,2818.0,265.0,False,False
006208,2022-10-26 13:05:16.031066,0.0,-0.001777777777777767,0.0,-0.10000000000000142,56.15,56.2,56.2,56.25,7.0,200.0,2818.0,265.0,False,False
006208,2022-10-26 13:05:16.564039,0.0,-0.001777777777777767,0.0,-0.10000000000000142,56.15,56.2,56.2,56.25,7.0,200.0,2818.0,265.0,False,False
006208,2022-10-26 13:05:16.564185,0.0,-0.001777777777777767,0.0,-0.10000000000000142,56.15,56.2,56.2,56.25,7.0,200.0,2818.0,265.0,False,False
006208,2022-10-26 13:05:16.818275,0.0,-0.001777777777777767,0.0,-0.10000000000000142,56.15,56.2,56.2,56.25,7.0,200.0,2818.0,265.0,False,False
006208,2022-10-26 13:05:16.888145,0.0,-0.001777777777777767,0.0,-0.10000000000000142,56.15,56.2,56.2,56.25,7.0,200.0,2818.0,265.0,False,False
006208,2022-10-26 13:05:16.953054,0.0,-0.001777777777777767,0.0,-0.10000000000000142,56.15,56.2,56.2,56.25,7.0,200.0,2818.0,265.0,False,False
006208,2022-10-26 13:05:17.220992,0.0,-0.001777777777777767,0.0,-0.10000000000000142,56.15,56.2,56.2,56.25,7.0,200.0,2818.0,265.0,False,False
006208,2022-10-26 13:05:17.221190,0.0,-0.001777777777777767,0.0,-0.10000000000000142,56.15,56.2,56.2,56.25,7.0,200.0,2818.0,265.0,False,False
006208,2022-10-26 13:05:17.326002,0.0,-0.001777777777777767,0.0,-0.10000000000000142,56.15,56.2,56.2,56.25,7.0,200.0,2818.0,265.0,False,False
006208,2022-10-26 13:05:17.954573,0.0,-0.001777777777777767,0.0,-0.10000000000000142,56.15,56.2,56.2,56.25,7.0,250.0,2818.0,265.0,False,False
006208,2022-10-26 13:05:18.948962,0.0,-0.001777777777777767,0.0,-0.10000000000000142,56.15,56.2,56.2,56.25,7.0,250.0,2818.0,265.0,False,False
006208,2022-10-26 13:05:19.022786,0.0,-0.001777777777777767,0.0,-0.10000000000000142,56.15,56.2,56.2,56.25,7.0,300.0,2818.0,265.0,False,False
006208,2022-10-26 13:05:19.227316,0.0,-0.001777777777777767,0.0,-0.10000000000000142,56.15,56.2,56.2,56.25,7.0,300.0,2818.0,265.0,False,False
006208,2022-10-26 13:05:19.227682,0.0,-0.001777777777777767,0.0,-0.10000000000000142,56.15,56.2,56.2,56.25,7.0,300.0,2818.0,265.0,False,False
006208,2022-10-26 13:05:19.630539,0.0,-0.001777777777777767,0.0,-0.10000000000000142,56.15,56.2,56.2,56.25,7.0,300.0,2818.0,265.0,False,False
006208,2022-10-26 13:05:19.710820,0.0,-0.001777777777777767,0.0,-0.10000000000000142,56.15,56.2,56.2,56.25,7.0,300.0,2818.0,265.0,False,False
006208,2022-10-26 13:05:19.998670,0.0,-0.001777777777777767,0.0,-0.10000000000000142,56.15,56.2,56.2,56.25,7.0,300.0,2818.0,265.0,False,False
006208,2022-10-26 13:05:20.019795,0.0,-0.001777777777777767,0.0,-0.10000000000000142,56.15,56.2,56.2,56.25,7.0,250.0,2818.0,265.0,False,False
006208,2022-10-26 13:05:20.144837,0.0,-0.001777777777777767,0.0,-0.10000000000000142,56.15,56.2,56.2,56.25,7.0,250.0,2818.0,265.0,False,False
006208,2022-10-26 13:05:20.179507,0.0,-0.001777777777777767,0.0,-0.10000000000000142,56.15,56.2,56.2,56.25,7.0,250.0,2818.0,265.0,False,False
006208,2022-10-26 13:05:20.687442,0.0,-0.001777777777777767,0.0,-0.10000000000000142,56.15,56.2,56.2,56.25,7.0,250.0,2818.0,265.0,True,True
006208,2022-10-26 13:05:21.633818,0.0008904719501336977,-0.002666666666666595,0.05000000000000426,-0.14999999999999858,56.1,56.15,56.2,56.25,202.0,3.0,2818.0,265.0,False,False
006208,2022-10-26 13:05:21.671061,0.0008904719501336977,-0.002666666666666595,0.05000000000000426,-0.14999999999999858,56.1,56.15,56.2,56.25,202.0,3.0,2818.0,265.0,False,False
006208,2022-10-26 13:05:21.750699,0.0008904719501336977,-0.002666666666666595,0.05000000000000426,-0.14999999999999858,56.1,56.15,56.2,56.25,202.0,3.0,2818.0,265.0,False,False
006208,2022-10-26 13:05:21.838793,0.0008904719501336977,-0.002666666666666595,0.05000000000000426,-0.14999999999999858,56.1,56.15,56.2,56.25,162.0,3.0,2818.0,265.0,False,False
006208,2022-10-26 13:05:21.968249,0.0008904719501336977,-0.002666666666666595,0.05000000000000426,-0.14999999999999858,56.1,56.15,56.2,56.25,162.0,3.0,2818.0,265.0,False,False
006208,2022-10-26 13:05:23.271081,0.0008904719501336977,-0.002666666666666595,0.05000000000000426,-0.14999999999999858,56.1,56.15,56.2,56.25,162.0,3.0,2818.0,265.0,False,False
006208,2022-10-26 13:05:23.292402,0.0008904719501336977,-0.002666666666666595,0.05000000000000426,-0.14999999999999858,56.1,56.15,56.2,56.25,162.0,3.0,2818.0,265.0,False,False
006208,2022-10-26 13:05:23.393606,0.0008904719501336977,-0.002666666666666595,0.05000000000000426,-0.14999999999999858,56.1,56.15,56.2,56.25,128.0,3.0,2818.0,265.0,False,False
006208,2022-10-26 13:05:23.436360,0.0008904719501336977,-0.002666666666666595,0.05000000000000426,-0.14999999999999858,56.1,56.15,56.2,56.25,128.0,3.0,2818.0,265.0,False,False
006208,2022-10-26 13:05:25.015792,0.0008904719501336977,-0.002666666666666595,0.05000000000000426,-0.14999999999999858,56.1,56.15,56.2,56.25,128.0,3.0,2818.0,265.0,False,False
006208,2022-10-26 13:05:25.023653,0.0008904719501336977,-0.002666666666666595,0.05000000000000426,-0.14999999999999858,56.1,56.15,56.2,56.25,128.0,3.0,2818.0,265.0,False,False
006208,2022-10-26 13:05:25.044158,0.0008904719501336977,-0.002666666666666595,0.05000000000000426,-0.14999999999999858,56.1,56.15,56.2,56.25,128.0,3.0,2818.0,265.0,False,False
006208,2022-10-26 13:05:30.044257,0.0008904719501336977,-0.002666666666666595,0.05000000000000426,-0.14999999999999858,56.1,56.15,56.2,56.25,128.0,3.0,2818.0,265.0,False,False
006208,2022-10-26 13:05:30.055088,0.0008904719501336977,-0.002666666666666595,0.05000000000000426,-0.14999999999999858,56.1,56.15,56.2,56.25,78.0,3.0,2818.0,265.0,False,False
006208,2022-10-26 13:05:30.705048,0.0008904719501336977,-0.002666666666666595,0.05000000000000426,-0.14999999999999858,56.1,56.15,56.2,56.25,78.0,3.0,2978.0,265.0,True,True
006208,2022-10-26 13:05:31.655240,0.0008904719501336977,-0.002666666666666595,0.05000000000000426,-0.14999999999999858,56.1,56.15,56.2,56.25,78.0,3.0,2978.0,265.0,False,False
006208,2022-10-26 13:05:31.962707,0.0008904719501336977,-0.002666666666666595,0.05000000000000426,-0.14999999999999858,56.1,56.15,56.2,56.25,78.0,3.0,2978.0,265.0,False,False
006208,2022-10-26 13:05:31.969393,0.0008904719501336977,-0.002666666666666595,0.05000000000000426,-0.14999999999999858,56.1,56.15,56.2,56.25,78.0,3.0,2978.0,265.0,False,False
006208,2022-10-26 13:05:32.107841,0.0008904719501336977,-0.002666666666666595,0.05000000000000426,-0.14999999999999858,56.1,56.15,56.2,56.25,78.0,3.0,2978.0,265.0,False,False
006208,2022-10-26 13:05:36.013214,0.0008904719501336977,-0.002666666666666595,0.05000000000000426,-0.14999999999999858,56.1,56.15,56.2,56.25,78.0,2.0,2978.0,265.0,False,False
006208,2022-10-26 13:05:39.088310,0.0008904719501336977,-0.002666666666666595,0.05000000000000426,-0.14999999999999858,56.1,56.15,56.2,56.25,78.0,2.0,2978.0,265.0,False,False
006208,2022-10-26 13:05:39.088455,0.0008904719501336977,-0.002666666666666595,0.05000000000000426,-0.14999999999999858,56.1,56.15,56.2,56.25,78.0,2.0,2978.0,265.0,False,False
006208,2022-10-26 13:05:39.965686,0.0008904719501336977,-0.002666666666666595,0.05000000000000426,-0.14999999999999858,56.1,56.15,56.2,56.25,78.0,2.0,2978.0,265.0,False,False
006208,2022-10-26 13:05:39.965717,0.0008904719501336977,-0.002666666666666595,0.05000000000000426,-0.14999999999999858,56.1,56.15,56.2,56.25,78.0,2.0,2978.0,265.0,False,False
006208,2022-10-26 13:05:42.073210,0.0008904719501336977,-0.002666666666666595,0.05000000000000426,-0.14999999999999858,56.1,56.15,56.2,56.25,78.0,2.0,2978.0,265.0,False,False
006208,2022-10-26 13:05:42.074677,0.0008904719501336977,-0.002666666666666595,0.05000000000000426,-0.14999999999999858,56.1,56.15,56.2,56.25,78.0,2.0,2978.0,265.0,False,False
006208,2022-10-26 13:05:42.210717,0.0008904719501336977,-0.002666666666666595,0.05000000000000426,-0.14999999999999858,56.1,56.15,56.2,56.25,78.0,2.0,2978.0,265.0,False,False
006208,2022-10-26 13:05:46.582007,0.0008904719501336977,-0.002666666666666595,0.05000000000000426,-0.14999999999999858,56.1,56.15,56.2,56.25,78.0,2.0,2978.0,265.0,False,False
006208,2022-10-26 13:05:46.582087,0.0008904719501336977,-0.002666666666666595,0.05000000000000426,-0.14999999999999858,56.1,56.15,56.2,56.25,78.0,2.0,2978.0,265.0,False,False
006208,2022-10-26 13:05:46.952880,0.0008904719501336977,-0.002666666666666595,0.05000000000000426,-0.14999999999999858,56.1,56.15,56.2,56.25,78.0,2.0,2978.0,265.0,False,False
006208,2022-10-26 13:05:46.963520,0.0008904719501336977,-0.002666666666666595,0.05000000000000426,-0.14999999999999858,56.1,56.15,56.2,56.25,78.0,2.0,2978.0,265.0,False,False
006208,2022-10-26 13:05:47.952897,0.0008904719501336977,-0.002666666666666595,0.05000000000000426,-0.14999999999999858,56.1,56.15,56.2,56.25,78.0,2.0,2978.0,265.0,False,False
006208,2022-10-26 13:05:47.953132,0.0008904719501336977,-0.002666666666666595,0.05000000000000426,-0.14999999999999858,56.1,56.15,56.2,56.25,78.0,2.0,2978.0,265.0,False,False
006208,2022-10-26 13:05:48.247338,0.0008904719501336977,-0.002666666666666595,0.05000000000000426,-0.14999999999999858,56.1,56.15,56.2,56.25,78.0,2.0,2978.0,265.0,False,False
006208,2022-10-26 13:05:48.247545,0.0008904719501336977,-0.002666666666666595,0.05000000000000426,-0.14999999999999858,56.1,56.15,56.2,56.25,78.0,2.0,2978.0,265.0,False,False
006208,2022-10-26 13:05:48.886984,0.0008904719501336977,-0.002666666666666595,0.05000000000000426,-0.14999999999999858,56.1,56.15,56.2,56.25,78.0,2.0,2978.0,265.0,False,False
006208,2022-10-26 13:05:48.887071,0.0008904719501336977,-0.002666666666666595,0.05000000000000426,-0.14999999999999858,56.1,56.15,56.2,56.25,78.0,2.0,2978.0,265.0,False,False
006208,2022-10-26 13:05:49.248898,0.0008904719501336977,-0.002666666666666595,0.05000000000000426,-0.14999999999999858,56.1,56.15,56.2,56.25,78.0,2.0,2978.0,265.0,False,False
006208,2022-10-26 13:05:49.248914,0.0008904719501336977,-0.002666666666666595,0.05000000000000426,-0.14999999999999858,56.1,56.15,56.2,56.25,78.0,2.0,2978.0,265.0,False,False
006208,2022-10-26 13:05:49.947743,0.0008904719501336977,-0.002666666666666595,0.05000000000000426,-0.14999999999999858,56.1,56.15,56.2,56.25,78.0,2.0,2978.0,265.0,False,False
006208,2022-10-26 13:05:49.965590,0.0008904719501336977,-0.002666666666666595,0.05000000000000426,-0.14999999999999858,56.1,56.15,56.2,56.25,78.0,2.0,2978.0,265.0,False,False
006208,2022-10-26 13:05:50.215994,0.0008904719501336977,-0.002666666666666595,0.05000000000000426,-0.14999999999999858,56.1,56.15,56.2,56.25,78.0,2.0,2978.0,265.0,False,False
006208,2022-10-26 13:05:50.216142,0.0008904719501336977,-0.002666666666666595,0.05000000000000426,-0.14999999999999858,56.1,56.15,56.2,56.25,78.0,2.0,2978.0,265.0,False,False
006208,2022-10-26 13:05:50.761239,0.0008904719501336977,-0.002666666666666595,0.05000000000000426,-0.14999999999999858,56.1,56.15,56.2,56.25,78.0,2.0,2978.0,265.0,True,True
006208,2022-10-26 13:05:50.854729,0.0008904719501336977,-0.002666666666666595,0.05000000000000426,-0.14999999999999858,56.1,56.15,56.2,56.25,78.0,2.0,2978.0,265.0,False,False
006208,2022-10-26 13:05:50.871250,0.0008904719501336977,-0.002666666666666595,0.05000000000000426,-0.14999999999999858,56.1,56.15,56.2,56.25,78.0,2.0,2978.0,265.0,False,False
006208,2022-10-26 13:05:50.905550,0.0008904719501336977,-0.002666666666666595,0.05000000000000426,-0.14999999999999858,56.1,56.15,56.2,56.25,78.0,2.0,2978.0,265.0,False,False
006208,2022-10-26 13:05:51.595191,0.0008904719501336977,-0.002666666666666595,0.05000000000000426,-0.14999999999999858,56.1,56.15,56.2,56.25,78.0,2.0,2978.0,265.0,False,False
006208,2022-10-26 13:05:51.595218,0.0008904719501336977,-0.002666666666666595,0.05000000000000426,-0.14999999999999858,56.1,56.15,56.2,56.25,78.0,2.0,2978.0,265.0,False,False
006208,2022-10-26 13:05:51.762206,0.0008904719501336977,-0.002666666666666595,0.05000000000000426,-0.14999999999999858,56.1,56.15,56.2,56.25,78.0,2.0,2978.0,265.0,False,False
006208,2022-10-26 13:05:51.850683,0.0008904719501336977,-0.002666666666666595,0.05000000000000426,-0.14999999999999858,56.1,56.15,56.2,56.25,78.0,2.0,2978.0,265.0,False,False
006208,2022-10-26 13:05:52.185879,0.0008904719501336977,-0.002666666666666595,0.05000000000000426,-0.14999999999999858,56.1,56.15,56.2,56.25,78.0,2.0,2978.0,265.0,False,False
006208,2022-10-26 13:05:52.189740,0.0008904719501336977,-0.002666666666666595,0.05000000000000426,-0.14999999999999858,56.1,56.15,56.2,56.25,78.0,2.0,2978.0,265.0,False,False
006208,2022-10-26 13:05:52.320923,0.0008904719501336977,-0.002666666666666595,0.05000000000000426,-0.14999999999999858,56.1,56.15,56.2,56.25,78.0,2.0,2978.0,265.0,False,False
006208,2022-10-26 13:05:54.946763,0.0008904719501336977,-0.002666666666666595,0.05000000000000426,-0.14999999999999858,56.1,56.15,56.2,56.25,78.0,2.0,2978.0,265.0,False,False
006208,2022-10-26 13:05:54.959195,0.0008904719501336977,-0.002666666666666595,0.05000000000000426,-0.14999999999999858,56.1,56.15,56.2,56.25,78.0,2.0,2978.0,265.0,False,False
006208,2022-10-26 13:05:56.228748,0.0008904719501336977,-0.002666666666666595,0.05000000000000426,-0.14999999999999858,56.1,56.15,56.2,56.25,78.0,2.0,2978.0,265.0,False,False
006208,2022-10-26 13:05:57.798060,0.0008904719501336977,-0.002666666666666595,0.05000000000000426,-0.14999999999999858,56.1,56.15,56.2,56.25,3.0,2.0,2978.0,265.0,False,False
006208,2022-10-26 13:05:57.798398,0.0008904719501336977,-0.002666666666666595,0.05000000000000426,-0.14999999999999858,56.1,56.15,56.2,56.25,3.0,2.0,2978.0,265.0,False,False
006208,2022-10-26 13:06:00.118961,0.0008904719501336977,-0.002666666666666595,0.05000000000000426,-0.14999999999999858,56.1,56.15,56.2,56.25,3.0,2.0,2978.0,265.0,False,False
006208,2022-10-26 13:06:00.130036,0.0008904719501336977,-0.002666666666666595,0.05000000000000426,-0.14999999999999858,56.1,56.15,56.2,56.25,3.0,2.0,2978.0,265.0,False,False
006208,2022-10-26 13:06:00.805996,0.0008904719501336977,-0.002666666666666595,0.05000000000000426,-0.14999999999999858,56.1,56.15,56.2,56.25,3.0,2.0,2978.0,265.0,True,True
006208,2022-10-26 13:06:00.814953,0.0008904719501336977,-0.002666666666666595,0.05000000000000426,-0.14999999999999858,56.1,56.15,56.2,56.25,3.0,2.0,2978.0,265.0,False,False
006208,2022-10-26 13:06:00.815118,0.0008904719501336977,-0.002666666666666595,0.05000000000000426,-0.14999999999999858,56.1,56.15,56.2,56.25,3.0,2.0,2978.0,265.0,False,False
006208,2022-10-26 13:06:02.302701,0.0008904719501336977,-0.002666666666666595,0.05000000000000426,-0.14999999999999858,56.1,56.15,56.2,56.25,3.0,2.0,2978.0,265.0,False,False
006208,2022-10-26 13:06:02.306685,0.0008904719501336977,-0.002666666666666595,0.05000000000000426,-0.14999999999999858,56.1,56.15,56.2,56.25,3.0,2.0,2978.0,265.0,False,False
006208,2022-10-26 13:06:02.438280,0.0008904719501336977,-0.002666666666666595,0.05000000000000426,-0.14999999999999858,56.1,56.15,56.2,56.25,3.0,2.0,2978.0,265.0,False,False
006208,2022-10-26 13:06:04.869167,0.0008904719501336977,-0.002666666666666595,0.05000000000000426,-0.14999999999999858,56.1,56.15,56.2,56.25,3.0,10.0,2978.0,265.0,False,False
006208,2022-10-26 13:06:04.966440,0.0008904719501336977,-0.002666666666666595,0.05000000000000426,-0.14999999999999858,56.1,56.15,56.2,56.25,3.0,10.0,2978.0,265.0,False,False
006208,2022-10-26 13:06:05.565004,0.0008904719501336977,-0.002666666666666595,0.05000000000000426,-0.14999999999999858,56.1,56.15,56.2,56.25,3.0,10.0,2978.0,265.0,False,False
006208,2022-10-26 13:06:05.570556,0.0008904719501336977,-0.002666666666666595,0.05000000000000426,-0.14999999999999858,56.1,56.15,56.2,56.25,78.0,10.0,2978.0,265.0,False,False
006208,2022-10-26 13:06:06.009422,0.0008904719501336977,-0.002666666666666595,0.05000000000000426,-0.14999999999999858,56.1,56.15,56.2,56.25,78.0,10.0,2978.0,265.0,False,False
006208,2022-10-26 13:06:06.017683,0.0008904719501336977,-0.002666666666666595,0.05000000000000426,-0.14999999999999858,56.1,56.15,56.2,56.25,78.0,10.0,2978.0,265.0,False,False
006208,2022-10-26 13:06:06.705594,0.0008904719501336977,-0.002666666666666595,0.05000000000000426,-0.14999999999999858,56.1,56.15,56.2,56.25,78.0,10.0,2978.0,265.0,False,False
006208,2022-10-26 13:06:06.705805,0.0008904719501336977,-0.002666666666666595,0.05000000000000426,-0.14999999999999858,56.1,56.15,56.2,56.25,78.0,10.0,2978.0,265.0,False,False
006208,2022-10-26 13:06:07.514925,0.0008904719501336977,-0.002666666666666595,0.05000000000000426,-0.14999999999999858,56.1,56.15,56.2,56.25,78.0,10.0,2978.0,265.0,False,False
006208,2022-10-26 13:06:07.515054,0.0008904719501336977,-0.002666666666666595,0.05000000000000426,-0.14999999999999858,56.1,56.15,56.2,56.25,78.0,10.0,2978.0,265.0,False,False
006208,2022-10-26 13:06:09.912207,0.0008904719501336977,-0.002666666666666595,0.05000000000000426,-0.14999999999999858,56.1,56.15,56.2,56.25,78.0,10.0,2978.0,265.0,False,False
006208,2022-10-26 13:06:09.960661,0.0008904719501336977,-0.002666666666666595,0.05000000000000426,-0.14999999999999858,56.1,56.15,56.2,56.25,78.0,10.0,2978.0,265.0,False,False
006208,2022-10-26 13:06:11.000561,0.0008904719501336977,-0.002666666666666595,0.05000000000000426,-0.14999999999999858,56.1,56.15,56.2,56.25,78.0,10.0,2978.0,265.0,False,False
006208,2022-10-26 13:06:11.000643,0.0008904719501336977,-0.002666666666666595,0.05000000000000426,-0.14999999999999858,56.1,56.15,56.2,56.25,78.0,10.0,2978.0,265.0,False,False
006208,2022-10-26 13:06:12.422191,0.0008904719501336977,-0.002666666666666595,0.05000000000000426,-0.14999999999999858,56.1,56.15,56.2,56.25,78.0,10.0,2978.0,265.0,False,False
006208,2022-10-26 13:06:12.425478,0.0008904719501336977,-0.002666666666666595,0.05000000000000426,-0.14999999999999858,56.1,56.15,56.2,56.25,78.0,10.0,2978.0,265.0,False,False
006208,2022-10-26 13:06:12.554939,0.0008904719501336977,-0.002666666666666595,0.05000000000000426,-0.14999999999999858,56.1,56.15,56.2,56.25,78.0,10.0,2978.0,265.0,False,False
006208,2022-10-26 13:06:17.694186,0.0008904719501336977,-0.002666666666666595,0.05000000000000426,-0.14999999999999858,56.1,56.15,56.2,56.25,78.0,10.0,2978.0,265.0,False,False
006208,2022-10-26 13:06:17.704211,0.0008904719501336977,-0.002666666666666595,0.05000000000000426,-0.14999999999999858,56.1,56.15,56.2,56.25,78.0,10.0,2978.0,265.0,False,False
006208,2022-10-26 13:06:18.849230,0.0008904719501336977,-0.002666666666666595,0.05000000000000426,-0.14999999999999858,56.1,56.15,56.2,56.25,78.0,10.0,2978.0,265.0,False,False
006208,2022-10-26 13:06:18.849390,0.0008904719501336977,-0.002666666666666595,0.05000000000000426,-0.14999999999999858,56.1,56.15,56.2,56.25,78.0,10.0,2978.0,265.0,False,False
006208,2022-10-26 13:06:19.938901,0.0008904719501336977,-0.002666666666666595,0.05000000000000426,-0.14999999999999858,56.1,56.15,56.2,56.25,78.0,10.0,2978.0,265.0,False,False
006208,2022-10-26 13:06:19.964130,0.0008904719501336977,-0.002666666666666595,0.05000000000000426,-0.14999999999999858,56.1,56.15,56.2,56.25,78.0,10.0,2978.0,265.0,False,False
006208,2022-10-26 13:06:20.897675,0.0008904719501336977,-0.002666666666666595,0.05000000000000426,-0.14999999999999858,56.1,56.15,56.2,56.25,78.0,10.0,2978.0,265.0,False,False
006208,2022-10-26 13:06:20.897890,0.0008904719501336977,-0.002666666666666595,0.05000000000000426,-0.14999999999999858,56.1,56.15,56.2,56.25,78.0,10.0,2978.0,265.0,False,False
006208,2022-10-26 13:06:22.536571,0.0008904719501336977,-0.002666666666666595,0.05000000000000426,-0.14999999999999858,56.1,56.15,56.2,56.25,78.0,10.0,2978.0,265.0,False,False
006208,2022-10-26 13:06:22.542875,0.0008904719501336977,-0.002666666666666595,0.05000000000000426,-0.14999999999999858,56.1,56.15,56.2,56.25,78.0,10.0,2978.0,265.0,False,False
006208,2022-10-26 13:06:22.672564,0.0008904719501336977,-0.002666666666666595,0.05000000000000426,-0.14999999999999858,56.1,56.15,56.2,56.25,78.0,10.0,2978.0,265.0,False,False
006208,2022-10-26 13:06:25.030476,0.0008904719501336977,-0.002666666666666595,0.05000000000000426,-0.14999999999999858,56.1,56.15,56.2,56.25,78.0,10.0,2978.0,265.0,False,False
006208,2022-10-26 13:06:26.925103,0.0008904719501336977,-0.002666666666666595,0.05000000000000426,-0.14999999999999858,56.1,56.15,56.2,56.25,78.0,10.0,2978.0,265.0,False,False
006208,2022-10-26 13:06:26.935552,0.0008904719501336977,-0.002666666666666595,0.05000000000000426,-0.14999999999999858,56.1,56.15,56.2,56.25,78.0,10.0,2978.0,265.0,False,False
006208,2022-10-26 13:06:28.103924,0.0008904719501336977,-0.002666666666666595,0.05000000000000426,-0.14999999999999858,56.1,56.15,56.2,56.25,78.0,10.0,2978.0,265.0,False,False
006208,2022-10-26 13:06:28.104066,0.0008904719501336977,-0.002666666666666595,0.05000000000000426,-0.14999999999999858,56.1,56.15,56.2,56.25,78.0,10.0,2978.0,265.0,False,False
006208,2022-10-26 13:06:28.132297,0.0008904719501336977,-0.002666666666666595,0.05000000000000426,-0.14999999999999858,56.1,56.15,56.2,56.25,78.0,9.0,2978.0,265.0,False,False
006208,2022-10-26 13:06:28.645471,0.0008904719501336977,-0.002666666666666595,0.05000000000000426,-0.14999999999999858,56.1,56.15,56.2,56.25,78.0,9.0,2978.0,265.0,False,False
006208,2022-10-26 13:06:29.934975,0.0008904719501336977,-0.002666666666666595,0.05000000000000426,-0.14999999999999858,56.1,56.15,56.2,56.25,78.0,9.0,2978.0,265.0,False,False
006208,2022-10-26 13:06:29.942674,0.0008904719501336977,-0.002666666666666595,0.05000000000000426,-0.14999999999999858,56.1,56.15,56.2,56.25,78.0,9.0,2978.0,265.0,False,False
006208,2022-10-26 13:06:30.800043,0.0008904719501336977,-0.002666666666666595,0.05000000000000426,-0.14999999999999858,56.1,56.15,56.2,56.25,78.0,9.0,2978.0,265.0,False,False
006208,2022-10-26 13:06:30.800118,0.0008904719501336977,-0.002666666666666595,0.05000000000000426,-0.14999999999999858,56.1,56.15,56.2,56.25,78.0,9.0,2978.0,265.0,False,False
006208,2022-10-26 13:06:30.897897,0.0008904719501336977,-0.002666666666666595,0.05000000000000426,-0.14999999999999858,56.1,56.15,56.2,56.25,78.0,9.0,2983.0,265.0,True,True
006208,2022-10-26 13:06:31.741277,0.0008904719501336977,-0.002666666666666595,0.05000000000000426,-0.14999999999999858,56.1,56.15,56.2,56.25,3.0,9.0,2983.0,265.0,False,False
006208,2022-10-26 13:06:31.742256,0.0008904719501336977,-0.002666666666666595,0.05000000000000426,-0.14999999999999858,56.1,56.15,56.2,56.25,3.0,9.0,2983.0,265.0,False,False
006208,2022-10-26 13:06:32.658250,0.0008904719501336977,-0.002666666666666595,0.05000000000000426,-0.14999999999999858,56.1,56.15,56.2,56.25,3.0,9.0,2983.0,265.0,False,False
006208,2022-10-26 13:06:32.662660,0.0008904719501336977,-0.002666666666666595,0.05000000000000426,-0.14999999999999858,56.1,56.15,56.2,56.25,3.0,9.0,2983.0,265.0,False,False
006208,2022-10-26 13:06:32.791624,0.0008904719501336977,-0.002666666666666595,0.05000000000000426,-0.14999999999999858,56.1,56.15,56.2,56.25,3.0,9.0,2983.0,265.0,False,False
006208,2022-10-26 13:06:32.918651,0.0008904719501336977,-0.002666666666666595,0.05000000000000426,-0.14999999999999858,56.1,56.15,56.2,56.25,3.0,9.0,2983.0,265.0,False,False
006208,2022-10-26 13:06:33.870788,0.0008904719501336977,-0.002666666666666595,0.05000000000000426,-0.14999999999999858,56.1,56.15,56.2,56.25,3.0,9.0,2983.0,265.0,False,False
006208,2022-10-26 13:06:33.871088,0.0008904719501336977,-0.002666666666666595,0.05000000000000426,-0.14999999999999858,56.1,56.15,56.2,56.25,3.0,9.0,2983.0,265.0,False,False
006208,2022-10-26 13:06:34.926884,0.0008904719501336977,-0.002666666666666595,0.05000000000000426,-0.14999999999999858,56.1,56.15,56.2,56.25,3.0,9.0,2983.0,265.0,False,False
006208,2022-10-26 13:06:34.952261,0.0008904719501336977,-0.002666666666666595,0.05000000000000426,-0.14999999999999858,56.1,56.15,56.2,56.25,3.0,9.0,2983.0,265.0,False,False
006208,2022-10-26 13:06:35.717876,0.0008904719501336977,-0.002666666666666595,0.05000000000000426,-0.14999999999999858,56.1,56.15,56.2,56.25,3.0,9.0,2983.0,265.0,False,False
006208,2022-10-26 13:06:35.819749,0.0008904719501336977,-0.002666666666666595,0.05000000000000426,-0.14999999999999858,56.1,56.15,56.2,56.25,3.0,9.0,2983.0,265.0,False,False
006208,2022-10-26 13:06:35.819881,0.0008904719501336977,-0.002666666666666595,0.05000000000000426,-0.14999999999999858,56.1,56.15,56.2,56.25,3.0,9.0,2983.0,265.0,False,False
006208,2022-10-26 13:06:37.850112,0.0008904719501336977,-0.002666666666666595,0.05000000000000426,-0.14999999999999858,56.1,56.15,56.2,56.25,3.0,9.0,2983.0,265.0,False,False
006208,2022-10-26 13:06:37.850271,0.0008904719501336977,-0.002666666666666595,0.05000000000000426,-0.14999999999999858,56.1,56.15,56.2,56.25,78.0,9.0,2983.0,265.0,False,False
006208,2022-10-26 13:06:37.907256,0.0008904719501336977,-0.002666666666666595,0.05000000000000426,-0.14999999999999858,56.1,56.15,56.2,56.25,88.0,9.0,2983.0,265.0,False,False
006208,2022-10-26 13:06:38.192257,0.0008904719501336977,-0.002666666666666595,0.05000000000000426,-0.14999999999999858,56.1,56.15,56.2,56.25,88.0,11.0,2983.0,265.0,False,False
006208,2022-10-26 13:06:40.969385,0.0008904719501336977,-0.002666666666666595,0.05000000000000426,-0.14999999999999858,56.1,56.15,56.2,56.25,88.0,11.0,2983.0,39.0,True,True
006208,2022-10-26 13:06:42.772650,0.0008904719501336977,-0.002666666666666595,0.05000000000000426,-0.14999999999999858,56.1,56.15,56.2,56.25,88.0,11.0,2983.0,39.0,False,False
006208,2022-10-26 13:06:42.782769,0.0008904719501336977,-0.002666666666666595,0.05000000000000426,-0.14999999999999858,56.1,56.15,56.2,56.25,88.0,11.0,2983.0,39.0,False,False
006208,2022-10-26 13:06:42.916981,0.0008904719501336977,-0.002666666666666595,0.05000000000000426,-0.14999999999999858,56.1,56.15,56.2,56.25,88.0,11.0,2983.0,39.0,False,False
006208,2022-10-26 13:06:43.008733,0.0008904719501336977,-0.002666666666666595,0.05000000000000426,-0.14999999999999858,56.1,56.15,56.2,56.25,88.0,11.0,2983.0,39.0,False,False
006208,2022-10-26 13:06:44.056045,0.0008904719501336977,-0.002666666666666595,0.05000000000000426,-0.14999999999999858,56.1,56.15,56.2,56.25,88.0,11.0,2983.0,39.0,False,False
006208,2022-10-26 13:06:44.056224,0.0008904719501336977,-0.002666666666666595,0.05000000000000426,-0.14999999999999858,56.1,56.15,56.2,56.25,88.0,11.0,2983.0,39.0,False,False
006208,2022-10-26 13:06:44.911978,0.0008904719501336977,-0.002666666666666595,0.05000000000000426,-0.14999999999999858,56.1,56.15,56.2,56.25,88.0,11.0,2983.0,39.0,False,False
006208,2022-10-26 13:06:44.924316,0.0008904719501336977,-0.002666666666666595,0.05000000000000426,-0.14999999999999858,56.1,56.15,56.2,56.25,88.0,11.0,2983.0,39.0,False,False
006208,2022-10-26 13:06:45.042893,0.0008904719501336977,-0.002666666666666595,0.05000000000000426,-0.14999999999999858,56.1,56.15,56.2,56.25,13.0,11.0,2983.0,39.0,False,False
006208,2022-10-26 13:06:45.465441,0.0008904719501336977,-0.002666666666666595,0.05000000000000426,-0.14999999999999858,56.1,56.15,56.2,56.25,13.0,11.0,2983.0,39.0,False,False
006208,2022-10-26 13:06:45.465705,0.0008904719501336977,-0.002666666666666595,0.05000000000000426,-0.14999999999999858,56.1,56.15,56.2,56.25,13.0,11.0,2983.0,39.0,False,False
006208,2022-10-26 13:06:47.425434,0.0008904719501336977,-0.002666666666666595,0.05000000000000426,-0.14999999999999858,56.1,56.15,56.2,56.25,13.0,11.0,2983.0,39.0,False,False
006208,2022-10-26 13:06:47.425537,0.0008904719501336977,-0.002666666666666595,0.05000000000000426,-0.14999999999999858,56.1,56.15,56.2,56.25,13.0,11.0,2983.0,39.0,False,False
006208,2022-10-26 13:06:47.763112,0.0008904719501336977,-0.002666666666666595,0.05000000000000426,-0.14999999999999858,56.1,56.15,56.2,56.25,15.0,11.0,2983.0,39.0,False,False
006208,2022-10-26 13:06:48.553392,0.0008904719501336977,-0.002666666666666595,0.05000000000000426,-0.14999999999999858,56.1,56.15,56.2,56.25,15.0,11.0,2983.0,39.0,False,False
006208,2022-10-26 13:06:49.389590,0.0008904719501336977,-0.002666666666666595,0.05000000000000426,-0.14999999999999858,56.1,56.15,56.2,56.25,15.0,11.0,2983.0,39.0,False,False
006208,2022-10-26 13:06:49.389727,0.0008904719501336977,-0.002666666666666595,0.05000000000000426,-0.14999999999999858,56.1,56.15,56.2,56.25,15.0,11.0,2983.0,39.0,False,False
006208,2022-10-26 13:06:49.605596,0.0008904719501336977,-0.002666666666666595,0.05000000000000426,-0.14999999999999858,56.1,56.15,56.2,56.25,15.0,11.0,2983.0,39.0,False,False
006208,2022-10-26 13:06:49.605779,0.0008904719501336977,-0.002666666666666595,0.05000000000000426,-0.14999999999999858,56.1,56.15,56.2,56.25,15.0,11.0,2983.0,39.0,False,False
006208,2022-10-26 13:06:49.778030,0.0008904719501336977,-0.002666666666666595,0.05000000000000426,-0.14999999999999858,56.1,56.15,56.2,56.25,15.0,11.0,2983.0,39.0,False,False
006208,2022-10-26 13:06:49.884722,0.0008904719501336977,-0.002666666666666595,0.05000000000000426,-0.14999999999999858,56.1,56.15,56.2,56.25,15.0,11.0,2983.0,39.0,False,False
006208,2022-10-26 13:06:52.890439,0.0008904719501336977,-0.002666666666666595,0.05000000000000426,-0.14999999999999858,56.1,56.15,56.2,56.25,15.0,11.0,2983.0,39.0,False,False
006208,2022-10-26 13:06:52.895136,0.0008904719501336977,-0.002666666666666595,0.05000000000000426,-0.14999999999999858,56.1,56.15,56.2,56.25,15.0,11.0,2983.0,39.0,False,False
006208,2022-10-26 13:06:53.089505,0.0008904719501336977,-0.002666666666666595,0.05000000000000426,-0.14999999999999858,56.1,56.15,56.2,56.25,15.0,11.0,2983.0,39.0,False,False
006208,2022-10-26 13:06:53.181550,0.0008904719501336977,-0.002666666666666595,0.05000000000000426,-0.14999999999999858,56.1,56.15,56.2,56.25,15.0,11.0,2983.0,39.0,False,False
006208,2022-10-26 13:06:53.321705,0.0008904719501336977,-0.002666666666666595,0.05000000000000426,-0.14999999999999858,56.1,56.15,56.2,56.25,15.0,11.0,2983.0,39.0,False,False
006208,2022-10-26 13:06:54.745915,0.0008904719501336977,-0.002666666666666595,0.05000000000000426,-0.14999999999999858,56.1,56.15,56.2,56.25,15.0,11.0,2983.0,39.0,False,False
006208,2022-10-26 13:06:54.757567,0.0008904719501336977,-0.002666666666666595,0.05000000000000426,-0.14999999999999858,56.1,56.15,56.2,56.25,15.0,11.0,2983.0,39.0,False,False
006208,2022-10-26 13:06:54.934813,0.0008904719501336977,-0.002666666666666595,0.05000000000000426,-0.14999999999999858,56.1,56.15,56.2,56.25,15.0,11.0,2983.0,39.0,False,False
006208,2022-10-26 13:06:57.050406,0.0008904719501336977,-0.002666666666666595,0.05000000000000426,-0.14999999999999858,56.1,56.15,56.2,56.25,15.0,11.0,2983.0,39.0,False,False
006208,2022-10-26 13:06:57.061092,0.0008904719501336977,-0.002666666666666595,0.05000000000000426,-0.14999999999999858,56.1,56.15,56.2,56.25,15.0,11.0,2983.0,39.0,False,False
006208,2022-10-26 13:06:57.116710,0.0008904719501336977,-0.002666666666666595,0.05000000000000426,-0.14999999999999858,56.1,56.15,56.2,56.25,15.0,12.0,2983.0,39.0,False,False
006208,2022-10-26 13:06:57.225808,0.0008904719501336977,-0.002666666666666595,0.05000000000000426,-0.14999999999999858,56.1,56.15,56.2,56.25,15.0,12.0,2983.0,39.0,False,False
006208,2022-10-26 13:06:59.916872,0.0008904719501336977,-0.002666666666666595,0.05000000000000426,-0.14999999999999858,56.1,56.15,56.2,56.25,15.0,12.0,2983.0,39.0,False,False
006208,2022-10-26 13:06:59.938852,0.0008904719501336977,-0.002666666666666595,0.05000000000000426,-0.14999999999999858,56.1,56.15,56.2,56.25,15.0,12.0,2983.0,39.0,False,False
006208,2022-10-26 13:07:01.054491,0.0008904719501336977,-0.002666666666666595,0.05000000000000426,-0.14999999999999858,56.1,56.15,56.2,56.25,15.0,12.0,2983.0,25.0,True,True
006208,2022-10-26 13:07:01.341600,0.0008904719501336977,-0.002666666666666595,0.05000000000000426,-0.14999999999999858,56.1,56.15,56.2,56.25,15.0,12.0,2983.0,25.0,False,False
006208,2022-10-26 13:07:03.009529,0.0008904719501336977,-0.002666666666666595,0.05000000000000426,-0.14999999999999858,56.1,56.15,56.2,56.25,15.0,12.0,2983.0,25.0,False,False
006208,2022-10-26 13:07:03.013933,0.0008904719501336977,-0.002666666666666595,0.05000000000000426,-0.14999999999999858,56.1,56.15,56.2,56.25,15.0,12.0,2983.0,25.0,False,False
006208,2022-10-26 13:07:03.144482,0.0008904719501336977,-0.002666666666666595,0.05000000000000426,-0.14999999999999858,56.1,56.15,56.2,56.25,15.0,12.0,2983.0,25.0,False,False
006208,2022-10-26 13:07:04.360601,0.0008904719501336977,-0.002666666666666595,0.05000000000000426,-0.14999999999999858,56.1,56.15,56.2,56.25,15.0,22.0,2983.0,25.0,False,False
006208,2022-10-26 13:07:05.958538,0.0008904719501336977,-0.002666666666666595,0.05000000000000426,-0.14999999999999858,56.1,56.15,56.2,56.25,15.0,22.0,2983.0,25.0,False,False
006208,2022-10-26 13:07:05.958606,0.0008904719501336977,-0.002666666666666595,0.05000000000000426,-0.14999999999999858,56.1,56.15,56.2,56.25,15.0,22.0,2983.0,25.0,False,False
006208,2022-10-26 13:07:10.126486,0.0008904719501336977,-0.002666666666666595,0.05000000000000426,-0.14999999999999858,56.1,56.15,56.2,56.25,15.0,22.0,2983.0,25.0,False,False
006208,2022-10-26 13:07:10.126566,0.0008904719501336977,-0.002666666666666595,0.05000000000000426,-0.14999999999999858,56.1,56.15,56.2,56.25,15.0,22.0,2983.0,25.0,False,False
006208,2022-10-26 13:07:10.283223,0.0008904719501336977,-0.002666666666666595,0.05000000000000426,-0.14999999999999858,56.1,56.15,56.2,56.25,15.0,22.0,2983.0,25.0,False,True
006208,2022-10-26 13:07:10.422686,0.0008904719501336977,-0.002666666666666595,0.05000000000000426,-0.14999999999999858,56.1,56.15,56.2,56.25,15.0,22.0,2983.0,25.0,False,False
006208,2022-10-26 13:07:10.428436,0.0008904719501336977,-0.002666666666666595,0.05000000000000426,-0.14999999999999858,56.1,56.15,56.2,56.25,15.0,22.0,2983.0,25.0,False,False
006208,2022-10-26 13:07:13.124608,0.0008904719501336977,-0.002666666666666595,0.05000000000000426,-0.14999999999999858,56.1,56.15,56.2,56.25,15.0,22.0,2983.0,25.0,False,False
006208,2022-10-26 13:07:13.153984,0.0008904719501336977,-0.002666666666666595,0.05000000000000426,-0.14999999999999858,56.1,56.15,56.2,56.25,15.0,22.0,2983.0,25.0,False,False
006208,2022-10-26 13:07:13.265423,0.0008904719501336977,-0.002666666666666595,0.05000000000000426,-0.14999999999999858,56.1,56.15,56.2,56.25,15.0,22.0,2983.0,25.0,False,False
006208,2022-10-26 13:07:14.895400,0.0008904719501336977,-0.002666666666666595,0.05000000000000426,-0.14999999999999858,56.1,56.15,56.2,56.25,15.0,22.0,2983.0,25.0,False,False
006208,2022-10-26 13:07:14.907047,0.0008904719501336977,-0.002666666666666595,0.05000000000000426,-0.14999999999999858,56.1,56.15,56.2,56.25,15.0,22.0,2983.0,25.0,False,False
006208,2022-10-26 13:07:16.461721,0.0008904719501336977,-0.002666666666666595,0.05000000000000426,-0.14999999999999858,56.1,56.15,56.2,56.25,15.0,22.0,2983.0,25.0,False,False
006208,2022-10-26 13:07:16.461789,0.0008904719501336977,-0.002666666666666595,0.05000000000000426,-0.14999999999999858,56.1,56.15,56.2,56.25,15.0,22.0,2983.0,25.0,False,False
006208,2022-10-26 13:07:16.848847,0.0008904719501336977,-0.002666666666666595,0.05000000000000426,-0.14999999999999858,56.1,56.15,56.2,56.25,15.0,22.0,2983.0,25.0,False,False
006208,2022-10-26 13:07:16.860252,0.0008904719501336977,-0.002666666666666595,0.05000000000000426,-0.14999999999999858,56.1,56.15,56.2,56.25,15.0,22.0,2983.0,25.0,False,False
006208,2022-10-26 13:07:18.031922,0.0008904719501336977,-0.002666666666666595,0.05000000000000426,-0.14999999999999858,56.1,56.15,56.2,56.25,15.0,22.0,2983.0,25.0,False,False
006208,2022-10-26 13:07:18.032089,0.0008904719501336977,-0.002666666666666595,0.05000000000000426,-0.14999999999999858,56.1,56.15,56.2,56.25,15.0,22.0,2983.0,25.0,False,False
006208,2022-10-26 13:07:19.905161,0.0008904719501336977,-0.002666666666666595,0.05000000000000426,-0.14999999999999858,56.1,56.15,56.2,56.25,15.0,22.0,2983.0,25.0,False,False
006208,2022-10-26 13:07:19.923618,0.0008904719501336977,-0.002666666666666595,0.05000000000000426,-0.14999999999999858,56.1,56.15,56.2,56.25,15.0,22.0,2983.0,25.0,False,False
006208,2022-10-26 13:07:19.998687,0.0008904719501336977,-0.002666666666666595,0.05000000000000426,-0.14999999999999858,56.1,56.15,56.2,56.25,15.0,21.0,2983.0,25.0,False,False
006208,2022-10-26 13:07:20.318442,0.0008904719501336977,-0.002666666666666595,0.05000000000000426,-0.14999999999999858,56.1,56.15,56.2,56.25,15.0,21.0,3388.0,25.0,True,True
006208,2022-10-26 13:07:20.667283,0.0008904719501336977,-0.002666666666666595,0.05000000000000426,-0.14999999999999858,56.1,56.15,56.2,56.25,15.0,21.0,3388.0,25.0,False,False
006208,2022-10-26 13:07:20.667373,0.0008904719501336977,-0.002666666666666595,0.05000000000000426,-0.14999999999999858,56.1,56.15,56.2,56.25,15.0,21.0,3388.0,25.0,False,False
006208,2022-10-26 13:07:20.927042,0.0008904719501336977,-0.002666666666666595,0.05000000000000426,-0.14999999999999858,56.1,56.15,56.2,56.25,15.0,21.0,3388.0,25.0,False,False
006208,2022-10-26 13:07:20.936958,0.0008904719501336977,-0.002666666666666595,0.05000000000000426,-0.14999999999999858,56.1,56.15,56.2,56.25,15.0,21.0,3388.0,25.0,False,False
006208,2022-10-26 13:07:22.007235,0.0008904719501336977,-0.002666666666666595,0.05000000000000426,-0.14999999999999858,56.1,56.15,56.2,56.25,15.0,21.0,3388.0,25.0,False,False
006208,2022-10-26 13:07:22.007473,0.0008904719501336977,-0.002666666666666595,0.05000000000000426,-0.14999999999999858,56.1,56.15,56.2,56.25,15.0,21.0,3388.0,25.0,False,False
006208,2022-10-26 13:07:22.096653,0.0008904719501336977,-0.002666666666666595,0.05000000000000426,-0.14999999999999858,56.1,56.15,56.2,56.25,15.0,21.0,3388.0,25.0,False,False
006208,2022-10-26 13:07:23.245595,0.0008904719501336977,-0.002666666666666595,0.05000000000000426,-0.14999999999999858,56.1,56.15,56.2,56.25,15.0,21.0,3388.0,25.0,False,False
006208,2022-10-26 13:07:23.248848,0.0008904719501336977,-0.002666666666666595,0.05000000000000426,-0.14999999999999858,56.1,56.15,56.2,56.25,15.0,21.0,3388.0,25.0,False,False
006208,2022-10-26 13:07:23.382447,0.0008904719501336977,-0.002666666666666595,0.05000000000000426,-0.14999999999999858,56.1,56.15,56.2,56.25,15.0,21.0,3388.0,25.0,False,False
006208,2022-10-26 13:07:24.292659,0.0008904719501336977,-0.002666666666666595,0.05000000000000426,-0.14999999999999858,56.1,56.15,56.2,56.25,15.0,21.0,3388.0,25.0,False,False
006208,2022-10-26 13:07:24.303602,0.0008904719501336977,-0.002666666666666595,0.05000000000000426,-0.14999999999999858,56.1,56.15,56.2,56.25,15.0,21.0,3388.0,25.0,False,False
006208,2022-10-26 13:07:24.348107,0.0008904719501336977,-0.002666666666666595,0.05000000000000426,-0.14999999999999858,56.1,56.15,56.2,56.25,15.0,21.0,3388.0,25.0,False,False
006208,2022-10-26 13:07:24.589781,0.0008904719501336977,-0.002666666666666595,0.05000000000000426,-0.14999999999999858,56.1,56.15,56.2,56.25,15.0,21.0,3388.0,25.0,False,False
006208,2022-10-26 13:07:24.600952,0.0008904719501336977,-0.002666666666666595,0.05000000000000426,-0.14999999999999858,56.1,56.15,56.2,56.25,15.0,21.0,3388.0,25.0,False,False
006208,2022-10-26 13:07:24.860232,0.0008904719501336977,-0.002666666666666595,0.05000000000000426,-0.14999999999999858,56.1,56.15,56.2,56.25,15.0,21.0,3388.0,25.0,False,False
006208,2022-10-26 13:07:24.873756,0.0008904719501336977,-0.002666666666666595,0.05000000000000426,-0.14999999999999858,56.1,56.15,56.2,56.25,15.0,21.0,3388.0,25.0,False,False
006208,2022-10-26 13:07:25.015348,0.0008904719501336977,-0.002666666666666595,0.05000000000000426,-0.14999999999999858,56.1,56.15,56.2,56.25,15.0,21.0,3388.0,25.0,False,False
006208,2022-10-26 13:07:28.061964,0.0008904719501336977,-0.002666666666666595,0.05000000000000426,-0.14999999999999858,56.1,56.15,56.2,56.25,15.0,21.0,3388.0,25.0,False,False
006208,2022-10-26 13:07:28.068713,0.0008904719501336977,-0.002666666666666595,0.05000000000000426,-0.14999999999999858,56.1,56.15,56.2,56.25,15.0,21.0,3388.0,25.0,False,False
006208,2022-10-26 13:07:28.183625,0.0008904719501336977,-0.002666666666666595,0.05000000000000426,-0.14999999999999858,56.1,56.15,56.2,56.25,15.0,21.0,3388.0,25.0,False,False
006208,2022-10-26 13:07:29.893831,0.0008904719501336977,-0.002666666666666595,0.05000000000000426,-0.14999999999999858,56.1,56.15,56.2,56.25,15.0,21.0,3388.0,25.0,False,False
006208,2022-10-26 13:07:29.906790,0.0008904719501336977,-0.002666666666666595,0.05000000000000426,-0.14999999999999858,56.1,56.15,56.2,56.25,15.0,21.0,3388.0,25.0,False,False
006208,2022-10-26 13:07:30.356620,0.0008904719501336977,-0.002666666666666595,0.05000000000000426,-0.14999999999999858,56.1,56.15,56.2,56.25,15.0,21.0,3388.0,16.0,True,True
006208,2022-10-26 13:07:32.232630,0.0008904719501336977,-0.002666666666666595,0.05000000000000426,-0.14999999999999858,56.1,56.15,56.2,56.25,5.0,21.0,3388.0,16.0,False,False
006208,2022-10-26 13:07:33.361580,0.0008904719501336977,-0.002666666666666595,0.05000000000000426,-0.14999999999999858,56.1,56.15,56.2,56.25,5.0,21.0,3388.0,16.0,False,False
006208,2022-10-26 13:07:33.365979,0.0008904719501336977,-0.002666666666666595,0.05000000000000426,-0.14999999999999858,56.1,56.15,56.2,56.25,5.0,21.0,3388.0,16.0,False,False
006208,2022-10-26 13:07:33.500079,0.0008904719501336977,-0.002666666666666595,0.05000000000000426,-0.14999999999999858,56.1,56.15,56.2,56.25,5.0,21.0,3388.0,16.0,False,False
006208,2022-10-26 13:07:34.434286,0.0008904719501336977,-0.002666666666666595,0.05000000000000426,-0.14999999999999858,56.1,56.15,56.2,56.25,5.0,21.0,3388.0,16.0,False,False
006208,2022-10-26 13:07:34.446539,0.0008904719501336977,-0.002666666666666595,0.05000000000000426,-0.14999999999999858,56.1,56.15,56.2,56.25,5.0,21.0,3388.0,16.0,False,False
006208,2022-10-26 13:07:34.463213,0.0008904719501336977,-0.002666666666666595,0.05000000000000426,-0.14999999999999858,56.1,56.15,56.2,56.25,5.0,21.0,3388.0,16.0,False,False
006208,2022-10-26 13:07:34.894149,0.0008904719501336977,-0.002666666666666595,0.05000000000000426,-0.14999999999999858,56.1,56.15,56.2,56.25,5.0,21.0,3388.0,16.0,False,False
006208,2022-10-26 13:07:34.907384,0.0008904719501336977,-0.002666666666666595,0.05000000000000426,-0.14999999999999858,56.1,56.15,56.2,56.25,5.0,21.0,3388.0,16.0,False,False
006208,2022-10-26 13:07:34.973871,0.0008904719501336977,-0.002666666666666595,0.05000000000000426,-0.14999999999999858,56.1,56.15,56.2,56.25,5.0,23.0,3388.0,16.0,False,False
006208,2022-10-26 13:07:35.282074,0.0008904719501336977,-0.002666666666666595,0.05000000000000426,-0.14999999999999858,56.1,56.15,56.2,56.25,5.0,23.0,3388.0,16.0,False,False
006208,2022-10-26 13:07:35.282284,0.0008904719501336977,-0.002666666666666595,0.05000000000000426,-0.14999999999999858,56.1,56.15,56.2,56.25,5.0,23.0,3388.0,16.0,False,False
006208,2022-10-26 13:07:35.462839,0.0008904719501336977,-0.002666666666666595,0.05000000000000426,-0.14999999999999858,56.1,56.15,56.2,56.25,5.0,123.0,3388.0,16.0,False,False
006208,2022-10-26 13:07:35.462879,0.0008904719501336977,-0.002666666666666595,0.05000000000000426,-0.14999999999999858,56.1,56.15,56.2,56.25,5.0,123.0,3388.0,16.0,False,False
006208,2022-10-26 13:07:36.077742,0.0008904719501336977,-0.002666666666666595,0.05000000000000426,-0.14999999999999858,56.1,56.15,56.2,56.25,5.0,123.0,3388.0,16.0,False,False
006208,2022-10-26 13:07:36.118984,0.0008904719501336977,-0.002666666666666595,0.05000000000000426,-0.14999999999999858,56.1,56.15,56.2,56.25,5.0,23.0,3388.0,16.0,False,False
006208,2022-10-26 13:07:36.869811,0.0008904719501336977,-0.002666666666666595,0.05000000000000426,-0.14999999999999858,56.1,56.15,56.2,56.25,5.0,23.0,3388.0,16.0,False,False
006208,2022-10-26 13:07:37.119178,0.0008904719501336977,-0.002666666666666595,0.05000000000000426,-0.14999999999999858,56.1,56.15,56.2,56.25,5.0,123.0,3388.0,16.0,False,False
006208,2022-10-26 13:07:37.223673,0.0008904719501336977,-0.002666666666666595,0.05000000000000426,-0.14999999999999858,56.1,56.15,56.2,56.25,5.0,123.0,3388.0,16.0,False,False
006208,2022-10-26 13:07:37.452925,0.0008904719501336977,-0.002666666666666595,0.05000000000000426,-0.14999999999999858,56.1,56.15,56.2,56.25,5.0,163.0,3388.0,16.0,False,False
006208,2022-10-26 13:07:37.560020,0.0008904719501336977,-0.002666666666666595,0.05000000000000426,-0.14999999999999858,56.1,56.15,56.2,56.25,5.0,123.0,3388.0,16.0,False,False
006208,2022-10-26 13:07:37.716612,0.0017825311942958333,-0.003555555555555645,0.10000000000000142,-0.20000000000000284,56.05,56.1,56.2,56.25,214.0,5.0,3388.0,16.0,False,False
006208,2022-10-26 13:07:37.748807,0.0017825311942958333,-0.003555555555555645,0.10000000000000142,-0.20000000000000284,56.05,56.1,56.2,56.25,214.0,5.0,3388.0,16.0,False,False
006208,2022-10-26 13:07:37.796740,0.0017825311942958333,-0.003555555555555645,0.10000000000000142,-0.20000000000000284,56.05,56.1,56.2,56.25,174.0,5.0,3388.0,16.0,False,False
006208,2022-10-26 13:07:37.936096,0.0017825311942958333,-0.003555555555555645,0.10000000000000142,-0.20000000000000284,56.05,56.1,56.2,56.25,174.0,5.0,3388.0,16.0,False,False
006208,2022-10-26 13:07:38.004417,0.0017825311942958333,-0.003555555555555645,0.10000000000000142,-0.20000000000000284,56.05,56.1,56.2,56.25,174.0,5.0,3388.0,16.0,False,False
006208,2022-10-26 13:07:38.187389,0.0017825311942958333,-0.003555555555555645,0.10000000000000142,-0.20000000000000284,56.05,56.1,56.2,56.25,174.0,5.0,3388.0,16.0,False,False
006208,2022-10-26 13:07:38.260084,0.0017825311942958333,-0.003555555555555645,0.10000000000000142,-0.20000000000000284,56.05,56.1,56.2,56.25,174.0,5.0,3388.0,16.0,False,False
006208,2022-10-26 13:07:38.477955,0.0017825311942958333,-0.003555555555555645,0.10000000000000142,-0.20000000000000284,56.05,56.1,56.2,56.25,174.0,5.0,3388.0,16.0,False,False
006208,2022-10-26 13:07:39.213045,0.0017825311942958333,-0.003555555555555645,0.10000000000000142,-0.20000000000000284,56.05,56.1,56.2,56.25,174.0,5.0,3388.0,16.0,False,False
006208,2022-10-26 13:07:39.321918,0.0017825311942958333,-0.003555555555555645,0.10000000000000142,-0.20000000000000284,56.05,56.1,56.2,56.25,274.0,5.0,3388.0,16.0,False,False
006208,2022-10-26 13:07:39.449384,0.0017825311942958333,-0.003555555555555645,0.10000000000000142,-0.20000000000000284,56.05,56.1,56.2,56.25,240.0,5.0,3388.0,16.0,False,False
006208,2022-10-26 13:07:39.501173,0.0017825311942958333,-0.003555555555555645,0.10000000000000142,-0.20000000000000284,56.05,56.1,56.2,56.25,240.0,5.0,3388.0,16.0,False,False
006208,2022-10-26 13:07:39.888929,0.0017825311942958333,-0.003555555555555645,0.10000000000000142,-0.20000000000000284,56.05,56.1,56.2,56.25,240.0,5.0,3388.0,16.0,False,False
006208,2022-10-26 13:07:39.888932,0.0017825311942958333,-0.003555555555555645,0.10000000000000142,-0.20000000000000284,56.05,56.1,56.2,56.25,240.0,5.0,3388.0,16.0,False,False
006208,2022-10-26 13:07:40.102487,0.0017825311942958333,-0.003555555555555645,0.10000000000000142,-0.20000000000000284,56.05,56.1,56.2,56.25,240.0,5.0,3388.0,16.0,False,False
006208,2022-10-26 13:07:40.102699,0.0017825311942958333,-0.003555555555555645,0.10000000000000142,-0.20000000000000284,56.05,56.1,56.2,56.25,240.0,5.0,3388.0,16.0,False,False
006208,2022-10-26 13:07:40.321782,0.0017825311942958333,-0.003555555555555645,0.10000000000000142,-0.20000000000000284,56.05,56.1,56.2,56.25,140.0,5.0,3388.0,16.0,False,False
006208,2022-10-26 13:07:40.401287,0.002673796791443861,-0.004440497335701621,0.14999999999999858,-0.25,56.05,56.1,56.25,56.3,140.0,5.0,2.0,4605.0,True,True
006208,2022-10-26 13:07:40.438224,0.002673796791443861,-0.004440497335701621,0.14999999999999858,-0.25,56.05,56.1,56.25,56.3,140.0,5.0,2.0,4605.0,False,False
006208,2022-10-26 13:07:40.557914,0.002673796791443861,-0.004440497335701621,0.14999999999999858,-0.25,56.05,56.1,56.25,56.3,140.0,5.0,2.0,4605.0,False,False
006208,2022-10-26 13:07:40.660950,0.002673796791443861,-0.004440497335701621,0.14999999999999858,-0.25,56.05,56.1,56.25,56.3,140.0,5.0,2.0,4605.0,False,False
006208,2022-10-26 13:07:41.283317,0.002673796791443861,-0.004440497335701621,0.14999999999999858,-0.25,56.05,56.1,56.25,56.3,240.0,5.0,2.0,4605.0,False,False
006208,2022-10-26 13:07:41.336141,0.002673796791443861,-0.004440497335701621,0.14999999999999858,-0.25,56.05,56.1,56.25,56.3,240.0,5.0,2.0,4605.0,False,False
006208,2022-10-26 13:07:41.403514,0.002673796791443861,-0.004440497335701621,0.14999999999999858,-0.25,56.05,56.1,56.25,56.3,240.0,5.0,2.0,4605.0,False,False
006208,2022-10-26 13:07:42.570821,0.002673796791443861,-0.004440497335701621,0.14999999999999858,-0.25,56.05,56.1,56.25,56.3,240.0,5.0,2.0,4605.0,False,False
006208,2022-10-26 13:07:44.104257,0.002673796791443861,-0.004440497335701621,0.14999999999999858,-0.25,56.05,56.1,56.25,56.3,240.0,5.0,2.0,4605.0,False,False
006208,2022-10-26 13:07:44.185111,0.002673796791443861,-0.004440497335701621,0.14999999999999858,-0.25,56.05,56.1,56.25,56.3,140.0,5.0,2.0,4605.0,False,False
006208,2022-10-26 13:07:44.380483,0.002673796791443861,-0.004440497335701621,0.14999999999999858,-0.25,56.05,56.1,56.25,56.3,140.0,5.0,2.0,4605.0,False,False
006208,2022-10-26 13:07:44.402172,0.002673796791443861,-0.004440497335701621,0.14999999999999858,-0.25,56.05,56.1,56.25,56.3,140.0,5.0,2.0,4605.0,False,False
006208,2022-10-26 13:07:45.119250,0.002673796791443861,-0.004440497335701621,0.14999999999999858,-0.25,56.05,56.1,56.25,56.3,140.0,5.0,2.0,4605.0,False,False
006208,2022-10-26 13:07:47.753223,0.002673796791443861,-0.004440497335701621,0.14999999999999858,-0.25,56.05,56.1,56.25,56.3,140.0,5.0,2.0,4605.0,False,False
006208,2022-10-26 13:07:47.918440,0.002673796791443861,-0.004440497335701621,0.14999999999999858,-0.25,56.05,56.1,56.25,56.3,140.0,5.0,2.0,4605.0,False,False
006208,2022-10-26 13:07:47.935745,0.002673796791443861,-0.004440497335701621,0.14999999999999858,-0.25,56.05,56.1,56.25,56.3,140.0,5.0,2.0,4605.0,False,False
006208,2022-10-26 13:07:48.061407,0.002673796791443861,-0.004440497335701621,0.14999999999999858,-0.25,56.05,56.1,56.25,56.3,140.0,5.0,2.0,4605.0,False,False
006208,2022-10-26 13:07:48.070685,0.002673796791443861,-0.004440497335701621,0.14999999999999858,-0.25,56.05,56.1,56.25,56.3,140.0,5.0,2.0,4605.0,False,False
006208,2022-10-26 13:07:48.217206,0.002673796791443861,-0.004440497335701621,0.14999999999999858,-0.25,56.05,56.1,56.25,56.3,140.0,5.0,2.0,4605.0,False,False
006208,2022-10-26 13:07:49.696122,0.002673796791443861,-0.004440497335701621,0.14999999999999858,-0.25,56.05,56.1,56.25,56.3,140.0,5.0,2.0,4605.0,False,False
006208,2022-10-26 13:07:49.807019,0.002673796791443861,-0.004440497335701621,0.14999999999999858,-0.25,56.05,56.1,56.25,56.3,140.0,5.0,2.0,4605.0,False,False
006208,2022-10-26 13:07:50.442586,0.0017825311942958333,-0.003555555555555645,0.10000000000000142,-0.20000000000000284,56.05,56.1,56.2,56.25,140.0,5.0,2993.0,1024.0,True,True
006208,2022-10-26 13:07:52.559455,0.0017825311942958333,-0.003555555555555645,0.10000000000000142,-0.20000000000000284,56.05,56.1,56.2,56.25,140.0,5.0,2993.0,1024.0,False,False
006208,2022-10-26 13:07:53.264010,0.0017825311942958333,-0.003555555555555645,0.10000000000000142,-0.20000000000000284,56.05,56.1,56.2,56.25,90.0,5.0,2993.0,1024.0,False,False
006208,2022-10-26 13:07:53.276160,0.0017825311942958333,-0.003555555555555645,0.10000000000000142,-0.20000000000000284,56.05,56.1,56.2,56.25,90.0,5.0,2993.0,1024.0,False,False
006208,2022-10-26 13:07:54.877498,0.0017825311942958333,-0.003555555555555645,0.10000000000000142,-0.20000000000000284,56.05,56.1,56.2,56.25,90.0,5.0,2993.0,1024.0,False,False
006208,2022-10-26 13:07:54.883061,0.0017825311942958333,-0.003555555555555645,0.10000000000000142,-0.20000000000000284,56.05,56.1,56.2,56.25,140.0,5.0,2993.0,1024.0,False,False
006208,2022-10-26 13:07:54.971898,0.0017825311942958333,-0.003555555555555645,0.10000000000000142,-0.20000000000000284,56.05,56.1,56.2,56.25,90.0,5.0,2993.0,1024.0,False,False
006208,2022-10-26 13:07:56.289217,0.0017825311942958333,-0.003555555555555645,0.10000000000000142,-0.20000000000000284,56.05,56.1,56.2,56.25,90.0,5.0,2993.0,1024.0,False,False
006208,2022-10-26 13:07:58.050030,0.0017825311942958333,-0.003555555555555645,0.10000000000000142,-0.20000000000000284,56.05,56.1,56.2,56.25,90.0,5.0,2993.0,1024.0,False,False
006208,2022-10-26 13:07:58.052653,0.0017825311942958333,-0.003555555555555645,0.10000000000000142,-0.20000000000000284,56.05,56.1,56.2,56.25,90.0,5.0,2993.0,1024.0,False,False
006208,2022-10-26 13:07:58.185540,0.0017825311942958333,-0.003555555555555645,0.10000000000000142,-0.20000000000000284,56.05,56.1,56.2,56.25,90.0,5.0,2993.0,1024.0,False,False
006208,2022-10-26 13:07:59.174790,0.0017825311942958333,-0.003555555555555645,0.10000000000000142,-0.20000000000000284,56.05,56.1,56.2,56.25,90.0,5.0,2993.0,1024.0,False,False
006208,2022-10-26 13:07:59.876293,0.0017825311942958333,-0.003555555555555645,0.10000000000000142,-0.20000000000000284,56.05,56.1,56.2,56.25,90.0,5.0,2993.0,1024.0,False,False
006208,2022-10-26 13:07:59.881732,0.0017825311942958333,-0.003555555555555645,0.10000000000000142,-0.20000000000000284,56.05,56.1,56.2,56.25,140.0,5.0,2993.0,1024.0,False,False
006208,2022-10-26 13:07:59.933848,0.0017825311942958333,-0.003555555555555645,0.10000000000000142,-0.20000000000000284,56.05,56.1,56.2,56.25,140.0,5.0,2993.0,1024.0,False,False
006208,2022-10-26 13:08:00.496221,0.0017825311942958333,-0.003555555555555645,0.10000000000000142,-0.20000000000000284,56.05,56.1,56.2,56.25,140.0,5.0,2993.0,1024.0,True,True
006208,2022-10-26 13:08:00.876944,0.0017825311942958333,-0.003555555555555645,0.10000000000000142,-0.20000000000000284,56.05,56.1,56.2,56.25,90.0,5.0,2993.0,1024.0,False,False
006208,2022-10-26 13:08:00.887797,0.0017825311942958333,-0.003555555555555645,0.10000000000000142,-0.20000000000000284,56.05,56.1,56.2,56.25,90.0,5.0,2993.0,1024.0,False,False
006208,2022-10-26 13:08:01.927193,0.0017825311942958333,-0.003555555555555645,0.10000000000000142,-0.20000000000000284,56.05,56.1,56.2,56.25,90.0,4.0,2993.0,1024.0,False,False
006208,2022-10-26 13:08:02.976501,0.0017825311942958333,-0.003555555555555645,0.10000000000000142,-0.20000000000000284,56.05,56.1,56.2,56.25,90.0,2.0,2993.0,1024.0,False,False
006208,2022-10-26 13:08:03.172159,0.0017825311942958333,-0.003555555555555645,0.10000000000000142,-0.20000000000000284,56.05,56.1,56.2,56.25,90.0,2.0,2993.0,1024.0,False,False
006208,2022-10-26 13:08:03.172311,0.0017825311942958333,-0.003555555555555645,0.10000000000000142,-0.20000000000000284,56.05,56.1,56.2,56.25,90.0,2.0,2993.0,1024.0,False,False
006208,2022-10-26 13:08:04.852426,0.0017825311942958333,-0.003555555555555645,0.10000000000000142,-0.20000000000000284,56.05,56.1,56.2,56.25,90.0,2.0,2993.0,1024.0,False,False
006208,2022-10-26 13:08:04.852513,0.0017825311942958333,-0.003555555555555645,0.10000000000000142,-0.20000000000000284,56.05,56.1,56.2,56.25,90.0,2.0,2993.0,1024.0,False,False
006208,2022-10-26 13:08:06.170226,0.0017825311942958333,-0.003555555555555645,0.10000000000000142,-0.20000000000000284,56.05,56.1,56.2,56.25,90.0,2.0,2993.0,1024.0,False,False
006208,2022-10-26 13:08:08.064674,0.0017825311942958333,-0.003555555555555645,0.10000000000000142,-0.20000000000000284,56.05,56.1,56.2,56.25,90.0,2.0,2993.0,1024.0,False,False
006208,2022-10-26 13:08:08.183705,0.0017825311942958333,-0.003555555555555645,0.10000000000000142,-0.20000000000000284,56.05,56.1,56.2,56.25,90.0,2.0,2993.0,1024.0,False,False
006208,2022-10-26 13:08:08.306010,0.0017825311942958333,-0.003555555555555645,0.10000000000000142,-0.20000000000000284,56.05,56.1,56.2,56.25,90.0,2.0,2993.0,1024.0,False,False
006208,2022-10-26 13:08:08.618670,0.0017825311942958333,-0.003555555555555645,0.10000000000000142,-0.20000000000000284,56.05,56.1,56.2,56.25,90.0,2.0,2993.0,1024.0,False,False
006208,2022-10-26 13:08:08.618730,0.0017825311942958333,-0.003555555555555645,0.10000000000000142,-0.20000000000000284,56.05,56.1,56.2,56.25,90.0,2.0,2993.0,1024.0,False,False
006208,2022-10-26 13:08:09.544408,0.0017825311942958333,-0.003555555555555645,0.10000000000000142,-0.20000000000000284,56.05,56.1,56.2,56.25,90.0,2.0,2993.0,1024.0,False,False
006208,2022-10-26 13:08:09.875841,0.0017825311942958333,-0.003555555555555645,0.10000000000000142,-0.20000000000000284,56.05,56.1,56.2,56.25,90.0,2.0,2993.0,1024.0,False,False
006208,2022-10-26 13:08:09.875888,0.0017825311942958333,-0.003555555555555645,0.10000000000000142,-0.20000000000000284,56.05,56.1,56.2,56.25,90.0,2.0,2993.0,1024.0,False,False
006208,2022-10-26 13:08:10.176485,0.0017825311942958333,-0.003555555555555645,0.10000000000000142,-0.20000000000000284,56.05,56.1,56.2,56.25,90.0,2.0,2993.0,1024.0,False,False
006208,2022-10-26 13:08:13.014488,0.0017825311942958333,-0.003555555555555645,0.10000000000000142,-0.20000000000000284,56.05,56.1,56.2,56.25,90.0,2.0,2993.0,1024.0,False,False
006208,2022-10-26 13:08:13.014592,0.0017825311942958333,-0.003555555555555645,0.10000000000000142,-0.20000000000000284,56.05,56.1,56.2,56.25,90.0,2.0,2993.0,1024.0,False,False
006208,2022-10-26 13:08:13.077936,0.0017825311942958333,-0.003555555555555645,0.10000000000000142,-0.20000000000000284,56.05,56.1,56.2,56.25,90.0,2.0,2993.0,1024.0,False,False
006208,2022-10-26 13:08:13.419827,0.0017825311942958333,-0.003555555555555645,0.10000000000000142,-0.20000000000000284,56.05,56.1,56.2,56.25,90.0,2.0,2993.0,1024.0,False,False
006208,2022-10-26 13:08:13.671336,0.0017825311942958333,-0.003555555555555645,0.10000000000000142,-0.20000000000000284,56.05,56.1,56.2,56.25,90.0,2.0,2993.0,1024.0,False,False
006208,2022-10-26 13:08:14.874588,0.0017825311942958333,-0.003555555555555645,0.10000000000000142,-0.20000000000000284,56.05,56.1,56.2,56.25,90.0,2.0,2993.0,1024.0,False,False
006208,2022-10-26 13:08:14.874621,0.0017825311942958333,-0.003555555555555645,0.10000000000000142,-0.20000000000000284,56.05,56.1,56.2,56.25,90.0,2.0,2993.0,1024.0,False,False
006208,2022-10-26 13:08:17.560329,0.0017825311942958333,-0.003555555555555645,0.10000000000000142,-0.20000000000000284,56.05,56.1,56.2,56.25,91.0,2.0,2993.0,1024.0,False,False
006208,2022-10-26 13:08:18.286068,0.0017825311942958333,-0.003555555555555645,0.10000000000000142,-0.20000000000000284,56.05,56.1,56.2,56.25,91.0,2.0,2993.0,1024.0,False,False
006208,2022-10-26 13:08:18.290359,0.0017825311942958333,-0.003555555555555645,0.10000000000000142,-0.20000000000000284,56.05,56.1,56.2,56.25,91.0,2.0,2993.0,1024.0,False,False
006208,2022-10-26 13:08:18.423464,0.0017825311942958333,-0.003555555555555645,0.10000000000000142,-0.20000000000000284,56.05,56.1,56.2,56.25,91.0,2.0,2993.0,1024.0,False,False
006208,2022-10-26 13:08:19.302608,0.0017825311942958333,-0.003555555555555645,0.10000000000000142,-0.20000000000000284,56.05,56.1,56.2,56.25,91.0,2.0,2993.0,1024.0,False,False
006208,2022-10-26 13:08:19.754392,0.0017825311942958333,-0.003555555555555645,0.10000000000000142,-0.20000000000000284,56.05,56.1,56.2,56.25,91.0,2.0,2993.0,1024.0,False,False
006208,2022-10-26 13:08:19.757669,0.0017825311942958333,-0.003555555555555645,0.10000000000000142,-0.20000000000000284,56.05,56.1,56.2,56.25,91.0,2.0,2993.0,1024.0,False,False
006208,2022-10-26 13:08:19.861734,0.0017825311942958333,-0.003555555555555645,0.10000000000000142,-0.20000000000000284,56.05,56.1,56.2,56.25,91.0,2.0,2993.0,1024.0,False,False
006208,2022-10-26 13:08:19.963641,0.0017825311942958333,-0.003555555555555645,0.10000000000000142,-0.20000000000000284,56.05,56.1,56.2,56.25,91.0,2.0,2993.0,1024.0,False,False
006208,2022-10-26 13:08:20.190999,0.0017825311942958333,-0.003555555555555645,0.10000000000000142,-0.20000000000000284,56.05,56.1,56.2,56.25,91.0,2.0,2993.0,1024.0,False,False
006208,2022-10-26 13:08:20.587175,0.0017825311942958333,-0.003555555555555645,0.10000000000000142,-0.20000000000000284,56.05,56.1,56.2,56.25,91.0,2.0,3033.0,1024.0,True,True
006208,2022-10-26 13:08:20.859130,0.0017825311942958333,-0.003555555555555645,0.10000000000000142,-0.20000000000000284,56.05,56.1,56.2,56.25,191.0,2.0,3033.0,1024.0,False,False
006208,2022-10-26 13:08:22.823210,0.0017825311942958333,-0.003555555555555645,0.10000000000000142,-0.20000000000000284,56.05,56.1,56.2,56.25,191.0,2.0,3033.0,1024.0,False,False
006208,2022-10-26 13:08:22.847601,0.0017825311942958333,-0.003555555555555645,0.10000000000000142,-0.20000000000000284,56.05,56.1,56.2,56.25,91.0,2.0,3033.0,1024.0,False,False
006208,2022-10-26 13:08:23.701401,0.0017825311942958333,-0.003555555555555645,0.10000000000000142,-0.20000000000000284,56.05,56.1,56.2,56.25,91.0,10.0,3033.0,1024.0,False,False
006208,2022-10-26 13:08:23.847397,0.0017825311942958333,-0.003555555555555645,0.10000000000000142,-0.20000000000000284,56.05,56.1,56.2,56.25,91.0,10.0,3033.0,1024.0,False,False
006208,2022-10-26 13:08:24.005173,0.0017825311942958333,-0.003555555555555645,0.10000000000000142,-0.20000000000000284,56.05,56.1,56.2,56.25,91.0,10.0,3033.0,1024.0,False,False
006208,2022-10-26 13:08:24.007808,0.0017825311942958333,-0.003555555555555645,0.10000000000000142,-0.20000000000000284,56.05,56.1,56.2,56.25,91.0,10.0,3033.0,1024.0,False,False
006208,2022-10-26 13:08:24.093790,0.0017825311942958333,-0.003555555555555645,0.10000000000000142,-0.20000000000000284,56.05,56.1,56.2,56.25,91.0,10.0,3033.0,1024.0,False,False
006208,2022-10-26 13:08:24.916252,0.0017825311942958333,-0.003555555555555645,0.10000000000000142,-0.20000000000000284,56.05,56.1,56.2,56.25,81.0,10.0,3033.0,1024.0,False,False
006208,2022-10-26 13:08:25.201990,0.0017825311942958333,-0.003555555555555645,0.10000000000000142,-0.20000000000000284,56.05,56.1,56.2,56.25,81.0,10.0,3033.0,1024.0,False,False
006208,2022-10-26 13:08:25.423160,0.0017825311942958333,-0.003555555555555645,0.10000000000000142,-0.20000000000000284,56.05,56.1,56.2,56.25,71.0,10.0,3033.0,1024.0,False,False
006208,2022-10-26 13:08:26.443857,0.0017825311942958333,-0.003555555555555645,0.10000000000000142,-0.20000000000000284,56.05,56.1,56.2,56.25,71.0,10.0,3033.0,1024.0,False,False
006208,2022-10-26 13:08:26.444082,0.0017825311942958333,-0.003555555555555645,0.10000000000000142,-0.20000000000000284,56.05,56.1,56.2,56.25,71.0,10.0,3033.0,1024.0,False,False
006208,2022-10-26 13:08:27.252060,0.0017825311942958333,-0.003555555555555645,0.10000000000000142,-0.20000000000000284,56.05,56.1,56.2,56.25,61.0,10.0,3033.0,1024.0,False,False
006208,2022-10-26 13:08:27.379850,0.0017825311942958333,-0.003555555555555645,0.10000000000000142,-0.20000000000000284,56.05,56.1,56.2,56.25,61.0,10.0,3033.0,1024.0,False,False
006208,2022-10-26 13:08:27.387472,0.0017825311942958333,-0.003555555555555645,0.10000000000000142,-0.20000000000000284,56.05,56.1,56.2,56.25,61.0,10.0,3033.0,1024.0,False,False
006208,2022-10-26 13:08:27.627451,0.0017825311942958333,-0.003555555555555645,0.10000000000000142,-0.20000000000000284,56.05,56.1,56.2,56.25,51.0,10.0,3033.0,1024.0,False,False
006208,2022-10-26 13:08:28.083215,0.0017825311942958333,-0.003555555555555645,0.10000000000000142,-0.20000000000000284,56.05,56.1,56.2,56.25,41.0,10.0,3033.0,1024.0,False,False
006208,2022-10-26 13:08:28.401965,0.0017825311942958333,-0.003555555555555645,0.10000000000000142,-0.20000000000000284,56.05,56.1,56.2,56.25,41.0,10.0,3033.0,1024.0,False,False
006208,2022-10-26 13:08:28.406007,0.0017825311942958333,-0.003555555555555645,0.10000000000000142,-0.20000000000000284,56.05,56.1,56.2,56.25,41.0,10.0,3033.0,1024.0,False,False
006208,2022-10-26 13:08:28.540039,0.0017825311942958333,-0.003555555555555645,0.10000000000000142,-0.20000000000000284,56.05,56.1,56.2,56.25,41.0,10.0,3033.0,1024.0,False,False
006208,2022-10-26 13:08:29.284057,0.0017825311942958333,-0.003555555555555645,0.10000000000000142,-0.20000000000000284,56.05,56.1,56.2,56.25,41.0,10.0,3033.0,1024.0,False,False
006208,2022-10-26 13:08:30.628599,0.0017825311942958333,-0.003555555555555645,0.10000000000000142,-0.20000000000000284,56.05,56.1,56.2,56.25,41.0,10.0,3211.0,1024.0,True,True
006208,2022-10-26 13:08:32.056638,0.0017825311942958333,-0.003555555555555645,0.10000000000000142,-0.20000000000000284,56.05,56.1,56.2,56.25,34.0,10.0,3211.0,1024.0,False,False
006208,2022-10-26 13:08:37.399017,0.0017825311942958333,-0.003555555555555645,0.10000000000000142,-0.20000000000000284,56.05,56.1,56.2,56.25,34.0,10.0,3211.0,1024.0,False,False
006208,2022-10-26 13:08:38.031567,0.0017825311942958333,-0.003555555555555645,0.10000000000000142,-0.20000000000000284,56.05,56.1,56.2,56.25,34.0,10.0,3211.0,1024.0,False,False
006208,2022-10-26 13:08:38.520097,0.0017825311942958333,-0.003555555555555645,0.10000000000000142,-0.20000000000000284,56.05,56.1,56.2,56.25,34.0,10.0,3211.0,1024.0,False,False
006208,2022-10-26 13:08:38.526830,0.0017825311942958333,-0.003555555555555645,0.10000000000000142,-0.20000000000000284,56.05,56.1,56.2,56.25,34.0,10.0,3211.0,1024.0,False,False
006208,2022-10-26 13:08:38.660384,0.0017825311942958333,-0.003555555555555645,0.10000000000000142,-0.20000000000000284,56.05,56.1,56.2,56.25,34.0,10.0,3211.0,1024.0,False,False
006208,2022-10-26 13:08:39.961761,0.0017825311942958333,-0.003555555555555645,0.10000000000000142,-0.20000000000000284,56.05,56.1,56.2,56.25,34.0,10.0,3211.0,1024.0,False,False
006208,2022-10-26 13:08:40.662867,0.0017825311942958333,-0.003555555555555645,0.10000000000000142,-0.20000000000000284,56.05,56.1,56.2,56.25,34.0,10.0,3033.0,1024.0,True,True
006208,2022-10-26 13:08:48.640690,0.0017825311942958333,-0.003555555555555645,0.10000000000000142,-0.20000000000000284,56.05,56.1,56.2,56.25,34.0,10.0,3033.0,1024.0,False,False
006208,2022-10-26 13:08:48.644486,0.0017825311942958333,-0.003555555555555645,0.10000000000000142,-0.20000000000000284,56.05,56.1,56.2,56.25,34.0,10.0,3033.0,1024.0,False,False
006208,2022-10-26 13:08:48.788298,0.0017825311942958333,-0.003555555555555645,0.10000000000000142,-0.20000000000000284,56.05,56.1,56.2,56.25,34.0,10.0,3033.0,1024.0,False,False
006208,2022-10-26 13:08:49.663067,0.0017825311942958333,-0.003555555555555645,0.10000000000000142,-0.20000000000000284,56.05,56.1,56.2,56.25,34.0,10.0,3033.0,1024.0,False,False
006208,2022-10-26 13:08:53.935642,0.0017825311942958333,-0.003555555555555645,0.10000000000000142,-0.20000000000000284,56.05,56.1,56.2,56.25,34.0,9.0,3033.0,1024.0,False,False
006208,2022-10-26 13:08:54.919802,0.0017825311942958333,-0.003555555555555645,0.10000000000000142,-0.20000000000000284,56.05,56.1,56.2,56.25,34.0,9.0,3033.0,1024.0,False,False
006208,2022-10-26 13:08:54.924886,0.0017825311942958333,-0.003555555555555645,0.10000000000000142,-0.20000000000000284,56.05,56.1,56.2,56.25,34.0,9.0,3033.0,1024.0,False,False
006208,2022-10-26 13:08:55.551228,0.0017825311942958333,-0.003555555555555645,0.10000000000000142,-0.20000000000000284,56.05,56.1,56.2,56.25,34.0,9.0,3033.0,1024.0,False,False
006208,2022-10-26 13:08:55.579850,0.0017825311942958333,-0.003555555555555645,0.10000000000000142,-0.20000000000000284,56.05,56.1,56.2,56.25,34.0,9.0,3033.0,1024.0,False,False
006208,2022-10-26 13:08:55.813680,0.0017825311942958333,-0.003555555555555645,0.10000000000000142,-0.20000000000000284,56.05,56.1,56.2,56.25,35.0,9.0,3033.0,1024.0,False,False
006208,2022-10-26 13:08:56.065460,0.0017825311942958333,-0.003555555555555645,0.10000000000000142,-0.20000000000000284,56.05,56.1,56.2,56.25,2.0,9.0,3033.0,1024.0,False,False
006208,2022-10-26 13:08:56.065910,0.0017825311942958333,-0.003555555555555645,0.10000000000000142,-0.20000000000000284,56.05,56.1,56.2,56.25,2.0,9.0,3033.0,1024.0,False,False
006208,2022-10-26 13:08:58.521429,0.0017825311942958333,-0.003555555555555645,0.10000000000000142,-0.20000000000000284,56.05,56.1,56.2,56.25,2.0,9.0,3033.0,1024.0,False,False
006208,2022-10-26 13:08:58.747698,0.0017825311942958333,-0.003555555555555645,0.10000000000000142,-0.20000000000000284,56.05,56.1,56.2,56.25,2.0,9.0,3033.0,1024.0,False,False
006208,2022-10-26 13:08:58.759977,0.0017825311942958333,-0.003555555555555645,0.10000000000000142,-0.20000000000000284,56.05,56.1,56.2,56.25,2.0,9.0,3033.0,1024.0,False,False
006208,2022-10-26 13:08:58.899014,0.0017825311942958333,-0.003555555555555645,0.10000000000000142,-0.20000000000000284,56.05,56.1,56.2,56.25,2.0,9.0,3033.0,1024.0,False,False
006208,2022-10-26 13:08:58.929082,0.0017825311942958333,-0.003555555555555645,0.10000000000000142,-0.20000000000000284,56.05,56.1,56.2,56.25,2.0,9.0,3033.0,1024.0,False,False
006208,2022-10-26 13:08:59.063622,0.0017825311942958333,-0.003555555555555645,0.10000000000000142,-0.20000000000000284,56.05,56.1,56.2,56.25,2.0,9.0,3033.0,1024.0,False,False
006208,2022-10-26 13:08:59.845523,0.0017825311942958333,-0.003555555555555645,0.10000000000000142,-0.20000000000000284,56.05,56.1,56.2,56.25,2.0,9.0,3033.0,1024.0,False,False
006208,2022-10-26 13:08:59.863125,0.0017825311942958333,-0.003555555555555645,0.10000000000000142,-0.20000000000000284,56.05,56.1,56.2,56.25,52.0,9.0,3033.0,1024.0,False,False
006208,2022-10-26 13:09:00.957200,0.0017825311942958333,-0.003555555555555645,0.10000000000000142,-0.20000000000000284,56.05,56.1,56.2,56.25,52.0,9.0,3033.0,1024.0,False,False
006208,2022-10-26 13:09:01.001776,0.0017825311942958333,-0.003555555555555645,0.10000000000000142,-0.20000000000000284,56.05,56.1,56.2,56.25,52.0,9.0,3033.0,1024.0,False,False
006208,2022-10-26 13:09:01.614549,0.0017825311942958333,-0.003555555555555645,0.10000000000000142,-0.20000000000000284,56.05,56.1,56.2,56.25,52.0,9.0,3033.0,1024.0,False,False
006208,2022-10-26 13:09:03.480393,0.0017825311942958333,-0.003555555555555645,0.10000000000000142,-0.20000000000000284,56.05,56.1,56.2,56.25,52.0,9.0,3033.0,1024.0,False,False
006208,2022-10-26 13:09:04.559658,0.0017825311942958333,-0.003555555555555645,0.10000000000000142,-0.20000000000000284,56.05,56.1,56.2,56.25,2.0,9.0,3033.0,1024.0,False,False
006208,2022-10-26 13:09:04.634477,0.0017825311942958333,-0.003555555555555645,0.10000000000000142,-0.20000000000000284,56.05,56.1,56.2,56.25,2.0,9.0,3033.0,1024.0,False,False
006208,2022-10-26 13:09:04.839535,0.0017825311942958333,-0.003555555555555645,0.10000000000000142,-0.20000000000000284,56.05,56.1,56.2,56.25,2.0,9.0,3033.0,1024.0,False,False
006208,2022-10-26 13:09:04.844972,0.0017825311942958333,-0.003555555555555645,0.10000000000000142,-0.20000000000000284,56.05,56.1,56.2,56.25,52.0,9.0,3033.0,1024.0,False,False
006208,2022-10-26 13:09:05.232689,0.0017825311942958333,-0.003555555555555645,0.10000000000000142,-0.20000000000000284,56.05,56.1,56.2,56.25,52.0,9.0,3033.0,1024.0,False,False
006208,2022-10-26 13:09:05.344819,0.0017825311942958333,-0.003555555555555645,0.10000000000000142,-0.20000000000000284,56.05,56.1,56.2,56.25,52.0,9.0,3033.0,1024.0,False,False
006208,2022-10-26 13:09:05.856137,0.0017825311942958333,-0.003555555555555645,0.10000000000000142,-0.20000000000000284,56.05,56.1,56.2,56.25,52.0,9.0,3033.0,1024.0,False,False
006208,2022-10-26 13:09:05.899973,0.0017825311942958333,-0.003555555555555645,0.10000000000000142,-0.20000000000000284,56.05,56.1,56.2,56.25,52.0,9.0,3033.0,1024.0,False,False
006208,2022-10-26 13:09:06.671865,0.0017825311942958333,-0.003555555555555645,0.10000000000000142,-0.20000000000000284,56.05,56.1,56.2,56.25,52.0,9.0,3033.0,1024.0,False,False
006208,2022-10-26 13:09:06.721084,0.0017825311942958333,-0.003555555555555645,0.10000000000000142,-0.20000000000000284,56.05,56.1,56.2,56.25,52.0,9.0,3033.0,1024.0,False,False
006208,2022-10-26 13:09:06.907796,0.0017825311942958333,-0.003555555555555645,0.10000000000000142,-0.20000000000000284,56.05,56.1,56.2,56.25,52.0,9.0,3033.0,1024.0,False,False
006208,2022-10-26 13:09:07.016588,0.0017825311942958333,-0.003555555555555645,0.10000000000000142,-0.20000000000000284,56.05,56.1,56.2,56.25,52.0,9.0,3033.0,1024.0,False,False
006208,2022-10-26 13:09:07.161894,0.0017825311942958333,-0.003555555555555645,0.10000000000000142,-0.20000000000000284,56.05,56.1,56.2,56.25,52.0,9.0,3033.0,1024.0,False,False
006208,2022-10-26 13:09:07.205808,0.0017825311942958333,-0.003555555555555645,0.10000000000000142,-0.20000000000000284,56.05,56.1,56.2,56.25,2.0,9.0,3033.0,1024.0,False,False
006208,2022-10-26 13:09:07.735322,0.0017825311942958333,-0.003555555555555645,0.10000000000000142,-0.20000000000000284,56.05,56.1,56.2,56.25,2.0,10.0,3033.0,1024.0,False,False
006208,2022-10-26 13:09:08.891957,0.0017825311942958333,-0.003555555555555645,0.10000000000000142,-0.20000000000000284,56.05,56.1,56.2,56.25,2.0,10.0,3033.0,1024.0,False,False
006208,2022-10-26 13:09:08.893819,0.0017825311942958333,-0.003555555555555645,0.10000000000000142,-0.20000000000000284,56.05,56.1,56.2,56.25,2.0,10.0,3033.0,1024.0,False,False
006208,2022-10-26 13:09:09.012621,0.0017825311942958333,-0.003555555555555645,0.10000000000000142,-0.20000000000000284,56.05,56.1,56.2,56.25,2.0,10.0,3033.0,1024.0,False,False
006208,2022-10-26 13:09:09.850961,0.0017825311942958333,-0.003555555555555645,0.10000000000000142,-0.20000000000000284,56.05,56.1,56.2,56.25,2.0,10.0,3033.0,1024.0,False,False
006208,2022-10-26 13:09:09.855311,0.0017825311942958333,-0.003555555555555645,0.10000000000000142,-0.20000000000000284,56.05,56.1,56.2,56.25,52.0,10.0,3033.0,1024.0,False,False
006208,2022-10-26 13:09:10.792030,0.0017825311942958333,-0.003555555555555645,0.10000000000000142,-0.20000000000000284,56.05,56.1,56.2,56.25,52.0,10.0,3233.0,1024.0,True,True
006208,2022-10-26 13:09:12.973611,0.0017825311942958333,-0.003555555555555645,0.10000000000000142,-0.20000000000000284,56.05,56.1,56.2,56.25,53.0,10.0,3233.0,1024.0,False,False
006208,2022-10-26 13:09:13.257305,0.0017825311942958333,-0.003555555555555645,0.10000000000000142,-0.20000000000000284,56.05,56.1,56.2,56.25,53.0,13.0,3233.0,1024.0,False,False
006208,2022-10-26 13:09:16.302950,0.0017825311942958333,-0.003555555555555645,0.10000000000000142,-0.20000000000000284,56.05,56.1,56.2,56.25,3.0,13.0,3233.0,1024.0,False,False
006208,2022-10-26 13:09:16.307753,0.0017825311942958333,-0.003555555555555645,0.10000000000000142,-0.20000000000000284,56.05,56.1,56.2,56.25,3.0,13.0,3233.0,1024.0,False,False
006208,2022-10-26 13:09:18.992830,0.0017825311942958333,-0.003555555555555645,0.10000000000000142,-0.20000000000000284,56.05,56.1,56.2,56.25,3.0,13.0,3233.0,1024.0,False,False
006208,2022-10-26 13:09:18.995874,0.0017825311942958333,-0.003555555555555645,0.10000000000000142,-0.20000000000000284,56.05,56.1,56.2,56.25,3.0,13.0,3233.0,1024.0,False,False
006208,2022-10-26 13:09:19.136673,0.0017825311942958333,-0.003555555555555645,0.10000000000000142,-0.20000000000000284,56.05,56.1,56.2,56.25,3.0,13.0,3233.0,1024.0,False,False
006208,2022-10-26 13:09:19.707541,0.0017825311942958333,-0.003555555555555645,0.10000000000000142,-0.20000000000000284,56.05,56.1,56.2,56.25,4.0,13.0,3233.0,1024.0,False,False
006208,2022-10-26 13:09:20.302823,0.0017825311942958333,-0.003555555555555645,0.10000000000000142,-0.20000000000000284,56.05,56.1,56.2,56.25,4.0,13.0,3233.0,1024.0,False,False
006208,2022-10-26 13:09:20.307734,0.0017825311942958333,-0.003555555555555645,0.10000000000000142,-0.20000000000000284,56.05,56.1,56.2,56.25,54.0,13.0,3233.0,1024.0,False,False
006208,2022-10-26 13:09:20.824974,0.0017825311942958333,-0.003555555555555645,0.10000000000000142,-0.20000000000000284,56.05,56.1,56.2,56.25,54.0,13.0,3288.0,679.0,True,True
006208,2022-10-26 13:09:22.802747,0.0017825311942958333,-0.003555555555555645,0.10000000000000142,-0.20000000000000284,56.05,56.1,56.2,56.25,4.0,13.0,3288.0,679.0,False,False
006208,2022-10-26 13:09:22.807518,0.0017825311942958333,-0.003555555555555645,0.10000000000000142,-0.20000000000000284,56.05,56.1,56.2,56.25,4.0,13.0,3288.0,679.0,False,False
006208,2022-10-26 13:09:23.928945,0.0017825311942958333,-0.003555555555555645,0.10000000000000142,-0.20000000000000284,56.05,56.1,56.2,56.25,4.0,13.0,3288.0,679.0,False,False
006208,2022-10-26 13:09:23.934419,0.0017825311942958333,-0.003555555555555645,0.10000000000000142,-0.20000000000000284,56.05,56.1,56.2,56.25,54.0,13.0,3288.0,679.0,False,False
006208,2022-10-26 13:09:25.695949,0.0017825311942958333,-0.003555555555555645,0.10000000000000142,-0.20000000000000284,56.05,56.1,56.2,56.25,64.0,13.0,3288.0,679.0,False,False
006208,2022-10-26 13:09:26.944671,0.0017825311942958333,-0.003555555555555645,0.10000000000000142,-0.20000000000000284,56.05,56.1,56.2,56.25,63.0,13.0,3288.0,679.0,False,False
006208,2022-10-26 13:09:28.093776,0.0017825311942958333,-0.003555555555555645,0.10000000000000142,-0.20000000000000284,56.05,56.1,56.2,56.25,63.0,13.0,3288.0,679.0,False,False
006208,2022-10-26 13:09:28.102488,0.0017825311942958333,-0.003555555555555645,0.10000000000000142,-0.20000000000000284,56.05,56.1,56.2,56.25,63.0,13.0,3288.0,679.0,False,False
006208,2022-10-26 13:09:28.235722,0.0017825311942958333,-0.003555555555555645,0.10000000000000142,-0.20000000000000284,56.05,56.1,56.2,56.25,63.0,13.0,3288.0,679.0,False,False
006208,2022-10-26 13:09:28.365825,0.0017825311942958333,-0.003555555555555645,0.10000000000000142,-0.20000000000000284,56.05,56.1,56.2,56.25,13.0,13.0,3288.0,679.0,False,False
006208,2022-10-26 13:09:28.434504,0.0017825311942958333,-0.003555555555555645,0.10000000000000142,-0.20000000000000284,56.05,56.1,56.2,56.25,13.0,13.0,3288.0,679.0,False,False
006208,2022-10-26 13:09:28.547628,0.0017825311942958333,-0.003555555555555645,0.10000000000000142,-0.20000000000000284,56.05,56.1,56.2,56.25,13.0,13.0,3288.0,679.0,False,False
006208,2022-10-26 13:09:28.934808,0.0017825311942958333,-0.003555555555555645,0.10000000000000142,-0.20000000000000284,56.05,56.1,56.2,56.25,13.0,13.0,3288.0,679.0,False,False
006208,2022-10-26 13:09:28.987348,0.0017825311942958333,-0.003555555555555645,0.10000000000000142,-0.20000000000000284,56.05,56.1,56.2,56.25,13.0,13.0,3288.0,679.0,False,False
006208,2022-10-26 13:09:29.114261,0.0017825311942958333,-0.003555555555555645,0.10000000000000142,-0.20000000000000284,56.05,56.1,56.2,56.25,13.0,13.0,3288.0,679.0,False,False
006208,2022-10-26 13:09:29.248001,0.0017825311942958333,-0.003555555555555645,0.10000000000000142,-0.20000000000000284,56.05,56.1,56.2,56.25,13.0,13.0,3288.0,679.0,False,False
006208,2022-10-26 13:09:29.396403,0.0017825311942958333,-0.003555555555555645,0.10000000000000142,-0.20000000000000284,56.05,56.1,56.2,56.25,13.0,13.0,3288.0,679.0,False,False
006208,2022-10-26 13:09:29.531076,0.0017825311942958333,-0.003555555555555645,0.10000000000000142,-0.20000000000000284,56.05,56.1,56.2,56.25,13.0,13.0,3288.0,679.0,False,False
006208,2022-10-26 13:09:29.531216,0.0017825311942958333,-0.003555555555555645,0.10000000000000142,-0.20000000000000284,56.05,56.1,56.2,56.25,13.0,13.0,3288.0,679.0,False,False
006208,2022-10-26 13:09:29.683624,0.0017825311942958333,-0.003555555555555645,0.10000000000000142,-0.20000000000000284,56.05,56.1,56.2,56.25,13.0,13.0,3288.0,679.0,False,False
006208,2022-10-26 13:09:29.843937,0.0017825311942958333,-0.003555555555555645,0.10000000000000142,-0.20000000000000284,56.05,56.1,56.2,56.25,13.0,13.0,3288.0,679.0,False,False
006208,2022-10-26 13:09:30.630263,0.0017825311942958333,-0.003555555555555645,0.10000000000000142,-0.20000000000000284,56.05,56.1,56.2,56.25,13.0,13.0,3288.0,679.0,False,False
006208,2022-10-26 13:09:30.778240,0.0017825311942958333,-0.003555555555555645,0.10000000000000142,-0.20000000000000284,56.05,56.1,56.2,56.25,13.0,13.0,3288.0,679.0,False,False
006208,2022-10-26 13:09:30.858865,0.0017825311942958333,-0.003555555555555645,0.10000000000000142,-0.20000000000000284,56.05,56.1,56.2,56.25,13.0,13.0,3305.0,679.0,True,True
006208,2022-10-26 13:09:30.943529,0.0017825311942958333,-0.003555555555555645,0.10000000000000142,-0.20000000000000284,56.05,56.1,56.2,56.25,13.0,13.0,3305.0,679.0,False,False
006208,2022-10-26 13:09:30.943572,0.0017825311942958333,-0.003555555555555645,0.10000000000000142,-0.20000000000000284,56.05,56.1,56.2,56.25,13.0,13.0,3305.0,679.0,False,False
006208,2022-10-26 13:09:31.426838,0.0017825311942958333,-0.003555555555555645,0.10000000000000142,-0.20000000000000284,56.05,56.1,56.2,56.25,13.0,13.0,3305.0,679.0,False,False
006208,2022-10-26 13:09:31.447269,0.0017825311942958333,-0.003555555555555645,0.10000000000000142,-0.20000000000000284,56.05,56.1,56.2,56.25,13.0,13.0,3305.0,679.0,False,False
006208,2022-10-26 13:09:31.624479,0.0017825311942958333,-0.003555555555555645,0.10000000000000142,-0.20000000000000284,56.05,56.1,56.2,56.25,13.0,13.0,3305.0,679.0,False,False
006208,2022-10-26 13:09:31.747011,0.0017825311942958333,-0.003555555555555645,0.10000000000000142,-0.20000000000000284,56.05,56.1,56.2,56.25,13.0,13.0,3305.0,679.0,False,False
006208,2022-10-26 13:09:31.790551,0.0017825311942958333,-0.003555555555555645,0.10000000000000142,-0.20000000000000284,56.05,56.1,56.2,56.25,13.0,13.0,3305.0,679.0,False,False
006208,2022-10-26 13:09:31.898602,0.0017825311942958333,-0.003555555555555645,0.10000000000000142,-0.20000000000000284,56.05,56.1,56.2,56.25,13.0,13.0,3305.0,679.0,False,False
006208,2022-10-26 13:09:32.898161,0.0017825311942958333,-0.003555555555555645,0.10000000000000142,-0.20000000000000284,56.05,56.1,56.2,56.25,3.0,13.0,3305.0,679.0,False,False
006208,2022-10-26 13:09:34.848514,0.0017825311942958333,-0.003555555555555645,0.10000000000000142,-0.20000000000000284,56.05,56.1,56.2,56.25,3.0,13.0,3305.0,679.0,False,False
006208,2022-10-26 13:09:34.854099,0.0017825311942958333,-0.003555555555555645,0.10000000000000142,-0.20000000000000284,56.05,56.1,56.2,56.25,53.0,13.0,3305.0,679.0,False,False
006208,2022-10-26 13:09:35.300576,0.0017825311942958333,-0.003555555555555645,0.10000000000000142,-0.20000000000000284,56.05,56.1,56.2,56.25,53.0,13.0,3305.0,679.0,False,False
006208,2022-10-26 13:09:35.300723,0.0017825311942958333,-0.003555555555555645,0.10000000000000142,-0.20000000000000284,56.05,56.1,56.2,56.25,53.0,13.0,3305.0,679.0,False,False
006208,2022-10-26 13:09:36.040561,0.0017825311942958333,-0.003555555555555645,0.10000000000000142,-0.20000000000000284,56.05,56.1,56.2,56.25,53.0,13.0,3305.0,679.0,False,False
006208,2022-10-26 13:09:36.040759,0.0017825311942958333,-0.003555555555555645,0.10000000000000142,-0.20000000000000284,56.05,56.1,56.2,56.25,53.0,13.0,3305.0,679.0,False,False
006208,2022-10-26 13:09:37.117864,0.0017825311942958333,-0.003555555555555645,0.10000000000000142,-0.20000000000000284,56.05,56.1,56.2,56.25,53.0,13.0,3305.0,679.0,False,False
006208,2022-10-26 13:09:37.610740,0.0017825311942958333,-0.003555555555555645,0.10000000000000142,-0.20000000000000284,56.05,56.1,56.2,56.25,53.0,13.0,3305.0,679.0,False,False
006208,2022-10-26 13:09:38.569517,0.0017825311942958333,-0.003555555555555645,0.10000000000000142,-0.20000000000000284,56.05,56.1,56.2,56.25,53.0,13.0,3305.0,679.0,False,False
006208,2022-10-26 13:09:39.229637,0.0017825311942958333,-0.003555555555555645,0.10000000000000142,-0.20000000000000284,56.05,56.1,56.2,56.25,53.0,13.0,3305.0,679.0,False,False
006208,2022-10-26 13:09:39.232265,0.0017825311942958333,-0.003555555555555645,0.10000000000000142,-0.20000000000000284,56.05,56.1,56.2,56.25,53.0,13.0,3305.0,679.0,False,False
006208,2022-10-26 13:09:39.368222,0.0017825311942958333,-0.003555555555555645,0.10000000000000142,-0.20000000000000284,56.05,56.1,56.2,56.25,53.0,13.0,3305.0,679.0,False,False
006208,2022-10-26 13:09:40.048100,0.0017825311942958333,-0.003555555555555645,0.10000000000000142,-0.20000000000000284,56.05,56.1,56.2,56.25,3.0,13.0,3305.0,679.0,False,False
006208,2022-10-26 13:09:40.053382,0.0017825311942958333,-0.003555555555555645,0.10000000000000142,-0.20000000000000284,56.05,56.1,56.2,56.25,3.0,13.0,3305.0,679.0,False,False
006208,2022-10-26 13:09:40.904353,0.0017825311942958333,-0.003555555555555645,0.10000000000000142,-0.20000000000000284,56.05,56.1,56.2,56.25,3.0,13.0,3305.0,679.0,False,False
006208,2022-10-26 13:09:40.904385,0.0017825311942958333,-0.003555555555555645,0.10000000000000142,-0.20000000000000284,56.05,56.1,56.2,56.25,3.0,13.0,3305.0,679.0,False,False
006208,2022-10-26 13:09:42.011516,0.0017825311942958333,-0.003555555555555645,0.10000000000000142,-0.20000000000000284,56.05,56.1,56.2,56.25,3.0,13.0,3305.0,679.0,False,False
006208,2022-10-26 13:09:42.011573,0.0017825311942958333,-0.003555555555555645,0.10000000000000142,-0.20000000000000284,56.05,56.1,56.2,56.25,3.0,13.0,3305.0,679.0,False,False
006208,2022-10-26 13:09:42.512412,0.0017825311942958333,-0.003555555555555645,0.10000000000000142,-0.20000000000000284,56.05,56.1,56.2,56.25,3.0,13.0,3305.0,679.0,False,False
006208,2022-10-26 13:09:42.624850,0.0017825311942958333,-0.003555555555555645,0.10000000000000142,-0.20000000000000284,56.05,56.1,56.2,56.25,3.0,13.0,3305.0,679.0,False,False
006208,2022-10-26 13:09:44.829810,0.0017825311942958333,-0.003555555555555645,0.10000000000000142,-0.20000000000000284,56.05,56.1,56.2,56.25,3.0,13.0,3305.0,679.0,False,False
006208,2022-10-26 13:09:45.739602,0.0017825311942958333,-0.003555555555555645,0.10000000000000142,-0.20000000000000284,56.05,56.1,56.2,56.25,3.0,13.0,3305.0,679.0,False,False
006208,2022-10-26 13:09:45.739722,0.0017825311942958333,-0.003555555555555645,0.10000000000000142,-0.20000000000000284,56.05,56.1,56.2,56.25,3.0,13.0,3305.0,679.0,False,False
006208,2022-10-26 13:09:46.915398,0.0017825311942958333,-0.003555555555555645,0.10000000000000142,-0.20000000000000284,56.05,56.1,56.2,56.25,3.0,12.0,3305.0,679.0,False,False
006208,2022-10-26 13:09:47.824330,0.0017825311942958333,-0.003555555555555645,0.10000000000000142,-0.20000000000000284,56.05,56.1,56.2,56.25,3.0,12.0,3305.0,679.0,False,False
006208,2022-10-26 13:09:47.902437,0.0017825311942958333,-0.003555555555555645,0.10000000000000142,-0.20000000000000284,56.05,56.1,56.2,56.25,3.0,12.0,3305.0,679.0,False,False
006208,2022-10-26 13:09:49.076183,0.0017825311942958333,-0.003555555555555645,0.10000000000000142,-0.20000000000000284,56.05,56.1,56.2,56.25,3.0,12.0,3305.0,679.0,False,False
006208,2022-10-26 13:09:49.088053,0.0017825311942958333,-0.003555555555555645,0.10000000000000142,-0.20000000000000284,56.05,56.1,56.2,56.25,3.0,12.0,3305.0,679.0,False,False
006208,2022-10-26 13:09:49.346396,0.0017825311942958333,-0.003555555555555645,0.10000000000000142,-0.20000000000000284,56.05,56.1,56.2,56.25,3.0,12.0,3305.0,679.0,False,False
006208,2022-10-26 13:09:49.349635,0.0017825311942958333,-0.003555555555555645,0.10000000000000142,-0.20000000000000284,56.05,56.1,56.2,56.25,3.0,12.0,3305.0,679.0,False,False
006208,2022-10-26 13:09:49.481468,0.0017825311942958333,-0.003555555555555645,0.10000000000000142,-0.20000000000000284,56.05,56.1,56.2,56.25,3.0,12.0,3305.0,679.0,False,False
006208,2022-10-26 13:09:50.491447,0.0017825311942958333,-0.003555555555555645,0.10000000000000142,-0.20000000000000284,56.05,56.1,56.2,56.25,3.0,12.0,3305.0,679.0,False,False
006208,2022-10-26 13:09:50.491561,0.0017825311942958333,-0.003555555555555645,0.10000000000000142,-0.20000000000000284,56.05,56.1,56.2,56.25,3.0,12.0,3305.0,679.0,False,False
006208,2022-10-26 13:09:50.970864,0.0017825311942958333,-0.003555555555555645,0.10000000000000142,-0.20000000000000284,56.05,56.1,56.2,56.25,3.0,12.0,3210.0,1994.0,True,True
006208,2022-10-26 13:09:51.701809,0.0017825311942958333,-0.003555555555555645,0.10000000000000142,-0.20000000000000284,56.05,56.1,56.2,56.25,3.0,12.0,3210.0,1994.0,False,False
006208,2022-10-26 13:09:51.701859,0.0017825311942958333,-0.003555555555555645,0.10000000000000142,-0.20000000000000284,56.05,56.1,56.2,56.25,3.0,12.0,3210.0,1994.0,False,False
006208,2022-10-26 13:09:53.204029,0.0017825311942958333,-0.003555555555555645,0.10000000000000142,-0.20000000000000284,56.05,56.1,56.2,56.25,3.0,12.0,3210.0,1994.0,False,False
006208,2022-10-26 13:09:53.211884,0.0017825311942958333,-0.003555555555555645,0.10000000000000142,-0.20000000000000284,56.05,56.1,56.2,56.25,3.0,12.0,3210.0,1994.0,False,False
006208,2022-10-26 13:09:54.465467,0.0017825311942958333,-0.003555555555555645,0.10000000000000142,-0.20000000000000284,56.05,56.1,56.2,56.25,3.0,11.0,3210.0,1994.0,False,False
006208,2022-10-26 13:09:54.833433,0.0017825311942958333,-0.003555555555555645,0.10000000000000142,-0.20000000000000284,56.05,56.1,56.2,56.25,3.0,11.0,3210.0,1994.0,False,False
006208,2022-10-26 13:09:54.867757,0.0017825311942958333,-0.003555555555555645,0.10000000000000142,-0.20000000000000284,56.05,56.1,56.2,56.25,53.0,11.0,3210.0,1994.0,False,False
006208,2022-10-26 13:09:55.002358,0.0017825311942958333,-0.003555555555555645,0.10000000000000142,-0.20000000000000284,56.05,56.1,56.2,56.25,3.0,11.0,3210.0,1994.0,False,False
006208,2022-10-26 13:09:59.522318,0.0017825311942958333,-0.003555555555555645,0.10000000000000142,-0.20000000000000284,56.05,56.1,56.2,56.25,3.0,11.0,3210.0,1994.0,False,False
006208,2022-10-26 13:09:59.525643,0.0017825311942958333,-0.003555555555555645,0.10000000000000142,-0.20000000000000284,56.05,56.1,56.2,56.25,3.0,11.0,3210.0,1994.0,False,False
006208,2022-10-26 13:09:59.667833,0.0017825311942958333,-0.003555555555555645,0.10000000000000142,-0.20000000000000284,56.05,56.1,56.2,56.25,3.0,11.0,3210.0,1994.0,False,False
006208,2022-10-26 13:09:59.878753,0.0017825311942958333,-0.003555555555555645,0.10000000000000142,-0.20000000000000284,56.05,56.1,56.2,56.25,3.0,11.0,3210.0,1994.0,False,False
006208,2022-10-26 13:09:59.884290,0.0017825311942958333,-0.003555555555555645,0.10000000000000142,-0.20000000000000284,56.05,56.1,56.2,56.25,53.0,11.0,3210.0,1994.0,False,False
006208,2022-10-26 13:10:00.944436,0.0017825311942958333,-0.003555555555555645,0.10000000000000142,-0.20000000000000284,56.05,56.1,56.2,56.25,53.0,11.0,3210.0,1994.0,False,False
006208,2022-10-26 13:10:00.944561,0.0017825311942958333,-0.003555555555555645,0.10000000000000142,-0.20000000000000284,56.05,56.1,56.2,56.25,53.0,11.0,3210.0,1994.0,False,False
006208,2022-10-26 13:10:01.083475,0.0017825311942958333,-0.003555555555555645,0.10000000000000142,-0.20000000000000284,56.05,56.1,56.2,56.25,53.0,11.0,2730.0,2191.0,True,True
006208,2022-10-26 13:10:04.058552,0.0017825311942958333,-0.003555555555555645,0.10000000000000142,-0.20000000000000284,56.05,56.1,56.2,56.25,53.0,13.0,2730.0,2191.0,False,False
006208,2022-10-26 13:10:08.449869,0.0017825311942958333,-0.003555555555555645,0.10000000000000142,-0.20000000000000284,56.05,56.1,56.2,56.25,53.0,13.0,2730.0,2191.0,False,False
006208,2022-10-26 13:10:09.700512,0.0017825311942958333,-0.003555555555555645,0.10000000000000142,-0.20000000000000284,56.05,56.1,56.2,56.25,53.0,13.0,2730.0,2191.0,False,False
006208,2022-10-26 13:10:09.703645,0.0017825311942958333,-0.003555555555555645,0.10000000000000142,-0.20000000000000284,56.05,56.1,56.2,56.25,53.0,13.0,2730.0,2191.0,False,False
006208,2022-10-26 13:10:09.837987,0.0017825311942958333,-0.003555555555555645,0.10000000000000142,-0.20000000000000284,56.05,56.1,56.2,56.25,53.0,13.0,2730.0,2191.0,False,False
006208,2022-10-26 13:10:09.899347,0.0017825311942958333,-0.003555555555555645,0.10000000000000142,-0.20000000000000284,56.05,56.1,56.2,56.25,43.0,13.0,2730.0,2191.0,False,False
006208,2022-10-26 13:10:10.378567,0.0008912655971478056,-0.002669039145907548,0.04999999999999716,-0.15000000000000568,56.05,56.1,56.15,56.2,43.0,13.0,5397.0,992.0,False,True
006208,2022-10-26 13:10:12.348313,0.0008912655971478056,-0.002669039145907548,0.04999999999999716,-0.15000000000000568,56.05,56.1,56.15,56.2,36.0,13.0,5397.0,992.0,False,False
006208,2022-10-26 13:10:19.847953,0.0008912655971478056,-0.002669039145907548,0.04999999999999716,-0.15000000000000568,56.05,56.1,56.15,56.2,36.0,13.0,5397.0,992.0,False,False
006208,2022-10-26 13:10:19.853425,0.0008912655971478056,-0.002669039145907548,0.04999999999999716,-0.15000000000000568,56.05,56.1,56.15,56.2,36.0,13.0,5397.0,992.0,False,False
006208,2022-10-26 13:10:19.996115,0.0008912655971478056,-0.002669039145907548,0.04999999999999716,-0.15000000000000568,56.05,56.1,56.15,56.2,36.0,13.0,5397.0,992.0,False,False
006208,2022-10-26 13:10:20.028073,0.0008912655971478056,-0.002669039145907548,0.04999999999999716,-0.15000000000000568,56.05,56.1,56.15,56.2,36.0,13.0,5397.0,992.0,False,False
006208,2022-10-26 13:10:20.467076,0.0008912655971478056,-0.002669039145907548,0.04999999999999716,-0.15000000000000568,56.05,56.1,56.15,56.2,36.0,13.0,5397.0,952.0,True,True
006208,2022-10-26 13:10:23.835471,0.0008912655971478056,-0.003558718861210064,0.04999999999999716,-0.20000000000000284,56.0,56.1,56.15,56.2,424.0,13.0,5397.0,952.0,False,False
006208,2022-10-26 13:10:23.887996,0.0008912655971478056,-0.003558718861210064,0.04999999999999716,-0.20000000000000284,56.0,56.1,56.15,56.2,384.0,13.0,5397.0,952.0,False,False
006208,2022-10-26 13:10:23.928567,0.0008912655971478056,-0.003558718861210064,0.04999999999999716,-0.20000000000000284,56.0,56.1,56.15,56.2,384.0,13.0,5397.0,952.0,False,False
006208,2022-10-26 13:10:24.028023,0.0008912655971478056,-0.003558718861210064,0.04999999999999716,-0.20000000000000284,56.0,56.1,56.15,56.2,384.0,13.0,5397.0,952.0,False,False
006208,2022-10-26 13:10:24.823116,0.0008912655971478056,-0.003558718861210064,0.04999999999999716,-0.20000000000000284,56.0,56.1,56.15,56.2,384.0,13.0,5397.0,952.0,False,False
006208,2022-10-26 13:10:24.844793,0.0008912655971478056,-0.003558718861210064,0.04999999999999716,-0.20000000000000284,56.0,56.1,56.15,56.2,384.0,13.0,5397.0,952.0,False,False
006208,2022-10-26 13:10:24.998846,0.0008912655971478056,-0.003558718861210064,0.04999999999999716,-0.20000000000000284,56.0,56.1,56.15,56.2,384.0,13.0,5397.0,952.0,False,False
006208,2022-10-26 13:10:25.977223,0.0008912655971478056,-0.003558718861210064,0.04999999999999716,-0.20000000000000284,56.0,56.1,56.15,56.2,350.0,13.0,5397.0,952.0,False,False
006208,2022-10-26 13:10:26.010169,0.0008912655971478056,-0.003558718861210064,0.04999999999999716,-0.20000000000000284,56.0,56.1,56.15,56.2,350.0,13.0,5397.0,952.0,False,False
006208,2022-10-26 13:10:27.987645,0.001784121320249854,-0.003558718861210064,0.10000000000000142,-0.20000000000000284,56.0,56.05,56.15,56.2,350.0,3.0,5397.0,952.0,False,False
006208,2022-10-26 13:10:28.032038,0.001784121320249854,-0.003558718861210064,0.10000000000000142,-0.20000000000000284,56.0,56.05,56.15,56.2,350.0,3.0,5397.0,952.0,False,False
006208,2022-10-26 13:10:29.068188,0.001784121320249854,-0.003558718861210064,0.10000000000000142,-0.20000000000000284,56.0,56.05,56.15,56.2,350.0,2.0,5397.0,952.0,False,False
006208,2022-10-26 13:10:30.009894,0.001784121320249854,-0.003558718861210064,0.10000000000000142,-0.20000000000000284,56.0,56.05,56.15,56.2,349.0,2.0,5397.0,952.0,False,False
006208,2022-10-26 13:10:30.116348,0.001784121320249854,-0.003558718861210064,0.10000000000000142,-0.20000000000000284,56.0,56.05,56.15,56.2,349.0,2.0,5397.0,952.0,False,False
006208,2022-10-26 13:10:30.116469,0.001784121320249854,-0.003558718861210064,0.10000000000000142,-0.20000000000000284,56.0,56.05,56.15,56.2,349.0,2.0,5397.0,952.0,False,False
006208,2022-10-26 13:10:30.539451,0.001784121320249854,-0.004444444444444473,0.10000000000000142,-0.25,56.0,56.05,56.15,56.25,349.0,2.0,5397.0,2131.0,True,True
006208,2022-10-26 13:10:30.729357,0.001784121320249854,-0.004444444444444473,0.10000000000000142,-0.25,56.0,56.05,56.15,56.25,349.0,2.0,5397.0,2131.0,False,False
006208,2022-10-26 13:10:30.752185,0.001784121320249854,-0.004444444444444473,0.10000000000000142,-0.25,56.0,56.05,56.15,56.25,349.0,2.0,5397.0,2131.0,False,False
006208,2022-10-26 13:10:30.901138,0.001784121320249854,-0.004444444444444473,0.10000000000000142,-0.25,56.0,56.05,56.15,56.25,349.0,2.0,5397.0,2131.0,False,False
006208,2022-10-26 13:10:30.936820,0.001784121320249854,-0.004444444444444473,0.10000000000000142,-0.25,56.0,56.05,56.15,56.25,349.0,2.0,5397.0,2131.0,False,False
006208,2022-10-26 13:10:31.424653,0.001784121320249854,-0.004444444444444473,0.10000000000000142,-0.25,56.0,56.05,56.15,56.25,349.0,2.0,5397.0,2131.0,False,False
006208,2022-10-26 13:10:31.424679,0.001784121320249854,-0.004444444444444473,0.10000000000000142,-0.25,56.0,56.05,56.15,56.25,349.0,2.0,5397.0,2131.0,False,False
006208,2022-10-26 13:10:32.930642,0.001784121320249854,-0.004444444444444473,0.10000000000000142,-0.25,56.0,56.05,56.15,56.25,349.0,2.0,5397.0,2131.0,False,False
006208,2022-10-26 13:10:32.930835,0.001784121320249854,-0.004444444444444473,0.10000000000000142,-0.25,56.0,56.05,56.15,56.25,349.0,2.0,5397.0,2131.0,False,False
006208,2022-10-26 13:10:33.212374,0.001784121320249854,-0.004444444444444473,0.10000000000000142,-0.25,56.0,56.05,56.15,56.25,349.0,2.0,5397.0,2131.0,False,False
006208,2022-10-26 13:10:33.212467,0.001784121320249854,-0.004444444444444473,0.10000000000000142,-0.25,56.0,56.05,56.15,56.25,349.0,2.0,5397.0,2131.0,False,False
006208,2022-10-26 13:10:33.878952,0.001784121320249854,-0.004444444444444473,0.10000000000000142,-0.25,56.0,56.05,56.15,56.25,349.0,2.0,5397.0,2131.0,False,False
006208,2022-10-26 13:10:34.984975,0.001784121320249854,-0.004444444444444473,0.10000000000000142,-0.25,56.0,56.05,56.15,56.25,349.0,2.0,5397.0,2131.0,False,False
006208,2022-10-26 13:10:34.985066,0.001784121320249854,-0.004444444444444473,0.10000000000000142,-0.25,56.0,56.05,56.15,56.25,349.0,2.0,5397.0,2131.0,False,False
006208,2022-10-26 13:10:36.040328,0.001784121320249854,-0.004444444444444473,0.10000000000000142,-0.25,56.0,56.05,56.15,56.25,349.0,2.0,5397.0,2131.0,False,False
006208,2022-10-26 13:10:36.040415,0.001784121320249854,-0.004444444444444473,0.10000000000000142,-0.25,56.0,56.05,56.15,56.25,349.0,2.0,5397.0,2131.0,False,False
006208,2022-10-26 13:10:36.617696,0.001784121320249854,-0.004444444444444473,0.10000000000000142,-0.25,56.0,56.05,56.15,56.25,349.0,2.0,5397.0,2131.0,False,False
006208,2022-10-26 13:10:36.617741,0.001784121320249854,-0.004444444444444473,0.10000000000000142,-0.25,56.0,56.05,56.15,56.25,349.0,2.0,5397.0,2131.0,False,False
006208,2022-10-26 13:10:38.114787,0.001784121320249854,-0.004444444444444473,0.10000000000000142,-0.25,56.0,56.05,56.15,56.25,350.0,2.0,5397.0,2131.0,False,False
006208,2022-10-26 13:10:38.202874,0.001784121320249854,-0.004444444444444473,0.10000000000000142,-0.25,56.0,56.05,56.15,56.25,350.0,2.0,5397.0,2131.0,False,False
006208,2022-10-26 13:10:38.205633,0.001784121320249854,-0.004444444444444473,0.10000000000000142,-0.25,56.0,56.05,56.15,56.25,350.0,2.0,5397.0,2131.0,False,False
006208,2022-10-26 13:10:38.336998,0.001784121320249854,-0.004444444444444473,0.10000000000000142,-0.25,56.0,56.05,56.15,56.25,350.0,2.0,5397.0,2131.0,False,False
006208,2022-10-26 13:10:40.589928,0.001784121320249854,-0.004444444444444473,0.10000000000000142,-0.25,56.0,56.05,56.15,56.25,350.0,2.0,5347.0,2171.0,True,True
006208,2022-10-26 13:10:40.896878,0.001784121320249854,-0.004444444444444473,0.10000000000000142,-0.25,56.0,56.05,56.15,56.25,350.0,2.0,5347.0,2171.0,False,False
006208,2022-10-26 13:10:40.896986,0.001784121320249854,-0.004444444444444473,0.10000000000000142,-0.25,56.0,56.05,56.15,56.25,350.0,2.0,5347.0,2171.0,False,False
006208,2022-10-26 13:10:41.359412,0.001784121320249854,-0.004444444444444473,0.10000000000000142,-0.25,56.0,56.05,56.15,56.25,350.0,2.0,5347.0,2171.0,False,False
006208,2022-10-26 13:10:41.359508,0.001784121320249854,-0.004444444444444473,0.10000000000000142,-0.25,56.0,56.05,56.15,56.25,350.0,2.0,5347.0,2171.0,False,False
006208,2022-10-26 13:10:42.163230,0.001784121320249854,-0.004444444444444473,0.10000000000000142,-0.25,56.0,56.05,56.15,56.25,350.0,2.0,5347.0,2171.0,False,False
006208,2022-10-26 13:10:42.163341,0.001784121320249854,-0.004444444444444473,0.10000000000000142,-0.25,56.0,56.05,56.15,56.25,350.0,2.0,5347.0,2171.0,False,False
006208,2022-10-26 13:10:42.386806,0.001784121320249854,-0.004444444444444473,0.10000000000000142,-0.25,56.0,56.05,56.15,56.25,350.0,2.0,5347.0,2171.0,False,False
006208,2022-10-26 13:10:42.386925,0.001784121320249854,-0.004444444444444473,0.10000000000000142,-0.25,56.0,56.05,56.15,56.25,350.0,2.0,5347.0,2171.0,False,False
006208,2022-10-26 13:10:43.763491,0.001784121320249854,-0.004444444444444473,0.10000000000000142,-0.25,56.0,56.05,56.15,56.25,350.0,2.0,5347.0,2171.0,False,False
006208,2022-10-26 13:10:44.997693,0.001784121320249854,-0.004444444444444473,0.10000000000000142,-0.25,56.0,56.05,56.15,56.25,350.0,2.0,5347.0,2171.0,False,False
006208,2022-10-26 13:10:44.997823,0.001784121320249854,-0.004444444444444473,0.10000000000000142,-0.25,56.0,56.05,56.15,56.25,350.0,2.0,5347.0,2171.0,False,False
006208,2022-10-26 13:10:45.811487,0.001784121320249854,-0.004444444444444473,0.10000000000000142,-0.25,56.0,56.05,56.15,56.25,350.0,2.0,5347.0,2171.0,False,False
006208,2022-10-26 13:10:45.826654,0.001784121320249854,-0.004444444444444473,0.10000000000000142,-0.25,56.0,56.05,56.15,56.25,350.0,2.0,5347.0,2171.0,False,False
006208,2022-10-26 13:10:46.653809,0.001784121320249854,-0.004444444444444473,0.10000000000000142,-0.25,56.0,56.05,56.15,56.25,350.0,2.0,5347.0,2171.0,False,False
006208,2022-10-26 13:10:46.653904,0.001784121320249854,-0.004444444444444473,0.10000000000000142,-0.25,56.0,56.05,56.15,56.25,350.0,2.0,5347.0,2171.0,False,False
006208,2022-10-26 13:10:48.021664,0.001784121320249854,-0.004444444444444473,0.10000000000000142,-0.25,56.0,56.05,56.15,56.25,350.0,2.0,5347.0,2171.0,False,False
006208,2022-10-26 13:10:48.334912,0.001784121320249854,-0.004444444444444473,0.10000000000000142,-0.25,56.0,56.05,56.15,56.25,350.0,2.0,5347.0,2171.0,False,False
006208,2022-10-26 13:10:48.339943,0.001784121320249854,-0.004444444444444473,0.10000000000000142,-0.25,56.0,56.05,56.15,56.25,350.0,2.0,5347.0,2171.0,False,False
006208,2022-10-26 13:10:48.481453,0.001784121320249854,-0.004444444444444473,0.10000000000000142,-0.25,56.0,56.05,56.15,56.25,350.0,2.0,5347.0,2171.0,False,False
006208,2022-10-26 13:10:49.985745,0.001784121320249854,-0.004444444444444473,0.10000000000000142,-0.25,56.0,56.05,56.15,56.25,350.0,2.0,5347.0,2171.0,False,False
006208,2022-10-26 13:10:49.985928,0.001784121320249854,-0.004444444444444473,0.10000000000000142,-0.25,56.0,56.05,56.15,56.25,350.0,2.0,5347.0,2171.0,False,False
006208,2022-10-26 13:10:50.499319,0.001784121320249854,-0.004444444444444473,0.10000000000000142,-0.25,56.0,56.05,56.15,56.25,350.0,2.0,5347.0,2171.0,False,False
006208,2022-10-26 13:10:50.499340,0.001784121320249854,-0.004444444444444473,0.10000000000000142,-0.25,56.0,56.05,56.15,56.25,350.0,2.0,5347.0,2171.0,False,False
006208,2022-10-26 13:10:54.996270,0.001784121320249854,-0.004444444444444473,0.10000000000000142,-0.25,56.0,56.05,56.15,56.25,350.0,2.0,5347.0,2171.0,False,False
006208,2022-10-26 13:10:54.996338,0.001784121320249854,-0.004444444444444473,0.10000000000000142,-0.25,56.0,56.05,56.15,56.25,350.0,2.0,5347.0,2171.0,False,False
006208,2022-10-26 13:10:55.477544,0.001784121320249854,-0.004444444444444473,0.10000000000000142,-0.25,56.0,56.05,56.15,56.25,350.0,2.0,5347.0,2171.0,False,False
006208,2022-10-26 13:10:55.477669,0.001784121320249854,-0.004444444444444473,0.10000000000000142,-0.25,56.0,56.05,56.15,56.25,350.0,2.0,5347.0,2171.0,False,False
006208,2022-10-26 13:10:58.466040,0.001784121320249854,-0.004444444444444473,0.10000000000000142,-0.25,56.0,56.05,56.15,56.25,350.0,2.0,5347.0,2171.0,False,False
006208,2022-10-26 13:10:58.468201,0.001784121320249854,-0.004444444444444473,0.10000000000000142,-0.25,56.0,56.05,56.15,56.25,350.0,2.0,5347.0,2171.0,False,False
006208,2022-10-26 13:10:58.600685,0.001784121320249854,-0.004444444444444473,0.10000000000000142,-0.25,56.0,56.05,56.15,56.25,350.0,2.0,5347.0,2171.0,False,False
006208,2022-10-26 13:10:59.993670,0.001784121320249854,-0.004444444444444473,0.10000000000000142,-0.25,56.0,56.05,56.15,56.25,350.0,2.0,5347.0,2171.0,False,False
006208,2022-10-26 13:10:59.993773,0.001784121320249854,-0.004444444444444473,0.10000000000000142,-0.25,56.0,56.05,56.15,56.25,350.0,2.0,5347.0,2171.0,False,False
006208,2022-10-26 13:11:00.736967,0.00267618198037467,-0.004444444444444473,0.15000000000000568,-0.25,56.0,56.05,56.2,56.25,350.0,2.0,200.0,2171.0,True,True
006208,2022-10-26 13:11:00.969237,0.00267618198037467,-0.004444444444444473,0.15000000000000568,-0.25,56.0,56.05,56.2,56.25,350.0,1.0,200.0,2171.0,False,False
006208,2022-10-26 13:11:02.252736,0.00267618198037467,-0.004444444444444473,0.15000000000000568,-0.25,56.0,56.05,56.2,56.25,350.0,1.0,200.0,2171.0,False,False
006208,2022-10-26 13:11:02.302189,0.00267618198037467,-0.004444444444444473,0.15000000000000568,-0.25,56.0,56.05,56.2,56.25,290.0,1.0,200.0,2171.0,False,False
006208,2022-10-26 13:11:02.352771,0.00267618198037467,-0.004444444444444473,0.15000000000000568,-0.25,56.0,56.05,56.2,56.25,350.0,1.0,200.0,2171.0,False,False
006208,2022-10-26 13:11:03.019338,0.00267618198037467,-0.004444444444444473,0.15000000000000568,-0.25,56.0,56.05,56.2,56.25,350.0,1.0,200.0,2171.0,False,False
006208,2022-10-26 13:11:03.019560,0.00267618198037467,-0.004444444444444473,0.15000000000000568,-0.25,56.0,56.05,56.2,56.25,350.0,1.0,200.0,2171.0,False,False
006208,2022-10-26 13:11:04.225490,0.00267618198037467,-0.004444444444444473,0.15000000000000568,-0.25,56.0,56.05,56.2,56.25,350.0,1.0,200.0,2171.0,False,False
006208,2022-10-26 13:11:04.225681,0.00267618198037467,-0.004444444444444473,0.15000000000000568,-0.25,56.0,56.05,56.2,56.25,350.0,1.0,200.0,2171.0,False,False
006208,2022-10-26 13:11:06.228527,0.00267618198037467,-0.004444444444444473,0.15000000000000568,-0.25,56.0,56.05,56.2,56.25,350.0,1.0,200.0,2171.0,False,False
006208,2022-10-26 13:11:06.244383,0.00267618198037467,-0.004444444444444473,0.15000000000000568,-0.25,56.0,56.05,56.2,56.25,290.0,1.0,200.0,2171.0,False,False
006208,2022-10-26 13:11:06.556625,0.00267618198037467,-0.004444444444444473,0.15000000000000568,-0.25,56.0,56.05,56.2,56.25,290.0,1.0,200.0,2171.0,False,False
006208,2022-10-26 13:11:06.907495,0.00267618198037467,-0.004444444444444473,0.15000000000000568,-0.25,56.0,56.05,56.2,56.25,290.0,1.0,200.0,2171.0,False,False
006208,2022-10-26 13:11:06.927903,0.00267618198037467,-0.004444444444444473,0.15000000000000568,-0.25,56.0,56.05,56.2,56.25,290.0,1.0,200.0,2171.0,False,False
006208,2022-10-26 13:11:07.127607,0.00267618198037467,-0.004444444444444473,0.15000000000000568,-0.25,56.0,56.05,56.2,56.25,290.0,1.0,200.0,2171.0,False,False
006208,2022-10-26 13:11:07.994308,0.00267618198037467,-0.004444444444444473,0.15000000000000568,-0.25,56.0,56.05,56.2,56.25,290.0,1.0,200.0,2171.0,False,False
006208,2022-10-26 13:11:08.123954,0.00267618198037467,-0.004444444444444473,0.15000000000000568,-0.25,56.0,56.05,56.2,56.25,290.0,1.0,200.0,2171.0,False,False
006208,2022-10-26 13:11:10.777583,0.00267618198037467,-0.004444444444444473,0.15000000000000568,-0.25,56.0,56.05,56.2,56.25,290.0,1.0,200.0,2171.0,True,True
006208,2022-10-26 13:11:11.692833,0.00267618198037467,-0.004444444444444473,0.15000000000000568,-0.25,56.0,56.05,56.2,56.25,350.0,1.0,200.0,2171.0,False,False
006208,2022-10-26 13:11:12.102840,0.00267618198037467,-0.004444444444444473,0.15000000000000568,-0.25,56.0,56.05,56.2,56.25,290.0,1.0,200.0,2171.0,False,False
006208,2022-10-26 13:11:12.715210,0.00267618198037467,-0.004444444444444473,0.15000000000000568,-0.25,56.0,56.05,56.2,56.25,350.0,1.0,200.0,2171.0,False,False
006208,2022-10-26 13:11:14.908518,0.00267618198037467,-0.004444444444444473,0.15000000000000568,-0.25,56.0,56.05,56.2,56.25,300.0,1.0,200.0,2171.0,False,False
006208,2022-10-26 13:11:14.921171,0.00267618198037467,-0.004444444444444473,0.15000000000000568,-0.25,56.0,56.05,56.2,56.25,300.0,1.0,200.0,2171.0,False,False
006208,2022-10-26 13:11:14.994761,0.00267618198037467,-0.004444444444444473,0.15000000000000568,-0.25,56.0,56.05,56.2,56.25,350.0,1.0,200.0,2171.0,False,False
006208,2022-10-26 13:11:15.347933,0.00267618198037467,-0.004444444444444473,0.15000000000000568,-0.25,56.0,56.05,56.2,56.25,300.0,1.0,200.0,2171.0,False,False
006208,2022-10-26 13:11:15.384954,0.0017825311942958333,-0.004444444444444473,0.10000000000000142,-0.25,56.0,56.1,56.2,56.25,300.0,14.0,200.0,2171.0,False,False
006208,2022-10-26 13:11:15.420361,0.0017825311942958333,-0.004444444444444473,0.10000000000000142,-0.25,56.0,56.1,56.2,56.25,300.0,14.0,200.0,2171.0,False,False
006208,2022-10-26 13:11:15.682045,0.0017825311942958333,-0.004444444444444473,0.10000000000000142,-0.25,56.0,56.1,56.2,56.25,300.0,14.0,200.0,2171.0,False,False
006208,2022-10-26 13:11:15.791947,0.0017825311942958333,-0.004444444444444473,0.10000000000000142,-0.25,56.0,56.1,56.2,56.25,300.0,14.0,200.0,2171.0,False,False
006208,2022-10-26 13:11:15.792202,0.0017825311942958333,-0.004444444444444473,0.10000000000000142,-0.25,56.0,56.1,56.2,56.25,300.0,14.0,200.0,2171.0,False,False
006208,2022-10-26 13:11:16.020255,0.0017825311942958333,-0.004444444444444473,0.10000000000000142,-0.25,56.0,56.1,56.2,56.25,300.0,15.0,200.0,2171.0,False,False
006208,2022-10-26 13:11:16.690963,0.0017825311942958333,-0.004444444444444473,0.10000000000000142,-0.25,56.0,56.1,56.2,56.25,300.0,15.0,200.0,2171.0,False,False
006208,2022-10-26 13:11:18.146674,0.0017825311942958333,-0.004444444444444473,0.10000000000000142,-0.25,56.0,56.1,56.2,56.25,300.0,15.0,200.0,2171.0,False,False
006208,2022-10-26 13:11:18.163240,0.0017825311942958333,-0.004444444444444473,0.10000000000000142,-0.25,56.0,56.1,56.2,56.25,300.0,15.0,200.0,2171.0,False,False
006208,2022-10-26 13:11:18.298270,0.0017825311942958333,-0.004444444444444473,0.10000000000000142,-0.25,56.0,56.1,56.2,56.25,300.0,15.0,200.0,2171.0,False,False
006208,2022-10-26 13:11:20.023128,0.0017825311942958333,-0.004444444444444473,0.10000000000000142,-0.25,56.0,56.1,56.2,56.25,300.0,15.0,200.0,2171.0,False,False
006208,2022-10-26 13:11:20.032900,0.0017825311942958333,-0.004444444444444473,0.10000000000000142,-0.25,56.0,56.1,56.2,56.25,350.0,15.0,200.0,2171.0,False,False
006208,2022-10-26 13:11:20.507648,0.0017825311942958333,-0.004444444444444473,0.10000000000000142,-0.25,56.0,56.1,56.2,56.25,290.0,15.0,200.0,2171.0,False,False
006208,2022-10-26 13:11:20.828490,0.0017825311942958333,-0.004444444444444473,0.10000000000000142,-0.25,56.0,56.1,56.2,56.25,290.0,15.0,200.0,2171.0,True,True
006208,2022-10-26 13:11:21.086891,0.0017825311942958333,-0.004444444444444473,0.10000000000000142,-0.25,56.0,56.1,56.2,56.25,290.0,14.0,200.0,2171.0,False,False
006208,2022-10-26 13:11:22.189995,0.0017825311942958333,-0.004444444444444473,0.10000000000000142,-0.25,56.0,56.1,56.2,56.25,350.0,14.0,200.0,2171.0,False,False
006208,2022-10-26 13:11:23.442089,0.0017825311942958333,-0.004444444444444473,0.10000000000000142,-0.25,56.0,56.1,56.2,56.25,350.0,54.0,200.0,2171.0,False,False
006208,2022-10-26 13:11:23.515485,0.0017825311942958333,-0.004444444444444473,0.10000000000000142,-0.25,56.0,56.1,56.2,56.25,290.0,54.0,200.0,2171.0,False,False
006208,2022-10-26 13:11:23.614887,0.0017825311942958333,-0.004444444444444473,0.10000000000000142,-0.25,56.0,56.1,56.2,56.25,290.0,54.0,200.0,2171.0,False,False
006208,2022-10-26 13:11:25.693493,0.0017825311942958333,-0.004444444444444473,0.10000000000000142,-0.25,56.0,56.1,56.2,56.25,290.0,54.0,200.0,2171.0,False,False
006208,2022-10-26 13:11:25.695866,0.0017825311942958333,-0.004444444444444473,0.10000000000000142,-0.25,56.0,56.1,56.2,56.25,290.0,54.0,200.0,2171.0,False,False
006208,2022-10-26 13:11:25.815996,0.0017825311942958333,-0.004444444444444473,0.10000000000000142,-0.25,56.0,56.1,56.2,56.25,290.0,54.0,200.0,2171.0,False,False
006208,2022-10-26 13:11:28.291987,0.0017825311942958333,-0.004444444444444473,0.10000000000000142,-0.25,56.0,56.1,56.2,56.25,350.0,54.0,200.0,2171.0,False,False
006208,2022-10-26 13:11:28.302173,0.0017825311942958333,-0.004444444444444473,0.10000000000000142,-0.25,56.0,56.1,56.2,56.25,290.0,54.0,200.0,2171.0,False,False
006208,2022-10-26 13:11:28.408981,0.0017825311942958333,-0.004444444444444473,0.10000000000000142,-0.25,56.0,56.1,56.2,56.25,290.0,55.0,200.0,2171.0,False,False
006208,2022-10-26 13:11:29.355389,0.0017825311942958333,-0.004444444444444473,0.10000000000000142,-0.25,56.0,56.1,56.2,56.25,350.0,55.0,200.0,2171.0,False,False
006208,2022-10-26 13:11:30.021710,0.0017825311942958333,-0.004444444444444473,0.10000000000000142,-0.25,56.0,56.1,56.2,56.25,350.0,55.0,200.0,2171.0,False,False
006208,2022-10-26 13:11:30.021867,0.0017825311942958333,-0.004444444444444473,0.10000000000000142,-0.25,56.0,56.1,56.2,56.25,350.0,55.0,200.0,2171.0,False,False
006208,2022-10-26 13:11:30.287226,0.0017825311942958333,-0.004444444444444473,0.10000000000000142,-0.25,56.0,56.1,56.2,56.25,350.0,55.0,200.0,2171.0,False,False
006208,2022-10-26 13:11:30.316716,0.0017825311942958333,-0.004444444444444473,0.10000000000000142,-0.25,56.0,56.1,56.2,56.25,300.0,15.0,200.0,2171.0,False,False
006208,2022-10-26 13:11:30.860196,0.0017825311942958333,-0.004444444444444473,0.10000000000000142,-0.25,56.0,56.1,56.2,56.25,300.0,15.0,200.0,2171.0,False,False
006208,2022-10-26 13:11:30.900642,0.0017825311942958333,-0.004444444444444473,0.10000000000000142,-0.25,56.0,56.1,56.2,56.25,300.0,15.0,200.0,2151.0,True,True
006208,2022-10-26 13:11:30.936420,0.0017825311942958333,-0.004444444444444473,0.10000000000000142,-0.25,56.0,56.1,56.2,56.25,240.0,15.0,200.0,2151.0,False,False
006208,2022-10-26 13:11:31.280549,0.0017825311942958333,-0.004444444444444473,0.10000000000000142,-0.25,56.0,56.1,56.2,56.25,240.0,15.0,200.0,2151.0,False,False
006208,2022-10-26 13:11:31.292313,0.0017825311942958333,-0.004444444444444473,0.10000000000000142,-0.25,56.0,56.1,56.2,56.25,240.0,15.0,200.0,2151.0,False,False
006208,2022-10-26 13:11:31.490949,0.0017825311942958333,-0.004444444444444473,0.10000000000000142,-0.25,56.0,56.1,56.2,56.25,240.0,15.0,200.0,2151.0,False,False
006208,2022-10-26 13:11:31.491147,0.0017825311942958333,-0.004444444444444473,0.10000000000000142,-0.25,56.0,56.1,56.2,56.25,240.0,15.0,200.0,2151.0,False,False
006208,2022-10-26 13:11:33.845604,0.0017825311942958333,-0.004444444444444473,0.10000000000000142,-0.25,56.0,56.1,56.2,56.25,240.0,55.0,200.0,2151.0,False,False
006208,2022-10-26 13:11:33.971099,0.0017825311942958333,-0.004444444444444473,0.10000000000000142,-0.25,56.0,56.1,56.2,56.25,240.0,95.0,200.0,2151.0,False,False
006208,2022-10-26 13:11:34.702097,0.0017825311942958333,-0.004444444444444473,0.10000000000000142,-0.25,56.0,56.1,56.2,56.25,240.0,55.0,200.0,2151.0,False,False
006208,2022-10-26 13:11:35.018622,0.0017825311942958333,-0.004444444444444473,0.10000000000000142,-0.25,56.0,56.1,56.2,56.25,240.0,55.0,200.0,2151.0,False,False
006208,2022-10-26 13:11:35.029520,0.0017825311942958333,-0.004444444444444473,0.10000000000000142,-0.25,56.0,56.1,56.2,56.25,290.0,55.0,200.0,2151.0,False,False
006208,2022-10-26 13:11:35.383692,0.0017825311942958333,-0.004444444444444473,0.10000000000000142,-0.25,56.0,56.1,56.2,56.25,290.0,55.0,200.0,2151.0,False,False
006208,2022-10-26 13:11:35.393282,0.0017825311942958333,-0.004444444444444473,0.10000000000000142,-0.25,56.0,56.1,56.2,56.25,290.0,55.0,200.0,2151.0,False,False
006208,2022-10-26 13:11:35.805686,0.0017825311942958333,-0.004444444444444473,0.10000000000000142,-0.25,56.0,56.1,56.2,56.25,290.0,55.0,200.0,2151.0,False,False
006208,2022-10-26 13:11:35.811895,0.0017825311942958333,-0.004444444444444473,0.10000000000000142,-0.25,56.0,56.1,56.2,56.25,290.0,55.0,200.0,2151.0,False,False
006208,2022-10-26 13:11:35.954204,0.0017825311942958333,-0.004444444444444473,0.10000000000000142,-0.25,56.0,56.1,56.2,56.25,190.0,130.0,200.0,2151.0,False,False
006208,2022-10-26 13:11:36.083308,0.0017825311942958333,-0.004444444444444473,0.10000000000000142,-0.25,56.0,56.1,56.2,56.25,190.0,170.0,200.0,2151.0,False,False
006208,2022-10-26 13:11:36.361096,0.0017825311942958333,-0.004444444444444473,0.10000000000000142,-0.25,56.0,56.1,56.2,56.25,190.0,130.0,200.0,2151.0,False,False
006208,2022-10-26 13:11:36.844836,0.0017825311942958333,-0.004444444444444473,0.10000000000000142,-0.25,56.0,56.1,56.2,56.25,190.0,230.0,200.0,2151.0,False,False
006208,2022-10-26 13:11:36.844869,0.0017825311942958333,-0.004444444444444473,0.10000000000000142,-0.25,56.0,56.1,56.2,56.25,190.0,230.0,200.0,2151.0,False,False
006208,2022-10-26 13:11:37.979910,0.0017825311942958333,-0.004444444444444473,0.10000000000000142,-0.25,56.0,56.1,56.2,56.25,190.0,230.0,200.0,2151.0,False,False
006208,2022-10-26 13:11:37.990240,0.0017825311942958333,-0.004444444444444473,0.10000000000000142,-0.25,56.0,56.1,56.2,56.25,140.0,230.0,200.0,2151.0,False,False
006208,2022-10-26 13:11:38.545147,0.0017825311942958333,-0.004444444444444473,0.10000000000000142,-0.25,56.0,56.1,56.2,56.25,140.0,270.0,200.0,2151.0,False,False
006208,2022-10-26 13:11:40.942229,0.0008912655971478056,-0.003558718861210064,0.04999999999999716,-0.20000000000000284,56.0,56.1,56.15,56.2,140.0,270.0,5347.0,659.0,True,True
006208,2022-10-26 13:11:43.614684,0.0008912655971478056,-0.003558718861210064,0.04999999999999716,-0.20000000000000284,56.0,56.1,56.15,56.2,140.0,270.0,5347.0,659.0,False,False
006208,2022-10-26 13:11:43.614843,0.0008912655971478056,-0.003558718861210064,0.04999999999999716,-0.20000000000000284,56.0,56.1,56.15,56.2,140.0,270.0,5347.0,659.0,False,False
006208,2022-10-26 13:11:45.017668,0.0008912655971478056,-0.003558718861210064,0.04999999999999716,-0.20000000000000284,56.0,56.1,56.15,56.2,140.0,270.0,5347.0,659.0,False,False
006208,2022-10-26 13:11:45.091401,0.0008912655971478056,-0.003558718861210064,0.04999999999999716,-0.20000000000000284,56.0,56.1,56.15,56.2,140.0,270.0,5347.0,659.0,False,False
006208,2022-10-26 13:11:45.102793,0.0008912655971478056,-0.003558718861210064,0.04999999999999716,-0.20000000000000284,56.0,56.1,56.15,56.2,190.0,270.0,5347.0,659.0,False,False
006208,2022-10-26 13:11:45.877680,0.0008912655971478056,-0.003558718861210064,0.04999999999999716,-0.20000000000000284,56.0,56.1,56.15,56.2,190.0,276.0,5347.0,659.0,False,False
006208,2022-10-26 13:11:45.956434,0.0008912655971478056,-0.003558718861210064,0.04999999999999716,-0.20000000000000284,56.0,56.1,56.15,56.2,190.0,276.0,5347.0,659.0,False,False
006208,2022-10-26 13:11:46.088055,0.0008912655971478056,-0.003558718861210064,0.04999999999999716,-0.20000000000000284,56.0,56.1,56.15,56.2,190.0,276.0,5347.0,659.0,False,False
006208,2022-10-26 13:11:46.130488,0.0008912655971478056,-0.003558718861210064,0.04999999999999716,-0.20000000000000284,56.0,56.1,56.15,56.2,190.0,276.0,5347.0,659.0,False,False
006208,2022-10-26 13:11:48.273160,0.0008912655971478056,-0.003558718861210064,0.04999999999999716,-0.20000000000000284,56.0,56.1,56.15,56.2,190.0,277.0,5347.0,659.0,False,False
006208,2022-10-26 13:11:50.984286,0.0008912655971478056,-0.003558718861210064,0.04999999999999716,-0.20000000000000284,56.0,56.1,56.15,56.2,190.0,277.0,5347.0,659.0,True,True
006208,2022-10-26 13:11:51.479684,0.0008912655971478056,-0.003558718861210064,0.04999999999999716,-0.20000000000000284,56.0,56.1,56.15,56.2,190.0,277.0,5347.0,659.0,False,False
006208,2022-10-26 13:11:51.479950,0.0008912655971478056,-0.003558718861210064,0.04999999999999716,-0.20000000000000284,56.0,56.1,56.15,56.2,190.0,277.0,5347.0,659.0,False,False
006208,2022-10-26 13:11:52.956231,0.0008912655971478056,-0.002669039145907548,0.04999999999999716,-0.15000000000000568,56.05,56.1,56.15,56.2,1.0,277.0,5347.0,659.0,False,False
006208,2022-10-26 13:11:52.977059,0.0008912655971478056,-0.002669039145907548,0.04999999999999716,-0.15000000000000568,56.05,56.1,56.15,56.2,1.0,277.0,5347.0,659.0,False,False
006208,2022-10-26 13:11:53.023251,0.0008912655971478056,-0.002669039145907548,0.04999999999999716,-0.15000000000000568,56.05,56.1,56.15,56.2,1.0,277.0,5347.0,659.0,False,False
006208,2022-10-26 13:11:53.179350,0.0008912655971478056,-0.002669039145907548,0.04999999999999716,-0.15000000000000568,56.05,56.1,56.15,56.2,1.0,277.0,5347.0,659.0,False,False
006208,2022-10-26 13:11:53.300112,0.0008912655971478056,-0.002669039145907548,0.04999999999999716,-0.15000000000000568,56.05,56.1,56.15,56.2,1.0,277.0,5347.0,659.0,False,False
006208,2022-10-26 13:11:53.803238,0.0008912655971478056,-0.002669039145907548,0.04999999999999716,-0.15000000000000568,56.05,56.1,56.15,56.2,1.0,277.0,5347.0,659.0,False,False
006208,2022-10-26 13:11:53.894407,0.0008912655971478056,-0.002669039145907548,0.04999999999999716,-0.15000000000000568,56.05,56.1,56.15,56.2,1.0,277.0,5347.0,659.0,False,False
006208,2022-10-26 13:11:53.922461,0.0008912655971478056,-0.002669039145907548,0.04999999999999716,-0.15000000000000568,56.05,56.1,56.15,56.2,1.0,277.0,5347.0,659.0,False,False
006208,2022-10-26 13:11:55.746116,0.0008912655971478056,-0.002669039145907548,0.04999999999999716,-0.15000000000000568,56.05,56.1,56.15,56.2,1.0,277.0,5347.0,659.0,False,False
006208,2022-10-26 13:11:55.758113,0.0008912655971478056,-0.002669039145907548,0.04999999999999716,-0.15000000000000568,56.05,56.1,56.15,56.2,1.0,277.0,5347.0,659.0,False,False
006208,2022-10-26 13:11:55.853510,0.0008912655971478056,-0.002669039145907548,0.04999999999999716,-0.15000000000000568,56.05,56.1,56.15,56.2,1.0,277.0,5347.0,659.0,False,False
006208,2022-10-26 13:11:56.783870,0.0008912655971478056,-0.002669039145907548,0.04999999999999716,-0.15000000000000568,56.05,56.1,56.15,56.2,1.0,277.0,5347.0,659.0,False,False
006208,2022-10-26 13:11:56.784008,0.0008912655971478056,-0.002669039145907548,0.04999999999999716,-0.15000000000000568,56.05,56.1,56.15,56.2,1.0,277.0,5347.0,659.0,False,False
006208,2022-10-26 13:11:56.968319,0.0008912655971478056,-0.002669039145907548,0.04999999999999716,-0.15000000000000568,56.05,56.1,56.15,56.2,1.0,277.0,5347.0,659.0,False,False
006208,2022-10-26 13:11:57.058738,0.0008912655971478056,-0.002669039145907548,0.04999999999999716,-0.15000000000000568,56.05,56.1,56.15,56.2,1.0,277.0,5347.0,659.0,False,False
006208,2022-10-26 13:11:59.815285,0.0008912655971478056,-0.002669039145907548,0.04999999999999716,-0.15000000000000568,56.05,56.1,56.15,56.2,1.0,277.0,5347.0,659.0,False,False
006208,2022-10-26 13:11:59.815395,0.0008912655971478056,-0.002669039145907548,0.04999999999999716,-0.15000000000000568,56.05,56.1,56.15,56.2,1.0,277.0,5347.0,659.0,False,False
006208,2022-10-26 13:11:59.990693,0.0008912655971478056,-0.002669039145907548,0.04999999999999716,-0.15000000000000568,56.05,56.1,56.15,56.2,1.0,277.0,5347.0,659.0,False,False
006208,2022-10-26 13:12:00.087880,0.0008912655971478056,-0.002669039145907548,0.04999999999999716,-0.15000000000000568,56.05,56.1,56.15,56.2,1.0,277.0,5347.0,659.0,False,False
006208,2022-10-26 13:12:00.379634,0.0008912655971478056,-0.002669039145907548,0.04999999999999716,-0.15000000000000568,56.05,56.1,56.15,56.2,1.0,277.0,5347.0,659.0,False,False
006208,2022-10-26 13:12:01.024420,0.0008912655971478056,-0.002669039145907548,0.04999999999999716,-0.15000000000000568,56.05,56.1,56.15,56.2,1.0,277.0,5347.0,159.0,True,True
006208,2022-10-26 13:12:02.238973,0.0008912655971478056,-0.002669039145907548,0.04999999999999716,-0.15000000000000568,56.05,56.1,56.15,56.2,1.0,277.0,5347.0,159.0,False,False
006208,2022-10-26 13:12:02.318033,0.0008912655971478056,-0.002669039145907548,0.04999999999999716,-0.15000000000000568,56.05,56.1,56.15,56.2,1.0,277.0,5347.0,159.0,False,False
006208,2022-10-26 13:12:03.175158,0.0008912655971478056,-0.002669039145907548,0.04999999999999716,-0.15000000000000568,56.05,56.1,56.15,56.2,1.0,277.0,5347.0,159.0,False,False
006208,2022-10-26 13:12:03.179294,0.0008912655971478056,-0.002669039145907548,0.04999999999999716,-0.15000000000000568,56.05,56.1,56.15,56.2,1.0,277.0,5347.0,159.0,False,False
006208,2022-10-26 13:12:03.310181,0.0008912655971478056,-0.002669039145907548,0.04999999999999716,-0.15000000000000568,56.05,56.1,56.15,56.2,1.0,277.0,5347.0,159.0,False,False
006208,2022-10-26 13:12:06.148135,0.0008912655971478056,-0.002669039145907548,0.04999999999999716,-0.15000000000000568,56.05,56.1,56.15,56.2,1.0,277.0,5347.0,159.0,False,False
006208,2022-10-26 13:12:10.424832,0.0008912655971478056,-0.002669039145907548,0.04999999999999716,-0.15000000000000568,56.05,56.1,56.15,56.2,1.0,277.0,5347.0,159.0,False,False
006208,2022-10-26 13:12:10.425022,0.0008912655971478056,-0.002669039145907548,0.04999999999999716,-0.15000000000000568,56.05,56.1,56.15,56.2,1.0,277.0,5347.0,159.0,False,False
006208,2022-10-26 13:12:10.698572,0.0008912655971478056,-0.002669039145907548,0.04999999999999716,-0.15000000000000568,56.05,56.1,56.15,56.2,1.0,277.0,5347.0,159.0,False,False
006208,2022-10-26 13:12:10.698657,0.0008912655971478056,-0.002669039145907548,0.04999999999999716,-0.15000000000000568,56.05,56.1,56.15,56.2,1.0,277.0,5347.0,159.0,False,False
006208,2022-10-26 13:12:11.074300,0.0008912655971478056,-0.002669039145907548,0.04999999999999716,-0.15000000000000568,56.05,56.1,56.15,56.2,1.0,277.0,5347.0,159.0,True,True
006208,2022-10-26 13:12:12.290669,0.0008912655971478056,-0.002669039145907548,0.04999999999999716,-0.15000000000000568,56.05,56.1,56.15,56.2,1.0,277.0,5347.0,159.0,False,False
006208,2022-10-26 13:12:13.139770,0.0008912655971478056,-0.002669039145907548,0.04999999999999716,-0.15000000000000568,56.05,56.1,56.15,56.2,1.0,276.0,5347.0,159.0,False,False
006208,2022-10-26 13:12:13.304015,0.0008912655971478056,-0.002669039145907548,0.04999999999999716,-0.15000000000000568,56.05,56.1,56.15,56.2,1.0,276.0,5347.0,159.0,False,False
006208,2022-10-26 13:12:13.323057,0.0008912655971478056,-0.002669039145907548,0.04999999999999716,-0.15000000000000568,56.05,56.1,56.15,56.2,1.0,276.0,5347.0,159.0,False,False
006208,2022-10-26 13:12:13.437845,0.0008912655971478056,-0.002669039145907548,0.04999999999999716,-0.15000000000000568,56.05,56.1,56.15,56.2,1.0,276.0,5347.0,159.0,False,False
006208,2022-10-26 13:12:13.615330,0.0008912655971478056,-0.002669039145907548,0.04999999999999716,-0.15000000000000568,56.05,56.1,56.15,56.2,1.0,276.0,5347.0,159.0,False,False
006208,2022-10-26 13:12:13.708962,0.0008912655971478056,-0.002669039145907548,0.04999999999999716,-0.15000000000000568,56.05,56.1,56.15,56.2,1.0,176.0,5347.0,159.0,False,False
006208,2022-10-26 13:12:13.788674,0.0008912655971478056,-0.002669039145907548,0.04999999999999716,-0.15000000000000568,56.05,56.1,56.15,56.2,1.0,176.0,5347.0,159.0,False,False
006208,2022-10-26 13:12:14.709886,0.0008912655971478056,-0.002669039145907548,0.04999999999999716,-0.15000000000000568,56.05,56.1,56.15,56.2,1.0,276.0,5347.0,159.0,False,False
006208,2022-10-26 13:12:16.235061,0.0008912655971478056,-0.002669039145907548,0.04999999999999716,-0.15000000000000568,56.05,56.1,56.15,56.2,1.0,276.0,5347.0,159.0,False,False
006208,2022-10-26 13:12:16.236708,0.0008912655971478056,-0.002669039145907548,0.04999999999999716,-0.15000000000000568,56.05,56.1,56.15,56.2,1.0,276.0,5347.0,159.0,False,False
006208,2022-10-26 13:12:17.495868,0.0008912655971478056,-0.002669039145907548,0.04999999999999716,-0.15000000000000568,56.05,56.1,56.15,56.2,1.0,276.0,5347.0,159.0,False,False
006208,2022-10-26 13:12:18.343483,0.0008912655971478056,-0.002669039145907548,0.04999999999999716,-0.15000000000000568,56.05,56.1,56.15,56.2,1.0,276.0,5347.0,159.0,False,False
006208,2022-10-26 13:12:18.354228,0.0008912655971478056,-0.002669039145907548,0.04999999999999716,-0.15000000000000568,56.05,56.1,56.15,56.2,1.0,276.0,5347.0,159.0,False,False
006208,2022-10-26 13:12:18.374907,0.0008912655971478056,-0.002669039145907548,0.04999999999999716,-0.15000000000000568,56.05,56.1,56.15,56.2,1.0,176.0,5347.0,159.0,False,False
006208,2022-10-26 13:12:19.376386,0.0008912655971478056,-0.002669039145907548,0.04999999999999716,-0.15000000000000568,56.05,56.1,56.15,56.2,1.0,176.0,5347.0,159.0,False,False
006208,2022-10-26 13:12:21.138391,0.0008912655971478056,-0.002669039145907548,0.04999999999999716,-0.15000000000000568,56.05,56.1,56.15,56.2,1.0,176.0,5347.0,149.0,True,True
006208,2022-10-26 13:12:23.433073,0.0008912655971478056,-0.002669039145907548,0.04999999999999716,-0.15000000000000568,56.05,56.1,56.15,56.2,1.0,176.0,5347.0,149.0,False,False
006208,2022-10-26 13:12:23.469871,0.0008912655971478056,-0.002669039145907548,0.04999999999999716,-0.15000000000000568,56.05,56.1,56.15,56.2,1.0,176.0,5347.0,149.0,False,False
006208,2022-10-26 13:12:23.563495,0.0008912655971478056,-0.002669039145907548,0.04999999999999716,-0.15000000000000568,56.05,56.1,56.15,56.2,1.0,176.0,5347.0,149.0,False,False
006208,2022-10-26 13:12:23.646856,0.0008912655971478056,-0.002669039145907548,0.04999999999999716,-0.15000000000000568,56.05,56.1,56.15,56.2,1.0,176.0,5347.0,149.0,False,False
006208,2022-10-26 13:12:23.759643,0.0008912655971478056,-0.002669039145907548,0.04999999999999716,-0.15000000000000568,56.05,56.1,56.15,56.2,1.0,176.0,5347.0,149.0,False,False
006208,2022-10-26 13:12:24.471302,0.0008912655971478056,-0.002669039145907548,0.04999999999999716,-0.15000000000000568,56.05,56.1,56.15,56.2,1.0,276.0,5347.0,149.0,False,False
006208,2022-10-26 13:12:25.252280,0.0008912655971478056,-0.002669039145907548,0.04999999999999716,-0.15000000000000568,56.05,56.1,56.15,56.2,2.0,276.0,5347.0,149.0,False,False
006208,2022-10-26 13:12:31.200287,0.0008912655971478056,-0.002669039145907548,0.04999999999999716,-0.15000000000000568,56.05,56.1,56.15,56.2,2.0,276.0,5347.0,806.0,True,True
006208,2022-10-26 13:12:31.656142,0.0008912655971478056,-0.002669039145907548,0.04999999999999716,-0.15000000000000568,56.05,56.1,56.15,56.2,2.0,275.0,5347.0,806.0,False,False
006208,2022-10-26 13:12:33.561320,0.0008912655971478056,-0.002669039145907548,0.04999999999999716,-0.15000000000000568,56.05,56.1,56.15,56.2,2.0,275.0,5347.0,806.0,False,False
006208,2022-10-26 13:12:33.568679,0.0008912655971478056,-0.002669039145907548,0.04999999999999716,-0.15000000000000568,56.05,56.1,56.15,56.2,2.0,275.0,5347.0,806.0,False,False
006208,2022-10-26 13:12:33.715096,0.0008912655971478056,-0.002669039145907548,0.04999999999999716,-0.15000000000000568,56.05,56.1,56.15,56.2,2.0,275.0,5347.0,806.0,False,False
006208,2022-10-26 13:12:33.822365,0.0008912655971478056,-0.002669039145907548,0.04999999999999716,-0.15000000000000568,56.05,56.1,56.15,56.2,2.0,275.0,5347.0,806.0,False,False
006208,2022-10-26 13:12:38.862643,0.0008912655971478056,-0.002669039145907548,0.04999999999999716,-0.15000000000000568,56.05,56.1,56.15,56.2,2.0,275.0,5347.0,806.0,False,False
006208,2022-10-26 13:12:38.862854,0.0008912655971478056,-0.002669039145907548,0.04999999999999716,-0.15000000000000568,56.05,56.1,56.15,56.2,2.0,275.0,5347.0,806.0,False,False
006208,2022-10-26 13:12:38.946044,0.0008912655971478056,-0.002669039145907548,0.04999999999999716,-0.15000000000000568,56.05,56.1,56.15,56.2,2.0,275.0,5347.0,806.0,False,False
006208,2022-10-26 13:12:43.688098,0.0008912655971478056,-0.002669039145907548,0.04999999999999716,-0.15000000000000568,56.05,56.1,56.15,56.2,2.0,275.0,5347.0,806.0,False,False
006208,2022-10-26 13:12:43.702152,0.0008912655971478056,-0.002669039145907548,0.04999999999999716,-0.15000000000000568,56.05,56.1,56.15,56.2,2.0,275.0,5347.0,806.0,False,False
006208,2022-10-26 13:12:43.841181,0.0008912655971478056,-0.002669039145907548,0.04999999999999716,-0.15000000000000568,56.05,56.1,56.15,56.2,2.0,275.0,5347.0,806.0,False,False
006208,2022-10-26 13:12:44.566932,0.0008912655971478056,-0.002669039145907548,0.04999999999999716,-0.15000000000000568,56.05,56.1,56.15,56.2,2.0,275.0,5347.0,806.0,False,False
006208,2022-10-26 13:12:44.567133,0.0008912655971478056,-0.002669039145907548,0.04999999999999716,-0.15000000000000568,56.05,56.1,56.15,56.2,2.0,275.0,5347.0,806.0,False,False
006208,2022-10-26 13:12:45.010145,0.0008912655971478056,-0.002669039145907548,0.04999999999999716,-0.15000000000000568,56.05,56.1,56.15,56.2,2.0,275.0,5347.0,806.0,False,False
006208,2022-10-26 13:12:45.288517,0.0008912655971478056,-0.002669039145907548,0.04999999999999716,-0.15000000000000568,56.05,56.1,56.15,56.2,2.0,275.0,5347.0,806.0,False,False
006208,2022-10-26 13:12:45.368942,0.0008912655971478056,-0.002669039145907548,0.04999999999999716,-0.15000000000000568,56.05,56.1,56.15,56.2,2.0,275.0,5347.0,806.0,False,False
006208,2022-10-26 13:12:45.658688,0.0008912655971478056,-0.002669039145907548,0.04999999999999716,-0.15000000000000568,56.05,56.1,56.15,56.2,2.0,275.0,5347.0,806.0,False,False
006208,2022-10-26 13:12:45.658827,0.0008912655971478056,-0.002669039145907548,0.04999999999999716,-0.15000000000000568,56.05,56.1,56.15,56.2,2.0,275.0,5347.0,806.0,False,False
006208,2022-10-26 13:12:48.483122,0.0008912655971478056,-0.003558718861210064,0.04999999999999716,-0.20000000000000284,56.0,56.1,56.15,56.2,143.0,275.0,5347.0,806.0,False,False
006208,2022-10-26 13:12:48.508530,0.0008912655971478056,-0.003558718861210064,0.04999999999999716,-0.20000000000000284,56.0,56.1,56.15,56.2,143.0,275.0,5347.0,806.0,False,False
006208,2022-10-26 13:12:48.555187,0.0008912655971478056,-0.003558718861210064,0.04999999999999716,-0.20000000000000284,56.0,56.1,56.15,56.2,103.0,275.0,5347.0,806.0,False,False
006208,2022-10-26 13:12:48.734701,0.0008912655971478056,-0.003558718861210064,0.04999999999999716,-0.20000000000000284,56.0,56.1,56.15,56.2,103.0,275.0,5347.0,806.0,False,False
006208,2022-10-26 13:12:50.106949,0.0008912655971478056,-0.003558718861210064,0.04999999999999716,-0.20000000000000284,56.0,56.1,56.15,56.2,103.0,275.0,5347.0,806.0,False,False
006208,2022-10-26 13:12:50.117057,0.0008912655971478056,-0.003558718861210064,0.04999999999999716,-0.20000000000000284,56.0,56.1,56.15,56.2,103.0,275.0,5347.0,806.0,False,False
006208,2022-10-26 13:12:50.241809,0.0008912655971478056,-0.003558718861210064,0.04999999999999716,-0.20000000000000284,56.0,56.1,56.15,56.2,103.0,275.0,5347.0,806.0,False,False
006208,2022-10-26 13:12:50.304987,0.0008912655971478056,-0.003558718861210064,0.04999999999999716,-0.20000000000000284,56.0,56.1,56.15,56.2,103.0,275.0,5347.0,806.0,False,False
006208,2022-10-26 13:12:50.465357,0.0008912655971478056,-0.003558718861210064,0.04999999999999716,-0.20000000000000284,56.0,56.1,56.15,56.2,69.0,275.0,5347.0,806.0,False,False
006208,2022-10-26 13:12:50.614615,0.0008912655971478056,-0.003558718861210064,0.04999999999999716,-0.20000000000000284,56.0,56.1,56.15,56.2,69.0,275.0,5347.0,806.0,False,False
006208,2022-10-26 13:12:51.102239,0.0008912655971478056,-0.003558718861210064,0.04999999999999716,-0.20000000000000284,56.0,56.1,56.15,56.2,69.0,275.0,5347.0,806.0,False,False
006208,2022-10-26 13:12:51.102271,0.0008912655971478056,-0.003558718861210064,0.04999999999999716,-0.20000000000000284,56.0,56.1,56.15,56.2,69.0,275.0,5347.0,806.0,False,False
006208,2022-10-26 13:12:51.217923,0.0008912655971478056,-0.003558718861210064,0.04999999999999716,-0.20000000000000284,56.0,56.1,56.15,56.2,69.0,275.0,5347.0,806.0,False,False
006208,2022-10-26 13:12:51.320485,0.0008912655971478056,-0.003558718861210064,0.04999999999999716,-0.20000000000000284,56.0,56.1,56.15,56.2,69.0,275.0,5347.0,541.0,True,True
006208,2022-10-26 13:12:51.991830,0.0008912655971478056,-0.003558718861210064,0.04999999999999716,-0.20000000000000284,56.0,56.1,56.15,56.2,69.0,275.0,5347.0,541.0,False,False
006208,2022-10-26 13:12:52.814426,0.0008912655971478056,-0.003558718861210064,0.04999999999999716,-0.20000000000000284,56.0,56.1,56.15,56.2,69.0,275.0,5347.0,541.0,False,False
006208,2022-10-26 13:12:52.814604,0.0008912655971478056,-0.003558718861210064,0.04999999999999716,-0.20000000000000284,56.0,56.1,56.15,56.2,69.0,275.0,5347.0,541.0,False,False
006208,2022-10-26 13:12:54.077648,0.0008912655971478056,-0.003558718861210064,0.04999999999999716,-0.20000000000000284,56.0,56.1,56.15,56.2,69.0,275.0,5347.0,541.0,False,False
006208,2022-10-26 13:12:54.077877,0.0008912655971478056,-0.003558718861210064,0.04999999999999716,-0.20000000000000284,56.0,56.1,56.15,56.2,69.0,275.0,5347.0,541.0,False,False
006208,2022-10-26 13:12:55.023396,0.0008912655971478056,-0.003558718861210064,0.04999999999999716,-0.20000000000000284,56.0,56.1,56.15,56.2,69.0,275.0,5347.0,541.0,False,False
006208,2022-10-26 13:12:55.049478,0.0008912655971478056,-0.003558718861210064,0.04999999999999716,-0.20000000000000284,56.0,56.1,56.15,56.2,119.0,275.0,5347.0,541.0,False,False
006208,2022-10-26 13:12:55.210889,0.0008912655971478056,-0.003558718861210064,0.04999999999999716,-0.20000000000000284,56.0,56.1,56.15,56.2,119.0,274.0,5347.0,541.0,False,False
006208,2022-10-26 13:12:55.562646,0.0008912655971478056,-0.003558718861210064,0.04999999999999716,-0.20000000000000284,56.0,56.1,56.15,56.2,119.0,274.0,5347.0,541.0,False,False
006208,2022-10-26 13:12:55.572855,0.0008912655971478056,-0.003558718861210064,0.04999999999999716,-0.20000000000000284,56.0,56.1,56.15,56.2,69.0,274.0,5347.0,541.0,False,False
006208,2022-10-26 13:12:55.756204,0.001784121320249854,-0.003558718861210064,0.10000000000000142,-0.20000000000000284,56.0,56.05,56.15,56.2,69.0,1.0,5347.0,541.0,False,False
006208,2022-10-26 13:12:55.790366,0.001784121320249854,-0.003558718861210064,0.10000000000000142,-0.20000000000000284,56.0,56.05,56.15,56.2,69.0,1.0,5347.0,541.0,False,False
006208,2022-10-26 13:12:56.035974,0.001784121320249854,-0.003558718861210064,0.10000000000000142,-0.20000000000000284,56.0,56.05,56.15,56.2,69.0,1.0,5347.0,541.0,False,False
006208,2022-10-26 13:12:56.103952,0.001784121320249854,-0.003558718861210064,0.10000000000000142,-0.20000000000000284,56.0,56.05,56.15,56.2,69.0,1.0,5347.0,541.0,False,False
006208,2022-10-26 13:12:56.332540,0.001784121320249854,-0.003558718861210064,0.10000000000000142,-0.20000000000000284,56.0,56.05,56.15,56.2,69.0,1.0,5347.0,541.0,False,False
006208,2022-10-26 13:12:56.446139,0.001784121320249854,-0.003558718861210064,0.10000000000000142,-0.20000000000000284,56.0,56.05,56.15,56.2,69.0,1.0,5347.0,541.0,False,False
006208,2022-10-26 13:12:56.446214,0.001784121320249854,-0.003558718861210064,0.10000000000000142,-0.20000000000000284,56.0,56.05,56.15,56.2,69.0,1.0,5347.0,541.0,False,False
006208,2022-10-26 13:12:57.472007,0.001784121320249854,-0.003558718861210064,0.10000000000000142,-0.20000000000000284,56.0,56.05,56.15,56.2,69.0,1.0,5347.0,541.0,False,False
006208,2022-10-26 13:12:57.472106,0.001784121320249854,-0.003558718861210064,0.10000000000000142,-0.20000000000000284,56.0,56.05,56.15,56.2,69.0,1.0,5347.0,541.0,False,False
006208,2022-10-26 13:12:57.695274,0.001784121320249854,-0.003558718861210064,0.10000000000000142,-0.20000000000000284,56.0,56.05,56.15,56.2,69.0,1.0,5347.0,541.0,False,False
006208,2022-10-26 13:12:57.700573,0.001784121320249854,-0.003558718861210064,0.10000000000000142,-0.20000000000000284,56.0,56.05,56.15,56.2,69.0,1.0,5347.0,541.0,False,False
006208,2022-10-26 13:12:58.862394,0.001784121320249854,-0.003558718861210064,0.10000000000000142,-0.20000000000000284,56.0,56.05,56.15,56.2,69.0,1.0,5347.0,541.0,False,False
006208,2022-10-26 13:12:58.862411,0.001784121320249854,-0.003558718861210064,0.10000000000000142,-0.20000000000000284,56.0,56.05,56.15,56.2,69.0,1.0,5347.0,541.0,False,False
006208,2022-10-26 13:12:58.998978,0.001784121320249854,-0.003558718861210064,0.10000000000000142,-0.20000000000000284,56.0,56.05,56.15,56.2,69.0,1.0,5347.0,541.0,False,False
006208,2022-10-26 13:12:59.129092,0.001784121320249854,-0.003558718861210064,0.10000000000000142,-0.20000000000000284,56.0,56.05,56.15,56.2,69.0,1.0,5347.0,541.0,False,False
006208,2022-10-26 13:12:59.137920,0.001784121320249854,-0.003558718861210064,0.10000000000000142,-0.20000000000000284,56.0,56.05,56.15,56.2,69.0,1.0,5347.0,541.0,False,False
006208,2022-10-26 13:12:59.588242,0.001784121320249854,-0.003558718861210064,0.10000000000000142,-0.20000000000000284,56.0,56.05,56.15,56.2,69.0,1.0,5347.0,541.0,False,False
006208,2022-10-26 13:13:00.049129,0.001784121320249854,-0.003558718861210064,0.10000000000000142,-0.20000000000000284,56.0,56.05,56.15,56.2,69.0,1.0,5347.0,541.0,False,False
006208,2022-10-26 13:13:00.060457,0.001784121320249854,-0.003558718861210064,0.10000000000000142,-0.20000000000000284,56.0,56.05,56.15,56.2,119.0,1.0,5347.0,541.0,False,False
006208,2022-10-26 13:13:00.213287,0.001784121320249854,-0.003558718861210064,0.10000000000000142,-0.20000000000000284,56.0,56.05,56.15,56.2,119.0,1.0,5347.0,541.0,False,False
006208,2022-10-26 13:13:00.730785,0.001784121320249854,-0.003558718861210064,0.10000000000000142,-0.20000000000000284,56.0,56.05,56.15,56.2,69.0,1.0,5347.0,541.0,False,False
006208,2022-10-26 13:13:00.735559,0.001784121320249854,-0.003558718861210064,0.10000000000000142,-0.20000000000000284,56.0,56.05,56.15,56.2,69.0,1.0,5347.0,541.0,False,False
006208,2022-10-26 13:13:01.325293,0.001784121320249854,-0.003558718861210064,0.10000000000000142,-0.20000000000000284,56.0,56.05,56.15,56.2,69.0,1.0,5347.0,541.0,False,False
006208,2022-10-26 13:13:01.325974,0.001784121320249854,-0.003558718861210064,0.10000000000000142,-0.20000000000000284,56.0,56.05,56.15,56.2,69.0,1.0,5347.0,541.0,False,False
006208,2022-10-26 13:13:01.409800,0.001784121320249854,-0.003558718861210064,0.10000000000000142,-0.20000000000000284,56.0,56.05,56.15,56.2,69.0,1.0,5447.0,415.0,True,True
006208,2022-10-26 13:13:01.444255,0.001784121320249854,-0.003558718861210064,0.10000000000000142,-0.20000000000000284,56.0,56.05,56.15,56.2,70.0,1.0,5447.0,415.0,False,False
006208,2022-10-26 13:13:04.034099,0.001784121320249854,-0.003558718861210064,0.10000000000000142,-0.20000000000000284,56.0,56.05,56.15,56.2,70.0,1.0,5447.0,415.0,False,False
006208,2022-10-26 13:13:04.042094,0.001784121320249854,-0.003558718861210064,0.10000000000000142,-0.20000000000000284,56.0,56.05,56.15,56.2,70.0,1.0,5447.0,415.0,False,False
006208,2022-10-26 13:13:05.015287,0.001784121320249854,-0.003558718861210064,0.10000000000000142,-0.20000000000000284,56.0,56.05,56.15,56.2,70.0,1.0,5447.0,415.0,False,False
006208,2022-10-26 13:13:05.070575,0.001784121320249854,-0.003558718861210064,0.10000000000000142,-0.20000000000000284,56.0,56.05,56.15,56.2,70.0,1.0,5447.0,415.0,False,False
006208,2022-10-26 13:13:06.088392,0.001784121320249854,-0.003558718861210064,0.10000000000000142,-0.20000000000000284,56.0,56.05,56.15,56.2,70.0,1.0,5447.0,415.0,False,False
006208,2022-10-26 13:13:06.131226,0.001784121320249854,-0.003558718861210064,0.10000000000000142,-0.20000000000000284,56.0,56.05,56.15,56.2,70.0,1.0,5447.0,415.0,False,False
006208,2022-10-26 13:13:06.227107,0.001784121320249854,-0.003558718861210064,0.10000000000000142,-0.20000000000000284,56.0,56.05,56.15,56.2,70.0,1.0,5447.0,415.0,False,False
006208,2022-10-26 13:13:06.868678,0.001784121320249854,-0.003558718861210064,0.10000000000000142,-0.20000000000000284,56.0,56.05,56.15,56.2,70.0,2.0,5447.0,415.0,False,False
006208,2022-10-26 13:13:08.042738,0.001784121320249854,-0.003558718861210064,0.10000000000000142,-0.20000000000000284,56.0,56.05,56.15,56.2,70.0,2.0,5447.0,415.0,False,False
006208,2022-10-26 13:13:08.042855,0.001784121320249854,-0.003558718861210064,0.10000000000000142,-0.20000000000000284,56.0,56.05,56.15,56.2,70.0,2.0,5447.0,415.0,False,False
006208,2022-10-26 13:13:09.741994,0.001784121320249854,-0.003558718861210064,0.10000000000000142,-0.20000000000000284,56.0,56.05,56.15,56.2,70.0,1.0,5447.0,415.0,False,False
006208,2022-10-26 13:13:09.992921,0.001784121320249854,-0.003558718861210064,0.10000000000000142,-0.20000000000000284,56.0,56.05,56.15,56.2,70.0,1.0,5447.0,415.0,False,False
006208,2022-10-26 13:13:09.993051,0.001784121320249854,-0.003558718861210064,0.10000000000000142,-0.20000000000000284,56.0,56.05,56.15,56.2,70.0,1.0,5447.0,415.0,False,False
006208,2022-10-26 13:13:10.010171,0.001784121320249854,-0.003558718861210064,0.10000000000000142,-0.20000000000000284,56.0,56.05,56.15,56.2,70.0,1.0,5447.0,415.0,False,False
006208,2022-10-26 13:13:10.446995,0.001784121320249854,-0.003558718861210064,0.10000000000000142,-0.20000000000000284,56.0,56.05,56.15,56.2,70.0,1.0,5447.0,1117.0,False,True
006208,2022-10-26 13:13:10.969060,0.001784121320249854,-0.003558718861210064,0.10000000000000142,-0.20000000000000284,56.0,56.05,56.15,56.2,70.0,1.0,5447.0,1117.0,False,False
006208,2022-10-26 13:13:12.613119,0.001784121320249854,-0.003558718861210064,0.10000000000000142,-0.20000000000000284,56.0,56.05,56.15,56.2,70.0,1.0,5447.0,1117.0,False,False
006208,2022-10-26 13:13:13.780052,0.001784121320249854,-0.003558718861210064,0.10000000000000142,-0.20000000000000284,56.0,56.05,56.15,56.2,64.0,1.0,5447.0,1117.0,False,False
006208,2022-10-26 13:13:15.000945,0.001784121320249854,-0.003558718861210064,0.10000000000000142,-0.20000000000000284,56.0,56.05,56.15,56.2,64.0,1.0,5447.0,1117.0,False,False
006208,2022-10-26 13:13:16.214634,0.001784121320249854,-0.003558718861210064,0.10000000000000142,-0.20000000000000284,56.0,56.05,56.15,56.2,64.0,1.0,5447.0,1117.0,False,False
006208,2022-10-26 13:13:16.218499,0.001784121320249854,-0.003558718861210064,0.10000000000000142,-0.20000000000000284,56.0,56.05,56.15,56.2,64.0,1.0,5447.0,1117.0,False,False
006208,2022-10-26 13:13:16.350029,0.001784121320249854,-0.003558718861210064,0.10000000000000142,-0.20000000000000284,56.0,56.05,56.15,56.2,64.0,1.0,5447.0,1117.0,False,False
006208,2022-10-26 13:13:17.244481,0.001784121320249854,-0.003558718861210064,0.10000000000000142,-0.20000000000000284,56.0,56.05,56.15,56.2,64.0,1.0,5447.0,1117.0,False,False
006208,2022-10-26 13:13:17.244511,0.001784121320249854,-0.003558718861210064,0.10000000000000142,-0.20000000000000284,56.0,56.05,56.15,56.2,64.0,1.0,5447.0,1117.0,False,False
006208,2022-10-26 13:13:19.261087,0.001784121320249854,-0.003558718861210064,0.10000000000000142,-0.20000000000000284,56.0,56.05,56.15,56.2,64.0,1.0,5447.0,1117.0,False,False
006208,2022-10-26 13:13:19.261175,0.001784121320249854,-0.003558718861210064,0.10000000000000142,-0.20000000000000284,56.0,56.05,56.15,56.2,64.0,1.0,5447.0,1117.0,False,False
006208,2022-10-26 13:13:19.278410,0.001784121320249854,-0.003558718861210064,0.10000000000000142,-0.20000000000000284,56.0,56.05,56.15,56.2,64.0,1.0,5447.0,1117.0,False,False
006208,2022-10-26 13:13:20.019293,0.001784121320249854,-0.003558718861210064,0.10000000000000142,-0.20000000000000284,56.0,56.05,56.15,56.2,64.0,1.0,5447.0,1117.0,False,False
006208,2022-10-26 13:13:20.027958,0.001784121320249854,-0.003558718861210064,0.10000000000000142,-0.20000000000000284,56.0,56.05,56.15,56.2,64.0,1.0,5447.0,1117.0,False,False
006208,2022-10-26 13:13:20.381150,0.001784121320249854,-0.003558718861210064,0.10000000000000142,-0.20000000000000284,56.0,56.05,56.15,56.2,64.0,1.0,5447.0,1117.0,False,False
006208,2022-10-26 13:13:20.381262,0.001784121320249854,-0.003558718861210064,0.10000000000000142,-0.20000000000000284,56.0,56.05,56.15,56.2,64.0,1.0,5447.0,1117.0,False,False
006208,2022-10-26 13:13:20.502569,0.001784121320249854,-0.003558718861210064,0.10000000000000142,-0.20000000000000284,56.0,56.05,56.15,56.2,64.0,1.0,5447.0,1196.0,True,True
006208,2022-10-26 13:13:21.226655,0.001784121320249854,-0.003558718861210064,0.10000000000000142,-0.20000000000000284,56.0,56.05,56.15,56.2,64.0,1.0,5447.0,1196.0,False,False
006208,2022-10-26 13:13:21.226917,0.001784121320249854,-0.003558718861210064,0.10000000000000142,-0.20000000000000284,56.0,56.05,56.15,56.2,64.0,1.0,5447.0,1196.0,False,False
006208,2022-10-26 13:13:22.434007,0.001784121320249854,-0.003558718861210064,0.10000000000000142,-0.20000000000000284,56.0,56.05,56.15,56.2,64.0,1.0,5447.0,1196.0,False,False
006208,2022-10-26 13:13:23.616758,0.001784121320249854,-0.003558718861210064,0.10000000000000142,-0.20000000000000284,56.0,56.05,56.15,56.2,64.0,1.0,5447.0,1196.0,False,False
006208,2022-10-26 13:13:23.616947,0.001784121320249854,-0.003558718861210064,0.10000000000000142,-0.20000000000000284,56.0,56.05,56.15,56.2,64.0,1.0,5447.0,1196.0,False,False
006208,2022-10-26 13:13:25.014404,0.001784121320249854,-0.003558718861210064,0.10000000000000142,-0.20000000000000284,56.0,56.05,56.15,56.2,64.0,1.0,5447.0,1196.0,False,False
006208,2022-10-26 13:13:25.723370,0.001784121320249854,-0.003558718861210064,0.10000000000000142,-0.20000000000000284,56.0,56.05,56.15,56.2,64.0,1.0,5447.0,1196.0,False,False
006208,2022-10-26 13:13:25.723541,0.001784121320249854,-0.003558718861210064,0.10000000000000142,-0.20000000000000284,56.0,56.05,56.15,56.2,64.0,1.0,5447.0,1196.0,False,False
006208,2022-10-26 13:13:25.891078,0.001784121320249854,-0.003558718861210064,0.10000000000000142,-0.20000000000000284,56.0,56.05,56.15,56.2,64.0,1.0,5447.0,1196.0,False,False
006208,2022-10-26 13:13:26.342500,0.001784121320249854,-0.003558718861210064,0.10000000000000142,-0.20000000000000284,56.0,56.05,56.15,56.2,64.0,1.0,5447.0,1196.0,False,False
006208,2022-10-26 13:13:26.345568,0.001784121320249854,-0.003558718861210064,0.10000000000000142,-0.20000000000000284,56.0,56.05,56.15,56.2,64.0,1.0,5447.0,1196.0,False,False
006208,2022-10-26 13:13:26.479095,0.001784121320249854,-0.003558718861210064,0.10000000000000142,-0.20000000000000284,56.0,56.05,56.15,56.2,64.0,1.0,5447.0,1196.0,False,False
006208,2022-10-26 13:13:27.635072,0.001784121320249854,-0.003558718861210064,0.10000000000000142,-0.20000000000000284,56.0,56.05,56.15,56.2,64.0,1.0,5447.0,1196.0,False,False
006208,2022-10-26 13:13:27.635253,0.001784121320249854,-0.003558718861210064,0.10000000000000142,-0.20000000000000284,56.0,56.05,56.15,56.2,64.0,1.0,5447.0,1196.0,False,False
006208,2022-10-26 13:13:29.016559,0.001784121320249854,-0.003558718861210064,0.10000000000000142,-0.20000000000000284,56.0,56.05,56.15,56.2,64.0,1.0,5447.0,1196.0,False,False
006208,2022-10-26 13:13:29.016642,0.001784121320249854,-0.003558718861210064,0.10000000000000142,-0.20000000000000284,56.0,56.05,56.15,56.2,64.0,1.0,5447.0,1196.0,False,False
006208,2022-10-26 13:13:29.665839,0.001784121320249854,-0.003558718861210064,0.10000000000000142,-0.20000000000000284,56.0,56.05,56.15,56.2,64.0,1.0,5447.0,1196.0,False,False
006208,2022-10-26 13:13:29.896919,0.001784121320249854,-0.003558718861210064,0.10000000000000142,-0.20000000000000284,56.0,56.05,56.15,56.2,64.0,1.0,5447.0,1196.0,False,False
006208,2022-10-26 13:13:30.013131,0.001784121320249854,-0.003558718861210064,0.10000000000000142,-0.20000000000000284,56.0,56.05,56.15,56.2,64.0,1.0,5447.0,1196.0,False,False
006208,2022-10-26 13:13:30.042776,0.001784121320249854,-0.003558718861210064,0.10000000000000142,-0.20000000000000284,56.0,56.05,56.15,56.2,64.0,1.0,5447.0,1196.0,False,False
006208,2022-10-26 13:13:30.560069,0.001784121320249854,-0.003558718861210064,0.10000000000000142,-0.20000000000000284,56.0,56.05,56.15,56.2,64.0,1.0,4948.0,197.0,True,True
006208,2022-10-26 13:13:30.667296,0.001784121320249854,-0.003558718861210064,0.10000000000000142,-0.20000000000000284,56.0,56.05,56.15,56.2,64.0,1.0,4948.0,197.0,False,False
006208,2022-10-26 13:13:35.379286,0.001784121320249854,-0.003558718861210064,0.10000000000000142,-0.20000000000000284,56.0,56.05,56.15,56.2,64.0,1.0,4948.0,197.0,False,False
006208,2022-10-26 13:13:35.379349,0.001784121320249854,-0.003558718861210064,0.10000000000000142,-0.20000000000000284,56.0,56.05,56.15,56.2,64.0,1.0,4948.0,197.0,False,False
006208,2022-10-26 13:13:35.417397,0.001784121320249854,-0.003558718861210064,0.10000000000000142,-0.20000000000000284,56.0,56.05,56.15,56.2,64.0,1.0,4948.0,197.0,False,False
006208,2022-10-26 13:13:36.418986,0.001784121320249854,-0.003558718861210064,0.10000000000000142,-0.20000000000000284,56.0,56.05,56.15,56.2,64.0,1.0,4948.0,197.0,False,False
006208,2022-10-26 13:13:36.472992,0.001784121320249854,-0.003558718861210064,0.10000000000000142,-0.20000000000000284,56.0,56.05,56.15,56.2,64.0,1.0,4948.0,197.0,False,False
006208,2022-10-26 13:13:36.606793,0.001784121320249854,-0.003558718861210064,0.10000000000000142,-0.20000000000000284,56.0,56.05,56.15,56.2,64.0,1.0,4948.0,197.0,False,False
006208,2022-10-26 13:13:38.663689,0.001784121320249854,-0.003558718861210064,0.10000000000000142,-0.20000000000000284,56.0,56.05,56.15,56.2,64.0,1.0,4948.0,197.0,False,False
006208,2022-10-26 13:13:38.695901,0.001784121320249854,-0.003558718861210064,0.10000000000000142,-0.20000000000000284,56.0,56.05,56.15,56.2,64.0,1.0,4948.0,197.0,False,False
006208,2022-10-26 13:13:39.697382,0.001784121320249854,-0.003558718861210064,0.10000000000000142,-0.20000000000000284,56.0,56.05,56.15,56.2,64.0,101.0,4948.0,197.0,False,False
006208,2022-10-26 13:13:39.697426,0.001784121320249854,-0.003558718861210064,0.10000000000000142,-0.20000000000000284,56.0,56.05,56.15,56.2,64.0,101.0,4948.0,197.0,False,False
006208,2022-10-26 13:13:40.009617,0.001784121320249854,-0.003558718861210064,0.10000000000000142,-0.20000000000000284,56.0,56.05,56.15,56.2,64.0,101.0,4948.0,197.0,False,False
006208,2022-10-26 13:13:40.009822,0.001784121320249854,-0.003558718861210064,0.10000000000000142,-0.20000000000000284,56.0,56.05,56.15,56.2,64.0,101.0,4948.0,197.0,False,False
006208,2022-10-26 13:13:40.032921,0.001784121320249854,-0.003558718861210064,0.10000000000000142,-0.20000000000000284,56.0,56.05,56.15,56.2,64.0,101.0,4948.0,197.0,False,False
006208,2022-10-26 13:13:40.604376,0.001784121320249854,-0.003558718861210064,0.10000000000000142,-0.20000000000000284,56.0,56.05,56.15,56.2,64.0,101.0,5947.0,1018.0,True,True
006208,2022-10-26 13:13:42.162658,0.001784121320249854,-0.003558718861210064,0.10000000000000142,-0.20000000000000284,56.0,56.05,56.15,56.2,64.0,101.0,5947.0,1018.0,False,False
006208,2022-10-26 13:13:42.162883,0.001784121320249854,-0.003558718861210064,0.10000000000000142,-0.20000000000000284,56.0,56.05,56.15,56.2,64.0,101.0,5947.0,1018.0,False,False
006208,2022-10-26 13:13:43.939149,0.001784121320249854,-0.003558718861210064,0.10000000000000142,-0.20000000000000284,56.0,56.05,56.15,56.2,64.0,101.0,5947.0,1018.0,False,False
006208,2022-10-26 13:13:43.950068,0.001784121320249854,-0.003558718861210064,0.10000000000000142,-0.20000000000000284,56.0,56.05,56.15,56.2,64.0,101.0,5947.0,1018.0,False,False
006208,2022-10-26 13:13:44.381564,0.001784121320249854,-0.003558718861210064,0.10000000000000142,-0.20000000000000284,56.0,56.05,56.15,56.2,64.0,101.0,5947.0,1018.0,False,False
006208,2022-10-26 13:13:44.468968,0.001784121320249854,-0.003558718861210064,0.10000000000000142,-0.20000000000000284,56.0,56.05,56.15,56.2,64.0,101.0,5947.0,1018.0,False,False
006208,2022-10-26 13:13:45.079920,0.001784121320249854,-0.003558718861210064,0.10000000000000142,-0.20000000000000284,56.0,56.05,56.15,56.2,64.0,101.0,5947.0,1018.0,False,False
006208,2022-10-26 13:13:45.085426,0.001784121320249854,-0.003558718861210064,0.10000000000000142,-0.20000000000000284,56.0,56.05,56.15,56.2,64.0,101.0,5947.0,1018.0,False,False
006208,2022-10-26 13:13:46.597531,0.001784121320249854,-0.003558718861210064,0.10000000000000142,-0.20000000000000284,56.0,56.05,56.15,56.2,64.0,101.0,5947.0,1018.0,False,False
006208,2022-10-26 13:13:46.600863,0.001784121320249854,-0.003558718861210064,0.10000000000000142,-0.20000000000000284,56.0,56.05,56.15,56.2,64.0,101.0,5947.0,1018.0,False,False
006208,2022-10-26 13:13:46.734047,0.001784121320249854,-0.003558718861210064,0.10000000000000142,-0.20000000000000284,56.0,56.05,56.15,56.2,64.0,101.0,5947.0,1018.0,False,False
006208,2022-10-26 13:13:48.160951,0.001784121320249854,-0.003558718861210064,0.10000000000000142,-0.20000000000000284,56.0,56.05,56.15,56.2,64.0,100.0,5947.0,1018.0,False,False
006208,2022-10-26 13:13:48.183980,0.001784121320249854,-0.003558718861210064,0.10000000000000142,-0.20000000000000284,56.0,56.05,56.15,56.2,64.0,100.0,5947.0,1018.0,False,False
006208,2022-10-26 13:13:48.189491,0.001784121320249854,-0.003558718861210064,0.10000000000000142,-0.20000000000000284,56.0,56.05,56.15,56.2,64.0,100.0,5947.0,1018.0,False,False
006208,2022-10-26 13:13:49.972880,0.001784121320249854,-0.003558718861210064,0.10000000000000142,-0.20000000000000284,56.0,56.05,56.15,56.2,64.0,100.0,5947.0,1018.0,False,False
006208,2022-10-26 13:13:50.000908,0.001784121320249854,-0.003558718861210064,0.10000000000000142,-0.20000000000000284,56.0,56.05,56.15,56.2,64.0,100.0,5947.0,1018.0,False,False
006208,2022-10-26 13:13:50.294282,0.001784121320249854,-0.003558718861210064,0.10000000000000142,-0.20000000000000284,56.0,56.05,56.15,56.2,64.0,140.0,5947.0,1018.0,False,False
006208,2022-10-26 13:13:50.650790,0.001784121320249854,-0.003558718861210064,0.10000000000000142,-0.20000000000000284,56.0,56.05,56.15,56.2,64.0,140.0,5126.0,197.0,True,True
006208,2022-10-26 13:13:50.674462,0.001784121320249854,-0.003558718861210064,0.10000000000000142,-0.20000000000000284,56.0,56.05,56.15,56.2,64.0,140.0,5126.0,197.0,False,False
006208,2022-10-26 13:13:50.674680,0.001784121320249854,-0.003558718861210064,0.10000000000000142,-0.20000000000000284,56.0,56.05,56.15,56.2,64.0,140.0,5126.0,197.0,False,False
006208,2022-10-26 13:13:50.847636,0.001784121320249854,-0.003558718861210064,0.10000000000000142,-0.20000000000000284,56.0,56.05,56.15,56.2,64.0,100.0,5126.0,197.0,False,False
006208,2022-10-26 13:13:51.682125,0.001784121320249854,-0.003558718861210064,0.10000000000000142,-0.20000000000000284,56.0,56.05,56.15,56.2,64.0,100.0,5126.0,197.0,False,False
006208,2022-10-26 13:13:51.682310,0.001784121320249854,-0.003558718861210064,0.10000000000000142,-0.20000000000000284,56.0,56.05,56.15,56.2,64.0,100.0,5126.0,197.0,False,False
006208,2022-10-26 13:13:52.804964,0.001784121320249854,-0.003558718861210064,0.10000000000000142,-0.20000000000000284,56.0,56.05,56.15,56.2,64.0,100.0,5126.0,197.0,False,False
006208,2022-10-26 13:13:52.805108,0.001784121320249854,-0.003558718861210064,0.10000000000000142,-0.20000000000000284,56.0,56.05,56.15,56.2,64.0,100.0,5126.0,197.0,False,False
006208,2022-10-26 13:13:53.154425,0.001784121320249854,-0.003558718861210064,0.10000000000000142,-0.20000000000000284,56.0,56.05,56.15,56.2,64.0,100.0,5126.0,197.0,False,False
006208,2022-10-26 13:13:53.154572,0.001784121320249854,-0.003558718861210064,0.10000000000000142,-0.20000000000000284,56.0,56.05,56.15,56.2,64.0,100.0,5126.0,197.0,False,False
006208,2022-10-26 13:13:53.731344,0.001784121320249854,-0.003558718861210064,0.10000000000000142,-0.20000000000000284,56.0,56.05,56.15,56.2,64.0,140.0,5126.0,197.0,False,False
006208,2022-10-26 13:13:53.852875,0.001784121320249854,-0.003558718861210064,0.10000000000000142,-0.20000000000000284,56.0,56.05,56.15,56.2,64.0,140.0,5126.0,197.0,False,False
006208,2022-10-26 13:13:53.859418,0.001784121320249854,-0.003558718861210064,0.10000000000000142,-0.20000000000000284,56.0,56.05,56.15,56.2,64.0,140.0,5126.0,197.0,False,False
006208,2022-10-26 13:13:55.014759,0.001784121320249854,-0.003558718861210064,0.10000000000000142,-0.20000000000000284,56.0,56.05,56.15,56.2,64.0,140.0,5126.0,197.0,False,False
006208,2022-10-26 13:13:55.033828,0.001784121320249854,-0.003558718861210064,0.10000000000000142,-0.20000000000000284,56.0,56.05,56.15,56.2,64.0,140.0,5126.0,197.0,False,False
006208,2022-10-26 13:13:55.765052,0.001784121320249854,-0.003558718861210064,0.10000000000000142,-0.20000000000000284,56.0,56.05,56.15,56.2,64.0,140.0,5126.0,197.0,False,False
006208,2022-10-26 13:13:55.765240,0.001784121320249854,-0.003558718861210064,0.10000000000000142,-0.20000000000000284,56.0,56.05,56.15,56.2,64.0,140.0,5126.0,197.0,False,False
006208,2022-10-26 13:13:55.980157,0.001784121320249854,-0.003558718861210064,0.10000000000000142,-0.20000000000000284,56.0,56.05,56.15,56.2,64.0,140.0,5126.0,197.0,False,False
006208,2022-10-26 13:13:55.985267,0.001784121320249854,-0.003558718861210064,0.10000000000000142,-0.20000000000000284,56.0,56.05,56.15,56.2,64.0,215.0,5126.0,197.0,False,False
006208,2022-10-26 13:13:56.040228,0.001784121320249854,-0.003558718861210064,0.10000000000000142,-0.20000000000000284,56.0,56.05,56.15,56.2,64.0,215.0,5126.0,197.0,False,False
006208,2022-10-26 13:13:56.163423,0.001784121320249854,-0.003558718861210064,0.10000000000000142,-0.20000000000000284,56.0,56.05,56.15,56.2,64.0,215.0,5126.0,197.0,False,False
006208,2022-10-26 13:13:56.726826,0.001784121320249854,-0.003558718861210064,0.10000000000000142,-0.20000000000000284,56.0,56.05,56.15,56.2,64.0,215.0,5126.0,197.0,False,False
006208,2022-10-26 13:13:56.730577,0.001784121320249854,-0.003558718861210064,0.10000000000000142,-0.20000000000000284,56.0,56.05,56.15,56.2,64.0,215.0,5126.0,197.0,False,False
006208,2022-10-26 13:13:56.898766,0.001784121320249854,-0.003558718861210064,0.10000000000000142,-0.20000000000000284,56.0,56.05,56.15,56.2,64.0,215.0,5126.0,197.0,False,False
006208,2022-10-26 13:13:57.336476,0.001784121320249854,-0.003558718861210064,0.10000000000000142,-0.20000000000000284,56.0,56.05,56.15,56.2,64.0,215.0,5126.0,197.0,False,False
006208,2022-10-26 13:13:57.780314,0.001784121320249854,-0.003558718861210064,0.10000000000000142,-0.20000000000000284,56.0,56.05,56.15,56.2,64.0,175.0,5126.0,197.0,False,False
006208,2022-10-26 13:13:57.947417,0.001784121320249854,-0.003558718861210064,0.10000000000000142,-0.20000000000000284,56.0,56.05,56.15,56.2,64.0,175.0,5126.0,197.0,False,False
006208,2022-10-26 13:13:57.958517,0.001784121320249854,-0.003558718861210064,0.10000000000000142,-0.20000000000000284,56.0,56.05,56.15,56.2,64.0,175.0,5126.0,197.0,False,False
006208,2022-10-26 13:14:00.006686,0.001784121320249854,-0.003558718861210064,0.10000000000000142,-0.20000000000000284,56.0,56.05,56.15,56.2,64.0,175.0,5126.0,197.0,False,False
006208,2022-10-26 13:14:00.022299,0.001784121320249854,-0.003558718861210064,0.10000000000000142,-0.20000000000000284,56.0,56.05,56.15,56.2,64.0,175.0,5126.0,197.0,False,False
006208,2022-10-26 13:14:00.146382,0.0008912655971478056,-0.003558718861210064,0.04999999999999716,-0.20000000000000284,56.0,56.1,56.15,56.2,64.0,392.0,5126.0,197.0,False,False
006208,2022-10-26 13:14:00.368720,0.0008912655971478056,-0.003558718861210064,0.04999999999999716,-0.20000000000000284,56.0,56.1,56.15,56.2,64.0,352.0,5126.0,197.0,False,False
006208,2022-10-26 13:14:00.420319,0.0008912655971478056,-0.003558718861210064,0.04999999999999716,-0.20000000000000284,56.0,56.1,56.15,56.2,64.0,352.0,5126.0,197.0,False,False
006208,2022-10-26 13:14:00.510677,0.0008912655971478056,-0.003558718861210064,0.04999999999999716,-0.20000000000000284,56.0,56.1,56.15,56.2,64.0,402.0,5126.0,197.0,False,False
006208,2022-10-26 13:14:00.699078,0.0008912655971478056,-0.003558718861210064,0.04999999999999716,-0.20000000000000284,56.0,56.1,56.15,56.2,64.0,402.0,5947.0,1018.0,True,True
006208,2022-10-26 13:14:01.038736,0.001784121320249854,-0.003558718861210064,0.10000000000000142,-0.20000000000000284,56.0,56.05,56.15,56.2,64.0,100.0,5947.0,1018.0,False,False
006208,2022-10-26 13:14:01.059957,0.001784121320249854,-0.003558718861210064,0.10000000000000142,-0.20000000000000284,56.0,56.05,56.15,56.2,64.0,100.0,5947.0,1018.0,False,False
006208,2022-10-26 13:14:01.146622,0.001784121320249854,-0.003558718861210064,0.10000000000000142,-0.20000000000000284,56.0,56.05,56.15,56.2,64.0,100.0,5947.0,1018.0,False,False
006208,2022-10-26 13:14:01.231137,0.001784121320249854,-0.003558718861210064,0.10000000000000142,-0.20000000000000284,56.0,56.05,56.15,56.2,64.0,100.0,5947.0,1018.0,False,False
006208,2022-10-26 13:14:01.365068,0.001784121320249854,-0.003558718861210064,0.10000000000000142,-0.20000000000000284,56.0,56.05,56.15,56.2,64.0,100.0,5947.0,1018.0,False,False
006208,2022-10-26 13:14:02.657811,0.001784121320249854,-0.003558718861210064,0.10000000000000142,-0.20000000000000284,56.0,56.05,56.15,56.2,64.0,140.0,5947.0,1018.0,False,False
006208,2022-10-26 13:14:02.727634,0.001784121320249854,-0.003558718861210064,0.10000000000000142,-0.20000000000000284,56.0,56.05,56.15,56.2,54.0,140.0,5947.0,1018.0,False,False
006208,2022-10-26 13:14:02.768390,0.001784121320249854,-0.003558718861210064,0.10000000000000142,-0.20000000000000284,56.0,56.05,56.15,56.2,54.0,100.0,5947.0,1018.0,False,False
006208,2022-10-26 13:14:03.475003,0.001784121320249854,-0.003558718861210064,0.10000000000000142,-0.20000000000000284,56.0,56.05,56.15,56.2,54.0,140.0,5947.0,1018.0,False,False
006208,2022-10-26 13:14:03.533910,0.001784121320249854,-0.003558718861210064,0.10000000000000142,-0.20000000000000284,56.0,56.05,56.15,56.2,54.0,180.0,5947.0,1018.0,False,False
006208,2022-10-26 13:14:03.549959,0.001784121320249854,-0.003558718861210064,0.10000000000000142,-0.20000000000000284,56.0,56.05,56.15,56.2,54.0,180.0,5947.0,1018.0,False,False
006208,2022-10-26 13:14:04.023111,0.001784121320249854,-0.003558718861210064,0.10000000000000142,-0.20000000000000284,56.0,56.05,56.15,56.2,54.0,140.0,5947.0,1018.0,False,False
006208,2022-10-26 13:14:04.101959,0.001784121320249854,-0.003558718861210064,0.10000000000000142,-0.20000000000000284,56.0,56.05,56.15,56.2,54.0,140.0,5947.0,1018.0,False,False
006208,2022-10-26 13:14:04.147211,0.001784121320249854,-0.003558718861210064,0.10000000000000142,-0.20000000000000284,56.0,56.05,56.15,56.2,54.0,180.0,5947.0,1018.0,False,False
006208,2022-10-26 13:14:04.230294,0.001784121320249854,-0.003558718861210064,0.10000000000000142,-0.20000000000000284,56.0,56.05,56.15,56.2,54.0,180.0,5947.0,1018.0,False,False
006208,2022-10-26 13:14:04.252032,0.001784121320249854,-0.003558718861210064,0.10000000000000142,-0.20000000000000284,56.0,56.05,56.15,56.2,54.0,180.0,5947.0,1018.0,False,False
006208,2022-10-26 13:14:04.360479,0.001784121320249854,-0.003558718861210064,0.10000000000000142,-0.20000000000000284,56.0,56.05,56.15,56.2,54.0,180.0,5947.0,1018.0,False,False
006208,2022-10-26 13:14:04.938955,0.001784121320249854,-0.003558718861210064,0.10000000000000142,-0.20000000000000284,56.0,56.05,56.15,56.2,54.0,180.0,5947.0,1018.0,False,False
006208,2022-10-26 13:14:05.027782,0.001784121320249854,-0.003558718861210064,0.10000000000000142,-0.20000000000000284,56.0,56.05,56.15,56.2,54.0,180.0,5947.0,1018.0,False,False
006208,2022-10-26 13:14:05.497851,0.001784121320249854,-0.003558718861210064,0.10000000000000142,-0.20000000000000284,56.0,56.05,56.15,56.2,54.0,180.0,5947.0,1018.0,False,False
006208,2022-10-26 13:14:05.497970,0.001784121320249854,-0.003558718861210064,0.10000000000000142,-0.20000000000000284,56.0,56.05,56.15,56.2,54.0,180.0,5947.0,1018.0,False,False
006208,2022-10-26 13:14:05.590045,0.001784121320249854,-0.003558718861210064,0.10000000000000142,-0.20000000000000284,56.0,56.05,56.15,56.2,54.0,140.0,5947.0,1018.0,False,False
006208,2022-10-26 13:14:06.035980,0.001784121320249854,-0.003558718861210064,0.10000000000000142,-0.20000000000000284,56.0,56.05,56.15,56.2,48.0,140.0,5947.0,1018.0,False,False
006208,2022-10-26 13:14:08.293658,0.001784121320249854,-0.003558718861210064,0.10000000000000142,-0.20000000000000284,56.0,56.05,56.15,56.2,48.0,140.0,5947.0,1018.0,False,False
006208,2022-10-26 13:14:08.304019,0.001784121320249854,-0.003558718861210064,0.10000000000000142,-0.20000000000000284,56.0,56.05,56.15,56.2,48.0,140.0,5947.0,1018.0,False,False
006208,2022-10-26 13:14:08.774719,0.001784121320249854,-0.003558718861210064,0.10000000000000142,-0.20000000000000284,56.0,56.05,56.15,56.2,48.0,100.0,5947.0,1018.0,False,False
006208,2022-10-26 13:14:09.916173,0.001784121320249854,-0.003558718861210064,0.10000000000000142,-0.20000000000000284,56.0,56.05,56.15,56.2,48.0,140.0,5947.0,1018.0,False,False
006208,2022-10-26 13:14:10.022274,0.001784121320249854,-0.003558718861210064,0.10000000000000142,-0.20000000000000284,56.0,56.05,56.15,56.2,48.0,100.0,5947.0,1018.0,False,False
006208,2022-10-26 13:14:10.790429,0.001784121320249854,-0.003558718861210064,0.10000000000000142,-0.20000000000000284,56.0,56.05,56.15,56.2,48.0,100.0,178.0,1196.0,True,True
006208,2022-10-26 13:14:10.977128,0.001784121320249854,-0.003558718861210064,0.10000000000000142,-0.20000000000000284,56.0,56.05,56.15,56.2,48.0,100.0,178.0,1196.0,False,False
006208,2022-10-26 13:14:11.011665,0.0008912655971478056,-0.003558718861210064,0.04999999999999716,-0.20000000000000284,56.0,56.1,56.15,56.2,48.0,386.0,178.0,1196.0,False,False
006208,2022-10-26 13:14:11.045233,0.0008912655971478056,-0.003558718861210064,0.04999999999999716,-0.20000000000000284,56.0,56.1,56.15,56.2,48.0,386.0,178.0,1196.0,False,False
006208,2022-10-26 13:14:11.292574,0.0008912655971478056,-0.003558718861210064,0.04999999999999716,-0.20000000000000284,56.0,56.1,56.15,56.2,48.0,346.0,178.0,1196.0,False,False
006208,2022-10-26 13:14:11.409047,0.0008912655971478056,-0.003558718861210064,0.04999999999999716,-0.20000000000000284,56.0,56.1,56.15,56.2,48.0,346.0,178.0,1196.0,False,False
006208,2022-10-26 13:14:12.012528,0.001784121320249854,-0.003558718861210064,0.10000000000000142,-0.20000000000000284,56.0,56.05,56.15,56.2,48.0,100.0,178.0,1196.0,False,False
006208,2022-10-26 13:14:12.035807,0.001784121320249854,-0.003558718861210064,0.10000000000000142,-0.20000000000000284,56.0,56.05,56.15,56.2,48.0,100.0,178.0,1196.0,False,False
006208,2022-10-26 13:14:12.212694,0.001784121320249854,-0.003558718861210064,0.10000000000000142,-0.20000000000000284,56.0,56.05,56.15,56.2,48.0,100.0,178.0,1196.0,False,False
006208,2022-10-26 13:14:13.912595,0.001784121320249854,-0.003558718861210064,0.10000000000000142,-0.20000000000000284,56.0,56.05,56.15,56.2,48.0,100.0,178.0,1196.0,False,False
006208,2022-10-26 13:14:13.912765,0.001784121320249854,-0.003558718861210064,0.10000000000000142,-0.20000000000000284,56.0,56.05,56.15,56.2,48.0,100.0,178.0,1196.0,False,False
006208,2022-10-26 13:14:13.923715,0.001784121320249854,-0.003558718861210064,0.10000000000000142,-0.20000000000000284,56.0,56.05,56.15,56.2,48.0,100.0,178.0,1196.0,False,False
006208,2022-10-26 13:14:14.190919,0.001784121320249854,-0.003558718861210064,0.10000000000000142,-0.20000000000000284,56.0,56.05,56.15,56.2,48.0,100.0,178.0,1196.0,False,False
006208,2022-10-26 13:14:14.191094,0.001784121320249854,-0.003558718861210064,0.10000000000000142,-0.20000000000000284,56.0,56.05,56.15,56.2,48.0,100.0,178.0,1196.0,False,False
006208,2022-10-26 13:14:14.802970,0.001784121320249854,-0.003558718861210064,0.10000000000000142,-0.20000000000000284,56.0,56.05,56.15,56.2,48.0,100.0,178.0,1196.0,False,False
006208,2022-10-26 13:14:14.803037,0.001784121320249854,-0.003558718861210064,0.10000000000000142,-0.20000000000000284,56.0,56.05,56.15,56.2,48.0,100.0,178.0,1196.0,False,False
006208,2022-10-26 13:14:15.030437,0.001784121320249854,-0.003558718861210064,0.10000000000000142,-0.20000000000000284,56.0,56.05,56.15,56.2,48.0,100.0,178.0,1196.0,False,False
006208,2022-10-26 13:14:15.099980,0.0008912655971478056,-0.003558718861210064,0.04999999999999716,-0.20000000000000284,56.0,56.1,56.15,56.2,48.0,386.0,178.0,1196.0,False,False
006208,2022-10-26 13:14:15.258540,0.0008912655971478056,-0.003558718861210064,0.04999999999999716,-0.20000000000000284,56.0,56.1,56.15,56.2,48.0,346.0,178.0,1196.0,False,False
006208,2022-10-26 13:14:15.388134,0.0008912655971478056,-0.003558718861210064,0.04999999999999716,-0.20000000000000284,56.0,56.1,56.15,56.2,48.0,346.0,178.0,1196.0,False,False
006208,2022-10-26 13:14:15.795425,0.0008912655971478056,-0.003558718861210064,0.04999999999999716,-0.20000000000000284,56.0,56.1,56.15,56.2,49.0,346.0,178.0,1196.0,False,False
006208,2022-10-26 13:14:16.036426,0.0008912655971478056,-0.003558718861210064,0.04999999999999716,-0.20000000000000284,56.0,56.1,56.15,56.2,49.0,346.0,178.0,1196.0,False,False
006208,2022-10-26 13:14:16.046520,0.0008912655971478056,-0.003558718861210064,0.04999999999999716,-0.20000000000000284,56.0,56.1,56.15,56.2,49.0,346.0,178.0,1196.0,False,False
006208,2022-10-26 13:14:16.081191,0.001784121320249854,-0.003558718861210064,0.10000000000000142,-0.20000000000000284,56.0,56.05,56.15,56.2,49.0,100.0,178.0,1196.0,False,False
006208,2022-10-26 13:14:16.244523,0.001784121320249854,-0.003558718861210064,0.10000000000000142,-0.20000000000000284,56.0,56.05,56.15,56.2,49.0,100.0,178.0,1196.0,False,False
006208,2022-10-26 13:14:16.311515,0.001784121320249854,-0.003558718861210064,0.10000000000000142,-0.20000000000000284,56.0,56.05,56.15,56.2,49.0,100.0,178.0,1196.0,False,False
006208,2022-10-26 13:14:16.454913,0.001784121320249854,-0.003558718861210064,0.10000000000000142,-0.20000000000000284,56.0,56.05,56.15,56.2,49.0,100.0,178.0,1196.0,False,False
006208,2022-10-26 13:14:17.212238,0.001784121320249854,-0.003558718861210064,0.10000000000000142,-0.20000000000000284,56.0,56.05,56.15,56.2,49.0,140.0,178.0,1196.0,False,False
006208,2022-10-26 13:14:18.993804,0.001784121320249854,-0.003558718861210064,0.10000000000000142,-0.20000000000000284,56.0,56.05,56.15,56.2,49.0,140.0,178.0,1196.0,False,False
006208,2022-10-26 13:14:19.094304,0.001784121320249854,-0.003558718861210064,0.10000000000000142,-0.20000000000000284,56.0,56.05,56.15,56.2,49.0,140.0,178.0,1196.0,False,False
006208,2022-10-26 13:14:19.102904,0.001784121320249854,-0.003558718861210064,0.10000000000000142,-0.20000000000000284,56.0,56.05,56.15,56.2,49.0,140.0,178.0,1196.0,False,False
006208,2022-10-26 13:14:20.027283,0.001784121320249854,-0.003558718861210064,0.10000000000000142,-0.20000000000000284,56.0,56.05,56.15,56.2,49.0,140.0,178.0,1196.0,False,False
006208,2022-10-26 13:14:20.033331,0.001784121320249854,-0.003558718861210064,0.10000000000000142,-0.20000000000000284,56.0,56.05,56.15,56.2,49.0,140.0,178.0,1196.0,False,False
006208,2022-10-26 13:14:20.052256,0.001784121320249854,-0.003558718861210064,0.10000000000000142,-0.20000000000000284,56.0,56.05,56.15,56.2,49.0,100.0,178.0,1196.0,False,False
006208,2022-10-26 13:14:20.843822,0.001784121320249854,-0.003558718861210064,0.10000000000000142,-0.20000000000000284,56.0,56.05,56.15,56.2,49.0,100.0,178.0,1196.0,True,True
006208,2022-10-26 13:14:21.614338,0.001784121320249854,-0.003558718861210064,0.10000000000000142,-0.20000000000000284,56.0,56.05,56.15,56.2,49.0,100.0,178.0,1196.0,False,False
006208,2022-10-26 13:14:21.614530,0.001784121320249854,-0.003558718861210064,0.10000000000000142,-0.20000000000000284,56.0,56.05,56.15,56.2,49.0,100.0,178.0,1196.0,False,False
006208,2022-10-26 13:14:21.695942,0.001784121320249854,-0.003558718861210064,0.10000000000000142,-0.20000000000000284,56.0,56.05,56.15,56.2,49.0,100.0,178.0,1196.0,False,False
006208,2022-10-26 13:14:21.955152,0.001784121320249854,-0.003558718861210064,0.10000000000000142,-0.20000000000000284,56.0,56.05,56.15,56.2,49.0,100.0,178.0,1196.0,False,False
006208,2022-10-26 13:14:21.955173,0.001784121320249854,-0.003558718861210064,0.10000000000000142,-0.20000000000000284,56.0,56.05,56.15,56.2,49.0,100.0,178.0,1196.0,False,False
006208,2022-10-26 13:14:22.354029,0.001784121320249854,-0.003558718861210064,0.10000000000000142,-0.20000000000000284,56.0,56.05,56.15,56.2,49.0,100.0,178.0,1196.0,False,False
006208,2022-10-26 13:14:22.359726,0.001784121320249854,-0.003558718861210064,0.10000000000000142,-0.20000000000000284,56.0,56.05,56.15,56.2,49.0,100.0,178.0,1196.0,False,False
006208,2022-10-26 13:14:22.987554,0.001784121320249854,-0.003558718861210064,0.10000000000000142,-0.20000000000000284,56.0,56.05,56.15,56.2,49.0,100.0,178.0,1196.0,False,False
006208,2022-10-26 13:14:22.987731,0.001784121320249854,-0.003558718861210064,0.10000000000000142,-0.20000000000000284,56.0,56.05,56.15,56.2,49.0,100.0,178.0,1196.0,False,False
006208,2022-10-26 13:14:23.191620,0.001784121320249854,-0.003558718861210064,0.10000000000000142,-0.20000000000000284,56.0,56.05,56.15,56.2,49.0,140.0,178.0,1196.0,False,False
006208,2022-10-26 13:14:25.040437,0.001784121320249854,-0.003558718861210064,0.10000000000000142,-0.20000000000000284,56.0,56.05,56.15,56.2,49.0,140.0,178.0,1196.0,False,False
006208,2022-10-26 13:14:25.046652,0.001784121320249854,-0.003558718861210064,0.10000000000000142,-0.20000000000000284,56.0,56.05,56.15,56.2,49.0,140.0,178.0,1196.0,False,False
006208,2022-10-26 13:14:26.299840,0.001784121320249854,-0.003558718861210064,0.10000000000000142,-0.20000000000000284,56.0,56.05,56.15,56.2,49.0,140.0,178.0,1196.0,False,False
006208,2022-10-26 13:14:26.397743,0.001784121320249854,-0.003558718861210064,0.10000000000000142,-0.20000000000000284,56.0,56.05,56.15,56.2,49.0,140.0,178.0,1196.0,False,False
006208,2022-10-26 13:14:26.434009,0.001784121320249854,-0.003558718861210064,0.10000000000000142,-0.20000000000000284,56.0,56.05,56.15,56.2,49.0,140.0,178.0,1196.0,False,False
006208,2022-10-26 13:14:30.881218,0.000892060660125038,-0.002671415850400649,0.05000000000000426,-0.14999999999999858,56.0,56.05,56.1,56.15,49.0,140.0,4061.0,811.0,True,True
006208,2022-10-26 13:14:31.709643,0.000892060660125038,-0.002671415850400649,0.05000000000000426,-0.14999999999999858,56.0,56.05,56.1,56.15,49.0,140.0,4061.0,811.0,False,False
006208,2022-10-26 13:14:31.710051,0.000892060660125038,-0.002671415850400649,0.05000000000000426,-0.14999999999999858,56.0,56.05,56.1,56.15,49.0,215.0,4061.0,811.0,False,False
006208,2022-10-26 13:14:32.462638,0.000892060660125038,-0.002671415850400649,0.05000000000000426,-0.14999999999999858,56.0,56.05,56.1,56.15,49.0,215.0,4061.0,811.0,False,False
006208,2022-10-26 13:14:32.478668,0.000892060660125038,-0.002671415850400649,0.05000000000000426,-0.14999999999999858,56.0,56.05,56.1,56.15,49.0,215.0,4061.0,811.0,False,False
006208,2022-10-26 13:14:33.659553,0.000892060660125038,-0.002671415850400649,0.05000000000000426,-0.14999999999999858,56.0,56.05,56.1,56.15,49.0,215.0,4061.0,811.0,False,False
006208,2022-10-26 13:14:33.659732,0.000892060660125038,-0.002671415850400649,0.05000000000000426,-0.14999999999999858,56.0,56.05,56.1,56.15,49.0,215.0,4061.0,811.0,False,False
006208,2022-10-26 13:14:34.272262,0.000892060660125038,-0.002671415850400649,0.05000000000000426,-0.14999999999999858,56.0,56.05,56.1,56.15,49.0,215.0,4061.0,811.0,False,False
006208,2022-10-26 13:14:34.284175,0.000892060660125038,-0.002671415850400649,0.05000000000000426,-0.14999999999999858,56.0,56.05,56.1,56.15,49.0,215.0,4061.0,811.0,False,False
006208,2022-10-26 13:14:34.663840,0.000892060660125038,-0.002671415850400649,0.05000000000000426,-0.14999999999999858,56.0,56.05,56.1,56.15,52.0,215.0,4061.0,811.0,False,False
006208,2022-10-26 13:14:36.427861,0.000892060660125038,-0.002671415850400649,0.05000000000000426,-0.14999999999999858,56.0,56.05,56.1,56.15,52.0,215.0,4061.0,811.0,False,False
006208,2022-10-26 13:14:36.430968,0.000892060660125038,-0.002671415850400649,0.05000000000000426,-0.14999999999999858,56.0,56.05,56.1,56.15,52.0,215.0,4061.0,811.0,False,False
006208,2022-10-26 13:14:36.560750,0.000892060660125038,-0.002671415850400649,0.05000000000000426,-0.14999999999999858,56.0,56.05,56.1,56.15,52.0,215.0,4061.0,811.0,False,False
006208,2022-10-26 13:14:36.990198,0.000892060660125038,-0.002671415850400649,0.05000000000000426,-0.14999999999999858,56.0,56.05,56.1,56.15,52.0,215.0,4061.0,811.0,False,False
006208,2022-10-26 13:14:37.004111,0.000892060660125038,-0.002671415850400649,0.05000000000000426,-0.14999999999999858,56.0,56.05,56.1,56.15,52.0,215.0,4061.0,811.0,False,False
006208,2022-10-26 13:14:40.026967,0.000892060660125038,-0.002671415850400649,0.05000000000000426,-0.14999999999999858,56.0,56.05,56.1,56.15,52.0,215.0,4061.0,811.0,False,False
006208,2022-10-26 13:14:40.040197,0.000892060660125038,-0.002671415850400649,0.05000000000000426,-0.14999999999999858,56.0,56.05,56.1,56.15,52.0,215.0,4061.0,811.0,False,False
006208,2022-10-26 13:14:40.217130,0.000892060660125038,-0.002671415850400649,0.05000000000000426,-0.14999999999999858,56.0,56.05,56.1,56.15,52.0,214.0,4061.0,811.0,False,False
006208,2022-10-26 13:14:40.937486,0.000892060660125038,-0.002671415850400649,0.05000000000000426,-0.14999999999999858,56.0,56.05,56.1,56.15,52.0,214.0,4061.0,561.0,True,True
006208,2022-10-26 13:14:41.374291,0.000892060660125038,-0.002671415850400649,0.05000000000000426,-0.14999999999999858,56.0,56.05,56.1,56.15,52.0,214.0,4061.0,561.0,False,False
006208,2022-10-26 13:14:41.632117,0.000892060660125038,-0.002671415850400649,0.05000000000000426,-0.14999999999999858,56.0,56.05,56.1,56.15,52.0,214.0,4061.0,561.0,False,False
006208,2022-10-26 13:14:41.640296,0.000892060660125038,-0.002671415850400649,0.05000000000000426,-0.14999999999999858,56.0,56.05,56.1,56.15,52.0,214.0,4061.0,561.0,False,False
006208,2022-10-26 13:14:42.930013,0.000892060660125038,-0.002671415850400649,0.05000000000000426,-0.14999999999999858,56.0,56.05,56.1,56.15,52.0,214.0,4061.0,561.0,False,False
006208,2022-10-26 13:14:44.423792,0.000892060660125038,-0.002671415850400649,0.05000000000000426,-0.14999999999999858,56.0,56.05,56.1,56.15,52.0,254.0,4061.0,561.0,False,False
006208,2022-10-26 13:14:45.023633,0.000892060660125038,-0.002671415850400649,0.05000000000000426,-0.14999999999999858,56.0,56.05,56.1,56.15,52.0,254.0,4061.0,561.0,False,False
006208,2022-10-26 13:14:45.047550,0.000892060660125038,-0.002671415850400649,0.05000000000000426,-0.14999999999999858,56.0,56.05,56.1,56.15,52.0,254.0,4061.0,561.0,False,False
006208,2022-10-26 13:14:45.633015,0.000892060660125038,-0.002671415850400649,0.05000000000000426,-0.14999999999999858,56.0,56.05,56.1,56.15,52.0,254.0,4061.0,561.0,False,False
006208,2022-10-26 13:14:45.637722,0.000892060660125038,-0.002671415850400649,0.05000000000000426,-0.14999999999999858,56.0,56.05,56.1,56.15,52.0,254.0,4061.0,561.0,False,False
006208,2022-10-26 13:14:46.323683,0.000892060660125038,-0.002671415850400649,0.05000000000000426,-0.14999999999999858,56.0,56.05,56.1,56.15,50.0,254.0,4061.0,561.0,False,False
006208,2022-10-26 13:14:46.557339,0.000892060660125038,-0.002671415850400649,0.05000000000000426,-0.14999999999999858,56.0,56.05,56.1,56.15,50.0,254.0,4061.0,561.0,False,False
006208,2022-10-26 13:14:46.567590,0.000892060660125038,-0.002671415850400649,0.05000000000000426,-0.14999999999999858,56.0,56.05,56.1,56.15,50.0,254.0,4061.0,561.0,False,False
006208,2022-10-26 13:14:46.688520,0.000892060660125038,-0.002671415850400649,0.05000000000000426,-0.14999999999999858,56.0,56.05,56.1,56.15,50.0,254.0,4061.0,561.0,False,False
006208,2022-10-26 13:14:46.817550,0.000892060660125038,-0.002671415850400649,0.05000000000000426,-0.14999999999999858,56.0,56.05,56.1,56.15,51.0,254.0,4061.0,561.0,False,False
006208,2022-10-26 13:14:50.004142,0.000892060660125038,-0.002671415850400649,0.05000000000000426,-0.14999999999999858,56.0,56.05,56.1,56.15,51.0,254.0,4061.0,561.0,False,False
006208,2022-10-26 13:14:50.032374,0.000892060660125038,-0.002671415850400649,0.05000000000000426,-0.14999999999999858,56.0,56.05,56.1,56.15,51.0,254.0,4061.0,561.0,False,False
006208,2022-10-26 13:14:50.718714,0.000892060660125038,-0.002671415850400649,0.05000000000000426,-0.14999999999999858,56.0,56.05,56.1,56.15,51.0,254.0,4061.0,561.0,False,False
006208,2022-10-26 13:14:50.729391,0.000892060660125038,-0.002671415850400649,0.05000000000000426,-0.14999999999999858,56.0,56.05,56.1,56.15,51.0,254.0,4061.0,561.0,False,False
006208,2022-10-26 13:14:53.320461,0.000892060660125038,-0.002671415850400649,0.05000000000000426,-0.14999999999999858,56.0,56.05,56.1,56.15,51.0,254.0,4061.0,561.0,False,False
006208,2022-10-26 13:14:53.332344,0.000892060660125038,-0.002671415850400649,0.05000000000000426,-0.14999999999999858,56.0,56.05,56.1,56.15,51.0,254.0,4061.0,561.0,False,False
006208,2022-10-26 13:14:53.464972,0.000892060660125038,-0.002671415850400649,0.05000000000000426,-0.14999999999999858,56.0,56.05,56.1,56.15,51.0,254.0,4061.0,561.0,False,False
006208,2022-10-26 13:14:53.730216,0.000892060660125038,-0.002671415850400649,0.05000000000000426,-0.14999999999999858,56.0,56.05,56.1,56.15,51.0,254.0,4061.0,561.0,False,False
006208,2022-10-26 13:14:55.000914,0.000892060660125038,-0.002671415850400649,0.05000000000000426,-0.14999999999999858,56.0,56.05,56.1,56.15,51.0,254.0,4061.0,561.0,False,False
006208,2022-10-26 13:14:55.751991,0.000892060660125038,-0.002671415850400649,0.05000000000000426,-0.14999999999999858,56.0,56.05,56.1,56.15,51.0,254.0,4061.0,561.0,False,False
006208,2022-10-26 13:14:55.752210,0.000892060660125038,-0.002671415850400649,0.05000000000000426,-0.14999999999999858,56.0,56.05,56.1,56.15,51.0,254.0,4061.0,561.0,False,False
006208,2022-10-26 13:14:56.637997,0.000892060660125038,-0.002671415850400649,0.05000000000000426,-0.14999999999999858,56.0,56.05,56.1,56.15,51.0,254.0,4061.0,561.0,False,False
006208,2022-10-26 13:14:56.648687,0.000892060660125038,-0.002671415850400649,0.05000000000000426,-0.14999999999999858,56.0,56.05,56.1,56.15,51.0,254.0,4061.0,561.0,False,False
006208,2022-10-26 13:14:56.779653,0.000892060660125038,-0.002671415850400649,0.05000000000000426,-0.14999999999999858,56.0,56.05,56.1,56.15,51.0,254.0,4061.0,561.0,False,False
006208,2022-10-26 13:14:57.848309,0.000892060660125038,-0.002671415850400649,0.05000000000000426,-0.14999999999999858,56.0,56.05,56.1,56.15,51.0,254.0,4061.0,561.0,False,False
006208,2022-10-26 13:14:59.566524,0.000892060660125038,-0.002671415850400649,0.05000000000000426,-0.14999999999999858,56.0,56.05,56.1,56.15,51.0,254.0,4061.0,561.0,False,False
006208,2022-10-26 13:14:59.569617,0.000892060660125038,-0.002671415850400649,0.05000000000000426,-0.14999999999999858,56.0,56.05,56.1,56.15,51.0,254.0,4061.0,561.0,False,False
006208,2022-10-26 13:14:59.687758,0.000892060660125038,-0.002671415850400649,0.05000000000000426,-0.14999999999999858,56.0,56.05,56.1,56.15,51.0,288.0,4061.0,561.0,False,False
006208,2022-10-26 13:14:59.995013,0.000892060660125038,-0.002671415850400649,0.05000000000000426,-0.14999999999999858,56.0,56.05,56.1,56.15,51.0,288.0,4061.0,561.0,False,False
006208,2022-10-26 13:15:00.016849,0.000892060660125038,-0.002671415850400649,0.05000000000000426,-0.14999999999999858,56.0,56.05,56.1,56.15,51.0,288.0,4061.0,561.0,False,False
006208,2022-10-26 13:15:00.212547,0.000892060660125038,-0.002671415850400649,0.05000000000000426,-0.14999999999999858,56.0,56.05,56.1,56.15,51.0,288.0,4061.0,561.0,False,False
006208,2022-10-26 13:15:00.343606,0.000892060660125038,-0.002671415850400649,0.05000000000000426,-0.14999999999999858,56.0,56.05,56.1,56.15,51.0,288.0,4061.0,561.0,False,False
006208,2022-10-26 13:15:01.177601,0.000892060660125038,-0.002671415850400649,0.05000000000000426,-0.14999999999999858,56.0,56.05,56.1,56.15,51.0,288.0,4061.0,961.0,True,True
006208,2022-10-26 13:15:01.748040,0.000892060660125038,-0.002671415850400649,0.05000000000000426,-0.14999999999999858,56.0,56.05,56.1,56.15,51.0,288.0,4061.0,961.0,False,False
006208,2022-10-26 13:15:01.779684,0.000892060660125038,-0.002671415850400649,0.05000000000000426,-0.14999999999999858,56.0,56.05,56.1,56.15,51.0,288.0,4061.0,961.0,False,False
006208,2022-10-26 13:15:02.801579,0.000892060660125038,-0.002671415850400649,0.05000000000000426,-0.14999999999999858,56.0,56.05,56.1,56.15,51.0,288.0,4061.0,961.0,False,False
006208,2022-10-26 13:15:03.195646,0.000892060660125038,-0.002671415850400649,0.05000000000000426,-0.14999999999999858,56.0,56.05,56.1,56.15,51.0,288.0,4061.0,961.0,False,False
006208,2022-10-26 13:15:03.201043,0.000892060660125038,-0.002671415850400649,0.05000000000000426,-0.14999999999999858,56.0,56.05,56.1,56.15,51.0,288.0,4061.0,961.0,False,False
006208,2022-10-26 13:15:03.509494,0.000892060660125038,-0.002671415850400649,0.05000000000000426,-0.14999999999999858,56.0,56.05,56.1,56.15,51.0,338.0,4061.0,961.0,False,False
006208,2022-10-26 13:15:03.563311,0.000892060660125038,-0.002671415850400649,0.05000000000000426,-0.14999999999999858,56.0,56.05,56.1,56.15,51.0,304.0,4061.0,961.0,False,False
006208,2022-10-26 13:15:04.942970,0.000892060660125038,-0.002671415850400649,0.05000000000000426,-0.14999999999999858,56.0,56.05,56.1,56.15,51.0,304.0,4061.0,961.0,False,False
006208,2022-10-26 13:15:04.968620,0.000892060660125038,-0.002671415850400649,0.05000000000000426,-0.14999999999999858,56.0,56.05,56.1,56.15,51.0,304.0,4061.0,961.0,False,False
006208,2022-10-26 13:15:04.984545,0.000892060660125038,-0.002671415850400649,0.05000000000000426,-0.14999999999999858,56.0,56.05,56.1,56.15,51.0,304.0,4061.0,961.0,False,False
006208,2022-10-26 13:15:06.281958,0.000892060660125038,-0.002671415850400649,0.05000000000000426,-0.14999999999999858,56.0,56.05,56.1,56.15,51.0,304.0,4061.0,961.0,False,False
006208,2022-10-26 13:15:06.282098,0.000892060660125038,-0.002671415850400649,0.05000000000000426,-0.14999999999999858,56.0,56.05,56.1,56.15,51.0,304.0,4061.0,961.0,False,False
006208,2022-10-26 13:15:06.710985,0.000892060660125038,-0.002671415850400649,0.05000000000000426,-0.14999999999999858,56.0,56.05,56.1,56.15,51.0,304.0,4061.0,961.0,False,False
006208,2022-10-26 13:15:06.711840,0.000892060660125038,-0.002671415850400649,0.05000000000000426,-0.14999999999999858,56.0,56.05,56.1,56.15,51.0,304.0,4061.0,961.0,False,False
006208,2022-10-26 13:15:06.835471,0.000892060660125038,-0.002671415850400649,0.05000000000000426,-0.14999999999999858,56.0,56.05,56.1,56.15,51.0,304.0,4061.0,961.0,False,False
006208,2022-10-26 13:15:06.874752,0.000892060660125038,-0.002671415850400649,0.05000000000000426,-0.14999999999999858,56.0,56.05,56.1,56.15,51.0,304.0,4061.0,961.0,False,False
006208,2022-10-26 13:15:09.225918,0.000892060660125038,-0.002671415850400649,0.05000000000000426,-0.14999999999999858,56.0,56.05,56.1,56.15,51.0,304.0,4061.0,961.0,False,False
006208,2022-10-26 13:15:09.242078,0.000892060660125038,-0.002671415850400649,0.05000000000000426,-0.14999999999999858,56.0,56.05,56.1,56.15,51.0,354.0,4061.0,961.0,False,False
006208,2022-10-26 13:15:09.967777,0.000892060660125038,-0.002671415850400649,0.05000000000000426,-0.14999999999999858,56.0,56.05,56.1,56.15,51.0,354.0,4061.0,961.0,False,False
006208,2022-10-26 13:15:09.986222,0.000892060660125038,-0.002671415850400649,0.05000000000000426,-0.14999999999999858,56.0,56.05,56.1,56.15,51.0,304.0,4061.0,961.0,False,False
006208,2022-10-26 13:15:10.260852,0.000892060660125038,-0.002671415850400649,0.05000000000000426,-0.14999999999999858,56.0,56.05,56.1,56.15,51.0,304.0,4061.0,961.0,False,False
006208,2022-10-26 13:15:10.269267,0.000892060660125038,-0.002671415850400649,0.05000000000000426,-0.14999999999999858,56.0,56.05,56.1,56.15,51.0,304.0,4061.0,961.0,False,False
006208,2022-10-26 13:15:10.398627,0.000892060660125038,-0.002671415850400649,0.05000000000000426,-0.14999999999999858,56.0,56.05,56.1,56.15,51.0,338.0,4061.0,961.0,False,False
006208,2022-10-26 13:15:10.600571,0.000892060660125038,-0.002671415850400649,0.05000000000000426,-0.14999999999999858,56.0,56.05,56.1,56.15,51.0,338.0,4061.0,961.0,False,False
006208,2022-10-26 13:15:10.600598,0.000892060660125038,-0.002671415850400649,0.05000000000000426,-0.14999999999999858,56.0,56.05,56.1,56.15,51.0,338.0,4061.0,961.0,False,False
006208,2022-10-26 13:15:11.366993,0.0,-0.0017825311942959443,0.0,-0.10000000000000142,56.0,56.05,56.05,56.1,51.0,338.0,1973.0,2137.0,True,True
006208,2022-10-26 13:15:11.376319,0.0,-0.0017825311942959443,0.0,-0.10000000000000142,56.0,56.05,56.05,56.1,51.0,338.0,1973.0,2137.0,False,False
006208,2022-10-26 13:15:11.376370,0.0,-0.0017825311942959443,0.0,-0.10000000000000142,56.0,56.05,56.05,56.1,51.0,338.0,1973.0,2137.0,False,False
006208,2022-10-26 13:15:13.524795,0.0,-0.0017825311942959443,0.0,-0.10000000000000142,56.0,56.05,56.05,56.1,51.0,338.0,1973.0,2137.0,False,False
006208,2022-10-26 13:15:13.547480,0.0,-0.0017825311942959443,0.0,-0.10000000000000142,56.0,56.05,56.05,56.1,51.0,304.0,1973.0,2137.0,False,False
006208,2022-10-26 13:15:15.643716,0.0,-0.0017825311942959443,0.0,-0.10000000000000142,56.0,56.05,56.05,56.1,51.0,304.0,1973.0,2137.0,False,False
006208,2022-10-26 13:15:15.651101,0.0,-0.0017825311942959443,0.0,-0.10000000000000142,56.0,56.05,56.05,56.1,51.0,304.0,1973.0,2137.0,False,False
006208,2022-10-26 13:15:15.695017,0.0,-0.0017825311942959443,0.0,-0.10000000000000142,56.0,56.05,56.05,56.1,51.0,304.0,1973.0,2137.0,False,False
006208,2022-10-26 13:15:16.795586,0.0,-0.0017825311942959443,0.0,-0.10000000000000142,56.0,56.05,56.05,56.1,51.0,304.0,1973.0,2137.0,False,False
006208,2022-10-26 13:15:16.798553,0.0,-0.0017825311942959443,0.0,-0.10000000000000142,56.0,56.05,56.05,56.1,51.0,304.0,1973.0,2137.0,False,False
006208,2022-10-26 13:15:16.928477,0.0,-0.0017825311942959443,0.0,-0.10000000000000142,56.0,56.05,56.05,56.1,51.0,304.0,1973.0,2137.0,False,False
006208,2022-10-26 13:15:16.930409,0.0,-0.0017825311942959443,0.0,-0.10000000000000142,56.0,56.05,56.05,56.1,51.0,304.0,1973.0,2137.0,False,False
006208,2022-10-26 13:15:19.092340,0.0,-0.0017825311942959443,0.0,-0.10000000000000142,56.0,56.05,56.05,56.1,51.0,304.0,1973.0,2137.0,False,False
006208,2022-10-26 13:15:20.508921,0.0,-0.0017825311942959443,0.0,-0.10000000000000142,56.0,56.05,56.05,56.1,52.0,304.0,1973.0,2137.0,False,False
006208,2022-10-26 13:15:20.937778,0.0,-0.0017825311942959443,0.0,-0.10000000000000142,56.0,56.05,56.05,56.1,52.0,304.0,1973.0,2137.0,False,False
006208,2022-10-26 13:15:21.047486,0.0,-0.0017825311942959443,0.0,-0.10000000000000142,56.0,56.05,56.05,56.1,52.0,338.0,1973.0,2137.0,False,False
006208,2022-10-26 13:15:21.375592,0.0,-0.0017825311942959443,0.0,-0.10000000000000142,56.0,56.05,56.05,56.1,52.0,338.0,1973.0,2146.0,True,True
006208,2022-10-26 13:15:21.472408,0.0,-0.0017825311942959443,0.0,-0.10000000000000142,56.0,56.05,56.05,56.1,52.0,338.0,1973.0,2146.0,False,False
006208,2022-10-26 13:15:21.487697,0.0,-0.0017825311942959443,0.0,-0.10000000000000142,56.0,56.05,56.05,56.1,52.0,388.0,1973.0,2146.0,False,False
006208,2022-10-26 13:15:24.968490,0.0,-0.0017825311942959443,0.0,-0.10000000000000142,56.0,56.05,56.05,56.1,52.0,388.0,1973.0,2146.0,False,False
006208,2022-10-26 13:15:24.986585,0.0,-0.0017825311942959443,0.0,-0.10000000000000142,56.0,56.05,56.05,56.1,52.0,338.0,1973.0,2146.0,False,False
006208,2022-10-26 13:15:25.143947,0.0,-0.0017825311942959443,0.0,-0.10000000000000142,56.0,56.05,56.05,56.1,52.0,338.0,1973.0,2146.0,False,False
006208,2022-10-26 13:15:25.411912,0.0,-0.0017825311942959443,0.0,-0.10000000000000142,56.0,56.05,56.05,56.1,52.0,338.0,1973.0,2146.0,False,False
006208,2022-10-26 13:15:25.416391,0.0,-0.0017825311942959443,0.0,-0.10000000000000142,56.0,56.05,56.05,56.1,52.0,338.0,1973.0,2146.0,False,False
006208,2022-10-26 13:15:25.860759,0.0,-0.0017825311942959443,0.0,-0.10000000000000142,56.0,56.05,56.05,56.1,52.0,338.0,1973.0,2146.0,False,False
006208,2022-10-26 13:15:25.875053,0.0,-0.0017825311942959443,0.0,-0.10000000000000142,56.0,56.05,56.05,56.1,48.0,338.0,1973.0,2146.0,False,False
006208,2022-10-26 13:15:25.860920,0.0,-0.0017825311942959443,0.0,-0.10000000000000142,56.0,56.05,56.05,56.1,52.0,338.0,1973.0,2146.0,False,False
006208,2022-10-26 13:15:26.897803,0.0,-0.0017825311942959443,0.0,-0.10000000000000142,56.0,56.05,56.05,56.1,48.0,338.0,1973.0,2146.0,False,False
006208,2022-10-26 13:15:26.905484,0.0,-0.0017825311942959443,0.0,-0.10000000000000142,56.0,56.05,56.05,56.1,48.0,338.0,1973.0,2146.0,False,False
006208,2022-10-26 13:15:27.021492,0.0,-0.0017825311942959443,0.0,-0.10000000000000142,56.0,56.05,56.05,56.1,48.0,338.0,1973.0,2146.0,False,False
006208,2022-10-26 13:15:27.046617,0.0,-0.0017825311942959443,0.0,-0.10000000000000142,56.0,56.05,56.05,56.1,48.0,338.0,1973.0,2146.0,False,False
006208,2022-10-26 13:15:28.496322,0.0,-0.0017825311942959443,0.0,-0.10000000000000142,56.0,56.05,56.05,56.1,48.0,338.0,1973.0,2146.0,False,False
006208,2022-10-26 13:15:29.967432,0.0,-0.0017825311942959443,0.0,-0.10000000000000142,56.0,56.05,56.05,56.1,48.0,338.0,1973.0,2146.0,False,False
006208,2022-10-26 13:15:29.992497,0.0,-0.0017825311942959443,0.0,-0.10000000000000142,56.0,56.05,56.05,56.1,48.0,338.0,1973.0,2146.0,False,False
006208,2022-10-26 13:15:32.087653,0.0,-0.0017825311942959443,0.0,-0.10000000000000142,56.0,56.05,56.05,56.1,48.0,337.0,1973.0,2146.0,False,False
006208,2022-10-26 13:15:32.710911,0.0,-0.0017825311942959443,0.0,-0.10000000000000142,56.0,56.05,56.05,56.1,48.0,337.0,1973.0,2146.0,False,False
006208,2022-10-26 13:15:32.730772,0.0,-0.0017825311942959443,0.0,-0.10000000000000142,56.0,56.05,56.05,56.1,48.0,303.0,1973.0,2146.0,False,False
006208,2022-10-26 13:15:32.993449,0.0,-0.0017825311942959443,0.0,-0.10000000000000142,56.0,56.05,56.05,56.1,48.0,303.0,1973.0,2146.0,False,False
006208,2022-10-26 13:15:32.996997,0.0,-0.0017825311942959443,0.0,-0.10000000000000142,56.0,56.05,56.05,56.1,48.0,303.0,1973.0,2146.0,False,False
006208,2022-10-26 13:15:34.958781,0.0,-0.0017825311942959443,0.0,-0.10000000000000142,56.0,56.05,56.05,56.1,48.0,303.0,1973.0,2146.0,False,False
006208,2022-10-26 13:15:34.958931,0.0,-0.0017825311942959443,0.0,-0.10000000000000142,56.0,56.05,56.05,56.1,48.0,303.0,1973.0,2146.0,False,False
006208,2022-10-26 13:15:35.519241,0.0,-0.0017825311942959443,0.0,-0.10000000000000142,56.0,56.05,56.05,56.1,48.0,303.0,1973.0,2146.0,False,False
006208,2022-10-26 13:15:35.519413,0.0,-0.0017825311942959443,0.0,-0.10000000000000142,56.0,56.05,56.05,56.1,48.0,303.0,1973.0,2146.0,False,False
006208,2022-10-26 13:15:35.533594,0.0,-0.0017825311942959443,0.0,-0.10000000000000142,56.0,56.05,56.05,56.1,48.0,303.0,1973.0,2146.0,False,False
006208,2022-10-26 13:15:35.929902,0.0,-0.0017825311942959443,0.0,-0.10000000000000142,56.0,56.05,56.05,56.1,47.0,303.0,1973.0,2146.0,False,False
006208,2022-10-26 13:15:35.998148,0.0,-0.0017825311942959443,0.0,-0.10000000000000142,56.0,56.05,56.05,56.1,47.0,303.0,1973.0,2146.0,False,False
006208,2022-10-26 13:15:35.998170,0.0,-0.0017825311942959443,0.0,-0.10000000000000142,56.0,56.05,56.05,56.1,47.0,303.0,1973.0,2146.0,False,False
006208,2022-10-26 13:15:37.006036,0.0,-0.0017825311942959443,0.0,-0.10000000000000142,56.0,56.05,56.05,56.1,47.0,303.0,1973.0,2146.0,False,False
006208,2022-10-26 13:15:37.017811,0.0,-0.0017825311942959443,0.0,-0.10000000000000142,56.0,56.05,56.05,56.1,47.0,303.0,1973.0,2146.0,False,False
006208,2022-10-26 13:15:37.075605,0.0,-0.0017825311942959443,0.0,-0.10000000000000142,56.0,56.05,56.05,56.1,48.0,337.0,1973.0,2146.0,False,False
006208,2022-10-26 13:15:37.166065,0.0,-0.0017825311942959443,0.0,-0.10000000000000142,56.0,56.05,56.05,56.1,48.0,337.0,1973.0,2146.0,False,False
006208,2022-10-26 13:15:39.966393,0.0,-0.0017825311942959443,0.0,-0.10000000000000142,56.0,56.05,56.05,56.1,48.0,337.0,1973.0,2146.0,False,False
006208,2022-10-26 13:15:39.977997,0.0,-0.0017825311942959443,0.0,-0.10000000000000142,56.0,56.05,56.05,56.1,48.0,337.0,1973.0,2146.0,False,False
006208,2022-10-26 13:15:40.870543,0.0,-0.0017825311942959443,0.0,-0.10000000000000142,56.0,56.05,56.05,56.1,48.0,337.0,1973.0,2146.0,False,False
006208,2022-10-26 13:15:40.874227,0.0,-0.0017825311942959443,0.0,-0.10000000000000142,56.0,56.05,56.05,56.1,48.0,337.0,1973.0,2146.0,False,False
006208,2022-10-26 13:15:41.495145,0.0,-0.0017825311942959443,0.0,-0.10000000000000142,56.0,56.05,56.05,56.1,48.0,337.0,1973.0,2021.0,True,True
006208,2022-10-26 13:15:42.025668,0.0,-0.0017825311942959443,0.0,-0.10000000000000142,56.0,56.05,56.05,56.1,48.0,337.0,1973.0,2021.0,False,False
006208,2022-10-26 13:15:42.831036,0.0,-0.0017825311942959443,0.0,-0.10000000000000142,56.0,56.05,56.05,56.1,48.0,337.0,1973.0,2021.0,False,False
006208,2022-10-26 13:15:42.841734,0.0,-0.0017825311942959443,0.0,-0.10000000000000142,56.0,56.05,56.05,56.1,48.0,337.0,1973.0,2021.0,False,False
006208,2022-10-26 13:15:43.035772,0.0,-0.0017825311942959443,0.0,-0.10000000000000142,56.0,56.05,56.05,56.1,48.0,337.0,1973.0,2021.0,False,False
006208,2022-10-26 13:15:43.119016,0.0,-0.0017825311942959443,0.0,-0.10000000000000142,56.0,56.05,56.05,56.1,48.0,337.0,1973.0,2021.0,False,False
006208,2022-10-26 13:15:44.046272,0.0,-0.0017825311942959443,0.0,-0.10000000000000142,56.0,56.05,56.05,56.1,48.0,303.0,1973.0,2021.0,False,False
006208,2022-10-26 13:15:44.066359,0.0,-0.0017825311942959443,0.0,-0.10000000000000142,56.0,56.05,56.05,56.1,48.0,303.0,1973.0,2021.0,False,False
006208,2022-10-26 13:15:44.398580,0.0,-0.0017825311942959443,0.0,-0.10000000000000142,56.0,56.05,56.05,56.1,48.0,303.0,1973.0,2021.0,False,False
006208,2022-10-26 13:15:44.458323,0.0,-0.0017825311942959443,0.0,-0.10000000000000142,56.0,56.05,56.05,56.1,48.0,304.0,1973.0,2021.0,False,False
006208,2022-10-26 13:15:44.836962,0.0,-0.0017825311942959443,0.0,-0.10000000000000142,56.0,56.05,56.05,56.1,48.0,304.0,1973.0,2021.0,False,False
006208,2022-10-26 13:15:44.837378,0.0,-0.0017825311942959443,0.0,-0.10000000000000142,56.0,56.05,56.05,56.1,48.0,304.0,1973.0,2021.0,False,False
006208,2022-10-26 13:15:45.724945,0.0,-0.0017825311942959443,0.0,-0.10000000000000142,56.0,56.05,56.05,56.1,40.0,304.0,1973.0,2021.0,False,False
006208,2022-10-26 13:15:45.884896,0.0,-0.0017825311942959443,0.0,-0.10000000000000142,56.0,56.05,56.05,56.1,40.0,304.0,1973.0,2021.0,False,False
006208,2022-10-26 13:15:45.885009,0.0,-0.0017825311942959443,0.0,-0.10000000000000142,56.0,56.05,56.05,56.1,40.0,304.0,1973.0,2021.0,False,False
006208,2022-10-26 13:15:46.452672,0.0,-0.0017825311942959443,0.0,-0.10000000000000142,56.0,56.05,56.05,56.1,40.0,304.0,1973.0,2021.0,False,False
006208,2022-10-26 13:15:46.499554,0.0,-0.0017825311942959443,0.0,-0.10000000000000142,56.0,56.05,56.05,56.1,40.0,354.0,1973.0,2021.0,False,False
006208,2022-10-26 13:15:47.056314,0.0,-0.0017825311942959443,0.0,-0.10000000000000142,56.0,56.05,56.05,56.1,41.0,354.0,1973.0,2021.0,False,False
006208,2022-10-26 13:15:47.125140,0.0,-0.0017825311942959443,0.0,-0.10000000000000142,56.0,56.05,56.05,56.1,41.0,354.0,1973.0,2021.0,False,False
006208,2022-10-26 13:15:47.262679,0.0,-0.0017825311942959443,0.0,-0.10000000000000142,56.0,56.05,56.05,56.1,41.0,304.0,1973.0,2021.0,False,False
006208,2022-10-26 13:15:47.266845,0.0,-0.0017825311942959443,0.0,-0.10000000000000142,56.0,56.05,56.05,56.1,41.0,304.0,1973.0,2021.0,False,False
006208,2022-10-26 13:15:47.737808,0.0,-0.0017825311942959443,0.0,-0.10000000000000142,56.0,56.05,56.05,56.1,41.0,304.0,1973.0,2021.0,False,False
006208,2022-10-26 13:15:47.749754,0.0,-0.0017825311942959443,0.0,-0.10000000000000142,56.0,56.05,56.05,56.1,41.0,304.0,1973.0,2021.0,False,False
006208,2022-10-26 13:15:47.801888,0.0,-0.0017825311942959443,0.0,-0.10000000000000142,56.0,56.05,56.05,56.1,41.0,304.0,1973.0,2021.0,False,False
006208,2022-10-26 13:15:49.677297,0.0,-0.0017825311942959443,0.0,-0.10000000000000142,56.0,56.05,56.05,56.1,41.0,299.0,1973.0,2021.0,False,False
006208,2022-10-26 13:15:50.336744,0.0,-0.0017825311942959443,0.0,-0.10000000000000142,56.0,56.05,56.05,56.1,41.0,259.0,1973.0,2021.0,False,False
006208,2022-10-26 13:15:50.372273,0.0,-0.0017825311942959443,0.0,-0.10000000000000142,56.0,56.05,56.05,56.1,41.0,166.0,1973.0,2021.0,False,False
006208,2022-10-26 13:15:50.476906,0.0,-0.0017825311942959443,0.0,-0.10000000000000142,56.0,56.05,56.05,56.1,41.0,116.0,1973.0,2021.0,False,False
006208,2022-10-26 13:15:51.081358,0.0,-0.0017825311942959443,0.0,-0.10000000000000142,56.0,56.05,56.05,56.1,41.0,116.0,1973.0,2021.0,False,False
006208,2022-10-26 13:15:51.101417,0.0,-0.0017825311942959443,0.0,-0.10000000000000142,56.0,56.05,56.05,56.1,41.0,116.0,1973.0,2021.0,False,False
006208,2022-10-26 13:15:51.232779,0.0,-0.0017825311942959443,0.0,-0.10000000000000142,56.0,56.05,56.05,56.1,41.0,116.0,1973.0,2021.0,False,False
006208,2022-10-26 13:15:51.379864,0.0,-0.0017825311942959443,0.0,-0.10000000000000142,56.0,56.05,56.05,56.1,41.0,116.0,1973.0,2021.0,False,False
006208,2022-10-26 13:15:51.437536,0.0,-0.0017825311942959443,0.0,-0.10000000000000142,56.0,56.05,56.05,56.1,41.0,116.0,1973.0,2021.0,False,False
006208,2022-10-26 13:15:51.523267,0.0,-0.0017825311942959443,0.0,-0.10000000000000142,56.0,56.05,56.05,56.1,41.0,116.0,1990.0,2021.0,True,True
006208,2022-10-26 13:15:51.623694,0.0,-0.0017825311942959443,0.0,-0.10000000000000142,56.0,56.05,56.05,56.1,41.0,116.0,1990.0,2021.0,False,False
006208,2022-10-26 13:15:51.652183,0.0,-0.0017825311942959443,0.0,-0.10000000000000142,56.0,56.05,56.05,56.1,41.0,116.0,1990.0,2021.0,False,False
006208,2022-10-26 13:15:52.550431,0.0,-0.0017825311942959443,0.0,-0.10000000000000142,56.0,56.05,56.05,56.1,41.0,156.0,1990.0,2021.0,False,False
006208,2022-10-26 13:15:52.823925,0.0,-0.0017825311942959443,0.0,-0.10000000000000142,56.0,56.05,56.05,56.1,41.0,116.0,1990.0,2021.0,False,False
006208,2022-10-26 13:15:53.099017,0.0,-0.0017825311942959443,0.0,-0.10000000000000142,56.0,56.05,56.05,56.1,41.0,116.0,1990.0,2021.0,False,False
006208,2022-10-26 13:15:53.112150,0.0,-0.0017825311942959443,0.0,-0.10000000000000142,56.0,56.05,56.05,56.1,41.0,116.0,1990.0,2021.0,False,False
006208,2022-10-26 13:15:53.146910,0.0,-0.0017825311942959443,0.0,-0.10000000000000142,56.0,56.05,56.05,56.1,41.0,116.0,1990.0,2021.0,False,False
006208,2022-10-26 13:15:53.416327,0.0,-0.0017825311942959443,0.0,-0.10000000000000142,56.0,56.05,56.05,56.1,41.0,116.0,1990.0,2021.0,False,False
006208,2022-10-26 13:15:53.470941,0.0,-0.0017825311942959443,0.0,-0.10000000000000142,56.0,56.05,56.05,56.1,41.0,116.0,1990.0,2021.0,False,False
006208,2022-10-26 13:15:53.562742,0.0,-0.0017825311942959443,0.0,-0.10000000000000142,56.0,56.05,56.05,56.1,41.0,156.0,1990.0,2021.0,False,False
006208,2022-10-26 13:15:53.687698,0.0,-0.0017825311942959443,0.0,-0.10000000000000142,56.0,56.05,56.05,56.1,41.0,156.0,1990.0,2021.0,False,False
006208,2022-10-26 13:15:54.136591,0.0,-0.0017825311942959443,0.0,-0.10000000000000142,56.0,56.05,56.05,56.1,41.0,256.0,1990.0,2021.0,False,False
006208,2022-10-26 13:15:54.463025,0.0,-0.0017825311942959443,0.0,-0.10000000000000142,56.0,56.05,56.05,56.1,41.0,257.0,1990.0,2021.0,False,False
006208,2022-10-26 13:15:54.946114,0.0,-0.0017825311942959443,0.0,-0.10000000000000142,56.0,56.05,56.05,56.1,41.0,257.0,1990.0,2021.0,False,False
006208,2022-10-26 13:15:54.984818,0.0,-0.0017825311942959443,0.0,-0.10000000000000142,56.0,56.05,56.05,56.1,41.0,157.0,1990.0,2021.0,False,False
006208,2022-10-26 13:15:55.030146,0.0,-0.0017825311942959443,0.0,-0.10000000000000142,56.0,56.05,56.05,56.1,41.0,117.0,1990.0,2021.0,False,False
006208,2022-10-26 13:15:55.184663,0.0,-0.0017825311942959443,0.0,-0.10000000000000142,56.0,56.05,56.05,56.1,41.0,117.0,1990.0,2021.0,False,False
006208,2022-10-26 13:15:55.404457,0.0,-0.0017825311942959443,0.0,-0.10000000000000142,56.0,56.05,56.05,56.1,41.0,117.0,1990.0,2021.0,False,False
006208,2022-10-26 13:15:55.974553,0.0,-0.0017825311942959443,0.0,-0.10000000000000142,56.0,56.05,56.05,56.1,41.0,117.0,1990.0,2021.0,False,False
006208,2022-10-26 13:15:57.239724,0.0,-0.0017825311942959443,0.0,-0.10000000000000142,56.0,56.05,56.05,56.1,41.0,117.0,1990.0,2021.0,False,False
006208,2022-10-26 13:15:57.243569,0.0,-0.0017825311942959443,0.0,-0.10000000000000142,56.0,56.05,56.05,56.1,41.0,117.0,1990.0,2021.0,False,False
006208,2022-10-26 13:15:57.371748,0.0,-0.0017825311942959443,0.0,-0.10000000000000142,56.0,56.05,56.05,56.1,41.0,117.0,1990.0,2021.0,False,False
006208,2022-10-26 13:15:58.168247,0.0,-0.0017825311942959443,0.0,-0.10000000000000142,56.0,56.05,56.05,56.1,41.0,117.0,1990.0,2021.0,False,False
006208,2022-10-26 13:15:58.168267,0.0,-0.0017825311942959443,0.0,-0.10000000000000142,56.0,56.05,56.05,56.1,41.0,117.0,1990.0,2021.0,False,False
006208,2022-10-26 13:15:59.148228,0.0,-0.0017825311942959443,0.0,-0.10000000000000142,56.0,56.05,56.05,56.1,41.0,117.0,1990.0,2021.0,False,False
006208,2022-10-26 13:15:59.148250,0.0,-0.0017825311942959443,0.0,-0.10000000000000142,56.0,56.05,56.05,56.1,41.0,117.0,1990.0,2021.0,False,False
006208,2022-10-26 13:15:59.566656,0.0,-0.0017825311942959443,0.0,-0.10000000000000142,56.0,56.05,56.05,56.1,41.0,117.0,1990.0,2021.0,False,False
006208,2022-10-26 13:15:59.566780,0.0,-0.0017825311942959443,0.0,-0.10000000000000142,56.0,56.05,56.05,56.1,41.0,117.0,1990.0,2021.0,False,False
006208,2022-10-26 13:15:59.938979,0.0,-0.0017825311942959443,0.0,-0.10000000000000142,56.0,56.05,56.05,56.1,41.0,117.0,1990.0,2021.0,False,False
006208,2022-10-26 13:16:00.643219,0.0,-0.0017825311942959443,0.0,-0.10000000000000142,56.0,56.05,56.05,56.1,41.0,157.0,1990.0,2021.0,False,False
006208,2022-10-26 13:16:00.668966,0.0,-0.0017825311942959443,0.0,-0.10000000000000142,56.0,56.05,56.05,56.1,41.0,157.0,1990.0,2021.0,False,False
006208,2022-10-26 13:16:01.575298,0.0,-0.0017825311942959443,0.0,-0.10000000000000142,56.0,56.05,56.05,56.1,41.0,157.0,1990.0,2003.0,True,True
006208,2022-10-26 13:16:01.669083,0.0,-0.0017825311942959443,0.0,-0.10000000000000142,56.0,56.05,56.05,56.1,41.0,257.0,1990.0,2003.0,False,False
006208,2022-10-26 13:16:01.745498,0.0,-0.0017825311942959443,0.0,-0.10000000000000142,56.0,56.05,56.05,56.1,41.0,217.0,1990.0,2003.0,False,False
006208,2022-10-26 13:16:02.514195,0.0,-0.0017825311942959443,0.0,-0.10000000000000142,56.0,56.05,56.05,56.1,41.0,257.0,1990.0,2003.0,False,False
006208,2022-10-26 13:16:03.542295,0.0,-0.0017825311942959443,0.0,-0.10000000000000142,56.0,56.05,56.05,56.1,41.0,257.0,1990.0,2003.0,False,False
006208,2022-10-26 13:16:03.547172,0.0,-0.0017825311942959443,0.0,-0.10000000000000142,56.0,56.05,56.05,56.1,41.0,257.0,1990.0,2003.0,False,False
006208,2022-10-26 13:16:03.770791,0.0,-0.0017825311942959443,0.0,-0.10000000000000142,56.0,56.05,56.05,56.1,41.0,257.0,1990.0,2003.0,False,False
006208,2022-10-26 13:16:03.848845,0.0,-0.0017825311942959443,0.0,-0.10000000000000142,56.0,56.05,56.05,56.1,41.0,257.0,1990.0,2003.0,False,False
006208,2022-10-26 13:16:04.316915,0.0,-0.0017825311942959443,0.0,-0.10000000000000142,56.0,56.05,56.05,56.1,41.0,257.0,1990.0,2003.0,False,False
006208,2022-10-26 13:16:04.354053,0.0,-0.0017825311942959443,0.0,-0.10000000000000142,56.0,56.05,56.05,56.1,41.0,217.0,1990.0,2003.0,False,False
006208,2022-10-26 13:16:04.724397,0.0,-0.0017825311942959443,0.0,-0.10000000000000142,56.0,56.05,56.05,56.1,41.0,217.0,1990.0,2003.0,False,False
006208,2022-10-26 13:16:04.729766,0.0,-0.0017825311942959443,0.0,-0.10000000000000142,56.0,56.05,56.05,56.1,41.0,217.0,1990.0,2003.0,False,False
006208,2022-10-26 13:16:04.938464,0.0,-0.0017825311942959443,0.0,-0.10000000000000142,56.0,56.05,56.05,56.1,41.0,217.0,1990.0,2003.0,False,False
006208,2022-10-26 13:16:04.984618,0.0,-0.0017825311942959443,0.0,-0.10000000000000142,56.0,56.05,56.05,56.1,41.0,217.0,1990.0,2003.0,False,False
006208,2022-10-26 13:16:05.078229,0.0,-0.0017825311942959443,0.0,-0.10000000000000142,56.0,56.05,56.05,56.1,41.0,217.0,1990.0,2003.0,False,False
006208,2022-10-26 13:16:06.758901,0.0,-0.0017825311942959443,0.0,-0.10000000000000142,56.0,56.05,56.05,56.1,46.0,217.0,1990.0,2003.0,False,False
006208,2022-10-26 13:16:07.354530,0.0,-0.0017825311942959443,0.0,-0.10000000000000142,56.0,56.05,56.05,56.1,46.0,217.0,1990.0,2003.0,False,False
006208,2022-10-26 13:16:07.358100,0.0,-0.0017825311942959443,0.0,-0.10000000000000142,56.0,56.05,56.05,56.1,46.0,217.0,1990.0,2003.0,False,False
006208,2022-10-26 13:16:07.491006,0.0,-0.0017825311942959443,0.0,-0.10000000000000142,56.0,56.05,56.05,56.1,46.0,217.0,1990.0,2003.0,False,False
006208,2022-10-26 13:16:07.510610,0.0,-0.0017825311942959443,0.0,-0.10000000000000142,56.0,56.05,56.05,56.1,46.0,217.0,1990.0,2003.0,False,False
006208,2022-10-26 13:16:08.154256,0.0,-0.0017825311942959443,0.0,-0.10000000000000142,56.0,56.05,56.05,56.1,46.0,217.0,1990.0,2003.0,False,False
006208,2022-10-26 13:16:08.202780,0.0,-0.0017825311942959443,0.0,-0.10000000000000142,56.0,56.05,56.05,56.1,46.0,257.0,1990.0,2003.0,False,False
006208,2022-10-26 13:16:09.871146,0.0,-0.0017825311942959443,0.0,-0.10000000000000142,56.0,56.05,56.05,56.1,46.0,257.0,1990.0,2003.0,False,False
006208,2022-10-26 13:16:09.980111,0.0,-0.0017825311942959443,0.0,-0.10000000000000142,56.0,56.05,56.05,56.1,46.0,157.0,1990.0,2003.0,False,False
006208,2022-10-26 13:16:10.628224,0.0,-0.0017825311942959443,0.0,-0.10000000000000142,56.0,56.05,56.05,56.1,46.0,157.0,1990.0,2003.0,False,True
006208,2022-10-26 13:16:10.979900,0.0,-0.0017825311942959443,0.0,-0.10000000000000142,56.0,56.05,56.05,56.1,46.0,157.0,1990.0,2003.0,False,False
006208,2022-10-26 13:16:11.392852,0.0,-0.0017825311942959443,0.0,-0.10000000000000142,56.0,56.05,56.05,56.1,46.0,157.0,1990.0,2003.0,False,False
006208,2022-10-26 13:16:11.393006,0.0,-0.0017825311942959443,0.0,-0.10000000000000142,56.0,56.05,56.05,56.1,46.0,157.0,1990.0,2003.0,False,False
006208,2022-10-26 13:16:12.910292,0.0,-0.0017825311942959443,0.0,-0.10000000000000142,56.0,56.05,56.05,56.1,46.0,158.0,1990.0,2003.0,False,False
006208,2022-10-26 13:16:12.943939,0.0,-0.0017825311942959443,0.0,-0.10000000000000142,56.0,56.05,56.05,56.1,46.0,158.0,1990.0,2003.0,False,False
006208,2022-10-26 13:16:13.606800,0.0,-0.0017825311942959443,0.0,-0.10000000000000142,56.0,56.05,56.05,56.1,46.0,118.0,1990.0,2003.0,False,False
006208,2022-10-26 13:16:13.629418,0.0,-0.0017825311942959443,0.0,-0.10000000000000142,56.0,56.05,56.05,56.1,46.0,78.0,1990.0,2003.0,False,False
006208,2022-10-26 13:16:13.943871,0.0,-0.0017825311942959443,0.0,-0.10000000000000142,56.0,56.05,56.05,56.1,46.0,78.0,1990.0,2003.0,False,False
006208,2022-10-26 13:16:14.025507,0.0,-0.0017825311942959443,0.0,-0.10000000000000142,56.0,56.05,56.05,56.1,46.0,77.0,1990.0,2003.0,False,False
006208,2022-10-26 13:16:14.299469,0.0,-0.0017825311942959443,0.0,-0.10000000000000142,56.0,56.05,56.05,56.1,46.0,77.0,1990.0,2003.0,False,False
006208,2022-10-26 13:16:14.311431,0.0,-0.0017825311942959443,0.0,-0.10000000000000142,56.0,56.05,56.05,56.1,46.0,77.0,1990.0,2003.0,False,False
006208,2022-10-26 13:16:14.432145,0.0,-0.0017825311942959443,0.0,-0.10000000000000142,56.0,56.05,56.05,56.1,46.0,77.0,1990.0,2003.0,False,False
006208,2022-10-26 13:16:14.937984,0.0,-0.0017825311942959443,0.0,-0.10000000000000142,56.0,56.05,56.05,56.1,46.0,77.0,1990.0,2003.0,False,False
006208,2022-10-26 13:16:14.986322,0.0,-0.0017825311942959443,0.0,-0.10000000000000142,56.0,56.05,56.05,56.1,46.0,77.0,1990.0,2003.0,False,False
006208,2022-10-26 13:16:15.197397,0.0,-0.0017825311942959443,0.0,-0.10000000000000142,56.0,56.05,56.05,56.1,46.0,77.0,1990.0,2003.0,False,False
006208,2022-10-26 13:16:15.197565,0.0,-0.0017825311942959443,0.0,-0.10000000000000142,56.0,56.05,56.05,56.1,46.0,77.0,1990.0,2003.0,False,False
006208,2022-10-26 13:16:17.470095,0.0,-0.0017825311942959443,0.0,-0.10000000000000142,56.0,56.05,56.05,56.1,46.0,77.0,1990.0,2003.0,False,False
006208,2022-10-26 13:16:17.475575,0.0,-0.0017825311942959443,0.0,-0.10000000000000142,56.0,56.05,56.05,56.1,46.0,77.0,1990.0,2003.0,False,False
006208,2022-10-26 13:16:17.606000,0.0,-0.0017825311942959443,0.0,-0.10000000000000142,56.0,56.05,56.05,56.1,46.0,77.0,1990.0,2003.0,False,False
006208,2022-10-26 13:16:19.956027,0.0,-0.0017825311942959443,0.0,-0.10000000000000142,56.0,56.05,56.05,56.1,46.0,77.0,1990.0,2003.0,False,False
006208,2022-10-26 13:16:19.967687,0.0,-0.0017825311942959443,0.0,-0.10000000000000142,56.0,56.05,56.05,56.1,46.0,77.0,1990.0,2003.0,False,False
006208,2022-10-26 13:16:20.001919,0.0,-0.0017825311942959443,0.0,-0.10000000000000142,56.0,56.05,56.05,56.1,46.0,77.0,1990.0,2003.0,False,False
006208,2022-10-26 13:16:20.379465,0.0,-0.0017825311942959443,0.0,-0.10000000000000142,56.0,56.05,56.05,56.1,46.0,77.0,1990.0,2003.0,False,False
006208,2022-10-26 13:16:20.656870,0.0,-0.0017825311942959443,0.0,-0.10000000000000142,56.0,56.05,56.05,56.1,46.0,77.0,1990.0,2303.0,True,True
006208,2022-10-26 13:16:22.502226,0.0,-0.0017825311942959443,0.0,-0.10000000000000142,56.0,56.05,56.05,56.1,46.0,77.0,1990.0,2303.0,False,False
006208,2022-10-26 13:16:22.505911,0.0,-0.0017825311942959443,0.0,-0.10000000000000142,56.0,56.05,56.05,56.1,46.0,77.0,1990.0,2303.0,False,False
006208,2022-10-26 13:16:24.833302,0.0,-0.0017825311942959443,0.0,-0.10000000000000142,56.0,56.05,56.05,56.1,46.0,77.0,1990.0,2303.0,False,False
006208,2022-10-26 13:16:24.833477,0.0,-0.0017825311942959443,0.0,-0.10000000000000142,56.0,56.05,56.05,56.1,46.0,77.0,1990.0,2303.0,False,False
006208,2022-10-26 13:16:24.937695,0.0,-0.0017825311942959443,0.0,-0.10000000000000142,56.0,56.05,56.05,56.1,46.0,77.0,1990.0,2303.0,False,False
006208,2022-10-26 13:16:25.413189,0.0,-0.0017825311942959443,0.0,-0.10000000000000142,56.0,56.05,56.05,56.1,46.0,77.0,1990.0,2303.0,False,False
006208,2022-10-26 13:16:25.413291,0.0,-0.0017825311942959443,0.0,-0.10000000000000142,56.0,56.05,56.05,56.1,46.0,77.0,1990.0,2303.0,False,False
006208,2022-10-26 13:16:26.818297,0.0,-0.0017825311942959443,0.0,-0.10000000000000142,56.0,56.05,56.05,56.1,46.0,77.0,1990.0,2303.0,False,False
006208,2022-10-26 13:16:27.597625,0.0,-0.0017825311942959443,0.0,-0.10000000000000142,56.0,56.05,56.05,56.1,46.0,77.0,1990.0,2303.0,False,False
006208,2022-10-26 13:16:27.599304,0.0,-0.0017825311942959443,0.0,-0.10000000000000142,56.0,56.05,56.05,56.1,46.0,77.0,1990.0,2303.0,False,False
006208,2022-10-26 13:16:27.722965,0.0,-0.0017825311942959443,0.0,-0.10000000000000142,56.0,56.05,56.05,56.1,46.0,77.0,1990.0,2303.0,False,False
006208,2022-10-26 13:16:29.914065,0.0,-0.0017825311942959443,0.0,-0.10000000000000142,56.0,56.05,56.05,56.1,46.0,77.0,1990.0,2303.0,False,False
006208,2022-10-26 13:16:29.926962,0.0,-0.0017825311942959443,0.0,-0.10000000000000142,56.0,56.05,56.05,56.1,46.0,77.0,1990.0,2303.0,False,False
006208,2022-10-26 13:16:30.687768,0.0,-0.0017825311942959443,0.0,-0.10000000000000142,56.0,56.05,56.05,56.1,46.0,77.0,2070.0,2303.0,True,True
006208,2022-10-26 13:16:31.042373,0.0,-0.0017825311942959443,0.0,-0.10000000000000142,56.0,56.05,56.05,56.1,46.0,3.0,2070.0,2303.0,False,False
006208,2022-10-26 13:16:31.042667,0.0,-0.0017825311942959443,0.0,-0.10000000000000142,56.0,56.05,56.05,56.1,46.0,3.0,2070.0,2303.0,False,False
006208,2022-10-26 13:16:32.846873,0.0,-0.0017825311942959443,0.0,-0.10000000000000142,56.0,56.05,56.05,56.1,46.0,3.0,2070.0,2303.0,False,False
006208,2022-10-26 13:16:32.861026,0.0,-0.0017825311942959443,0.0,-0.10000000000000142,56.0,56.05,56.05,56.1,46.0,3.0,2070.0,2303.0,False,False
006208,2022-10-26 13:16:32.952627,0.0,-0.0017825311942959443,0.0,-0.10000000000000142,56.0,56.05,56.05,56.1,46.0,5.0,2070.0,2303.0,False,False
006208,2022-10-26 13:16:33.523565,0.0,-0.0017825311942959443,0.0,-0.10000000000000142,56.0,56.05,56.05,56.1,52.0,5.0,2070.0,2303.0,False,False
006208,2022-10-26 13:16:34.923133,0.0,-0.0017825311942959443,0.0,-0.10000000000000142,56.0,56.05,56.05,56.1,52.0,5.0,2070.0,2303.0,False,False
006208,2022-10-26 13:16:34.935970,0.0,-0.0017825311942959443,0.0,-0.10000000000000142,56.0,56.05,56.05,56.1,52.0,5.0,2070.0,2303.0,False,False
006208,2022-10-26 13:16:37.706851,0.0,-0.0017825311942959443,0.0,-0.10000000000000142,56.0,56.05,56.05,56.1,52.0,5.0,2070.0,2303.0,False,False
006208,2022-10-26 13:16:37.717028,0.0,-0.0017825311942959443,0.0,-0.10000000000000142,56.0,56.05,56.05,56.1,52.0,5.0,2070.0,2303.0,False,False
006208,2022-10-26 13:16:37.842112,0.0,-0.0017825311942959443,0.0,-0.10000000000000142,56.0,56.05,56.05,56.1,52.0,5.0,2070.0,2303.0,False,False
006208,2022-10-26 13:16:40.745409,0.0,-0.0017825311942959443,0.0,-0.10000000000000142,56.0,56.05,56.05,56.1,52.0,5.0,2070.0,2232.0,True,True
006208,2022-10-26 13:16:41.544634,0.0,-0.0017825311942959443,0.0,-0.10000000000000142,56.0,56.05,56.05,56.1,52.0,5.0,2070.0,2232.0,False,False
006208,2022-10-26 13:16:41.561201,0.0,-0.0017825311942959443,0.0,-0.10000000000000142,56.0,56.05,56.05,56.1,52.0,5.0,2070.0,2232.0,False,False
006208,2022-10-26 13:16:44.910097,0.0,-0.0017825311942959443,0.0,-0.10000000000000142,56.0,56.05,56.05,56.1,52.0,5.0,2070.0,2232.0,False,False
006208,2022-10-26 13:16:44.910465,0.0,-0.0017825311942959443,0.0,-0.10000000000000142,56.0,56.05,56.05,56.1,52.0,5.0,2070.0,2232.0,False,False
006208,2022-10-26 13:16:46.765968,0.0,-0.0017825311942959443,0.0,-0.10000000000000142,56.0,56.05,56.05,56.1,52.0,5.0,2070.0,2232.0,False,False
006208,2022-10-26 13:16:47.839888,0.0,-0.0017825311942959443,0.0,-0.10000000000000142,56.0,56.05,56.05,56.1,52.0,5.0,2070.0,2232.0,False,False
006208,2022-10-26 13:16:47.844516,0.0,-0.0017825311942959443,0.0,-0.10000000000000142,56.0,56.05,56.05,56.1,52.0,5.0,2070.0,2232.0,False,False
006208,2022-10-26 13:16:47.971744,0.0,-0.0017825311942959443,0.0,-0.10000000000000142,56.0,56.05,56.05,56.1,52.0,5.0,2070.0,2232.0,False,False
006208,2022-10-26 13:16:47.983041,0.0,-0.0017825311942959443,0.0,-0.10000000000000142,56.0,56.05,56.05,56.1,52.0,5.0,2070.0,2232.0,False,False
006208,2022-10-26 13:16:48.168752,0.0,-0.0017825311942959443,0.0,-0.10000000000000142,56.0,56.05,56.05,56.1,52.0,5.0,2070.0,2232.0,False,False
006208,2022-10-26 13:16:48.168917,0.0,-0.0017825311942959443,0.0,-0.10000000000000142,56.0,56.05,56.05,56.1,52.0,5.0,2070.0,2232.0,False,False
006208,2022-10-26 13:16:48.608905,0.0,-0.0017825311942959443,0.0,-0.10000000000000142,56.0,56.05,56.05,56.1,52.0,3.0,2070.0,2232.0,False,False
006208,2022-10-26 13:16:49.942476,0.0,-0.0017825311942959443,0.0,-0.10000000000000142,56.0,56.05,56.05,56.1,52.0,3.0,2070.0,2232.0,False,False
006208,2022-10-26 13:16:49.947812,0.0,-0.0017825311942959443,0.0,-0.10000000000000142,56.0,56.05,56.05,56.1,52.0,3.0,2070.0,2232.0,False,False
006208,2022-10-26 13:16:50.808219,0.0,-0.0017825311942959443,0.0,-0.10000000000000142,56.0,56.05,56.05,56.1,52.0,3.0,2170.0,2232.0,True,True
006208,2022-10-26 13:16:55.062379,0.0,-0.0017825311942959443,0.0,-0.10000000000000142,56.0,56.05,56.05,56.1,52.0,3.0,2170.0,2232.0,False,False
006208,2022-10-26 13:16:55.075243,0.0,-0.0017825311942959443,0.0,-0.10000000000000142,56.0,56.05,56.05,56.1,52.0,3.0,2170.0,2232.0,False,False
006208,2022-10-26 13:16:55.475557,0.0,-0.0017825311942959443,0.0,-0.10000000000000142,56.0,56.05,56.05,56.1,52.0,3.0,2170.0,2232.0,False,False
006208,2022-10-26 13:16:55.745343,0.0,-0.0017825311942959443,0.0,-0.10000000000000142,56.0,56.05,56.05,56.1,52.0,3.0,2170.0,2232.0,False,False
006208,2022-10-26 13:16:55.745367,0.0,-0.0017825311942959443,0.0,-0.10000000000000142,56.0,56.05,56.05,56.1,52.0,3.0,2170.0,2232.0,False,False
006208,2022-10-26 13:16:57.203248,0.0,-0.0017825311942959443,0.0,-0.10000000000000142,56.0,56.05,56.05,56.1,52.0,3.0,2170.0,2232.0,False,False
006208,2022-10-26 13:16:57.203437,0.0,-0.0017825311942959443,0.0,-0.10000000000000142,56.0,56.05,56.05,56.1,52.0,3.0,2170.0,2232.0,False,False
006208,2022-10-26 13:16:57.961028,0.0,-0.0017825311942959443,0.0,-0.10000000000000142,56.0,56.05,56.05,56.1,52.0,3.0,2170.0,2232.0,False,False
006208,2022-10-26 13:16:57.961164,0.0,-0.0017825311942959443,0.0,-0.10000000000000142,56.0,56.05,56.05,56.1,52.0,3.0,2170.0,2232.0,False,False
006208,2022-10-26 13:16:58.097106,0.0,-0.0017825311942959443,0.0,-0.10000000000000142,56.0,56.05,56.05,56.1,52.0,3.0,2170.0,2232.0,False,False
006208,2022-10-26 13:16:58.098948,0.0,-0.0017825311942959443,0.0,-0.10000000000000142,56.0,56.05,56.05,56.1,52.0,3.0,2170.0,2232.0,False,False
006208,2022-10-26 13:16:58.889265,0.0,-0.0017825311942959443,0.0,-0.10000000000000142,56.0,56.05,56.05,56.1,52.0,3.0,2170.0,2232.0,False,False
006208,2022-10-26 13:16:59.113529,0.0,-0.0017825311942959443,0.0,-0.10000000000000142,56.0,56.05,56.05,56.1,52.0,3.0,2170.0,2232.0,False,False
006208,2022-10-26 13:16:59.119615,0.0,-0.0017825311942959443,0.0,-0.10000000000000142,56.0,56.05,56.05,56.1,52.0,3.0,2170.0,2232.0,False,False
006208,2022-10-26 13:16:59.901960,0.0,-0.0017825311942959443,0.0,-0.10000000000000142,56.0,56.05,56.05,56.1,52.0,3.0,2170.0,2232.0,False,False
006208,2022-10-26 13:16:59.923537,0.0,-0.0017825311942959443,0.0,-0.10000000000000142,56.0,56.05,56.05,56.1,52.0,3.0,2170.0,2232.0,False,False
006208,2022-10-26 13:17:00.181058,0.0,-0.0017825311942959443,0.0,-0.10000000000000142,56.0,56.05,56.05,56.1,52.0,3.0,2170.0,2232.0,False,False
006208,2022-10-26 13:17:00.181406,0.0,-0.0017825311942959443,0.0,-0.10000000000000142,56.0,56.05,56.05,56.1,52.0,78.0,2170.0,2232.0,False,False
006208,2022-10-26 13:17:00.313589,0.0,-0.0017825311942959443,0.0,-0.10000000000000142,56.0,56.05,56.05,56.1,52.0,78.0,2170.0,2232.0,False,False
006208,2022-10-26 13:17:00.844615,0.0,-0.0017825311942959443,0.0,-0.10000000000000142,56.0,56.05,56.05,56.1,52.0,78.0,2270.0,2062.0,True,True
006208,2022-10-26 13:17:01.196934,0.0,-0.0017825311942959443,0.0,-0.10000000000000142,56.0,56.05,56.05,56.1,52.0,78.0,2270.0,2062.0,False,False
006208,2022-10-26 13:17:01.197037,0.0,-0.0017825311942959443,0.0,-0.10000000000000142,56.0,56.05,56.05,56.1,52.0,78.0,2270.0,2062.0,False,False
006208,2022-10-26 13:17:01.645029,0.0,-0.0017825311942959443,0.0,-0.10000000000000142,56.0,56.05,56.05,56.1,52.0,78.0,2270.0,2062.0,False,False
006208,2022-10-26 13:17:01.648409,0.0,-0.0017825311942959443,0.0,-0.10000000000000142,56.0,56.05,56.05,56.1,52.0,78.0,2270.0,2062.0,False,False
006208,2022-10-26 13:17:04.874951,0.0,-0.0017825311942959443,0.0,-0.10000000000000142,56.0,56.05,56.05,56.1,52.0,78.0,2270.0,2062.0,False,False
006208,2022-10-26 13:17:04.905693,0.0,-0.0017825311942959443,0.0,-0.10000000000000142,56.0,56.05,56.05,56.1,52.0,78.0,2270.0,2062.0,False,False
006208,2022-10-26 13:17:06.028358,0.0,-0.0017825311942959443,0.0,-0.10000000000000142,56.0,56.05,56.05,56.1,52.0,78.0,2270.0,2062.0,False,False
006208,2022-10-26 13:17:06.028478,0.0,-0.0017825311942959443,0.0,-0.10000000000000142,56.0,56.05,56.05,56.1,52.0,78.0,2270.0,2062.0,False,False
006208,2022-10-26 13:17:06.345399,0.0,-0.0017825311942959443,0.0,-0.10000000000000142,56.0,56.05,56.05,56.1,52.0,78.0,2270.0,2062.0,False,False
006208,2022-10-26 13:17:06.345551,0.0,-0.0017825311942959443,0.0,-0.10000000000000142,56.0,56.05,56.05,56.1,52.0,78.0,2270.0,2062.0,False,False
006208,2022-10-26 13:17:06.552310,0.0,-0.0017825311942959443,0.0,-0.10000000000000142,56.0,56.05,56.05,56.1,52.0,78.0,2270.0,2062.0,False,False
006208,2022-10-26 13:17:06.995633,0.0,-0.0017825311942959443,0.0,-0.10000000000000142,56.0,56.05,56.05,56.1,52.0,77.0,2270.0,2062.0,False,False
006208,2022-10-26 13:17:07.193443,0.0,-0.0017825311942959443,0.0,-0.10000000000000142,56.0,56.05,56.05,56.1,52.0,77.0,2270.0,2062.0,False,False
006208,2022-10-26 13:17:07.193532,0.0,-0.0017825311942959443,0.0,-0.10000000000000142,56.0,56.05,56.05,56.1,52.0,77.0,2270.0,2062.0,False,False
006208,2022-10-26 13:17:08.078555,0.0,-0.0017825311942959443,0.0,-0.10000000000000142,56.0,56.05,56.05,56.1,52.0,77.0,2270.0,2062.0,False,False
006208,2022-10-26 13:17:08.081097,0.0,-0.0017825311942959443,0.0,-0.10000000000000142,56.0,56.05,56.05,56.1,52.0,77.0,2270.0,2062.0,False,False
006208,2022-10-26 13:17:08.210059,0.0,-0.0017825311942959443,0.0,-0.10000000000000142,56.0,56.05,56.05,56.1,52.0,77.0,2270.0,2062.0,False,False
006208,2022-10-26 13:17:08.211595,0.0,-0.0017825311942959443,0.0,-0.10000000000000142,56.0,56.05,56.05,56.1,52.0,77.0,2270.0,2062.0,False,False
006208,2022-10-26 13:17:09.702914,0.0,-0.0017825311942959443,0.0,-0.10000000000000142,56.0,56.05,56.05,56.1,52.0,77.0,2270.0,2062.0,False,False
006208,2022-10-26 13:17:09.702995,0.0,-0.0017825311942959443,0.0,-0.10000000000000142,56.0,56.05,56.05,56.1,52.0,77.0,2270.0,2062.0,False,False
006208,2022-10-26 13:17:09.907812,0.0,-0.0017825311942959443,0.0,-0.10000000000000142,56.0,56.05,56.05,56.1,52.0,77.0,2270.0,2062.0,False,False
006208,2022-10-26 13:17:09.907876,0.0,-0.0017825311942959443,0.0,-0.10000000000000142,56.0,56.05,56.05,56.1,52.0,77.0,2270.0,2062.0,False,False
006208,2022-10-26 13:17:10.825353,0.0,-0.0017825311942959443,0.0,-0.10000000000000142,56.0,56.05,56.05,56.1,52.0,77.0,2270.0,2062.0,False,False
006208,2022-10-26 13:17:10.882678,0.0,-0.0017825311942959443,0.0,-0.10000000000000142,56.0,56.05,56.05,56.1,52.0,77.0,2275.0,2862.0,True,True
006208,2022-10-26 13:17:11.531827,0.0,-0.0017825311942959443,0.0,-0.10000000000000142,56.0,56.05,56.05,56.1,52.0,77.0,2275.0,2862.0,False,False
006208,2022-10-26 13:17:13.645852,0.0,-0.0017825311942959443,0.0,-0.10000000000000142,56.0,56.05,56.05,56.1,52.0,77.0,2275.0,2862.0,False,False
006208,2022-10-26 13:17:13.645960,0.0,-0.0017825311942959443,0.0,-0.10000000000000142,56.0,56.05,56.05,56.1,52.0,77.0,2275.0,2862.0,False,False
006208,2022-10-26 13:17:13.723317,0.0,-0.0017825311942959443,0.0,-0.10000000000000142,56.0,56.05,56.05,56.1,52.0,77.0,2275.0,2862.0,False,False
006208,2022-10-26 13:17:14.899415,0.0,-0.0017825311942959443,0.0,-0.10000000000000142,56.0,56.05,56.05,56.1,52.0,77.0,2275.0,2862.0,False,False
006208,2022-10-26 13:17:14.899735,0.0,-0.0017825311942959443,0.0,-0.10000000000000142,56.0,56.05,56.05,56.1,52.0,2.0,2275.0,2862.0,False,False
006208,2022-10-26 13:17:16.407685,0.0,-0.0017825311942959443,0.0,-0.10000000000000142,56.0,56.05,56.05,56.1,52.0,2.0,2275.0,2862.0,False,False
006208,2022-10-26 13:17:16.411464,0.0,-0.0017825311942959443,0.0,-0.10000000000000142,56.0,56.05,56.05,56.1,52.0,2.0,2275.0,2862.0,False,False
006208,2022-10-26 13:17:18.194331,0.0,-0.0017825311942959443,0.0,-0.10000000000000142,56.0,56.05,56.05,56.1,52.0,2.0,2275.0,2862.0,False,False
006208,2022-10-26 13:17:18.197932,0.0,-0.0017825311942959443,0.0,-0.10000000000000142,56.0,56.05,56.05,56.1,52.0,2.0,2275.0,2862.0,False,False
006208,2022-10-26 13:17:18.335156,0.0,-0.0017825311942959443,0.0,-0.10000000000000142,56.0,56.05,56.05,56.1,52.0,2.0,2275.0,2862.0,False,False
006208,2022-10-26 13:17:19.898983,0.0,-0.0017825311942959443,0.0,-0.10000000000000142,56.0,56.05,56.05,56.1,52.0,2.0,2275.0,2862.0,False,False
006208,2022-10-26 13:17:19.917451,0.0,-0.0017825311942959443,0.0,-0.10000000000000142,56.0,56.05,56.05,56.1,52.0,2.0,2275.0,2862.0,False,False
006208,2022-10-26 13:17:20.933818,0.0,-0.0017825311942959443,0.0,-0.10000000000000142,56.0,56.05,56.05,56.1,52.0,2.0,2276.0,2722.0,True,True
006208,2022-10-26 13:17:21.849432,0.0,-0.0017825311942959443,0.0,-0.10000000000000142,56.0,56.05,56.05,56.1,52.0,2.0,2276.0,2722.0,False,False
006208,2022-10-26 13:17:21.860755,0.0,-0.0017825311942959443,0.0,-0.10000000000000142,56.0,56.05,56.05,56.1,52.0,2.0,2276.0,2722.0,False,False
006208,2022-10-26 13:17:23.064198,0.0,-0.0017825311942959443,0.0,-0.10000000000000142,56.0,56.05,56.05,56.1,53.0,2.0,2276.0,2722.0,False,False
006208,2022-10-26 13:17:24.898921,0.0,-0.0017825311942959443,0.0,-0.10000000000000142,56.0,56.05,56.05,56.1,53.0,2.0,2276.0,2722.0,False,False
006208,2022-10-26 13:17:24.931516,0.0,-0.0017825311942959443,0.0,-0.10000000000000142,56.0,56.05,56.05,56.1,53.0,2.0,2276.0,2722.0,False,False
006208,2022-10-26 13:17:28.312767,0.0,-0.0017825311942959443,0.0,-0.10000000000000142,56.0,56.05,56.05,56.1,53.0,2.0,2276.0,2722.0,False,False
006208,2022-10-26 13:17:28.316615,0.0,-0.0017825311942959443,0.0,-0.10000000000000142,56.0,56.05,56.05,56.1,53.0,2.0,2276.0,2722.0,False,False
006208,2022-10-26 13:17:28.452092,0.0,-0.0017825311942959443,0.0,-0.10000000000000142,56.0,56.05,56.05,56.1,53.0,2.0,2276.0,2722.0,False,False
006208,2022-10-26 13:17:29.440166,0.0,-0.0017825311942959443,0.0,-0.10000000000000142,56.0,56.05,56.05,56.1,53.0,2.0,2276.0,2722.0,False,False
006208,2022-10-26 13:17:29.440222,0.0,-0.0017825311942959443,0.0,-0.10000000000000142,56.0,56.05,56.05,56.1,53.0,2.0,2276.0,2722.0,False,False
006208,2022-10-26 13:17:29.683169,0.0,-0.0017825311942959443,0.0,-0.10000000000000142,56.0,56.05,56.05,56.1,53.0,2.0,2276.0,2722.0,False,False
006208,2022-10-26 13:17:29.683351,0.0,-0.0017825311942959443,0.0,-0.10000000000000142,56.0,56.05,56.05,56.1,53.0,2.0,2276.0,2722.0,False,False
006208,2022-10-26 13:17:29.914724,0.0,-0.0017825311942959443,0.0,-0.10000000000000142,56.0,56.05,56.05,56.1,53.0,2.0,2276.0,2722.0,False,False
006208,2022-10-26 13:17:29.920212,0.0,-0.0017825311942959443,0.0,-0.10000000000000142,56.0,56.05,56.05,56.1,53.0,2.0,2276.0,2722.0,False,False
006208,2022-10-26 13:17:30.261112,0.0,-0.0017825311942959443,0.0,-0.10000000000000142,56.0,56.05,56.05,56.1,53.0,2.0,2276.0,2722.0,False,False
006208,2022-10-26 13:17:30.278155,0.0,-0.0017825311942959443,0.0,-0.10000000000000142,56.0,56.05,56.05,56.1,53.0,2.0,2276.0,2722.0,False,False
006208,2022-10-26 13:17:30.970550,0.0,-0.0017825311942959443,0.0,-0.10000000000000142,56.0,56.05,56.05,56.1,53.0,2.0,2275.0,2722.0,True,True
006208,2022-10-26 13:17:34.888649,0.0,-0.0017825311942959443,0.0,-0.10000000000000142,56.0,56.05,56.05,56.1,53.0,2.0,2275.0,2722.0,False,False
006208,2022-10-26 13:17:34.888865,0.0,-0.0017825311942959443,0.0,-0.10000000000000142,56.0,56.05,56.05,56.1,53.0,2.0,2275.0,2722.0,False,False
006208,2022-10-26 13:17:35.069610,0.0,-0.0017825311942959443,0.0,-0.10000000000000142,56.0,56.05,56.05,56.1,53.0,2.0,2275.0,2722.0,False,False
006208,2022-10-26 13:17:36.242517,0.0,-0.0017825311942959443,0.0,-0.10000000000000142,56.0,56.05,56.05,56.1,53.0,2.0,2275.0,2722.0,False,False
006208,2022-10-26 13:17:36.258066,0.0,-0.0017825311942959443,0.0,-0.10000000000000142,56.0,56.05,56.05,56.1,53.0,2.0,2275.0,2722.0,False,False
006208,2022-10-26 13:17:36.480378,0.0,-0.0017825311942959443,0.0,-0.10000000000000142,56.0,56.05,56.05,56.1,53.0,2.0,2275.0,2722.0,False,False
006208,2022-10-26 13:17:38.430915,0.0,-0.0017825311942959443,0.0,-0.10000000000000142,56.0,56.05,56.05,56.1,53.0,2.0,2275.0,2722.0,False,False
006208,2022-10-26 13:17:38.433684,0.0,-0.0017825311942959443,0.0,-0.10000000000000142,56.0,56.05,56.05,56.1,53.0,2.0,2275.0,2722.0,False,False
006208,2022-10-26 13:17:38.566664,0.0,-0.0017825311942959443,0.0,-0.10000000000000142,56.0,56.05,56.05,56.1,53.0,2.0,2275.0,2722.0,False,False
006208,2022-10-26 13:17:38.953562,0.0,-0.0017825311942959443,0.0,-0.10000000000000142,56.0,56.05,56.05,56.1,53.0,2.0,2275.0,2722.0,False,False
006208,2022-10-26 13:17:38.953655,0.0,-0.0017825311942959443,0.0,-0.10000000000000142,56.0,56.05,56.05,56.1,53.0,77.0,2275.0,2722.0,False,False
006208,2022-10-26 13:17:39.597967,0.0,-0.0017825311942959443,0.0,-0.10000000000000142,56.0,56.05,56.05,56.1,53.0,77.0,2275.0,2722.0,False,False
006208,2022-10-26 13:17:39.598157,0.0,-0.0017825311942959443,0.0,-0.10000000000000142,56.0,56.05,56.05,56.1,53.0,77.0,2275.0,2722.0,False,False
006208,2022-10-26 13:17:39.889633,0.0,-0.0017825311942959443,0.0,-0.10000000000000142,56.0,56.05,56.05,56.1,53.0,77.0,2275.0,2722.0,False,False
006208,2022-10-26 13:17:39.923327,0.0,-0.0017825311942959443,0.0,-0.10000000000000142,56.0,56.05,56.05,56.1,53.0,77.0,2275.0,2722.0,False,False
006208,2022-10-26 13:17:40.337650,0.0,-0.0017825311942959443,0.0,-0.10000000000000142,56.0,56.05,56.05,56.1,53.0,77.0,2275.0,2722.0,False,False
006208,2022-10-26 13:17:40.337691,0.0,-0.0017825311942959443,0.0,-0.10000000000000142,56.0,56.05,56.05,56.1,53.0,77.0,2275.0,2722.0,False,False
006208,2022-10-26 13:17:40.508861,0.0,-0.0017825311942959443,0.0,-0.10000000000000142,56.0,56.05,56.05,56.1,53.0,77.0,2275.0,2722.0,False,False
006208,2022-10-26 13:17:41.002760,0.0,-0.0017825311942959443,0.0,-0.10000000000000142,56.0,56.05,56.05,56.1,53.0,77.0,2275.0,2422.0,True,True
006208,2022-10-26 13:17:41.395468,0.0,-0.0017825311942959443,0.0,-0.10000000000000142,56.0,56.05,56.05,56.1,53.0,78.0,2275.0,2422.0,False,False
006208,2022-10-26 13:17:41.661613,0.0,-0.0017825311942959443,0.0,-0.10000000000000142,56.0,56.05,56.05,56.1,53.0,78.0,2275.0,2422.0,False,False
006208,2022-10-26 13:17:41.677434,0.0,-0.0017825311942959443,0.0,-0.10000000000000142,56.0,56.05,56.05,56.1,53.0,78.0,2275.0,2422.0,False,False
006208,2022-10-26 13:17:43.201462,0.0,-0.0017825311942959443,0.0,-0.10000000000000142,56.0,56.05,56.05,56.1,53.0,78.0,2275.0,2422.0,False,False
006208,2022-10-26 13:17:43.204865,0.0,-0.0017825311942959443,0.0,-0.10000000000000142,56.0,56.05,56.05,56.1,53.0,78.0,2275.0,2422.0,False,False
006208,2022-10-26 13:17:43.215242,0.0,-0.0017825311942959443,0.0,-0.10000000000000142,56.0,56.05,56.05,56.1,53.0,78.0,2275.0,2422.0,False,False
006208,2022-10-26 13:17:43.565163,0.0,-0.0017825311942959443,0.0,-0.10000000000000142,56.0,56.05,56.05,56.1,53.0,76.0,2275.0,2422.0,False,False
006208,2022-10-26 13:17:44.455647,0.0,-0.0017825311942959443,0.0,-0.10000000000000142,56.0,56.05,56.05,56.1,53.0,76.0,2275.0,2422.0,False,False
006208,2022-10-26 13:17:44.455791,0.0,-0.0017825311942959443,0.0,-0.10000000000000142,56.0,56.05,56.05,56.1,53.0,76.0,2275.0,2422.0,False,False
006208,2022-10-26 13:17:44.873769,0.0,-0.0017825311942959443,0.0,-0.10000000000000142,56.0,56.05,56.05,56.1,53.0,76.0,2275.0,2422.0,False,False
006208,2022-10-26 13:17:44.900860,0.0,-0.0017825311942959443,0.0,-0.10000000000000142,56.0,56.05,56.05,56.1,53.0,76.0,2275.0,2422.0,False,False
006208,2022-10-26 13:17:45.532841,0.0,-0.0017825311942959443,0.0,-0.10000000000000142,56.0,56.05,56.05,56.1,53.0,76.0,2275.0,2422.0,False,False
006208,2022-10-26 13:17:45.542031,0.0,-0.0017825311942959443,0.0,-0.10000000000000142,56.0,56.05,56.05,56.1,53.0,76.0,2275.0,2422.0,False,False
006208,2022-10-26 13:17:45.678820,0.0,-0.0017825311942959443,0.0,-0.10000000000000142,56.0,56.05,56.05,56.1,53.0,76.0,2275.0,2422.0,False,False
006208,2022-10-26 13:17:45.795680,0.0,-0.0017825311942959443,0.0,-0.10000000000000142,56.0,56.05,56.05,56.1,53.0,76.0,2275.0,2422.0,False,False
006208,2022-10-26 13:17:45.855107,0.0,-0.0017825311942959443,0.0,-0.10000000000000142,56.0,56.05,56.05,56.1,53.0,76.0,2275.0,2422.0,False,False
006208,2022-10-26 13:17:46.129758,0.0,-0.0017825311942959443,0.0,-0.10000000000000142,56.0,56.05,56.05,56.1,53.0,76.0,2275.0,2422.0,False,False
006208,2022-10-26 13:17:46.560689,0.0,-0.0017825311942959443,0.0,-0.10000000000000142,56.0,56.05,56.05,56.1,53.0,76.0,2275.0,2422.0,False,False
006208,2022-10-26 13:17:47.093464,0.0,-0.0017825311942959443,0.0,-0.10000000000000142,56.0,56.05,56.05,56.1,53.0,75.0,2275.0,2422.0,False,False
006208,2022-10-26 13:17:48.043859,0.0,-0.0017825311942959443,0.0,-0.10000000000000142,56.0,56.05,56.05,56.1,53.0,75.0,2275.0,2422.0,False,False
006208,2022-10-26 13:17:48.044026,0.0,-0.0017825311942959443,0.0,-0.10000000000000142,56.0,56.05,56.05,56.1,53.0,75.0,2275.0,2422.0,False,False
006208,2022-10-26 13:17:48.544378,0.0,-0.0017825311942959443,0.0,-0.10000000000000142,56.0,56.05,56.05,56.1,53.0,75.0,2275.0,2422.0,False,False
006208,2022-10-26 13:17:48.556155,0.0,-0.0017825311942959443,0.0,-0.10000000000000142,56.0,56.05,56.05,56.1,53.0,75.0,2275.0,2422.0,False,False
006208,2022-10-26 13:17:48.682366,0.0,-0.0017825311942959443,0.0,-0.10000000000000142,56.0,56.05,56.05,56.1,53.0,75.0,2275.0,2422.0,False,False
006208,2022-10-26 13:17:49.157627,0.0,-0.0017825311942959443,0.0,-0.10000000000000142,56.0,56.05,56.05,56.1,53.0,75.0,2275.0,2422.0,False,False
006208,2022-10-26 13:17:49.880925,0.0,-0.0017825311942959443,0.0,-0.10000000000000142,56.0,56.05,56.05,56.1,53.0,75.0,2275.0,2422.0,False,False
006208,2022-10-26 13:17:49.901634,0.0,-0.0017825311942959443,0.0,-0.10000000000000142,56.0,56.05,56.05,56.1,53.0,75.0,2275.0,2422.0,False,False
006208,2022-10-26 13:17:50.538975,0.0,-0.0017825311942959443,0.0,-0.10000000000000142,56.0,56.05,56.05,56.1,53.0,75.0,2275.0,2422.0,False,False
006208,2022-10-26 13:17:50.555295,0.0,-0.0017825311942959443,0.0,-0.10000000000000142,56.0,56.05,56.05,56.1,53.0,75.0,2275.0,2422.0,False,False
006208,2022-10-26 13:17:51.022619,0.0,-0.0017825311942959443,0.0,-0.10000000000000142,56.0,56.05,56.05,56.1,53.0,75.0,2275.0,2422.0,False,False
006208,2022-10-26 13:17:51.043931,0.0,-0.0017825311942959443,0.0,-0.10000000000000142,56.0,56.05,56.05,56.1,53.0,75.0,2304.0,2322.0,True,True
006208,2022-10-26 13:17:51.022697,0.0,-0.0017825311942959443,0.0,-0.10000000000000142,56.0,56.05,56.05,56.1,53.0,75.0,2304.0,2322.0,False,False
006208,2022-10-26 13:17:51.132589,0.0,-0.0017825311942959443,0.0,-0.10000000000000142,56.0,56.05,56.05,56.1,53.0,75.0,2304.0,2322.0,False,False
006208,2022-10-26 13:17:54.595661,0.0,-0.0017825311942959443,0.0,-0.10000000000000142,56.0,56.05,56.05,56.1,53.0,75.0,2304.0,2322.0,False,False
006208,2022-10-26 13:17:54.625037,0.0,-0.0017825311942959443,0.0,-0.10000000000000142,56.0,56.05,56.05,56.1,53.0,75.0,2304.0,2322.0,False,False
006208,2022-10-26 13:17:54.738319,0.0,-0.0017825311942959443,0.0,-0.10000000000000142,56.0,56.05,56.05,56.1,53.0,75.0,2304.0,2322.0,False,False
006208,2022-10-26 13:17:54.890374,0.0,-0.0017825311942959443,0.0,-0.10000000000000142,56.0,56.05,56.05,56.1,53.0,75.0,2304.0,2322.0,False,False
006208,2022-10-26 13:17:55.018217,0.0,-0.0017825311942959443,0.0,-0.10000000000000142,56.0,56.05,56.05,56.1,53.0,75.0,2304.0,2322.0,False,False
006208,2022-10-26 13:17:55.595839,0.0,-0.0017825311942959443,0.0,-0.10000000000000142,56.0,56.05,56.05,56.1,53.0,175.0,2304.0,2322.0,False,False
006208,2022-10-26 13:17:55.823835,0.0,-0.0017825311942959443,0.0,-0.10000000000000142,56.0,56.05,56.05,56.1,53.0,175.0,2304.0,2322.0,False,False
006208,2022-10-26 13:17:55.823932,0.0,-0.0017825311942959443,0.0,-0.10000000000000142,56.0,56.05,56.05,56.1,53.0,175.0,2304.0,2322.0,False,False
006208,2022-10-26 13:17:57.215273,0.0,-0.0017825311942959443,0.0,-0.10000000000000142,56.0,56.05,56.05,56.1,53.0,215.0,2304.0,2322.0,False,False
006208,2022-10-26 13:17:58.029820,0.0,-0.0017825311942959443,0.0,-0.10000000000000142,56.0,56.05,56.05,56.1,53.0,255.0,2304.0,2322.0,False,False
006208,2022-10-26 13:17:58.666677,0.0,-0.0017825311942959443,0.0,-0.10000000000000142,56.0,56.05,56.05,56.1,53.0,255.0,2304.0,2322.0,False,False
006208,2022-10-26 13:17:58.669773,0.0,-0.0017825311942959443,0.0,-0.10000000000000142,56.0,56.05,56.05,56.1,53.0,255.0,2304.0,2322.0,False,False
006208,2022-10-26 13:17:58.802215,0.0,-0.0017825311942959443,0.0,-0.10000000000000142,56.0,56.05,56.05,56.1,53.0,255.0,2304.0,2322.0,False,False
006208,2022-10-26 13:17:58.922094,0.0,-0.0017825311942959443,0.0,-0.10000000000000142,56.0,56.05,56.05,56.1,53.0,254.0,2304.0,2322.0,False,False
006208,2022-10-26 13:17:58.947152,0.0,-0.0017825311942959443,0.0,-0.10000000000000142,56.0,56.05,56.05,56.1,53.0,254.0,2304.0,2322.0,False,False
006208,2022-10-26 13:17:59.026929,0.0,-0.0017825311942959443,0.0,-0.10000000000000142,56.0,56.05,56.05,56.1,53.0,254.0,2304.0,2322.0,False,False
006208,2022-10-26 13:17:59.134957,0.0,-0.0017825311942959443,0.0,-0.10000000000000142,56.0,56.05,56.05,56.1,53.0,254.0,2304.0,2322.0,False,False
006208,2022-10-26 13:17:59.522195,0.0,-0.0017825311942959443,0.0,-0.10000000000000142,56.0,56.05,56.05,56.1,53.0,254.0,2304.0,2322.0,False,False
006208,2022-10-26 13:17:59.526259,0.0,-0.0017825311942959443,0.0,-0.10000000000000142,56.0,56.05,56.05,56.1,53.0,254.0,2304.0,2322.0,False,False
006208,2022-10-26 13:17:59.878030,0.0,-0.0017825311942959443,0.0,-0.10000000000000142,56.0,56.05,56.05,56.1,53.0,254.0,2304.0,2322.0,False,False
006208,2022-10-26 13:17:59.893719,0.0,-0.0017825311942959443,0.0,-0.10000000000000142,56.0,56.05,56.05,56.1,53.0,254.0,2304.0,2322.0,False,False
006208,2022-10-26 13:17:59.977739,0.0,-0.0017825311942959443,0.0,-0.10000000000000142,56.0,56.05,56.05,56.1,53.0,254.0,2304.0,2322.0,False,False
006208,2022-10-26 13:18:01.079374,0.0,-0.0017825311942959443,0.0,-0.10000000000000142,56.0,56.05,56.05,56.1,53.0,254.0,2304.0,2469.0,True,True
006208,2022-10-26 13:18:01.566089,0.0,-0.0017825311942959443,0.0,-0.10000000000000142,56.0,56.05,56.05,56.1,53.0,254.0,2304.0,2469.0,False,False
006208,2022-10-26 13:18:01.571179,0.0,-0.0017825311942959443,0.0,-0.10000000000000142,56.0,56.05,56.05,56.1,53.0,254.0,2304.0,2469.0,False,False
006208,2022-10-26 13:18:02.109441,0.0,-0.0017825311942959443,0.0,-0.10000000000000142,56.0,56.05,56.05,56.1,53.0,254.0,2304.0,2469.0,False,False
006208,2022-10-26 13:18:02.109568,0.0,-0.0017825311942959443,0.0,-0.10000000000000142,56.0,56.05,56.05,56.1,53.0,254.0,2304.0,2469.0,False,False
006208,2022-10-26 13:18:02.684364,0.0,-0.0017825311942959443,0.0,-0.10000000000000142,56.0,56.05,56.05,56.1,53.0,254.0,2304.0,2469.0,False,False
006208,2022-10-26 13:18:02.689485,0.0,-0.0017825311942959443,0.0,-0.10000000000000142,56.0,56.05,56.05,56.1,53.0,254.0,2304.0,2469.0,False,False
006208,2022-10-26 13:18:02.934382,0.0,-0.0017825311942959443,0.0,-0.10000000000000142,56.0,56.05,56.05,56.1,53.0,254.0,2304.0,2469.0,False,False
006208,2022-10-26 13:18:02.934479,0.0,-0.0017825311942959443,0.0,-0.10000000000000142,56.0,56.05,56.05,56.1,53.0,254.0,2304.0,2469.0,False,False
006208,2022-10-26 13:18:03.816316,0.0,-0.0017825311942959443,0.0,-0.10000000000000142,56.0,56.05,56.05,56.1,53.0,254.0,2304.0,2469.0,False,False
006208,2022-10-26 13:18:03.816638,0.0,-0.0017825311942959443,0.0,-0.10000000000000142,56.0,56.05,56.05,56.1,53.0,254.0,2304.0,2469.0,False,False
006208,2022-10-26 13:18:03.926462,0.0,-0.0017825311942959443,0.0,-0.10000000000000142,56.0,56.05,56.05,56.1,53.0,254.0,2304.0,2469.0,False,False
006208,2022-10-26 13:18:04.879160,0.0,-0.0017825311942959443,0.0,-0.10000000000000142,56.0,56.05,56.05,56.1,53.0,254.0,2304.0,2469.0,False,False
006208,2022-10-26 13:18:04.879402,0.0,-0.0017825311942959443,0.0,-0.10000000000000142,56.0,56.05,56.05,56.1,53.0,254.0,2304.0,2469.0,False,False
006208,2022-10-26 13:18:05.076827,0.0,-0.0017825311942959443,0.0,-0.10000000000000142,56.0,56.05,56.05,56.1,53.0,254.0,2304.0,2469.0,False,False
006208,2022-10-26 13:18:05.076871,0.0,-0.0017825311942959443,0.0,-0.10000000000000142,56.0,56.05,56.05,56.1,53.0,254.0,2304.0,2469.0,False,False
006208,2022-10-26 13:18:08.784678,0.0,-0.0017825311942959443,0.0,-0.10000000000000142,56.0,56.05,56.05,56.1,53.0,254.0,2304.0,2469.0,False,False
006208,2022-10-26 13:18:08.788996,0.0,-0.0017825311942959443,0.0,-0.10000000000000142,56.0,56.05,56.05,56.1,53.0,254.0,2304.0,2469.0,False,False
006208,2022-10-26 13:18:08.923755,0.0,-0.0017825311942959443,0.0,-0.10000000000000142,56.0,56.05,56.05,56.1,53.0,254.0,2304.0,2469.0,False,False
006208,2022-10-26 13:18:11.127943,0.0,-0.0017825311942959443,0.0,-0.10000000000000142,56.0,56.05,56.05,56.1,53.0,254.0,2304.0,2413.0,True,True
006208,2022-10-26 13:18:11.337180,0.0,-0.0017825311942959443,0.0,-0.10000000000000142,56.0,56.05,56.05,56.1,53.0,254.0,2304.0,2413.0,False,False
006208,2022-10-26 13:18:11.342794,0.0,-0.0017825311942959443,0.0,-0.10000000000000142,56.0,56.05,56.05,56.1,53.0,254.0,2304.0,2413.0,False,False
006208,2022-10-26 13:18:11.775603,0.0,-0.0017825311942959443,0.0,-0.10000000000000142,56.0,56.05,56.05,56.1,53.0,254.0,2304.0,2413.0,False,False
006208,2022-10-26 13:18:11.775896,0.0,-0.0017825311942959443,0.0,-0.10000000000000142,56.0,56.05,56.05,56.1,53.0,254.0,2304.0,2413.0,False,False
006208,2022-10-26 13:18:14.868341,0.0,-0.0017825311942959443,0.0,-0.10000000000000142,56.0,56.05,56.05,56.1,53.0,254.0,2304.0,2413.0,False,False
006208,2022-10-26 13:18:14.868371,0.0,-0.0017825311942959443,0.0,-0.10000000000000142,56.0,56.05,56.05,56.1,53.0,254.0,2304.0,2413.0,False,False
006208,2022-10-26 13:18:15.686845,0.0,-0.0017825311942959443,0.0,-0.10000000000000142,56.0,56.05,56.05,56.1,53.0,254.0,2304.0,2413.0,False,False
006208,2022-10-26 13:18:15.687245,0.0,-0.0017825311942959443,0.0,-0.10000000000000142,56.0,56.05,56.05,56.1,53.0,254.0,2304.0,2413.0,False,False
006208,2022-10-26 13:18:18.772266,0.0,-0.0017825311942959443,0.0,-0.10000000000000142,56.0,56.05,56.05,56.1,53.0,253.0,2304.0,2413.0,False,False
006208,2022-10-26 13:18:18.898474,0.0,-0.0017825311942959443,0.0,-0.10000000000000142,56.0,56.05,56.05,56.1,53.0,253.0,2304.0,2413.0,False,False
006208,2022-10-26 13:18:18.912924,0.0,-0.0017825311942959443,0.0,-0.10000000000000142,56.0,56.05,56.05,56.1,53.0,253.0,2304.0,2413.0,False,False
006208,2022-10-26 13:18:19.036084,0.0,-0.0017825311942959443,0.0,-0.10000000000000142,56.0,56.05,56.05,56.1,53.0,253.0,2304.0,2413.0,False,False
006208,2022-10-26 13:18:19.828476,0.0,-0.0017825311942959443,0.0,-0.10000000000000142,56.0,56.05,56.05,56.1,53.0,253.0,2304.0,2413.0,False,False
006208,2022-10-26 13:18:19.828562,0.0,-0.0017825311942959443,0.0,-0.10000000000000142,56.0,56.05,56.05,56.1,53.0,253.0,2304.0,2413.0,False,False
006208,2022-10-26 13:18:21.157093,0.0,-0.0017825311942959443,0.0,-0.10000000000000142,56.0,56.05,56.05,56.1,53.0,253.0,2304.0,2413.0,True,True
006208,2022-10-26 13:18:22.006898,0.0,-0.0017825311942959443,0.0,-0.10000000000000142,56.0,56.05,56.05,56.1,53.0,253.0,2304.0,2413.0,False,False
006208,2022-10-26 13:18:22.006957,0.0,-0.0017825311942959443,0.0,-0.10000000000000142,56.0,56.05,56.05,56.1,53.0,253.0,2304.0,2413.0,False,False
006208,2022-10-26 13:18:24.899868,0.0,-0.0017825311942959443,0.0,-0.10000000000000142,56.0,56.05,56.05,56.1,53.0,253.0,2304.0,2413.0,False,False
006208,2022-10-26 13:18:24.904800,0.0,-0.0017825311942959443,0.0,-0.10000000000000142,56.0,56.05,56.05,56.1,53.0,253.0,2304.0,2413.0,False,False
006208,2022-10-26 13:18:29.022159,0.0,-0.0017825311942959443,0.0,-0.10000000000000142,56.0,56.05,56.05,56.1,53.0,253.0,2304.0,2413.0,False,False
006208,2022-10-26 13:18:29.032548,0.0,-0.0017825311942959443,0.0,-0.10000000000000142,56.0,56.05,56.05,56.1,53.0,253.0,2304.0,2413.0,False,False
006208,2022-10-26 13:18:29.145691,0.0,-0.0017825311942959443,0.0,-0.10000000000000142,56.0,56.05,56.05,56.1,53.0,253.0,2304.0,2413.0,False,False
006208,2022-10-26 13:18:29.156226,0.0,-0.0017825311942959443,0.0,-0.10000000000000142,56.0,56.05,56.05,56.1,53.0,253.0,2304.0,2413.0,False,False
006208,2022-10-26 13:18:30.719012,0.0,-0.0017825311942959443,0.0,-0.10000000000000142,56.0,56.05,56.05,56.1,53.0,253.0,2304.0,2413.0,False,False
006208,2022-10-26 13:18:30.719174,0.0,-0.0017825311942959443,0.0,-0.10000000000000142,56.0,56.05,56.05,56.1,53.0,253.0,2304.0,2413.0,False,False
006208,2022-10-26 13:18:31.192279,0.0,-0.0017825311942959443,0.0,-0.10000000000000142,56.0,56.05,56.05,56.1,53.0,253.0,2584.0,2413.0,True,True
006208,2022-10-26 13:18:32.912127,0.0,-0.0017825311942959443,0.0,-0.10000000000000142,56.0,56.05,56.05,56.1,53.0,253.0,2584.0,2413.0,False,False
006208,2022-10-26 13:18:32.918144,0.0,-0.0017825311942959443,0.0,-0.10000000000000142,56.0,56.05,56.05,56.1,53.0,253.0,2584.0,2413.0,False,False
006208,2022-10-26 13:18:32.929633,0.0,-0.0017825311942959443,0.0,-0.10000000000000142,56.0,56.05,56.05,56.1,53.0,253.0,2584.0,2413.0,False,False
006208,2022-10-26 13:18:33.520090,0.0,-0.0017825311942959443,0.0,-0.10000000000000142,56.0,56.05,56.05,56.1,53.0,253.0,2584.0,2413.0,False,False
006208,2022-10-26 13:18:33.529759,0.0,-0.0017825311942959443,0.0,-0.10000000000000142,56.0,56.05,56.05,56.1,53.0,253.0,2584.0,2413.0,False,False
006208,2022-10-26 13:18:37.746375,0.0,-0.0017825311942959443,0.0,-0.10000000000000142,56.0,56.05,56.05,56.1,53.0,253.0,2584.0,2413.0,False,False
006208,2022-10-26 13:18:37.751963,0.0,-0.0017825311942959443,0.0,-0.10000000000000142,56.0,56.05,56.05,56.1,53.0,253.0,2584.0,2413.0,False,False
006208,2022-10-26 13:18:39.138032,0.0,-0.0017825311942959443,0.0,-0.10000000000000142,56.0,56.05,56.05,56.1,53.0,253.0,2584.0,2413.0,False,False
006208,2022-10-26 13:18:39.142048,0.0,-0.0017825311942959443,0.0,-0.10000000000000142,56.0,56.05,56.05,56.1,53.0,253.0,2584.0,2413.0,False,False
006208,2022-10-26 13:18:39.283958,0.0,-0.0017825311942959443,0.0,-0.10000000000000142,56.0,56.05,56.05,56.1,53.0,253.0,2584.0,2413.0,False,False
006208,2022-10-26 13:18:39.541465,0.0,-0.0017825311942959443,0.0,-0.10000000000000142,56.0,56.05,56.05,56.1,53.0,253.0,2584.0,2413.0,False,False
006208,2022-10-26 13:18:39.551149,0.0,-0.0017825311942959443,0.0,-0.10000000000000142,56.0,56.05,56.05,56.1,53.0,253.0,2584.0,2413.0,False,False
006208,2022-10-26 13:18:41.040515,0.0,-0.0017825311942959443,0.0,-0.10000000000000142,56.0,56.05,56.05,56.1,53.0,252.0,2584.0,2413.0,False,False
006208,2022-10-26 13:18:41.377252,0.0,-0.0017825311942959443,0.0,-0.10000000000000142,56.0,56.05,56.05,56.1,53.0,252.0,2584.0,2413.0,False,False
006208,2022-10-26 13:18:41.377430,0.0,-0.0017825311942959443,0.0,-0.10000000000000142,56.0,56.05,56.05,56.1,53.0,252.0,2584.0,2413.0,False,False
006208,2022-10-26 13:18:42.087009,0.0,-0.0017825311942959443,0.0,-0.10000000000000142,56.0,56.05,56.05,56.1,53.0,252.0,2584.0,2413.0,False,False
006208,2022-10-26 13:18:42.087135,0.0,-0.0017825311942959443,0.0,-0.10000000000000142,56.0,56.05,56.05,56.1,53.0,252.0,2584.0,2413.0,False,False
006208,2022-10-26 13:18:44.859182,0.0,-0.0017825311942959443,0.0,-0.10000000000000142,56.0,56.05,56.05,56.1,53.0,252.0,2584.0,2413.0,False,False
006208,2022-10-26 13:18:44.886407,0.0,-0.0017825311942959443,0.0,-0.10000000000000142,56.0,56.05,56.05,56.1,53.0,152.0,2584.0,2413.0,False,False
006208,2022-10-26 13:18:45.013192,0.0,-0.0017825311942959443,0.0,-0.10000000000000142,56.0,56.05,56.05,56.1,54.0,152.0,2584.0,2413.0,False,False
006208,2022-10-26 13:18:45.886244,0.0,-0.0017825311942959443,0.0,-0.10000000000000142,56.0,56.05,56.05,56.1,54.0,152.0,2584.0,2413.0,False,False
006208,2022-10-26 13:18:45.946376,0.0,-0.0017825311942959443,0.0,-0.10000000000000142,56.0,56.05,56.05,56.1,54.0,152.0,2584.0,2413.0,False,False
006208,2022-10-26 13:18:45.962093,0.0,-0.0017825311942959443,0.0,-0.10000000000000142,56.0,56.05,56.05,56.1,54.0,152.0,2584.0,2413.0,False,False
006208,2022-10-26 13:18:47.227681,0.0,-0.0017825311942959443,0.0,-0.10000000000000142,56.0,56.05,56.05,56.1,54.0,152.0,2584.0,2413.0,False,False
006208,2022-10-26 13:18:47.227800,0.0,-0.0017825311942959443,0.0,-0.10000000000000142,56.0,56.05,56.05,56.1,54.0,152.0,2584.0,2413.0,False,False
006208,2022-10-26 13:18:48.181624,0.0,-0.0017825311942959443,0.0,-0.10000000000000142,56.0,56.05,56.05,56.1,54.0,152.0,2584.0,2413.0,False,False
006208,2022-10-26 13:18:48.191417,0.0,-0.0017825311942959443,0.0,-0.10000000000000142,56.0,56.05,56.05,56.1,54.0,152.0,2584.0,2413.0,False,False
006208,2022-10-26 13:18:49.242029,0.0,-0.0017825311942959443,0.0,-0.10000000000000142,56.0,56.05,56.05,56.1,54.0,152.0,2584.0,2413.0,False,False
006208,2022-10-26 13:18:49.274120,0.0,-0.0017825311942959443,0.0,-0.10000000000000142,56.0,56.05,56.05,56.1,54.0,152.0,2584.0,2413.0,False,False
006208,2022-10-26 13:18:49.383938,0.0,-0.0017825311942959443,0.0,-0.10000000000000142,56.0,56.05,56.05,56.1,54.0,152.0,2584.0,2413.0,False,False
006208,2022-10-26 13:18:49.462965,0.0,-0.0017825311942959443,0.0,-0.10000000000000142,56.0,56.05,56.05,56.1,54.0,152.0,2584.0,2413.0,False,False
006208,2022-10-26 13:18:49.552907,0.0,-0.0017825311942959443,0.0,-0.10000000000000142,56.0,56.05,56.05,56.1,54.0,152.0,2584.0,2413.0,False,False
006208,2022-10-26 13:18:49.856036,0.0,-0.0017825311942959443,0.0,-0.10000000000000142,56.0,56.05,56.05,56.1,54.0,152.0,2584.0,2413.0,False,False
006208,2022-10-26 13:18:49.861654,0.0,-0.0017825311942959443,0.0,-0.10000000000000142,56.0,56.05,56.05,56.1,54.0,152.0,2584.0,2413.0,False,False
006208,2022-10-26 13:18:50.274529,0.0,-0.0017825311942959443,0.0,-0.10000000000000142,56.0,56.05,56.05,56.1,54.0,252.0,2584.0,2413.0,False,False
006208,2022-10-26 13:18:51.032681,0.0,-0.0017825311942959443,0.0,-0.10000000000000142,56.0,56.05,56.05,56.1,54.0,252.0,2584.0,2413.0,False,False
006208,2022-10-26 13:18:51.032806,0.0,-0.0017825311942959443,0.0,-0.10000000000000142,56.0,56.05,56.05,56.1,54.0,252.0,2584.0,2413.0,False,False
006208,2022-10-26 13:18:51.265793,0.0,-0.0017825311942959443,0.0,-0.10000000000000142,56.0,56.05,56.05,56.1,54.0,252.0,2584.0,2313.0,True,True
006208,2022-10-26 13:18:57.829946,0.0,-0.0017825311942959443,0.0,-0.10000000000000142,56.0,56.05,56.05,56.1,54.0,252.0,2584.0,2313.0,False,False
006208,2022-10-26 13:18:57.859324,0.0,-0.0017825311942959443,0.0,-0.10000000000000142,56.0,56.05,56.05,56.1,54.0,252.0,2584.0,2313.0,False,False
006208,2022-10-26 13:18:58.149903,0.0,-0.0017825311942959443,0.0,-0.10000000000000142,56.0,56.05,56.05,56.1,54.0,253.0,2584.0,2313.0,False,False
006208,2022-10-26 13:18:59.360077,0.0,-0.0017825311942959443,0.0,-0.10000000000000142,56.0,56.05,56.05,56.1,54.0,253.0,2584.0,2313.0,False,False
006208,2022-10-26 13:18:59.364542,0.0,-0.0017825311942959443,0.0,-0.10000000000000142,56.0,56.05,56.05,56.1,54.0,253.0,2584.0,2313.0,False,False
006208,2022-10-26 13:18:59.500528,0.0,-0.0017825311942959443,0.0,-0.10000000000000142,56.0,56.05,56.05,56.1,54.0,253.0,2584.0,2313.0,False,False
006208,2022-10-26 13:18:59.812022,0.0,-0.0017825311942959443,0.0,-0.10000000000000142,56.0,56.05,56.05,56.1,54.0,253.0,2584.0,2313.0,False,False
006208,2022-10-26 13:18:59.827263,0.0,-0.0017825311942959443,0.0,-0.10000000000000142,56.0,56.05,56.05,56.1,54.0,253.0,2584.0,2313.0,False,False
006208,2022-10-26 13:19:00.759455,0.0,-0.0017825311942959443,0.0,-0.10000000000000142,56.0,56.05,56.05,56.1,54.0,253.0,2584.0,2313.0,False,False
006208,2022-10-26 13:19:00.774122,0.0,-0.0017825311942959443,0.0,-0.10000000000000142,56.0,56.05,56.05,56.1,54.0,253.0,2584.0,2313.0,False,False
006208,2022-10-26 13:19:00.810221,0.0,-0.0017825311942959443,0.0,-0.10000000000000142,56.0,56.05,56.05,56.1,54.0,253.0,2584.0,2313.0,False,False
006208,2022-10-26 13:19:03.079078,0.0,-0.0017825311942959443,0.0,-0.10000000000000142,56.0,56.05,56.05,56.1,54.0,253.0,2584.0,2313.0,False,False
006208,2022-10-26 13:19:03.092633,0.0,-0.0017825311942959443,0.0,-0.10000000000000142,56.0,56.05,56.05,56.1,54.0,253.0,2584.0,2313.0,False,False
006208,2022-10-26 13:19:07.234221,0.0,-0.0017825311942959443,0.0,-0.10000000000000142,56.0,56.05,56.05,56.1,54.0,253.0,2584.0,2313.0,False,False
006208,2022-10-26 13:19:07.234324,0.0,-0.0017825311942959443,0.0,-0.10000000000000142,56.0,56.05,56.05,56.1,54.0,253.0,2584.0,2313.0,False,False
006208,2022-10-26 13:19:08.983820,0.0,-0.0017825311942959443,0.0,-0.10000000000000142,56.0,56.05,56.05,56.1,54.0,253.0,2584.0,2313.0,False,False
006208,2022-10-26 13:19:08.983856,0.0,-0.0017825311942959443,0.0,-0.10000000000000142,56.0,56.05,56.05,56.1,54.0,253.0,2584.0,2313.0,False,False
006208,2022-10-26 13:19:09.477648,0.0,-0.0017825311942959443,0.0,-0.10000000000000142,56.0,56.05,56.05,56.1,54.0,253.0,2584.0,2313.0,False,False
006208,2022-10-26 13:19:09.481338,0.0,-0.0017825311942959443,0.0,-0.10000000000000142,56.0,56.05,56.05,56.1,54.0,253.0,2584.0,2313.0,False,False
006208,2022-10-26 13:19:09.613453,0.0,-0.0017825311942959443,0.0,-0.10000000000000142,56.0,56.05,56.05,56.1,54.0,253.0,2584.0,2313.0,False,False
006208,2022-10-26 13:19:10.729509,0.0,-0.0017825311942959443,0.0,-0.10000000000000142,56.0,56.05,56.05,56.1,54.0,253.0,2584.0,2289.0,False,True
006208,2022-10-26 13:19:11.242450,0.0,-0.0017825311942959443,0.0,-0.10000000000000142,56.0,56.05,56.05,56.1,54.0,253.0,2584.0,2289.0,False,False
006208,2022-10-26 13:19:11.242638,0.0,-0.0017825311942959443,0.0,-0.10000000000000142,56.0,56.05,56.05,56.1,54.0,253.0,2584.0,2289.0,False,False
006208,2022-10-26 13:19:12.350625,0.0,-0.0017825311942959443,0.0,-0.10000000000000142,56.0,56.05,56.05,56.1,56.0,253.0,2584.0,2289.0,False,False
006208,2022-10-26 13:19:12.785170,0.0,-0.0017825311942959443,0.0,-0.10000000000000142,56.0,56.05,56.05,56.1,56.0,253.0,2584.0,2289.0,False,False
006208,2022-10-26 13:19:12.785355,0.0,-0.0017825311942959443,0.0,-0.10000000000000142,56.0,56.05,56.05,56.1,56.0,253.0,2584.0,2289.0,False,False
006208,2022-10-26 13:19:12.975497,0.0,-0.0017825311942959443,0.0,-0.10000000000000142,56.0,56.05,56.05,56.1,56.0,253.0,2584.0,2289.0,False,False
006208,2022-10-26 13:19:12.990798,0.0,-0.0017825311942959443,0.0,-0.10000000000000142,56.0,56.05,56.05,56.1,56.0,253.0,2584.0,2289.0,False,False
006208,2022-10-26 13:19:14.042259,0.0,-0.0017825311942959443,0.0,-0.10000000000000142,56.0,56.05,56.05,56.1,56.0,253.0,2584.0,2289.0,False,False
006208,2022-10-26 13:19:14.042354,0.0,-0.0017825311942959443,0.0,-0.10000000000000142,56.0,56.05,56.05,56.1,56.0,253.0,2584.0,2289.0,False,False
006208,2022-10-26 13:19:14.811671,0.0,-0.0017825311942959443,0.0,-0.10000000000000142,56.0,56.05,56.05,56.1,56.0,253.0,2584.0,2289.0,False,False
006208,2022-10-26 13:19:14.824129,0.0,-0.0017825311942959443,0.0,-0.10000000000000142,56.0,56.05,56.05,56.1,56.0,253.0,2584.0,2289.0,False,False
006208,2022-10-26 13:19:15.527400,0.0,-0.0017825311942959443,0.0,-0.10000000000000142,56.0,56.05,56.05,56.1,56.0,255.0,2584.0,2289.0,False,False
006208,2022-10-26 13:19:16.154189,0.0,-0.0017825311942959443,0.0,-0.10000000000000142,56.0,56.05,56.05,56.1,56.0,255.0,2584.0,2289.0,False,False
006208,2022-10-26 13:19:16.154343,0.0,-0.0017825311942959443,0.0,-0.10000000000000142,56.0,56.05,56.05,56.1,56.0,255.0,2584.0,2289.0,False,False
006208,2022-10-26 13:19:16.321586,0.0,-0.0017825311942959443,0.0,-0.10000000000000142,56.0,56.05,56.05,56.1,66.0,255.0,2584.0,2289.0,False,False
006208,2022-10-26 13:19:17.276960,0.0,-0.0017825311942959443,0.0,-0.10000000000000142,56.0,56.05,56.05,56.1,65.0,254.0,2584.0,2289.0,False,False
006208,2022-10-26 13:19:19.258418,0.0,-0.0017825311942959443,0.0,-0.10000000000000142,56.0,56.05,56.05,56.1,65.0,254.0,2584.0,2289.0,False,False
006208,2022-10-26 13:19:19.258629,0.0,-0.0017825311942959443,0.0,-0.10000000000000142,56.0,56.05,56.05,56.1,65.0,254.0,2584.0,2289.0,False,False
006208,2022-10-26 13:19:19.597028,0.0,-0.0017825311942959443,0.0,-0.10000000000000142,56.0,56.05,56.05,56.1,65.0,254.0,2584.0,2289.0,False,False
006208,2022-10-26 13:19:19.599683,0.0,-0.0017825311942959443,0.0,-0.10000000000000142,56.0,56.05,56.05,56.1,65.0,254.0,2584.0,2289.0,False,False
006208,2022-10-26 13:19:19.734045,0.0,-0.0017825311942959443,0.0,-0.10000000000000142,56.0,56.05,56.05,56.1,65.0,254.0,2584.0,2289.0,False,False
006208,2022-10-26 13:19:20.725645,0.0,-0.0017825311942959443,0.0,-0.10000000000000142,56.0,56.05,56.05,56.1,65.0,254.0,2584.0,2289.0,False,False
006208,2022-10-26 13:19:20.774882,0.0,-0.0017825311942959443,0.0,-0.10000000000000142,56.0,56.05,56.05,56.1,65.0,254.0,2584.0,2189.0,True,True
006208,2022-10-26 13:19:22.713436,0.0,-0.0017825311942959443,0.0,-0.10000000000000142,56.0,56.05,56.05,56.1,65.0,254.0,2584.0,2189.0,False,False
006208,2022-10-26 13:19:22.727888,0.0,-0.0017825311942959443,0.0,-0.10000000000000142,56.0,56.05,56.05,56.1,65.0,254.0,2584.0,2189.0,False,False
006208,2022-10-26 13:19:23.435128,0.0,-0.0017825311942959443,0.0,-0.10000000000000142,56.0,56.05,56.05,56.1,65.0,253.0,2584.0,2189.0,False,False
006208,2022-10-26 13:19:23.952961,0.0,-0.0017825311942959443,0.0,-0.10000000000000142,56.0,56.05,56.05,56.1,65.0,253.0,2584.0,2189.0,False,False
006208,2022-10-26 13:19:23.953158,0.0,-0.0017825311942959443,0.0,-0.10000000000000142,56.0,56.05,56.05,56.1,65.0,253.0,2584.0,2189.0,False,False
006208,2022-10-26 13:19:24.836586,0.0,-0.0017825311942959443,0.0,-0.10000000000000142,56.0,56.05,56.05,56.1,65.0,253.0,2584.0,2189.0,False,False
006208,2022-10-26 13:19:24.884018,0.0,-0.0017825311942959443,0.0,-0.10000000000000142,56.0,56.05,56.05,56.1,65.0,252.0,2584.0,2189.0,False,False
006208,2022-10-26 13:19:24.855777,0.0,-0.0017825311942959443,0.0,-0.10000000000000142,56.0,56.05,56.05,56.1,65.0,253.0,2584.0,2189.0,False,False
006208,2022-10-26 13:19:26.135411,0.0,-0.0017825311942959443,0.0,-0.10000000000000142,56.0,56.05,56.05,56.1,65.0,252.0,2584.0,2189.0,False,False
006208,2022-10-26 13:19:26.135487,0.0,-0.0017825311942959443,0.0,-0.10000000000000142,56.0,56.05,56.05,56.1,65.0,252.0,2584.0,2189.0,False,False
006208,2022-10-26 13:19:26.168474,0.0,-0.0017825311942959443,0.0,-0.10000000000000142,56.0,56.05,56.05,56.1,65.0,152.0,2584.0,2189.0,False,False
006208,2022-10-26 13:19:26.972740,0.0,-0.0017825311942959443,0.0,-0.10000000000000142,56.0,56.05,56.05,56.1,65.0,152.0,2584.0,2189.0,False,False
006208,2022-10-26 13:19:26.978170,0.0,-0.0017825311942959443,0.0,-0.10000000000000142,56.0,56.05,56.05,56.1,65.0,152.0,2584.0,2189.0,False,False
006208,2022-10-26 13:19:27.168369,0.0,-0.0017825311942959443,0.0,-0.10000000000000142,56.0,56.05,56.05,56.1,65.0,152.0,2584.0,2189.0,False,False
006208,2022-10-26 13:19:27.228223,0.0,-0.0017825311942959443,0.0,-0.10000000000000142,56.0,56.05,56.05,56.1,65.0,152.0,2584.0,2189.0,False,False
006208,2022-10-26 13:19:27.485225,0.0,-0.0017825311942959443,0.0,-0.10000000000000142,56.0,56.05,56.05,56.1,65.0,152.0,2584.0,2189.0,False,False
006208,2022-10-26 13:19:27.485377,0.0,-0.0017825311942959443,0.0,-0.10000000000000142,56.0,56.05,56.05,56.1,65.0,152.0,2584.0,2189.0,False,False
006208,2022-10-26 13:19:27.824570,0.0,-0.0017825311942959443,0.0,-0.10000000000000142,56.0,56.05,56.05,56.1,65.0,152.0,2584.0,2189.0,False,False
006208,2022-10-26 13:19:27.824682,0.0,-0.0017825311942959443,0.0,-0.10000000000000142,56.0,56.05,56.05,56.1,65.0,152.0,2584.0,2189.0,False,False
006208,2022-10-26 13:19:29.714263,0.0,-0.0017825311942959443,0.0,-0.10000000000000142,56.0,56.05,56.05,56.1,65.0,152.0,2584.0,2189.0,False,False
006208,2022-10-26 13:19:29.719502,0.0,-0.0017825311942959443,0.0,-0.10000000000000142,56.0,56.05,56.05,56.1,65.0,152.0,2584.0,2189.0,False,False
006208,2022-10-26 13:19:29.857765,0.0,-0.0017825311942959443,0.0,-0.10000000000000142,56.0,56.05,56.05,56.1,65.0,152.0,2584.0,2189.0,False,False
006208,2022-10-26 13:19:29.929947,0.0,-0.0017825311942959443,0.0,-0.10000000000000142,56.0,56.05,56.05,56.1,65.0,152.0,2584.0,2189.0,False,False
006208,2022-10-26 13:19:31.177249,0.0,-0.0017825311942959443,0.0,-0.10000000000000142,56.0,56.05,56.05,56.1,65.0,152.0,2584.0,2189.0,False,False
006208,2022-10-26 13:19:31.177317,0.0,-0.0017825311942959443,0.0,-0.10000000000000142,56.0,56.05,56.05,56.1,65.0,152.0,2584.0,2189.0,False,False
006208,2022-10-26 13:19:31.910476,0.0,-0.0017825311942959443,0.0,-0.10000000000000142,56.0,56.05,56.05,56.1,65.0,152.0,2584.0,2189.0,False,False
006208,2022-10-26 13:19:31.910648,0.0,-0.0017825311942959443,0.0,-0.10000000000000142,56.0,56.05,56.05,56.1,65.0,152.0,2584.0,2189.0,False,False
006208,2022-10-26 13:19:33.041855,0.0,-0.0017825311942959443,0.0,-0.10000000000000142,56.0,56.05,56.05,56.1,65.0,151.0,2584.0,2189.0,False,False
006208,2022-10-26 13:19:33.598637,0.0,-0.0017825311942959443,0.0,-0.10000000000000142,56.0,56.05,56.05,56.1,65.0,151.0,2584.0,2189.0,False,False
006208,2022-10-26 13:19:33.598760,0.0,-0.0017825311942959443,0.0,-0.10000000000000142,56.0,56.05,56.05,56.1,65.0,151.0,2584.0,2189.0,False,False
006208,2022-10-26 13:19:34.049337,0.0,-0.0017825311942959443,0.0,-0.10000000000000142,56.0,56.05,56.05,56.1,65.0,151.0,2584.0,2189.0,False,False
006208,2022-10-26 13:19:34.826245,0.0,-0.0017825311942959443,0.0,-0.10000000000000142,56.0,56.05,56.05,56.1,65.0,151.0,2584.0,2189.0,False,False
006208,2022-10-26 13:19:34.835052,0.0,-0.0017825311942959443,0.0,-0.10000000000000142,56.0,56.05,56.05,56.1,65.0,151.0,2584.0,2189.0,False,False
006208,2022-10-26 13:19:36.035835,0.0,-0.0017825311942959443,0.0,-0.10000000000000142,56.0,56.05,56.05,56.1,65.0,151.0,2584.0,2189.0,False,False
006208,2022-10-26 13:19:36.035898,0.0,-0.0017825311942959443,0.0,-0.10000000000000142,56.0,56.05,56.05,56.1,65.0,151.0,2584.0,2189.0,False,False
006208,2022-10-26 13:19:38.384207,0.0,-0.0017825311942959443,0.0,-0.10000000000000142,56.0,56.05,56.05,56.1,65.0,151.0,2584.0,2189.0,False,False
006208,2022-10-26 13:19:38.388956,0.0,-0.0017825311942959443,0.0,-0.10000000000000142,56.0,56.05,56.05,56.1,65.0,151.0,2584.0,2189.0,False,False
006208,2022-10-26 13:19:38.876101,0.0,-0.0017825311942959443,0.0,-0.10000000000000142,56.0,56.05,56.05,56.1,65.0,151.0,2584.0,2189.0,False,False
006208,2022-10-26 13:19:38.876638,0.0,-0.0017825311942959443,0.0,-0.10000000000000142,56.0,56.05,56.05,56.1,65.0,151.0,2584.0,2189.0,False,False
006208,2022-10-26 13:19:38.884743,0.0,-0.0017825311942959443,0.0,-0.10000000000000142,56.0,56.05,56.05,56.1,65.0,151.0,2584.0,2189.0,False,False
006208,2022-10-26 13:19:39.836810,0.0,-0.0017825311942959443,0.0,-0.10000000000000142,56.0,56.05,56.05,56.1,65.0,151.0,2584.0,2189.0,False,False
006208,2022-10-26 13:19:39.887235,0.0,-0.0017825311942959443,0.0,-0.10000000000000142,56.0,56.05,56.05,56.1,65.0,151.0,2584.0,2189.0,False,False
006208,2022-10-26 13:19:40.002803,0.0,-0.0017825311942959443,0.0,-0.10000000000000142,56.0,56.05,56.05,56.1,65.0,111.0,2584.0,2189.0,False,False
006208,2022-10-26 13:19:40.847118,0.0,-0.0017825311942959443,0.0,-0.10000000000000142,56.0,56.05,56.05,56.1,65.0,111.0,2589.0,2063.0,True,True
006208,2022-10-26 13:19:43.104216,0.0,-0.0017825311942959443,0.0,-0.10000000000000142,56.0,56.05,56.05,56.1,65.0,111.0,2589.0,2063.0,False,False
006208,2022-10-26 13:19:43.115046,0.0,-0.0017825311942959443,0.0,-0.10000000000000142,56.0,56.05,56.05,56.1,65.0,111.0,2589.0,2063.0,False,False
006208,2022-10-26 13:19:43.949959,0.0,-0.0017825311942959443,0.0,-0.10000000000000142,56.0,56.05,56.05,56.1,65.0,111.0,2589.0,2063.0,False,False
006208,2022-10-26 13:19:43.958793,0.0,-0.0017825311942959443,0.0,-0.10000000000000142,56.0,56.05,56.05,56.1,65.0,111.0,2589.0,2063.0,False,False
006208,2022-10-26 13:19:47.266997,0.0,-0.0017825311942959443,0.0,-0.10000000000000142,56.0,56.05,56.05,56.1,65.0,111.0,2589.0,2063.0,False,False
006208,2022-10-26 13:19:47.404553,0.0,-0.0017825311942959443,0.0,-0.10000000000000142,56.0,56.05,56.05,56.1,65.0,111.0,2589.0,2063.0,False,False
006208,2022-10-26 13:19:47.404699,0.0,-0.0017825311942959443,0.0,-0.10000000000000142,56.0,56.05,56.05,56.1,65.0,111.0,2589.0,2063.0,False,False
006208,2022-10-26 13:19:47.723861,0.0,-0.0017825311942959443,0.0,-0.10000000000000142,56.0,56.05,56.05,56.1,65.0,44.0,2589.0,2063.0,False,False
006208,2022-10-26 13:19:47.724023,0.0,-0.0017825311942959443,0.0,-0.10000000000000142,56.0,56.05,56.05,56.1,65.0,44.0,2589.0,2063.0,False,False
006208,2022-10-26 13:19:47.897055,0.0,-0.0017825311942959443,0.0,-0.10000000000000142,56.0,56.05,56.05,56.1,65.0,44.0,2589.0,2063.0,False,False
006208,2022-10-26 13:19:47.897215,0.0,-0.0017825311942959443,0.0,-0.10000000000000142,56.0,56.05,56.05,56.1,65.0,44.0,2589.0,2063.0,False,False
006208,2022-10-26 13:19:49.949609,0.0,-0.0017825311942959443,0.0,-0.10000000000000142,56.0,56.05,56.05,56.1,65.0,44.0,2589.0,2063.0,False,False
006208,2022-10-26 13:19:49.952809,0.0,-0.0017825311942959443,0.0,-0.10000000000000142,56.0,56.05,56.05,56.1,65.0,44.0,2589.0,2063.0,False,False
006208,2022-10-26 13:19:50.085729,0.0,-0.0017825311942959443,0.0,-0.10000000000000142,56.0,56.05,56.05,56.1,65.0,44.0,2589.0,2063.0,False,False
006208,2022-10-26 13:19:51.435545,0.0,-0.0017825311942959443,0.0,-0.10000000000000142,56.0,56.05,56.05,56.1,65.0,44.0,2589.0,2063.0,False,False
006208,2022-10-26 13:19:51.435678,0.0,-0.0017825311942959443,0.0,-0.10000000000000142,56.0,56.05,56.05,56.1,65.0,44.0,2589.0,2063.0,False,False
006208,2022-10-26 13:19:51.941838,0.0,-0.0017825311942959443,0.0,-0.10000000000000142,56.0,56.05,56.05,56.1,65.0,44.0,2589.0,2063.0,False,False
006208,2022-10-26 13:19:51.942006,0.0,-0.0017825311942959443,0.0,-0.10000000000000142,56.0,56.05,56.05,56.1,65.0,44.0,2589.0,2063.0,False,False
006208,2022-10-26 13:19:59.674124,0.0,-0.0017825311942959443,0.0,-0.10000000000000142,56.0,56.05,56.05,56.1,65.0,4.0,2589.0,2063.0,False,False
006208,2022-10-26 13:19:59.887173,0.0,-0.0017825311942959443,0.0,-0.10000000000000142,56.0,56.05,56.05,56.1,65.0,4.0,2589.0,2063.0,False,False
006208,2022-10-26 13:19:59.907133,0.0,-0.0017825311942959443,0.0,-0.10000000000000142,56.0,56.05,56.05,56.1,65.0,4.0,2589.0,2063.0,False,False
006208,2022-10-26 13:19:59.952429,0.0,-0.0017825311942959443,0.0,-0.10000000000000142,56.0,56.05,56.05,56.1,65.0,4.0,2589.0,2063.0,False,False
006208,2022-10-26 13:20:00.183742,0.0,-0.0017825311942959443,0.0,-0.10000000000000142,56.0,56.05,56.05,56.1,65.0,4.0,2589.0,2063.0,False,False
006208,2022-10-26 13:20:00.270273,0.0,-0.0017825311942959443,0.0,-0.10000000000000142,56.0,56.05,56.05,56.1,65.0,4.0,2589.0,2063.0,False,False
006208,2022-10-26 13:20:00.840530,0.0,-0.0017825311942959443,0.0,-0.10000000000000142,56.0,56.05,56.05,56.1,65.0,4.0,2589.0,2063.0,False,False
006208,2022-10-26 13:20:00.852743,0.0,-0.0017825311942959443,0.0,-0.10000000000000142,56.0,56.05,56.05,56.1,65.0,4.0,2589.0,2063.0,False,False
006208,2022-10-26 13:20:01.168817,0.0,-0.0017825311942959443,0.0,-0.10000000000000142,56.0,56.05,56.05,56.1,65.0,4.0,2589.0,2063.0,False,False
006208,2022-10-26 13:20:01.181716,0.0,-0.0017825311942959443,0.0,-0.10000000000000142,56.0,56.05,56.05,56.1,65.0,4.0,2589.0,2063.0,False,False
006208,2022-10-26 13:20:07.915824,0.0,-0.0017825311942959443,0.0,-0.10000000000000142,56.0,56.05,56.05,56.1,65.0,4.0,2589.0,2063.0,False,False
006208,2022-10-26 13:20:07.916142,0.0,-0.0017825311942959443,0.0,-0.10000000000000142,56.0,56.05,56.05,56.1,65.0,4.0,2589.0,2063.0,False,False
006208,2022-10-26 13:20:08.091328,0.0,-0.0017825311942959443,0.0,-0.10000000000000142,56.0,56.05,56.05,56.1,65.0,4.0,2589.0,2063.0,False,False
006208,2022-10-26 13:20:08.984322,0.0,-0.0017825311942959443,0.0,-0.10000000000000142,56.0,56.05,56.05,56.1,65.0,4.0,2589.0,2063.0,False,False
006208,2022-10-26 13:20:08.984326,0.0,-0.0017825311942959443,0.0,-0.10000000000000142,56.0,56.05,56.05,56.1,65.0,4.0,2589.0,2063.0,False,False
006208,2022-10-26 13:20:09.503609,0.0,-0.0017825311942959443,0.0,-0.10000000000000142,56.0,56.05,56.05,56.1,65.0,4.0,2589.0,2063.0,False,False
006208,2022-10-26 13:20:09.508690,0.0,-0.0017825311942959443,0.0,-0.10000000000000142,56.0,56.05,56.05,56.1,65.0,4.0,2589.0,2063.0,False,False
006208,2022-10-26 13:20:09.934926,0.0,-0.0017825311942959443,0.0,-0.10000000000000142,56.0,56.05,56.05,56.1,65.0,4.0,2589.0,2063.0,False,False
006208,2022-10-26 13:20:10.299781,0.0,-0.0017825311942959443,0.0,-0.10000000000000142,56.0,56.05,56.05,56.1,65.0,4.0,2589.0,2063.0,False,False
006208,2022-10-26 13:20:10.309643,0.0,-0.0017825311942959443,0.0,-0.10000000000000142,56.0,56.05,56.05,56.1,65.0,4.0,2589.0,2063.0,False,False
006208,2022-10-26 13:20:10.433301,0.0,-0.0017825311942959443,0.0,-0.10000000000000142,56.0,56.05,56.05,56.1,65.0,4.0,2589.0,2063.0,False,False
006208,2022-10-26 13:20:10.448604,0.0,-0.0017825311942959443,0.0,-0.10000000000000142,56.0,56.05,56.05,56.1,65.0,4.0,2589.0,2063.0,False,False
006208,2022-10-26 13:20:11.071984,0.0,-0.0017825311942959443,0.0,-0.10000000000000142,56.0,56.05,56.05,56.1,65.0,4.0,2989.0,2263.0,True,True
006208,2022-10-26 13:20:11.100823,0.0,-0.0017825311942959443,0.0,-0.10000000000000142,56.0,56.05,56.05,56.1,65.0,4.0,2989.0,2263.0,False,False
006208,2022-10-26 13:20:11.120391,0.0,-0.0017825311942959443,0.0,-0.10000000000000142,56.0,56.05,56.05,56.1,65.0,4.0,2989.0,2263.0,False,False
006208,2022-10-26 13:20:14.361891,0.0,-0.0017825311942959443,0.0,-0.10000000000000142,56.0,56.05,56.05,56.1,65.0,3.0,2989.0,2263.0,False,False
006208,2022-10-26 13:20:14.378284,-0.0008912655971480277,-0.0017825311942959443,-0.05000000000000426,-0.10000000000000142,56.0,56.1,56.05,56.1,65.0,350.0,2989.0,2263.0,False,False
006208,2022-10-26 13:20:14.408470,-0.0008912655971480277,-0.0017825311942959443,-0.05000000000000426,-0.10000000000000142,56.0,56.1,56.05,56.1,65.0,350.0,2989.0,2263.0,False,False
006208,2022-10-26 13:20:14.493726,-0.0008912655971480277,-0.0017825311942959443,-0.05000000000000426,-0.10000000000000142,56.0,56.1,56.05,56.1,65.0,310.0,2989.0,2263.0,False,False
006208,2022-10-26 13:20:14.597672,-0.0008912655971480277,-0.0017825311942959443,-0.05000000000000426,-0.10000000000000142,56.0,56.1,56.05,56.1,65.0,130.0,2989.0,2263.0,False,False
006208,2022-10-26 13:20:14.679128,-0.0008912655971480277,-0.0017825311942959443,-0.05000000000000426,-0.10000000000000142,56.0,56.1,56.05,56.1,65.0,130.0,2989.0,2263.0,False,False
006208,2022-10-26 13:20:14.790494,-0.0008912655971480277,-0.0017825311942959443,-0.05000000000000426,-0.10000000000000142,56.0,56.1,56.05,56.1,65.0,80.0,2989.0,2263.0,False,False
006208,2022-10-26 13:20:14.951482,-0.0008912655971480277,-0.0017825311942959443,-0.05000000000000426,-0.10000000000000142,56.0,56.1,56.05,56.1,65.0,80.0,2989.0,2263.0,False,False
006208,2022-10-26 13:20:15.372569,-0.0008912655971480277,-0.0017825311942959443,-0.05000000000000426,-0.10000000000000142,56.0,56.1,56.05,56.1,125.0,80.0,2989.0,2263.0,False,False
006208,2022-10-26 13:20:15.403886,-0.0008912655971480277,-0.0017825311942959443,-0.05000000000000426,-0.10000000000000142,56.0,56.1,56.05,56.1,125.0,80.0,2989.0,2263.0,False,False
006208,2022-10-26 13:20:15.404036,-0.0008912655971480277,-0.0017825311942959443,-0.05000000000000426,-0.10000000000000142,56.0,56.1,56.05,56.1,125.0,80.0,2989.0,2263.0,False,False
006208,2022-10-26 13:20:15.610213,-0.0008912655971480277,-0.0017825311942959443,-0.05000000000000426,-0.10000000000000142,56.0,56.1,56.05,56.1,225.0,80.0,2989.0,2263.0,False,False
006208,2022-10-26 13:20:15.668848,-0.0008912655971480277,-0.0017825311942959443,-0.05000000000000426,-0.10000000000000142,56.0,56.1,56.05,56.1,225.0,80.0,2989.0,2263.0,False,False
006208,2022-10-26 13:20:15.853932,-0.0008912655971480277,-0.0017825311942959443,-0.05000000000000426,-0.10000000000000142,56.0,56.1,56.05,56.1,225.0,80.0,2989.0,2263.0,False,False
006208,2022-10-26 13:20:15.931162,-0.0008912655971480277,-0.0017825311942959443,-0.05000000000000426,-0.10000000000000142,56.0,56.1,56.05,56.1,165.0,120.0,2989.0,2263.0,False,False
006208,2022-10-26 13:20:16.023056,-0.0008912655971480277,-0.0017825311942959443,-0.05000000000000426,-0.10000000000000142,56.0,56.1,56.05,56.1,65.0,120.0,2989.0,2263.0,False,False
006208,2022-10-26 13:20:16.276948,-0.0008912655971480277,-0.0017825311942959443,-0.05000000000000426,-0.10000000000000142,56.0,56.1,56.05,56.1,65.0,120.0,2989.0,2263.0,False,False
006208,2022-10-26 13:20:16.377274,-0.0008912655971480277,-0.0017825311942959443,-0.05000000000000426,-0.10000000000000142,56.0,56.1,56.05,56.1,65.0,80.0,2989.0,2263.0,False,False
006208,2022-10-26 13:20:16.873009,-0.0008912655971480277,-0.0017825311942959443,-0.05000000000000426,-0.10000000000000142,56.0,56.1,56.05,56.1,65.0,80.0,2989.0,2263.0,False,False
006208,2022-10-26 13:20:16.873089,-0.0008912655971480277,-0.0017825311942959443,-0.05000000000000426,-0.10000000000000142,56.0,56.1,56.05,56.1,65.0,80.0,2989.0,2263.0,False,False
006208,2022-10-26 13:20:16.920503,-0.0008912655971480277,-0.0017825311942959443,-0.05000000000000426,-0.10000000000000142,56.0,56.1,56.05,56.1,65.0,120.0,2989.0,2263.0,False,False
006208,2022-10-26 13:20:17.096937,-0.0008912655971480277,-0.0017825311942959443,-0.05000000000000426,-0.10000000000000142,56.0,56.1,56.05,56.1,65.0,80.0,2989.0,2263.0,False,False
006208,2022-10-26 13:20:17.215639,-0.0008912655971480277,-0.0017825311942959443,-0.05000000000000426,-0.10000000000000142,56.0,56.1,56.05,56.1,65.0,80.0,2989.0,2263.0,False,False
006208,2022-10-26 13:20:17.477453,-0.0008912655971480277,-0.0017825311942959443,-0.05000000000000426,-0.10000000000000142,56.0,56.1,56.05,56.1,125.0,80.0,2989.0,2263.0,False,False
006208,2022-10-26 13:20:17.723944,-0.0008912655971480277,-0.0017825311942959443,-0.05000000000000426,-0.10000000000000142,56.0,56.1,56.05,56.1,125.0,80.0,2989.0,2263.0,False,False
006208,2022-10-26 13:20:17.724049,-0.0008912655971480277,-0.0017825311942959443,-0.05000000000000426,-0.10000000000000142,56.0,56.1,56.05,56.1,125.0,80.0,2989.0,2263.0,False,False
006208,2022-10-26 13:20:17.813758,-0.0008912655971480277,-0.0017825311942959443,-0.05000000000000426,-0.10000000000000142,56.0,56.1,56.05,56.1,65.0,80.0,2989.0,2263.0,False,False
006208,2022-10-26 13:20:18.016627,-0.0008912655971480277,-0.0017825311942959443,-0.05000000000000426,-0.10000000000000142,56.0,56.1,56.05,56.1,65.0,120.0,2989.0,2263.0,False,False
006208,2022-10-26 13:20:18.053950,-0.0008912655971480277,-0.0017825311942959443,-0.05000000000000426,-0.10000000000000142,56.0,56.1,56.05,56.1,65.0,220.0,2989.0,2263.0,False,False
006208,2022-10-26 13:20:19.097639,-0.0008912655971480277,-0.0017825311942959443,-0.05000000000000426,-0.10000000000000142,56.0,56.1,56.05,56.1,65.0,180.0,2989.0,2263.0,False,False
006208,2022-10-26 13:20:19.584843,-0.0008912655971480277,-0.0017825311942959443,-0.05000000000000426,-0.10000000000000142,56.0,56.1,56.05,56.1,125.0,180.0,2989.0,2263.0,False,False
006208,2022-10-26 13:20:19.744327,-0.0008912655971480277,-0.0008912655971480277,-0.05000000000000426,-0.05000000000000426,56.05,56.1,56.05,56.1,1.0,180.0,2989.0,2263.0,False,False
006208,2022-10-26 13:20:19.784936,-0.0008912655971480277,-0.0008912655971480277,-0.05000000000000426,-0.05000000000000426,56.05,56.1,56.05,56.1,1.0,180.0,2989.0,2263.0,False,False
006208,2022-10-26 13:20:19.822645,-0.0008912655971480277,-0.0008912655971480277,-0.05000000000000426,-0.05000000000000426,56.05,56.1,56.05,56.1,1.0,180.0,2989.0,2263.0,False,False
006208,2022-10-26 13:20:20.001216,-0.0008912655971480277,-0.0008912655971480277,-0.05000000000000426,-0.05000000000000426,56.05,56.1,56.05,56.1,1.0,80.0,2989.0,2263.0,False,False
006208,2022-10-26 13:20:20.085493,-0.0008912655971480277,-0.0008912655971480277,-0.05000000000000426,-0.05000000000000426,56.05,56.1,56.05,56.1,1.0,80.0,2989.0,2263.0,False,False
006208,2022-10-26 13:20:20.740827,-0.0008912655971480277,-0.0008912655971480277,-0.05000000000000426,-0.05000000000000426,56.05,56.1,56.05,56.1,1.0,80.0,2989.0,2263.0,False,False
006208,2022-10-26 13:20:20.740980,-0.0008912655971480277,-0.0008912655971480277,-0.05000000000000426,-0.05000000000000426,56.05,56.1,56.05,56.1,1.0,80.0,2989.0,2263.0,False,False
006208,2022-10-26 13:20:20.964002,-0.0008912655971480277,-0.0008912655971480277,-0.05000000000000426,-0.05000000000000426,56.05,56.1,56.05,56.1,1.0,80.0,2989.0,2263.0,False,False
006208,2022-10-26 13:20:20.978773,-0.0008912655971480277,-0.0008912655971480277,-0.05000000000000426,-0.05000000000000426,56.05,56.1,56.05,56.1,1.0,80.0,2989.0,2263.0,False,False
006208,2022-10-26 13:20:21.135185,-0.0008912655971480277,-0.0008912655971480277,-0.05000000000000426,-0.05000000000000426,56.05,56.1,56.05,56.1,1.0,80.0,2989.0,2263.0,True,True
006208,2022-10-26 13:20:21.090407,-0.0008912655971480277,-0.0008912655971480277,-0.05000000000000426,-0.05000000000000426,56.05,56.1,56.05,56.1,1.0,80.0,2989.0,2263.0,False,False
006208,2022-10-26 13:20:21.196109,-0.0008912655971480277,-0.0008912655971480277,-0.05000000000000426,-0.05000000000000426,56.05,56.1,56.05,56.1,1.0,80.0,2989.0,2263.0,False,False
006208,2022-10-26 13:20:21.431912,-0.0008912655971480277,-0.0008912655971480277,-0.05000000000000426,-0.05000000000000426,56.05,56.1,56.05,56.1,1.0,80.0,2989.0,2263.0,False,False
006208,2022-10-26 13:20:21.441524,-0.0008912655971480277,-0.0008912655971480277,-0.05000000000000426,-0.05000000000000426,56.05,56.1,56.05,56.1,1.0,80.0,2989.0,2263.0,False,False
006208,2022-10-26 13:20:21.994364,-0.0008912655971480277,-0.0008912655971480277,-0.05000000000000426,-0.05000000000000426,56.05,56.1,56.05,56.1,1.0,80.0,2989.0,2263.0,False,False
006208,2022-10-26 13:20:21.994483,-0.0008912655971480277,-0.0008912655971480277,-0.05000000000000426,-0.05000000000000426,56.05,56.1,56.05,56.1,1.0,80.0,2989.0,2263.0,False,False
006208,2022-10-26 13:20:22.984825,-0.0008912655971480277,-0.0008912655971480277,-0.05000000000000426,-0.05000000000000426,56.05,56.1,56.05,56.1,1.0,80.0,2989.0,2263.0,False,False
006208,2022-10-26 13:20:23.027101,-0.0008912655971480277,-0.0008912655971480277,-0.05000000000000426,-0.05000000000000426,56.05,56.1,56.05,56.1,1.0,80.0,2989.0,2263.0,False,False
006208,2022-10-26 13:20:23.109884,-0.0008912655971480277,-0.0008912655971480277,-0.05000000000000426,-0.05000000000000426,56.05,56.1,56.05,56.1,1.0,80.0,2989.0,2263.0,False,False
006208,2022-10-26 13:20:23.203635,-0.0008912655971480277,-0.0008912655971480277,-0.05000000000000426,-0.05000000000000426,56.05,56.1,56.05,56.1,1.0,80.0,2989.0,2263.0,False,False
006208,2022-10-26 13:20:23.303567,-0.0008912655971480277,-0.0008912655971480277,-0.05000000000000426,-0.05000000000000426,56.05,56.1,56.05,56.1,1.0,80.0,2989.0,2263.0,False,False
006208,2022-10-26 13:20:24.029062,-0.0008912655971480277,-0.0008912655971480277,-0.05000000000000426,-0.05000000000000426,56.05,56.1,56.05,56.1,1.0,180.0,2989.0,2263.0,False,False
006208,2022-10-26 13:20:24.363378,-0.0008912655971480277,-0.0008912655971480277,-0.05000000000000426,-0.05000000000000426,56.05,56.1,56.05,56.1,1.0,180.0,2989.0,2263.0,False,False
006208,2022-10-26 13:20:24.363394,-0.0008912655971480277,-0.0008912655971480277,-0.05000000000000426,-0.05000000000000426,56.05,56.1,56.05,56.1,1.0,180.0,2989.0,2263.0,False,False
006208,2022-10-26 13:20:24.976423,-0.0008912655971480277,-0.0008912655971480277,-0.05000000000000426,-0.05000000000000426,56.05,56.1,56.05,56.1,1.0,180.0,2989.0,2263.0,False,False
006208,2022-10-26 13:20:25.012801,-0.0008912655971480277,-0.0008912655971480277,-0.05000000000000426,-0.05000000000000426,56.05,56.1,56.05,56.1,1.0,79.0,2989.0,2263.0,False,False
006208,2022-10-26 13:20:24.999673,-0.0008912655971480277,-0.0008912655971480277,-0.05000000000000426,-0.05000000000000426,56.05,56.1,56.05,56.1,1.0,80.0,2989.0,2263.0,False,False
006208,2022-10-26 13:20:25.177985,-0.0008912655971480277,-0.0008912655971480277,-0.05000000000000426,-0.05000000000000426,56.05,56.1,56.05,56.1,1.0,79.0,2989.0,2263.0,False,False
006208,2022-10-26 13:20:25.189837,-0.0008912655971480277,-0.0008912655971480277,-0.05000000000000426,-0.05000000000000426,56.05,56.1,56.05,56.1,1.0,79.0,2989.0,2263.0,False,False
006208,2022-10-26 13:20:25.825634,-0.0008912655971480277,-0.0008912655971480277,-0.05000000000000426,-0.05000000000000426,56.05,56.1,56.05,56.1,1.0,79.0,2989.0,2263.0,False,False
006208,2022-10-26 13:20:25.825690,-0.0008912655971480277,-0.0008912655971480277,-0.05000000000000426,-0.05000000000000426,56.05,56.1,56.05,56.1,1.0,79.0,2989.0,2263.0,False,False
006208,2022-10-26 13:20:26.001949,-0.0008912655971480277,-0.0008912655971480277,-0.05000000000000426,-0.05000000000000426,56.05,56.1,56.05,56.1,1.0,179.0,2989.0,2263.0,False,False
006208,2022-10-26 13:20:26.552611,-0.0008912655971480277,-0.0008912655971480277,-0.05000000000000426,-0.05000000000000426,56.05,56.1,56.05,56.1,1.0,179.0,2989.0,2263.0,False,False
006208,2022-10-26 13:20:26.552828,-0.0008912655971480277,-0.0008912655971480277,-0.05000000000000426,-0.05000000000000426,56.05,56.1,56.05,56.1,1.0,179.0,2989.0,2263.0,False,False
006208,2022-10-26 13:20:26.747418,-0.0008912655971480277,-0.0008912655971480277,-0.05000000000000426,-0.05000000000000426,56.05,56.1,56.05,56.1,1.0,179.0,2989.0,2263.0,False,False
006208,2022-10-26 13:20:26.839966,-0.0008912655971480277,-0.0008912655971480277,-0.05000000000000426,-0.05000000000000426,56.05,56.1,56.05,56.1,1.0,179.0,2989.0,2263.0,False,False
006208,2022-10-26 13:20:27.353166,-0.0008912655971480277,-0.0008912655971480277,-0.05000000000000426,-0.05000000000000426,56.05,56.1,56.05,56.1,1.0,179.0,2989.0,2263.0,False,False
006208,2022-10-26 13:20:27.372711,-0.0008912655971480277,-0.0008912655971480277,-0.05000000000000426,-0.05000000000000426,56.05,56.1,56.05,56.1,1.0,179.0,2989.0,2263.0,False,False
006208,2022-10-26 13:20:27.485896,-0.0008912655971480277,-0.0008912655971480277,-0.05000000000000426,-0.05000000000000426,56.05,56.1,56.05,56.1,1.0,179.0,2989.0,2263.0,False,False
006208,2022-10-26 13:20:28.645455,-0.0008912655971480277,-0.0008912655971480277,-0.05000000000000426,-0.05000000000000426,56.05,56.1,56.05,56.1,1.0,179.0,2989.0,2263.0,False,False
006208,2022-10-26 13:20:28.679288,-0.0008912655971480277,-0.0008912655971480277,-0.05000000000000426,-0.05000000000000426,56.05,56.1,56.05,56.1,1.0,79.0,2989.0,2263.0,False,False
006208,2022-10-26 13:20:28.711716,-0.0008912655971480277,-0.0008912655971480277,-0.05000000000000426,-0.05000000000000426,56.05,56.1,56.05,56.1,1.0,79.0,2989.0,2263.0,False,False
006208,2022-10-26 13:20:28.973301,-0.0008912655971480277,-0.0008912655971480277,-0.05000000000000426,-0.05000000000000426,56.05,56.1,56.05,56.1,1.0,79.0,2989.0,2263.0,False,False
006208,2022-10-26 13:20:28.973447,-0.0008912655971480277,-0.0008912655971480277,-0.05000000000000426,-0.05000000000000426,56.05,56.1,56.05,56.1,1.0,79.0,2989.0,2263.0,False,False
006208,2022-10-26 13:20:29.077297,-0.0008912655971480277,-0.0008912655971480277,-0.05000000000000426,-0.05000000000000426,56.05,56.1,56.05,56.1,1.0,79.0,2989.0,2263.0,False,False
006208,2022-10-26 13:20:29.077390,-0.0008912655971480277,-0.0008912655971480277,-0.05000000000000426,-0.05000000000000426,56.05,56.1,56.05,56.1,1.0,79.0,2989.0,2263.0,False,False
006208,2022-10-26 13:20:29.663266,-0.0008912655971480277,-0.0008912655971480277,-0.05000000000000426,-0.05000000000000426,56.05,56.1,56.05,56.1,1.0,79.0,2989.0,2263.0,False,False
006208,2022-10-26 13:20:29.663419,-0.0008912655971480277,-0.0008912655971480277,-0.05000000000000426,-0.05000000000000426,56.05,56.1,56.05,56.1,1.0,79.0,2989.0,2263.0,False,False
006208,2022-10-26 13:20:29.759518,-0.0008912655971480277,-0.0008912655971480277,-0.05000000000000426,-0.05000000000000426,56.05,56.1,56.05,56.1,1.0,79.0,2989.0,2263.0,False,False
006208,2022-10-26 13:20:29.856831,-0.0008912655971480277,-0.0008912655971480277,-0.05000000000000426,-0.05000000000000426,56.05,56.1,56.05,56.1,1.0,79.0,2989.0,2263.0,False,False
006208,2022-10-26 13:20:29.975063,-0.0008912655971480277,-0.0008912655971480277,-0.05000000000000426,-0.05000000000000426,56.05,56.1,56.05,56.1,1.0,79.0,2989.0,2263.0,False,False
006208,2022-10-26 13:20:30.099268,-0.0008912655971480277,-0.0008912655971480277,-0.05000000000000426,-0.05000000000000426,56.05,56.1,56.05,56.1,1.0,79.0,2989.0,2263.0,False,False
006208,2022-10-26 13:20:30.232473,-0.0008912655971480277,-0.0008912655971480277,-0.05000000000000426,-0.05000000000000426,56.05,56.1,56.05,56.1,1.0,79.0,2989.0,2263.0,False,False
006208,2022-10-26 13:20:31.202742,-0.0008912655971480277,-0.0008912655971480277,-0.05000000000000426,-0.05000000000000426,56.05,56.1,56.05,56.1,1.0,79.0,3033.0,2263.0,True,True
006208,2022-10-26 13:20:32.196538,-0.0008912655971480277,-0.0008912655971480277,-0.05000000000000426,-0.05000000000000426,56.05,56.1,56.05,56.1,1.0,79.0,3033.0,2263.0,False,False
006208,2022-10-26 13:20:32.669185,-0.0008912655971480277,-0.0008912655971480277,-0.05000000000000426,-0.05000000000000426,56.05,56.1,56.05,56.1,1.0,79.0,3033.0,2263.0,False,False
006208,2022-10-26 13:20:32.669986,-0.0008912655971480277,-0.0008912655971480277,-0.05000000000000426,-0.05000000000000426,56.05,56.1,56.05,56.1,1.0,79.0,3033.0,2263.0,False,False
006208,2022-10-26 13:20:35.002160,-0.0008912655971480277,-0.0008912655971480277,-0.05000000000000426,-0.05000000000000426,56.05,56.1,56.05,56.1,1.0,79.0,3033.0,2263.0,False,False
006208,2022-10-26 13:20:38.614405,-0.0008912655971480277,-0.0008912655971480277,-0.05000000000000426,-0.05000000000000426,56.05,56.1,56.05,56.1,1.0,79.0,3033.0,2263.0,False,False
006208,2022-10-26 13:20:38.614502,-0.0008912655971480277,-0.0008912655971480277,-0.05000000000000426,-0.05000000000000426,56.05,56.1,56.05,56.1,1.0,79.0,3033.0,2263.0,False,False
006208,2022-10-26 13:20:39.232834,-0.0008912655971480277,-0.0008912655971480277,-0.05000000000000426,-0.05000000000000426,56.05,56.1,56.05,56.1,1.0,77.0,3033.0,2263.0,False,False
006208,2022-10-26 13:20:40.229621,-0.0008912655971480277,-0.0008912655971480277,-0.05000000000000426,-0.05000000000000426,56.05,56.1,56.05,56.1,1.0,77.0,3033.0,2263.0,False,False
006208,2022-10-26 13:20:40.233173,-0.0008912655971480277,-0.0008912655971480277,-0.05000000000000426,-0.05000000000000426,56.05,56.1,56.05,56.1,1.0,77.0,3033.0,2263.0,False,False
006208,2022-10-26 13:20:40.365727,-0.0008912655971480277,-0.0008912655971480277,-0.05000000000000426,-0.05000000000000426,56.05,56.1,56.05,56.1,1.0,77.0,3033.0,2263.0,False,False
006208,2022-10-26 13:20:41.254320,-0.0008912655971480277,-0.0008912655971480277,-0.05000000000000426,-0.05000000000000426,56.05,56.1,56.05,56.1,1.0,77.0,3033.0,2243.0,True,True
006208,2022-10-26 13:20:42.946656,-0.0008912655971480277,-0.0008912655971480277,-0.05000000000000426,-0.05000000000000426,56.05,56.1,56.05,56.1,1.0,77.0,3033.0,2243.0,False,False
006208,2022-10-26 13:20:43.020657,-0.0008912655971480277,-0.0008912655971480277,-0.05000000000000426,-0.05000000000000426,56.05,56.1,56.05,56.1,1.0,77.0,3033.0,2243.0,False,False
006208,2022-10-26 13:20:44.982366,-0.0008912655971480277,-0.0008912655971480277,-0.05000000000000426,-0.05000000000000426,56.05,56.1,56.05,56.1,1.0,77.0,3033.0,2243.0,False,False
006208,2022-10-26 13:20:44.982525,-0.0008912655971480277,-0.0008912655971480277,-0.05000000000000426,-0.05000000000000426,56.05,56.1,56.05,56.1,1.0,77.0,3033.0,2243.0,False,False
006208,2022-10-26 13:20:48.205825,-0.0008912655971480277,-0.0008912655971480277,-0.05000000000000426,-0.05000000000000426,56.05,56.1,56.05,56.1,1.0,77.0,3033.0,2243.0,False,False
006208,2022-10-26 13:20:48.205922,-0.0008912655971480277,-0.0008912655971480277,-0.05000000000000426,-0.05000000000000426,56.05,56.1,56.05,56.1,1.0,77.0,3033.0,2243.0,False,False
006208,2022-10-26 13:20:50.219747,-0.0008912655971480277,-0.0008912655971480277,-0.05000000000000426,-0.05000000000000426,56.05,56.1,56.05,56.1,1.0,77.0,3033.0,2243.0,False,False
006208,2022-10-26 13:20:50.356311,-0.0008912655971480277,-0.0008912655971480277,-0.05000000000000426,-0.05000000000000426,56.05,56.1,56.05,56.1,1.0,77.0,3033.0,2243.0,False,False
006208,2022-10-26 13:20:50.370352,-0.0008912655971480277,-0.0008912655971480277,-0.05000000000000426,-0.05000000000000426,56.05,56.1,56.05,56.1,1.0,77.0,3033.0,2243.0,False,False
006208,2022-10-26 13:20:50.503223,-0.0008912655971480277,-0.0008912655971480277,-0.05000000000000426,-0.05000000000000426,56.05,56.1,56.05,56.1,1.0,77.0,3033.0,2243.0,False,False
006208,2022-10-26 13:20:51.304779,-0.0008912655971480277,-0.0008912655971480277,-0.05000000000000426,-0.05000000000000426,56.05,56.1,56.05,56.1,1.0,77.0,3083.0,2243.0,True,True
006208,2022-10-26 13:20:51.669527,-0.0008912655971480277,-0.0008912655971480277,-0.05000000000000426,-0.05000000000000426,56.05,56.1,56.05,56.1,1.0,77.0,3083.0,2243.0,False,False
006208,2022-10-26 13:20:51.669788,-0.0008912655971480277,-0.0008912655971480277,-0.05000000000000426,-0.05000000000000426,56.05,56.1,56.05,56.1,1.0,77.0,3083.0,2243.0,False,False
006208,2022-10-26 13:20:53.091486,-0.0008912655971480277,-0.0008912655971480277,-0.05000000000000426,-0.05000000000000426,56.05,56.1,56.05,56.1,1.0,77.0,3083.0,2243.0,False,False
006208,2022-10-26 13:20:59.179082,-0.0008912655971480277,-0.0008912655971480277,-0.05000000000000426,-0.05000000000000426,56.05,56.1,56.05,56.1,1.0,77.0,3083.0,2243.0,False,False
006208,2022-10-26 13:20:59.179308,-0.0008912655971480277,-0.0008912655971480277,-0.05000000000000426,-0.05000000000000426,56.05,56.1,56.05,56.1,1.0,77.0,3083.0,2243.0,False,False
006208,2022-10-26 13:21:00.015489,-0.0008912655971480277,-0.0008912655971480277,-0.05000000000000426,-0.05000000000000426,56.05,56.1,56.05,56.1,1.0,77.0,3083.0,2243.0,False,False
006208,2022-10-26 13:21:00.403580,-0.0008912655971480277,-0.0008912655971480277,-0.05000000000000426,-0.05000000000000426,56.05,56.1,56.05,56.1,1.0,77.0,3083.0,2243.0,False,False
006208,2022-10-26 13:21:00.403705,-0.0008912655971480277,-0.0008912655971480277,-0.05000000000000426,-0.05000000000000426,56.05,56.1,56.05,56.1,1.0,77.0,3083.0,2243.0,False,False
006208,2022-10-26 13:21:00.496485,-0.0008912655971480277,-0.0008912655971480277,-0.05000000000000426,-0.05000000000000426,56.05,56.1,56.05,56.1,1.0,77.0,3083.0,2243.0,False,False
006208,2022-10-26 13:21:00.631187,-0.0008912655971480277,-0.0008912655971480277,-0.05000000000000426,-0.05000000000000426,56.05,56.1,56.05,56.1,1.0,77.0,3083.0,2243.0,False,False
006208,2022-10-26 13:21:00.792100,-0.0008912655971480277,-0.0008912655971480277,-0.05000000000000426,-0.05000000000000426,56.05,56.1,56.05,56.1,1.0,77.0,3083.0,2243.0,False,False
006208,2022-10-26 13:21:01.345827,-0.0008912655971480277,-0.0008912655971480277,-0.05000000000000426,-0.05000000000000426,56.05,56.1,56.05,56.1,1.0,77.0,3083.0,2245.0,True,True
006208,2022-10-26 13:21:01.452068,-0.0008912655971480277,-0.0008912655971480277,-0.05000000000000426,-0.05000000000000426,56.05,56.1,56.05,56.1,1.0,77.0,3083.0,2245.0,False,False
006208,2022-10-26 13:21:01.463990,-0.0008912655971480277,-0.0008912655971480277,-0.05000000000000426,-0.05000000000000426,56.05,56.1,56.05,56.1,1.0,77.0,3083.0,2245.0,False,False
006208,2022-10-26 13:21:01.792109,-0.0008912655971480277,-0.0008912655971480277,-0.05000000000000426,-0.05000000000000426,56.05,56.1,56.05,56.1,1.0,77.0,3083.0,2245.0,False,False
006208,2022-10-26 13:21:01.792189,-0.0008912655971480277,-0.0008912655971480277,-0.05000000000000426,-0.05000000000000426,56.05,56.1,56.05,56.1,1.0,77.0,3083.0,2245.0,False,False
006208,2022-10-26 13:21:02.525189,-0.0008912655971480277,-0.0008912655971480277,-0.05000000000000426,-0.05000000000000426,56.05,56.1,56.05,56.1,1.0,77.0,3083.0,2245.0,False,False
006208,2022-10-26 13:21:02.525252,-0.0008912655971480277,-0.0008912655971480277,-0.05000000000000426,-0.05000000000000426,56.05,56.1,56.05,56.1,1.0,77.0,3083.0,2245.0,False,False
006208,2022-10-26 13:21:05.076146,-0.0008912655971480277,-0.0008912655971480277,-0.05000000000000426,-0.05000000000000426,56.05,56.1,56.05,56.1,1.0,77.0,3083.0,2245.0,False,False
006208,2022-10-26 13:21:05.092486,-0.0008912655971480277,-0.0008912655971480277,-0.05000000000000426,-0.05000000000000426,56.05,56.1,56.05,56.1,1.0,77.0,3083.0,2245.0,False,False
006208,2022-10-26 13:21:05.583270,-0.0008912655971480277,-0.0008912655971480277,-0.05000000000000426,-0.05000000000000426,56.05,56.1,56.05,56.1,1.0,77.0,3083.0,2245.0,False,False
006208,2022-10-26 13:21:05.599487,-0.0008912655971480277,-0.0008912655971480277,-0.05000000000000426,-0.05000000000000426,56.05,56.1,56.05,56.1,1.0,77.0,3083.0,2245.0,False,False
006208,2022-10-26 13:21:07.050108,-0.0008912655971480277,-0.0008912655971480277,-0.05000000000000426,-0.05000000000000426,56.05,56.1,56.05,56.1,1.0,76.0,3083.0,2245.0,False,False
006208,2022-10-26 13:21:09.451339,-0.0008912655971480277,-0.0008912655971480277,-0.05000000000000426,-0.05000000000000426,56.05,56.1,56.05,56.1,1.0,76.0,3083.0,2245.0,False,False
006208,2022-10-26 13:21:09.515752,-0.0008912655971480277,-0.0008912655971480277,-0.05000000000000426,-0.05000000000000426,56.05,56.1,56.05,56.1,1.0,76.0,3083.0,2245.0,False,False
006208,2022-10-26 13:21:09.621685,-0.0008912655971480277,-0.0008912655971480277,-0.05000000000000426,-0.05000000000000426,56.05,56.1,56.05,56.1,1.0,76.0,3083.0,2245.0,False,False
006208,2022-10-26 13:21:09.986401,-0.0008912655971480277,-0.0008912655971480277,-0.05000000000000426,-0.05000000000000426,56.05,56.1,56.05,56.1,1.0,76.0,3083.0,2245.0,False,False
006208,2022-10-26 13:21:10.014871,-0.0008912655971480277,-0.0008912655971480277,-0.05000000000000426,-0.05000000000000426,56.05,56.1,56.05,56.1,1.0,76.0,3083.0,2245.0,False,False
006208,2022-10-26 13:21:10.619364,-0.0008912655971480277,-0.0008912655971480277,-0.05000000000000426,-0.05000000000000426,56.05,56.1,56.05,56.1,1.0,76.0,3083.0,2245.0,False,False
006208,2022-10-26 13:21:10.623425,-0.0008912655971480277,-0.0008912655971480277,-0.05000000000000426,-0.05000000000000426,56.05,56.1,56.05,56.1,1.0,76.0,3083.0,2245.0,False,False
006208,2022-10-26 13:21:10.754105,-0.0008912655971480277,-0.0008912655971480277,-0.05000000000000426,-0.05000000000000426,56.05,56.1,56.05,56.1,1.0,76.0,3083.0,2245.0,False,False
006208,2022-10-26 13:21:11.394162,-0.0008912655971480277,-0.0008912655971480277,-0.05000000000000426,-0.05000000000000426,56.05,56.1,56.05,56.1,1.0,76.0,3083.0,2235.0,True,True
006208,2022-10-26 13:21:20.749888,-0.0008912655971480277,-0.0008912655971480277,-0.05000000000000426,-0.05000000000000426,56.05,56.1,56.05,56.1,1.0,76.0,3083.0,2235.0,False,False
006208,2022-10-26 13:21:20.825103,-0.0008912655971480277,-0.0008912655971480277,-0.05000000000000426,-0.05000000000000426,56.05,56.1,56.05,56.1,1.0,76.0,3083.0,2235.0,False,False
006208,2022-10-26 13:21:20.885680,-0.0008912655971480277,-0.0008912655971480277,-0.05000000000000426,-0.05000000000000426,56.05,56.1,56.05,56.1,1.0,76.0,3083.0,2235.0,False,False
006208,2022-10-26 13:21:23.488695,-0.0008912655971480277,-0.0008912655971480277,-0.05000000000000426,-0.05000000000000426,56.05,56.1,56.05,56.1,1.0,76.0,3083.0,2235.0,False,False
006208,2022-10-26 13:21:23.497085,-0.0008912655971480277,-0.0008912655971480277,-0.05000000000000426,-0.05000000000000426,56.05,56.1,56.05,56.1,1.0,78.0,3083.0,2235.0,False,False
006208,2022-10-26 13:21:27.349760,-0.0008912655971480277,-0.0008912655971480277,-0.05000000000000426,-0.05000000000000426,56.05,56.1,56.05,56.1,1.0,78.0,3083.0,2235.0,False,False
006208,2022-10-26 13:21:27.349826,-0.0008912655971480277,-0.0008912655971480277,-0.05000000000000426,-0.05000000000000426,56.05,56.1,56.05,56.1,1.0,78.0,3083.0,2235.0,False,False
006208,2022-10-26 13:21:27.550210,-0.0008912655971480277,-0.0008912655971480277,-0.05000000000000426,-0.05000000000000426,56.05,56.1,56.05,56.1,1.0,78.0,3083.0,2235.0,False,False
006208,2022-10-26 13:21:29.261757,-0.0008912655971480277,-0.0008912655971480277,-0.05000000000000426,-0.05000000000000426,56.05,56.1,56.05,56.1,1.0,78.0,3083.0,2235.0,False,False
006208,2022-10-26 13:21:29.267656,-0.0008912655971480277,-0.0008912655971480277,-0.05000000000000426,-0.05000000000000426,56.05,56.1,56.05,56.1,1.0,78.0,3083.0,2235.0,False,False
006208,2022-10-26 13:21:30.008272,-0.0008912655971480277,-0.0008912655971480277,-0.05000000000000426,-0.05000000000000426,56.05,56.1,56.05,56.1,1.0,78.0,3083.0,2235.0,False,False
006208,2022-10-26 13:21:30.008417,-0.0008912655971480277,-0.0008912655971480277,-0.05000000000000426,-0.05000000000000426,56.05,56.1,56.05,56.1,1.0,78.0,3083.0,2235.0,False,False
006208,2022-10-26 13:21:30.160119,-0.0008912655971480277,-0.0008912655971480277,-0.05000000000000426,-0.05000000000000426,56.05,56.1,56.05,56.1,1.0,78.0,3083.0,2235.0,False,False
006208,2022-10-26 13:21:30.310453,-0.0008912655971480277,-0.0008912655971480277,-0.05000000000000426,-0.05000000000000426,56.05,56.1,56.05,56.1,1.0,78.0,3083.0,2235.0,False,False
006208,2022-10-26 13:21:30.878940,-0.0008912655971480277,-0.0008912655971480277,-0.05000000000000426,-0.05000000000000426,56.05,56.1,56.05,56.1,1.0,78.0,3083.0,2235.0,False,False
006208,2022-10-26 13:21:30.887307,-0.0008912655971480277,-0.0008912655971480277,-0.05000000000000426,-0.05000000000000426,56.05,56.1,56.05,56.1,1.0,78.0,3083.0,2235.0,False,False
006208,2022-10-26 13:21:31.020936,-0.0008912655971480277,-0.0008912655971480277,-0.05000000000000426,-0.05000000000000426,56.05,56.1,56.05,56.1,1.0,78.0,3083.0,2235.0,False,False
006208,2022-10-26 13:21:31.476089,-0.0008912655971480277,-0.0008912655971480277,-0.05000000000000426,-0.05000000000000426,56.05,56.1,56.05,56.1,1.0,78.0,3142.0,2210.0,True,True
006208,2022-10-26 13:21:31.914618,-0.0008912655971480277,-0.0008912655971480277,-0.05000000000000426,-0.05000000000000426,56.05,56.1,56.05,56.1,1.0,78.0,3142.0,2210.0,False,False
006208,2022-10-26 13:21:32.313462,-0.0008912655971480277,-0.0008912655971480277,-0.05000000000000426,-0.05000000000000426,56.05,56.1,56.05,56.1,1.0,77.0,3142.0,2210.0,False,False
006208,2022-10-26 13:21:38.559218,-0.0008912655971480277,-0.0008912655971480277,-0.05000000000000426,-0.05000000000000426,56.05,56.1,56.05,56.1,1.0,79.0,3142.0,2210.0,False,False
006208,2022-10-26 13:21:41.014379,-0.0008912655971480277,-0.0008912655971480277,-0.05000000000000426,-0.05000000000000426,56.05,56.1,56.05,56.1,1.0,79.0,3142.0,2210.0,False,False
006208,2022-10-26 13:21:41.017991,-0.0008912655971480277,-0.0008912655971480277,-0.05000000000000426,-0.05000000000000426,56.05,56.1,56.05,56.1,1.0,79.0,3142.0,2210.0,False,False
006208,2022-10-26 13:21:41.142752,-0.0008912655971480277,-0.0008912655971480277,-0.05000000000000426,-0.05000000000000426,56.05,56.1,56.05,56.1,1.0,79.0,3142.0,2210.0,False,False
006208,2022-10-26 13:21:41.514339,-0.0008912655971480277,-0.0008912655971480277,-0.05000000000000426,-0.05000000000000426,56.05,56.1,56.05,56.1,1.0,79.0,3142.0,2040.0,True,True
006208,2022-10-26 13:21:41.975676,-0.0008912655971480277,-0.0008912655971480277,-0.05000000000000426,-0.05000000000000426,56.05,56.1,56.05,56.1,1.0,79.0,3142.0,2040.0,False,False
006208,2022-10-26 13:21:41.975771,-0.0008912655971480277,-0.0008912655971480277,-0.05000000000000426,-0.05000000000000426,56.05,56.1,56.05,56.1,1.0,79.0,3142.0,2040.0,False,False
006208,2022-10-26 13:21:42.357960,-0.0008912655971480277,-0.0008912655971480277,-0.05000000000000426,-0.05000000000000426,56.05,56.1,56.05,56.1,1.0,79.0,3142.0,2040.0,False,False
006208,2022-10-26 13:21:42.363049,-0.0008912655971480277,-0.0008912655971480277,-0.05000000000000426,-0.05000000000000426,56.05,56.1,56.05,56.1,1.0,79.0,3142.0,2040.0,False,False
006208,2022-10-26 13:21:42.620492,-0.0008912655971480277,-0.0008912655971480277,-0.05000000000000426,-0.05000000000000426,56.05,56.1,56.05,56.1,1.0,79.0,3142.0,2040.0,False,False
006208,2022-10-26 13:21:42.625455,-0.0008912655971480277,-0.0008912655971480277,-0.05000000000000426,-0.05000000000000426,56.05,56.1,56.05,56.1,1.0,79.0,3142.0,2040.0,False,False
006208,2022-10-26 13:21:42.836182,-0.0008912655971480277,-0.0008912655971480277,-0.05000000000000426,-0.05000000000000426,56.05,56.1,56.05,56.1,1.0,79.0,3142.0,2040.0,False,False
006208,2022-10-26 13:21:44.167520,-0.0008912655971480277,-0.0008912655971480277,-0.05000000000000426,-0.05000000000000426,56.05,56.1,56.05,56.1,1.0,79.0,3142.0,2040.0,False,False
006208,2022-10-26 13:21:44.167645,-0.0008912655971480277,-0.0008912655971480277,-0.05000000000000426,-0.05000000000000426,56.05,56.1,56.05,56.1,1.0,79.0,3142.0,2040.0,False,False
006208,2022-10-26 13:21:44.981204,-0.0008912655971480277,-0.0008912655971480277,-0.05000000000000426,-0.05000000000000426,56.05,56.1,56.05,56.1,1.0,79.0,3142.0,2040.0,False,False
006208,2022-10-26 13:21:44.996358,-0.0008912655971480277,-0.0008912655971480277,-0.05000000000000426,-0.05000000000000426,56.05,56.1,56.05,56.1,1.0,79.0,3142.0,2040.0,False,False
006208,2022-10-26 13:21:45.748406,-0.0008912655971480277,-0.0008912655971480277,-0.05000000000000426,-0.05000000000000426,56.05,56.1,56.05,56.1,1.0,79.0,3142.0,2040.0,False,False
006208,2022-10-26 13:21:45.787516,-0.0008912655971480277,-0.0008912655971480277,-0.05000000000000426,-0.05000000000000426,56.05,56.1,56.05,56.1,1.0,79.0,3142.0,2040.0,False,False
006208,2022-10-26 13:21:46.880063,-0.0008912655971480277,-0.0008912655971480277,-0.05000000000000426,-0.05000000000000426,56.05,56.1,56.05,56.1,1.0,79.0,3142.0,2040.0,False,False
006208,2022-10-26 13:21:46.880224,-0.0008912655971480277,-0.0008912655971480277,-0.05000000000000426,-0.05000000000000426,56.05,56.1,56.05,56.1,1.0,79.0,3142.0,2040.0,False,False
006208,2022-10-26 13:21:47.383714,-0.0008912655971480277,-0.0008912655971480277,-0.05000000000000426,-0.05000000000000426,56.05,56.1,56.05,56.1,1.0,79.0,3142.0,2040.0,False,False
006208,2022-10-26 13:21:47.383748,-0.0008912655971480277,-0.0008912655971480277,-0.05000000000000426,-0.05000000000000426,56.05,56.1,56.05,56.1,1.0,79.0,3142.0,2040.0,False,False
006208,2022-10-26 13:21:48.249179,-0.0008912655971480277,-0.0008912655971480277,-0.05000000000000426,-0.05000000000000426,56.05,56.1,56.05,56.1,1.0,79.0,3142.0,2040.0,False,False
006208,2022-10-26 13:21:48.249203,-0.0008912655971480277,-0.0008912655971480277,-0.05000000000000426,-0.05000000000000426,56.05,56.1,56.05,56.1,1.0,79.0,3142.0,2040.0,False,False
006208,2022-10-26 13:21:50.050465,-0.0008912655971480277,-0.0008912655971480277,-0.05000000000000426,-0.05000000000000426,56.05,56.1,56.05,56.1,1.0,79.0,3142.0,2040.0,False,False
006208,2022-10-26 13:21:51.134760,-0.0008912655971480277,-0.0008912655971480277,-0.05000000000000426,-0.05000000000000426,56.05,56.1,56.05,56.1,1.0,79.0,3142.0,2040.0,False,False
006208,2022-10-26 13:21:51.139560,-0.0008912655971480277,-0.0008912655971480277,-0.05000000000000426,-0.05000000000000426,56.05,56.1,56.05,56.1,1.0,79.0,3142.0,2040.0,False,False
006208,2022-10-26 13:21:51.261209,-0.0008912655971480277,-0.0008912655971480277,-0.05000000000000426,-0.05000000000000426,56.05,56.1,56.05,56.1,1.0,79.0,3142.0,2040.0,False,False
006208,2022-10-26 13:21:51.269205,-0.0008912655971480277,-0.0008912655971480277,-0.05000000000000426,-0.05000000000000426,56.05,56.1,56.05,56.1,1.0,79.0,3142.0,2040.0,False,False
006208,2022-10-26 13:21:51.567918,-0.0008912655971480277,-0.0008912655971480277,-0.05000000000000426,-0.05000000000000426,56.05,56.1,56.05,56.1,1.0,79.0,3098.0,2030.0,True,True
006208,2022-10-26 13:21:54.524745,-0.0008912655971480277,-0.0008912655971480277,-0.05000000000000426,-0.05000000000000426,56.05,56.1,56.05,56.1,1.0,80.0,3098.0,2030.0,False,False
006208,2022-10-26 13:21:56.004336,-0.0008912655971480277,-0.0008912655971480277,-0.05000000000000426,-0.05000000000000426,56.05,56.1,56.05,56.1,1.0,80.0,3098.0,2030.0,False,False
006208,2022-10-26 13:21:56.009645,-0.0008912655971480277,-0.0008912655971480277,-0.05000000000000426,-0.05000000000000426,56.05,56.1,56.05,56.1,1.0,80.0,3098.0,2030.0,False,False
006208,2022-10-26 13:21:59.935092,-0.0008912655971480277,-0.0008912655971480277,-0.05000000000000426,-0.05000000000000426,56.05,56.1,56.05,56.1,1.0,80.0,3098.0,2030.0,False,False
006208,2022-10-26 13:21:59.935258,-0.0008912655971480277,-0.0008912655971480277,-0.05000000000000426,-0.05000000000000426,56.05,56.1,56.05,56.1,1.0,80.0,3098.0,2030.0,False,False
006208,2022-10-26 13:22:00.034518,-0.0008912655971480277,-0.0008912655971480277,-0.05000000000000426,-0.05000000000000426,56.05,56.1,56.05,56.1,1.0,80.0,3098.0,2030.0,False,False
006208,2022-10-26 13:22:00.127773,-0.0008912655971480277,-0.0008912655971480277,-0.05000000000000426,-0.05000000000000426,56.05,56.1,56.05,56.1,1.0,79.0,3098.0,2030.0,False,False
006208,2022-10-26 13:22:00.637585,-0.0008912655971480277,-0.0008912655971480277,-0.05000000000000426,-0.05000000000000426,56.05,56.1,56.05,56.1,1.0,79.0,3098.0,2030.0,False,False
006208,2022-10-26 13:22:00.637602,-0.0008912655971480277,-0.0008912655971480277,-0.05000000000000426,-0.05000000000000426,56.05,56.1,56.05,56.1,1.0,79.0,3098.0,2030.0,False,False
006208,2022-10-26 13:22:01.262182,-0.0008912655971480277,-0.0008912655971480277,-0.05000000000000426,-0.05000000000000426,56.05,56.1,56.05,56.1,1.0,79.0,3098.0,2030.0,False,False
006208,2022-10-26 13:22:01.265575,-0.0008912655971480277,-0.0008912655971480277,-0.05000000000000426,-0.05000000000000426,56.05,56.1,56.05,56.1,1.0,79.0,3098.0,2030.0,False,False
006208,2022-10-26 13:22:01.404588,-0.0008912655971480277,-0.0008912655971480277,-0.05000000000000426,-0.05000000000000426,56.05,56.1,56.05,56.1,1.0,79.0,3098.0,2030.0,False,False
006208,2022-10-26 13:22:01.667064,-0.0008912655971480277,-0.0008912655971480277,-0.05000000000000426,-0.05000000000000426,56.05,56.1,56.05,56.1,1.0,79.0,3098.0,2030.0,False,False
006208,2022-10-26 13:22:01.667274,-0.0008912655971480277,-0.0008912655971480277,-0.05000000000000426,-0.05000000000000426,56.05,56.1,56.05,56.1,1.0,79.0,3098.0,2030.0,False,False
006208,2022-10-26 13:22:02.120000,-0.0008912655971480277,-0.0008912655971480277,-0.05000000000000426,-0.05000000000000426,56.05,56.1,56.05,56.1,1.0,79.0,3098.0,2030.0,False,False
006208,2022-10-26 13:22:02.120110,-0.0008912655971480277,-0.0008912655971480277,-0.05000000000000426,-0.05000000000000426,56.05,56.1,56.05,56.1,1.0,79.0,3098.0,2030.0,False,False
006208,2022-10-26 13:22:05.031051,-0.0008912655971480277,-0.0008912655971480277,-0.05000000000000426,-0.05000000000000426,56.05,56.1,56.05,56.1,1.0,79.0,3098.0,2030.0,False,False
006208,2022-10-26 13:22:06.089063,-0.0008912655971480277,-0.0008912655971480277,-0.05000000000000426,-0.05000000000000426,56.05,56.1,56.05,56.1,1.0,79.0,3098.0,2030.0,False,False
006208,2022-10-26 13:22:06.094413,-0.0008912655971480277,-0.0008912655971480277,-0.05000000000000426,-0.05000000000000426,56.05,56.1,56.05,56.1,1.0,79.0,3098.0,2030.0,False,False
006208,2022-10-26 13:22:06.182798,-0.0008912655971480277,-0.0008912655971480277,-0.05000000000000426,-0.05000000000000426,56.05,56.1,56.05,56.1,1.0,5.0,3098.0,2030.0,False,False
006208,2022-10-26 13:22:09.529818,-0.0008912655971480277,-0.0008912655971480277,-0.05000000000000426,-0.05000000000000426,56.05,56.1,56.05,56.1,1.0,5.0,3098.0,2030.0,False,False
006208,2022-10-26 13:22:09.542329,-0.0008912655971480277,-0.0008912655971480277,-0.05000000000000426,-0.05000000000000426,56.05,56.1,56.05,56.1,1.0,5.0,3098.0,2030.0,False,False
006208,2022-10-26 13:22:10.845029,-0.0008912655971480277,-0.0008912655971480277,-0.05000000000000426,-0.05000000000000426,56.05,56.1,56.05,56.1,1.0,5.0,3142.0,2030.0,False,True
006208,2022-10-26 13:22:11.391415,-0.0008912655971480277,-0.0008912655971480277,-0.05000000000000426,-0.05000000000000426,56.05,56.1,56.05,56.1,1.0,5.0,3142.0,2030.0,False,False
006208,2022-10-26 13:22:11.402997,-0.0008912655971480277,-0.0008912655971480277,-0.05000000000000426,-0.05000000000000426,56.05,56.1,56.05,56.1,1.0,5.0,3142.0,2030.0,False,False
006208,2022-10-26 13:22:11.525588,-0.0008912655971480277,-0.0008912655971480277,-0.05000000000000426,-0.05000000000000426,56.05,56.1,56.05,56.1,1.0,5.0,3142.0,2030.0,False,False
006208,2022-10-26 13:22:11.719834,-0.0008912655971480277,-0.0008912655971480277,-0.05000000000000426,-0.05000000000000426,56.05,56.1,56.05,56.1,1.0,5.0,3142.0,2030.0,False,False
006208,2022-10-26 13:22:14.842749,-0.0008912655971480277,-0.0008912655971480277,-0.05000000000000426,-0.05000000000000426,56.05,56.1,56.05,56.1,1.0,5.0,3142.0,2030.0,False,False
006208,2022-10-26 13:22:14.852440,-0.0008912655971480277,-0.0008912655971480277,-0.05000000000000426,-0.05000000000000426,56.05,56.1,56.05,56.1,1.0,5.0,3142.0,2030.0,False,False
006208,2022-10-26 13:22:17.874680,-0.0008912655971480277,-0.0008912655971480277,-0.05000000000000426,-0.05000000000000426,56.05,56.1,56.05,56.1,1.0,5.0,3142.0,2030.0,False,False
006208,2022-10-26 13:22:17.874831,-0.0008912655971480277,-0.0008912655971480277,-0.05000000000000426,-0.05000000000000426,56.05,56.1,56.05,56.1,1.0,5.0,3142.0,2030.0,False,False
006208,2022-10-26 13:22:18.698703,-0.0008912655971480277,-0.0008912655971480277,-0.05000000000000426,-0.05000000000000426,56.05,56.1,56.05,56.1,1.0,5.0,3142.0,2030.0,False,False
006208,2022-10-26 13:22:19.381607,-0.0008912655971480277,-0.0008912655971480277,-0.05000000000000426,-0.05000000000000426,56.05,56.1,56.05,56.1,1.0,5.0,3142.0,2030.0,False,False
006208,2022-10-26 13:22:19.477136,-0.0008912655971480277,-0.0008912655971480277,-0.05000000000000426,-0.05000000000000426,56.05,56.1,56.05,56.1,1.0,80.0,3142.0,2030.0,False,False
006208,2022-10-26 13:22:20.014628,-0.0008912655971480277,-0.0008912655971480277,-0.05000000000000426,-0.05000000000000426,56.05,56.1,56.05,56.1,1.0,80.0,3142.0,2030.0,False,False
006208,2022-10-26 13:22:20.014812,-0.0008912655971480277,-0.0008912655971480277,-0.05000000000000426,-0.05000000000000426,56.05,56.1,56.05,56.1,1.0,80.0,3142.0,2030.0,False,False
006208,2022-10-26 13:22:20.215404,-0.0008912655971480277,-0.0008912655971480277,-0.05000000000000426,-0.05000000000000426,56.05,56.1,56.05,56.1,1.0,80.0,3142.0,2030.0,False,False
006208,2022-10-26 13:22:20.569333,-0.0008912655971480277,-0.0008912655971480277,-0.05000000000000426,-0.05000000000000426,56.05,56.1,56.05,56.1,1.0,80.0,3142.0,2030.0,False,False
006208,2022-10-26 13:22:20.884136,-0.0008912655971480277,-0.0008912655971480277,-0.05000000000000426,-0.05000000000000426,56.05,56.1,56.05,56.1,1.0,80.0,3083.0,2030.0,True,True
006208,2022-10-26 13:22:21.517386,-0.0008912655971480277,-0.0008912655971480277,-0.05000000000000426,-0.05000000000000426,56.05,56.1,56.05,56.1,1.0,80.0,3083.0,2030.0,False,False
006208,2022-10-26 13:22:21.585815,-0.0008912655971480277,-0.0008912655971480277,-0.05000000000000426,-0.05000000000000426,56.05,56.1,56.05,56.1,1.0,80.0,3083.0,2030.0,False,False
006208,2022-10-26 13:22:21.661948,-0.0008912655971480277,-0.0008912655971480277,-0.05000000000000426,-0.05000000000000426,56.05,56.1,56.05,56.1,1.0,80.0,3083.0,2030.0,False,False
006208,2022-10-26 13:22:30.927466,-0.0008912655971480277,-0.0008912655971480277,-0.05000000000000426,-0.05000000000000426,56.05,56.1,56.05,56.1,1.0,80.0,3083.0,994.0,True,True
006208,2022-10-26 13:22:31.035063,-0.0008912655971480277,-0.0008912655971480277,-0.05000000000000426,-0.05000000000000426,56.05,56.1,56.05,56.1,1.0,80.0,3083.0,994.0,False,False
006208,2022-10-26 13:22:31.643327,-0.0008912655971480277,-0.0008912655971480277,-0.05000000000000426,-0.05000000000000426,56.05,56.1,56.05,56.1,1.0,80.0,3083.0,994.0,False,False
006208,2022-10-26 13:22:31.721526,-0.0008912655971480277,-0.0008912655971480277,-0.05000000000000426,-0.05000000000000426,56.05,56.1,56.05,56.1,1.0,80.0,3083.0,994.0,False,False
006208,2022-10-26 13:22:31.816898,-0.0008912655971480277,-0.0008912655971480277,-0.05000000000000426,-0.05000000000000426,56.05,56.1,56.05,56.1,1.0,80.0,3083.0,994.0,False,False
006208,2022-10-26 13:22:31.986133,-0.0008912655971480277,-0.0008912655971480277,-0.05000000000000426,-0.05000000000000426,56.05,56.1,56.05,56.1,1.0,80.0,3083.0,994.0,False,False
006208,2022-10-26 13:22:32.036537,-0.0008912655971480277,-0.0008912655971480277,-0.05000000000000426,-0.05000000000000426,56.05,56.1,56.05,56.1,1.0,80.0,3083.0,994.0,False,False
006208,2022-10-26 13:22:33.758376,-0.0008912655971480277,-0.0008912655971480277,-0.05000000000000426,-0.05000000000000426,56.05,56.1,56.05,56.1,1.0,80.0,3083.0,994.0,False,False
006208,2022-10-26 13:22:33.758546,-0.0008912655971480277,-0.0008912655971480277,-0.05000000000000426,-0.05000000000000426,56.05,56.1,56.05,56.1,1.0,80.0,3083.0,994.0,False,False
006208,2022-10-26 13:22:35.024903,-0.0008912655971480277,-0.0008912655971480277,-0.05000000000000426,-0.05000000000000426,56.05,56.1,56.05,56.1,1.0,80.0,3083.0,994.0,False,False
006208,2022-10-26 13:22:35.025236,-0.0008912655971480277,-0.0008912655971480277,-0.05000000000000426,-0.05000000000000426,56.05,56.1,56.05,56.1,1.0,80.0,3083.0,994.0,False,False
006208,2022-10-26 13:22:40.984965,-0.0008912655971480277,-0.0008912655971480277,-0.05000000000000426,-0.05000000000000426,56.05,56.1,56.05,56.1,1.0,80.0,3124.0,985.0,True,True
006208,2022-10-26 13:22:41.773147,-0.0008912655971480277,-0.0008912655971480277,-0.05000000000000426,-0.05000000000000426,56.05,56.1,56.05,56.1,1.0,80.0,3124.0,985.0,False,False
006208,2022-10-26 13:22:41.776431,-0.0008912655971480277,-0.0008912655971480277,-0.05000000000000426,-0.05000000000000426,56.05,56.1,56.05,56.1,1.0,80.0,3124.0,985.0,False,False
006208,2022-10-26 13:22:41.904172,-0.0008912655971480277,-0.0008912655971480277,-0.05000000000000426,-0.05000000000000426,56.05,56.1,56.05,56.1,1.0,80.0,3124.0,985.0,False,False
006208,2022-10-26 13:22:41.908995,-0.0008912655971480277,-0.0008912655971480277,-0.05000000000000426,-0.05000000000000426,56.05,56.1,56.05,56.1,1.0,80.0,3124.0,985.0,False,False
006208,2022-10-26 13:22:43.150268,-0.0008912655971480277,-0.0008912655971480277,-0.05000000000000426,-0.05000000000000426,56.05,56.1,56.05,56.1,1.0,80.0,3124.0,985.0,False,False
006208,2022-10-26 13:22:43.182944,-0.0008912655971480277,-0.0008912655971480277,-0.05000000000000426,-0.05000000000000426,56.05,56.1,56.05,56.1,1.0,80.0,3124.0,985.0,False,False
006208,2022-10-26 13:22:43.273353,-0.0008912655971480277,-0.0008912655971480277,-0.05000000000000426,-0.05000000000000426,56.05,56.1,56.05,56.1,1.0,80.0,3124.0,985.0,False,False
006208,2022-10-26 13:22:44.183632,-0.0008912655971480277,-0.0008912655971480277,-0.05000000000000426,-0.05000000000000426,56.05,56.1,56.05,56.1,1.0,180.0,3124.0,985.0,False,False
006208,2022-10-26 13:22:44.338146,-0.0008912655971480277,-0.0008912655971480277,-0.05000000000000426,-0.05000000000000426,56.05,56.1,56.05,56.1,1.0,180.0,3124.0,985.0,False,False
006208,2022-10-26 13:22:44.338193,-0.0008912655971480277,-0.0008912655971480277,-0.05000000000000426,-0.05000000000000426,56.05,56.1,56.05,56.1,1.0,180.0,3124.0,985.0,False,False
006208,2022-10-26 13:22:44.841132,-0.0008912655971480277,-0.0008912655971480277,-0.05000000000000426,-0.05000000000000426,56.05,56.1,56.05,56.1,1.0,180.0,3124.0,985.0,False,False
006208,2022-10-26 13:22:44.846611,-0.0008912655971480277,-0.0008912655971480277,-0.05000000000000426,-0.05000000000000426,56.05,56.1,56.05,56.1,1.0,180.0,3124.0,985.0,False,False
006208,2022-10-26 13:22:45.030632,-0.0008912655971480277,-0.0008912655971480277,-0.05000000000000426,-0.05000000000000426,56.05,56.1,56.05,56.1,1.0,180.0,3124.0,985.0,False,False
006208,2022-10-26 13:22:47.270932,-0.0008912655971480277,-0.0008912655971480277,-0.05000000000000426,-0.05000000000000426,56.05,56.1,56.05,56.1,1.0,180.0,3124.0,985.0,False,False
006208,2022-10-26 13:22:47.271063,-0.0008912655971480277,-0.0008912655971480277,-0.05000000000000426,-0.05000000000000426,56.05,56.1,56.05,56.1,1.0,180.0,3124.0,985.0,False,False
006208,2022-10-26 13:22:49.410230,-0.0008912655971480277,-0.0008912655971480277,-0.05000000000000426,-0.05000000000000426,56.05,56.1,56.05,56.1,1.0,180.0,3124.0,985.0,False,False
006208,2022-10-26 13:22:49.410347,-0.0008912655971480277,-0.0008912655971480277,-0.05000000000000426,-0.05000000000000426,56.05,56.1,56.05,56.1,1.0,180.0,3124.0,985.0,False,False
006208,2022-10-26 13:22:50.015498,-0.0008912655971480277,-0.0008912655971480277,-0.05000000000000426,-0.05000000000000426,56.05,56.1,56.05,56.1,1.0,180.0,3124.0,985.0,False,False
006208,2022-10-26 13:22:50.015572,-0.0008912655971480277,-0.0008912655971480277,-0.05000000000000426,-0.05000000000000426,56.05,56.1,56.05,56.1,1.0,180.0,3124.0,985.0,False,False
006208,2022-10-26 13:22:51.021058,-0.0008912655971480277,-0.0008912655971480277,-0.05000000000000426,-0.05000000000000426,56.05,56.1,56.05,56.1,1.0,180.0,3124.0,885.0,True,True
006208,2022-10-26 13:22:51.306114,-0.0008912655971480277,-0.0008912655971480277,-0.05000000000000426,-0.05000000000000426,56.05,56.1,56.05,56.1,1.0,180.0,3124.0,885.0,False,False
006208,2022-10-26 13:22:51.306283,-0.0008912655971480277,-0.0008912655971480277,-0.05000000000000426,-0.05000000000000426,56.05,56.1,56.05,56.1,1.0,180.0,3124.0,885.0,False,False
006208,2022-10-26 13:22:51.902275,-0.0008912655971480277,-0.0008912655971480277,-0.05000000000000426,-0.05000000000000426,56.05,56.1,56.05,56.1,1.0,180.0,3124.0,885.0,False,False
006208,2022-10-26 13:22:51.905998,-0.0008912655971480277,-0.0008912655971480277,-0.05000000000000426,-0.05000000000000426,56.05,56.1,56.05,56.1,1.0,180.0,3124.0,885.0,False,False
006208,2022-10-26 13:22:52.122242,-0.0008912655971480277,-0.0008912655971480277,-0.05000000000000426,-0.05000000000000426,56.05,56.1,56.05,56.1,1.0,179.0,3124.0,885.0,False,False
006208,2022-10-26 13:22:52.091898,-0.0008912655971480277,-0.0008912655971480277,-0.05000000000000426,-0.05000000000000426,56.05,56.1,56.05,56.1,1.0,180.0,3124.0,885.0,False,False
006208,2022-10-26 13:22:52.211927,-0.0008912655971480277,-0.0008912655971480277,-0.05000000000000426,-0.05000000000000426,56.05,56.1,56.05,56.1,1.0,79.0,3124.0,885.0,False,False
006208,2022-10-26 13:22:52.359151,-0.0008912655971480277,-0.0008912655971480277,-0.05000000000000426,-0.05000000000000426,56.05,56.1,56.05,56.1,1.0,79.0,3124.0,885.0,False,False
006208,2022-10-26 13:22:52.439872,-0.0008912655971480277,-0.0008912655971480277,-0.05000000000000426,-0.05000000000000426,56.05,56.1,56.05,56.1,1.0,79.0,3124.0,885.0,False,False
006208,2022-10-26 13:22:53.200220,-0.0008912655971480277,-0.0008912655971480277,-0.05000000000000426,-0.05000000000000426,56.05,56.1,56.05,56.1,1.0,79.0,3124.0,885.0,False,False
006208,2022-10-26 13:22:53.238886,-0.0008912655971480277,-0.0008912655971480277,-0.05000000000000426,-0.05000000000000426,56.05,56.1,56.05,56.1,1.0,79.0,3124.0,885.0,False,False
006208,2022-10-26 13:22:55.097835,-0.0008912655971480277,-0.0008912655971480277,-0.05000000000000426,-0.05000000000000426,56.05,56.1,56.05,56.1,1.0,79.0,3124.0,885.0,False,False
006208,2022-10-26 13:22:55.098049,-0.0008912655971480277,-0.0008912655971480277,-0.05000000000000426,-0.05000000000000426,56.05,56.1,56.05,56.1,1.0,79.0,3124.0,885.0,False,False
006208,2022-10-26 13:22:55.442865,-0.0008912655971480277,-0.0008912655971480277,-0.05000000000000426,-0.05000000000000426,56.05,56.1,56.05,56.1,1.0,79.0,3124.0,885.0,False,False
006208,2022-10-26 13:22:55.443076,-0.0008912655971480277,-0.0008912655971480277,-0.05000000000000426,-0.05000000000000426,56.05,56.1,56.05,56.1,1.0,79.0,3124.0,885.0,False,False
006208,2022-10-26 13:22:56.431781,-0.0008912655971480277,-0.0008912655971480277,-0.05000000000000426,-0.05000000000000426,56.05,56.1,56.05,56.1,1.0,79.0,3124.0,885.0,False,False
006208,2022-10-26 13:22:56.431945,-0.0008912655971480277,-0.0008912655971480277,-0.05000000000000426,-0.05000000000000426,56.05,56.1,56.05,56.1,1.0,79.0,3124.0,885.0,False,False
006208,2022-10-26 13:22:58.207752,-0.0008912655971480277,-0.0008912655971480277,-0.05000000000000426,-0.05000000000000426,56.05,56.1,56.05,56.1,1.0,79.0,3124.0,885.0,False,False
006208,2022-10-26 13:22:58.207894,-0.0008912655971480277,-0.0008912655971480277,-0.05000000000000426,-0.05000000000000426,56.05,56.1,56.05,56.1,1.0,79.0,3124.0,885.0,False,False
006208,2022-10-26 13:22:59.015300,-0.0008912655971480277,-0.0008912655971480277,-0.05000000000000426,-0.05000000000000426,56.05,56.1,56.05,56.1,1.0,79.0,3124.0,885.0,False,False
006208,2022-10-26 13:22:59.015325,-0.0008912655971480277,-0.0008912655971480277,-0.05000000000000426,-0.05000000000000426,56.05,56.1,56.05,56.1,1.0,79.0,3124.0,885.0,False,False
006208,2022-10-26 13:23:00.017220,-0.0008912655971480277,-0.0008912655971480277,-0.05000000000000426,-0.05000000000000426,56.05,56.1,56.05,56.1,1.0,79.0,3124.0,885.0,False,False
006208,2022-10-26 13:23:00.017406,-0.0008912655971480277,-0.0008912655971480277,-0.05000000000000426,-0.05000000000000426,56.05,56.1,56.05,56.1,1.0,79.0,3124.0,885.0,False,False
006208,2022-10-26 13:23:00.304522,-0.0008912655971480277,-0.0008912655971480277,-0.05000000000000426,-0.05000000000000426,56.05,56.1,56.05,56.1,1.0,79.0,3124.0,885.0,False,False
006208,2022-10-26 13:23:00.340564,-0.0008912655971480277,-0.0008912655971480277,-0.05000000000000426,-0.05000000000000426,56.05,56.1,56.05,56.1,1.0,79.0,3124.0,885.0,False,False
006208,2022-10-26 13:23:00.400236,-0.0008912655971480277,-0.0008912655971480277,-0.05000000000000426,-0.05000000000000426,56.05,56.1,56.05,56.1,1.0,79.0,3124.0,885.0,False,False
006208,2022-10-26 13:23:00.796749,-0.0008912655971480277,-0.0008912655971480277,-0.05000000000000426,-0.05000000000000426,56.05,56.1,56.05,56.1,1.0,79.0,3124.0,885.0,False,False
006208,2022-10-26 13:23:00.836623,-0.0008912655971480277,-0.0008912655971480277,-0.05000000000000426,-0.05000000000000426,56.05,56.1,56.05,56.1,1.0,79.0,3124.0,885.0,False,False
006208,2022-10-26 13:23:01.341914,-0.0008912655971480277,-0.0008912655971480277,-0.05000000000000426,-0.05000000000000426,56.05,56.1,56.05,56.1,1.0,179.0,3124.0,885.0,False,False
006208,2022-10-26 13:23:01.704861,-0.0008912655971480277,-0.0008912655971480277,-0.05000000000000426,-0.05000000000000426,56.05,56.1,56.05,56.1,1.0,179.0,3124.0,885.0,False,False
006208,2022-10-26 13:23:01.759854,-0.0008912655971480277,-0.0008912655971480277,-0.05000000000000426,-0.05000000000000426,56.05,56.1,56.05,56.1,1.0,179.0,3124.0,885.0,False,False
006208,2022-10-26 13:23:01.793575,-0.0008912655971480277,-0.0008912655971480277,-0.05000000000000426,-0.05000000000000426,56.05,56.1,56.05,56.1,1.0,79.0,3124.0,885.0,False,False
006208,2022-10-26 13:23:02.076621,-0.0008912655971480277,-0.0008912655971480277,-0.05000000000000426,-0.05000000000000426,56.05,56.1,56.05,56.1,1.0,79.0,3124.0,885.0,False,False
006208,2022-10-26 13:23:02.093656,-0.0008912655971480277,-0.0008912655971480277,-0.05000000000000426,-0.05000000000000426,56.05,56.1,56.05,56.1,1.0,79.0,3124.0,885.0,False,False
006208,2022-10-26 13:23:02.170742,-0.0008912655971480277,-0.0008912655971480277,-0.05000000000000426,-0.05000000000000426,56.05,56.1,56.05,56.1,1.0,79.0,3124.0,885.0,False,False
006208,2022-10-26 13:23:02.214668,-0.0008912655971480277,-0.0008912655971480277,-0.05000000000000426,-0.05000000000000426,56.05,56.1,56.05,56.1,1.0,79.0,3124.0,885.0,False,False
006208,2022-10-26 13:23:02.657289,-0.0008912655971480277,-0.0008912655971480277,-0.05000000000000426,-0.05000000000000426,56.05,56.1,56.05,56.1,1.0,79.0,3124.0,885.0,False,False
006208,2022-10-26 13:23:02.657427,-0.0008912655971480277,-0.0008912655971480277,-0.05000000000000426,-0.05000000000000426,56.05,56.1,56.05,56.1,1.0,79.0,3124.0,885.0,False,False
006208,2022-10-26 13:23:02.794462,-0.0008912655971480277,-0.0008912655971480277,-0.05000000000000426,-0.05000000000000426,56.05,56.1,56.05,56.1,1.0,179.0,3124.0,885.0,False,False
006208,2022-10-26 13:23:03.469835,-0.0008912655971480277,-0.0008912655971480277,-0.05000000000000426,-0.05000000000000426,56.05,56.1,56.05,56.1,1.0,179.0,3124.0,885.0,False,False
006208,2022-10-26 13:23:03.469976,-0.0008912655971480277,-0.0008912655971480277,-0.05000000000000426,-0.05000000000000426,56.05,56.1,56.05,56.1,1.0,179.0,3124.0,885.0,False,False
006208,2022-10-26 13:23:03.673292,-0.0008912655971480277,-0.0008912655971480277,-0.05000000000000426,-0.05000000000000426,56.05,56.1,56.05,56.1,1.0,179.0,3124.0,885.0,False,False
006208,2022-10-26 13:23:03.729802,-0.0008912655971480277,-0.0008912655971480277,-0.05000000000000426,-0.05000000000000426,56.05,56.1,56.05,56.1,1.0,179.0,3124.0,885.0,False,False
006208,2022-10-26 13:23:03.759651,-0.0008912655971480277,-0.0008912655971480277,-0.05000000000000426,-0.05000000000000426,56.05,56.1,56.05,56.1,1.0,179.0,3124.0,885.0,False,False
006208,2022-10-26 13:23:05.015950,-0.0008912655971480277,-0.0008912655971480277,-0.05000000000000426,-0.05000000000000426,56.05,56.1,56.05,56.1,1.0,179.0,3124.0,885.0,False,False
006208,2022-10-26 13:23:05.016177,-0.0008912655971480277,-0.0008912655971480277,-0.05000000000000426,-0.05000000000000426,56.05,56.1,56.05,56.1,1.0,179.0,3124.0,885.0,False,False
006208,2022-10-26 13:23:05.234444,-0.0008912655971480277,-0.0008912655971480277,-0.05000000000000426,-0.05000000000000426,56.05,56.1,56.05,56.1,1.0,179.0,3124.0,885.0,False,False
006208,2022-10-26 13:23:07.319003,-0.0008912655971480277,-0.0008912655971480277,-0.05000000000000426,-0.05000000000000426,56.05,56.1,56.05,56.1,1.0,179.0,3124.0,885.0,False,False
006208,2022-10-26 13:23:07.319114,-0.0008912655971480277,-0.0008912655971480277,-0.05000000000000426,-0.05000000000000426,56.05,56.1,56.05,56.1,1.0,179.0,3124.0,885.0,False,False
006208,2022-10-26 13:23:08.319969,-0.0008912655971480277,-0.0008912655971480277,-0.05000000000000426,-0.05000000000000426,56.05,56.1,56.05,56.1,1.0,179.0,3124.0,885.0,False,False
006208,2022-10-26 13:23:08.320112,-0.0008912655971480277,-0.0008912655971480277,-0.05000000000000426,-0.05000000000000426,56.05,56.1,56.05,56.1,1.0,179.0,3124.0,885.0,False,False
006208,2022-10-26 13:23:08.826614,-0.0008912655971480277,-0.0008912655971480277,-0.05000000000000426,-0.05000000000000426,56.05,56.1,56.05,56.1,1.0,179.0,3124.0,885.0,False,False
006208,2022-10-26 13:23:08.837688,-0.0008912655971480277,-0.0008912655971480277,-0.05000000000000426,-0.05000000000000426,56.05,56.1,56.05,56.1,1.0,179.0,3124.0,885.0,False,False
006208,2022-10-26 13:23:09.427733,-0.0008912655971480277,-0.0008912655971480277,-0.05000000000000426,-0.05000000000000426,56.05,56.1,56.05,56.1,1.0,179.0,3124.0,885.0,False,False
006208,2022-10-26 13:23:09.442649,-0.0008912655971480277,-0.0008912655971480277,-0.05000000000000426,-0.05000000000000426,56.05,56.1,56.05,56.1,1.0,179.0,3124.0,885.0,False,False
006208,2022-10-26 13:23:09.893774,-0.0008912655971480277,-0.0008912655971480277,-0.05000000000000426,-0.05000000000000426,56.05,56.1,56.05,56.1,1.0,179.0,3124.0,885.0,False,False
006208,2022-10-26 13:23:09.893865,-0.0008912655971480277,-0.0008912655971480277,-0.05000000000000426,-0.05000000000000426,56.05,56.1,56.05,56.1,1.0,179.0,3124.0,885.0,False,False
006208,2022-10-26 13:23:10.121734,-0.0008912655971480277,-0.0008912655971480277,-0.05000000000000426,-0.05000000000000426,56.05,56.1,56.05,56.1,1.0,179.0,3124.0,885.0,False,False
006208,2022-10-26 13:23:10.145430,-0.0008912655971480277,-0.0008912655971480277,-0.05000000000000426,-0.05000000000000426,56.05,56.1,56.05,56.1,1.0,79.0,3124.0,885.0,False,False
006208,2022-10-26 13:23:10.367789,-0.0008912655971480277,-0.0008912655971480277,-0.05000000000000426,-0.05000000000000426,56.05,56.1,56.05,56.1,1.0,79.0,3124.0,885.0,False,False
006208,2022-10-26 13:23:10.459084,-0.0008912655971480277,-0.0008912655971480277,-0.05000000000000426,-0.05000000000000426,56.05,56.1,56.05,56.1,1.0,79.0,3124.0,885.0,False,False
006208,2022-10-26 13:23:10.581463,-0.0008912655971480277,-0.0008912655971480277,-0.05000000000000426,-0.05000000000000426,56.05,56.1,56.05,56.1,1.0,79.0,3124.0,885.0,False,False
006208,2022-10-26 13:23:11.146076,-0.0008912655971480277,-0.0008912655971480277,-0.05000000000000426,-0.05000000000000426,56.05,56.1,56.05,56.1,1.0,79.0,3124.0,885.0,False,False
006208,2022-10-26 13:23:11.280338,-0.0008912655971480277,-0.0008912655971480277,-0.05000000000000426,-0.05000000000000426,56.05,56.1,56.05,56.1,1.0,79.0,3124.0,885.0,False,False
006208,2022-10-26 13:23:11.621495,-0.0008912655971480277,-0.0008912655971480277,-0.05000000000000426,-0.05000000000000426,56.05,56.1,56.05,56.1,1.0,79.0,3124.0,885.0,False,False
006208,2022-10-26 13:23:11.874390,-0.0008912655971480277,-0.0008912655971480277,-0.05000000000000426,-0.05000000000000426,56.05,56.1,56.05,56.1,1.0,79.0,3124.0,885.0,False,False
006208,2022-10-26 13:23:11.874588,-0.0008912655971480277,-0.0008912655971480277,-0.05000000000000426,-0.05000000000000426,56.05,56.1,56.05,56.1,1.0,79.0,3124.0,885.0,False,False
006208,2022-10-26 13:23:12.205660,-0.0008912655971480277,-0.0008912655971480277,-0.05000000000000426,-0.05000000000000426,56.05,56.1,56.05,56.1,1.0,79.0,3124.0,885.0,False,False
006208,2022-10-26 13:23:12.211161,-0.0008912655971480277,-0.0008912655971480277,-0.05000000000000426,-0.05000000000000426,56.05,56.1,56.05,56.1,1.0,79.0,3124.0,885.0,False,False
006208,2022-10-26 13:23:12.341108,-0.0008912655971480277,-0.0008912655971480277,-0.05000000000000426,-0.05000000000000426,56.05,56.1,56.05,56.1,1.0,79.0,3124.0,885.0,False,False
006208,2022-10-26 13:23:13.426450,-0.0008912655971480277,-0.0008912655971480277,-0.05000000000000426,-0.05000000000000426,56.05,56.1,56.05,56.1,1.0,79.0,3124.0,885.0,False,False
006208,2022-10-26 13:23:13.435690,-0.0008912655971480277,-0.0008912655971480277,-0.05000000000000426,-0.05000000000000426,56.05,56.1,56.05,56.1,1.0,79.0,3124.0,885.0,False,False
006208,2022-10-26 13:23:13.941913,-0.0008912655971480277,-0.0008912655971480277,-0.05000000000000426,-0.05000000000000426,56.05,56.1,56.05,56.1,1.0,79.0,3124.0,885.0,False,False
006208,2022-10-26 13:23:13.942003,-0.0008912655971480277,-0.0008912655971480277,-0.05000000000000426,-0.05000000000000426,56.05,56.1,56.05,56.1,1.0,79.0,3124.0,885.0,False,False
006208,2022-10-26 13:23:16.371724,-0.0008912655971480277,-0.0008912655971480277,-0.05000000000000426,-0.05000000000000426,56.05,56.1,56.05,56.1,1.0,79.0,3124.0,885.0,False,False
006208,2022-10-26 13:23:16.703360,-0.0008912655971480277,-0.0008912655971480277,-0.05000000000000426,-0.05000000000000426,56.05,56.1,56.05,56.1,1.0,79.0,3124.0,885.0,False,False
006208,2022-10-26 13:23:16.715921,-0.0008912655971480277,-0.0008912655971480277,-0.05000000000000426,-0.05000000000000426,56.05,56.1,56.05,56.1,1.0,79.0,3124.0,885.0,False,False
006208,2022-10-26 13:23:16.879887,-0.0008912655971480277,-0.0008912655971480277,-0.05000000000000426,-0.05000000000000426,56.05,56.1,56.05,56.1,1.0,79.0,3124.0,885.0,False,False
006208,2022-10-26 13:23:19.356915,-0.0008912655971480277,-0.0008912655971480277,-0.05000000000000426,-0.05000000000000426,56.05,56.1,56.05,56.1,1.0,79.0,3124.0,885.0,False,False
006208,2022-10-26 13:23:19.363125,-0.0008912655971480277,-0.0008912655971480277,-0.05000000000000426,-0.05000000000000426,56.05,56.1,56.05,56.1,1.0,79.0,3124.0,885.0,False,False
006208,2022-10-26 13:23:20.020215,-0.0008912655971480277,-0.0008912655971480277,-0.05000000000000426,-0.05000000000000426,56.05,56.1,56.05,56.1,1.0,79.0,3124.0,885.0,False,False
006208,2022-10-26 13:23:20.020386,-0.0008912655971480277,-0.0008912655971480277,-0.05000000000000426,-0.05000000000000426,56.05,56.1,56.05,56.1,1.0,79.0,3124.0,885.0,False,False
006208,2022-10-26 13:23:21.139122,-0.0008912655971480277,-0.0008912655971480277,-0.05000000000000426,-0.05000000000000426,56.05,56.1,56.05,56.1,1.0,79.0,3133.0,835.0,True,True
006208,2022-10-26 13:23:21.697052,-0.0008912655971480277,-0.0008912655971480277,-0.05000000000000426,-0.05000000000000426,56.05,56.1,56.05,56.1,1.0,79.0,3133.0,835.0,False,False
006208,2022-10-26 13:23:21.742671,-0.0008912655971480277,-0.0008912655971480277,-0.05000000000000426,-0.05000000000000426,56.05,56.1,56.05,56.1,1.0,79.0,3133.0,835.0,False,False
006208,2022-10-26 13:23:21.766850,-0.0008912655971480277,-0.0008912655971480277,-0.05000000000000426,-0.05000000000000426,56.05,56.1,56.05,56.1,1.0,79.0,3133.0,835.0,False,False
006208,2022-10-26 13:23:21.786513,-0.0008912655971480277,-0.0008912655971480277,-0.05000000000000426,-0.05000000000000426,56.05,56.1,56.05,56.1,1.0,79.0,3133.0,835.0,False,False
006208,2022-10-26 13:23:21.942315,-0.0008912655971480277,-0.0008912655971480277,-0.05000000000000426,-0.05000000000000426,56.05,56.1,56.05,56.1,1.0,79.0,3133.0,835.0,False,False
006208,2022-10-26 13:23:22.338186,-0.0008912655971480277,-0.0008912655971480277,-0.05000000000000426,-0.05000000000000426,56.05,56.1,56.05,56.1,1.0,79.0,3133.0,835.0,False,False
006208,2022-10-26 13:23:22.344581,-0.0008912655971480277,-0.0008912655971480277,-0.05000000000000426,-0.05000000000000426,56.05,56.1,56.05,56.1,1.0,79.0,3133.0,835.0,False,False
006208,2022-10-26 13:23:22.474211,-0.0008912655971480277,-0.0008912655971480277,-0.05000000000000426,-0.05000000000000426,56.05,56.1,56.05,56.1,1.0,79.0,3133.0,835.0,False,False
006208,2022-10-26 13:23:22.653222,-0.0008912655971480277,-0.0008912655971480277,-0.05000000000000426,-0.05000000000000426,56.05,56.1,56.05,56.1,1.0,79.0,3133.0,835.0,False,False
006208,2022-10-26 13:23:23.221922,-0.0008912655971480277,-0.0008912655971480277,-0.05000000000000426,-0.05000000000000426,56.05,56.1,56.05,56.1,1.0,79.0,3133.0,835.0,False,False
006208,2022-10-26 13:23:24.130232,-0.0008912655971480277,-0.0008912655971480277,-0.05000000000000426,-0.05000000000000426,56.05,56.1,56.05,56.1,1.0,80.0,3133.0,835.0,False,False
006208,2022-10-26 13:23:24.447383,-0.0008912655971480277,-0.0008912655971480277,-0.05000000000000426,-0.05000000000000426,56.05,56.1,56.05,56.1,1.0,80.0,3133.0,835.0,False,False
006208,2022-10-26 13:23:24.460205,-0.0008912655971480277,-0.0008912655971480277,-0.05000000000000426,-0.05000000000000426,56.05,56.1,56.05,56.1,1.0,80.0,3133.0,835.0,False,False
006208,2022-10-26 13:23:24.528634,-0.0008912655971480277,-0.0008912655971480277,-0.05000000000000426,-0.05000000000000426,56.05,56.1,56.05,56.1,1.0,80.0,3133.0,835.0,False,False
006208,2022-10-26 13:23:25.015685,-0.0008912655971480277,-0.0008912655971480277,-0.05000000000000426,-0.05000000000000426,56.05,56.1,56.05,56.1,1.0,80.0,3133.0,835.0,False,False
006208,2022-10-26 13:23:25.015899,-0.0008912655971480277,-0.0008912655971480277,-0.05000000000000426,-0.05000000000000426,56.05,56.1,56.05,56.1,1.0,80.0,3133.0,835.0,False,False
006208,2022-10-26 13:23:25.035832,-0.0008912655971480277,-0.0008912655971480277,-0.05000000000000426,-0.05000000000000426,56.05,56.1,56.05,56.1,1.0,80.0,3133.0,835.0,False,False
006208,2022-10-26 13:23:25.276333,-0.0008912655971480277,-0.0008912655971480277,-0.05000000000000426,-0.05000000000000426,56.05,56.1,56.05,56.1,1.0,80.0,3133.0,835.0,False,False
006208,2022-10-26 13:23:25.377790,-0.0008912655971480277,-0.0008912655971480277,-0.05000000000000426,-0.05000000000000426,56.05,56.1,56.05,56.1,1.0,80.0,3133.0,835.0,False,False
006208,2022-10-26 13:23:25.413452,-0.0008912655971480277,-0.0008912655971480277,-0.05000000000000426,-0.05000000000000426,56.05,56.1,56.05,56.1,1.0,80.0,3133.0,835.0,False,False
006208,2022-10-26 13:23:26.122486,-0.0008912655971480277,-0.0008912655971480277,-0.05000000000000426,-0.05000000000000426,56.05,56.1,56.05,56.1,1.0,80.0,3133.0,835.0,False,False
006208,2022-10-26 13:23:26.122524,-0.0008912655971480277,-0.0008912655971480277,-0.05000000000000426,-0.05000000000000426,56.05,56.1,56.05,56.1,1.0,80.0,3133.0,835.0,False,False
006208,2022-10-26 13:23:26.577934,-0.0008912655971480277,-0.0008912655971480277,-0.05000000000000426,-0.05000000000000426,56.05,56.1,56.05,56.1,1.0,80.0,3133.0,835.0,False,False
006208,2022-10-26 13:23:26.578133,-0.0008912655971480277,-0.0008912655971480277,-0.05000000000000426,-0.05000000000000426,56.05,56.1,56.05,56.1,1.0,80.0,3133.0,835.0,False,False
006208,2022-10-26 13:23:30.011109,-0.0008912655971480277,-0.0008912655971480277,-0.05000000000000426,-0.05000000000000426,56.05,56.1,56.05,56.1,1.0,80.0,3133.0,835.0,False,False
006208,2022-10-26 13:23:30.011257,-0.0008912655971480277,-0.0008912655971480277,-0.05000000000000426,-0.05000000000000426,56.05,56.1,56.05,56.1,1.0,80.0,3133.0,835.0,False,False
006208,2022-10-26 13:23:30.782986,-0.0008912655971480277,-0.0008912655971480277,-0.05000000000000426,-0.05000000000000426,56.05,56.1,56.05,56.1,1.0,81.0,3133.0,835.0,False,False
006208,2022-10-26 13:23:31.182966,-0.0008912655971480277,-0.0008912655971480277,-0.05000000000000426,-0.05000000000000426,56.05,56.1,56.05,56.1,1.0,81.0,3133.0,479.0,True,True
006208,2022-10-26 13:23:31.719141,-0.0008912655971480277,-0.0008912655971480277,-0.05000000000000426,-0.05000000000000426,56.05,56.1,56.05,56.1,1.0,81.0,3133.0,479.0,False,False
006208,2022-10-26 13:23:31.733298,-0.0008912655971480277,-0.0008912655971480277,-0.05000000000000426,-0.05000000000000426,56.05,56.1,56.05,56.1,1.0,81.0,3133.0,479.0,False,False
006208,2022-10-26 13:23:31.789958,-0.0008912655971480277,-0.0008912655971480277,-0.05000000000000426,-0.05000000000000426,56.05,56.1,56.05,56.1,1.0,81.0,3133.0,479.0,False,False
006208,2022-10-26 13:23:32.461823,-0.0008912655971480277,-0.0008912655971480277,-0.05000000000000426,-0.05000000000000426,56.05,56.1,56.05,56.1,1.0,81.0,3133.0,479.0,False,False
006208,2022-10-26 13:23:32.464683,-0.0008912655971480277,-0.0008912655971480277,-0.05000000000000426,-0.05000000000000426,56.05,56.1,56.05,56.1,1.0,81.0,3133.0,479.0,False,False
006208,2022-10-26 13:23:32.642154,-0.0008912655971480277,-0.0008912655971480277,-0.05000000000000426,-0.05000000000000426,56.05,56.1,56.05,56.1,1.0,81.0,3133.0,479.0,False,False
006208,2022-10-26 13:23:33.656320,-0.0008912655971480277,-0.0008912655971480277,-0.05000000000000426,-0.05000000000000426,56.05,56.1,56.05,56.1,1.0,81.0,3133.0,479.0,False,False
006208,2022-10-26 13:23:34.153171,-0.0008912655971480277,-0.0008912655971480277,-0.05000000000000426,-0.05000000000000426,56.05,56.1,56.05,56.1,1.0,80.0,3133.0,479.0,False,False
006208,2022-10-26 13:23:35.007034,-0.0008912655971480277,-0.0008912655971480277,-0.05000000000000426,-0.05000000000000426,56.05,56.1,56.05,56.1,1.0,80.0,3133.0,479.0,False,False
006208,2022-10-26 13:23:35.007051,-0.0008912655971480277,-0.0008912655971480277,-0.05000000000000426,-0.05000000000000426,56.05,56.1,56.05,56.1,1.0,80.0,3133.0,479.0,False,False
006208,2022-10-26 13:23:35.224004,-0.0008912655971480277,-0.0008912655971480277,-0.05000000000000426,-0.05000000000000426,56.05,56.1,56.05,56.1,1.0,80.0,3133.0,479.0,False,False
006208,2022-10-26 13:23:35.250739,-0.0008912655971480277,-0.0008912655971480277,-0.05000000000000426,-0.05000000000000426,56.05,56.1,56.05,56.1,1.0,80.0,3133.0,479.0,False,False
006208,2022-10-26 13:23:35.546577,0.0,-0.0017825311942959443,0.0,-0.10000000000000142,56.0,56.05,56.05,56.1,429.0,9.0,3133.0,479.0,False,False
006208,2022-10-26 13:23:35.571081,0.0,-0.0017825311942959443,0.0,-0.10000000000000142,56.0,56.05,56.05,56.1,429.0,9.0,3133.0,479.0,False,False
006208,2022-10-26 13:23:35.624711,-0.0008912655971480277,-0.0017825311942959443,-0.05000000000000426,-0.10000000000000142,56.0,56.1,56.05,56.1,389.0,80.0,3133.0,479.0,False,False
006208,2022-10-26 13:23:35.648017,-0.0008912655971480277,-0.0017825311942959443,-0.05000000000000426,-0.10000000000000142,56.0,56.1,56.05,56.1,389.0,80.0,3133.0,479.0,False,False
006208,2022-10-26 13:23:35.751120,-0.0008912655971480277,-0.0017825311942959443,-0.05000000000000426,-0.10000000000000142,56.0,56.1,56.05,56.1,389.0,120.0,3133.0,479.0,False,False
006208,2022-10-26 13:23:35.793290,-0.0008912655971480277,-0.0017825311942959443,-0.05000000000000426,-0.10000000000000142,56.0,56.1,56.05,56.1,389.0,120.0,3133.0,479.0,False,False
006208,2022-10-26 13:23:35.930372,-0.0008912655971480277,-0.0017825311942959443,-0.05000000000000426,-0.10000000000000142,56.0,56.1,56.05,56.1,389.0,80.0,3133.0,479.0,False,False
006208,2022-10-26 13:23:36.158502,-0.0008912655971480277,-0.0017825311942959443,-0.05000000000000426,-0.10000000000000142,56.0,56.1,56.05,56.1,389.0,80.0,3133.0,479.0,False,False
006208,2022-10-26 13:23:36.209929,-0.0008912655971480277,-0.0017825311942959443,-0.05000000000000426,-0.10000000000000142,56.0,56.1,56.05,56.1,389.0,80.0,3133.0,479.0,False,False
006208,2022-10-26 13:23:37.222050,-0.0008912655971480277,-0.0017825311942959443,-0.05000000000000426,-0.10000000000000142,56.0,56.1,56.05,56.1,389.0,80.0,3133.0,479.0,False,False
006208,2022-10-26 13:23:37.703724,-0.0008912655971480277,-0.0017825311942959443,-0.05000000000000426,-0.10000000000000142,56.0,56.1,56.05,56.1,355.0,80.0,3133.0,479.0,False,False
006208,2022-10-26 13:23:37.725121,-0.0008912655971480277,-0.0017825311942959443,-0.05000000000000426,-0.10000000000000142,56.0,56.1,56.05,56.1,355.0,80.0,3133.0,479.0,False,False
006208,2022-10-26 13:23:37.960811,-0.0008912655971480277,-0.0017825311942959443,-0.05000000000000426,-0.10000000000000142,56.0,56.1,56.05,56.1,355.0,80.0,3133.0,479.0,False,False
006208,2022-10-26 13:23:38.238439,-0.0008912655971480277,-0.0017825311942959443,-0.05000000000000426,-0.10000000000000142,56.0,56.1,56.05,56.1,355.0,80.0,3133.0,479.0,False,False
006208,2022-10-26 13:23:38.781557,-0.0008912655971480277,-0.0017825311942959443,-0.05000000000000426,-0.10000000000000142,56.0,56.1,56.05,56.1,355.0,80.0,3133.0,479.0,False,False
006208,2022-10-26 13:23:38.797864,-0.0008912655971480277,-0.0017825311942959443,-0.05000000000000426,-0.10000000000000142,56.0,56.1,56.05,56.1,355.0,80.0,3133.0,479.0,False,False
006208,2022-10-26 13:23:39.016517,-0.0008912655971480277,-0.0017825311942959443,-0.05000000000000426,-0.10000000000000142,56.0,56.1,56.05,56.1,355.0,80.0,3133.0,479.0,False,False
006208,2022-10-26 13:23:39.044736,-0.0008912655971480277,-0.0017825311942959443,-0.05000000000000426,-0.10000000000000142,56.0,56.1,56.05,56.1,355.0,80.0,3133.0,479.0,False,False
006208,2022-10-26 13:23:39.996180,-0.0008912655971480277,-0.0017825311942959443,-0.05000000000000426,-0.10000000000000142,56.0,56.1,56.05,56.1,355.0,80.0,3133.0,479.0,False,False
006208,2022-10-26 13:23:39.996324,-0.0008912655971480277,-0.0017825311942959443,-0.05000000000000426,-0.10000000000000142,56.0,56.1,56.05,56.1,355.0,80.0,3133.0,479.0,False,False
006208,2022-10-26 13:23:40.221869,-0.0008912655971480277,-0.0017825311942959443,-0.05000000000000426,-0.10000000000000142,56.0,56.1,56.05,56.1,355.0,80.0,3133.0,479.0,False,False
006208,2022-10-26 13:23:40.221942,-0.0008912655971480277,-0.0017825311942959443,-0.05000000000000426,-0.10000000000000142,56.0,56.1,56.05,56.1,355.0,80.0,3133.0,479.0,False,False
006208,2022-10-26 13:23:40.561147,-0.0008912655971480277,-0.0017825311942959443,-0.05000000000000426,-0.10000000000000142,56.0,56.1,56.05,56.1,355.0,80.0,3133.0,479.0,False,False
006208,2022-10-26 13:23:40.755770,-0.0008912655971480277,-0.0017825311942959443,-0.05000000000000426,-0.10000000000000142,56.0,56.1,56.05,56.1,355.0,80.0,3133.0,479.0,False,False
006208,2022-10-26 13:23:40.755970,-0.0008912655971480277,-0.0017825311942959443,-0.05000000000000426,-0.10000000000000142,56.0,56.1,56.05,56.1,375.0,80.0,3133.0,479.0,False,False
006208,2022-10-26 13:23:41.127958,-0.0008912655971480277,-0.0017825311942959443,-0.05000000000000426,-0.10000000000000142,56.0,56.1,56.05,56.1,375.0,80.0,3133.0,479.0,False,False
006208,2022-10-26 13:23:41.139806,-0.0008912655971480277,-0.0017825311942959443,-0.05000000000000426,-0.10000000000000142,56.0,56.1,56.05,56.1,375.0,80.0,3133.0,479.0,False,False
006208,2022-10-26 13:23:41.236149,-0.0008912655971480277,-0.0017825311942959443,-0.05000000000000426,-0.10000000000000142,56.0,56.1,56.05,56.1,375.0,80.0,3133.0,479.0,True,True
006208,2022-10-26 13:23:41.176059,-0.0008912655971480277,-0.0017825311942959443,-0.05000000000000426,-0.10000000000000142,56.0,56.1,56.05,56.1,375.0,80.0,3133.0,479.0,False,False
006208,2022-10-26 13:23:41.398028,-0.0008912655971480277,-0.0017825311942959443,-0.05000000000000426,-0.10000000000000142,56.0,56.1,56.05,56.1,375.0,80.0,3133.0,479.0,False,False
006208,2022-10-26 13:23:41.486837,-0.0008912655971480277,-0.0017825311942959443,-0.05000000000000426,-0.10000000000000142,56.0,56.1,56.05,56.1,355.0,80.0,3133.0,479.0,False,False
006208,2022-10-26 13:23:42.247215,-0.0008912655971480277,-0.0017825311942959443,-0.05000000000000426,-0.10000000000000142,56.0,56.1,56.05,56.1,355.0,80.0,3133.0,479.0,False,False
006208,2022-10-26 13:23:42.247314,-0.0008912655971480277,-0.0017825311942959443,-0.05000000000000426,-0.10000000000000142,56.0,56.1,56.05,56.1,375.0,80.0,3133.0,479.0,False,False
006208,2022-10-26 13:23:42.449344,-0.0008912655971480277,-0.0017825311942959443,-0.05000000000000426,-0.10000000000000142,56.0,56.1,56.05,56.1,375.0,80.0,3133.0,479.0,False,False
006208,2022-10-26 13:23:43.591410,-0.0008912655971480277,-0.0017825311942959443,-0.05000000000000426,-0.10000000000000142,56.0,56.1,56.05,56.1,375.0,80.0,3133.0,479.0,False,False
006208,2022-10-26 13:23:45.014250,-0.0008912655971480277,-0.0017825311942959443,-0.05000000000000426,-0.10000000000000142,56.0,56.1,56.05,56.1,375.0,80.0,3133.0,479.0,False,False
006208,2022-10-26 13:23:45.014387,-0.0008912655971480277,-0.0017825311942959443,-0.05000000000000426,-0.10000000000000142,56.0,56.1,56.05,56.1,375.0,80.0,3133.0,479.0,False,False
006208,2022-10-26 13:23:45.048477,-0.0008912655971480277,-0.0017825311942959443,-0.05000000000000426,-0.10000000000000142,56.0,56.1,56.05,56.1,355.0,80.0,3133.0,479.0,False,False
006208,2022-10-26 13:23:45.410646,-0.0008912655971480277,-0.0017825311942959443,-0.05000000000000426,-0.10000000000000142,56.0,56.1,56.05,56.1,355.0,80.0,3133.0,479.0,False,False
006208,2022-10-26 13:23:45.410774,-0.0008912655971480277,-0.0017825311942959443,-0.05000000000000426,-0.10000000000000142,56.0,56.1,56.05,56.1,355.0,80.0,3133.0,479.0,False,False
006208,2022-10-26 13:23:45.581202,-0.0008912655971480277,-0.0017825311942959443,-0.05000000000000426,-0.10000000000000142,56.0,56.1,56.05,56.1,355.0,80.0,3133.0,479.0,False,False
006208,2022-10-26 13:23:45.792201,-0.0008912655971480277,-0.0017825311942959443,-0.05000000000000426,-0.10000000000000142,56.0,56.1,56.05,56.1,375.0,80.0,3133.0,479.0,False,False
006208,2022-10-26 13:23:45.792272,-0.0008912655971480277,-0.0017825311942959443,-0.05000000000000426,-0.10000000000000142,56.0,56.1,56.05,56.1,375.0,80.0,3133.0,479.0,False,False
006208,2022-10-26 13:23:46.059816,-0.0008912655971480277,-0.0017825311942959443,-0.05000000000000426,-0.10000000000000142,56.0,56.1,56.05,56.1,375.0,80.0,3133.0,479.0,False,False
006208,2022-10-26 13:23:46.066774,-0.0008912655971480277,-0.0017825311942959443,-0.05000000000000426,-0.10000000000000142,56.0,56.1,56.05,56.1,375.0,80.0,3133.0,479.0,False,False
006208,2022-10-26 13:23:46.205329,-0.0008912655971480277,-0.0017825311942959443,-0.05000000000000426,-0.10000000000000142,56.0,56.1,56.05,56.1,375.0,80.0,3133.0,479.0,False,False
006208,2022-10-26 13:23:48.045429,-0.0008912655971480277,-0.0017825311942959443,-0.05000000000000426,-0.10000000000000142,56.0,56.1,56.05,56.1,375.0,5.0,3133.0,479.0,False,False
006208,2022-10-26 13:23:48.046198,-0.0008912655971480277,-0.0017825311942959443,-0.05000000000000426,-0.10000000000000142,56.0,56.1,56.05,56.1,375.0,5.0,3133.0,479.0,False,False
006208,2022-10-26 13:23:49.405452,-0.0008912655971480277,-0.0017825311942959443,-0.05000000000000426,-0.10000000000000142,56.0,56.1,56.05,56.1,375.0,5.0,3133.0,479.0,False,False
006208,2022-10-26 13:23:49.429400,-0.0008912655971480277,-0.0017825311942959443,-0.05000000000000426,-0.10000000000000142,56.0,56.1,56.05,56.1,375.0,5.0,3133.0,479.0,False,False
006208,2022-10-26 13:23:49.770245,-0.0008912655971480277,-0.0017825311942959443,-0.05000000000000426,-0.10000000000000142,56.0,56.1,56.05,56.1,375.0,5.0,3133.0,479.0,False,False
006208,2022-10-26 13:23:50.027301,-0.0008912655971480277,-0.0017825311942959443,-0.05000000000000426,-0.10000000000000142,56.0,56.1,56.05,56.1,375.0,5.0,3133.0,479.0,False,False
006208,2022-10-26 13:23:50.027334,-0.0008912655971480277,-0.0017825311942959443,-0.05000000000000426,-0.10000000000000142,56.0,56.1,56.05,56.1,375.0,5.0,3133.0,479.0,False,False
006208,2022-10-26 13:23:50.048646,-0.0008912655971480277,-0.0017825311942959443,-0.05000000000000426,-0.10000000000000142,56.0,56.1,56.05,56.1,425.0,5.0,3133.0,479.0,False,False
006208,2022-10-26 13:23:50.430926,-0.0008912655971480277,-0.0017825311942959443,-0.05000000000000426,-0.10000000000000142,56.0,56.1,56.05,56.1,425.0,5.0,3133.0,479.0,False,False
006208,2022-10-26 13:23:50.512087,-0.0008912655971480277,-0.0008912655971480277,-0.05000000000000426,-0.05000000000000426,56.05,56.1,56.05,56.1,100.0,5.0,3133.0,479.0,False,False
006208,2022-10-26 13:23:50.669653,-0.0008912655971480277,-0.0008912655971480277,-0.05000000000000426,-0.05000000000000426,56.05,56.1,56.05,56.1,100.0,5.0,3133.0,479.0,False,False
006208,2022-10-26 13:23:50.670052,-0.0008912655971480277,-0.0008912655971480277,-0.05000000000000426,-0.05000000000000426,56.05,56.1,56.05,56.1,100.0,5.0,3133.0,479.0,False,False
006208,2022-10-26 13:23:50.790908,-0.0008912655971480277,-0.0008912655971480277,-0.05000000000000426,-0.05000000000000426,56.05,56.1,56.05,56.1,100.0,5.0,3133.0,479.0,False,False
006208,2022-10-26 13:23:50.937409,-0.0008912655971480277,-0.0008912655971480277,-0.05000000000000426,-0.05000000000000426,56.05,56.1,56.05,56.1,100.0,5.0,3133.0,479.0,False,False
006208,2022-10-26 13:23:51.164892,-0.0008912655971480277,-0.0008912655971480277,-0.05000000000000426,-0.05000000000000426,56.05,56.1,56.05,56.1,100.0,5.0,3133.0,479.0,False,False
006208,2022-10-26 13:23:51.197606,-0.0008912655971480277,-0.0008912655971480277,-0.05000000000000426,-0.05000000000000426,56.05,56.1,56.05,56.1,100.0,5.0,3133.0,479.0,False,False
006208,2022-10-26 13:23:51.302950,-0.0008912655971480277,-0.0008912655971480277,-0.05000000000000426,-0.05000000000000426,56.05,56.1,56.05,56.1,100.0,5.0,3133.0,442.0,True,True
006208,2022-10-26 13:23:51.380205,-0.0008912655971480277,-0.0017825311942959443,-0.05000000000000426,-0.10000000000000142,56.0,56.1,56.05,56.1,415.0,5.0,3133.0,442.0,False,False
006208,2022-10-26 13:23:51.487641,-0.0008912655971480277,-0.0017825311942959443,-0.05000000000000426,-0.10000000000000142,56.0,56.1,56.05,56.1,415.0,5.0,3133.0,442.0,False,False
006208,2022-10-26 13:23:51.617500,-0.0008912655971480277,-0.0017825311942959443,-0.05000000000000426,-0.10000000000000142,56.0,56.1,56.05,56.1,375.0,5.0,3133.0,442.0,False,False
006208,2022-10-26 13:23:51.720535,-0.0008912655971480277,-0.0017825311942959443,-0.05000000000000426,-0.10000000000000142,56.0,56.1,56.05,56.1,375.0,5.0,3133.0,442.0,False,False
006208,2022-10-26 13:23:52.115019,-0.0008912655971480277,-0.0017825311942959443,-0.05000000000000426,-0.10000000000000142,56.0,56.1,56.05,56.1,375.0,5.0,3133.0,442.0,False,False
006208,2022-10-26 13:23:52.144204,-0.0008912655971480277,-0.0017825311942959443,-0.05000000000000426,-0.10000000000000142,56.0,56.1,56.05,56.1,409.0,5.0,3133.0,442.0,False,False
006208,2022-10-26 13:23:52.284271,-0.0008912655971480277,-0.0017825311942959443,-0.05000000000000426,-0.10000000000000142,56.0,56.1,56.05,56.1,409.0,5.0,3133.0,442.0,False,False
006208,2022-10-26 13:23:52.387498,-0.0008912655971480277,-0.0008912655971480277,-0.05000000000000426,-0.05000000000000426,56.05,56.1,56.05,56.1,100.0,5.0,3133.0,442.0,False,False
006208,2022-10-26 13:23:52.501274,-0.0008912655971480277,-0.0017825311942959443,-0.05000000000000426,-0.10000000000000142,56.0,56.1,56.05,56.1,409.0,5.0,3133.0,442.0,False,False
006208,2022-10-26 13:23:53.465063,-0.0008912655971480277,-0.0017825311942959443,-0.05000000000000426,-0.10000000000000142,56.0,56.1,56.05,56.1,409.0,5.0,3133.0,442.0,False,False
006208,2022-10-26 13:23:53.783442,-0.0008912655971480277,-0.0017825311942959443,-0.05000000000000426,-0.10000000000000142,56.0,56.1,56.05,56.1,389.0,5.0,3133.0,442.0,False,False
006208,2022-10-26 13:23:53.783577,-0.0008912655971480277,-0.0017825311942959443,-0.05000000000000426,-0.10000000000000142,56.0,56.1,56.05,56.1,389.0,5.0,3133.0,442.0,False,False
006208,2022-10-26 13:23:53.920019,-0.0008912655971480277,-0.0017825311942959443,-0.05000000000000426,-0.10000000000000142,56.0,56.1,56.05,56.1,389.0,5.0,3133.0,442.0,False,False
006208,2022-10-26 13:23:53.930173,-0.0008912655971480277,-0.0017825311942959443,-0.05000000000000426,-0.10000000000000142,56.0,56.1,56.05,56.1,389.0,5.0,3133.0,442.0,False,False
006208,2022-10-26 13:23:54.358063,-0.0008912655971480277,-0.0017825311942959443,-0.05000000000000426,-0.10000000000000142,56.0,56.1,56.05,56.1,389.0,5.0,3133.0,442.0,False,False
006208,2022-10-26 13:23:54.411537,-0.0008912655971480277,-0.0017825311942959443,-0.05000000000000426,-0.10000000000000142,56.0,56.1,56.05,56.1,355.0,5.0,3133.0,442.0,False,False
006208,2022-10-26 13:23:54.443209,-0.0008912655971480277,-0.0017825311942959443,-0.05000000000000426,-0.10000000000000142,56.0,56.1,56.05,56.1,355.0,5.0,3133.0,442.0,False,False
006208,2022-10-26 13:23:55.214000,-0.0008912655971480277,-0.0017825311942959443,-0.05000000000000426,-0.10000000000000142,56.0,56.1,56.05,56.1,355.0,5.0,3133.0,442.0,False,False
006208,2022-10-26 13:23:55.251558,-0.0008912655971480277,-0.0017825311942959443,-0.05000000000000426,-0.10000000000000142,56.0,56.1,56.05,56.1,355.0,5.0,3133.0,442.0,False,False
006208,2022-10-26 13:23:55.893893,-0.0008912655971480277,-0.0017825311942959443,-0.05000000000000426,-0.10000000000000142,56.0,56.1,56.05,56.1,355.0,5.0,3133.0,442.0,False,False
006208,2022-10-26 13:23:55.894069,-0.0008912655971480277,-0.0017825311942959443,-0.05000000000000426,-0.10000000000000142,56.0,56.1,56.05,56.1,375.0,5.0,3133.0,442.0,False,False
006208,2022-10-26 13:23:56.253037,-0.0008912655971480277,-0.0008912655971480277,-0.05000000000000426,-0.05000000000000426,56.05,56.1,56.05,56.1,100.0,5.0,3133.0,442.0,False,False
006208,2022-10-26 13:23:56.287778,-0.0008912655971480277,-0.0008912655971480277,-0.05000000000000426,-0.05000000000000426,56.05,56.1,56.05,56.1,100.0,5.0,3133.0,442.0,False,False
006208,2022-10-26 13:23:56.315768,-0.0008912655971480277,-0.0008912655971480277,-0.05000000000000426,-0.05000000000000426,56.05,56.1,56.05,56.1,100.0,5.0,3133.0,442.0,False,False
006208,2022-10-26 13:23:56.505079,-0.0008912655971480277,-0.0008912655971480277,-0.05000000000000426,-0.05000000000000426,56.05,56.1,56.05,56.1,100.0,5.0,3133.0,442.0,False,False
006208,2022-10-26 13:23:56.902179,-0.0008912655971480277,-0.0008912655971480277,-0.05000000000000426,-0.05000000000000426,56.05,56.1,56.05,56.1,100.0,5.0,3133.0,442.0,False,False
006208,2022-10-26 13:23:57.474900,-0.0008912655971480277,-0.0008912655971480277,-0.05000000000000426,-0.05000000000000426,56.05,56.1,56.05,56.1,100.0,5.0,3133.0,442.0,False,False
006208,2022-10-26 13:23:57.506169,-0.0008912655971480277,-0.0017825311942959443,-0.05000000000000426,-0.10000000000000142,56.0,56.1,56.05,56.1,415.0,5.0,3133.0,442.0,False,False
006208,2022-10-26 13:23:57.603301,-0.0008912655971480277,-0.0017825311942959443,-0.05000000000000426,-0.10000000000000142,56.0,56.1,56.05,56.1,415.0,5.0,3133.0,442.0,False,False
006208,2022-10-26 13:23:57.702660,-0.0008912655971480277,-0.0017825311942959443,-0.05000000000000426,-0.10000000000000142,56.0,56.1,56.05,56.1,375.0,5.0,3133.0,442.0,False,False
006208,2022-10-26 13:23:57.890627,-0.0008912655971480277,-0.0017825311942959443,-0.05000000000000426,-0.10000000000000142,56.0,56.1,56.05,56.1,375.0,5.0,3133.0,442.0,False,False
006208,2022-10-26 13:23:58.505914,-0.0008912655971480277,-0.0017825311942959443,-0.05000000000000426,-0.10000000000000142,56.0,56.1,56.05,56.1,375.0,5.0,3133.0,442.0,False,False
006208,2022-10-26 13:23:59.110874,-0.0008912655971480277,-0.0017825311942959443,-0.05000000000000426,-0.10000000000000142,56.0,56.1,56.05,56.1,375.0,5.0,3133.0,442.0,False,False
006208,2022-10-26 13:23:59.113123,-0.0008912655971480277,-0.0017825311942959443,-0.05000000000000426,-0.10000000000000142,56.0,56.1,56.05,56.1,375.0,5.0,3133.0,442.0,False,False
006208,2022-10-26 13:23:59.497365,-0.0008912655971480277,-0.0017825311942959443,-0.05000000000000426,-0.10000000000000142,56.0,56.1,56.05,56.1,375.0,5.0,3133.0,442.0,False,False
006208,2022-10-26 13:23:59.825310,-0.0008912655971480277,-0.0017825311942959443,-0.05000000000000426,-0.10000000000000142,56.0,56.1,56.05,56.1,375.0,5.0,3133.0,442.0,False,False
006208,2022-10-26 13:23:59.835396,-0.0008912655971480277,-0.0017825311942959443,-0.05000000000000426,-0.10000000000000142,56.0,56.1,56.05,56.1,375.0,5.0,3133.0,442.0,False,False
006208,2022-10-26 13:24:00.026402,-0.0008912655971480277,-0.0017825311942959443,-0.05000000000000426,-0.10000000000000142,56.0,56.1,56.05,56.1,375.0,5.0,3133.0,442.0,False,False
006208,2022-10-26 13:24:00.183914,-0.0008912655971480277,-0.0017825311942959443,-0.05000000000000426,-0.10000000000000142,56.0,56.1,56.05,56.1,375.0,5.0,3133.0,442.0,False,False
006208,2022-10-26 13:24:00.201818,-0.0008912655971480277,-0.0017825311942959443,-0.05000000000000426,-0.10000000000000142,56.0,56.1,56.05,56.1,375.0,5.0,3133.0,442.0,False,False
006208,2022-10-26 13:24:00.372083,-0.0008912655971480277,-0.0017825311942959443,-0.05000000000000426,-0.10000000000000142,56.0,56.1,56.05,56.1,375.0,5.0,3133.0,442.0,False,False
006208,2022-10-26 13:24:00.539086,-0.0008912655971480277,-0.0017825311942959443,-0.05000000000000426,-0.10000000000000142,56.0,56.1,56.05,56.1,375.0,5.0,3133.0,442.0,False,False
006208,2022-10-26 13:24:00.539163,-0.0008912655971480277,-0.0017825311942959443,-0.05000000000000426,-0.10000000000000142,56.0,56.1,56.05,56.1,375.0,5.0,3133.0,442.0,False,False
006208,2022-10-26 13:24:00.710085,-0.0008912655971480277,-0.0017825311942959443,-0.05000000000000426,-0.10000000000000142,56.0,56.1,56.05,56.1,375.0,5.0,3133.0,442.0,False,False
006208,2022-10-26 13:24:00.812356,-0.0008912655971480277,-0.0017825311942959443,-0.05000000000000426,-0.10000000000000142,56.0,56.1,56.05,56.1,375.0,5.0,3133.0,442.0,False,False
006208,2022-10-26 13:24:01.126327,-0.0008912655971480277,-0.0017825311942959443,-0.05000000000000426,-0.10000000000000142,56.0,56.1,56.05,56.1,375.0,5.0,3133.0,442.0,False,False
006208,2022-10-26 13:24:01.126358,-0.0008912655971480277,-0.0017825311942959443,-0.05000000000000426,-0.10000000000000142,56.0,56.1,56.05,56.1,355.0,5.0,3133.0,442.0,False,False
006208,2022-10-26 13:24:01.361524,-0.0008912655971480277,-0.0017825311942959443,-0.05000000000000426,-0.10000000000000142,56.0,56.1,56.05,56.1,355.0,5.0,3143.0,322.0,True,True
006208,2022-10-26 13:24:02.345184,-0.0008912655971480277,-0.0017825311942959443,-0.05000000000000426,-0.10000000000000142,56.0,56.1,56.05,56.1,355.0,5.0,3143.0,322.0,False,False
006208,2022-10-26 13:24:02.345284,-0.0008912655971480277,-0.0017825311942959443,-0.05000000000000426,-0.10000000000000142,56.0,56.1,56.05,56.1,355.0,5.0,3143.0,322.0,False,False
006208,2022-10-26 13:24:02.430277,-0.0008912655971480277,-0.0017825311942959443,-0.05000000000000426,-0.10000000000000142,56.0,56.1,56.05,56.1,355.0,5.0,3143.0,322.0,False,False
006208,2022-10-26 13:24:02.611812,-0.0008912655971480277,-0.0017825311942959443,-0.05000000000000426,-0.10000000000000142,56.0,56.1,56.05,56.1,355.0,5.0,3143.0,322.0,False,False
006208,2022-10-26 13:24:02.877419,-0.0008912655971480277,-0.0017825311942959443,-0.05000000000000426,-0.10000000000000142,56.0,56.1,56.05,56.1,355.0,5.0,3143.0,322.0,False,False
006208,2022-10-26 13:24:02.884184,-0.0008912655971480277,-0.0017825311942959443,-0.05000000000000426,-0.10000000000000142,56.0,56.1,56.05,56.1,355.0,5.0,3143.0,322.0,False,False
006208,2022-10-26 13:24:04.999331,-0.0008912655971480277,-0.0017825311942959443,-0.05000000000000426,-0.10000000000000142,56.0,56.1,56.05,56.1,355.0,5.0,3143.0,322.0,False,False
006208,2022-10-26 13:24:05.018296,-0.0008912655971480277,-0.0017825311942959443,-0.05000000000000426,-0.10000000000000142,56.0,56.1,56.05,56.1,355.0,5.0,3143.0,322.0,False,False
006208,2022-10-26 13:24:06.019686,-0.0008912655971480277,-0.0017825311942959443,-0.05000000000000426,-0.10000000000000142,56.0,56.1,56.05,56.1,355.0,5.0,3143.0,322.0,False,False
006208,2022-10-26 13:24:06.263117,-0.0008912655971480277,-0.0017825311942959443,-0.05000000000000426,-0.10000000000000142,56.0,56.1,56.05,56.1,355.0,5.0,3143.0,322.0,False,False
006208,2022-10-26 13:24:06.273406,-0.0008912655971480277,-0.0017825311942959443,-0.05000000000000426,-0.10000000000000142,56.0,56.1,56.05,56.1,355.0,5.0,3143.0,322.0,False,False
006208,2022-10-26 13:24:06.456754,-0.0008912655971480277,-0.0017825311942959443,-0.05000000000000426,-0.10000000000000142,56.0,56.1,56.05,56.1,355.0,5.0,3143.0,322.0,False,False
006208,2022-10-26 13:24:06.456869,-0.0008912655971480277,-0.0017825311942959443,-0.05000000000000426,-0.10000000000000142,56.0,56.1,56.05,56.1,375.0,5.0,3143.0,322.0,False,False
006208,2022-10-26 13:24:07.199860,-0.0008912655971480277,-0.0017825311942959443,-0.05000000000000426,-0.10000000000000142,56.0,56.1,56.05,56.1,355.0,5.0,3143.0,322.0,False,False
006208,2022-10-26 13:24:07.199997,-0.0008912655971480277,-0.0017825311942959443,-0.05000000000000426,-0.10000000000000142,56.0,56.1,56.05,56.1,355.0,5.0,3143.0,322.0,False,False
006208,2022-10-26 13:24:07.832157,-0.0008912655971480277,-0.0017825311942959443,-0.05000000000000426,-0.10000000000000142,56.0,56.1,56.05,56.1,355.0,5.0,3143.0,322.0,False,False
006208,2022-10-26 13:24:07.836085,-0.0008912655971480277,-0.0017825311942959443,-0.05000000000000426,-0.10000000000000142,56.0,56.1,56.05,56.1,355.0,5.0,3143.0,322.0,False,False
006208,2022-10-26 13:24:07.967361,-0.0008912655971480277,-0.0017825311942959443,-0.05000000000000426,-0.10000000000000142,56.0,56.1,56.05,56.1,355.0,5.0,3143.0,322.0,False,False
006208,2022-10-26 13:24:08.390948,-0.0008912655971480277,-0.0017825311942959443,-0.05000000000000426,-0.10000000000000142,56.0,56.1,56.05,56.1,355.0,5.0,3143.0,322.0,False,False
006208,2022-10-26 13:24:08.694384,-0.0008912655971480277,-0.0017825311942959443,-0.05000000000000426,-0.10000000000000142,56.0,56.1,56.05,56.1,355.0,5.0,3143.0,322.0,False,False
006208,2022-10-26 13:24:10.010893,-0.0008912655971480277,-0.0017825311942959443,-0.05000000000000426,-0.10000000000000142,56.0,56.1,56.05,56.1,355.0,5.0,3143.0,322.0,False,False
006208,2022-10-26 13:24:10.028844,-0.0008912655971480277,-0.0017825311942959443,-0.05000000000000426,-0.10000000000000142,56.0,56.1,56.05,56.1,355.0,5.0,3143.0,322.0,False,False
006208,2022-10-26 13:24:10.811422,-0.0008912655971480277,-0.0017825311942959443,-0.05000000000000426,-0.10000000000000142,56.0,56.1,56.05,56.1,355.0,5.0,3143.0,322.0,False,False
006208,2022-10-26 13:24:10.838547,-0.0008912655971480277,-0.0017825311942959443,-0.05000000000000426,-0.10000000000000142,56.0,56.1,56.05,56.1,375.0,5.0,3143.0,322.0,False,False
006208,2022-10-26 13:24:11.399634,0.0,-0.003558718861210064,0.0,-0.20000000000000284,56.0,56.1,56.1,56.2,375.0,5.0,608.0,75.0,True,True
006208,2022-10-26 13:24:11.475644,0.0,-0.003558718861210064,0.0,-0.20000000000000284,56.0,56.1,56.1,56.2,375.0,5.0,608.0,75.0,False,False
006208,2022-10-26 13:24:11.522994,0.0,-0.003558718861210064,0.0,-0.20000000000000284,56.0,56.1,56.1,56.2,375.0,5.0,608.0,75.0,False,False
006208,2022-10-26 13:24:11.839527,0.0,-0.003558718861210064,0.0,-0.20000000000000284,56.0,56.1,56.1,56.2,375.0,5.0,608.0,75.0,False,False
006208,2022-10-26 13:24:12.811396,0.0,-0.003558718861210064,0.0,-0.20000000000000284,56.0,56.1,56.1,56.2,375.0,5.0,608.0,75.0,False,False
006208,2022-10-26 13:24:12.811478,0.0,-0.003558718861210064,0.0,-0.20000000000000284,56.0,56.1,56.1,56.2,355.0,5.0,608.0,75.0,False,False
006208,2022-10-26 13:24:12.977429,0.0,-0.003558718861210064,0.0,-0.20000000000000284,56.0,56.1,56.1,56.2,355.0,5.0,608.0,75.0,False,False
006208,2022-10-26 13:24:13.324647,0.0,-0.003558718861210064,0.0,-0.20000000000000284,56.0,56.1,56.1,56.2,355.0,5.0,608.0,75.0,False,False
006208,2022-10-26 13:24:13.405132,0.0,-0.003558718861210064,0.0,-0.20000000000000284,56.0,56.1,56.1,56.2,355.0,5.0,608.0,75.0,False,False
006208,2022-10-26 13:24:13.434652,0.0,-0.003558718861210064,0.0,-0.20000000000000284,56.0,56.1,56.1,56.2,355.0,5.0,608.0,75.0,False,False
006208,2022-10-26 13:24:13.799488,0.0,-0.003558718861210064,0.0,-0.20000000000000284,56.0,56.1,56.1,56.2,355.0,5.0,608.0,75.0,False,False
006208,2022-10-26 13:24:13.807251,0.0,-0.003558718861210064,0.0,-0.20000000000000284,56.0,56.1,56.1,56.2,355.0,5.0,608.0,75.0,False,False
006208,2022-10-26 13:24:14.323687,0.0,-0.003558718861210064,0.0,-0.20000000000000284,56.0,56.1,56.1,56.2,375.0,5.0,608.0,75.0,False,False
006208,2022-10-26 13:24:14.323749,0.0,-0.003558718861210064,0.0,-0.20000000000000284,56.0,56.1,56.1,56.2,375.0,5.0,608.0,75.0,False,False
006208,2022-10-26 13:24:14.539030,0.0,-0.002669039145907548,0.0,-0.15000000000000568,56.05,56.1,56.1,56.2,100.0,5.0,608.0,75.0,False,False
006208,2022-10-26 13:24:14.724307,0.0,-0.002669039145907548,0.0,-0.15000000000000568,56.05,56.1,56.1,56.2,100.0,5.0,608.0,75.0,False,False
006208,2022-10-26 13:24:14.724462,0.0,-0.002669039145907548,0.0,-0.15000000000000568,56.05,56.1,56.1,56.2,100.0,5.0,608.0,75.0,False,False
006208,2022-10-26 13:24:14.823923,0.0,-0.002669039145907548,0.0,-0.15000000000000568,56.05,56.1,56.1,56.2,100.0,5.0,608.0,75.0,False,False
006208,2022-10-26 13:24:15.019517,0.0,-0.002669039145907548,0.0,-0.15000000000000568,56.05,56.1,56.1,56.2,100.0,5.0,608.0,75.0,False,False
006208,2022-10-26 13:24:16.810337,0.0,-0.002669039145907548,0.0,-0.15000000000000568,56.05,56.1,56.1,56.2,100.0,5.0,608.0,75.0,False,False
006208,2022-10-26 13:24:16.810450,0.0,-0.002669039145907548,0.0,-0.15000000000000568,56.05,56.1,56.1,56.2,100.0,5.0,608.0,75.0,False,False
006208,2022-10-26 13:24:17.463699,0.0,-0.002669039145907548,0.0,-0.15000000000000568,56.05,56.1,56.1,56.2,100.0,5.0,608.0,75.0,False,False
006208,2022-10-26 13:24:17.473128,0.0,-0.002669039145907548,0.0,-0.15000000000000568,56.05,56.1,56.1,56.2,100.0,5.0,608.0,75.0,False,False
006208,2022-10-26 13:24:17.774028,0.0,-0.002669039145907548,0.0,-0.15000000000000568,56.05,56.1,56.1,56.2,100.0,5.0,608.0,75.0,False,False
006208,2022-10-26 13:24:18.003371,0.0,-0.002669039145907548,0.0,-0.15000000000000568,56.05,56.1,56.1,56.2,100.0,5.0,608.0,75.0,False,False
006208,2022-10-26 13:24:18.034972,0.0,-0.002669039145907548,0.0,-0.15000000000000568,56.05,56.1,56.1,56.2,100.0,5.0,608.0,75.0,False,False
006208,2022-10-26 13:24:18.075246,0.0,-0.002669039145907548,0.0,-0.15000000000000568,56.05,56.1,56.1,56.2,100.0,5.0,608.0,75.0,False,False
006208,2022-10-26 13:24:18.216119,0.0,-0.002669039145907548,0.0,-0.15000000000000568,56.05,56.1,56.1,56.2,110.0,5.0,608.0,75.0,False,False
006208,2022-10-26 13:24:18.426150,0.0,-0.002669039145907548,0.0,-0.15000000000000568,56.05,56.1,56.1,56.2,110.0,5.0,608.0,75.0,False,False
006208,2022-10-26 13:24:18.426470,0.0,-0.002669039145907548,0.0,-0.15000000000000568,56.05,56.1,56.1,56.2,110.0,5.0,608.0,75.0,False,False
006208,2022-10-26 13:24:18.661947,0.0,-0.002669039145907548,0.0,-0.15000000000000568,56.05,56.1,56.1,56.2,110.0,5.0,608.0,75.0,False,False
006208,2022-10-26 13:24:19.276921,0.0,-0.002669039145907548,0.0,-0.15000000000000568,56.05,56.1,56.1,56.2,110.0,5.0,608.0,75.0,False,False
006208,2022-10-26 13:24:19.287839,0.0,-0.002669039145907548,0.0,-0.15000000000000568,56.05,56.1,56.1,56.2,110.0,5.0,608.0,75.0,False,False
006208,2022-10-26 13:24:19.426593,0.0,-0.002669039145907548,0.0,-0.15000000000000568,56.05,56.1,56.1,56.2,110.0,5.0,608.0,75.0,False,False
006208,2022-10-26 13:24:19.458091,0.0,-0.002669039145907548,0.0,-0.15000000000000568,56.05,56.1,56.1,56.2,10.0,5.0,608.0,75.0,False,False
006208,2022-10-26 13:24:20.034810,0.0,-0.002669039145907548,0.0,-0.15000000000000568,56.05,56.1,56.1,56.2,10.0,5.0,608.0,75.0,False,False
006208,2022-10-26 13:24:20.052963,0.0,-0.002669039145907548,0.0,-0.15000000000000568,56.05,56.1,56.1,56.2,10.0,5.0,608.0,75.0,False,False
006208,2022-10-26 13:24:20.448173,0.0,-0.002669039145907548,0.0,-0.15000000000000568,56.05,56.1,56.1,56.2,10.0,5.0,608.0,75.0,False,False
006208,2022-10-26 13:24:21.659859,0.0,-0.002669039145907548,0.0,-0.15000000000000568,56.05,56.1,56.1,56.2,10.0,5.0,608.0,75.0,False,False
006208,2022-10-26 13:24:21.659892,0.0,-0.002669039145907548,0.0,-0.15000000000000568,56.05,56.1,56.1,56.2,10.0,5.0,608.0,75.0,False,False
006208,2022-10-26 13:24:21.690907,0.0,-0.002669039145907548,0.0,-0.15000000000000568,56.05,56.1,56.1,56.2,10.0,5.0,608.0,75.0,False,False
006208,2022-10-26 13:24:22.692302,0.0,-0.002669039145907548,0.0,-0.15000000000000568,56.05,56.1,56.1,56.2,110.0,5.0,608.0,75.0,False,False
006208,2022-10-26 13:24:22.924614,0.0,-0.002669039145907548,0.0,-0.15000000000000568,56.05,56.1,56.1,56.2,110.0,5.0,608.0,75.0,False,False
006208,2022-10-26 13:24:22.934874,0.0,-0.002669039145907548,0.0,-0.15000000000000568,56.05,56.1,56.1,56.2,110.0,5.0,608.0,75.0,False,False
006208,2022-10-26 13:24:23.127240,0.0,-0.002669039145907548,0.0,-0.15000000000000568,56.05,56.1,56.1,56.2,110.0,5.0,608.0,75.0,False,False
006208,2022-10-26 13:24:23.274354,0.0,-0.002669039145907548,0.0,-0.15000000000000568,56.05,56.1,56.1,56.2,110.0,5.0,608.0,75.0,False,False
006208,2022-10-26 13:24:23.546121,0.0,-0.002669039145907548,0.0,-0.15000000000000568,56.05,56.1,56.1,56.2,110.0,5.0,608.0,75.0,False,False
006208,2022-10-26 13:24:23.555870,0.0,-0.002669039145907548,0.0,-0.15000000000000568,56.05,56.1,56.1,56.2,110.0,5.0,608.0,75.0,False,False
006208,2022-10-26 13:24:23.571434,0.0,-0.002669039145907548,0.0,-0.15000000000000568,56.05,56.1,56.1,56.2,10.0,5.0,608.0,75.0,False,False
006208,2022-10-26 13:24:23.959394,0.0,-0.002669039145907548,0.0,-0.15000000000000568,56.05,56.1,56.1,56.2,10.0,5.0,608.0,75.0,False,False
006208,2022-10-26 13:24:24.572417,0.0,-0.002669039145907548,0.0,-0.15000000000000568,56.05,56.1,56.1,56.2,110.0,5.0,608.0,75.0,False,False
006208,2022-10-26 13:24:24.599924,0.0,-0.002669039145907548,0.0,-0.15000000000000568,56.05,56.1,56.1,56.2,10.0,5.0,608.0,75.0,False,False
006208,2022-10-26 13:24:24.819918,0.0,-0.002669039145907548,0.0,-0.15000000000000568,56.05,56.1,56.1,56.2,10.0,5.0,608.0,75.0,False,False
006208,2022-10-26 13:24:24.824175,0.0,-0.002669039145907548,0.0,-0.15000000000000568,56.05,56.1,56.1,56.2,10.0,5.0,608.0,75.0,False,False
006208,2022-10-26 13:24:25.031837,0.0,-0.002669039145907548,0.0,-0.15000000000000568,56.05,56.1,56.1,56.2,10.0,5.0,608.0,75.0,False,False
006208,2022-10-26 13:24:25.164570,0.0,-0.002669039145907548,0.0,-0.15000000000000568,56.05,56.1,56.1,56.2,10.0,5.0,608.0,75.0,False,False
006208,2022-10-26 13:24:25.261997,0.0,-0.002669039145907548,0.0,-0.15000000000000568,56.05,56.1,56.1,56.2,10.0,5.0,608.0,75.0,False,False
006208,2022-10-26 13:24:25.600954,0.0,-0.002669039145907548,0.0,-0.15000000000000568,56.05,56.1,56.1,56.2,110.0,5.0,608.0,75.0,False,False
006208,2022-10-26 13:24:25.633651,0.0,-0.002669039145907548,0.0,-0.15000000000000568,56.05,56.1,56.1,56.2,10.0,5.0,608.0,75.0,False,False
006208,2022-10-26 13:24:25.913070,0.0,-0.002669039145907548,0.0,-0.15000000000000568,56.05,56.1,56.1,56.2,10.0,5.0,608.0,75.0,False,False
006208,2022-10-26 13:24:25.928030,0.0,-0.002669039145907548,0.0,-0.15000000000000568,56.05,56.1,56.1,56.2,10.0,5.0,608.0,75.0,False,False
006208,2022-10-26 13:24:25.983566,0.0,-0.002669039145907548,0.0,-0.15000000000000568,56.05,56.1,56.1,56.2,10.0,5.0,608.0,75.0,False,False
006208,2022-10-26 13:24:26.175312,0.0,-0.002669039145907548,0.0,-0.15000000000000568,56.05,56.1,56.1,56.2,10.0,4.0,608.0,75.0,False,False
006208,2022-10-26 13:24:26.505870,0.0,-0.002669039145907548,0.0,-0.15000000000000568,56.05,56.1,56.1,56.2,10.0,4.0,608.0,75.0,False,False
006208,2022-10-26 13:24:26.634859,0.0,-0.002669039145907548,0.0,-0.15000000000000568,56.05,56.1,56.1,56.2,10.0,4.0,608.0,75.0,False,False
006208,2022-10-26 13:24:26.782219,0.0,-0.002669039145907548,0.0,-0.15000000000000568,56.05,56.1,56.1,56.2,10.0,4.0,608.0,75.0,False,False
006208,2022-10-26 13:24:26.800153,0.0,-0.002669039145907548,0.0,-0.15000000000000568,56.05,56.1,56.1,56.2,10.0,4.0,608.0,75.0,False,False
006208,2022-10-26 13:24:27.118361,0.0,-0.002669039145907548,0.0,-0.15000000000000568,56.05,56.1,56.1,56.2,10.0,4.0,608.0,75.0,False,False
006208,2022-10-26 13:24:29.375211,0.0,-0.002669039145907548,0.0,-0.15000000000000568,56.05,56.1,56.1,56.2,10.0,4.0,608.0,75.0,False,False
006208,2022-10-26 13:24:29.375439,0.0,-0.002669039145907548,0.0,-0.15000000000000568,56.05,56.1,56.1,56.2,10.0,4.0,608.0,75.0,False,False
006208,2022-10-26 13:24:29.571712,0.0,-0.002669039145907548,0.0,-0.15000000000000568,56.05,56.1,56.1,56.2,10.0,4.0,608.0,75.0,False,False
006208,2022-10-26 13:24:29.908561,0.0,-0.002669039145907548,0.0,-0.15000000000000568,56.05,56.1,56.1,56.2,10.0,4.0,608.0,75.0,False,False
006208,2022-10-26 13:24:29.908666,0.0,-0.002669039145907548,0.0,-0.15000000000000568,56.05,56.1,56.1,56.2,10.0,4.0,608.0,75.0,False,False
006208,2022-10-26 13:24:30.014870,0.0,-0.002669039145907548,0.0,-0.15000000000000568,56.05,56.1,56.1,56.2,10.0,4.0,608.0,75.0,False,False
006208,2022-10-26 13:24:30.288615,0.0,-0.002669039145907548,0.0,-0.15000000000000568,56.05,56.1,56.1,56.2,10.0,4.0,608.0,75.0,False,False
006208,2022-10-26 13:24:30.288737,0.0,-0.002669039145907548,0.0,-0.15000000000000568,56.05,56.1,56.1,56.2,10.0,4.0,608.0,75.0,False,False
006208,2022-10-26 13:24:30.430512,0.0,-0.002669039145907548,0.0,-0.15000000000000568,56.05,56.1,56.1,56.2,10.0,4.0,608.0,75.0,False,False
006208,2022-10-26 13:24:30.547324,0.0,-0.002669039145907548,0.0,-0.15000000000000568,56.05,56.1,56.1,56.2,10.0,4.0,608.0,75.0,False,False
006208,2022-10-26 13:24:30.657641,0.0,-0.002669039145907548,0.0,-0.15000000000000568,56.05,56.1,56.1,56.2,10.0,4.0,608.0,75.0,False,False
006208,2022-10-26 13:24:31.490420,0.0,-0.002669039145907548,0.0,-0.15000000000000568,56.05,56.1,56.1,56.2,10.0,4.0,633.0,75.0,True,True
006208,2022-10-26 13:24:31.794902,0.0,-0.002669039145907548,0.0,-0.15000000000000568,56.05,56.1,56.1,56.2,10.0,4.0,633.0,75.0,False,False
006208,2022-10-26 13:24:34.625128,0.0,-0.002669039145907548,0.0,-0.15000000000000568,56.05,56.1,56.1,56.2,10.0,4.0,633.0,75.0,False,False
006208,2022-10-26 13:24:34.949323,0.0,-0.002669039145907548,0.0,-0.15000000000000568,56.05,56.1,56.1,56.2,10.0,4.0,633.0,75.0,False,False
006208,2022-10-26 13:24:35.035750,0.0,-0.002669039145907548,0.0,-0.15000000000000568,56.05,56.1,56.1,56.2,10.0,4.0,633.0,75.0,False,False
006208,2022-10-26 13:24:35.097626,0.0,-0.002669039145907548,0.0,-0.15000000000000568,56.05,56.1,56.1,56.2,10.0,4.0,633.0,75.0,False,False
006208,2022-10-26 13:24:35.719288,0.0,-0.002669039145907548,0.0,-0.15000000000000568,56.05,56.1,56.1,56.2,10.0,4.0,633.0,75.0,False,False
006208,2022-10-26 13:24:35.797882,0.0,-0.002669039145907548,0.0,-0.15000000000000568,56.05,56.1,56.1,56.2,10.0,4.0,633.0,75.0,False,False
006208,2022-10-26 13:24:36.210383,0.0,-0.002669039145907548,0.0,-0.15000000000000568,56.05,56.1,56.1,56.2,11.0,4.0,633.0,75.0,False,False
006208,2022-10-26 13:24:36.410794,0.0,-0.002669039145907548,0.0,-0.15000000000000568,56.05,56.1,56.1,56.2,11.0,4.0,633.0,75.0,False,False
006208,2022-10-26 13:24:40.022949,0.0,-0.002669039145907548,0.0,-0.15000000000000568,56.05,56.1,56.1,56.2,11.0,4.0,633.0,75.0,False,False
006208,2022-10-26 13:24:41.532939,0.0,-0.002669039145907548,0.0,-0.15000000000000568,56.05,56.1,56.1,56.2,11.0,4.0,811.0,75.0,True,True
006208,2022-10-26 13:24:42.572179,0.0,-0.002669039145907548,0.0,-0.15000000000000568,56.05,56.1,56.1,56.2,11.0,4.0,811.0,75.0,False,False
006208,2022-10-26 13:24:42.582564,0.0,-0.002669039145907548,0.0,-0.15000000000000568,56.05,56.1,56.1,56.2,11.0,4.0,811.0,75.0,False,False
006208,2022-10-26 13:24:43.671629,0.0,-0.002669039145907548,0.0,-0.15000000000000568,56.05,56.1,56.1,56.2,11.0,4.0,811.0,75.0,False,False
006208,2022-10-26 13:24:43.676935,0.0,-0.002669039145907548,0.0,-0.15000000000000568,56.05,56.1,56.1,56.2,11.0,4.0,811.0,75.0,False,False
006208,2022-10-26 13:24:44.597715,0.0,-0.002669039145907548,0.0,-0.15000000000000568,56.05,56.1,56.1,56.2,11.0,4.0,811.0,75.0,False,False
006208,2022-10-26 13:24:45.045955,0.0,-0.002669039145907548,0.0,-0.15000000000000568,56.05,56.1,56.1,56.2,11.0,4.0,811.0,75.0,False,False
006208,2022-10-26 13:24:45.076649,0.0,-0.002669039145907548,0.0,-0.15000000000000568,56.05,56.1,56.1,56.2,11.0,4.0,811.0,75.0,False,False
006208,2022-10-26 13:24:45.084676,0.0,-0.002669039145907548,0.0,-0.15000000000000568,56.05,56.1,56.1,56.2,11.0,4.0,811.0,75.0,False,False
006208,2022-10-26 13:24:45.289908,0.0,-0.002669039145907548,0.0,-0.15000000000000568,56.05,56.1,56.1,56.2,11.0,4.0,811.0,75.0,False,False
006208,2022-10-26 13:24:45.789804,0.0,-0.002669039145907548,0.0,-0.15000000000000568,56.05,56.1,56.1,56.2,11.0,4.0,811.0,75.0,False,False
006208,2022-10-26 13:24:46.376092,0.0,-0.002669039145907548,0.0,-0.15000000000000568,56.05,56.1,56.1,56.2,11.0,4.0,811.0,75.0,False,False
006208,2022-10-26 13:24:46.672617,0.0,-0.002669039145907548,0.0,-0.15000000000000568,56.05,56.1,56.1,56.2,11.0,4.0,811.0,75.0,False,False
006208,2022-10-26 13:24:46.672882,0.0,-0.002669039145907548,0.0,-0.15000000000000568,56.05,56.1,56.1,56.2,11.0,79.0,811.0,75.0,False,False
006208,2022-10-26 13:24:46.776843,0.0,-0.002669039145907548,0.0,-0.15000000000000568,56.05,56.1,56.1,56.2,21.0,79.0,811.0,75.0,False,False
006208,2022-10-26 13:24:51.292221,0.0,-0.002669039145907548,0.0,-0.15000000000000568,56.05,56.1,56.1,56.2,21.0,79.0,811.0,75.0,False,False
006208,2022-10-26 13:24:51.318258,0.0,-0.002669039145907548,0.0,-0.15000000000000568,56.05,56.1,56.1,56.2,21.0,79.0,811.0,75.0,False,False
006208,2022-10-26 13:24:51.569651,-0.0008912655971480277,-0.0008912655971480277,-0.05000000000000426,-0.05000000000000426,56.05,56.1,56.05,56.1,21.0,79.0,3143.0,89.0,True,True
006208,2022-10-26 13:24:54.993382,-0.0008912655971480277,-0.0008912655971480277,-0.05000000000000426,-0.05000000000000426,56.05,56.1,56.05,56.1,21.0,79.0,3143.0,89.0,False,False
006208,2022-10-26 13:24:55.184281,-0.0008912655971480277,-0.0008912655971480277,-0.05000000000000426,-0.05000000000000426,56.05,56.1,56.05,56.1,21.0,79.0,3143.0,89.0,False,False
006208,2022-10-26 13:24:55.274088,-0.0008912655971480277,-0.0008912655971480277,-0.05000000000000426,-0.05000000000000426,56.05,56.1,56.05,56.1,21.0,79.0,3143.0,89.0,False,False
006208,2022-10-26 13:24:55.321699,-0.0008912655971480277,-0.0008912655971480277,-0.05000000000000426,-0.05000000000000426,56.05,56.1,56.05,56.1,21.0,79.0,3143.0,89.0,False,False
006208,2022-10-26 13:24:58.222024,-0.0008912655971480277,-0.0008912655971480277,-0.05000000000000426,-0.05000000000000426,56.05,56.1,56.05,56.1,21.0,79.0,3143.0,89.0,False,False
006208,2022-10-26 13:24:58.232199,-0.0008912655971480277,-0.0008912655971480277,-0.05000000000000426,-0.05000000000000426,56.05,56.1,56.05,56.1,21.0,79.0,3143.0,89.0,False,False
006208,2022-10-26 13:24:58.505115,-0.0008912655971480277,-0.0008912655971480277,-0.05000000000000426,-0.05000000000000426,56.05,56.1,56.05,56.1,21.0,79.0,3143.0,89.0,False,False
006208,2022-10-26 13:24:58.991306,-0.0008912655971480277,-0.0008912655971480277,-0.05000000000000426,-0.05000000000000426,56.05,56.1,56.05,56.1,21.0,79.0,3143.0,89.0,False,False
006208,2022-10-26 13:24:59.985279,-0.0008912655971480277,-0.0008912655971480277,-0.05000000000000426,-0.05000000000000426,56.05,56.1,56.05,56.1,21.0,79.0,3143.0,89.0,False,False
006208,2022-10-26 13:24:59.991140,-0.0008912655971480277,-0.0008912655971480277,-0.05000000000000426,-0.05000000000000426,56.05,56.1,56.05,56.1,21.0,79.0,3143.0,89.0,False,False
006208,2022-10-26 13:25:02.678828,-0.0008912655971480277,-0.0008912655971480277,-0.05000000000000426,-0.05000000000000426,56.05,56.1,56.05,56.1,21.0,17.0,3143.0,89.0,True,False
006208,2022-10-26 13:25:07.867520,-0.0008912655971480277,-0.0008912655971480277,-0.05000000000000426,-0.05000000000000426,56.05,56.1,56.05,56.1,91.0,27.0,3143.0,89.0,True,False
006208,2022-10-26 13:25:10.959504,-0.0008912655971480277,-0.0008912655971480277,-0.05000000000000426,-0.05000000000000426,56.05,56.1,56.05,56.1,91.0,27.0,3143.0,74.0,False,True
006208,2022-10-26 13:25:13.062014,-0.0008912655971480277,-0.0008912655971480277,-0.05000000000000426,-0.05000000000000426,56.05,56.1,56.05,56.1,191.0,27.0,3143.0,74.0,True,False
006208,2022-10-26 13:25:18.063353,-0.0017809439002671734,0.0,-0.10000000000000142,0.0,56.1,56.15,56.05,56.1,49.0,154.0,3143.0,74.0,True,False
006208,2022-10-26 13:25:20.972061,-0.0008904719501334757,-0.001779359430605032,-0.04999999999999716,-0.10000000000000142,56.1,56.15,56.1,56.2,49.0,154.0,106.0,75.0,True,True
006208,2022-10-26 13:25:23.069250,-0.0008904719501334757,-0.001779359430605032,-0.04999999999999716,-0.10000000000000142,56.1,56.15,56.1,56.2,51.0,304.0,106.0,75.0,True,False
006208,2022-10-26 13:25:28.074361,0.0,-0.002669039145907548,0.0,-0.15000000000000568,56.05,56.1,56.1,56.2,55.0,115.0,106.0,75.0,True,False
006208,2022-10-26 13:25:30.990875,0.0,-0.003555555555555645,0.0,-0.20000000000000284,56.05,56.1,56.1,56.25,55.0,115.0,180.0,1647.0,True,True
006208,2022-10-26 13:25:33.081733,-0.0008904719501334757,-0.002666666666666595,-0.04999999999999716,-0.14999999999999858,56.1,56.15,56.1,56.25,120.0,119.0,180.0,1647.0,True,False
006208,2022-10-26 13:25:38.092182,-0.0008904719501334757,-0.002666666666666595,-0.04999999999999716,-0.14999999999999858,56.1,56.15,56.1,56.25,180.0,153.0,180.0,1647.0,True,False
006208,2022-10-26 13:25:41.019317,0.0,-0.002666666666666595,0.0,-0.14999999999999858,56.1,56.15,56.15,56.25,180.0,153.0,100.0,541.0,True,True
006208,2022-10-26 13:25:43.103463,0.0,-0.002666666666666595,0.0,-0.14999999999999858,56.1,56.15,56.15,56.25,183.0,97.0,100.0,541.0,True,False
006208,2022-10-26 13:25:48.115577,0.0,-0.002666666666666595,0.0,-0.14999999999999858,56.1,56.15,56.15,56.25,178.0,153.0,100.0,541.0,True,False
006208,2022-10-26 13:25:51.048548,0.0,-0.002666666666666595,0.0,-0.14999999999999858,56.1,56.15,56.15,56.25,178.0,153.0,100.0,541.0,True,True
006208,2022-10-26 13:25:53.128289,0.0,-0.002666666666666595,0.0,-0.14999999999999858,56.1,56.15,56.15,56.25,179.0,153.0,100.0,541.0,True,False
006208,2022-10-26 13:25:58.139815,0.0,-0.002666666666666595,0.0,-0.14999999999999858,56.1,56.15,56.15,56.25,179.0,153.0,100.0,541.0,True,False
006208,2022-10-26 13:26:01.084817,0.0,-0.002666666666666595,0.0,-0.14999999999999858,56.1,56.15,56.15,56.25,179.0,153.0,100.0,541.0,True,True
006208,2022-10-26 13:26:03.152359,0.0,-0.002666666666666595,0.0,-0.14999999999999858,56.1,56.15,56.15,56.25,184.0,98.0,100.0,541.0,True,False
006208,2022-10-26 13:26:08.162994,0.0,-0.002666666666666595,0.0,-0.14999999999999858,56.1,56.15,56.15,56.25,184.0,100.0,100.0,541.0,True,False
006208,2022-10-26 13:26:11.112043,0.0,-0.002666666666666595,0.0,-0.14999999999999858,56.1,56.15,56.15,56.25,184.0,100.0,100.0,331.0,True,True
006208,2022-10-26 13:26:13.175818,0.0,-0.002666666666666595,0.0,-0.14999999999999858,56.1,56.15,56.15,56.25,184.0,101.0,100.0,331.0,True,False
006208,2022-10-26 13:26:18.190770,0.0,-0.002666666666666595,0.0,-0.14999999999999858,56.1,56.15,56.15,56.25,184.0,102.0,100.0,331.0,True,False
006208,2022-10-26 13:26:21.141233,0.0,-0.002666666666666595,0.0,-0.14999999999999858,56.1,56.15,56.15,56.25,184.0,102.0,100.0,331.0,True,True
006208,2022-10-26 13:26:23.203744,0.0,-0.002666666666666595,0.0,-0.14999999999999858,56.1,56.15,56.15,56.25,64.0,102.0,100.0,331.0,True,False
006208,2022-10-26 13:26:28.216774,0.0008912655971478056,-0.003555555555555645,0.04999999999999716,-0.20000000000000284,56.05,56.1,56.15,56.25,55.0,26.0,100.0,331.0,True,False
006208,2022-10-26 13:26:31.168512,0.0008912655971478056,-0.003555555555555645,0.04999999999999716,-0.20000000000000284,56.05,56.1,56.15,56.25,55.0,26.0,200.0,391.0,True,True
006208,2022-10-26 13:26:33.230700,0.0008912655971478056,-0.003555555555555645,0.04999999999999716,-0.20000000000000284,56.05,56.1,56.15,56.25,21.0,26.0,200.0,391.0,True,False
006208,2022-10-26 13:26:38.243936,0.0,-0.002666666666666595,0.0,-0.14999999999999858,56.1,56.15,56.15,56.25,59.0,136.0,200.0,391.0,True,False
006208,2022-10-26 13:26:41.196567,0.0008904719501336977,-0.002666666666666595,0.05000000000000426,-0.14999999999999858,56.1,56.15,56.2,56.25,59.0,136.0,260.0,623.0,True,True
006208,2022-10-26 13:26:43.256014,0.0008904719501336977,-0.002666666666666595,0.05000000000000426,-0.14999999999999858,56.1,56.15,56.2,56.25,69.0,136.0,260.0,623.0,True,False
006208,2022-10-26 13:26:48.271177,0.0008904719501336977,-0.002666666666666595,0.05000000000000426,-0.14999999999999858,56.1,56.15,56.2,56.25,2.0,186.0,260.0,623.0,True,False
006208,2022-10-26 13:26:51.221430,0.0008904719501336977,-0.002666666666666595,0.05000000000000426,-0.14999999999999858,56.1,56.15,56.2,56.25,2.0,186.0,260.0,1650.0,True,True
006208,2022-10-26 13:26:53.285325,0.0017825311942958333,-0.003555555555555645,0.10000000000000142,-0.20000000000000284,56.05,56.1,56.2,56.25,55.0,98.0,260.0,1650.0,True,False
006208,2022-10-26 13:26:58.299468,0.0017825311942958333,-0.003555555555555645,0.10000000000000142,-0.20000000000000284,56.05,56.1,56.2,56.25,21.0,107.0,260.0,1650.0,True,False
006208,2022-10-26 13:27:01.253765,0.0017825311942958333,-0.003555555555555645,0.10000000000000142,-0.20000000000000284,56.05,56.1,56.2,56.25,21.0,107.0,260.0,1710.0,True,True
006208,2022-10-26 13:27:08.325733,0.0017825311942958333,-0.003555555555555645,0.10000000000000142,-0.20000000000000284,56.05,56.1,56.2,56.25,91.0,6.0,260.0,1710.0,True,False
006208,2022-10-26 13:27:11.281603,0.0017825311942958333,-0.003555555555555645,0.10000000000000142,-0.20000000000000284,56.05,56.1,56.2,56.25,91.0,6.0,260.0,515.0,True,True
006208,2022-10-26 13:27:13.339898,0.0017825311942958333,-0.003555555555555645,0.10000000000000142,-0.20000000000000284,56.05,56.1,56.2,56.25,91.0,4.0,260.0,515.0,True,False
006208,2022-10-26 13:27:18.350998,0.0017825311942958333,-0.003555555555555645,0.10000000000000142,-0.20000000000000284,56.05,56.1,56.2,56.25,92.0,4.0,260.0,515.0,True,False
006208,2022-10-26 13:27:21.310681,0.0017825311942958333,-0.003555555555555645,0.10000000000000142,-0.20000000000000284,56.05,56.1,56.2,56.25,92.0,4.0,260.0,989.0,True,True
006208,2022-10-26 13:27:23.364152,0.0017825311942958333,-0.003555555555555645,0.10000000000000142,-0.20000000000000284,56.05,56.1,56.2,56.25,92.0,2.0,260.0,989.0,True,False
006208,2022-10-26 13:27:31.337777,0.0017825311942958333,-0.003555555555555645,0.10000000000000142,-0.20000000000000284,56.05,56.1,56.2,56.25,92.0,2.0,360.0,961.0,True,True
006208,2022-10-26 13:27:33.392484,0.0008904719501336977,-0.002666666666666595,0.05000000000000426,-0.14999999999999858,56.1,56.15,56.2,56.25,58.0,136.0,360.0,961.0,True,False
006208,2022-10-26 13:27:38.403569,0.0008904719501336977,-0.002666666666666595,0.05000000000000426,-0.14999999999999858,56.1,56.15,56.2,56.25,8.0,136.0,360.0,961.0,True,False
006208,2022-10-26 13:27:41.367228,0.0008904719501336977,-0.002666666666666595,0.05000000000000426,-0.14999999999999858,56.1,56.15,56.2,56.25,8.0,136.0,360.0,989.0,True,True
006208,2022-10-26 13:27:43.416721,0.0008904719501336977,-0.002666666666666595,0.05000000000000426,-0.14999999999999858,56.1,56.15,56.2,56.25,8.0,136.0,360.0,989.0,True,False
006208,2022-10-26 13:27:48.428429,0.0008904719501336977,-0.002666666666666595,0.05000000000000426,-0.14999999999999858,56.1,56.15,56.2,56.25,68.0,136.0,360.0,989.0,True,False
006208,2022-10-26 13:27:51.394967,0.0008904719501336977,-0.002666666666666595,0.05000000000000426,-0.14999999999999858,56.1,56.15,56.2,56.25,68.0,136.0,360.0,989.0,True,True
006208,2022-10-26 13:27:53.442003,0.0008904719501336977,-0.002666666666666595,0.05000000000000426,-0.14999999999999858,56.1,56.15,56.2,56.25,68.0,136.0,360.0,989.0,True,False
006208,2022-10-26 13:27:58.454123,0.0008904719501336977,-0.002666666666666595,0.05000000000000426,-0.14999999999999858,56.1,56.15,56.2,56.25,68.0,136.0,360.0,989.0,True,False
006208,2022-10-26 13:28:03.467256,0.0017825311942958333,-0.003555555555555645,0.10000000000000142,-0.20000000000000284,56.05,56.1,56.2,56.25,96.0,2.0,360.0,989.0,True,False
006208,2022-10-26 13:28:08.481425,0.0017825311942958333,-0.003555555555555645,0.10000000000000142,-0.20000000000000284,56.05,56.1,56.2,56.25,62.0,2.0,360.0,989.0,True,False
006208,2022-10-26 13:28:11.051969,0.0017825311942958333,-0.003555555555555645,0.10000000000000142,-0.20000000000000284,56.05,56.1,56.2,56.25,62.0,2.0,360.0,889.0,False,True
006208,2022-10-26 13:28:13.493550,0.0017825311942958333,-0.003555555555555645,0.10000000000000142,-0.20000000000000284,56.05,56.1,56.2,56.25,62.0,2.0,360.0,889.0,True,False
006208,2022-10-26 13:28:18.506696,0.0017825311942958333,-0.003555555555555645,0.10000000000000142,-0.20000000000000284,56.05,56.1,56.2,56.25,62.0,2.0,360.0,889.0,True,False
006208,2022-10-26 13:28:21.077045,0.0017825311942958333,-0.003555555555555645,0.10000000000000142,-0.20000000000000284,56.05,56.1,56.2,56.25,62.0,2.0,360.0,889.0,True,True
006208,2022-10-26 13:28:23.519837,0.0017825311942958333,-0.003555555555555645,0.10000000000000142,-0.20000000000000284,56.05,56.1,56.2,56.25,32.0,2.0,360.0,889.0,True,False
006208,2022-10-26 13:28:28.531960,0.0017825311942958333,-0.003555555555555645,0.10000000000000142,-0.20000000000000284,56.05,56.1,56.2,56.25,32.0,2.0,360.0,889.0,True,False
006208,2022-10-26 13:28:31.109130,0.0017825311942958333,-0.003555555555555645,0.10000000000000142,-0.20000000000000284,56.05,56.1,56.2,56.25,32.0,2.0,360.0,937.0,True,True
006208,2022-10-26 13:28:33.545106,0.0008904719501336977,-0.002666666666666595,0.05000000000000426,-0.14999999999999858,56.1,56.15,56.2,56.25,69.0,108.0,360.0,937.0,True,False
006208,2022-10-26 13:28:38.558286,0.0008904719501336977,-0.002666666666666595,0.05000000000000426,-0.14999999999999858,56.1,56.15,56.2,56.25,69.0,108.0,360.0,937.0,True,False
006208,2022-10-26 13:28:41.137163,0.0,-0.001779359430605032,0.0,-0.10000000000000142,56.1,56.15,56.15,56.2,69.0,108.0,260.0,540.0,True,True
006208,2022-10-26 13:28:48.586602,0.0,-0.001779359430605032,0.0,-0.10000000000000142,56.1,56.15,56.15,56.2,70.0,108.0,260.0,540.0,True,False
006208,2022-10-26 13:28:51.163172,0.0,-0.001779359430605032,0.0,-0.10000000000000142,56.1,56.15,56.15,56.2,70.0,108.0,260.0,59.0,True,True
006208,2022-10-26 13:28:53.599745,0.0,-0.001779359430605032,0.0,-0.10000000000000142,56.1,56.15,56.15,56.2,70.0,107.0,260.0,59.0,True,False
006208,2022-10-26 13:28:58.612916,0.0,-0.001779359430605032,0.0,-0.10000000000000142,56.1,56.15,56.15,56.2,70.0,108.0,260.0,59.0,True,False
006208,2022-10-26 13:29:01.196414,0.0,-0.001779359430605032,0.0,-0.10000000000000142,56.1,56.15,56.15,56.2,70.0,108.0,260.0,59.0,True,True
006208,2022-10-26 13:29:03.627057,0.0,-0.001779359430605032,0.0,-0.10000000000000142,56.1,56.15,56.15,56.2,69.0,107.0,260.0,59.0,True,False
006208,2022-10-26 13:29:08.640204,0.0,-0.001779359430605032,0.0,-0.10000000000000142,56.1,56.15,56.15,56.2,69.0,106.0,260.0,59.0,True,False
006208,2022-10-26 13:29:11.225475,0.0,-0.001779359430605032,0.0,-0.10000000000000142,56.1,56.15,56.15,56.2,69.0,106.0,260.0,48.0,True,True
006208,2022-10-26 13:29:13.652328,0.0,-0.001779359430605032,0.0,-0.10000000000000142,56.1,56.15,56.15,56.2,69.0,106.0,260.0,48.0,True,False
006208,2022-10-26 13:29:18.665476,0.0,-0.001779359430605032,0.0,-0.10000000000000142,56.1,56.15,56.15,56.2,79.0,106.0,260.0,48.0,True,False
006208,2022-10-26 13:29:23.678621,0.0,-0.001779359430605032,0.0,-0.10000000000000142,56.1,56.15,56.15,56.2,79.0,106.0,260.0,48.0,True,False
006208,2022-10-26 13:29:28.692798,0.0,-0.001779359430605032,0.0,-0.10000000000000142,56.1,56.15,56.15,56.2,79.0,106.0,260.0,48.0,True,False
006208,2022-10-26 13:29:31.283644,0.0,-0.001779359430605032,0.0,-0.10000000000000142,56.1,56.15,56.15,56.2,79.0,106.0,260.0,149.0,True,True
006208,2022-10-26 13:29:33.706958,0.0,-0.001779359430605032,0.0,-0.10000000000000142,56.1,56.15,56.15,56.2,79.0,105.0,260.0,149.0,True,False
006208,2022-10-26 13:29:38.721130,0.0,-0.001779359430605032,0.0,-0.10000000000000142,56.1,56.15,56.15,56.2,79.0,105.0,260.0,149.0,True,False
006208,2022-10-26 13:29:41.316837,0.0,-0.001779359430605032,0.0,-0.10000000000000142,56.1,56.15,56.15,56.2,79.0,105.0,260.0,177.0,True,True
006208,2022-10-26 13:29:43.735306,0.0,-0.001779359430605032,0.0,-0.10000000000000142,56.1,56.15,56.15,56.2,79.0,105.0,260.0,177.0,True,False
006208,2022-10-26 13:29:51.366405,0.0008904719501336977,-0.002666666666666595,0.05000000000000426,-0.14999999999999858,56.1,56.15,56.2,56.25,79.0,105.0,373.0,909.0,True,True
006208,2022-10-26 13:29:53.771472,0.0008904719501336977,-0.002666666666666595,0.05000000000000426,-0.14999999999999858,56.1,56.15,56.2,56.25,69.0,115.0,373.0,909.0,True,False
006208,2022-10-26 13:29:58.828915,0.0008904719501336977,-0.002666666666666595,0.05000000000000426,-0.14999999999999858,56.1,56.15,56.2,56.25,69.0,131.0,373.0,909.0,True,False
006208,2022-10-26 13:30:00.000000,0.0008904719501336977,-0.002666666666666595,0.05000000000000426,-0.14999999999999858,56.1,56.15,56.2,56.25,69.0,131.0,373.0,909.0,False,False
006208,2022-10-26 13:30:00.000000,0.0008904719501336977,-0.002666666666666595,0.05000000000000426,-0.14999999999999858,56.1,56.15,56.2,56.25,69.0,131.0,873.0,909.0,False,True
006208,2022-10-26 13:30:00.000000,0.0008904719501336977,-0.002666666666666595,0.05000000000000426,-0.14999999999999858,56.1,56.15,56.2,56.25,69.0,131.0,873.0,909.0,False,False
006208,2022-10-26 14:30:00.000000,0.0008904719501336977,-0.002666666666666595,0.05000000000000426,-0.14999999999999858,56.1,56.15,56.2,56.25,69.0,131.0,873.0,909.0,False,False
006208,2022-10-26 14:30:00.000000,0.0008904719501336977,-0.002666666666666595,0.05000000000000426,-0.14999999999999858,56.1,56.15,56.2,56.25,69.0,131.0,873.0,909.0,False,False
